region,horizon,policy,budget,family,seed,event,timely_recall,false_plus_late_per_match,false_per_match,late_per_match
overall,30,deterministic,0.25,leagueews,20260930,baron,0.09071274298056156,0.209,0.12533333333333332,0.08366666666666667
overall,30,deterministic,0.25,leagueews,20261001,baron,0.08731872878741129,0.18633333333333332,0.106,0.08033333333333334
overall,30,deterministic,0.25,leagueews,20261002,baron,0.08824436902190681,0.21433333333333332,0.13233333333333333,0.082
overall,30,deterministic,0.25,leagueews,20260930,dragon,0.02312648954011828,0.145,0.05,0.095
overall,30,deterministic,0.25,leagueews,20261001,dragon,0.03230647012092859,0.19466666666666665,0.07066666666666667,0.124
overall,30,deterministic,0.25,leagueews,20261002,dragon,0.02524494659722835,0.15833333333333333,0.058333333333333334,0.1
overall,30,deterministic,0.25,leagueews,20260930,teamfight,0.008891134124778984,0.19866666666666666,0.124,0.07466666666666667
overall,30,deterministic,0.25,leagueews,20261001,teamfight,0.005910583480676939,0.153,0.09066666666666667,0.06233333333333333
overall,30,deterministic,0.25,leagueews,20261002,teamfight,0.008234402626925992,0.17366666666666666,0.10766666666666666,0.066
overall,30,deterministic,0.25,leagueews,20260930,macro,0.040910122215152944,0.1842222222222222,0.09977777777777778,0.08444444444444445
overall,30,deterministic,0.25,leagueews,20261001,macro,0.041845260796338934,0.17800000000000002,0.0891111111111111,0.08888888888888889
overall,30,deterministic,0.25,leagueews,20261002,macro,0.04057457274868705,0.1821111111111111,0.09944444444444445,0.08266666666666667
overall,30,deterministic,0.25,gru,20260930,baron,0.04288799753162604,0.207,0.17033333333333334,0.03666666666666667
overall,30,deterministic,0.25,gru,20261001,baron,0.04196235729713051,0.16233333333333333,0.12466666666666666,0.03766666666666667
overall,30,deterministic,0.25,gru,20261002,baron,0.02252391237272447,0.146,0.12733333333333333,0.018666666666666668
overall,30,deterministic,0.25,gru,20260930,dragon,0.024185718068673315,0.16233333333333333,0.13133333333333333,0.031
overall,30,deterministic,0.25,gru,20261001,dragon,0.022596875275840762,0.21166666666666667,0.19433333333333333,0.017333333333333333
overall,30,deterministic,0.25,gru,20261002,dragon,0.009356518668902816,0.07233333333333333,0.06433333333333334,0.008
overall,30,deterministic,0.25,gru,20260930,teamfight,0.005759030058095479,0.13666666666666666,0.101,0.035666666666666666
overall,30,deterministic,0.25,gru,20261001,teamfight,0.007224046476382925,0.176,0.13866666666666666,0.037333333333333336
overall,30,deterministic,0.25,gru,20261002,teamfight,0.005809547865622632,0.16166666666666665,0.13166666666666665,0.03
overall,30,deterministic,0.25,gru,20260930,macro,0.024277581886131615,0.16866666666666666,0.13422222222222221,0.034444444444444444
overall,30,deterministic,0.25,gru,20261001,macro,0.02392775968311807,0.18333333333333335,0.15255555555555556,0.03077777777777778
overall,30,deterministic,0.25,gru,20261002,macro,0.01256332630241664,0.12666666666666668,0.10777777777777776,0.01888888888888889
overall,30,deterministic,0.25,tcn,20260930,baron,0.08701018204257945,0.22366666666666668,0.14066666666666666,0.083
overall,30,deterministic,0.25,tcn,20261001,baron,0.08762727553224313,0.22633333333333333,0.14333333333333334,0.083
overall,30,deterministic,0.25,tcn,20261002,baron,0.08639308855291576,0.219,0.139,0.08
overall,30,deterministic,0.25,tcn,20260930,dragon,0.024538794244858327,0.15966666666666668,0.05333333333333334,0.10633333333333334
overall,30,deterministic,0.25,tcn,20261001,dragon,0.021449377703239472,0.13533333333333333,0.04533333333333334,0.09
overall,30,deterministic,0.25,tcn,20261002,dragon,0.035748962838732454,0.215,0.087,0.128
overall,30,deterministic,0.25,tcn,20260930,teamfight,0.0072745642839100785,0.15,0.09033333333333333,0.059666666666666666
overall,30,deterministic,0.25,tcn,20261001,teamfight,0.008891134124778984,0.2,0.128,0.072
overall,30,deterministic,0.25,tcn,20261002,teamfight,0.010911846425865117,0.23833333333333334,0.15066666666666667,0.08766666666666667
overall,30,deterministic,0.25,tcn,20260930,macro,0.03960784685711595,0.17777777777777778,0.09477777777777778,0.083
overall,30,deterministic,0.25,tcn,20261001,macro,0.039322595786753865,0.18722222222222226,0.10555555555555556,0.08166666666666667
overall,30,deterministic,0.25,tcn,20261002,macro,0.044351299272504446,0.22411111111111112,0.12555555555555556,0.09855555555555556
overall,30,deterministic,0.25,snapshot,20260930,baron,0.06942301758716446,0.21666666666666667,0.147,0.06966666666666667
overall,30,deterministic,0.25,snapshot,20261001,baron,0.06386917618019129,0.19733333333333333,0.12866666666666668,0.06866666666666667
overall,30,deterministic,0.25,snapshot,20261002,baron,0.08083924714594261,0.24266666666666667,0.16866666666666666,0.074
overall,30,deterministic,0.25,snapshot,20260930,dragon,0.017565539765204342,0.123,0.049,0.074
overall,30,deterministic,0.25,snapshot,20261001,dragon,0.01509400653190926,0.10566666666666667,0.04133333333333333,0.06433333333333334
overall,30,deterministic,0.25,snapshot,20261002,dragon,0.01685938741283432,0.12066666666666667,0.048,0.07266666666666667
overall,30,deterministic,0.25,snapshot,20260930,teamfight,0.0055569588279868656,0.15133333333333332,0.10166666666666667,0.049666666666666665
overall,30,deterministic,0.25,snapshot,20261001,teamfight,0.008840616317251832,0.23766666666666666,0.16966666666666666,0.068
overall,30,deterministic,0.25,snapshot,20261002,teamfight,0.005708512250568325,0.15466666666666667,0.10333333333333333,0.051333333333333335
overall,30,deterministic,0.25,snapshot,20260930,macro,0.030848505393451884,0.16366666666666665,0.09922222222222223,0.06444444444444444
overall,30,deterministic,0.25,snapshot,20261001,macro,0.029267933009784128,0.1802222222222222,0.11322222222222222,0.067
overall,30,deterministic,0.25,snapshot,20261002,macro,0.034469048936448414,0.17266666666666666,0.10666666666666667,0.066
overall,30,deterministic,0.25,current_only,20260930,baron,0.07651959271829682,0.22933333333333333,0.15233333333333332,0.077
overall,30,deterministic,0.25,current_only,20261001,baron,0.08176488738043813,0.24133333333333334,0.16433333333333333,0.077
overall,30,deterministic,0.25,current_only,20261002,baron,0.07435976550447393,0.21833333333333332,0.144,0.07433333333333333
overall,30,deterministic,0.25,current_only,20260930,dragon,0.018801306381851884,0.124,0.043,0.081
overall,30,deterministic,0.25,current_only,20261001,dragon,0.02427398711271957,0.14533333333333334,0.052333333333333336,0.093
overall,30,deterministic,0.25,current_only,20261002,dragon,0.019595727778268162,0.13533333333333333,0.04633333333333333,0.089
overall,30,deterministic,0.25,current_only,20260930,teamfight,0.01005304369790351,0.26166666666666666,0.186,0.07566666666666666
overall,30,deterministic,0.25,current_only,20261001,teamfight,0.006718868401111392,0.16566666666666666,0.11,0.05566666666666667
overall,30,deterministic,0.25,current_only,20261002,teamfight,0.006466279363475626,0.15,0.10233333333333333,0.04766666666666667
overall,30,deterministic,0.25,current_only,20260930,macro,0.03512464759935074,0.205,0.1271111111111111,0.07788888888888888
overall,30,deterministic,0.25,current_only,20261001,macro,0.0375859142980897,0.18411111111111111,0.10888888888888888,0.07522222222222222
overall,30,deterministic,0.25,current_only,20261002,macro,0.03347392421540591,0.1678888888888889,0.09755555555555555,0.07033333333333333
overall,30,deterministic,0.25,independent,20260930,baron,0.09194692995988893,0.22666666666666666,0.141,0.08566666666666667
overall,30,deterministic,0.25,independent,20261001,baron,0.09626658438753471,0.23133333333333334,0.143,0.08833333333333333
overall,30,deterministic,0.25,independent,20261002,baron,0.08269052761493366,0.17866666666666667,0.10233333333333333,0.07633333333333334
overall,30,deterministic,0.25,independent,20260930,dragon,0.03645511519110248,0.24566666666666667,0.1,0.14566666666666667
overall,30,deterministic,0.25,independent,20261001,dragon,0.03257127725306735,0.20466666666666666,0.08566666666666667,0.119
overall,30,deterministic,0.25,independent,20261002,dragon,0.020919763438961955,0.13633333333333333,0.050333333333333334,0.086
overall,30,deterministic,0.25,independent,20260930,teamfight,0.0049002273301338726,0.14033333333333334,0.08166666666666667,0.058666666666666666
overall,30,deterministic,0.25,independent,20261001,teamfight,0.005203334175296792,0.14,0.07966666666666666,0.060333333333333336
overall,30,deterministic,0.25,independent,20261002,teamfight,0.006415761555948472,0.141,0.07966666666666666,0.06133333333333333
overall,30,deterministic,0.25,independent,20260930,macro,0.04443409082704176,0.20422222222222222,0.10755555555555556,0.09666666666666666
overall,30,deterministic,0.25,independent,20261001,macro,0.04468039860529962,0.19200000000000003,0.10277777777777779,0.08922222222222222
overall,30,deterministic,0.25,independent,20261002,macro,0.03667535086994803,0.152,0.07744444444444444,0.07455555555555556
overall,30,deterministic,0.25,pcgrad,20260930,baron,0.09780931811169392,0.22033333333333333,0.13333333333333333,0.087
overall,30,deterministic,0.25,pcgrad,20261001,baron,0.09873495834618945,0.23,0.14366666666666666,0.08633333333333333
overall,30,deterministic,0.25,pcgrad,20261002,baron,0.08176488738043813,0.20066666666666666,0.12066666666666667,0.08
overall,30,deterministic,0.25,pcgrad,20260930,dragon,0.02012534204254568,0.13133333333333333,0.043333333333333335,0.088
overall,30,deterministic,0.25,pcgrad,20261001,dragon,0.030894165416188543,0.186,0.068,0.118
overall,30,deterministic,0.25,pcgrad,20261002,dragon,0.02603936799364463,0.16,0.05633333333333333,0.10366666666666667
overall,30,deterministic,0.25,pcgrad,20260930,teamfight,0.007729224551654458,0.17233333333333334,0.106,0.06633333333333333
overall,30,deterministic,0.25,pcgrad,20261001,teamfight,0.008840616317251832,0.19966666666666666,0.12533333333333332,0.07433333333333333
overall,30,deterministic,0.25,pcgrad,20261002,teamfight,0.005910583480676939,0.12333333333333334,0.06966666666666667,0.05366666666666667
overall,30,deterministic,0.25,pcgrad,20260930,macro,0.04188796156863136,0.17466666666666666,0.09422222222222222,0.08044444444444444
overall,30,deterministic,0.25,pcgrad,20261001,macro,0.04615658002654328,0.20522222222222222,0.11233333333333333,0.09288888888888887
overall,30,deterministic,0.25,pcgrad,20261002,macro,0.0379049462849199,0.16133333333333336,0.08222222222222221,0.07911111111111112
overall,30,deterministic,0.5,leagueews,20260930,baron,0.1468682505399568,0.4686666666666667,0.35633333333333334,0.11233333333333333
overall,30,deterministic,0.5,leagueews,20261001,baron,0.14810243751928417,0.4653333333333333,0.35,0.11533333333333333
overall,30,deterministic,0.5,leagueews,20261002,baron,0.14655970379512495,0.5003333333333333,0.38266666666666665,0.11766666666666667
overall,30,deterministic,0.5,leagueews,20260930,dragon,0.04678259334451408,0.305,0.12533333333333332,0.17966666666666667
overall,30,deterministic,0.5,leagueews,20261001,dragon,0.05887545237885074,0.37466666666666665,0.16433333333333333,0.21033333333333334
overall,30,deterministic,0.5,leagueews,20261002,dragon,0.055256421572954365,0.3443333333333333,0.149,0.19533333333333333
overall,30,deterministic,0.5,leagueews,20260930,teamfight,0.01459964637534731,0.3323333333333333,0.21766666666666667,0.11466666666666667
overall,30,deterministic,0.5,leagueews,20261001,teamfight,0.01247789845920687,0.2846666666666667,0.18633333333333332,0.09833333333333333
overall,30,deterministic,0.5,leagueews,20261002,teamfight,0.014195503915130083,0.298,0.19366666666666665,0.10433333333333333
overall,30,deterministic,0.5,leagueews,20260930,macro,0.06941683008660607,0.3686666666666667,0.23311111111111113,0.13555555555555554
overall,30,deterministic,0.5,leagueews,20261001,macro,0.07315192945244726,0.3748888888888889,0.23355555555555554,0.14133333333333334
overall,30,deterministic,0.5,leagueews,20261002,macro,0.07200387642773647,0.3808888888888889,0.24177777777777776,0.1391111111111111
overall,30,deterministic,0.5,gru,20260930,baron,0.0792965134217834,0.45966666666666667,0.4046666666666667,0.055
overall,30,deterministic,0.5,gru,20261001,baron,0.08423326133909287,0.4103333333333333,0.3463333333333333,0.064
overall,30,deterministic,0.5,gru,20261002,baron,0.050910212897253934,0.38533333333333336,0.3486666666666667,0.03666666666666667
overall,30,deterministic,0.5,gru,20260930,dragon,0.05878718333480448,0.452,0.3556666666666667,0.09633333333333334
overall,30,deterministic,0.5,gru,20261001,dragon,0.022596875275840762,0.21166666666666667,0.19433333333333333,0.017333333333333333
overall,30,deterministic,0.5,gru,20261002,dragon,0.0386618412922588,0.30366666666666664,0.245,0.058666666666666666
overall,30,deterministic,0.5,gru,20260930,teamfight,0.011922202576408183,0.29033333333333333,0.226,0.06433333333333334
overall,30,deterministic,0.5,gru,20261001,teamfight,0.014498610760293002,0.367,0.296,0.071
overall,30,deterministic,0.5,gru,20261002,teamfight,0.01156857792371811,0.37366666666666665,0.319,0.05466666666666667
overall,30,deterministic,0.5,gru,20260930,macro,0.050001966444332024,0.40066666666666667,0.3287777777777778,0.07188888888888889
overall,30,deterministic,0.5,gru,20261001,macro,0.04044291579174221,0.32966666666666666,0.2788888888888889,0.050777777777777776
overall,30,deterministic,0.5,gru,20261002,macro,0.03371354403774362,0.3542222222222222,0.3042222222222222,0.049999999999999996
overall,30,deterministic,0.5,tcn,20260930,baron,0.14871953100894786,0.5086666666666667,0.394,0.11466666666666667
overall,30,deterministic,0.5,tcn,20261001,baron,0.13637766121567418,0.44333333333333336,0.332,0.11133333333333334
overall,30,deterministic,0.5,tcn,20261002,baron,0.1410058623881518,0.472,0.35733333333333334,0.11466666666666667
overall,30,deterministic,0.5,tcn,20260930,dragon,0.054638538264630596,0.3396666666666667,0.15066666666666667,0.189
overall,30,deterministic,0.5,tcn,20261001,dragon,0.07441080413099126,0.478,0.228,0.25
overall,30,deterministic,0.5,tcn,20261002,dragon,0.07088004236914114,0.44633333333333336,0.21333333333333335,0.233
overall,30,deterministic,0.5,tcn,20260930,teamfight,0.018944177822682495,0.456,0.31933333333333336,0.13666666666666666
overall,30,deterministic,0.5,tcn,20261001,teamfight,0.01581207375599899,0.357,0.241,0.116
overall,30,deterministic,0.5,tcn,20261002,teamfight,0.016973983329123515,0.413,0.2836666666666667,0.12933333333333333
overall,30,deterministic,0.5,tcn,20260930,macro,0.07410074903208698,0.43477777777777776,0.288,0.14677777777777776
overall,30,deterministic,0.5,tcn,20261001,macro,0.07553351303422148,0.4261111111111111,0.267,0.15911111111111112
overall,30,deterministic,0.5,tcn,20261002,macro,0.07628662936213881,0.44377777777777777,0.2847777777777778,0.159
overall,30,deterministic,0.5,snapshot,20260930,baron,0.12681271212588707,0.49333333333333335,0.393,0.10033333333333333
overall,30,deterministic,0.5,snapshot,20261001,baron,0.11292810860845418,0.44766666666666666,0.35033333333333333,0.09733333333333333
overall,30,deterministic,0.5,snapshot,20261002,baron,0.11693921629126813,0.43166666666666664,0.336,0.09566666666666666
overall,30,deterministic,0.5,snapshot,20260930,dragon,0.045546826727866536,0.31366666666666665,0.14533333333333334,0.16833333333333333
overall,30,deterministic,0.5,snapshot,20261001,dragon,0.04378144584694148,0.29733333333333334,0.13733333333333334,0.16
overall,30,deterministic,0.5,snapshot,20261002,dragon,0.04501721246358902,0.311,0.14333333333333334,0.16766666666666666
overall,30,deterministic,0.5,snapshot,20260930,teamfight,0.018388481939883808,0.49033333333333334,0.37333333333333335,0.117
overall,30,deterministic,0.5,snapshot,20261001,teamfight,0.016165698408689064,0.435,0.32866666666666666,0.10633333333333334
overall,30,deterministic,0.5,snapshot,20261002,teamfight,0.017580197019449358,0.488,0.36733333333333335,0.12066666666666667
overall,30,deterministic,0.5,snapshot,20260930,macro,0.06358267359787913,0.4324444444444444,0.3038888888888889,0.12855555555555556
overall,30,deterministic,0.5,snapshot,20261001,macro,0.05762508428802823,0.3933333333333333,0.27211111111111114,0.12122222222222222
overall,30,deterministic,0.5,snapshot,20261002,macro,0.05984554192476884,0.4102222222222222,0.2822222222222222,0.128
overall,30,deterministic,0.5,current_only,20260930,baron,0.12249305769824129,0.45466666666666666,0.355,0.09966666666666667
overall,30,deterministic,0.5,current_only,20261001,baron,0.12526997840172785,0.4713333333333333,0.36766666666666664,0.10366666666666667
overall,30,deterministic,0.5,current_only,20261002,baron,0.12773835236038258,0.4836666666666667,0.38133333333333336,0.10233333333333333
overall,30,deterministic,0.5,current_only,20260930,dragon,0.07211580898578869,0.478,0.23,0.248
overall,30,deterministic,0.5,current_only,20261001,dragon,0.04837143613734663,0.30766666666666664,0.137,0.17066666666666666
overall,30,deterministic,0.5,current_only,20261002,dragon,0.049254126577809164,0.29733333333333334,0.12633333333333333,0.171
overall,30,deterministic,0.5,current_only,20260930,teamfight,0.01778226824955797,0.4656666666666667,0.35,0.11566666666666667
overall,30,deterministic,0.5,current_only,20261001,teamfight,0.011619095731245263,0.31533333333333335,0.228,0.08733333333333333
overall,30,deterministic,0.5,current_only,20261002,teamfight,0.019045213437736803,0.48533333333333334,0.36866666666666664,0.11666666666666667
overall,30,deterministic,0.5,current_only,20260930,macro,0.07079704497786266,0.46611111111111114,0.31166666666666665,0.15444444444444447
overall,30,deterministic,0.5,current_only,20261001,macro,0.06175350342343991,0.3647777777777777,0.2442222222222222,0.12055555555555554
overall,30,deterministic,0.5,current_only,20261002,macro,0.06534589745864285,0.4221111111111111,0.29211111111111115,0.13
overall,30,deterministic,0.5,independent,20260930,baron,0.13390928725701945,0.4186666666666667,0.30933333333333335,0.10933333333333334
overall,30,deterministic,0.5,independent,20261001,baron,0.1431656896019747,0.43066666666666664,0.31433333333333335,0.11633333333333333
overall,30,deterministic,0.5,independent,20261002,baron,0.14871953100894786,0.446,0.32966666666666666,0.11633333333333333
overall,30,deterministic,0.5,independent,20260930,dragon,0.06796716391561479,0.4513333333333333,0.22033333333333333,0.231
overall,30,deterministic,0.5,independent,20261001,dragon,0.05763968576220319,0.38866666666666666,0.183,0.20566666666666666
overall,30,deterministic,0.5,independent,20261002,dragon,0.07458734221908377,0.49833333333333335,0.251,0.24733333333333332
overall,30,deterministic,0.5,independent,20260930,teamfight,0.01702450113665067,0.44,0.3016666666666667,0.13833333333333334
overall,30,deterministic,0.5,independent,20261001,teamfight,0.016771912099014904,0.4246666666666667,0.2896666666666667,0.135
overall,30,deterministic,0.5,independent,20261002,teamfight,0.01960090932053549,0.4483333333333333,0.30866666666666664,0.13966666666666666
overall,30,deterministic,0.5,independent,20260930,macro,0.07296698410309498,0.4366666666666667,0.27711111111111114,0.15955555555555556
overall,30,deterministic,0.5,independent,20261001,macro,0.07252576248773093,0.4146666666666667,0.26233333333333336,0.15233333333333335
overall,30,deterministic,0.5,independent,20261002,macro,0.08096926084952237,0.46422222222222226,0.29644444444444445,0.16777777777777778
overall,30,deterministic,0.5,pcgrad,20260930,baron,0.13822894168466524,0.41733333333333333,0.309,0.10833333333333334
overall,30,deterministic,0.5,pcgrad,20261001,baron,0.13977167540882443,0.44866666666666666,0.33366666666666667,0.115
overall,30,deterministic,0.5,pcgrad,20261002,baron,0.1447084233261339,0.465,0.346,0.119
overall,30,deterministic,0.5,pcgrad,20260930,dragon,0.07158619472151116,0.474,0.22633333333333333,0.24766666666666667
overall,30,deterministic,0.5,pcgrad,20261001,dragon,0.05649218818960191,0.3566666666666667,0.15266666666666667,0.204
overall,30,deterministic,0.5,pcgrad,20261002,dragon,0.05711007149792568,0.3616666666666667,0.15566666666666668,0.206
overall,30,deterministic,0.5,pcgrad,20260930,teamfight,0.01353877241727709,0.299,0.195,0.104
overall,30,deterministic,0.5,pcgrad,20261001,teamfight,0.015104824450618844,0.36233333333333334,0.24233333333333335,0.12
overall,30,deterministic,0.5,pcgrad,20261002,teamfight,0.017681232634503663,0.388,0.26,0.128
overall,30,deterministic,0.5,pcgrad,20260930,macro,0.07445130294115115,0.39677777777777773,0.24344444444444444,0.15333333333333332
overall,30,deterministic,0.5,pcgrad,20261001,macro,0.07045622934968172,0.3892222222222222,0.2428888888888889,0.14633333333333334
overall,30,deterministic,0.5,pcgrad,20261002,macro,0.07316657581952109,0.40488888888888885,0.2538888888888889,0.151
overall,30,deterministic,0.75,leagueews,20260930,baron,0.1863622338784326,0.733,0.602,0.131
overall,30,deterministic,0.75,leagueews,20261001,baron,0.17494600431965443,0.6463333333333333,0.518,0.12833333333333333
overall,30,deterministic,0.75,leagueews,20261002,baron,0.17741437827830916,0.7063333333333334,0.5746666666666667,0.13166666666666665
overall,30,deterministic,0.75,leagueews,20260930,dragon,0.10998322888163121,0.7413333333333333,0.3993333333333333,0.342
overall,30,deterministic,0.75,leagueews,20261001,dragon,0.08994615588313179,0.575,0.29433333333333334,0.2806666666666667
overall,30,deterministic,0.75,leagueews,20261002,dragon,0.09118192249977933,0.5763333333333334,0.2896666666666667,0.2866666666666667
overall,30,deterministic,0.75,leagueews,20260930,teamfight,0.023692851730234908,0.538,0.37666666666666665,0.16133333333333333
overall,30,deterministic,0.75,leagueews,20261001,teamfight,0.020358676433442788,0.4856666666666667,0.33566666666666667,0.15
overall,30,deterministic,0.75,leagueews,20261002,teamfight,0.020964890123768627,0.477,0.33266666666666667,0.14433333333333334
overall,30,deterministic,0.75,leagueews,20260930,macro,0.1066794381634329,0.6707777777777778,0.4593333333333333,0.21144444444444446
overall,30,deterministic,0.75,leagueews,20261001,macro,0.09508361221207634,0.5690000000000001,0.3826666666666667,0.18633333333333335
overall,30,deterministic,0.75,leagueews,20261002,macro,0.0965203969672857,0.5865555555555555,0.399,0.18755555555555556
overall,30,deterministic,0.75,gru,20260930,baron,0.0792965134217834,0.45966666666666667,0.4046666666666667,0.055
overall,30,deterministic,0.75,gru,20261001,baron,0.10367170626349892,0.5796666666666667,0.503,0.07666666666666666
overall,30,deterministic,0.75,gru,20261002,baron,0.07960506016661524,0.6916666666666667,0.6383333333333333,0.05333333333333334
overall,30,deterministic,0.75,gru,20260930,dragon,0.05878718333480448,0.452,0.3556666666666667,0.09633333333333334
overall,30,deterministic,0.75,gru,20261001,dragon,0.05101950745873422,0.4816666666666667,0.41933333333333334,0.06233333333333333
overall,30,deterministic,0.75,gru,20261002,dragon,0.08094271339041398,0.7223333333333334,0.5823333333333334,0.14
overall,30,deterministic,0.75,gru,20260930,teamfight,0.020156605203334177,0.5796666666666667,0.47533333333333333,0.10433333333333333
overall,30,deterministic,0.75,gru,20261001,teamfight,0.0243495832280879,0.6996666666666667,0.5756666666666667,0.124
overall,30,deterministic,0.75,gru,20261002,teamfight,0.01156857792371811,0.37366666666666665,0.319,0.05466666666666667
overall,30,deterministic,0.75,gru,20260930,macro,0.05274676731997402,0.4971111111111111,0.4118888888888889,0.08522222222222224
overall,30,deterministic,0.75,gru,20261001,macro,0.05968026565010701,0.587,0.49933333333333335,0.08766666666666667
overall,30,deterministic,0.75,gru,20261002,macro,0.0573721171602491,0.5958888888888889,0.5132222222222222,0.08266666666666668
overall,30,deterministic,0.75,tcn,20260930,baron,0.18327676643011417,0.7663333333333333,0.6333333333333333,0.133
overall,30,deterministic,0.75,tcn,20261001,baron,0.17371181734032706,0.6713333333333333,0.5426666666666666,0.12866666666666668
overall,30,deterministic,0.75,tcn,20261002,baron,0.18019129898179576,0.7466666666666667,0.6126666666666667,0.134
overall,30,deterministic,0.75,tcn,20260930,dragon,0.08482655132844912,0.563,0.286,0.277
overall,30,deterministic,0.75,tcn,20261001,dragon,0.10556977667931856,0.6813333333333333,0.364,0.31733333333333336
overall,30,deterministic,0.75,tcn,20261002,dragon,0.1081295789566599,0.72,0.38566666666666666,0.3343333333333333
overall,30,deterministic,0.75,tcn,20260930,teamfight,0.018944177822682495,0.456,0.31933333333333336,0.13666666666666666
overall,30,deterministic,0.75,tcn,20261001,teamfight,0.023187673654963374,0.5633333333333334,0.398,0.16533333333333333
overall,30,deterministic,0.75,tcn,20261002,teamfight,0.02535993937863097,0.6393333333333333,0.4573333333333333,0.182
overall,30,deterministic,0.75,tcn,20260930,macro,0.09568249852708192,0.595111111111111,0.41288888888888886,0.1822222222222222
overall,30,deterministic,0.75,tcn,20261001,macro,0.10082308922486967,0.6386666666666666,0.4348888888888889,0.2037777777777778
overall,30,deterministic,0.75,tcn,20261002,macro,0.10456027243902886,0.702,0.4852222222222222,0.21677777777777776
overall,30,deterministic,0.75,snapshot,20260930,baron,0.16198704103671707,0.7193333333333334,0.602,0.11733333333333333
overall,30,deterministic,0.75,snapshot,20261001,baron,0.1490280777537797,0.663,0.5493333333333333,0.11366666666666667
overall,30,deterministic,0.75,snapshot,20261002,baron,0.15396482567108918,0.6733333333333333,0.5566666666666666,0.11666666666666667
overall,30,deterministic,0.75,snapshot,20260930,dragon,0.08473828228440286,0.5733333333333334,0.304,0.2693333333333333
overall,30,deterministic,0.75,snapshot,20261001,dragon,0.07944213964162768,0.5436666666666666,0.286,0.25766666666666665
overall,30,deterministic,0.75,snapshot,20261002,dragon,0.07714714449642511,0.5446666666666666,0.28633333333333333,0.25833333333333336
overall,30,deterministic,0.75,snapshot,20260930,teamfight,0.018388481939883808,0.49033333333333334,0.37333333333333335,0.117
overall,30,deterministic,0.75,snapshot,20261001,teamfight,0.025006314725940892,0.716,0.5646666666666667,0.15133333333333332
overall,30,deterministic,0.75,snapshot,20261002,teamfight,0.017580197019449358,0.488,0.36733333333333335,0.12066666666666667
overall,30,deterministic,0.75,snapshot,20260930,macro,0.08837126842033459,0.5943333333333334,0.4264444444444444,0.1678888888888889
overall,30,deterministic,0.75,snapshot,20261001,macro,0.08449217737378274,0.6408888888888888,0.4666666666666666,0.1742222222222222
overall,30,deterministic,0.75,snapshot,20261002,macro,0.0828973890623212,0.5686666666666667,0.40344444444444444,0.16522222222222224
overall,30,deterministic,0.75,current_only,20260930,baron,0.16198704103671707,0.7433333333333333,0.6216666666666667,0.12166666666666667
overall,30,deterministic,0.75,current_only,20261001,baron,0.154273372415921,0.662,0.5436666666666666,0.11833333333333333
overall,30,deterministic,0.75,current_only,20261002,baron,0.1644554149953718,0.7206666666666667,0.6003333333333334,0.12033333333333333
overall,30,deterministic,0.75,current_only,20260930,dragon,0.10654073616382735,0.7213333333333334,0.392,0.3293333333333333
overall,30,deterministic,0.75,current_only,20261001,dragon,0.10936534557330745,0.745,0.4116666666666667,0.3333333333333333
overall,30,deterministic,0.75,current_only,20261002,dragon,0.08050136817018272,0.5396666666666666,0.26866666666666666,0.271
overall,30,deterministic,0.75,current_only,20260930,teamfight,0.01778226824955797,0.4656666666666667,0.35,0.11566666666666667
overall,30,deterministic,0.75,current_only,20261001,teamfight,0.019701944935589796,0.5403333333333333,0.412,0.12833333333333333
overall,30,deterministic,0.75,current_only,20261002,teamfight,0.019045213437736803,0.48533333333333334,0.36866666666666664,0.11666666666666667
overall,30,deterministic,0.75,current_only,20260930,macro,0.0954366818167008,0.6434444444444444,0.45455555555555555,0.18888888888888888
overall,30,deterministic,0.75,current_only,20261001,macro,0.09444688764160608,0.6491111111111111,0.4557777777777778,0.19333333333333333
overall,30,deterministic,0.75,current_only,20261002,macro,0.08800066553443044,0.5818888888888889,0.41255555555555556,0.16933333333333334
overall,30,deterministic,0.75,independent,20260930,baron,0.1798827522369639,0.6703333333333333,0.543,0.12733333333333333
overall,30,deterministic,0.75,independent,20261001,baron,0.18605368713360074,0.7083333333333334,0.5746666666666667,0.13366666666666666
overall,30,deterministic,0.75,independent,20261002,baron,0.17926565874730022,0.636,0.5053333333333333,0.13066666666666665
overall,30,deterministic,0.75,independent,20260930,dragon,0.10398093388648601,0.7256666666666667,0.389,0.33666666666666667
overall,30,deterministic,0.75,independent,20261001,dragon,0.08826904404625298,0.599,0.31033333333333335,0.2886666666666667
overall,30,deterministic,0.75,independent,20261002,dragon,0.07458734221908377,0.49833333333333335,0.251,0.24733333333333332
overall,30,deterministic,0.75,independent,20260930,teamfight,0.027279616064662792,0.6733333333333333,0.48233333333333334,0.191
overall,30,deterministic,0.75,independent,20261001,teamfight,0.026471331144228342,0.671,0.48433333333333334,0.18666666666666668
overall,30,deterministic,0.75,independent,20261002,teamfight,0.028391007830260166,0.7186666666666667,0.521,0.19766666666666666
overall,30,deterministic,0.75,independent,20260930,macro,0.10371443406270424,0.6897777777777777,0.4714444444444445,0.21833333333333335
overall,30,deterministic,0.75,independent,20261001,macro,0.10026468744136069,0.6594444444444444,0.45644444444444443,0.20299999999999999
overall,30,deterministic,0.75,independent,20261002,macro,0.09408133626554804,0.6176666666666667,0.4257777777777778,0.1918888888888889
overall,30,deterministic,0.75,pcgrad,20260930,baron,0.18173403270595495,0.6766666666666666,0.5483333333333333,0.12833333333333333
overall,30,deterministic,0.75,pcgrad,20261001,baron,0.18173403270595495,0.7246666666666667,0.5936666666666667,0.131
overall,30,deterministic,0.75,pcgrad,20261002,baron,0.18327676643011417,0.744,0.608,0.136
overall,30,deterministic,0.75,pcgrad,20260930,dragon,0.10724688851619738,0.7143333333333334,0.38,0.3343333333333333
overall,30,deterministic,0.75,pcgrad,20261001,dragon,0.08676847029746668,0.5413333333333333,0.269,0.2723333333333333
overall,30,deterministic,0.75,pcgrad,20261002,dragon,0.09382999382116691,0.6053333333333333,0.309,0.29633333333333334
overall,30,deterministic,0.75,pcgrad,20260930,teamfight,0.02177317504420308,0.485,0.33466666666666667,0.15033333333333335
overall,30,deterministic,0.75,pcgrad,20261001,teamfight,0.02475372568830513,0.5876666666666667,0.417,0.17066666666666666
overall,30,deterministic,0.75,pcgrad,20261002,teamfight,0.02571356403132104,0.617,0.44066666666666665,0.17633333333333334
overall,30,deterministic,0.75,pcgrad,20260930,macro,0.1035846987554518,0.6253333333333333,0.421,0.20433333333333334
overall,30,deterministic,0.75,pcgrad,20261001,macro,0.09775207623057558,0.6178888888888889,0.4265555555555556,0.19133333333333333
overall,30,deterministic,0.75,pcgrad,20261002,macro,0.10094010809420072,0.6554444444444444,0.4525555555555556,0.2028888888888889
overall,30,deterministic,1.0,leagueews,20260930,baron,0.21012033323048443,0.9393333333333334,0.798,0.14133333333333334
overall,30,deterministic,1.0,leagueews,20261001,baron,0.212897253933971,0.9736666666666667,0.8323333333333334,0.14133333333333334
overall,30,deterministic,1.0,leagueews,20261002,baron,0.20333230484418388,0.9306666666666666,0.7893333333333333,0.14133333333333334
overall,30,deterministic,1.0,leagueews,20260930,dragon,0.14034778003354223,0.9743333333333334,0.5693333333333334,0.405
overall,30,deterministic,1.0,leagueews,20261001,dragon,0.12357666166475417,0.813,0.45166666666666666,0.36133333333333334
overall,30,deterministic,1.0,leagueews,20261002,dragon,0.13134433754082445,0.8786666666666667,0.5016666666666667,0.377
overall,30,deterministic,1.0,leagueews,20260930,teamfight,0.03273553927759535,0.7966666666666666,0.582,0.21466666666666667
overall,30,deterministic,1.0,leagueews,20261001,teamfight,0.029704470825966153,0.7543333333333333,0.548,0.20633333333333334
overall,30,deterministic,1.0,leagueews,20261002,teamfight,0.030007577671129073,0.7223333333333334,0.5283333333333333,0.194
overall,30,deterministic,1.0,leagueews,20260930,macro,0.12773455084720733,0.9034444444444446,0.6497777777777777,0.25366666666666665
overall,30,deterministic,1.0,leagueews,20261001,macro,0.12205946214156378,0.847,0.6106666666666667,0.23633333333333337
overall,30,deterministic,1.0,leagueews,20261002,macro,0.12156140668537913,0.8438888888888889,0.6064444444444445,0.23744444444444443
overall,30,deterministic,1.0,gru,20260930,baron,0.11632212280160445,0.743,0.6683333333333333,0.07466666666666667
overall,30,deterministic,1.0,gru,20261001,baron,0.15087935822277074,0.9466666666666667,0.848,0.09866666666666667
overall,30,deterministic,1.0,gru,20261002,baron,0.09534094415303919,0.8633333333333333,0.802,0.06133333333333333
overall,30,deterministic,1.0,gru,20260930,dragon,0.09877306028775708,0.85,0.6803333333333333,0.16966666666666666
overall,30,deterministic,1.0,gru,20261001,dragon,0.08959307970694677,0.8936666666666667,0.757,0.13666666666666666
overall,30,deterministic,1.0,gru,20261002,dragon,0.08094271339041398,0.7223333333333334,0.5823333333333334,0.14
overall,30,deterministic,1.0,gru,20260930,teamfight,0.020156605203334177,0.5796666666666667,0.47533333333333333,0.10433333333333333
overall,30,deterministic,1.0,gru,20261001,teamfight,0.0243495832280879,0.6996666666666667,0.5756666666666667,0.124
overall,30,deterministic,1.0,gru,20261002,teamfight,0.021621621621621623,0.7623333333333333,0.661,0.10133333333333333
overall,30,deterministic,1.0,gru,20260930,macro,0.0784172627642319,0.7242222222222222,0.608,0.11622222222222223
overall,30,deterministic,1.0,gru,20261001,macro,0.0882740070526018,0.8466666666666667,0.7268888888888889,0.11977777777777777
overall,30,deterministic,1.0,gru,20261002,macro,0.06596842638835826,0.7826666666666666,0.6817777777777779,0.10088888888888888
overall,30,deterministic,1.0,tcn,20260930,baron,0.2076519592718297,0.9533333333333334,0.8076666666666666,0.14566666666666667
overall,30,deterministic,1.0,tcn,20261001,baron,0.20981178648565257,0.9826666666666667,0.837,0.14566666666666667
overall,30,deterministic,1.0,tcn,20261002,baron,0.20456649182351125,0.9613333333333334,0.818,0.14333333333333334
overall,30,deterministic,1.0,tcn,20260930,dragon,0.12401800688498543,0.8083333333333333,0.4533333333333333,0.355
overall,30,deterministic,1.0,tcn,20261001,dragon,0.13372760173007325,0.893,0.5163333333333333,0.37666666666666665
overall,30,deterministic,1.0,tcn,20261002,dragon,0.14820372495365874,0.996,0.598,0.398
overall,30,deterministic,1.0,tcn,20260930,teamfight,0.027481687294771406,0.6936666666666667,0.5073333333333333,0.18633333333333332
overall,30,deterministic,1.0,tcn,20261001,teamfight,0.03217984339479667,0.845,0.6256666666666667,0.21933333333333332
overall,30,deterministic,1.0,tcn,20261002,teamfight,0.02535993937863097,0.6393333333333333,0.4573333333333333,0.182
overall,30,deterministic,1.0,tcn,20260930,macro,0.1197172178171955,0.8184444444444444,0.5894444444444443,0.22899999999999998
overall,30,deterministic,1.0,tcn,20261001,macro,0.12523974387017417,0.9068888888888887,0.6596666666666667,0.24722222222222223
overall,30,deterministic,1.0,tcn,20261002,macro,0.126043385385267,0.8655555555555555,0.6244444444444445,0.24111111111111114
overall,30,deterministic,1.0,snapshot,20260930,baron,0.19191607528540575,0.987,0.8526666666666667,0.13433333333333333
overall,30,deterministic,1.0,snapshot,20261001,baron,0.18049984572662758,0.9123333333333333,0.78,0.13233333333333333
overall,30,deterministic,1.0,snapshot,20261002,baron,0.18667078062326442,0.942,0.81,0.132
overall,30,deterministic,1.0,snapshot,20260930,dragon,0.11986936181481155,0.8583333333333333,0.499,0.35933333333333334
overall,30,deterministic,1.0,snapshot,20261001,dragon,0.11554417865654515,0.813,0.4713333333333333,0.3416666666666667
overall,30,deterministic,1.0,snapshot,20261002,dragon,0.11686821431723894,0.808,0.4673333333333333,0.3406666666666667
overall,30,deterministic,1.0,snapshot,20260930,teamfight,0.025966153068956808,0.7873333333333333,0.6183333333333333,0.169
overall,30,deterministic,1.0,snapshot,20261001,teamfight,0.025006314725940892,0.716,0.5646666666666667,0.15133333333333332
overall,30,deterministic,1.0,snapshot,20261002,teamfight,0.02672392018186411,0.777,0.613,0.164
overall,30,deterministic,1.0,snapshot,20260930,macro,0.1125838633897247,0.8775555555555555,0.6566666666666666,0.2208888888888889
overall,30,deterministic,1.0,snapshot,20261001,macro,0.10701677970303787,0.8137777777777778,0.6053333333333334,0.20844444444444443
overall,30,deterministic,1.0,snapshot,20261002,macro,0.11008763837412248,0.8423333333333334,0.6301111111111112,0.21222222222222223
overall,30,deterministic,1.0,current_only,20260930,baron,0.1863622338784326,0.967,0.833,0.134
overall,30,deterministic,1.0,current_only,20261001,baron,0.18296821968528232,0.8846666666666667,0.752,0.13266666666666665
overall,30,deterministic,1.0,current_only,20261002,baron,0.18389385991977786,0.8656666666666667,0.738,0.12766666666666668
overall,30,deterministic,1.0,current_only,20260930,dragon,0.13849413010857092,0.964,0.5643333333333334,0.39966666666666667
overall,30,deterministic,1.0,current_only,20261001,dragon,0.140259510989496,0.973,0.574,0.399
overall,30,deterministic,1.0,current_only,20261002,dragon,0.12163474269573661,0.8136666666666666,0.455,0.3586666666666667
overall,30,deterministic,1.0,current_only,20260930,teamfight,0.026420813336701186,0.7783333333333333,0.6036666666666667,0.17466666666666666
overall,30,deterministic,1.0,current_only,20261001,teamfight,0.029653953018439,0.8846666666666667,0.697,0.18766666666666668
overall,30,deterministic,1.0,current_only,20261002,teamfight,0.027784794139934326,0.7846666666666666,0.617,0.16766666666666666
overall,30,deterministic,1.0,current_only,20260930,macro,0.11709239244123491,0.9031111111111111,0.6669999999999999,0.23611111111111113
overall,30,deterministic,1.0,current_only,20261001,macro,0.11762722789773909,0.9141111111111112,0.6743333333333333,0.23977777777777778
overall,30,deterministic,1.0,current_only,20261002,macro,0.1111044655851496,0.8213333333333334,0.6033333333333334,0.218
overall,30,deterministic,1.0,independent,20260930,baron,0.2113545202098118,0.9693333333333334,0.8236666666666667,0.14566666666666667
overall,30,deterministic,1.0,independent,20261001,baron,0.21567417463745758,0.9393333333333334,0.7966666666666666,0.14266666666666666
overall,30,deterministic,1.0,independent,20261002,baron,0.21814254859611232,0.9466666666666667,0.8016666666666666,0.145
overall,30,deterministic,1.0,independent,20260930,dragon,0.10398093388648601,0.7256666666666667,0.389,0.33666666666666667
overall,30,deterministic,1.0,independent,20261001,dragon,0.12331185453261541,0.8603333333333333,0.4866666666666667,0.37366666666666665
overall,30,deterministic,1.0,independent,20261002,dragon,0.11042457410186247,0.7693333333333333,0.42233333333333334,0.347
overall,30,deterministic,1.0,independent,20260930,teamfight,0.03627178580449608,0.9583333333333334,0.717,0.24133333333333334
overall,30,deterministic,1.0,independent,20261001,teamfight,0.026471331144228342,0.671,0.48433333333333334,0.18666666666666668
overall,30,deterministic,1.0,independent,20261002,teamfight,0.028391007830260166,0.7186666666666667,0.521,0.19766666666666666
overall,30,deterministic,1.0,independent,20260930,macro,0.11720241330026464,0.8844444444444445,0.6432222222222223,0.24122222222222223
overall,30,deterministic,1.0,independent,20261001,macro,0.1218191201047671,0.8235555555555555,0.5892222222222222,0.2343333333333333
overall,30,deterministic,1.0,independent,20261002,macro,0.11898604350941165,0.8115555555555556,0.5816666666666667,0.2298888888888889
overall,30,deterministic,1.0,pcgrad,20260930,baron,0.20610922554767047,0.8846666666666667,0.7453333333333333,0.13933333333333334
overall,30,deterministic,1.0,pcgrad,20261001,baron,0.20580067880283864,0.937,0.795,0.142
overall,30,deterministic,1.0,pcgrad,20261002,baron,0.20981178648565257,0.9576666666666667,0.815,0.14266666666666666
overall,30,deterministic,1.0,pcgrad,20260930,dragon,0.14008297290140348,0.952,0.557,0.395
overall,30,deterministic,1.0,pcgrad,20261001,dragon,0.1481154559096125,0.9986666666666667,0.591,0.4076666666666667
overall,30,deterministic,1.0,pcgrad,20261002,dragon,0.13487509930267455,0.8856666666666667,0.5056666666666667,0.38
overall,30,deterministic,1.0,pcgrad,20260930,teamfight,0.030765344784036374,0.7243333333333334,0.525,0.19933333333333333
overall,30,deterministic,1.0,pcgrad,20261001,teamfight,0.03510987623137156,0.9216666666666666,0.688,0.23366666666666666
overall,30,deterministic,1.0,pcgrad,20261002,teamfight,0.03642333922707754,0.934,0.704,0.23
overall,30,deterministic,1.0,pcgrad,20260930,macro,0.12565251441103678,0.8536666666666667,0.609111111111111,0.24455555555555555
overall,30,deterministic,1.0,pcgrad,20261001,macro,0.12967533698127423,0.9524444444444443,0.6913333333333332,0.2611111111111111
overall,30,deterministic,1.0,pcgrad,20261002,macro,0.12703674167180154,0.9257777777777778,0.6748888888888889,0.2508888888888889
overall,30,deterministic,mean,leagueews,20260930,baron,0.15851589015735884,0.5875,0.4704166666666667,0.11708333333333334
overall,30,deterministic,mean,leagueews,20261001,baron,0.1558161061400802,0.5679166666666666,0.45158333333333334,0.11633333333333332
overall,30,deterministic,mean,leagueews,20261002,baron,0.1538876889848812,0.5879166666666666,0.46975,0.11816666666666667
overall,30,deterministic,mean,leagueews,20260930,dragon,0.08006002294995146,0.5414166666666667,0.28600000000000003,0.2554166666666667
overall,30,deterministic,mean,leagueews,20261001,dragon,0.07617618501191632,0.4893333333333333,0.24525,0.24408333333333332
overall,30,deterministic,mean,leagueews,20261002,dragon,0.07575690705269662,0.48941666666666667,0.24966666666666668,0.23975000000000002
overall,30,deterministic,mean,leagueews,20260930,teamfight,0.019979792876989137,0.46641666666666665,0.3250833333333333,0.14133333333333334
overall,30,deterministic,mean,leagueews,20261001,teamfight,0.017112907299823187,0.41941666666666666,0.2901666666666667,0.12925
overall,30,deterministic,mean,leagueews,20261002,teamfight,0.018350593584238444,0.41775,0.2905833333333333,0.12716666666666665
overall,30,deterministic,mean,leagueews,20260930,macro,0.08618523532809981,0.5317777777777778,0.36050000000000004,0.17127777777777778
overall,30,deterministic,mean,leagueews,20261001,macro,0.08303506615060657,0.49222222222222217,0.329,0.16322222222222219
overall,30,deterministic,mean,leagueews,20261002,macro,0.08266506320727209,0.4983611111111111,0.33666666666666667,0.16169444444444445
overall,30,deterministic,mean,gru,20260930,baron,0.07945078679419931,0.46733333333333327,0.41200000000000003,0.05533333333333333
overall,30,deterministic,mean,gru,20261001,baron,0.09518667078062326,0.52475,0.4555,0.06925
overall,30,deterministic,mean,gru,20261002,baron,0.06209503239740821,0.5215833333333333,0.4790833333333333,0.042499999999999996
overall,30,deterministic,mean,gru,20260930,dragon,0.060133286256509835,0.4790833333333333,0.38075000000000003,0.09833333333333333
overall,30,deterministic,mean,gru,20261001,dragon,0.04645158442934063,0.44966666666666666,0.39125,0.058416666666666665
overall,30,deterministic,mean,gru,20261002,dragon,0.05247594668549739,0.4551666666666667,0.36850000000000005,0.08666666666666667
overall,30,deterministic,mean,gru,20260930,teamfight,0.014498610760293004,0.3965833333333333,0.3194166666666667,0.07716666666666666
overall,30,deterministic,mean,gru,20261001,teamfight,0.017605455923212932,0.4855833333333333,0.39649999999999996,0.08908333333333333
overall,30,deterministic,mean,gru,20261002,teamfight,0.012642081333670119,0.41783333333333333,0.3576666666666667,0.06016666666666667
overall,30,deterministic,mean,gru,20260930,macro,0.051360894603667384,0.44766666666666666,0.37072222222222223,0.07694444444444444
overall,30,deterministic,mean,gru,20261001,macro,0.05308123704439228,0.48666666666666664,0.41441666666666666,0.07225
overall,30,deterministic,mean,gru,20261002,macro,0.0424043534721919,0.4648611111111111,0.40175,0.0631111111111111
overall,30,deterministic,mean,tcn,20260930,baron,0.1566646096883678,0.613,0.49391666666666667,0.11908333333333333
overall,30,deterministic,mean,tcn,20261001,baron,0.15188213514347423,0.5809166666666666,0.46375,0.11716666666666668
overall,30,deterministic,mean,tcn,20261002,baron,0.15303918543659364,0.59975,0.48175,0.118
overall,30,deterministic,mean,tcn,20260930,dragon,0.07200547268073088,0.4676666666666667,0.23583333333333334,0.23183333333333334
overall,30,deterministic,mean,tcn,20261001,dragon,0.08378939006090563,0.5469166666666667,0.28841666666666665,0.2585
overall,30,deterministic,mean,tcn,20261002,dragon,0.09074057727954805,0.5943333333333334,0.32099999999999995,0.2733333333333333
overall,30,deterministic,mean,tcn,20260930,teamfight,0.01816115180601162,0.4389166666666667,0.3090833333333334,0.12983333333333333
overall,30,deterministic,mean,tcn,20261001,teamfight,0.020017681232634504,0.49133333333333334,0.3481666666666667,0.14316666666666666
overall,30,deterministic,mean,tcn,20261002,teamfight,0.019651427128062643,0.4825,0.33725,0.14525
overall,30,deterministic,mean,tcn,20260930,macro,0.08227707805837009,0.5065277777777778,0.34627777777777774,0.16025
overall,30,deterministic,mean,tcn,20261001,macro,0.0852297354790048,0.5397222222222222,0.3667777777777778,0.17294444444444446
overall,30,deterministic,mean,tcn,20261002,macro,0.08781039661473478,0.5588611111111111,0.37999999999999995,0.1788611111111111
overall,30,deterministic,mean,snapshot,20260930,baron,0.1375347115087936,0.6040833333333333,0.49866666666666665,0.10541666666666666
overall,30,deterministic,mean,snapshot,20261001,baron,0.1265813020672632,0.5550833333333334,0.45208333333333334,0.10299999999999998
overall,30,deterministic,mean,snapshot,20261002,baron,0.13460351743289106,0.5724166666666666,0.4678333333333333,0.10458333333333333
overall,30,deterministic,mean,snapshot,20260930,dragon,0.06693000264807132,0.4670833333333333,0.24933333333333335,0.21775
overall,30,deterministic,mean,snapshot,20261001,dragon,0.06346544266925588,0.4399166666666666,0.23399999999999999,0.20591666666666666
overall,30,deterministic,mean,snapshot,20261002,dragon,0.06397298967252185,0.44608333333333333,0.23625000000000002,0.20983333333333334
overall,30,deterministic,mean,snapshot,20260930,teamfight,0.017075018944177824,0.47983333333333333,0.3666666666666667,0.11316666666666667
overall,30,deterministic,mean,snapshot,20261001,teamfight,0.01875473604445567,0.5261666666666667,0.40691666666666665,0.11925
overall,30,deterministic,mean,snapshot,20261002,teamfight,0.016898206617832787,0.47691666666666666,0.36275,0.11416666666666667
overall,30,deterministic,mean,snapshot,20260930,macro,0.07384657770034757,0.517,0.3715555555555556,0.14544444444444446
overall,30,deterministic,mean,snapshot,20261001,macro,0.06960049359365826,0.5070555555555556,0.36433333333333334,0.1427222222222222
overall,30,deterministic,mean,snapshot,20261002,macro,0.07182490457441523,0.4984722222222222,0.3556111111111111,0.1428611111111111
overall,30,deterministic,mean,current_only,20260930,baron,0.13684048133292193,0.5985833333333334,0.4905,0.10808333333333334
overall,30,deterministic,mean,current_only,20261001,baron,0.13606911447084233,0.5648333333333333,0.4569166666666667,0.10791666666666666
overall,30,deterministic,mean,current_only,20261002,baron,0.13761184819500155,0.5720833333333334,0.46591666666666665,0.10616666666666666
overall,30,deterministic,mean,current_only,20260930,dragon,0.08398799541000972,0.5718333333333333,0.30733333333333335,0.2645
overall,30,deterministic,mean,current_only,20261001,dragon,0.0805675699532174,0.54275,0.29374999999999996,0.249
overall,30,deterministic,mean,current_only,20261002,dragon,0.06774649130549916,0.4465,0.22408333333333336,0.22241666666666668
overall,30,deterministic,mean,current_only,20260930,teamfight,0.018009598383430157,0.49283333333333335,0.3724166666666667,0.12041666666666667
overall,30,deterministic,mean,current_only,20261001,teamfight,0.016923465521596362,0.4765,0.36175,0.11474999999999999
overall,30,deterministic,mean,current_only,20261002,teamfight,0.01808537509472089,0.47633333333333333,0.36416666666666664,0.11216666666666666
overall,30,deterministic,mean,current_only,20260930,macro,0.07961269170878728,0.5544166666666667,0.39008333333333334,0.16433333333333336
overall,30,deterministic,mean,current_only,20261001,macro,0.0778533833152187,0.5280277777777778,0.37080555555555555,0.15722222222222224
overall,30,deterministic,mean,current_only,20261002,macro,0.0744812381984072,0.49830555555555556,0.3513888888888889,0.14691666666666667
overall,30,deterministic,mean,independent,20260930,baron,0.154273372415921,0.57125,0.45425000000000004,0.117
overall,30,deterministic,mean,independent,20261001,baron,0.16029003394014193,0.5774166666666667,0.45716666666666667,0.12025
overall,30,deterministic,mean,independent,20261002,baron,0.15720456649182352,0.5518333333333334,0.43474999999999997,0.11708333333333332
overall,30,deterministic,mean,independent,20260930,dragon,0.07809603671992232,0.5370833333333334,0.27458333333333335,0.2625
overall,30,deterministic,mean,independent,20261001,dragon,0.07544796539853472,0.5131666666666667,0.26641666666666663,0.24674999999999997
overall,30,deterministic,mean,independent,20261002,dragon,0.070129755494748,0.47558333333333336,0.24366666666666667,0.23191666666666666
overall,30,deterministic,mean,independent,20260930,teamfight,0.021369032583985856,0.553,0.39566666666666667,0.15733333333333333
overall,30,deterministic,mean,independent,20261001,teamfight,0.018729477140692095,0.4766666666666667,0.3345,0.14216666666666666
overall,30,deterministic,mean,independent,20261002,teamfight,0.02069967163425107,0.5066666666666666,0.35758333333333336,0.14908333333333332
overall,30,deterministic,mean,independent,20260930,macro,0.0845794805732764,0.5537777777777778,0.37483333333333335,0.17894444444444443
overall,30,deterministic,mean,independent,20261001,macro,0.0848224921597896,0.5224166666666666,0.3526944444444444,0.16972222222222222
overall,30,deterministic,mean,independent,20261002,macro,0.08267799787360752,0.5113611111111112,0.3453333333333333,0.16602777777777777
overall,30,deterministic,mean,pcgrad,20260930,baron,0.15597037951249615,0.54975,0.434,0.11574999999999999
overall,30,deterministic,mean,pcgrad,20261001,baron,0.15651033631595185,0.5850833333333334,0.4665,0.11858333333333335
overall,30,deterministic,mean,pcgrad,20261002,baron,0.1548904659055847,0.5918333333333333,0.47241666666666665,0.11941666666666667
overall,30,deterministic,mean,pcgrad,20260930,dragon,0.08476034954541442,0.5679166666666666,0.30166666666666664,0.26625
overall,30,deterministic,mean,pcgrad,20261001,dragon,0.0805675699532174,0.5206666666666667,0.27016666666666667,0.2505
overall,30,deterministic,mean,pcgrad,20261002,dragon,0.07796363315385293,0.5031666666666667,0.2566666666666667,0.2465
overall,30,deterministic,mean,pcgrad,20260930,teamfight,0.018451629199292753,0.4201666666666667,0.2901666666666667,0.13
overall,30,deterministic,mean,pcgrad,20261001,teamfight,0.02095226067188684,0.5178333333333334,0.36816666666666664,0.14966666666666667
overall,30,deterministic,mean,pcgrad,20261002,teamfight,0.021432179843394794,0.5155833333333334,0.3685833333333333,0.147
overall,30,deterministic,mean,pcgrad,20260930,macro,0.08639411941906777,0.5126111111111111,0.34194444444444444,0.17066666666666666
overall,30,deterministic,mean,pcgrad,20261001,macro,0.08601005564701869,0.5411944444444444,0.36827777777777776,0.1729166666666667
overall,30,deterministic,mean,pcgrad,20261002,macro,0.0847620929676108,0.5368611111111111,0.3658888888888889,0.17097222222222222
overall,30,matched_early_mixture,0.25,leagueews,20260930,baron,0.09665713555690486,0.25116293834125625,0.1636439383478324,0.08751899999342445
overall,30,matched_early_mixture,0.25,leagueews,20261001,baron,0.10176705240645541,0.2459444310336512,0.15562245932506188,0.09032197170858894
overall,30,matched_early_mixture,0.25,leagueews,20261002,baron,0.09561488333298945,0.24864872580602795,0.16124707315156747,0.08740165265446141
overall,30,matched_early_mixture,0.25,leagueews,20260930,dragon,0.038747387174821894,0.2606787920647716,0.13219561797321688,0.1284831740915546
overall,30,matched_early_mixture,0.25,leagueews,20261001,dragon,0.04116946292832112,0.26191341362126436,0.11474598560354375,0.14716742801771981
overall,30,matched_early_mixture,0.25,leagueews,20261002,dragon,0.04313552041695789,0.2677990963452421,0.11343217957822549,0.15436691676701664
overall,30,matched_early_mixture,0.25,leagueews,20260930,teamfight,0.011067923137672745,0.26258333806938716,0.17822784525317767,0.08435549281620926
overall,30,matched_early_mixture,0.25,leagueews,20261001,teamfight,0.00943033390376114,0.24014376833779885,0.16433979142747807,0.0758039769103205
overall,30,matched_early_mixture,0.25,leagueews,20261002,teamfight,0.0108012918416491,0.23525178136764763,0.16083022686935428,0.07442155449829153
overall,30,matched_early_mixture,0.25,leagueews,20260930,macro,0.04882414862313317,0.258141689491805,0.158022467191409,0.1001192223003961
overall,30,matched_early_mixture,0.25,leagueews,20261001,macro,0.05078894974617922,0.24933387099757146,0.1449027454520279,0.10443112554554308
overall,30,matched_early_mixture,0.25,leagueews,20261002,macro,0.04985056519719882,0.2505665345063059,0.14516982653304908,0.10539670797325652
overall,30,matched_early_mixture,0.25,gru,20260930,baron,0.04550586228535523,0.22590001803002357,0.1878690461072132,0.038030971922810776
overall,30,matched_early_mixture,0.25,gru,20261001,baron,0.05688479674526091,0.2407655419602018,0.1935522308738097,0.04721331108639214
overall,30,matched_early_mixture,0.25,gru,20261002,baron,0.03258296897150128,0.236249317715883,0.2110169624319351,0.025232355283947717
overall,30,matched_early_mixture,0.25,gru,20260930,dragon,0.03551828635017451,0.2577046565844646,0.20544886234615486,0.05225579423830917
overall,30,matched_early_mixture,0.25,gru,20261001,dragon,0.02720670597718026,0.25879167971628647,0.2252279046917226,0.0335637750245642
overall,30,matched_early_mixture,0.25,gru,20261002,dragon,0.03188755616286472,0.25005638203841835,0.20203125142646122,0.048025130611957345
overall,30,matched_early_mixture,0.25,gru,20260930,teamfight,0.009285027294625704,0.23893383535050103,0.19075996450996408,0.04817387084053746
overall,30,matched_early_mixture,0.25,gru,20261001,teamfight,0.009097049775063539,0.2434226307607073,0.19651783225553673,0.04690479850516992
overall,30,matched_early_mixture,0.25,gru,20261002,teamfight,0.007655696594313511,0.2340792432454257,0.19574971656186987,0.03832952668355491
overall,30,matched_early_mixture,0.25,gru,20260930,macro,0.030103058643385142,0.24084616998832975,0.1946926243211107,0.04615354566721913
overall,30,matched_early_mixture,0.25,gru,20261001,macro,0.03106285083250157,0.24765995081239853,0.20509932260702302,0.04256062820537542
overall,30,matched_early_mixture,0.25,gru,20261002,macro,0.02404207390955983,0.24012831433324236,0.20293264347342208,0.037195670859819986
overall,30,matched_early_mixture,0.25,tcn,20260930,baron,0.09706404346202632,0.2610090311986872,0.16896373836891102,0.0920452928297759
overall,30,matched_early_mixture,0.25,tcn,20261001,baron,0.09599161648289792,0.2626176461871318,0.17360481313535472,0.08901283305177694
overall,30,matched_early_mixture,0.25,tcn,20261002,baron,0.09482175491894713,0.25925000000000115,0.17279516317016327,0.08645483682983719
overall,30,matched_early_mixture,0.25,tcn,20260930,dragon,0.039632367180920086,0.25932953595317726,0.13701295986622122,0.1223165760869572
overall,30,matched_early_mixture,0.25,tcn,20261001,dragon,0.0408166856322499,0.2575681142779948,0.11553617902652064,0.1420319352514738
overall,30,matched_early_mixture,0.25,tcn,20261002,dragon,0.041335737367862814,0.26138339133940536,0.12200146455047337,0.13938192678893138
overall,30,matched_early_mixture,0.25,tcn,20260930,teamfight,0.011011930008044684,0.23769890811089495,0.1554759130452018,0.082222995065692
overall,30,matched_early_mixture,0.25,tcn,20261001,teamfight,0.009458136353750198,0.24456145568083495,0.17851524728554746,0.0660462083952873
overall,30,matched_early_mixture,0.25,tcn,20261002,teamfight,0.0102346455327325,0.2441053234771653,0.1647386969228132,0.0793666265543528
overall,30,matched_early_mixture,0.25,tcn,20260930,macro,0.04923611355033036,0.2526791584209198,0.15381753709344467,0.09886162132747504
overall,30,matched_early_mixture,0.25,tcn,20261001,macro,0.04875547948963268,0.25491573871532053,0.15588541314914095,0.09903032556617936
overall,30,matched_early_mixture,0.25,tcn,20261002,macro,0.04879737927318082,0.25491290493885727,0.1531784415478166,0.10173446339104046
overall,30,matched_early_mixture,0.25,snapshot,20260930,baron,0.08072311612813418,0.2628857264231102,0.18906003964882473,0.0738256867742847
overall,30,matched_early_mixture,0.25,snapshot,20261001,baron,0.07689819725482447,0.24956398104265468,0.17409406864857085,0.07546991239408317
overall,30,matched_early_mixture,0.25,snapshot,20261002,baron,0.08100949178896827,0.2542411387367136,0.17895191272182395,0.0752892260148895
overall,30,matched_early_mixture,0.25,snapshot,20260930,dragon,0.03790252804966001,0.2611194301423857,0.11908323798626994,0.1420361921561159
overall,30,matched_early_mixture,0.25,snapshot,20261001,dragon,0.037926381691995595,0.2606360965227268,0.13980645815451453,0.12082963836821163
overall,30,matched_early_mixture,0.25,snapshot,20261002,dragon,0.0394029886657529,0.2752155281562973,0.12846736323979052,0.1467481649165072
overall,30,matched_early_mixture,0.25,snapshot,20260930,teamfight,0.009194754957058914,0.26301038946747257,0.20218712546395057,0.06082326400352201
overall,30,matched_early_mixture,0.25,snapshot,20261001,teamfight,0.010544324894418235,0.27184516103552825,0.19841645089947924,0.073428710136049
overall,30,matched_early_mixture,0.25,snapshot,20261002,teamfight,0.010289537306261363,0.2678583959899738,0.1927701545530495,0.07508824143692598
overall,30,matched_early_mixture,0.25,snapshot,20260930,macro,0.0426067997116177,0.26233851534432284,0.1701101343663484,0.0922283809779742
overall,30,matched_early_mixture,0.25,snapshot,20261001,macro,0.0417896346137461,0.2606817462003032,0.1707723259008549,0.08990942029944793
overall,30,matched_early_mixture,0.25,snapshot,20261002,macro,0.043567339253660846,0.2657716876276616,0.16672981017155464,0.09904187745610755
overall,30,matched_early_mixture,0.25,current_only,20260930,baron,0.08382508663125156,0.25996273589247904,0.17910590076406185,0.08085683512841774
overall,30,matched_early_mixture,0.25,current_only,20261001,baron,0.08565533848305654,0.26010960421692053,0.18034761904761876,0.07976198516930207
overall,30,matched_early_mixture,0.25,current_only,20261002,baron,0.0852925693271567,0.26817305458768703,0.18647502903600416,0.08169802555168383
overall,30,matched_early_mixture,0.25,current_only,20260930,dragon,0.039299036462046084,0.26405312840784917,0.1352008360596155,0.12885229234823575
overall,30,matched_early_mixture,0.25,current_only,20261001,dragon,0.039351913819648816,0.2514111991362823,0.12103011336280504,0.13038108577347846
overall,30,matched_early_mixture,0.25,current_only,20261002,dragon,0.03898481676601681,0.26214820451286286,0.1364837815954033,0.1256644229174598
overall,30,matched_early_mixture,0.25,current_only,20260930,teamfight,0.010105759398247304,0.26847071696153707,0.1933770909832719,0.07509362597826506
overall,30,matched_early_mixture,0.25,current_only,20261001,teamfight,0.009919905712704109,0.25884824058941475,0.1857728659907232,0.07307537459869169
overall,30,matched_early_mixture,0.25,current_only,20261002,teamfight,0.010678093363884644,0.26444587256981794,0.19014133222701582,0.074304540342803
overall,30,matched_early_mixture,0.25,current_only,20260930,macro,0.04440996083051499,0.2641621937539551,0.16922794260231644,0.09493425115163952
overall,30,matched_early_mixture,0.25,current_only,20261001,macro,0.04497571933846981,0.2567896813142059,0.16238353280038234,0.09440614851382406
overall,30,matched_early_mixture,0.25,current_only,20261002,macro,0.044985159819019384,0.26492237722345596,0.17103338095280776,0.09388899627064888
overall,30,matched_early_mixture,0.25,independent,20260930,baron,0.09677766438025617,0.24659658119658168,0.1576726495726497,0.08892393162393175
overall,30,matched_early_mixture,0.25,independent,20261001,baron,0.10514258131522798,0.2594456827606632,0.1670939104462872,0.09235177231437572
overall,30,matched_early_mixture,0.25,independent,20261002,baron,0.10121136200736498,0.2503755348455525,0.1612396108082766,0.08913592403727782
overall,30,matched_early_mixture,0.25,independent,20260930,dragon,0.037224119181271165,0.25616867721254855,0.12270001138044839,0.13346866583210026
overall,30,matched_early_mixture,0.25,independent,20261001,dragon,0.03809130099066449,0.25470908062491837,0.12310391068833375,0.131605169936584
overall,30,matched_early_mixture,0.25,independent,20261002,dragon,0.03823983591875699,0.25600374531835385,0.12858426966292189,0.12741947565543174
overall,30,matched_early_mixture,0.25,independent,20260930,teamfight,0.009678361599997215,0.24988989997427638,0.17382730426562204,0.07606259570865426
overall,30,matched_early_mixture,0.25,independent,20261001,teamfight,0.009093118671686816,0.24703611094298467,0.17357726314409017,0.07345884779889382
overall,30,matched_early_mixture,0.25,independent,20261002,teamfight,0.009632690933833357,0.24325669444701956,0.16384308516511323,0.07941360928190601
overall,30,matched_early_mixture,0.25,independent,20260930,macro,0.04789338172050819,0.2508850527944689,0.15139998840624005,0.09948506438822875
overall,30,matched_early_mixture,0.25,independent,20261001,macro,0.050775666992526426,0.2537302914428554,0.15459169475957038,0.09913859668328451
overall,30,matched_early_mixture,0.25,independent,20261002,macro,0.04969462961998511,0.249878658203642,0.15122232187877058,0.09865633632487186
overall,30,matched_early_mixture,0.25,pcgrad,20260930,baron,0.10131244884425751,0.24921266420318852,0.15976007927169183,0.0894525849314974
overall,30,matched_early_mixture,0.25,pcgrad,20261001,baron,0.09890221559560063,0.25188980331262895,0.16226150793650826,0.08962829537612155
overall,30,matched_early_mixture,0.25,pcgrad,20261002,baron,0.10089586662839696,0.2643040823910382,0.17189239263152334,0.09241168975951573
overall,30,matched_early_mixture,0.25,pcgrad,20260930,dragon,0.04049679190043278,0.2572661778343921,0.11409283964160308,0.14317333819278857
overall,30,matched_early_mixture,0.25,pcgrad,20261001,dragon,0.04171388514747133,0.25848237760973036,0.11975716651406745,0.1387252110956632
overall,30,matched_early_mixture,0.25,pcgrad,20261002,dragon,0.03890699076187265,0.25099347260081467,0.12809990343360675,0.12289356916720631
overall,30,matched_early_mixture,0.25,pcgrad,20260930,teamfight,0.009789251344487259,0.24810015182341771,0.17172848865929383,0.07637166316412336
overall,30,matched_early_mixture,0.25,pcgrad,20261001,teamfight,0.009886124744194693,0.2391575752252104,0.15863702554192347,0.08052054968328749
overall,30,matched_early_mixture,0.25,pcgrad,20261002,teamfight,0.01016753145905542,0.24609040328701068,0.16801775208709482,0.07807265119991588
overall,30,matched_early_mixture,0.25,pcgrad,20260930,macro,0.05053283069639252,0.25152633128699947,0.14852713585752955,0.10299919542946978
overall,30,matched_early_mixture,0.25,pcgrad,20261001,macro,0.05016740849575555,0.24984325204918992,0.14688523333083306,0.10295801871835741
overall,30,matched_early_mixture,0.25,pcgrad,20261002,macro,0.04999012961644167,0.2537959860929545,0.15600334938407498,0.09779263670887932
overall,30,matched_early_mixture,0.5,leagueews,20260930,baron,0.15305565937866014,0.5130188370564044,0.39715802027430014,0.11586081678210441
overall,30,matched_early_mixture,0.5,leagueews,20261001,baron,0.15239160313815214,0.5024699165568709,0.3850878348704441,0.11738208168642984
overall,30,matched_early_mixture,0.5,leagueews,20261002,baron,0.14905555783309565,0.5135067039627046,0.3947543869463874,0.11875231701631694
overall,30,matched_early_mixture,0.5,leagueews,20260930,dragon,0.07740190378853985,0.5208322624964686,0.26655142037418744,0.25428084212228
overall,30,matched_early_mixture,0.5,leagueews,20261001,dragon,0.07971248911824341,0.5087631289759958,0.25130386433979574,0.25745926463620117
overall,30,matched_early_mixture,0.5,leagueews,20261002,dragon,0.07958465854629179,0.5135997905584051,0.25586026373800563,0.2577395268204026
overall,30,matched_early_mixture,0.5,leagueews,20260930,teamfight,0.020636686722258865,0.5134529867300138,0.36779737299143805,0.14565561373857436
overall,30,matched_early_mixture,0.5,leagueews,20261001,teamfight,0.018870987273512965,0.49047357163228755,0.35271327280793663,0.1377602988243511
overall,30,matched_early_mixture,0.5,leagueews,20261002,teamfight,0.02059084232604592,0.47796071625562603,0.34211550153016757,0.1358452147254564
overall,30,matched_early_mixture,0.5,leagueews,20260930,macro,0.0836980832964863,0.5157680287609622,0.3438356045466419,0.17193242421431962
overall,30,matched_early_mixture,0.5,leagueews,20261001,macro,0.08365835984330283,0.5005688723883847,0.32970165733939216,0.17086721504899405
overall,30,matched_early_mixture,0.5,leagueews,20261002,macro,0.08307701956847778,0.501689070258912,0.33091005073818686,0.1707790195207253
overall,30,matched_early_mixture,0.5,gru,20260930,baron,0.07993265498360538,0.477014351899031,0.4211607013417993,0.05585365055723285
overall,30,matched_early_mixture,0.5,gru,20261001,baron,0.09230055972769634,0.49054154306862424,0.4212021546082073,0.06933938846041557
overall,30,matched_early_mixture,0.5,gru,20261002,baron,0.0593676103795293,0.488133699131229,0.4476541380887059,0.0404795610425241
overall,30,matched_early_mixture,0.5,gru,20260930,dragon,0.06539270896551912,0.5160279038112531,0.4076212762509717,0.1084066275602801
overall,30,matched_early_mixture,0.5,gru,20261001,dragon,0.05242735846331984,0.5158166927659077,0.44032247605011265,0.07549421671579602
overall,30,matched_early_mixture,0.5,gru,20261002,dragon,0.0605104707029706,0.5194392433275395,0.41896481980626715,0.10047442352127359
overall,30,matched_early_mixture,0.5,gru,20260930,teamfight,0.017198983026708206,0.4831105309427343,0.39405260277720755,0.08905792816552792
overall,30,matched_early_mixture,0.5,gru,20261001,teamfight,0.017488135545047443,0.4895709213858713,0.4004559327160661,0.08911498866980333
overall,30,matched_early_mixture,0.5,gru,20261002,teamfight,0.013904841650361627,0.4832369520897045,0.41659326537546554,0.06664368671423694
overall,30,matched_early_mixture,0.5,gru,20260930,macro,0.05417478232527756,0.4920509288843395,0.40761152678999285,0.08443940209434696
overall,30,matched_early_mixture,0.5,gru,20261001,macro,0.05407201791202121,0.49864305240680107,0.420660187791462,0.07798286461533831
overall,30,matched_early_mixture,0.5,gru,20261002,macro,0.04459430757762051,0.4969366315161577,0.42773740775681285,0.06919922375934488
overall,30,matched_early_mixture,0.5,tcn,20260930,baron,0.1498176192871305,0.5204142895514383,0.4043635240397527,0.11605076551168332
overall,30,matched_early_mixture,0.5,tcn,20261001,baron,0.1472980923816435,0.5180067926225788,0.40114147548357937,0.11686531713900127
overall,30,matched_early_mixture,0.5,tcn,20261002,baron,0.14993473049628558,0.5190102564102581,0.39936923076923014,0.1196410256410252
overall,30,matched_early_mixture,0.5,tcn,20260930,dragon,0.07926473436184017,0.5186590719063545,0.27402591973244245,0.2446331521739144
overall,30,matched_early_mixture,0.5,tcn,20261001,dragon,0.08076058325608512,0.5170210185330304,0.25937105995805226,0.2576499585749794
overall,30,matched_early_mixture,0.5,tcn,20261002,dragon,0.08002340951493088,0.5215361966117875,0.2736544977332371,0.24788169887854755
overall,30,matched_early_mixture,0.5,tcn,20260930,teamfight,0.019744532222100517,0.481550440102766,0.3441702369308306,0.1373802031719346
overall,30,matched_early_mixture,0.5,tcn,20261001,teamfight,0.01865276308697251,0.4878920600139245,0.35964752152599255,0.12824453848793269
overall,30,matched_early_mixture,0.5,tcn,20261002,teamfight,0.019002553955824897,0.48950370370370533,0.3479111111111179,0.14159259259259402
overall,30,matched_early_mixture,0.5,tcn,20260930,macro,0.08294229529035706,0.5068746005201862,0.34085322690100855,0.16602137361917743
overall,30,matched_early_mixture,0.5,tcn,20261001,macro,0.08223714624156704,0.5076399570565112,0.34005335232254136,0.16758660473397113
overall,30,matched_early_mixture,0.5,tcn,20261002,macro,0.08298689798901378,0.5100167189085837,0.34031161320452835,0.1697051057040556
overall,30,matched_early_mixture,0.5,snapshot,20260930,baron,0.13033081308129318,0.5173180967655713,0.4142321571772245,0.10308593958834524
overall,30,matched_early_mixture,0.5,snapshot,20261001,baron,0.1230525619163569,0.5056107742855365,0.4038194036327564,0.1017913706527806
overall,30,matched_early_mixture,0.5,snapshot,20261002,baron,0.12927771344439004,0.505084640883978,0.40320982008783063,0.10187482079614642
overall,30,matched_early_mixture,0.5,snapshot,20260930,dragon,0.07739991629084038,0.5247256881351369,0.27434188034188095,0.2503838077932556
overall,30,matched_early_mixture,0.5,snapshot,20261001,dragon,0.07502051239726942,0.5150204923651788,0.28578298433623994,0.22923750802893902
overall,30,matched_early_mixture,0.5,snapshot,20261002,dragon,0.07561847242187714,0.5312543410032319,0.2818750515508904,0.2493792894523432
overall,30,matched_early_mixture,0.5,snapshot,20260930,teamfight,0.018203662611507007,0.5186187425962029,0.40267766090921964,0.11594108168698354
overall,30,matched_early_mixture,0.5,snapshot,20261001,teamfight,0.01878236187165444,0.5169326428675372,0.3999090309933972,0.11702361187413897
overall,30,matched_early_mixture,0.5,snapshot,20261002,teamfight,0.018057457358982176,0.5134757894736849,0.390868771929825,0.12260701754385925
overall,30,matched_early_mixture,0.5,snapshot,20260930,macro,0.07531146399454686,0.5202208424989703,0.36375056614277507,0.1564702763561948
overall,30,matched_early_mixture,0.5,snapshot,20261001,macro,0.07228514539509358,0.5125213031727508,0.3631704729874645,0.1493508301852862
overall,30,matched_early_mixture,0.5,snapshot,20261002,macro,0.07431788107508312,0.5166049237869649,0.35865121452284865,0.1579537092641163
overall,30,matched_early_mixture,0.5,current_only,20260930,baron,0.12876316258320017,0.51145254058105,0.40766465936007185,0.1037878812209787
overall,30,matched_early_mixture,0.5,current_only,20261001,baron,0.13209130113444756,0.5083627906976755,0.40294790697674443,0.1054148837209301
overall,30,matched_early_mixture,0.5,current_only,20261002,baron,0.13401966177902863,0.5206298312133082,0.41513191046966724,0.10549792074363983
overall,30,matched_early_mixture,0.5,current_only,20260930,dragon,0.07806837133389008,0.5256610401556281,0.27398820423900255,0.25167283591662665
overall,30,matched_early_mixture,0.5,current_only,20261001,dragon,0.0771463156130667,0.5072912286616189,0.26394995351783157,0.24334127514378748
overall,30,matched_early_mixture,0.5,current_only,20261002,dragon,0.07789520585115317,0.5239924200298528,0.2753958071156124,0.24859661291424284
overall,30,matched_early_mixture,0.5,current_only,20260930,teamfight,0.01844873186743944,0.5136726864399415,0.38809827803520575,0.12557440840473313
overall,30,matched_early_mixture,0.5,current_only,20261001,teamfight,0.018138544013975973,0.5098147863593199,0.38768553149709356,0.12212925486222627
overall,30,matched_early_mixture,0.5,current_only,20261002,teamfight,0.019193512543824502,0.5211358124838018,0.39990085021746835,0.12123496226632983
overall,30,matched_early_mixture,0.5,current_only,20260930,macro,0.07509342192817657,0.5169287557255399,0.3565837138780934,0.16034504184744616
overall,30,matched_early_mixture,0.5,current_only,20261001,macro,0.07579205358716341,0.5084896019062047,0.35152779733055656,0.15696180457564793
overall,30,matched_early_mixture,0.5,current_only,20261002,macro,0.07703612672466877,0.5219193545756542,0.3634761892675827,0.15844316530807084
overall,30,matched_early_mixture,0.5,independent,20260930,baron,0.15061620383980978,0.49167327435561414,0.37701807557885414,0.11465519877675767
overall,30,matched_early_mixture,0.5,independent,20261001,baron,0.15862886813210775,0.5071174342632698,0.3879361972903649,0.11918123697290416
overall,30,matched_early_mixture,0.5,independent,20261002,baron,0.1561507711695129,0.5020844132394401,0.3838561953970306,0.11822821784240951
overall,30,matched_early_mixture,0.5,independent,20260930,dragon,0.07498153050365505,0.5211496149614976,0.27245462046204605,0.24869499449945265
overall,30,matched_early_mixture,0.5,independent,20261001,dragon,0.076060951430906,0.5147239748480624,0.2639456665345487,0.25077830831351466
overall,30,matched_early_mixture,0.5,independent,20261002,dragon,0.07644377958755105,0.5106342105263115,0.25885438596491134,0.2517798245614016
overall,30,matched_early_mixture,0.5,independent,20260930,teamfight,0.01950014521427444,0.4969456051461537,0.3588740139789956,0.13807159116715884
overall,30,matched_early_mixture,0.5,independent,20261001,teamfight,0.018414945235632977,0.4877085855223342,0.35639695053060566,0.13131163499172768
overall,30,matched_early_mixture,0.5,independent,20261002,teamfight,0.019462106927565136,0.49237886248813667,0.34923326476368294,0.14314559772444846
overall,30,matched_early_mixture,0.5,independent,20260930,macro,0.08169929318591308,0.5032561648210886,0.3361155700066319,0.1671405948144564
overall,30,matched_early_mixture,0.5,independent,20261001,macro,0.08436825493288225,0.5031833315445554,0.33609293811850643,0.16709039342604884
overall,30,matched_early_mixture,0.5,independent,20261002,macro,0.08401888589487637,0.5016991620846294,0.33064794870854164,0.1710512133760865
overall,30,matched_early_mixture,0.5,pcgrad,20260930,baron,0.15363496874954416,0.502898913951543,0.3860319522209779,0.11686696173056761
overall,30,matched_early_mixture,0.5,pcgrad,20261001,baron,0.14662736902415105,0.5036085477508767,0.38553412586400254,0.11807442188687432
overall,30,matched_early_mixture,0.5,pcgrad,20261002,baron,0.15311477113054725,0.5187649714932346,0.39621337641989834,0.12255159507333402
overall,30,matched_early_mixture,0.5,pcgrad,20260930,dragon,0.07894692741759136,0.5205002575991766,0.2586582046477277,0.2618420529514488
overall,30,matched_early_mixture,0.5,pcgrad,20261001,dragon,0.08113575721203904,0.5135616020663052,0.25945915284795573,0.2541024492183516
overall,30,matched_early_mixture,0.5,pcgrad,20261002,dragon,0.0778139815237453,0.5019869452016293,0.2561998068672135,0.24578713833441262
overall,30,matched_early_mixture,0.5,pcgrad,20260930,teamfight,0.019799244204073353,0.49430763002222966,0.35915015125899297,0.13515747876323767
overall,30,matched_early_mixture,0.5,pcgrad,20261001,teamfight,0.019611954019945074,0.4726026512299834,0.32961606676568966,0.14298658446429438
overall,30,matched_early_mixture,0.5,pcgrad,20261002,teamfight,0.019996067332777673,0.48197485782681726,0.3488678515684874,0.13310700625832536
overall,30,matched_early_mixture,0.5,pcgrad,20260930,macro,0.08412704679040296,0.5059022671909831,0.33461343604256616,0.171288831148418
overall,30,matched_early_mixture,0.5,pcgrad,20261001,macro,0.0824583600853784,0.49659093368238844,0.32486978182588266,0.1717211518565068
overall,30,matched_early_mixture,0.5,pcgrad,20261002,macro,0.08364160666235675,0.5009089248405604,0.3337603449518664,0.16714857988869067
overall,30,matched_early_mixture,0.75,leagueews,20260930,baron,0.18928859317628233,0.7640560303893635,0.6312592592592574,0.13279677113010438
overall,30,matched_early_mixture,0.75,leagueews,20261001,baron,0.1896449176869851,0.7556998955088633,0.6224300636866821,0.13326983182217975
overall,30,matched_early_mixture,0.75,leagueews,20261002,baron,0.18522032440780614,0.7738479204468635,0.6373883730031664,0.13645954744369684
overall,30,matched_early_mixture,0.75,leagueews,20260930,dragon,0.1144464540938536,0.7752908373677582,0.4236851353774443,0.3516057019903163
overall,30,matched_early_mixture,0.75,leagueews,20261001,dragon,0.11373663428428984,0.762595359328071,0.42699222899298406,0.33560313033508926
overall,30,matched_early_mixture,0.75,leagueews,20261002,dragon,0.11675778752421499,0.7752886194805921,0.4312943959113333,0.3439942235692611
overall,30,matched_early_mixture,0.75,leagueews,20260930,teamfight,0.029518699223486558,0.7533115642955399,0.5541938981953579,0.19911766610018736
overall,30,matched_early_mixture,0.75,leagueews,20261001,teamfight,0.02784876049893128,0.7295737817683584,0.5374154720191358,0.19215830974922213
overall,30,matched_early_mixture,0.75,leagueews,20261002,teamfight,0.03002625481139681,0.7251385328698907,0.5307674272799868,0.19437110558990398
overall,30,matched_early_mixture,0.75,leagueews,20260930,macro,0.11108458216454081,0.7642194773508871,0.5363794309440199,0.22784004640686936
overall,30,matched_early_mixture,0.75,leagueews,20261001,macro,0.1104101041567354,0.7492896788684309,0.5289459215662673,0.2203437573021637
overall,30,matched_early_mixture,0.75,leagueews,20261002,macro,0.11066812224780598,0.7580916909324488,0.5331500653981621,0.22494162553428731
overall,30,matched_early_mixture,0.75,gru,20260930,baron,0.1142309783660012,0.7286225138952539,0.6550569424985926,0.07356557139666438
overall,30,matched_early_mixture,0.75,gru,20261001,baron,0.12351269950080651,0.7484454763563201,0.6621311302014802,0.0863143461548377
overall,30,matched_early_mixture,0.75,gru,20261002,baron,0.08453369459846075,0.7514563451237857,0.6953231759095979,0.05613316921418758
overall,30,matched_early_mixture,0.75,gru,20260930,dragon,0.09238716397832075,0.7846020871143331,0.6266909061446696,0.15791118096966328
overall,30,matched_early_mixture,0.75,gru,20261001,dragon,0.0776480109494596,0.7728417058155249,0.6554170474085005,0.11742465840702562
overall,30,matched_early_mixture,0.75,gru,20261002,dragon,0.08702460085382073,0.7857172652104135,0.6343135721337765,0.15140369307663729
overall,30,matched_early_mixture,0.75,gru,20260930,teamfight,0.024537360516301444,0.7404687497611988,0.6140386893163061,0.1264300604448938
overall,30,matched_early_mixture,0.75,gru,20261001,teamfight,0.025331963770783374,0.7372897202343346,0.6086020747087664,0.1286876455255669
overall,30,matched_early_mixture,0.75,gru,20261002,teamfight,0.020013132055145242,0.7291562945973513,0.6348565171593664,0.09429977743798885
overall,30,matched_early_mixture,0.75,gru,20260930,macro,0.07705183428687447,0.7512311169235953,0.6319288459865228,0.11930227093707381
overall,30,matched_early_mixture,0.75,gru,20261001,macro,0.07549755807368316,0.7528589674687266,0.642050084106249,0.11080888336247674
overall,30,matched_early_mixture,0.75,gru,20261002,macro,0.06385714250247557,0.7554433016438503,0.6548310884009135,0.1006122132429379
overall,30,matched_early_mixture,0.75,tcn,20260930,baron,0.18607721480594466,0.7917674997639975,0.6581023553289904,0.13366514443500477
overall,30,matched_early_mixture,0.75,tcn,20261001,baron,0.18640228052176114,0.7670459952418751,0.6334974006520389,0.13354859458983162
overall,30,matched_early_mixture,0.75,tcn,20261002,baron,0.18635622444532687,0.8012701543943687,0.6646445086016298,0.1366256457927389
overall,30,matched_early_mixture,0.75,tcn,20260930,dragon,0.1174418116525074,0.7656995453595342,0.42662308098755,0.33907646437197947
overall,30,matched_early_mixture,0.75,tcn,20261001,dragon,0.11677539171498896,0.7678891481614437,0.4286947775099558,0.3391943706514869
overall,30,matched_early_mixture,0.75,tcn,20261002,dragon,0.11600863040710035,0.7758630589808364,0.4419141534195021,0.33394890556133333
overall,30,matched_early_mixture,0.75,tcn,20260930,teamfight,0.028135340694013293,0.7272920254005764,0.5379137694111513,0.18937825598942234
overall,30,matched_early_mixture,0.75,tcn,20261001,teamfight,0.027847389820194808,0.7312226643470158,0.5407797957664374,0.19044286858057824
overall,30,matched_early_mixture,0.75,tcn,20261002,teamfight,0.027808138344756487,0.7361328915913122,0.544435666770611,0.19169722482070609
overall,30,matched_early_mixture,0.75,tcn,20260930,macro,0.11055145571748846,0.7615863568413693,0.5408797352425639,0.2207066215988022
overall,30,matched_early_mixture,0.75,tcn,20261001,macro,0.11034168735231496,0.7553859359167783,0.5343239913094774,0.22106194460729892
overall,30,matched_early_mixture,0.75,tcn,20261002,macro,0.11005766439906124,0.7710887016555058,0.5503314429305809,0.2207572587249261
overall,30,matched_early_mixture,0.75,snapshot,20260930,baron,0.16534021816069852,0.7598946078431319,0.6390073529411738,0.12088725490196085
overall,30,matched_early_mixture,0.75,snapshot,20261001,baron,0.1624861999052063,0.7597155497280523,0.6375079351204377,0.12220761460761484
overall,30,matched_early_mixture,0.75,snapshot,20261002,baron,0.16299540133959042,0.7608093338460079,0.6382618475439773,0.12254748630202797
overall,30,matched_early_mixture,0.75,snapshot,20260930,dragon,0.1103485539140418,0.7811143800830308,0.4461725994547929,0.3349417806282313
overall,30,matched_early_mixture,0.75,snapshot,20261001,dragon,0.11027387157626244,0.770128658061881,0.4494004373235576,0.32072822073832125
overall,30,matched_early_mixture,0.75,snapshot,20261002,dragon,0.11359251676339815,0.7859984882632334,0.4526407475468953,0.33335774071634183
overall,30,matched_early_mixture,0.75,snapshot,20260930,teamfight,0.02555545964462765,0.7618162042875166,0.6022556045957691,0.15956059969174913
overall,30,matched_early_mixture,0.75,snapshot,20261001,teamfight,0.026309461772962606,0.7666124457791152,0.6083224891558237,0.15828995662328957
overall,30,matched_early_mixture,0.75,snapshot,20261002,teamfight,0.025404772786763015,0.7486052510586841,0.5899304779189374,0.15867477313974504
overall,30,matched_early_mixture,0.75,snapshot,20260930,macro,0.10041474390645598,0.7676083974045599,0.5624785189972452,0.20512987840731375
overall,30,matched_early_mixture,0.75,snapshot,20261001,macro,0.09968984441814378,0.7654855511896829,0.5650769538666064,0.20040859732307523
overall,30,matched_early_mixture,0.75,snapshot,20261002,macro,0.10066423029658385,0.7651376910559752,0.56027769100327,0.2048600000527049
overall,30,matched_early_mixture,0.75,current_only,20260930,baron,0.16149419265894238,0.7616248547667112,0.6427199596404325,0.1189048951262758
overall,30,matched_early_mixture,0.75,current_only,20261001,baron,0.16773265024696946,0.7598666991856736,0.6360533718141539,0.1238133273715158
overall,30,matched_early_mixture,0.75,current_only,20261002,baron,0.16990373608701312,0.7643758049578961,0.6419020051258859,0.1224737998320088
overall,30,matched_early_mixture,0.75,current_only,20260930,dragon,0.1146373702684549,0.7828406873452771,0.43565247872849294,0.34718820861677985
overall,30,matched_early_mixture,0.75,current_only,20261001,dragon,0.11208483359435027,0.7637342788643207,0.42984741531176696,0.33388686355255065
overall,30,matched_early_mixture,0.75,current_only,20261002,dragon,0.11535564434026513,0.7811069957735194,0.43929947642091716,0.3418075193526001
overall,30,matched_early_mixture,0.75,current_only,20260930,teamfight,0.026033920821838755,0.7668437576499436,0.5946522031823765,0.1721915544675638
overall,30,matched_early_mixture,0.75,current_only,20261001,teamfight,0.025979300343066548,0.7671688492660846,0.6012027497109146,0.16596609955517033
overall,30,matched_early_mixture,0.75,current_only,20261002,teamfight,0.027527286707808015,0.7774893423166992,0.6111684527973981,0.16632088951929944
overall,30,matched_early_mixture,0.75,current_only,20260930,macro,0.100721827916412,0.7704364332539774,0.5576748805171007,0.21276155273687314
overall,30,matched_early_mixture,0.75,current_only,20261001,macro,0.10193226139479543,0.7635899424386929,0.5557011789456118,0.20788876349307892
overall,30,matched_early_mixture,0.75,current_only,20261002,macro,0.1042622223783621,0.7743240476827049,0.5641233114480669,0.21020073623463612
overall,30,matched_early_mixture,0.75,independent,20260930,baron,0.18997656095573784,0.7509027206889771,0.6182276375024465,0.132675083186534
overall,30,matched_early_mixture,0.75,independent,20261001,baron,0.19543726857458513,0.7670032847587213,0.6311032077825561,0.1359000769761638
overall,30,matched_early_mixture,0.75,independent,20261002,baron,0.1945753399242279,0.7582172381890271,0.622325961739335,0.13589127644969728
overall,30,matched_early_mixture,0.75,independent,20260930,dragon,0.11144635807142066,0.7806875256080757,0.42991467854881293,0.3507728470592609
overall,30,matched_early_mixture,0.75,independent,20261001,dragon,0.11151917285019493,0.7710159574468098,0.426369680851064,0.3446462765957454
overall,30,matched_early_mixture,0.75,independent,20261002,dragon,0.11159408957437132,0.7657933159834285,0.4363631464991882,0.3294301694842355
overall,30,matched_early_mixture,0.75,independent,20260930,teamfight,0.029037466997627267,0.7448948030738347,0.5470752080759861,0.19781959499784932
overall,30,matched_early_mixture,0.75,independent,20261001,teamfight,0.02772350804440299,0.7293777391704768,0.5402362609223202,0.18914147824815536
overall,30,matched_early_mixture,0.75,independent,20261002,teamfight,0.029124924279496894,0.7432946258176366,0.5410768954348357,0.20221773038280275
overall,30,matched_early_mixture,0.75,independent,20260930,macro,0.11015346200826193,0.758828349790296,0.5317391747090818,0.22708917508121473
overall,30,matched_early_mixture,0.75,independent,20261001,macro,0.11155998315639436,0.7557989937920025,0.5325697165186468,0.22322927727335484
overall,30,matched_early_mixture,0.75,independent,20261002,macro,0.11176478459269872,0.7557683933300307,0.5332553345577863,0.22251305877224517
overall,30,matched_early_mixture,0.75,pcgrad,20260930,baron,0.19127351625365702,0.7606902899374994,0.6278878508448874,0.1328024390926125
overall,30,matched_early_mixture,0.75,pcgrad,20261001,baron,0.18606572264492402,0.7650521003818855,0.6321002909619923,0.1329518094198945
overall,30,matched_early_mixture,0.75,pcgrad,20261002,baron,0.1850671286956382,0.763945833333335,0.6286128205128215,0.13533301282051266
overall,30,matched_early_mixture,0.75,pcgrad,20260930,dragon,0.11500958505798518,0.772196144987265,0.4241073463450118,0.3480887986422554
overall,30,matched_early_mixture,0.75,pcgrad,20261001,dragon,0.11674497478932364,0.7613361385337482,0.41625168581755306,0.3450844527161895
overall,30,matched_early_mixture,0.75,pcgrad,20261002,dragon,0.11663668116957028,0.7604098311650092,0.4178063239442539,0.3426035072207504
overall,30,matched_early_mixture,0.75,pcgrad,20260930,teamfight,0.03002734753868296,0.7432118234401296,0.5522041221965227,0.1910077012436083
overall,30,matched_early_mixture,0.75,pcgrad,20261001,teamfight,0.02878602472326752,0.7167159418014332,0.5236474328780031,0.19306850892343166
overall,30,matched_early_mixture,0.75,pcgrad,20261002,teamfight,0.029118769400994025,0.7321157152867378,0.5449638782378113,0.18715183704893318
overall,30,matched_early_mixture,0.75,pcgrad,20260930,macro,0.1121034829501084,0.7586994194549647,0.5347331064621407,0.2239663129928254
overall,30,matched_early_mixture,0.75,pcgrad,20261001,macro,0.11053224071917173,0.7477013935723557,0.5239998032191827,0.22370159035317186
overall,30,matched_early_mixture,0.75,pcgrad,20261002,macro,0.11027419308873417,0.7521571265950273,0.5304610075649623,0.2216961190300654
overall,30,matched_early_mixture,1.0,leagueews,20260930,baron,0.2157656814271012,1.0209345995212065,0.8767005278186334,0.14423407170257546
overall,30,matched_early_mixture,1.0,leagueews,20261001,baron,0.21655150370576956,1.0155706165480862,0.8726472019924302,0.14292341455565566
overall,30,matched_early_mixture,1.0,leagueews,20261002,baron,0.2134787488105247,1.0279360730593632,0.881935372467567,0.14600070059179393
overall,30,matched_early_mixture,1.0,leagueews,20260930,dragon,0.14723196663361673,1.0265571874299728,0.6120460947061768,0.41451109272379477
overall,30,matched_early_mixture,1.0,leagueews,20261001,dragon,0.14577572046616968,1.0033941275755502,0.6081365455452583,0.3952575820302937
overall,30,matched_early_mixture,1.0,leagueews,20261002,dragon,0.14943736756848577,1.0257779935457159,0.6183056775113474,0.40747231603436823
overall,30,matched_early_mixture,1.0,leagueews,20260930,teamfight,0.0381091251325746,1.0037715484263423,0.7536467492496614,0.250124799176684
overall,30,matched_early_mixture,1.0,leagueews,20261001,teamfight,0.03629546950713049,0.9758943905261446,0.7323109368268994,0.24358345369924572
overall,30,matched_early_mixture,1.0,leagueews,20261002,teamfight,0.03765444263984687,0.9844666883939392,0.7431770719066482,0.24128961648728356
overall,30,matched_early_mixture,1.0,leagueews,20260930,macro,0.1337022577310975,1.0170877784591739,0.7474644572581571,0.2696233212010181
overall,30,matched_early_mixture,1.0,leagueews,20261001,macro,0.13287423122635658,0.9982863782165937,0.7376982281215293,0.26058815009506503
overall,30,matched_early_mixture,1.0,leagueews,20261002,macro,0.13352351967295242,1.012726918333006,0.7478060406285207,0.26492087770448186
overall,30,matched_early_mixture,1.0,gru,20260930,baron,0.14073066795323594,0.9946587229050219,0.9065510126083627,0.0881077102966589
overall,30,matched_early_mixture,1.0,gru,20261001,baron,0.15324190430150866,1.0029439671851963,0.9021796300595883,0.10076433712560992
overall,30,matched_early_mixture,1.0,gru,20261002,baron,0.10574598715639046,1.00808365079365,0.942474306396808,0.06560934439684175
overall,30,matched_early_mixture,1.0,gru,20260930,dragon,0.11552550403189883,1.0391323155216308,0.8373163390637637,0.2018159764578642
overall,30,matched_early_mixture,1.0,gru,20261001,dragon,0.10176582157533089,1.0323782739976195,0.8694041850993658,0.1629740888982533
overall,30,matched_early_mixture,1.0,gru,20261002,dragon,0.11015830657620103,1.0280464951252557,0.8339271411822797,0.1941193539429856
overall,30,matched_early_mixture,1.0,gru,20260930,teamfight,0.031737857745126816,1.0049824969624692,0.8422721281034335,0.16271036885903414
overall,30,matched_early_mixture,1.0,gru,20261001,teamfight,0.03147388131187966,0.9779253839379011,0.8184647636468658,0.15946062029103192
overall,30,matched_early_mixture,1.0,gru,20261002,teamfight,0.02560920992128568,0.9831167357825082,0.8617041568713614,0.12141257891114718
overall,30,matched_early_mixture,1.0,gru,20260930,macro,0.09599800991008721,1.012924511796374,0.86204649325852,0.1508780185378524
overall,30,matched_early_mixture,1.0,gru,20261001,macro,0.09549386906290641,1.004415875040239,0.8633495262686067,0.1410663487716317
overall,30,matched_early_mixture,1.0,gru,20261002,macro,0.08050450121795906,1.0064156272338045,0.8793685348168164,0.12704709241699152
overall,30,matched_early_mixture,1.0,tcn,20260930,baron,0.2160264358286412,1.0310223802750083,0.8818848269321933,0.1491375533428163
overall,30,matched_early_mixture,1.0,tcn,20261001,baron,0.21417979753151467,1.0309097115244297,0.883645262071166,0.14726444945326417
overall,30,matched_early_mixture,1.0,tcn,20261002,baron,0.2112701854732911,1.0436443142492853,0.89637581203327,0.14726850221601592
overall,30,matched_early_mixture,1.0,tcn,20260930,dragon,0.1499774466426756,1.01828006008713,0.6127855310199796,0.4054945290671487
overall,30,matched_early_mixture,1.0,tcn,20261001,dragon,0.1490120894867724,1.0158537830743557,0.6169610755593026,0.3988927075150528
overall,30,matched_early_mixture,1.0,tcn,20261002,dragon,0.15155664465290172,1.023699918831169,0.6207505321067812,0.40294938672438674
overall,30,matched_early_mixture,1.0,tcn,20260930,teamfight,0.03645988061883719,0.9785765766335753,0.7435323013559564,0.23504427527762115
overall,30,matched_early_mixture,1.0,tcn,20261001,teamfight,0.03677509822768051,0.9797968616653007,0.740129631418772,0.23966723024652542
overall,30,matched_early_mixture,1.0,tcn,20261002,teamfight,0.03635813549751826,0.9866823926826728,0.753703596299763,0.23297879638291313
overall,30,matched_early_mixture,1.0,tcn,20260930,macro,0.13415458769671798,1.0092930056652378,0.7460675531027098,0.26322545256252877
overall,30,matched_early_mixture,1.0,tcn,20261001,macro,0.13332232841532252,1.0088534520880288,0.7469119896830803,0.2619414624049475
overall,30,matched_early_mixture,1.0,tcn,20261002,macro,0.1330616552079037,1.0180088752543757,0.7569433134799382,0.2610655617744386
overall,30,matched_early_mixture,1.0,snapshot,20260930,baron,0.19284487416374038,0.9969059187540724,0.8622568913957497,0.13464902735832235
overall,30,matched_early_mixture,1.0,snapshot,20261001,baron,0.18983876991484183,1.010513065760852,0.8743847769732708,0.13612828878758088
overall,30,matched_early_mixture,1.0,snapshot,20261002,baron,0.1923584851784208,1.0041803131509062,0.8691747827336084,0.13500553041729477
overall,30,matched_early_mixture,1.0,snapshot,20260930,dragon,0.14335804787259324,1.0288868629212657,0.6325068794813526,0.3963799834399152
overall,30,matched_early_mixture,1.0,snapshot,20261001,dragon,0.14282918975952774,1.019603303029038,0.6309707912596337,0.3886325117694079
overall,30,matched_early_mixture,1.0,snapshot,20261002,dragon,0.14450954739818558,1.0344756015606942,0.6403111114454502,0.3941644901152443
overall,30,matched_early_mixture,1.0,snapshot,20260930,teamfight,0.03223357967331159,1.0089892537968084,0.8119089131348556,0.19708034066195032
overall,30,matched_early_mixture,1.0,snapshot,20261001,teamfight,0.033045308197939695,1.016881769981367,0.8225023702564386,0.19437939972492904
overall,30,matched_early_mixture,1.0,snapshot,20261002,teamfight,0.03229116540867632,0.998943858649191,0.8054875558088767,0.19345630284031642
overall,30,matched_early_mixture,1.0,snapshot,20260930,macro,0.1228121672365484,1.011594011824049,0.7688908946706526,0.242703117153396
overall,30,matched_early_mixture,1.0,snapshot,20261001,macro,0.1219044226241031,1.0156660462570857,0.7759526461631143,0.2397134000939726
overall,30,matched_early_mixture,1.0,snapshot,20261002,macro,0.12305306599509423,1.0125332577869304,0.771657816662645,0.24087544112428516
overall,30,matched_early_mixture,1.0,current_only,20260930,baron,0.19090623186067335,1.0265722864867246,0.8916869875459811,0.13488529894074305
overall,30,matched_early_mixture,1.0,current_only,20261001,baron,0.19524634715172395,1.009180507892924,0.8712322123083929,0.13794829558453445
overall,30,matched_early_mixture,1.0,current_only,20261002,baron,0.19961474757976744,1.0056254136842944,0.8704231701685544,0.13520224351573945
overall,30,matched_early_mixture,1.0,current_only,20260930,dragon,0.14799085860908479,1.0380474183088824,0.6240940158983304,0.4139534024105514
overall,30,matched_early_mixture,1.0,current_only,20261001,dragon,0.1455138666912073,1.0143303191489315,0.6087342198581585,0.40559609929077944
overall,30,matched_early_mixture,1.0,current_only,20261002,dragon,0.15060010936867857,1.0285056861747386,0.6217380441542757,0.40676764202046023
overall,30,matched_early_mixture,1.0,current_only,20260930,teamfight,0.03334399413108498,1.0155344735250906,0.809200823471826,0.20633365005326582
overall,30,matched_early_mixture,1.0,current_only,20261001,teamfight,0.033372880176284286,1.0186120637999054,0.8133693887292125,0.205242675070689
overall,30,matched_early_mixture,1.0,current_only,20261002,teamfight,0.03411487340242161,1.010693195581774,0.8118171064365722,0.19887608914521301
overall,30,matched_early_mixture,1.0,current_only,20260930,macro,0.12408036153361436,1.0267180594402328,0.7749939423053792,0.25172411713485343
overall,30,matched_early_mixture,1.0,current_only,20261001,macro,0.12471103133973853,1.0140409636139203,0.7644452736319213,0.24959568998200096
overall,30,matched_early_mixture,1.0,current_only,20261002,macro,0.12810991011695586,1.0149414318136023,0.7679927735864673,0.24694865822713755
overall,30,matched_early_mixture,1.0,independent,20260930,baron,0.21754464978303856,1.006719432075106,0.8598653025947419,0.14685412948036244
overall,30,matched_early_mixture,1.0,independent,20261001,baron,0.22286218946898242,1.0266338514680498,0.8797868474947385,0.14684700397330963
overall,30,matched_early_mixture,1.0,independent,20261002,baron,0.22187213399320346,1.0025268656314,0.8560068073978183,0.14652005823358133
overall,30,matched_early_mixture,1.0,independent,20260930,dragon,0.1432775158129957,1.0225862703467905,0.6116901627742363,0.4108961075725459
overall,30,matched_early_mixture,1.0,independent,20261001,dragon,0.14403891099331215,1.021639445059349,0.6189955625995034,0.40264388245984545
overall,30,matched_early_mixture,1.0,independent,20261002,dragon,0.145955364222104,1.0248539950564364,0.6268977396587124,0.3979562553977176
overall,30,matched_early_mixture,1.0,independent,20260930,teamfight,0.037465166344877454,0.9962440213741908,0.7489914749136977,0.24725254646048947
overall,30,matched_early_mixture,1.0,independent,20261001,teamfight,0.036910904657240604,0.9801516907984154,0.7333899652534291,0.24676172554498732
overall,30,matched_early_mixture,1.0,independent,20261002,teamfight,0.03751502887847076,1.0042534999927215,0.7555297529731158,0.24872374701960442
overall,30,matched_early_mixture,1.0,independent,20260930,macro,0.1327624439803039,1.0085165745986957,0.7401823134275586,0.2683342611711326
overall,30,matched_early_mixture,1.0,independent,20261001,macro,0.13460400170651174,1.0094749957752713,0.7440574584492237,0.2654175373260475
overall,30,matched_early_mixture,1.0,independent,20261002,macro,0.13511417569792608,1.0105447868935193,0.7461447666765487,0.2644000202169678
overall,30,matched_early_mixture,1.0,pcgrad,20260930,baron,0.2164870507344443,1.0164764538336033,0.8721365302499191,0.14433992358368172
overall,30,matched_early_mixture,1.0,pcgrad,20261001,baron,0.2151429967174653,1.035559443252456,0.8904501921580625,0.14510925109439726
overall,30,matched_early_mixture,1.0,pcgrad,20261002,baron,0.21409190265624042,1.0133471581679956,0.8665862447789731,0.14676091338902386
overall,30,matched_early_mixture,1.0,pcgrad,20260930,dragon,0.1470455436370651,1.0153142975663605,0.6106902654867273,0.4046240320796418
overall,30,matched_early_mixture,1.0,pcgrad,20261001,dragon,0.14816076079951387,1.012618136073169,0.6108008743733976,0.4018172616997717
overall,30,matched_early_mixture,1.0,pcgrad,20261002,dragon,0.1505893681992304,1.009187413280262,0.6044661448351475,0.4047212684451118
overall,30,matched_early_mixture,1.0,pcgrad,20260930,teamfight,0.03899188021745426,1.0039960093008748,0.7551552990874052,0.24884071021347162
overall,30,matched_early_mixture,1.0,pcgrad,20261001,teamfight,0.0364422838503907,0.9606170314687014,0.7250140390208006,0.23560299244789829
overall,30,matched_early_mixture,1.0,pcgrad,20261002,teamfight,0.03783082426986571,0.9829498749944363,0.7462261879976843,0.23672368699675264
overall,30,matched_early_mixture,1.0,pcgrad,20260930,macro,0.1341748248629879,1.0119289202336128,0.7459940316080172,0.2659348886255984
overall,30,matched_early_mixture,1.0,pcgrad,20261001,macro,0.13324868045578997,1.002931536931442,0.7420883685174203,0.2608431684140224
overall,30,matched_early_mixture,1.0,pcgrad,20261002,macro,0.1341706983751122,1.0018281488142315,0.739092859203935,0.2627352896102961
overall,30,matched_early_mixture,mean,leagueews,20260930,baron,0.16369176738473712,0.6372931013270576,0.5171904364250058,0.12010266490205217
overall,30,matched_early_mixture,mean,leagueews,20261001,baron,0.16508876923434054,0.6299212149118679,0.5089468899686546,0.12097432494321354
overall,30,matched_early_mixture,mean,leagueews,20261002,baron,0.160842378596104,0.6409848558187399,0.518831301392172,0.12215355442656728
overall,30,matched_early_mixture,mean,leagueews,20260930,dragon,0.09445692792270802,0.6458397698397428,0.35861956710775633,0.2872202027319864
overall,30,matched_early_mixture,mean,leagueews,20261001,dragon,0.095098576699256,0.6341665073752203,0.35029465612039545,0.283871851254826
overall,30,matched_early_mixture,mean,leagueews,20261002,dragon,0.09722883351398762,0.6456163749824888,0.3547231291847279,0.29089324579776216
overall,30,matched_early_mixture,mean,leagueews,20260930,teamfight,0.02483310855399819,0.6332798593803208,0.46346646642240874,0.16981339295791376
overall,30,matched_early_mixture,mean,leagueews,20261001,teamfight,0.023111387795833965,0.6090213780661473,0.4466948682703625,0.16232650979578486
overall,30,matched_early_mixture,mean,leagueews,20261002,teamfight,0.024768207904734676,0.605704429721776,0.44422255689653917,0.16148187282523385
overall,30,matched_early_mixture,mean,leagueews,20260930,macro,0.09432726795381442,0.6388042435157071,0.446425489985057,0.1923787535306508
overall,30,matched_early_mixture,mean,leagueews,20261001,macro,0.0944329112431435,0.6243697001177452,0.4353121381198042,0.18905756199794146
overall,30,matched_early_mixture,mean,leagueews,20261002,macro,0.09427980667160878,0.6307685535076683,0.4392589958244797,0.19150955768318778
overall,30,matched_early_mixture,mean,gru,20260930,baron,0.09510004089704943,0.6065489016823326,0.5426594256389919,0.06388947604334172
overall,30,matched_early_mixture,mean,gru,20261001,baron,0.10648499006881809,0.6206741321425856,0.5447662864357714,0.07590784570681383
overall,30,matched_early_mixture,mean,gru,20261002,baron,0.07055756527647045,0.6209807531911369,0.5741171457067618,0.04686360748437529
overall,30,matched_early_mixture,mean,gru,20260930,dragon,0.0772059158314783,0.6493667407579204,0.51926934595139,0.13009739480652918
overall,30,matched_early_mixture,mean,gru,20261001,dragon,0.06476197424132264,0.6449570880738347,0.5475929033124254,0.09736418476140979
overall,30,matched_early_mixture,mean,gru,20261002,dragon,0.07239523357396427,0.6458148464254068,0.5223091961371962,0.12350565028821345
overall,30,matched_early_mixture,mean,gru,20260930,teamfight,0.02068980714569054,0.6168739032542259,0.5102808461767279,0.10659305707749833
overall,30,matched_early_mixture,mean,gru,20261001,teamfight,0.020847757600693503,0.6120521640797035,0.5060101508318088,0.10604201324789303
overall,30,matched_early_mixture,mean,gru,20261002,teamfight,0.016795720055276516,0.6073973064287475,0.5272259139920158,0.08017139243673196
overall,30,matched_early_mixture,mean,gru,20260930,macro,0.0643319212914061,0.6242631818981595,0.5240698725890366,0.10019330930912307
overall,30,matched_early_mixture,mean,gru,20261001,macro,0.06403157397027809,0.6258944614320412,0.5327897801933351,0.09310468123870556
overall,30,matched_early_mixture,mean,gru,20261002,macro,0.05324950630190375,0.6247309686817637,0.5412174186119912,0.08351355006977357
overall,30,matched_early_mixture,mean,tcn,20260930,baron,0.16224632834593566,0.6510533001972829,0.5283286111674619,0.12272468902982007
overall,30,matched_early_mixture,mean,tcn,20261001,baron,0.1609679467294543,0.6446450363940038,0.5229722378355347,0.1216727985584685
overall,30,matched_early_mixture,mean,tcn,20261002,baron,0.16059572383346268,0.6557936812634783,0.5332961786435733,0.1224975026199043
overall,30,matched_early_mixture,mean,tcn,20260930,dragon,0.09657908995948582,0.640492053326549,0.3626118729015483,0.27788018042499996
overall,30,matched_early_mixture,mean,tcn,20261001,dragon,0.0968411875225241,0.6395830160117062,0.3551407730134578,0.2844422429982482
overall,30,matched_early_mixture,mean,tcn,20261002,dragon,0.09723110548569894,0.6456206414407996,0.3645801619524984,0.28104047948829974
overall,30,matched_early_mixture,mean,tcn,20260930,teamfight,0.02383792088574892,0.6062794875619532,0.44527305518578497,0.16100643237616752
overall,30,matched_early_mixture,mean,tcn,20261001,teamfight,0.023183346872149506,0.610868260426769,0.4547680489991873,0.1561002114275809
overall,30,matched_early_mixture,mean,tcn,20261002,teamfight,0.023350868332708035,0.6141060778637139,0.45269726777607633,0.16140881008764152
overall,30,matched_early_mixture,mean,tcn,20260930,macro,0.09422111306372348,0.6326082803619283,0.44540451308493173,0.18720376727699586
overall,30,matched_early_mixture,mean,tcn,20261001,macro,0.0936641603747093,0.6316987709441597,0.4442936866160599,0.18740508432809921
overall,30,matched_early_mixture,mean,tcn,20261002,macro,0.0937258992172899,0.6385068001893305,0.450191202790716,0.18831559739861517
overall,30,matched_early_mixture,mean,snapshot,20260930,baron,0.14230975538346657,0.6342510874464714,0.5261391102907431,0.10811197715572828
overall,30,matched_early_mixture,mean,snapshot,20261001,baron,0.13806893224780736,0.6313508427042739,0.5224515460937589,0.10889929661051487
overall,30,matched_early_mixture,mean,snapshot,20261002,baron,0.1414102729378424,0.6310788566544014,0.5223995907718101,0.10867926588258967
overall,30,matched_early_mixture,mean,snapshot,20260930,dragon,0.09225226153178386,0.6489615903204549,0.3680261493160741,0.2809354410043795
overall,30,matched_early_mixture,mean,snapshot,20261001,dragon,0.0915124888562638,0.6413471374947062,0.37649016776848643,0.2648569697262199
overall,30,matched_early_mixture,mean,snapshot,20261002,dragon,0.09328088131230344,0.6567359897458642,0.3758235684457566,0.2809124213001091
overall,30,matched_early_mixture,mean,snapshot,20260930,teamfight,0.021296864221626292,0.6381086475370001,0.5047573260259487,0.13335132151105125
overall,30,matched_early_mixture,mean,snapshot,20261001,teamfight,0.022170364184243743,0.643068004915887,0.5072875853262847,0.13578041958960163
overall,30,matched_early_mixture,mean,snapshot,20261002,teamfight,0.02151073321517072,0.6322208237928835,0.49476424005267217,0.13745658374021166
overall,30,matched_early_mixture,mean,snapshot,20260930,macro,0.08528629371229224,0.6404404417679755,0.46630752854425533,0.17413291322371968
overall,30,matched_early_mixture,mean,snapshot,20261001,macro,0.08391726176277163,0.6385886617049558,0.46874309972951006,0.16984556197544545
overall,30,matched_early_mixture,mean,snapshot,20261002,macro,0.08540062915510553,0.6400118900643831,0.4643291330900796,0.17568275697430347
overall,30,matched_early_mixture,mean,current_only,20260930,baron,0.14124716843351687,0.6399031044317411,0.5302943768276368,0.10960872760410384
overall,30,matched_early_mixture,mean,current_only,20261001,baron,0.14518140925404938,0.6343799004982984,0.5226452775367274,0.1117346229615706
overall,30,matched_early_mixture,mean,current_only,20261002,baron,0.14720767869324147,0.6397010261107965,0.528483028700028,0.11121799741076797
overall,30,matched_early_mixture,mean,current_only,20260930,dragon,0.09499890916836896,0.6526505685544092,0.36723388373136034,0.2854166848230484
overall,30,matched_early_mixture,mean,current_only,20261001,dragon,0.09352423242956827,0.6341917564527884,0.3558904255126405,0.278301330940149
overall,30,matched_early_mixture,mean,current_only,20261002,dragon,0.09570894408152841,0.6489383266227433,0.36822927732155214,0.2807090493011908
overall,30,matched_early_mixture,mean,current_only,20260930,teamfight,0.02198310155465262,0.6411304086441282,0.49633209891817004,0.14479830972595695
overall,30,matched_early_mixture,mean,current_only,20261001,teamfight,0.02185265756150773,0.6386109850036812,0.497007633981986,0.1416033510216943
overall,30,matched_early_mixture,mean,current_only,20261002,teamfight,0.02287844150448469,0.6434410557380232,0.5032569354196137,0.14018412031841132
overall,30,matched_early_mixture,mean,current_only,20260930,macro,0.08607639305217947,0.6445613605434262,0.46462011982572243,0.17994124071770304
overall,30,matched_early_mixture,mean,current_only,20261001,macro,0.08685276641504179,0.635727547318256,0.45851444567711797,0.177213101641138
overall,30,matched_early_mixture,mean,current_only,20261002,macro,0.08859835475975153,0.6440268028238544,0.46665641381373124,0.17737038901012336
overall,30,matched_early_mixture,mean,independent,20260930,baron,0.1637287697397106,0.6239730020790697,0.5031959163121731,0.12077708576689647
overall,30,matched_early_mixture,mean,independent,20261001,baron,0.17051772687272582,0.640050063312676,0.5164800407534866,0.12357002255918832
overall,30,matched_early_mixture,mean,independent,20261002,baron,0.16845240177357731,0.6283010129763549,0.5058571438356151,0.12244386914074148
overall,30,matched_early_mixture,mean,independent,20260930,dragon,0.09173238089233564,0.6451480220322281,0.3591898682913859,0.28595815374083994
overall,30,matched_early_mixture,mean,independent,20261001,dragon,0.09242758406626939,0.6405221144947849,0.3581037051683625,0.28241840932642237
overall,30,matched_early_mixture,mean,independent,20261002,dragon,0.09305826732569583,0.6393213167211326,0.36267488544643345,0.2766464312746966
overall,30,matched_early_mixture,mean,independent,20260930,teamfight,0.023920285039194092,0.6219935823921139,0.4571920003085754,0.16480158208353796
overall,30,matched_early_mixture,mean,independent,20261001,teamfight,0.023035619152240845,0.6110685316085527,0.4509001099626113,0.16016842164594103
overall,30,matched_early_mixture,mean,independent,20261002,teamfight,0.02393368775484154,0.6207959206863787,0.45242074958418693,0.1683751711021904
overall,30,matched_early_mixture,mean,independent,20260930,macro,0.09312714522374677,0.6303715355011372,0.43985926163737815,0.19051227386375813
overall,30,matched_early_mixture,mean,independent,20261001,macro,0.09532697669707868,0.6305469031386712,0.4418279519614868,0.18871895117718393
overall,30,matched_early_mixture,mean,independent,20261002,macro,0.09514811895137155,0.6294727501279553,0.4403175929554118,0.18915515717254286
overall,30,matched_early_mixture,mean,pcgrad,20260930,baron,0.16567699614547576,0.6323195804814585,0.5114541031468691,0.1208654773345898
overall,30,matched_early_mixture,mean,pcgrad,20261001,baron,0.16168457599553523,0.6390274736744618,0.5175865292301414,0.12144094444432192
overall,30,matched_early_mixture,mean,pcgrad,20261002,baron,0.16329241727770571,0.6400905113464008,0.5158262085858041,0.12426430276059658
overall,30,matched_early_mixture,mean,pcgrad,20260930,dragon,0.09537471200326861,0.6413192194967985,0.3518871640302675,0.2894320554665336
overall,30,matched_early_mixture,mean,pcgrad,20261001,dragon,0.09693884448708698,0.6364995635707382,0.35156721988824347,0.284932343682494
overall,30,matched_early_mixture,mean,pcgrad,20261002,dragon,0.09598675541360466,0.6306444155619289,0.35164304477005537,0.27900137079187026
overall,30,matched_early_mixture,mean,pcgrad,20260930,teamfight,0.024651930826174458,0.6224039036466629,0.4595595153005537,0.16284438834611023
overall,30,matched_early_mixture,mean,pcgrad,20261001,teamfight,0.023681596834449495,0.597273299931332,0.4342286410516042,0.16304465887972797
overall,30,matched_early_mixture,mean,pcgrad,20261002,teamfight,0.024278298115673207,0.6107827128487505,0.45201891747276945,0.15876379537598176
overall,30,matched_early_mixture,mean,pcgrad,20260930,macro,0.09523454632497293,0.63201423454164,0.44096692749256344,0.19104730704907788
overall,30,matched_early_mixture,mean,pcgrad,20261001,macro,0.0941016724390239,0.6242667790588441,0.43446079672332966,0.18980598233551463
overall,30,matched_early_mixture,mean,pcgrad,20261002,macro,0.09451915693566121,0.6271725465856934,0.4398293902762096,0.18734315630948287
overall,60,deterministic,0.25,leagueews,20260930,baron,0.05337858685590867,0.23233333333333334,0.08533333333333333,0.147
overall,60,deterministic,0.25,leagueews,20261001,baron,0.03856834310398025,0.18533333333333332,0.05566666666666667,0.12966666666666668
overall,60,deterministic,0.25,leagueews,20261002,baron,0.042270904041962355,0.20266666666666666,0.07166666666666667,0.131
overall,60,deterministic,0.25,leagueews,20260930,dragon,0.011739782858151646,0.142,0.013666666666666667,0.12833333333333333
overall,60,deterministic,0.25,leagueews,20261001,dragon,0.015800158884279283,0.17966666666666667,0.020666666666666667,0.159
overall,60,deterministic,0.25,leagueews,20261002,dragon,0.011386706681966634,0.136,0.013333333333333334,0.12266666666666666
overall,60,deterministic,0.25,leagueews,20260930,teamfight,0.005102298560242485,0.115,0.04833333333333333,0.06666666666666667
overall,60,deterministic,0.25,leagueews,20261001,teamfight,0.009345794392523364,0.18666666666666668,0.08733333333333333,0.09933333333333333
overall,60,deterministic,0.25,leagueews,20261002,teamfight,0.005354887597878252,0.11366666666666667,0.042666666666666665,0.071
overall,60,deterministic,0.25,leagueews,20260930,macro,0.0234068894247676,0.1631111111111111,0.04911111111111111,0.11399999999999999
overall,60,deterministic,0.25,leagueews,20261001,macro,0.0212380987935943,0.18388888888888888,0.05455555555555556,0.12933333333333333
overall,60,deterministic,0.25,leagueews,20261002,macro,0.019670832773935745,0.1507777777777778,0.04255555555555556,0.10822222222222222
overall,60,deterministic,0.25,gru,20260930,baron,0.03640851589015736,0.16,0.11166666666666666,0.04833333333333333
overall,60,deterministic,0.25,gru,20261001,baron,0.045973464979944464,0.21933333333333332,0.142,0.07733333333333334
overall,60,deterministic,0.25,gru,20261002,baron,0.03949398333847578,0.20666666666666667,0.16233333333333333,0.044333333333333336
overall,60,deterministic,0.25,gru,20260930,dragon,0.03822049607202754,0.09633333333333334,0.057666666666666665,0.03866666666666667
overall,60,deterministic,0.25,gru,20261001,dragon,0.08050136817018272,0.24066666666666667,0.176,0.06466666666666666
overall,60,deterministic,0.25,gru,20261002,dragon,0.015005737487863007,0.036333333333333336,0.027666666666666666,0.008666666666666666
overall,60,deterministic,0.25,gru,20260930,teamfight,0.009850972467794898,0.16633333333333333,0.107,0.059333333333333335
overall,60,deterministic,0.25,gru,20261001,teamfight,0.010255114928012125,0.15,0.10033333333333333,0.049666666666666665
overall,60,deterministic,0.25,gru,20261002,teamfight,0.005405405405405406,0.073,0.05466666666666667,0.018333333333333333
overall,60,deterministic,0.25,gru,20260930,macro,0.02815999480999327,0.1408888888888889,0.0921111111111111,0.048777777777777774
overall,60,deterministic,0.25,gru,20261001,macro,0.04557664935937977,0.20333333333333334,0.13944444444444443,0.0638888888888889
overall,60,deterministic,0.25,gru,20261002,macro,0.019968375410581395,0.10533333333333333,0.08155555555555556,0.023777777777777776
overall,60,deterministic,0.25,tcn,20260930,baron,0.042270904041962355,0.21333333333333335,0.077,0.13633333333333333
overall,60,deterministic,0.25,tcn,20261001,baron,0.04689910521443999,0.243,0.10066666666666667,0.14233333333333334
overall,60,deterministic,0.25,tcn,20261002,baron,0.04350509102128972,0.18733333333333332,0.06566666666666666,0.12166666666666667
overall,60,deterministic,0.25,tcn,20260930,dragon,0.01509400653190926,0.15833333333333333,0.016666666666666666,0.14166666666666666
overall,60,deterministic,0.25,tcn,20261001,dragon,0.009091711536764057,0.11233333333333333,0.009666666666666667,0.10266666666666667
overall,60,deterministic,0.25,tcn,20261002,dragon,0.01800688498543561,0.176,0.022,0.154
overall,60,deterministic,0.25,tcn,20260930,teamfight,0.0046476382924981055,0.093,0.037,0.056
overall,60,deterministic,0.25,tcn,20261001,teamfight,0.004799191715079565,0.09933333333333333,0.04133333333333333,0.058
overall,60,deterministic,0.25,tcn,20261002,teamfight,0.003132104066683506,0.063,0.022333333333333334,0.04066666666666666
overall,60,deterministic,0.25,tcn,20260930,macro,0.02067084962212324,0.15488888888888888,0.04355555555555555,0.11133333333333334
overall,60,deterministic,0.25,tcn,20261001,macro,0.020263336155427872,0.15155555555555555,0.050555555555555555,0.10099999999999999
overall,60,deterministic,0.25,tcn,20261002,macro,0.02154802669113628,0.1421111111111111,0.03666666666666667,0.10544444444444445
overall,60,deterministic,0.25,snapshot,20260930,baron,0.06109225547670472,0.25066666666666665,0.12866666666666668,0.122
overall,60,deterministic,0.25,snapshot,20261001,baron,0.05183585313174946,0.228,0.11066666666666666,0.11733333333333333
overall,60,deterministic,0.25,snapshot,20261002,baron,0.03486578216599815,0.164,0.06766666666666667,0.09633333333333334
overall,60,deterministic,0.25,snapshot,20260930,dragon,0.0034424927178038664,0.035666666666666666,0.002,0.033666666666666664
overall,60,deterministic,0.25,snapshot,20261001,dragon,0.0011474975726012888,0.013,0.001,0.012
overall,60,deterministic,0.25,snapshot,20261002,dragon,0.0026480713213875894,0.022333333333333334,0.001,0.021333333333333333
overall,60,deterministic,0.25,snapshot,20260930,teamfight,0.005253851982823946,0.13666666666666666,0.07033333333333333,0.06633333333333333
overall,60,deterministic,0.25,snapshot,20261001,teamfight,0.008032331396817378,0.183,0.10033333333333333,0.08266666666666667
overall,60,deterministic,0.25,snapshot,20261002,teamfight,0.004698156100025259,0.126,0.06533333333333333,0.06066666666666667
overall,60,deterministic,0.25,snapshot,20260930,macro,0.023262866725777515,0.141,0.067,0.074
overall,60,deterministic,0.25,snapshot,20261001,macro,0.020338560700389377,0.14133333333333334,0.07066666666666667,0.07066666666666667
overall,60,deterministic,0.25,snapshot,20261002,macro,0.014070669862470334,0.10411111111111111,0.04466666666666667,0.059444444444444446
overall,60,deterministic,0.25,current_only,20260930,baron,0.04813329219376736,0.232,0.108,0.124
overall,60,deterministic,0.25,current_only,20261001,baron,0.03640851589015736,0.18966666666666668,0.07866666666666666,0.111
overall,60,deterministic,0.25,current_only,20261002,baron,0.038876889848812095,0.181,0.07333333333333333,0.10766666666666666
overall,60,deterministic,0.25,current_only,20260930,dragon,0.007591137787977756,0.09366666666666666,0.008333333333333333,0.08533333333333333
overall,60,deterministic,0.25,current_only,20261001,dragon,0.008915173448671551,0.109,0.012,0.097
overall,60,deterministic,0.25,current_only,20261002,dragon,0.008120752052255275,0.09666666666666666,0.010333333333333333,0.08633333333333333
overall,60,deterministic,0.25,current_only,20260930,teamfight,0.004546602677443799,0.10933333333333334,0.054,0.05533333333333333
overall,60,deterministic,0.25,current_only,20261001,teamfight,0.003283657489264966,0.08366666666666667,0.03966666666666667,0.044
overall,60,deterministic,0.25,current_only,20261002,teamfight,0.005607476635514018,0.121,0.06233333333333333,0.058666666666666666
overall,60,deterministic,0.25,current_only,20260930,macro,0.020090344219729637,0.145,0.05677777777777778,0.08822222222222222
overall,60,deterministic,0.25,current_only,20261001,macro,0.01620244894269796,0.12744444444444444,0.043444444444444445,0.084
overall,60,deterministic,0.25,current_only,20261002,macro,0.017535039512193793,0.1328888888888889,0.048666666666666664,0.08422222222222221
overall,60,deterministic,0.25,independent,20260930,baron,0.05522986732489972,0.226,0.08766666666666667,0.13833333333333334
overall,60,deterministic,0.25,independent,20261001,baron,0.04535637149028078,0.20966666666666667,0.075,0.13466666666666666
overall,60,deterministic,0.25,independent,20261002,baron,0.05029311940759025,0.22933333333333333,0.084,0.14533333333333334
overall,60,deterministic,0.25,independent,20260930,dragon,0.010592285285550358,0.11933333333333333,0.012,0.10733333333333334
overall,60,deterministic,0.25,independent,20261001,dragon,0.017565539765204342,0.19366666666666665,0.027666666666666666,0.166
overall,60,deterministic,0.25,independent,20261002,dragon,0.009356518668902816,0.11,0.011666666666666667,0.09833333333333333
overall,60,deterministic,0.25,independent,20260930,teamfight,0.0063652437484213184,0.16033333333333333,0.06933333333333333,0.091
overall,60,deterministic,0.25,independent,20261001,teamfight,0.005607476635514018,0.16,0.07033333333333333,0.08966666666666667
overall,60,deterministic,0.25,independent,20261002,teamfight,0.010608739580702197,0.235,0.11233333333333333,0.12266666666666666
overall,60,deterministic,0.25,independent,20260930,macro,0.024062465452957132,0.16855555555555557,0.056333333333333326,0.11222222222222222
overall,60,deterministic,0.25,independent,20261001,macro,0.022843129296999717,0.1877777777777778,0.057666666666666665,0.1301111111111111
overall,60,deterministic,0.25,independent,20261002,macro,0.02341945921906509,0.19144444444444444,0.06933333333333334,0.12211111111111111
overall,60,deterministic,0.25,pcgrad,20260930,baron,0.05553841406973156,0.23633333333333334,0.088,0.14833333333333334
overall,60,deterministic,0.25,pcgrad,20261001,baron,0.04905893242826288,0.23366666666666666,0.087,0.14666666666666667
overall,60,deterministic,0.25,pcgrad,20261002,baron,0.054304227090404195,0.25633333333333336,0.10766666666666666,0.14866666666666667
overall,60,deterministic,0.25,pcgrad,20260930,dragon,0.01006267102127284,0.128,0.012,0.116
overall,60,deterministic,0.25,pcgrad,20261001,dragon,0.01359343278312296,0.164,0.018333333333333333,0.14566666666666667
overall,60,deterministic,0.25,pcgrad,20261002,dragon,0.011210168593874128,0.13533333333333333,0.014,0.12133333333333333
overall,60,deterministic,0.25,pcgrad,20260930,teamfight,0.004344531447335186,0.103,0.04033333333333333,0.06266666666666666
overall,60,deterministic,0.25,pcgrad,20261001,teamfight,0.004445567062389492,0.10066666666666667,0.04133333333333333,0.059333333333333335
overall,60,deterministic,0.25,pcgrad,20261002,teamfight,0.011619095731245263,0.232,0.111,0.121
overall,60,deterministic,0.25,pcgrad,20260930,macro,0.023315205512779862,0.15577777777777777,0.04677777777777777,0.109
overall,60,deterministic,0.25,pcgrad,20261001,macro,0.022365977424591777,0.16611111111111113,0.04888888888888889,0.11722222222222223
overall,60,deterministic,0.25,pcgrad,20261002,macro,0.02571116380517453,0.2078888888888889,0.07755555555555556,0.13033333333333333
overall,60,deterministic,0.5,leagueews,20260930,baron,0.1064486269669855,0.41233333333333333,0.21833333333333332,0.194
overall,60,deterministic,0.5,leagueews,20261001,baron,0.09287257019438445,0.372,0.18033333333333335,0.19166666666666668
overall,60,deterministic,0.5,leagueews,20261002,baron,0.13452638074668313,0.5123333333333333,0.295,0.21733333333333332
overall,60,deterministic,0.5,leagueews,20260930,dragon,0.011739782858151646,0.142,0.013666666666666667,0.12833333333333333
overall,60,deterministic,0.5,leagueews,20261001,dragon,0.015800158884279283,0.17966666666666667,0.020666666666666667,0.159
overall,60,deterministic,0.5,leagueews,20261002,dragon,0.011386706681966634,0.136,0.013333333333333334,0.12266666666666666
overall,60,deterministic,0.5,leagueews,20260930,teamfight,0.016620358676433442,0.31866666666666665,0.15733333333333333,0.16133333333333333
overall,60,deterministic,0.5,leagueews,20261001,teamfight,0.009345794392523364,0.18666666666666668,0.08733333333333333,0.09933333333333333
overall,60,deterministic,0.5,leagueews,20261002,teamfight,0.016620358676433442,0.30366666666666664,0.153,0.15066666666666667
overall,60,deterministic,0.5,leagueews,20260930,macro,0.04493625616719019,0.291,0.12977777777777777,0.16122222222222224
overall,60,deterministic,0.5,leagueews,20261001,macro,0.03933950782372903,0.24611111111111109,0.0961111111111111,0.15
overall,60,deterministic,0.5,leagueews,20261002,macro,0.054177815368361075,0.3173333333333333,0.15377777777777776,0.16355555555555554
overall,60,deterministic,0.5,gru,20260930,baron,0.03640851589015736,0.16,0.11166666666666666,0.04833333333333333
overall,60,deterministic,0.5,gru,20261001,baron,0.0947238506633755,0.44266666666666665,0.323,0.11966666666666667
overall,60,deterministic,0.5,gru,20261002,baron,0.06572045664918236,0.381,0.31566666666666665,0.06533333333333333
overall,60,deterministic,0.5,gru,20260930,dragon,0.03822049607202754,0.09633333333333334,0.057666666666666665,0.03866666666666667
overall,60,deterministic,0.5,gru,20261001,dragon,0.08050136817018272,0.24066666666666667,0.176,0.06466666666666666
overall,60,deterministic,0.5,gru,20261002,dragon,0.10751169564833613,0.372,0.23466666666666666,0.13733333333333334
overall,60,deterministic,0.5,gru,20260930,teamfight,0.009850972467794898,0.16633333333333333,0.107,0.059333333333333335
overall,60,deterministic,0.5,gru,20261001,teamfight,0.028997221520586005,0.4513333333333333,0.33066666666666666,0.12066666666666667
overall,60,deterministic,0.5,gru,20261002,teamfight,0.01717605455923213,0.2633333333333333,0.205,0.058333333333333334
overall,60,deterministic,0.5,gru,20260930,macro,0.02815999480999327,0.1408888888888889,0.0921111111111111,0.048777777777777774
overall,60,deterministic,0.5,gru,20261001,macro,0.06807414678471475,0.37822222222222224,0.27655555555555555,0.10166666666666668
overall,60,deterministic,0.5,gru,20261002,macro,0.06346940228558354,0.3387777777777778,0.25177777777777777,0.08700000000000001
overall,60,deterministic,0.5,tcn,20260930,baron,0.1101511879049676,0.461,0.25833333333333336,0.20266666666666666
overall,60,deterministic,0.5,tcn,20261001,baron,0.09657513113236656,0.416,0.22166666666666668,0.19433333333333333
overall,60,deterministic,0.5,tcn,20261002,baron,0.11601357605677261,0.481,0.27266666666666667,0.20833333333333334
overall,60,deterministic,0.5,tcn,20260930,dragon,0.01509400653190926,0.15833333333333333,0.016666666666666666,0.14166666666666666
overall,60,deterministic,0.5,tcn,20261001,dragon,0.009091711536764057,0.11233333333333333,0.009666666666666667,0.10266666666666667
overall,60,deterministic,0.5,tcn,20261002,dragon,0.01800688498543561,0.176,0.022,0.154
overall,60,deterministic,0.5,tcn,20260930,teamfight,0.014801717605455924,0.29133333333333333,0.14833333333333334,0.143
overall,60,deterministic,0.5,tcn,20261001,teamfight,0.016115180601161908,0.314,0.15833333333333333,0.15566666666666668
overall,60,deterministic,0.5,tcn,20261002,teamfight,0.011922202576408183,0.24333333333333335,0.11933333333333333,0.124
overall,60,deterministic,0.5,tcn,20260930,macro,0.046682304014110935,0.3035555555555555,0.1411111111111111,0.16244444444444442
overall,60,deterministic,0.5,tcn,20261001,macro,0.040594007756764174,0.2807777777777778,0.1298888888888889,0.15088888888888888
overall,60,deterministic,0.5,tcn,20261002,macro,0.048647554539538805,0.30011111111111116,0.138,0.16211111111111112
overall,60,deterministic,0.5,snapshot,20260930,baron,0.10398025300833076,0.4013333333333333,0.24133333333333334,0.16
overall,60,deterministic,0.5,snapshot,20261001,baron,0.08855291576673865,0.37066666666666664,0.21566666666666667,0.155
overall,60,deterministic,0.5,snapshot,20261002,baron,0.12804689910521444,0.48966666666666664,0.31033333333333335,0.17933333333333334
overall,60,deterministic,0.5,snapshot,20260930,dragon,0.0034424927178038664,0.035666666666666666,0.002,0.033666666666666664
overall,60,deterministic,0.5,snapshot,20261001,dragon,0.0011474975726012888,0.013,0.001,0.012
overall,60,deterministic,0.5,snapshot,20261002,dragon,0.08482655132844912,0.5046666666666667,0.11466666666666667,0.39
overall,60,deterministic,0.5,snapshot,20260930,teamfight,0.017378125789340743,0.36133333333333334,0.21566666666666667,0.14566666666666667
overall,60,deterministic,0.5,snapshot,20261001,teamfight,0.023692851730234908,0.49533333333333335,0.314,0.18133333333333335
overall,60,deterministic,0.5,snapshot,20261002,teamfight,0.015761555948471836,0.344,0.20433333333333334,0.13966666666666666
overall,60,deterministic,0.5,snapshot,20260930,macro,0.041600290505158455,0.26611111111111113,0.153,0.1131111111111111
overall,60,deterministic,0.5,snapshot,20261001,macro,0.03779775502319161,0.293,0.17688888888888887,0.11611111111111112
overall,60,deterministic,0.5,snapshot,20261002,macro,0.07621166879404513,0.4461111111111111,0.2097777777777778,0.23633333333333337
overall,60,deterministic,0.5,current_only,20260930,baron,0.11786485652576366,0.4583333333333333,0.2773333333333333,0.181
overall,60,deterministic,0.5,current_only,20261001,baron,0.10120333230484418,0.404,0.232,0.172
overall,60,deterministic,0.5,current_only,20261002,baron,0.10922554767047207,0.417,0.24066666666666667,0.17633333333333334
overall,60,deterministic,0.5,current_only,20260930,dragon,0.007591137787977756,0.09366666666666666,0.008333333333333333,0.08533333333333333
overall,60,deterministic,0.5,current_only,20261001,dragon,0.008915173448671551,0.109,0.012,0.097
overall,60,deterministic,0.5,current_only,20261002,dragon,0.008120752052255275,0.09666666666666666,0.010333333333333333,0.08633333333333333
overall,60,deterministic,0.5,current_only,20260930,teamfight,0.018893660015155342,0.321,0.184,0.137
overall,60,deterministic,0.5,current_only,20261001,teamfight,0.012831523111896944,0.257,0.14166666666666666,0.11533333333333333
overall,60,deterministic,0.5,current_only,20261002,teamfight,0.018994695630209647,0.32766666666666666,0.19366666666666665,0.134
overall,60,deterministic,0.5,current_only,20260930,macro,0.04811655144296558,0.291,0.15655555555555556,0.13444444444444445
overall,60,deterministic,0.5,current_only,20261001,macro,0.040983342955137565,0.25666666666666665,0.12855555555555556,0.12811111111111112
overall,60,deterministic,0.5,current_only,20261002,macro,0.045446998450979,0.28044444444444444,0.14822222222222223,0.1322222222222222
overall,60,deterministic,0.5,independent,20260930,baron,0.11076828139463128,0.4003333333333333,0.21233333333333335,0.188
overall,60,deterministic,0.5,independent,20261001,baron,0.11354520209811786,0.404,0.21033333333333334,0.19366666666666665
overall,60,deterministic,0.5,independent,20261002,baron,0.11416229558778154,0.42333333333333334,0.222,0.20133333333333334
overall,60,deterministic,0.5,independent,20260930,dragon,0.010592285285550358,0.11933333333333333,0.012,0.10733333333333334
overall,60,deterministic,0.5,independent,20261001,dragon,0.017565539765204342,0.19366666666666665,0.027666666666666666,0.166
overall,60,deterministic,0.5,independent,20261002,dragon,0.009356518668902816,0.11,0.011666666666666667,0.09833333333333333
overall,60,deterministic,0.5,independent,20260930,teamfight,0.017075018944177824,0.36733333333333335,0.18766666666666668,0.17966666666666667
overall,60,deterministic,0.5,independent,20261001,teamfight,0.018691588785046728,0.3963333333333333,0.20733333333333334,0.189
overall,60,deterministic,0.5,independent,20261002,teamfight,0.010608739580702197,0.235,0.11233333333333333,0.12266666666666666
overall,60,deterministic,0.5,independent,20260930,macro,0.04614519520811982,0.2956666666666667,0.13733333333333334,0.15833333333333333
overall,60,deterministic,0.5,independent,20261001,macro,0.04993411021612298,0.3313333333333333,0.14844444444444446,0.18288888888888888
overall,60,deterministic,0.5,independent,20261002,macro,0.044709184612462184,0.2561111111111111,0.11533333333333333,0.14077777777777775
overall,60,deterministic,0.5,pcgrad,20260930,baron,0.11200246837395865,0.432,0.23166666666666666,0.20033333333333334
overall,60,deterministic,0.5,pcgrad,20261001,baron,0.11138537488429497,0.44333333333333336,0.235,0.20833333333333334
overall,60,deterministic,0.5,pcgrad,20261002,baron,0.11570502931194077,0.46266666666666667,0.25133333333333335,0.21133333333333335
overall,60,deterministic,0.5,pcgrad,20260930,dragon,0.01006267102127284,0.128,0.012,0.116
overall,60,deterministic,0.5,pcgrad,20261001,dragon,0.01359343278312296,0.164,0.018333333333333333,0.14566666666666667
overall,60,deterministic,0.5,pcgrad,20261002,dragon,0.011210168593874128,0.13533333333333333,0.014,0.12133333333333333
overall,60,deterministic,0.5,pcgrad,20260930,teamfight,0.015155342258145996,0.2843333333333333,0.138,0.14633333333333334
overall,60,deterministic,0.5,pcgrad,20261001,teamfight,0.015357413488254609,0.301,0.153,0.148
overall,60,deterministic,0.5,pcgrad,20261002,teamfight,0.011619095731245263,0.232,0.111,0.121
overall,60,deterministic,0.5,pcgrad,20260930,macro,0.045740160551125834,0.28144444444444444,0.12722222222222224,0.15422222222222223
overall,60,deterministic,0.5,pcgrad,20261001,macro,0.04677874038522418,0.3027777777777778,0.13544444444444445,0.16733333333333333
overall,60,deterministic,0.5,pcgrad,20261002,macro,0.04617809787902005,0.27666666666666667,0.12544444444444444,0.15122222222222223
overall,60,deterministic,0.75,leagueews,20260930,baron,0.18543659364393705,0.7036666666666667,0.45766666666666667,0.246
overall,60,deterministic,0.75,leagueews,20261001,baron,0.183585313174946,0.6666666666666666,0.4266666666666667,0.24
overall,60,deterministic,0.75,leagueews,20261002,baron,0.183585313174946,0.6693333333333333,0.42633333333333334,0.243
overall,60,deterministic,0.75,leagueews,20260930,dragon,0.08915173448671551,0.6446666666666667,0.134,0.5106666666666667
overall,60,deterministic,0.75,leagueews,20261001,dragon,0.10106805543295966,0.6953333333333334,0.14833333333333334,0.547
overall,60,deterministic,0.75,leagueews,20261002,dragon,0.0991261364639421,0.6666666666666666,0.143,0.5236666666666666
overall,60,deterministic,0.75,leagueews,20260930,teamfight,0.03743369537762061,0.6643333333333333,0.377,0.28733333333333333
overall,60,deterministic,0.75,leagueews,20261001,teamfight,0.025663046223793888,0.48433333333333334,0.2643333333333333,0.22
overall,60,deterministic,0.75,leagueews,20261002,teamfight,0.036776963879767616,0.644,0.37566666666666665,0.2683333333333333
overall,60,deterministic,0.75,leagueews,20260930,macro,0.1040073411694244,0.6708888888888889,0.3228888888888889,0.34800000000000003
overall,60,deterministic,0.75,leagueews,20261001,macro,0.10343880494389986,0.6154444444444445,0.2797777777777778,0.3356666666666667
overall,60,deterministic,0.75,leagueews,20261002,macro,0.10649613783955192,0.66,0.315,0.345
overall,60,deterministic,0.75,gru,20260930,baron,0.11786485652576366,0.5143333333333333,0.401,0.11333333333333333
overall,60,deterministic,0.75,gru,20261001,baron,0.1570502931194076,0.6773333333333333,0.5266666666666666,0.15066666666666667
overall,60,deterministic,0.75,gru,20261002,baron,0.10490589324282629,0.602,0.5096666666666667,0.09233333333333334
overall,60,deterministic,0.75,gru,20260930,dragon,0.14838026304175125,0.5403333333333333,0.31133333333333335,0.229
overall,60,deterministic,0.75,gru,20261001,dragon,0.17362520963897962,0.6813333333333333,0.4653333333333333,0.216
overall,60,deterministic,0.75,gru,20261002,dragon,0.10751169564833613,0.372,0.23466666666666666,0.13733333333333334
overall,60,deterministic,0.75,gru,20260930,teamfight,0.029148774943167467,0.47933333333333333,0.342,0.13733333333333334
overall,60,deterministic,0.75,gru,20261001,teamfight,0.028997221520586005,0.4513333333333333,0.33066666666666666,0.12066666666666667
overall,60,deterministic,0.75,gru,20261002,teamfight,0.03955544329376105,0.6953333333333334,0.5556666666666666,0.13966666666666666
overall,60,deterministic,0.75,gru,20260930,macro,0.09846463150356079,0.5113333333333333,0.35144444444444445,0.15988888888888889
overall,60,deterministic,0.75,gru,20261001,macro,0.11989090809299106,0.6033333333333334,0.4408888888888889,0.16244444444444447
overall,60,deterministic,0.75,gru,20261002,macro,0.08399101072830782,0.5564444444444444,0.43333333333333335,0.12311111111111112
overall,60,deterministic,0.75,tcn,20260930,baron,0.18512804689910523,0.72,0.47333333333333333,0.24666666666666667
overall,60,deterministic,0.75,tcn,20261001,baron,0.17216908361616784,0.6683333333333333,0.42533333333333334,0.243
overall,60,deterministic,0.75,tcn,20261002,baron,0.15550755939524838,0.6203333333333333,0.38533333333333336,0.235
overall,60,deterministic,0.75,tcn,20260930,dragon,0.10318651249006973,0.7076666666666667,0.159,0.5486666666666666
overall,60,deterministic,0.75,tcn,20261001,dragon,0.07802983493688763,0.5793333333333334,0.11066666666666666,0.4686666666666667
overall,60,deterministic,0.75,tcn,20261002,dragon,0.01800688498543561,0.176,0.022,0.154
overall,60,deterministic,0.75,tcn,20260930,teamfight,0.035766607729224555,0.634,0.37,0.264
overall,60,deterministic,0.75,tcn,20261001,teamfight,0.036372821419550394,0.6483333333333333,0.37266666666666665,0.27566666666666667
overall,60,deterministic,0.75,tcn,20261002,teamfight,0.032482950239959583,0.5656666666666667,0.319,0.24666666666666667
overall,60,deterministic,0.75,tcn,20260930,macro,0.10802705570613318,0.6872222222222222,0.3341111111111111,0.35311111111111115
overall,60,deterministic,0.75,tcn,20261001,macro,0.09552391332420196,0.632,0.30288888888888893,0.32911111111111113
overall,60,deterministic,0.75,tcn,20261002,macro,0.06866579820688119,0.454,0.24211111111111114,0.2118888888888889
overall,60,deterministic,0.75,snapshot,20260930,baron,0.15550755939524838,0.6023333333333334,0.4033333333333333,0.199
overall,60,deterministic,0.75,snapshot,20261001,baron,0.19222462203023757,0.7496666666666667,0.5286666666666666,0.221
overall,60,deterministic,0.75,snapshot,20261002,baron,0.18111693921629127,0.6926666666666667,0.4796666666666667,0.213
overall,60,deterministic,0.75,snapshot,20260930,dragon,0.09833171506752582,0.5863333333333334,0.13966666666666666,0.44666666666666666
overall,60,deterministic,0.75,snapshot,20261001,dragon,0.08420866802012535,0.526,0.11633333333333333,0.4096666666666667
overall,60,deterministic,0.75,snapshot,20261002,dragon,0.08482655132844912,0.5046666666666667,0.11466666666666667,0.39
overall,60,deterministic,0.75,snapshot,20260930,teamfight,0.017378125789340743,0.36133333333333334,0.21566666666666667,0.14566666666666667
overall,60,deterministic,0.75,snapshot,20261001,teamfight,0.023692851730234908,0.49533333333333335,0.314,0.18133333333333335
overall,60,deterministic,0.75,snapshot,20261002,teamfight,0.015761555948471836,0.344,0.20433333333333334,0.13966666666666666
overall,60,deterministic,0.75,snapshot,20260930,macro,0.09040580008403831,0.5166666666666667,0.2528888888888889,0.2637777777777777
overall,60,deterministic,0.75,snapshot,20261001,macro,0.10004204726019927,0.5903333333333334,0.3196666666666666,0.27066666666666667
overall,60,deterministic,0.75,snapshot,20261002,macro,0.09390168216440407,0.5137777777777778,0.26622222222222225,0.24755555555555553
overall,60,deterministic,0.75,current_only,20260930,baron,0.16198704103671707,0.6066666666666667,0.4003333333333333,0.20633333333333334
overall,60,deterministic,0.75,current_only,20261001,baron,0.19438444924406048,0.7236666666666667,0.49333333333333335,0.23033333333333333
overall,60,deterministic,0.75,current_only,20261002,baron,0.16383832150570812,0.5826666666666667,0.37966666666666665,0.203
overall,60,deterministic,0.75,current_only,20260930,dragon,0.081295789566599,0.577,0.11766666666666667,0.4593333333333333
overall,60,deterministic,0.75,current_only,20261001,dragon,0.0801482919939977,0.589,0.123,0.466
overall,60,deterministic,0.75,current_only,20261002,dragon,0.09153499867596433,0.6023333333333334,0.12366666666666666,0.4786666666666667
overall,60,deterministic,0.75,current_only,20260930,teamfight,0.018893660015155342,0.321,0.184,0.137
overall,60,deterministic,0.75,current_only,20261001,teamfight,0.03531194746148017,0.621,0.402,0.219
overall,60,deterministic,0.75,current_only,20261002,teamfight,0.018994695630209647,0.32766666666666666,0.19366666666666665,0.134
overall,60,deterministic,0.75,current_only,20260930,macro,0.08739216353949047,0.5015555555555555,0.23399999999999999,0.26755555555555555
overall,60,deterministic,0.75,current_only,20261001,macro,0.1032815628998461,0.6445555555555555,0.3394444444444445,0.3051111111111111
overall,60,deterministic,0.75,current_only,20261002,macro,0.09145600527062737,0.5042222222222222,0.2323333333333333,0.2718888888888889
overall,60,deterministic,0.75,independent,20260930,baron,0.18821351434742364,0.6766666666666666,0.43866666666666665,0.238
overall,60,deterministic,0.75,independent,20261001,baron,0.15951866707806234,0.5496666666666666,0.32866666666666666,0.221
overall,60,deterministic,0.75,independent,20261002,baron,0.20580067880283864,0.7223333333333334,0.4696666666666667,0.25266666666666665
overall,60,deterministic,0.75,independent,20260930,dragon,0.08385559184394033,0.6083333333333333,0.129,0.47933333333333333
overall,60,deterministic,0.75,independent,20261001,dragon,0.10080324830082091,0.698,0.16233333333333333,0.5356666666666666
overall,60,deterministic,0.75,independent,20261002,dragon,0.07838291111307265,0.5573333333333333,0.113,0.44433333333333336
overall,60,deterministic,0.75,independent,20260930,teamfight,0.017075018944177824,0.36733333333333335,0.18766666666666668,0.17966666666666667
overall,60,deterministic,0.75,independent,20261001,teamfight,0.018691588785046728,0.3963333333333333,0.20733333333333334,0.189
overall,60,deterministic,0.75,independent,20261002,teamfight,0.02919929275069462,0.5476666666666666,0.30133333333333334,0.24633333333333332
overall,60,deterministic,0.75,independent,20260930,macro,0.09638137504518061,0.5507777777777777,0.25177777777777777,0.299
overall,60,deterministic,0.75,independent,20261001,macro,0.09300450138797667,0.5479999999999999,0.23277777777777778,0.31522222222222224
overall,60,deterministic,0.75,independent,20261002,macro,0.10446096088886864,0.609111111111111,0.2946666666666667,0.31444444444444447
overall,60,deterministic,0.75,pcgrad,20260930,baron,0.1548904659055847,0.5786666666666667,0.3526666666666667,0.226
overall,60,deterministic,0.75,pcgrad,20261001,baron,0.15334773218142547,0.5896666666666667,0.359,0.23066666666666666
overall,60,deterministic,0.75,pcgrad,20261002,baron,0.19623572971305153,0.729,0.4736666666666667,0.25533333333333336
overall,60,deterministic,0.75,pcgrad,20260930,dragon,0.07882425633330391,0.5983333333333334,0.119,0.47933333333333333
overall,60,deterministic,0.75,pcgrad,20261001,dragon,0.09074057727954807,0.646,0.129,0.517
overall,60,deterministic,0.75,pcgrad,20261002,dragon,0.09497749139376821,0.6563333333333333,0.13466666666666666,0.5216666666666666
overall,60,deterministic,0.75,pcgrad,20260930,teamfight,0.03531194746148017,0.6106666666666667,0.3423333333333333,0.2683333333333333
overall,60,deterministic,0.75,pcgrad,20261001,teamfight,0.037787320030310684,0.6596666666666666,0.38133333333333336,0.2783333333333333
overall,60,deterministic,0.75,pcgrad,20261002,teamfight,0.030462237938873454,0.5253333333333333,0.2946666666666667,0.23066666666666666
overall,60,deterministic,0.75,pcgrad,20260930,macro,0.0896755565667896,0.5958888888888889,0.27133333333333337,0.32455555555555554
overall,60,deterministic,0.75,pcgrad,20261001,macro,0.0939585431637614,0.6317777777777778,0.28977777777777775,0.342
overall,60,deterministic,0.75,pcgrad,20261002,macro,0.10722515301523106,0.636888888888889,0.301,0.33588888888888885
overall,60,deterministic,1.0,leagueews,20260930,baron,0.23110151187904968,0.891,0.6233333333333333,0.26766666666666666
overall,60,deterministic,1.0,leagueews,20261001,baron,0.23696390003085469,0.8526666666666667,0.588,0.26466666666666666
overall,60,deterministic,1.0,leagueews,20261002,baron,0.23819808701018205,0.8806666666666667,0.6123333333333333,0.2683333333333333
overall,60,deterministic,1.0,leagueews,20260930,dragon,0.08915173448671551,0.6446666666666667,0.134,0.5106666666666667
overall,60,deterministic,1.0,leagueews,20261001,dragon,0.10106805543295966,0.6953333333333334,0.14833333333333334,0.547
overall,60,deterministic,1.0,leagueews,20261002,dragon,0.0991261364639421,0.6666666666666666,0.143,0.5236666666666666
overall,60,deterministic,1.0,leagueews,20260930,teamfight,0.03743369537762061,0.6643333333333333,0.377,0.28733333333333333
overall,60,deterministic,1.0,leagueews,20261001,teamfight,0.05284162667340237,0.9553333333333334,0.582,0.37333333333333335
overall,60,deterministic,1.0,leagueews,20261002,teamfight,0.036776963879767616,0.644,0.37566666666666665,0.2683333333333333
overall,60,deterministic,1.0,leagueews,20260930,macro,0.11922898058112859,0.7333333333333334,0.37811111111111106,0.35522222222222216
overall,60,deterministic,1.0,leagueews,20261001,macro,0.1302911940457389,0.8344444444444444,0.43944444444444447,0.395
overall,60,deterministic,1.0,leagueews,20261002,macro,0.12470039578463059,0.7304444444444446,0.377,0.35344444444444445
overall,60,deterministic,1.0,gru,20260930,baron,0.20240666460968837,0.8926666666666667,0.7313333333333333,0.16133333333333333
overall,60,deterministic,1.0,gru,20261001,baron,0.21166306695464362,0.9353333333333333,0.752,0.18333333333333332
overall,60,deterministic,1.0,gru,20261002,baron,0.14285714285714285,0.8273333333333334,0.7133333333333334,0.114
overall,60,deterministic,1.0,gru,20260930,dragon,0.14838026304175125,0.5403333333333333,0.31133333333333335,0.229
overall,60,deterministic,1.0,gru,20261001,dragon,0.17362520963897962,0.6813333333333333,0.4653333333333333,0.216
overall,60,deterministic,1.0,gru,20261002,dragon,0.22190837673227998,0.9926666666666667,0.62,0.37266666666666665
overall,60,deterministic,1.0,gru,20260930,teamfight,0.029148774943167467,0.47933333333333333,0.342,0.13733333333333334
overall,60,deterministic,1.0,gru,20261001,teamfight,0.028997221520586005,0.4513333333333333,0.33066666666666666,0.12066666666666667
overall,60,deterministic,1.0,gru,20261002,teamfight,0.03955544329376105,0.6953333333333334,0.5556666666666666,0.13966666666666666
overall,60,deterministic,1.0,gru,20260930,macro,0.12664523419820237,0.6374444444444445,0.46155555555555555,0.17588888888888887
overall,60,deterministic,1.0,gru,20261001,macro,0.13809516603806973,0.6893333333333334,0.516,0.17333333333333334
overall,60,deterministic,1.0,gru,20261002,macro,0.1347736542943946,0.8384444444444444,0.6296666666666667,0.20877777777777776
overall,60,deterministic,1.0,tcn,20260930,baron,0.22709040419623572,0.8866666666666667,0.618,0.26866666666666666
overall,60,deterministic,1.0,tcn,20261001,baron,0.2165998148719531,0.8446666666666667,0.5786666666666667,0.266
overall,60,deterministic,1.0,tcn,20261002,baron,0.25948781240357915,0.9876666666666667,0.7123333333333334,0.2753333333333333
overall,60,deterministic,1.0,tcn,20260930,dragon,0.10318651249006973,0.7076666666666667,0.159,0.5486666666666666
overall,60,deterministic,1.0,tcn,20261001,dragon,0.07802983493688763,0.5793333333333334,0.11066666666666666,0.4686666666666667
overall,60,deterministic,1.0,tcn,20261002,dragon,0.12340012357666166,0.7746666666666666,0.18,0.5946666666666667
overall,60,deterministic,1.0,tcn,20260930,teamfight,0.035766607729224555,0.634,0.37,0.264
overall,60,deterministic,1.0,tcn,20261001,teamfight,0.036372821419550394,0.6483333333333333,0.37266666666666665,0.27566666666666667
overall,60,deterministic,1.0,tcn,20261002,teamfight,0.032482950239959583,0.5656666666666667,0.319,0.24666666666666667
overall,60,deterministic,1.0,tcn,20260930,macro,0.12201450813851,0.7427777777777779,0.38233333333333336,0.3604444444444444
overall,60,deterministic,1.0,tcn,20261001,macro,0.11033415707613037,0.6907777777777778,0.35400000000000004,0.3367777777777778
overall,60,deterministic,1.0,tcn,20261002,macro,0.13845696207340014,0.7759999999999999,0.4037777777777778,0.37222222222222223
overall,60,deterministic,1.0,snapshot,20260930,baron,0.2113545202098118,0.816,0.5846666666666667,0.23133333333333334
overall,60,deterministic,1.0,snapshot,20261001,baron,0.2437519284171552,0.945,0.6943333333333334,0.25066666666666665
overall,60,deterministic,1.0,snapshot,20261002,baron,0.236346806541191,0.907,0.664,0.243
overall,60,deterministic,1.0,snapshot,20260930,dragon,0.09833171506752582,0.5863333333333334,0.13966666666666666,0.44666666666666666
overall,60,deterministic,1.0,snapshot,20261001,dragon,0.08420866802012535,0.526,0.11633333333333333,0.4096666666666667
overall,60,deterministic,1.0,snapshot,20261002,dragon,0.08482655132844912,0.5046666666666667,0.11466666666666667,0.39
overall,60,deterministic,1.0,snapshot,20260930,teamfight,0.0417782268249558,0.817,0.5523333333333333,0.26466666666666666
overall,60,deterministic,1.0,snapshot,20261001,teamfight,0.023692851730234908,0.49533333333333335,0.314,0.18133333333333335
overall,60,deterministic,1.0,snapshot,20261002,teamfight,0.040666835059358426,0.7683333333333333,0.5166666666666667,0.25166666666666665
overall,60,deterministic,1.0,snapshot,20260930,macro,0.11715482070076448,0.7397777777777778,0.4255555555555555,0.3142222222222222
overall,60,deterministic,1.0,snapshot,20261001,macro,0.11721781605583848,0.6554444444444445,0.3748888888888889,0.28055555555555556
overall,60,deterministic,1.0,snapshot,20261002,macro,0.12061339764299951,0.7266666666666666,0.4317777777777778,0.2948888888888889
overall,60,deterministic,1.0,current_only,20260930,baron,0.25177414378278307,0.981,0.727,0.254
overall,60,deterministic,1.0,current_only,20261001,baron,0.24683739586547362,0.9196666666666666,0.6696666666666666,0.25
overall,60,deterministic,1.0,current_only,20261002,baron,0.22523912372724467,0.7926666666666666,0.56,0.23266666666666666
overall,60,deterministic,1.0,current_only,20260930,dragon,0.081295789566599,0.577,0.11766666666666667,0.4593333333333333
overall,60,deterministic,1.0,current_only,20261001,dragon,0.0801482919939977,0.589,0.123,0.466
overall,60,deterministic,1.0,current_only,20261002,dragon,0.09153499867596433,0.6023333333333334,0.12366666666666666,0.4786666666666667
overall,60,deterministic,1.0,current_only,20260930,teamfight,0.043849456933569085,0.789,0.529,0.26
overall,60,deterministic,1.0,current_only,20261001,teamfight,0.03531194746148017,0.621,0.402,0.219
overall,60,deterministic,1.0,current_only,20261002,teamfight,0.04698156100025259,0.7696666666666667,0.5173333333333333,0.25233333333333335
overall,60,deterministic,1.0,current_only,20260930,macro,0.12563979676098372,0.7823333333333333,0.45788888888888896,0.3244444444444445
overall,60,deterministic,1.0,current_only,20261001,macro,0.12076587844031716,0.7098888888888889,0.3982222222222222,0.31166666666666665
overall,60,deterministic,1.0,current_only,20261002,macro,0.12125189446782053,0.7215555555555556,0.4003333333333334,0.32122222222222224
overall,60,deterministic,1.0,independent,20260930,baron,0.23326133909287258,0.8433333333333334,0.584,0.25933333333333336
overall,60,deterministic,1.0,independent,20261001,baron,0.27368096266584385,0.9503333333333334,0.6773333333333333,0.273
overall,60,deterministic,1.0,independent,20261002,baron,0.2634989200863931,0.9176666666666666,0.6446666666666667,0.273
overall,60,deterministic,1.0,independent,20260930,dragon,0.08385559184394033,0.6083333333333333,0.129,0.47933333333333333
overall,60,deterministic,1.0,independent,20261001,dragon,0.10080324830082091,0.698,0.16233333333333333,0.5356666666666666
overall,60,deterministic,1.0,independent,20261002,dragon,0.07838291111307265,0.5573333333333333,0.113,0.44433333333333336
overall,60,deterministic,1.0,independent,20260930,teamfight,0.037938873452892145,0.7503333333333333,0.432,0.31833333333333336
overall,60,deterministic,1.0,independent,20261001,teamfight,0.04637534730992675,0.858,0.5103333333333333,0.3476666666666667
overall,60,deterministic,1.0,independent,20261002,teamfight,0.02919929275069462,0.5476666666666666,0.30133333333333334,0.24633333333333332
overall,60,deterministic,1.0,independent,20260930,macro,0.11835193479656836,0.734,0.38166666666666665,0.35233333333333333
overall,60,deterministic,1.0,independent,20261001,macro,0.1402865194255305,0.8354444444444445,0.45,0.3854444444444445
overall,60,deterministic,1.0,independent,20261002,macro,0.12369370798338679,0.6742222222222223,0.35300000000000004,0.32122222222222224
overall,60,deterministic,1.0,pcgrad,20260930,baron,0.2567108917000926,0.9583333333333334,0.681,0.2773333333333333
overall,60,deterministic,1.0,pcgrad,20261001,baron,0.26103054612773835,0.9736666666666667,0.6963333333333334,0.2773333333333333
overall,60,deterministic,1.0,pcgrad,20261002,baron,0.2406664609688368,0.9046666666666666,0.6323333333333333,0.2723333333333333
overall,60,deterministic,1.0,pcgrad,20260930,dragon,0.07882425633330391,0.5983333333333334,0.119,0.47933333333333333
overall,60,deterministic,1.0,pcgrad,20261001,dragon,0.09074057727954807,0.646,0.129,0.517
overall,60,deterministic,1.0,pcgrad,20261002,dragon,0.09497749139376821,0.6563333333333333,0.13466666666666666,0.5216666666666666
overall,60,deterministic,1.0,pcgrad,20260930,teamfight,0.03531194746148017,0.6106666666666667,0.3423333333333333,0.2683333333333333
overall,60,deterministic,1.0,pcgrad,20261001,teamfight,0.037787320030310684,0.6596666666666666,0.38133333333333336,0.2783333333333333
overall,60,deterministic,1.0,pcgrad,20261002,teamfight,0.030462237938873454,0.5253333333333333,0.2946666666666667,0.23066666666666666
overall,60,deterministic,1.0,pcgrad,20260930,macro,0.12361569849829224,0.7224444444444446,0.3807777777777778,0.3416666666666666
overall,60,deterministic,1.0,pcgrad,20261001,macro,0.12985281447919905,0.7597777777777779,0.40222222222222226,0.35755555555555557
overall,60,deterministic,1.0,pcgrad,20261002,macro,0.1220353967671595,0.6954444444444444,0.35388888888888886,0.34155555555555556
overall,60,deterministic,mean,leagueews,20260930,baron,0.14409132983647022,0.5598333333333334,0.3461666666666666,0.21366666666666667
overall,60,deterministic,mean,leagueews,20261001,baron,0.13799753162604134,0.5191666666666667,0.31266666666666665,0.20650000000000002
overall,60,deterministic,mean,leagueews,20261002,baron,0.1496451712434434,0.5662499999999999,0.3513333333333333,0.21491666666666664
overall,60,deterministic,mean,leagueews,20260930,dragon,0.050445758672433574,0.39333333333333337,0.07383333333333333,0.3195
overall,60,deterministic,mean,leagueews,20261001,dragon,0.05843410715861947,0.4375,0.0845,0.353
overall,60,deterministic,mean,leagueews,20261002,dragon,0.055256421572954365,0.4013333333333333,0.07816666666666666,0.3231666666666666
overall,60,deterministic,mean,leagueews,20260930,teamfight,0.024147511997979286,0.4405833333333333,0.23991666666666667,0.20066666666666666
overall,60,deterministic,mean,leagueews,20261001,teamfight,0.024299065420560748,0.45325000000000004,0.25525,0.198
overall,60,deterministic,mean,leagueews,20261002,teamfight,0.02388229350846173,0.42633333333333334,0.23674999999999996,0.18958333333333333
overall,60,deterministic,mean,leagueews,20260930,macro,0.0728948668356277,0.46458333333333335,0.2199722222222222,0.2446111111111111
overall,60,deterministic,mean,leagueews,20261001,macro,0.07357690140174052,0.46997222222222224,0.2174722222222222,0.2525
overall,60,deterministic,mean,leagueews,20261002,macro,0.07626129544161982,0.4646388888888889,0.2220833333333333,0.24255555555555552
overall,60,deterministic,mean,gru,20260930,baron,0.09827213822894168,0.43175,0.33891666666666664,0.09283333333333332
overall,60,deterministic,mean,gru,20261001,baron,0.1273526689293428,0.5686666666666667,0.4359166666666666,0.13275
overall,60,deterministic,mean,gru,20261002,baron,0.08824436902190683,0.50425,0.42525,0.079
overall,60,deterministic,mean,gru,20260930,dragon,0.0933003795568894,0.31833333333333336,0.1845,0.13383333333333333
overall,60,deterministic,mean,gru,20261001,dragon,0.12706328890458118,0.461,0.32066666666666666,0.14033333333333334
overall,60,deterministic,mean,gru,20261002,dragon,0.1129843763792038,0.44325000000000003,0.27925,0.16399999999999998
overall,60,deterministic,mean,gru,20260930,teamfight,0.01949987370548118,0.32283333333333336,0.22450000000000003,0.09833333333333333
overall,60,deterministic,mean,gru,20261001,teamfight,0.024311694872442537,0.376,0.27308333333333334,0.10291666666666668
overall,60,deterministic,mean,gru,20261002,teamfight,0.02542308663803991,0.43175,0.34275,0.089
overall,60,deterministic,mean,gru,20260930,macro,0.07035746383043741,0.3576388888888889,0.24930555555555556,0.10833333333333332
overall,60,deterministic,mean,gru,20261001,macro,0.09290921756878885,0.4685555555555556,0.34322222222222215,0.12533333333333332
overall,60,deterministic,mean,gru,20261002,macro,0.07555061067971684,0.45975000000000005,0.34908333333333336,0.11066666666666665
overall,60,deterministic,mean,tcn,20260930,baron,0.14116013576056774,0.57025,0.3566666666666667,0.21358333333333335
overall,60,deterministic,mean,tcn,20261001,baron,0.13306078370873187,0.5429999999999999,0.33158333333333334,0.21141666666666667
overall,60,deterministic,mean,tcn,20261002,baron,0.14362850971922247,0.5690833333333334,0.359,0.21008333333333332
overall,60,deterministic,mean,tcn,20260930,dragon,0.05914025951098949,0.433,0.08783333333333333,0.3451666666666666
overall,60,deterministic,mean,tcn,20261001,dragon,0.04356077323682585,0.3458333333333333,0.06016666666666667,0.2856666666666667
overall,60,deterministic,mean,tcn,20261002,dragon,0.044355194633242126,0.32566666666666666,0.0615,0.26416666666666666
overall,60,deterministic,mean,tcn,20260930,teamfight,0.022745642839100785,0.41308333333333336,0.23133333333333334,0.18175
overall,60,deterministic,mean,tcn,20261001,teamfight,0.023415003788835567,0.4275,0.23625000000000002,0.19125
overall,60,deterministic,mean,tcn,20261002,teamfight,0.020005051780752715,0.35941666666666666,0.19491666666666668,0.1645
overall,60,deterministic,mean,tcn,20260930,macro,0.07434867937021934,0.4721111111111111,0.22527777777777777,0.24683333333333332
overall,60,deterministic,mean,tcn,20261001,macro,0.0666788535781311,0.4387777777777777,0.20933333333333334,0.22944444444444445
overall,60,deterministic,mean,tcn,20261002,macro,0.0693295853777391,0.41805555555555557,0.2051388888888889,0.21291666666666664
overall,60,deterministic,mean,snapshot,20260930,baron,0.1329836470225239,0.5175833333333333,0.3395,0.17808333333333334
overall,60,deterministic,mean,snapshot,20261001,baron,0.14409132983647022,0.5733333333333334,0.3873333333333333,0.186
overall,60,deterministic,mean,snapshot,20261002,baron,0.1450941067571737,0.5633333333333334,0.3804166666666667,0.18291666666666667
overall,60,deterministic,mean,snapshot,20260930,dragon,0.05088710389266484,0.31100000000000005,0.07083333333333333,0.24016666666666667
overall,60,deterministic,mean,snapshot,20261001,dragon,0.042678082796363315,0.2695,0.058666666666666666,0.21083333333333334
overall,60,deterministic,mean,snapshot,20261002,dragon,0.06428193132668374,0.38408333333333333,0.08625,0.29783333333333334
overall,60,deterministic,mean,snapshot,20260930,teamfight,0.020447082596615308,0.4190833333333333,0.2635,0.15558333333333335
overall,60,deterministic,mean,snapshot,20261001,teamfight,0.019777721646880526,0.41725,0.26058333333333333,0.15666666666666668
overall,60,deterministic,mean,snapshot,20261002,teamfight,0.019222025764081836,0.3955833333333333,0.24766666666666667,0.14791666666666664
overall,60,deterministic,mean,snapshot,20260930,macro,0.06810594450393469,0.4158888888888889,0.2246111111111111,0.1912777777777778
overall,60,deterministic,mean,snapshot,20261001,macro,0.06884904475990468,0.4200277777777777,0.23552777777777778,0.18450000000000003
overall,60,deterministic,mean,snapshot,20261002,macro,0.07619935461597976,0.44766666666666666,0.23811111111111113,0.20955555555555558
overall,60,deterministic,mean,current_only,20260930,baron,0.1449398333847578,0.5695,0.37816666666666665,0.19133333333333333
overall,60,deterministic,mean,current_only,20261001,baron,0.1447084233261339,0.55925,0.36841666666666667,0.19083333333333333
overall,60,deterministic,mean,current_only,20261002,baron,0.13429497068805923,0.49333333333333335,0.3134166666666667,0.17991666666666667
overall,60,deterministic,mean,current_only,20260930,dragon,0.04444346367728838,0.3353333333333333,0.063,0.2723333333333333
overall,60,deterministic,mean,current_only,20261001,dragon,0.04453173272133462,0.349,0.0675,0.28150000000000003
overall,60,deterministic,mean,current_only,20261002,dragon,0.049827875364109805,0.34950000000000003,0.06699999999999999,0.2825
overall,60,deterministic,mean,current_only,20260930,teamfight,0.021545844910330892,0.38508333333333333,0.23775000000000002,0.14733333333333334
overall,60,deterministic,mean,current_only,20261001,teamfight,0.02168476888103056,0.39566666666666667,0.24633333333333335,0.14933333333333332
overall,60,deterministic,mean,current_only,20261002,teamfight,0.022644607224046473,0.3865,0.24175,0.14475
overall,60,deterministic,mean,current_only,20260930,macro,0.07030971399079236,0.4299722222222222,0.22630555555555554,0.20366666666666666
overall,60,deterministic,mean,current_only,20261001,macro,0.07030830830949969,0.43463888888888885,0.22741666666666668,0.20722222222222222
overall,60,deterministic,mean,current_only,20261002,macro,0.06892248442540518,0.4097777777777778,0.20738888888888887,0.20238888888888887
overall,60,deterministic,mean,independent,20260930,baron,0.1468682505399568,0.5365833333333333,0.33066666666666666,0.2059166666666667
overall,60,deterministic,mean,independent,20261001,baron,0.1480253008330762,0.5284166666666666,0.3228333333333333,0.20558333333333334
overall,60,deterministic,mean,independent,20261002,baron,0.15843875347115088,0.5731666666666666,0.35508333333333336,0.21808333333333332
overall,60,deterministic,mean,independent,20260930,dragon,0.04722393856474534,0.36383333333333334,0.07050000000000001,0.29333333333333333
overall,60,deterministic,mean,independent,20261001,dragon,0.05918439403301263,0.4458333333333333,0.095,0.35083333333333333
overall,60,deterministic,mean,independent,20261002,dragon,0.04386971489098773,0.33366666666666667,0.06233333333333334,0.2713333333333333
overall,60,deterministic,mean,independent,20260930,teamfight,0.019613538772417276,0.41133333333333333,0.21916666666666668,0.19216666666666668
overall,60,deterministic,mean,independent,20261001,teamfight,0.022341500378883557,0.45266666666666666,0.24883333333333332,0.20383333333333334
overall,60,deterministic,mean,independent,20261002,teamfight,0.01990401616569841,0.3913333333333333,0.20683333333333334,0.1845
overall,60,deterministic,mean,independent,20260930,macro,0.07123524262570648,0.43724999999999997,0.2067777777777778,0.23047222222222222
overall,60,deterministic,mean,independent,20261001,macro,0.07651706508165745,0.4756388888888889,0.2222222222222222,0.2534166666666667
overall,60,deterministic,mean,independent,20261002,macro,0.07407082817594568,0.4327222222222222,0.20808333333333337,0.22463888888888886
overall,60,deterministic,mean,pcgrad,20260930,baron,0.14478556001234189,0.5513333333333333,0.3383333333333334,0.213
overall,60,deterministic,mean,pcgrad,20261001,baron,0.14370564640543043,0.5600833333333333,0.3443333333333333,0.21575
overall,60,deterministic,mean,pcgrad,20261002,baron,0.15172786177105832,0.5881666666666666,0.36624999999999996,0.22191666666666665
overall,60,deterministic,mean,pcgrad,20260930,dragon,0.044443463677288374,0.3631666666666667,0.0655,0.2976666666666667
overall,60,deterministic,mean,pcgrad,20261001,dragon,0.05216700503133551,0.405,0.07366666666666667,0.33133333333333337
overall,60,deterministic,mean,pcgrad,20261002,dragon,0.05309382999382117,0.39583333333333337,0.07433333333333333,0.3215
overall,60,deterministic,mean,pcgrad,20260930,teamfight,0.02253094215711038,0.4021666666666667,0.21575,0.18641666666666667
overall,60,deterministic,mean,pcgrad,20261001,teamfight,0.023844405152816366,0.43024999999999997,0.23925000000000002,0.191
overall,60,deterministic,mean,pcgrad,20261002,teamfight,0.021040666835059358,0.3786666666666667,0.20283333333333337,0.17583333333333334
overall,60,deterministic,mean,pcgrad,20260930,macro,0.07058665528224688,0.43888888888888894,0.20652777777777778,0.23236111111111113
overall,60,deterministic,mean,pcgrad,20261001,macro,0.0732390188631941,0.4651111111111111,0.21908333333333332,0.24602777777777782
overall,60,deterministic,mean,pcgrad,20261002,macro,0.07528745286664629,0.45422222222222225,0.21447222222222226,0.23975
overall,60,matched_early_mixture,0.25,leagueews,20260930,baron,0.06899493716507524,0.2550558817372121,0.1527446045219246,0.10231127721528704
overall,60,matched_early_mixture,0.25,leagueews,20261001,baron,0.06751439248779725,0.2521874891277883,0.15712811235199284,0.09505937677579512
overall,60,matched_early_mixture,0.25,leagueews,20261002,baron,0.07025577680713904,0.2615619760138687,0.15861149003893513,0.10295048597493454
overall,60,matched_early_mixture,0.25,leagueews,20260930,dragon,0.05323765952257706,0.25146086971004084,0.10780057625368465,0.1436602934563566
overall,60,matched_early_mixture,0.25,leagueews,20261001,dragon,0.05468204210372901,0.24960104258394342,0.11619553464938205,0.13340550793456152
overall,60,matched_early_mixture,0.25,leagueews,20261002,dragon,0.054593030587433235,0.24946888705006215,0.11018183698800178,0.13928705006206063
overall,60,matched_early_mixture,0.25,leagueews,20260930,teamfight,0.014647945639911642,0.2491963157608718,0.1649669808757399,0.08422933488513254
overall,60,matched_early_mixture,0.25,leagueews,20261001,teamfight,0.013968737147455753,0.24943712872636012,0.1576445469326206,0.09179258179373934
overall,60,matched_early_mixture,0.25,leagueews,20261002,teamfight,0.014630620749363834,0.24708696802806943,0.16522982376455808,0.08185714426351211
overall,60,matched_early_mixture,0.25,leagueews,20260930,macro,0.045626847442521316,0.2519043557360416,0.1418373872171164,0.11006696851892539
overall,60,matched_early_mixture,0.25,leagueews,20261001,macro,0.045388390579660674,0.25040855347936397,0.14365606464466515,0.10675248883469866
overall,60,matched_early_mixture,0.25,leagueews,20261002,macro,0.046493142714645365,0.2527059436973334,0.144674383597165,0.10803156010016908
overall,60,matched_early_mixture,0.25,gru,20260930,baron,0.05688107758529333,0.23853644185140246,0.18508955483758688,0.0534468870138163
overall,60,matched_early_mixture,0.25,gru,20261001,baron,0.05618686233614254,0.24722720724229005,0.18197672161063494,0.0652504856316543
overall,60,matched_early_mixture,0.25,gru,20261002,baron,0.04249189045747693,0.24285014554411116,0.20392199395432162,0.038928151589789795
overall,60,matched_early_mixture,0.25,gru,20260930,dragon,0.07828861825671143,0.25754036898420846,0.14989605681658474,0.10764431216762338
overall,60,matched_early_mixture,0.25,gru,20261001,dragon,0.08505693190516322,0.2624125520940107,0.19039799822367964,0.07201455387032953
overall,60,matched_early_mixture,0.25,gru,20261002,dragon,0.07657729501702076,0.25945598203871206,0.16527475731939173,0.0941812247193202
overall,60,matched_early_mixture,0.25,gru,20260930,teamfight,0.014192045940539496,0.2414385424182529,0.16459673118549462,0.07684181123275964
overall,60,matched_early_mixture,0.25,gru,20261001,teamfight,0.015781388518692964,0.24477411183194203,0.17642345793430222,0.06835065389764226
overall,60,matched_early_mixture,0.25,gru,20261002,teamfight,0.014317982340573573,0.22998321342925734,0.17938369304556379,0.050599520383693364
overall,60,matched_early_mixture,0.25,gru,20260930,macro,0.04978724726084809,0.2458384510846213,0.16652744761322208,0.07931100347139979
overall,60,matched_early_mixture,0.25,gru,20261001,macro,0.05234172758666624,0.2514712903894143,0.18293272592287227,0.06853856446654204
overall,60,matched_early_mixture,0.25,gru,20261002,macro,0.04446238927169042,0.24409644700402686,0.1828601481064257,0.06123629889760112
overall,60,matched_early_mixture,0.25,tcn,20260930,baron,0.06796644088708219,0.2642791725804591,0.17360790114695626,0.09067127143350355
overall,60,matched_early_mixture,0.25,tcn,20261001,baron,0.06531242866977968,0.2586740713703663,0.16629070181991026,0.09238336955045505
overall,60,matched_early_mixture,0.25,tcn,20261002,baron,0.06817972499634085,0.2637810305851669,0.17760075367579922,0.08618027690936832
overall,60,matched_early_mixture,0.25,tcn,20260930,dragon,0.05335549273413437,0.25163755458515263,0.11153845692094957,0.14009909766420364
overall,60,matched_early_mixture,0.25,tcn,20261001,dragon,0.05277128208555991,0.2516522984303266,0.11990425400661152,0.1317480444237158
overall,60,matched_early_mixture,0.25,tcn,20261002,dragon,0.05295087201383245,0.2510404152104265,0.10833900912981591,0.14270140608061108
overall,60,matched_early_mixture,0.25,tcn,20260930,teamfight,0.01417915507616013,0.24812707178333634,0.16021666761789094,0.08791040416544509
overall,60,matched_early_mixture,0.25,tcn,20261001,teamfight,0.013889898641827249,0.2434074736577323,0.1448423237094391,0.09856514994829378
overall,60,matched_early_mixture,0.25,tcn,20261002,teamfight,0.013929922129093459,0.2508698679047988,0.16471381968242305,0.08615604822237702
overall,60,matched_early_mixture,0.25,tcn,20260930,macro,0.04516702956579222,0.25468126631631605,0.1484543418952656,0.10622692442105076
overall,60,matched_early_mixture,0.25,tcn,20261001,macro,0.04399120313238895,0.2512446144861417,0.14367909317865363,0.10756552130748821
overall,60,matched_early_mixture,0.25,tcn,20261002,macro,0.04502017304642226,0.2552304379001307,0.15021786082934604,0.10501257707078548
overall,60,matched_early_mixture,0.25,snapshot,20260930,baron,0.06667336163737565,0.2541321890762913,0.17049680617286317,0.0836353829034279
overall,60,matched_early_mixture,0.25,snapshot,20261001,baron,0.06637269474034892,0.2548115352109808,0.16600226050830957,0.08880927470267246
overall,60,matched_early_mixture,0.25,snapshot,20261002,baron,0.06833526372265686,0.25652717013408216,0.17383570852793404,0.08269146160614892
overall,60,matched_early_mixture,0.25,snapshot,20260930,dragon,0.053344477887075144,0.2526107140603948,0.11438912740690621,0.13822158665348813
overall,60,matched_early_mixture,0.25,snapshot,20261001,dragon,0.0533995411874519,0.2531308068734365,0.1122841031464932,0.14084670372694305
overall,60,matched_early_mixture,0.25,snapshot,20261002,dragon,0.05330287695907882,0.2529672301991667,0.11565912886082753,0.1373081013383383
overall,60,matched_early_mixture,0.25,snapshot,20260930,teamfight,0.01351984765084923,0.25848594573444317,0.17773169974200004,0.08075424599244298
overall,60,matched_early_mixture,0.25,snapshot,20261001,teamfight,0.013151842310961547,0.2564947220823806,0.17683092309504442,0.07966379898733658
overall,60,matched_early_mixture,0.25,snapshot,20261002,teamfight,0.013383377090109658,0.26983310811745376,0.1793058748870133,0.09052723323043746
overall,60,matched_early_mixture,0.25,snapshot,20260930,macro,0.04451256239176668,0.2550762829570431,0.15420587777392314,0.10087040518311967
overall,60,matched_early_mixture,0.25,snapshot,20261001,macro,0.044308026079587455,0.254812354722266,0.15170576224994906,0.10310659247231735
overall,60,matched_early_mixture,0.25,snapshot,20261002,macro,0.04500717259061512,0.2597758361502342,0.15626690409192498,0.1035089320583082
overall,60,matched_early_mixture,0.25,current_only,20260930,baron,0.06889931395520639,0.257369206325595,0.16955217641084597,0.08781702991474886
overall,60,matched_early_mixture,0.25,current_only,20261001,baron,0.0680039066314629,0.258104550034968,0.17321369484948518,0.08489085518548299
overall,60,matched_early_mixture,0.25,current_only,20261002,baron,0.0713799944862318,0.2653823961127701,0.16202333350204987,0.10335906261072016
overall,60,matched_early_mixture,0.25,current_only,20260930,dragon,0.05234025246180322,0.2512945323139932,0.10385251225371413,0.14744202006027837
overall,60,matched_early_mixture,0.25,current_only,20261001,dragon,0.05390717760318513,0.2508427295728438,0.11654054587777511,0.134302183695069
overall,60,matched_early_mixture,0.25,current_only,20261002,dragon,0.05459530108341484,0.2511058101187777,0.11602807170048861,0.13507773841828952
overall,60,matched_early_mixture,0.25,current_only,20260930,teamfight,0.015632317918195623,0.27165724700298954,0.16697862658766,0.10467862041532851
overall,60,matched_early_mixture,0.25,current_only,20261001,teamfight,0.013858246528654326,0.2654716693809206,0.16419516094922107,0.1012765084316996
overall,60,matched_early_mixture,0.25,current_only,20261002,teamfight,0.014462738636433608,0.2539029933481162,0.15528030303030366,0.09862269031781307
overall,60,matched_early_mixture,0.25,current_only,20260930,macro,0.04562396144506842,0.2601069952141926,0.1467944384174067,0.11331255679678524
overall,60,matched_early_mixture,0.25,current_only,20261001,macro,0.04525644358776745,0.2581396496629108,0.15131646722549377,0.10682318243741719
overall,60,matched_early_mixture,0.25,current_only,20261002,macro,0.046812678068693415,0.25679706652655465,0.1444439027442807,0.11235316378227424
overall,60,matched_early_mixture,0.25,independent,20260930,baron,0.06930184227522972,0.24765865758023722,0.1612068749530225,0.08645178262721424
overall,60,matched_early_mixture,0.25,independent,20261001,baron,0.07357390132193697,0.25797291877744,0.14231256332320147,0.11566035545423782
overall,60,matched_early_mixture,0.25,independent,20261002,baron,0.07298103814599592,0.2560614460851434,0.16634214214285722,0.08971930394228798
overall,60,matched_early_mixture,0.25,independent,20260930,dragon,0.051658292236764936,0.2512310981659324,0.11603553429440688,0.13519556387152606
overall,60,matched_early_mixture,0.25,independent,20261001,dragon,0.05368888830557544,0.24934591296836198,0.11799016034985407,0.13135575261850838
overall,60,matched_early_mixture,0.25,independent,20261002,dragon,0.05314453770141655,0.25280782435577803,0.11975148405352189,0.1330563403022551
overall,60,matched_early_mixture,0.25,independent,20260930,teamfight,0.013557316219167243,0.2499728027075017,0.15872254808062383,0.09125025462687784
overall,60,matched_early_mixture,0.25,independent,20261001,teamfight,0.013497720886821392,0.24570749008682666,0.1551909729542308,0.090516517132597
overall,60,matched_early_mixture,0.25,independent,20261002,teamfight,0.014287729401833232,0.24770411453904534,0.1637676644109847,0.08393645012805935
overall,60,matched_early_mixture,0.25,independent,20260930,macro,0.04483915024372063,0.24962085281789045,0.14532165244268438,0.10429920037520606
overall,60,matched_early_mixture,0.25,independent,20261001,macro,0.0469201701714446,0.25100877394420956,0.1384978988757621,0.11251087506844774
overall,60,matched_early_mixture,0.25,independent,20261002,macro,0.0468044350830819,0.2521911283266556,0.14995376353578793,0.10223736479086748
overall,60,matched_early_mixture,0.25,pcgrad,20260930,baron,0.06775130922864618,0.25178496977277415,0.15932018523481944,0.09246478453795476
overall,60,matched_early_mixture,0.25,pcgrad,20261001,baron,0.06900984643487988,0.2561082319801411,0.17255341955163386,0.08355481242850829
overall,60,matched_early_mixture,0.25,pcgrad,20261002,baron,0.06934339976523497,0.2560689224143249,0.1648463509114976,0.09122257150282657
overall,60,matched_early_mixture,0.25,pcgrad,20260930,dragon,0.052348381926369245,0.25138691599987956,0.11252655908178248,0.13886035691809753
overall,60,matched_early_mixture,0.25,pcgrad,20261001,dragon,0.05289451560649355,0.24871421873419,0.11847853736855954,0.13023568136563066
overall,60,matched_early_mixture,0.25,pcgrad,20261002,dragon,0.052849121491448284,0.2503265430606411,0.11528387905956167,0.13504266400107962
overall,60,matched_early_mixture,0.25,pcgrad,20260930,teamfight,0.014073535953430093,0.25331100992308053,0.16637063351095355,0.08694037641212703
overall,60,matched_early_mixture,0.25,pcgrad,20261001,teamfight,0.012540556185160695,0.2422432502333326,0.1413290377717064,0.10091421246162693
overall,60,matched_early_mixture,0.25,pcgrad,20261002,teamfight,0.01448727176773747,0.2515567326463984,0.1626853127692245,0.088871419877173
overall,60,matched_early_mixture,0.25,pcgrad,20260930,macro,0.0447244090361485,0.2521609652319114,0.14607245927585183,0.10608850595605977
overall,60,matched_early_mixture,0.25,pcgrad,20261001,macro,0.04481497274217804,0.2490219003158879,0.1441203315639666,0.10490156875192196
overall,60,matched_early_mixture,0.25,pcgrad,20261002,macro,0.04555993100814024,0.25265073270712146,0.14760518091342792,0.10504555179369307
overall,60,matched_early_mixture,0.5,leagueews,20260930,baron,0.13798987433015047,0.5101117634744242,0.3054892090438492,0.2046225544305741
overall,60,matched_early_mixture,0.5,leagueews,20261001,baron,0.13533737124982817,0.5044288544073923,0.3156954623821562,0.18873339202523667
overall,60,matched_early_mixture,0.5,leagueews,20261002,baron,0.14052290666031014,0.5225904803538153,0.3176624645061189,0.204928015847699
overall,60,matched_early_mixture,0.5,leagueews,20260930,dragon,0.10647531904515412,0.5029217394200817,0.2156011525073693,0.2873205869127132
overall,60,matched_early_mixture,0.5,leagueews,20261001,dragon,0.10936408420745802,0.49920208516788656,0.23239106929876402,0.266811015869123
overall,60,matched_early_mixture,0.5,leagueews,20261002,dragon,0.10918606117486644,0.49893777410012435,0.22036367397600357,0.27857410012412137
overall,60,matched_early_mixture,0.5,leagueews,20260930,teamfight,0.029295891279823308,0.4983926315217436,0.32993396175148004,0.16845866977026522
overall,60,matched_early_mixture,0.5,leagueews,20261001,teamfight,0.027937474294911505,0.49887425745272057,0.3152890938652412,0.18358516358747867
overall,60,matched_early_mixture,0.5,leagueews,20261002,teamfight,0.029261241498727667,0.49417393605613885,0.33045964752911616,0.16371428852702422
overall,60,matched_early_mixture,0.5,leagueews,20260930,macro,0.09125369488504263,0.5038087114720832,0.28367477443423283,0.22013393703785086
overall,60,matched_early_mixture,0.5,leagueews,20261001,macro,0.09087964325073257,0.5008350656759998,0.2877918751820538,0.21304319049394613
overall,60,matched_early_mixture,0.5,leagueews,20261002,macro,0.09299006977796809,0.5052340635033595,0.2894952620037462,0.21573880149961486
overall,60,matched_early_mixture,0.5,gru,20260930,baron,0.11330112200359857,0.4836153547452777,0.38634127183733685,0.09727408290794157
overall,60,matched_early_mixture,0.5,gru,20261001,baron,0.11365645758423366,0.4955461946156917,0.3854577296559639,0.11008846495972811
overall,60,matched_early_mixture,0.5,gru,20261002,baron,0.08508284012603658,0.4899703367003377,0.41411442760942774,0.07585590909090975
overall,60,matched_early_mixture,0.5,gru,20260930,dragon,0.1442573186365065,0.5233596166085035,0.3019539561871586,0.22140566042134371
overall,60,matched_early_mixture,0.5,gru,20261001,dragon,0.14091358388221345,0.527074560189931,0.36438985106237587,0.1626847091275547
overall,60,matched_early_mixture,0.5,gru,20261002,dragon,0.13408983522954454,0.5170869875222773,0.32473262032085554,0.192354367201426
overall,60,matched_early_mixture,0.5,gru,20260930,teamfight,0.027837666719046302,0.48059097787847954,0.34850004351866803,0.13209093435981256
overall,60,matched_early_mixture,0.5,gru,20261001,teamfight,0.0306091635063597,0.49106539016539086,0.3678975912975914,0.12316779886779955
overall,60,matched_early_mixture,0.5,gru,20261002,teamfight,0.027760486906905725,0.4769767295092497,0.37877990322028277,0.09819682628896874
overall,60,matched_early_mixture,0.5,gru,20260930,macro,0.0951320357863838,0.4958553164107536,0.34559842384772116,0.15025689256303262
overall,60,matched_early_mixture,0.5,gru,20261001,macro,0.0950597349909356,0.5045620483236712,0.3725817240053104,0.1319803243183608
overall,60,matched_early_mixture,0.5,gru,20261002,macro,0.0823110540874956,0.4946780179106216,0.3725423170501887,0.12213570086043483
overall,60,matched_early_mixture,0.5,tcn,20260930,baron,0.13593288177416438,0.5285583451609185,0.3472158022939125,0.1813425428670071
overall,60,matched_early_mixture,0.5,tcn,20261001,baron,0.13062485733955936,0.5173481427407326,0.33258140363982047,0.1847667391009101
overall,60,matched_early_mixture,0.5,tcn,20261002,baron,0.1363594499926817,0.5272287278370004,0.35520150735159844,0.17202722048540328
overall,60,matched_early_mixture,0.5,tcn,20260930,dragon,0.10671098546826874,0.5032751091703053,0.22307691384189915,0.2801981953284073
overall,60,matched_early_mixture,0.5,tcn,20261001,dragon,0.10554256417111979,0.5033045968606534,0.23980850801322304,0.26349608884743203
overall,60,matched_early_mixture,0.5,tcn,20261002,dragon,0.1059017440276649,0.502080830420853,0.21667801825963182,0.28540281216122215
overall,60,matched_early_mixture,0.5,tcn,20260930,teamfight,0.028358310152320258,0.49625414356667275,0.3204333352357819,0.17582080833089023
overall,60,matched_early_mixture,0.5,tcn,20261001,teamfight,0.02762129570347103,0.487561586405436,0.290912155174824,0.1966494312306114
overall,60,matched_early_mixture,0.5,tcn,20261002,teamfight,0.02790081664194406,0.5024723158472617,0.3301803072870036,0.17229200856025906
overall,60,matched_early_mixture,0.5,tcn,20260930,macro,0.09033405913158445,0.5093625326326322,0.2969086837905312,0.21245384884210153
overall,60,matched_early_mixture,0.5,tcn,20261001,macro,0.08792957240471673,0.5027381086689408,0.2877673556092892,0.2149707530596512
overall,60,matched_early_mixture,0.5,tcn,20261002,macro,0.09005400355409689,0.5105939580350384,0.30068661096607796,0.2099073470689615
overall,60,matched_early_mixture,0.5,snapshot,20260930,baron,0.1328542813268234,0.510766943451092,0.3556141295513655,0.15515281389972552
overall,60,matched_early_mixture,0.5,snapshot,20261001,baron,0.13211756957012044,0.5137607263898376,0.35362243677375227,0.1601382896160859
overall,60,matched_early_mixture,0.5,snapshot,20261002,baron,0.13569414841277835,0.5108052234590487,0.3497236107880604,0.1610816126709873
overall,60,matched_early_mixture,0.5,snapshot,20260930,dragon,0.1066889557741503,0.5052214281207899,0.22877825481381248,0.27644317330697626
overall,60,matched_early_mixture,0.5,snapshot,20261001,dragon,0.10679908237490385,0.5062616137468727,0.2245682062929866,0.28169340745388627
overall,60,matched_early_mixture,0.5,snapshot,20261002,dragon,0.10660575391815764,0.5059344603983335,0.23131825772165507,0.2746162026766766
overall,60,matched_early_mixture,0.5,snapshot,20260930,teamfight,0.027003771527456907,0.5157348544318503,0.35711525133585215,0.15861960309599676
overall,60,matched_early_mixture,0.5,snapshot,20261001,teamfight,0.026338995538408776,0.5133754985865312,0.35381618292478273,0.1595593156617485
overall,60,matched_early_mixture,0.5,snapshot,20261002,teamfight,0.026946788835851124,0.5207786990881312,0.3562166880456352,0.16456201104249393
overall,60,matched_early_mixture,0.5,snapshot,20260930,macro,0.08884900287614354,0.5105744086679107,0.31383587856701006,0.1967385301008995
overall,60,matched_early_mixture,0.5,snapshot,20261001,macro,0.08841854916114435,0.5111326129077471,0.3106689419971738,0.20046367091057357
overall,60,matched_early_mixture,0.5,snapshot,20261002,macro,0.0897488970555957,0.5125061276485045,0.3124195188517836,0.20008660879671927
overall,60,matched_early_mixture,0.5,current_only,20260930,baron,0.13779862791041278,0.51473841265119,0.33910435282169193,0.17563405982949773
overall,60,matched_early_mixture,0.5,current_only,20261001,baron,0.1360078132629258,0.516209100069936,0.34642738969897036,0.16978171037096598
overall,60,matched_early_mixture,0.5,current_only,20261002,baron,0.14340047285081053,0.5197128908258096,0.3336262532793374,0.18608663754647284
overall,60,matched_early_mixture,0.5,current_only,20260930,dragon,0.10468050492360643,0.5025890646279864,0.20770502450742825,0.29488404012055675
overall,60,matched_early_mixture,0.5,current_only,20261001,dragon,0.1078143552063703,0.5016854591456877,0.2330810917555503,0.268604367390138
overall,60,matched_early_mixture,0.5,current_only,20261002,dragon,0.10919060216682965,0.5022116202375553,0.23205614340097716,0.27015547683657914
overall,60,matched_early_mixture,0.5,current_only,20260930,teamfight,0.02933868113248783,0.5215661634950151,0.34016110634171004,0.18140505715330318
overall,60,matched_early_mixture,0.5,current_only,20261001,teamfight,0.027887713717934956,0.5137906670061161,0.34455062724195323,0.16924003976416283
overall,60,matched_early_mixture,0.5,current_only,20261002,teamfight,0.030097924897670825,0.5039031066746371,0.3287137357495321,0.17518937092510328
overall,60,matched_early_mixture,0.5,current_only,20260930,macro,0.09060593798883569,0.5129645469247305,0.29565682789027675,0.21730771903445256
overall,60,matched_early_mixture,0.5,current_only,20261001,macro,0.09056996072907703,0.5105617420739132,0.3080197028988246,0.20254203917508892
overall,60,matched_early_mixture,0.5,current_only,20261002,macro,0.094229666638437,0.5086092059126673,0.29813204414328226,0.2104771617693851
overall,60,matched_early_mixture,0.5,independent,20260930,baron,0.13860368455045943,0.4953173151604745,0.322413749906045,0.1729035652544285
overall,60,matched_early_mixture,0.5,independent,20261001,baron,0.14939138416845846,0.5139692481255427,0.3073509022113208,0.2066183459142219
overall,60,matched_early_mixture,0.5,independent,20261002,baron,0.14596207629199184,0.5121228921702868,0.33268428428571445,0.17943860788457597
overall,60,matched_early_mixture,0.5,independent,20260930,dragon,0.10331658447352987,0.5024621963318654,0.23207106858881382,0.27039112774305224
overall,60,matched_early_mixture,0.5,independent,20261001,dragon,0.10737777661115089,0.49869182593672373,0.23598032069970815,0.2627115052370164
overall,60,matched_early_mixture,0.5,independent,20261002,dragon,0.1062890754028331,0.5056156487115562,0.23950296810704383,0.2661126806045103
overall,60,matched_early_mixture,0.5,independent,20260930,teamfight,0.027114632438334486,0.4999456054150034,0.31744509616124766,0.18250050925375563
overall,60,matched_early_mixture,0.5,independent,20261001,teamfight,0.026995441773642784,0.4914149801736533,0.3103819459084616,0.181033034265194
overall,60,matched_early_mixture,0.5,independent,20261002,teamfight,0.02857545880366647,0.49540822907809084,0.3275353288219694,0.16787290025611876
overall,60,matched_early_mixture,0.5,independent,20260930,macro,0.08967830048744126,0.49924170563578113,0.29064330488536877,0.2085984007504121
overall,60,matched_early_mixture,0.5,independent,20261001,macro,0.09458820085108403,0.5013586847453065,0.28457105627316354,0.21678762847214408
overall,60,matched_early_mixture,0.5,independent,20261002,macro,0.0936088701661638,0.5043822566533113,0.29990752707157586,0.20447472958173504
overall,60,matched_early_mixture,0.5,pcgrad,20260930,baron,0.13550261845729236,0.5035699395455484,0.3186403704696389,0.18492956907590952
overall,60,matched_early_mixture,0.5,pcgrad,20261001,baron,0.13801969286975976,0.5122164639602822,0.3451068391032677,0.16710962485701658
overall,60,matched_early_mixture,0.5,pcgrad,20261002,baron,0.13868679953046995,0.5121378448286498,0.3296927018229952,0.18244514300565315
overall,60,matched_early_mixture,0.5,pcgrad,20260930,dragon,0.10469676385273849,0.5027738319997591,0.22505311816356496,0.2777207138361952
overall,60,matched_early_mixture,0.5,pcgrad,20261001,dragon,0.10578903121298712,0.4974284374683804,0.2369570747371191,0.2604713627312615
overall,60,matched_early_mixture,0.5,pcgrad,20261002,dragon,0.10569824298289654,0.5006530861212822,0.23056775811912333,0.27008532800215934
overall,60,matched_early_mixture,0.5,pcgrad,20260930,teamfight,0.028147071906860187,0.5066220198461612,0.3327412670219072,0.1738807528242541
overall,60,matched_early_mixture,0.5,pcgrad,20261001,teamfight,0.026635785814643202,0.4891997449386265,0.29788936712896696,0.19131037780966167
overall,60,matched_early_mixture,0.5,pcgrad,20261002,teamfight,0.02897454353547494,0.5031134652927968,0.325370625538449,0.177742839754346
overall,60,matched_early_mixture,0.5,pcgrad,20260930,macro,0.089448818072297,0.5043219304638229,0.2921449185517037,0.2121770119121196
overall,60,matched_early_mixture,0.5,pcgrad,20261001,macro,0.0901481699657967,0.4996148821224297,0.2933177603231179,0.20629712179931325
overall,60,matched_early_mixture,0.5,pcgrad,20261002,macro,0.09111986201628047,0.5053014654142429,0.29521036182685584,0.21009110358738617
overall,60,matched_early_mixture,0.75,leagueews,20260930,baron,0.20484254636248816,0.783969634365378,0.53063164180401,0.25333799256136735
overall,60,matched_early_mixture,0.75,leagueews,20261001,baron,0.21174414990488585,0.7633873144399486,0.5193441295546535,0.24404318488528864
overall,60,matched_early_mixture,0.75,leagueews,20261002,baron,0.20919368736908409,0.7718992186100313,0.5190126993095654,0.2528865193004688
overall,60,matched_early_mixture,0.75,leagueews,20260930,dragon,0.1597129785677314,0.7543826091301219,0.3234017287610535,0.43098088036906784
overall,60,matched_early_mixture,0.75,leagueews,20261001,dragon,0.16404612631118662,0.7488031277518327,0.34858660394814606,0.40021652380368694
overall,60,matched_early_mixture,0.75,leagueews,20261002,dragon,0.16377909176229957,0.7484066611501855,0.3305455109640054,0.4178611501861805
overall,60,matched_early_mixture,0.75,leagueews,20260930,teamfight,0.04394383691973495,0.747588947282619,0.49490094262721934,0.2526880046553972
overall,60,matched_early_mixture,0.75,leagueews,20261001,teamfight,0.04190621144236716,0.748311386179086,0.4729336407978638,0.2753777453812212
overall,60,matched_early_mixture,0.75,leagueews,20261002,teamfight,0.0438918622480915,0.7412609040842102,0.49568947129366653,0.2455714327905358
overall,60,matched_early_mixture,0.75,leagueews,20260930,macro,0.13616645394998486,0.7619803969260396,0.4496447710640943,0.31233562586194413
overall,60,matched_early_mixture,0.75,leagueews,20261001,macro,0.1392321625528132,0.7535006094569558,0.4469547914335544,0.3065458180233989
overall,60,matched_early_mixture,0.75,leagueews,20261002,macro,0.13895488045982504,0.753855594614809,0.4484158938557458,0.3054397007590617
overall,60,matched_early_mixture,0.75,gru,20260930,baron,0.16920952118534788,0.7399116873489338,0.6026125885895065,0.13729909875942947
overall,60,matched_early_mixture,0.75,gru,20261001,baron,0.16966392462293722,0.7454979851184809,0.5920327700439342,0.15346521507455055
overall,60,matched_early_mixture,0.75,gru,20261002,baron,0.1297914788665647,0.7505810021786495,0.6446005882352944,0.10598041394335492
overall,60,matched_early_mixture,0.75,gru,20260930,dragon,0.19168234549595095,0.7802648720505126,0.47101678298438016,0.30924808906613027
overall,60,matched_early_mixture,0.75,gru,20261001,dragon,0.18998412201335999,0.7831762208067944,0.532683227176221,0.2504929936305733
overall,60,matched_early_mixture,0.75,gru,20261002,dragon,0.1813515359521693,0.7739385918003578,0.48419117647058657,0.2897474153297682
overall,60,matched_early_mixture,0.75,gru,20260930,teamfight,0.04177157227620034,0.737978622507853,0.5528105323596383,0.18516809014821495
overall,60,matched_early_mixture,0.75,gru,20261001,teamfight,0.04453835967854679,0.7507043623043622,0.5766777000777012,0.1740266622266617
overall,60,matched_early_mixture,0.75,gru,20261002,teamfight,0.04087659545347422,0.7245250416757292,0.5800382691889514,0.14448677248677252
overall,60,matched_early_mixture,0.75,gru,20260930,macro,0.13422114631916637,0.7527183939690998,0.5421466346445083,0.21057175932459157
overall,60,matched_early_mixture,0.75,gru,20261001,macro,0.134728802104948,0.7597928560765458,0.5671312324326188,0.19266162364392855
overall,60,matched_early_mixture,0.75,gru,20261002,macro,0.11733987009073606,0.7496815452182455,0.5696100112982775,0.18007153391996522
overall,60,matched_early_mixture,0.75,tcn,20260930,baron,0.203240117816591,0.7887403984152046,0.5327660266533666,0.25597437176183646
overall,60,matched_early_mixture,0.75,tcn,20261001,baron,0.19781440576526946,0.7732143537768555,0.5219969248094265,0.2512174289674319
overall,60,matched_early_mixture,0.75,tcn,20261002,baron,0.20353509550517598,0.7892603143321636,0.5354196561754824,0.2538406581566808
overall,60,matched_early_mixture,0.75,tcn,20260930,dragon,0.16006647820240294,0.754912663755461,0.33461537076284814,0.42029729299260765
overall,60,matched_early_mixture,0.75,tcn,20261001,dragon,0.1583138462566796,0.7549568952909813,0.3597127620198335,0.3952441332711485
overall,60,matched_early_mixture,0.75,tcn,20261002,dragon,0.15885261604149678,0.7531212456312827,0.3250170273894479,0.4281042182418327
overall,60,matched_early_mixture,0.75,tcn,20260930,teamfight,0.04253746522848058,0.7443812153500068,0.4806500028536732,0.2637312124963338
overall,60,matched_early_mixture,0.75,tcn,20261001,teamfight,0.041246292024871054,0.7312073481932629,0.4460834566961331,0.285123891497132
overall,60,matched_early_mixture,0.75,tcn,20261002,teamfight,0.04187171115479442,0.7540747637897273,0.495646794891589,0.2584279688981418
overall,60,matched_early_mixture,0.75,tcn,20260930,macro,0.13528135374915817,0.7626780925068908,0.4493438000899627,0.31333429241692595
overall,60,matched_early_mixture,0.75,tcn,20261001,macro,0.13245818134894005,0.7531261990870334,0.44259771450846436,0.3105284845785708
overall,60,matched_early_mixture,0.75,tcn,20261002,macro,0.13475314090048907,0.7654854412510579,0.4520278261521731,0.3134576150988851
overall,60,matched_early_mixture,0.75,snapshot,20260930,baron,0.19827141350520014,0.7712832276766334,0.5634081734937132,0.20787505418292015
overall,60,matched_early_mixture,0.75,snapshot,20261001,baron,0.19707340095374476,0.7736929512651006,0.5594228683897803,0.2142700828753207
overall,60,matched_early_mixture,0.75,snapshot,20261002,baron,0.1964014509437598,0.7497611685219003,0.5395920828487576,0.21016908567314593
overall,60,matched_early_mixture,0.75,snapshot,20260930,dragon,0.16003343366122563,0.7578321421811849,0.3431673822207203,0.41466475996046376
overall,60,matched_early_mixture,0.75,snapshot,20261001,dragon,0.16019862356235592,0.759392420620311,0.3368523094394812,0.42254011118082896
overall,60,matched_early_mixture,0.75,snapshot,20261002,dragon,0.15990863087723653,0.7589016905974983,0.3469773865824832,0.4119243040150155
overall,60,matched_early_mixture,0.75,snapshot,20260930,teamfight,0.040487695404064376,0.7729837631292574,0.536498802929702,0.2364849601995517
overall,60,matched_early_mixture,0.75,snapshot,20261001,teamfight,0.03952614876585591,0.7702562750906812,0.5308014427545201,0.23945483233616058
overall,60,matched_early_mixture,0.75,snapshot,20261002,teamfight,0.04046571088825129,0.7713978845245935,0.5333434377609041,0.2380544467636859
overall,60,matched_early_mixture,0.75,snapshot,20260930,macro,0.1329308475234967,0.7673663776623586,0.48102478621471184,0.2863415914476452
overall,60,matched_early_mixture,0.75,snapshot,20261001,macro,0.1322660577606522,0.767780548992031,0.47569220686126057,0.2920883421307701
overall,60,matched_early_mixture,0.75,snapshot,20261002,macro,0.1322585975697492,0.7600202478813308,0.4733043023973817,0.28671594548394913
overall,60,matched_early_mixture,0.75,current_only,20260930,baron,0.1992440137219591,0.7567661914424524,0.5286579307982175,0.22810826064423154
overall,60,matched_early_mixture,0.75,current_only,20261001,baron,0.20583254248032856,0.7647848570631617,0.5429708275038488,0.22181402955931473
overall,60,matched_early_mixture,0.75,current_only,20261002,baron,0.21662796377922625,0.7634621725656158,0.5349938733042165,0.22846829926140114
overall,60,matched_early_mixture,0.75,current_only,20260930,dragon,0.15702075738541,0.7538835969419753,0.3115575367611435,0.44232606018083304
overall,60,matched_early_mixture,0.75,current_only,20261001,dragon,0.16172153280955562,0.7525281887185334,0.34962163763332776,0.40290655108520573
overall,60,matched_early_mixture,0.75,current_only,20261002,dragon,0.16378590325024503,0.7533174303563333,0.3480842151014672,0.40523321525486744
overall,60,matched_early_mixture,0.75,current_only,20260930,teamfight,0.042722123398834314,0.7683132839700506,0.5144440569307335,0.2538692270393164
overall,60,matched_early_mixture,0.75,current_only,20261001,teamfight,0.04191718090721568,0.7621096646313161,0.5249060935346871,0.23720357109662749
overall,60,matched_early_mixture,0.75,current_only,20261002,teamfight,0.04614368644031677,0.756567287939346,0.5079904713289094,0.24857681661043235
overall,60,matched_early_mixture,0.75,current_only,20260930,macro,0.1329956315020678,0.7596543574514927,0.4515531748300315,0.30810118262146036
overall,60,matched_early_mixture,0.75,current_only,20261001,macro,0.13649041873236661,0.7598075701376704,0.47249951955728786,0.2873080505803826
overall,60,matched_early_mixture,0.75,current_only,20261002,macro,0.14218585115659602,0.757782296953765,0.463689519911531,0.29409277704223363
overall,60,matched_early_mixture,0.75,independent,20260930,baron,0.2090314860225482,0.7523994293617762,0.5114654673985229,0.24093396196325284
overall,60,matched_early_mixture,0.75,independent,20261001,baron,0.22773810563060923,0.7766516074968047,0.5237139809085583,0.25293762658824565
overall,60,matched_early_mixture,0.75,independent,20261002,baron,0.21985582468460835,0.7667107269686565,0.5086875002530783,0.2580232267155808
overall,60,matched_early_mixture,0.75,independent,20260930,dragon,0.15497487671029453,0.7536932944977977,0.3481066028832197,0.4055866916145814
overall,60,matched_early_mixture,0.75,independent,20261001,dragon,0.16106666491672647,0.7480377389050873,0.3539704810495634,0.39406725785552443
overall,60,matched_early_mixture,0.75,independent,20261002,dragon,0.15943361310424956,0.7584234730673333,0.35925445216056795,0.3991690209067665
overall,60,matched_early_mixture,0.75,independent,20260930,teamfight,0.04067194865750163,0.7499184081225058,0.4761676442418694,0.2737507638806336
overall,60,matched_early_mixture,0.75,independent,20261001,teamfight,0.04049316266046441,0.737122470260476,0.46557291886269053,0.2715495513977876
overall,60,matched_early_mixture,0.75,independent,20261002,teamfight,0.04286318820550003,0.7431123436171337,0.4913029932329686,0.25180935038417895
overall,60,matched_early_mixture,0.75,independent,20260930,macro,0.1348927704634481,0.7520037106606932,0.44524657150787067,0.3067571391528226
overall,60,matched_early_mixture,0.75,independent,20261001,macro,0.1430993110692667,0.7539372722207892,0.44775246027360405,0.3061848119471859
overall,60,matched_early_mixture,0.75,independent,20261002,macro,0.14071754199811934,0.7560821812177078,0.4530816485488716,0.3030005326688421
overall,60,matched_early_mixture,0.75,pcgrad,20260930,baron,0.20552618083917357,0.765247814658596,0.5152133993520386,0.25003441530655807
overall,60,matched_early_mixture,0.75,pcgrad,20261001,baron,0.20680801642278981,0.7684740376487376,0.5206781921398508,0.24779584550888575
overall,60,matched_early_mixture,0.75,pcgrad,20261002,baron,0.204226422520649,0.7653452048042412,0.5236868738062436,0.2416583309979952
overall,60,matched_early_mixture,0.75,pcgrad,20260930,dragon,0.15704514577910803,0.7541607479996397,0.3375796772453481,0.41658107075429274
overall,60,matched_early_mixture,0.75,pcgrad,20261001,dragon,0.15868354681948038,0.7461426562025725,0.3554356121056779,0.39070704409689294
overall,60,matched_early_mixture,0.75,pcgrad,20261002,dragon,0.15854736447434445,0.7509796291819232,0.34585163717868517,0.40512799200324073
overall,60,matched_early_mixture,0.75,pcgrad,20260930,teamfight,0.04222060786029014,0.7599330297692418,0.49911190053285864,0.2608211292363817
overall,60,matched_early_mixture,0.75,pcgrad,20261001,teamfight,0.041351724617791616,0.7380380200860844,0.46053084648493653,0.27750717360114735
overall,60,matched_early_mixture,0.75,pcgrad,20261002,teamfight,0.043461815303212206,0.754670197939198,0.48805593830767346,0.26661425963152124
overall,60,matched_early_mixture,0.75,pcgrad,20260930,macro,0.13493064482619058,0.7597805308091593,0.4506349923767485,0.3091455384324108
overall,60,matched_early_mixture,0.75,pcgrad,20261001,macro,0.13561442928668727,0.750884904645798,0.44554821691015506,0.30533668773564204
overall,60,matched_early_mixture,0.75,pcgrad,20261002,macro,0.1354118674327352,0.7569983439751208,0.45253148309753405,0.30446686087758573
overall,60,matched_early_mixture,1.0,leagueews,20260930,baron,0.2682760260918668,1.0307647893012966,0.7519079230438244,0.2788568662574725
overall,60,matched_early_mixture,1.0,leagueews,20261001,baron,0.2757862928900875,1.0280375943193603,0.7468750167828059,0.2811625775365558
overall,60,matched_early_mixture,1.0,leagueews,20261002,baron,0.27482160614536644,1.0347458139823347,0.756710889158383,0.2780349248239448
overall,60,matched_early_mixture,1.0,leagueews,20260930,dragon,0.21295063809030823,1.0058434788401633,0.4312023050147386,0.5746411738254265
overall,60,matched_early_mixture,1.0,leagueews,20261001,dragon,0.21872816841491605,0.9984041703357731,0.46478213859752804,0.533622031738246
overall,60,matched_early_mixture,1.0,leagueews,20261002,dragon,0.21837212234973294,0.9978755482002486,0.44072734795200713,0.5571482002482425
overall,60,matched_early_mixture,1.0,leagueews,20260930,teamfight,0.058591782559646616,0.9967852630434872,0.6598679235029601,0.33691733954053044
overall,60,matched_early_mixture,1.0,leagueews,20261001,teamfight,0.05581054453966697,0.9969180064308654,0.6343633507956588,0.3625546556352041
overall,60,matched_early_mixture,1.0,leagueews,20261002,teamfight,0.058522482997455334,0.9883478721122777,0.6609192950582323,0.32742857705404843
overall,60,matched_early_mixture,1.0,leagueews,20260930,macro,0.17993948224727388,1.011131177061649,0.6143260505205077,0.39680512654114314
overall,60,matched_early_mixture,1.0,leagueews,20261001,macro,0.18344166861489017,1.0077865903619996,0.6153401687253309,0.3924464216366686
overall,60,matched_early_mixture,1.0,leagueews,20261002,macro,0.18390540383085155,1.0069897447649536,0.6194525107228742,0.38753723404207857
overall,60,matched_early_mixture,1.0,gru,20260930,baron,0.22383628538852746,0.9959506906801932,0.824765059936662,0.17118563074352453
overall,60,matched_early_mixture,1.0,gru,20261001,baron,0.22256699387145432,0.9984043125742657,0.8057773245137494,0.19262698806051795
overall,60,matched_early_mixture,1.0,gru,20261002,baron,0.17376730837216595,1.0020602810700872,0.8720912787286997,0.12996900234138423
overall,60,matched_early_mixture,1.0,gru,20260930,dragon,0.23791386234974907,1.0357975528542571,0.6410307794565,0.39476677339775473
overall,60,matched_early_mixture,1.0,gru,20261001,dragon,0.2298826348800686,1.0294286917050983,0.6962306135148972,0.3331980781902048
overall,60,matched_early_mixture,1.0,gru,20261002,dragon,0.22646994052470495,1.0272526034063263,0.646702919708032,0.3805496836982976
overall,60,matched_early_mixture,1.0,gru,20260930,teamfight,0.055705477833353875,0.9953662671372305,0.7571210212006086,0.2382452459366193
overall,60,matched_early_mixture,1.0,gru,20261001,teamfight,0.058467555850733446,1.010343334443339,0.7854578088578105,0.22488552558552563
overall,60,matched_early_mixture,1.0,gru,20261002,teamfight,0.051398517382386,0.9659189217682379,0.7828318606811792,0.18308706108706183
overall,60,matched_early_mixture,1.0,gru,20260930,macro,0.1724852085238768,1.0090381702238937,0.7409722868645902,0.26806588335929954
overall,60,matched_early_mixture,1.0,gru,20261001,macro,0.17030572820075215,1.012725446240901,0.7624885822954858,0.25023686394541617
overall,60,matched_early_mixture,1.0,gru,20261002,macro,0.15054525542641897,0.9984106020815505,0.767208686372637,0.23120191570891457
overall,60,matched_early_mixture,1.0,tcn,20260930,baron,0.2685068792299646,1.0420480480480394,0.7586488389798215,0.2833992090682215
overall,60,matched_early_mixture,1.0,tcn,20261001,baron,0.264436965373623,1.030812485738534,0.75005128582842,0.2807611999101112
overall,60,matched_early_mixture,1.0,tcn,20261002,baron,0.2641697910684601,1.040023991583214,0.7624986792156455,0.27752531236756683
overall,60,matched_early_mixture,1.0,tcn,20260930,dragon,0.21342197093653748,1.0065502183406105,0.4461538276837983,0.5603963906568146
overall,60,matched_early_mixture,1.0,tcn,20261001,dragon,0.21108512834223958,1.0066091937213069,0.4796170160264461,0.5269921776948641
overall,60,matched_early_mixture,1.0,tcn,20261002,dragon,0.2118034880553298,1.004161660841706,0.43335603651926363,0.5708056243224443
overall,60,matched_early_mixture,1.0,tcn,20260930,teamfight,0.05671662030464052,0.9925082871333454,0.6408666704715638,0.35164161666178034
overall,60,matched_early_mixture,1.0,tcn,20261001,teamfight,0.054711687235905734,0.9740905835412871,0.6149069633013289,0.35918362023995654
overall,60,matched_early_mixture,1.0,tcn,20261002,teamfight,0.055842605667645255,1.0056772117321902,0.6611132824961791,0.3445639292360242
overall,60,matched_early_mixture,1.0,tcn,20260930,macro,0.17954849015704752,1.0137021845073317,0.6152231123783946,0.39847907212893885
overall,60,matched_early_mixture,1.0,tcn,20261001,macro,0.17674459365058945,1.003837421000376,0.6148584217187316,0.3889789992816439
overall,60,matched_early_mixture,1.0,tcn,20261002,macro,0.17727196159714506,1.0166209547190368,0.618989332743696,0.3976316219753451
overall,60,matched_early_mixture,1.0,snapshot,20260930,baron,0.2599159924964368,1.01961742940553,0.763836567335664,0.2557808620698659
overall,60,matched_early_mixture,1.0,snapshot,20261001,baron,0.2589675416383069,1.0113961241037321,0.754538371406051,0.2568577526976746
overall,60,matched_early_mixture,1.0,snapshot,20261002,baron,0.2574775887282438,0.9951295276533109,0.7414588763096975,0.25367065134361566
overall,60,matched_early_mixture,1.0,snapshot,20260930,dragon,0.2133779115483006,1.0104428562415797,0.45755650962762495,0.5528863466139525
overall,60,matched_early_mixture,1.0,snapshot,20261001,dragon,0.2135981647498077,1.0125232274937455,0.4491364125859732,0.5633868149077725
overall,60,matched_early_mixture,1.0,snapshot,20261002,dragon,0.2132115078363153,1.011868920796667,0.46263651544331014,0.5492324053533532
overall,60,matched_early_mixture,1.0,snapshot,20260930,teamfight,0.0533292727667736,1.0187439070057216,0.7225573650921305,0.29618654191358956
overall,60,matched_early_mixture,1.0,snapshot,20261001,teamfight,0.052713301993303444,1.027137051594831,0.70778670258426,0.31935034901057135
overall,60,matched_early_mixture,1.0,snapshot,20261002,teamfight,0.052745766095303306,1.0129279312390338,0.7164831900536115,0.2964447411854077
overall,60,matched_early_mixture,1.0,snapshot,20260930,macro,0.17554105893717034,1.0162680642176103,0.6479834806851398,0.36828458353246935
overall,60,matched_early_mixture,1.0,snapshot,20261001,macro,0.17509300279380602,1.017018801064103,0.6371538288587614,0.3798649722053395
overall,60,matched_early_mixture,1.0,snapshot,20261002,macro,0.17447828755328745,1.006642126563004,0.6401928606022064,0.36644926596079214
overall,60,matched_early_mixture,1.0,current_only,20260930,baron,0.26167666789568444,1.0240484161561891,0.7658760550769252,0.2581723610792632
overall,60,matched_early_mixture,1.0,current_only,20261001,baron,0.26548590127987926,1.029178518486639,0.7665221184560377,0.26265640003060553
overall,60,matched_early_mixture,1.0,current_only,20261002,baron,0.27817436169446186,1.0250468087094693,0.7699195402298857,0.25512726847958284
overall,60,matched_early_mixture,1.0,current_only,20260930,dragon,0.20936100984721287,1.0051781292559727,0.4154100490148565,0.5897680802411133
overall,60,matched_early_mixture,1.0,current_only,20261001,dragon,0.2156287104127406,1.0033709182913755,0.4661621835111006,0.537208734780276
overall,60,matched_early_mixture,1.0,current_only,20261002,dragon,0.2183812043336593,1.0044232404751106,0.4641122868019543,0.5403109536731583
overall,60,matched_early_mixture,1.0,current_only,20260930,teamfight,0.055730151533749474,1.0144469729696168,0.7069875379578765,0.3074594350117388
overall,60,matched_early_mixture,1.0,current_only,20261001,teamfight,0.0559466480964964,1.0104286622565084,0.7052615598274188,0.30516710242908995
overall,60,matched_early_mixture,1.0,current_only,20261002,teamfight,0.059655189524658536,1.0015218120417617,0.6979665080135472,0.30355530402822356
overall,60,matched_early_mixture,1.0,current_only,20260930,macro,0.17558927642554892,1.014557839460593,0.6294245473498861,0.3851332921107051
overall,60,matched_early_mixture,1.0,current_only,20261001,macro,0.1790204199297054,1.0143260330115076,0.645981953931519,0.3683440790799905
overall,60,matched_early_mixture,1.0,current_only,20261002,macro,0.1854035851842599,1.0103306204087805,0.6439994450151291,0.3663311753936549
overall,60,matched_early_mixture,1.0,independent,20260930,baron,0.27384155523993736,1.0003696145124736,0.723963284604624,0.27640632990785147
overall,60,matched_early_mixture,1.0,independent,20261001,baron,0.29393499941930357,1.0324273825676744,0.7522629076838011,0.2801644748838755
overall,60,matched_early_mixture,1.0,independent,20261002,baron,0.28634192393492475,1.0097619628082193,0.7290379323339053,0.2807240304743166
overall,60,matched_early_mixture,1.0,independent,20260930,dragon,0.20663316894705974,1.0049243926637301,0.46414213717762764,0.5407822554861045
overall,60,matched_early_mixture,1.0,independent,20261001,dragon,0.21475555322230178,0.9973836518734475,0.4719606413994163,0.5254230104740328
overall,60,matched_early_mixture,1.0,independent,20261002,dragon,0.2125781508056662,1.0112312974231124,0.47900593621408766,0.5322253612090206
overall,60,matched_early_mixture,1.0,independent,20260930,teamfight,0.05422926487666897,0.9998912108300068,0.6348901923224953,0.36500101850751127
overall,60,matched_early_mixture,1.0,independent,20261001,teamfight,0.05447259711871673,0.9868281618878548,0.6296511593604283,0.3571770025274284
overall,60,matched_early_mixture,1.0,independent,20261002,teamfight,0.05715091760733294,0.9908164581561817,0.6550706576439388,0.3357458005122375
overall,60,matched_early_mixture,1.0,independent,20260930,macro,0.17823466302122204,1.0017284060020701,0.6076652047015823,0.39406320130048905
overall,60,matched_early_mixture,1.0,independent,20261001,macro,0.18772104992010738,1.0055463987763256,0.6179582361478819,0.3875881626284456
overall,60,matched_early_mixture,1.0,independent,20261002,macro,0.18535699744930798,1.0039365727958376,0.6210381753973105,0.38289839739852494
overall,60,matched_early_mixture,1.0,pcgrad,20260930,baron,0.27194749390036754,1.0257547852474256,0.7427900035013978,0.28296478174603024
overall,60,matched_early_mixture,1.0,pcgrad,20261001,baron,0.2728146257839173,1.0265033573180495,0.7473059081567905,0.2791974491612556
overall,60,matched_early_mixture,1.0,pcgrad,20261002,baron,0.2676043991532558,1.0183863882935096,0.737013027793215,0.2813733605002974
overall,60,matched_early_mixture,1.0,pcgrad,20260930,dragon,0.20939352770547698,1.0055476639995182,0.4501062363271299,0.5554414276723904
overall,60,matched_early_mixture,1.0,pcgrad,20261001,dragon,0.21157806242597424,0.9948568749367608,0.4739141494742382,0.520942725462523
overall,60,matched_early_mixture,1.0,pcgrad,20261002,dragon,0.21139648596579308,1.0013061722425645,0.46113551623824667,0.5401706560043187
overall,60,matched_early_mixture,1.0,pcgrad,20260930,teamfight,0.056294143813720374,1.0132440396923224,0.6654825340438144,0.3477615056485084
overall,60,matched_early_mixture,1.0,pcgrad,20261001,teamfight,0.056067663420940085,0.9868762952335416,0.6231723258409083,0.36370396939263683
overall,60,matched_early_mixture,1.0,pcgrad,20261002,teamfight,0.05794908707094988,1.0062269305855935,0.650741251076898,0.355485679508692
overall,60,matched_early_mixture,1.0,pcgrad,20260930,macro,0.17921172180652165,1.0148488296464222,0.6194595912907807,0.395389238355643
overall,60,matched_early_mixture,1.0,pcgrad,20261001,macro,0.18015345054361054,1.0027455091627842,0.6147974611573124,0.3879480480054718
overall,60,matched_early_mixture,1.0,pcgrad,20261002,macro,0.17898332406333292,1.0086398303738893,0.6162965983694532,0.392343232004436
overall,60,matched_early_mixture,mean,leagueews,20260930,baron,0.17002584598739517,0.6449755172195777,0.43519334460340203,0.20978217261617524
overall,60,matched_early_mixture,mean,leagueews,20261001,baron,0.17259555163314969,0.6370103130736223,0.4347606802679021,0.20224963280571906
overall,60,matched_early_mixture,mean,leagueews,20261002,baron,0.17369849424547493,0.6476993722400125,0.4379993857532506,0.2096999864867618
overall,60,matched_early_mixture,mean,leagueews,20260930,dragon,0.1330941488064427,0.6286521742751019,0.2695014406342115,0.359150733640891
overall,60,matched_early_mixture,mean,leagueews,20261001,dragon,0.13670510525932242,0.6240026064598589,0.29048883662345504,0.33351376983640435
overall,60,matched_early_mixture,mean,leagueews,20261002,dragon,0.13648257646858306,0.6236722176251552,0.2754545924700045,0.3482176251551512
overall,60,matched_early_mixture,mean,leagueews,20260930,teamfight,0.03661986409977913,0.6229907894021804,0.41241745218934983,0.21057333721283134
overall,60,matched_early_mixture,mean,leagueews,20261001,teamfight,0.03490574185610035,0.623385194697258,0.3950576580978461,0.22832753659941085
overall,60,matched_early_mixture,mean,leagueews,20261002,teamfight,0.036576551873409587,0.617717420070174,0.41307455941139326,0.20464286065878012
overall,60,matched_early_mixture,mean,leagueews,20260930,macro,0.11324661963120568,0.6322061602989534,0.37237074580898777,0.2598354144899659
overall,60,matched_early_mixture,mean,leagueews,20261001,macro,0.11473546624952415,0.6281327047435797,0.37343572499640104,0.2546969797471781
overall,60,matched_early_mixture,mean,leagueews,20261002,macro,0.11558587419582252,0.6296963366451139,0.3755095125448828,0.254186824100231
overall,60,matched_early_mixture,mean,gru,20260930,baron,0.1408070015406918,0.6145035436564518,0.49970211880027304,0.11480142485617797
overall,60,matched_early_mixture,mean,gru,20261001,baron,0.14051855960369194,0.6216689248876821,0.4913111364560706,0.13035778843161272
overall,60,matched_early_mixture,mean,gru,20261002,baron,0.10778337945556105,0.6213654413732963,0.5336820721319359,0.08768336924135967
overall,60,matched_early_mixture,mean,gru,20260930,dragon,0.1630355361847295,0.6492406026243704,0.39097439386115584,0.258266208763213
overall,60,matched_early_mixture,mean,gru,20261001,dragon,0.16145931817020132,0.6505230061989586,0.4459254224942934,0.20459758370466558
overall,60,matched_early_mixture,mean,gru,20261002,dragon,0.15462215168085988,0.6444335411919184,0.40522536845471646,0.23920817273720302
overall,60,matched_early_mixture,mean,gru,20260930,teamfight,0.03487669069228501,0.6138436024854539,0.4557570820661023,0.15808652041935162
overall,60,matched_early_mixture,mean,gru,20261001,teamfight,0.03734911688858322,0.6242217996862586,0.4766141395418514,0.1476076601444073
overall,60,matched_early_mixture,mean,gru,20261002,teamfight,0.03358839552083488,0.5993509765956185,0.4802584315339943,0.11909254506162412
overall,60,matched_early_mixture,mean,gru,20260930,macro,0.11290640947256876,0.625862582922092,0.4488111982425104,0.17705138467958084
overall,60,matched_early_mixture,mean,gru,20261001,macro,0.1131089982208255,0.6321379102576331,0.47128356616407174,0.16085434409356186
overall,60,matched_early_mixture,mean,gru,20261002,macro,0.09866464221908527,0.621716653053611,0.4730552907068822,0.14866136234672891
overall,60,matched_early_mixture,mean,tcn,20260930,baron,0.16891157992695055,0.6559064910511554,0.45305964226851425,0.20284684878264214
overall,60,matched_early_mixture,mean,tcn,20261001,baron,0.16454716428705787,0.6450122634066221,0.4427300790243943,0.20228218438222706
overall,60,matched_early_mixture,mean,tcn,20261002,baron,0.16806101539066465,0.6550735160843861,0.4576801491046314,0.19739336697975482
overall,60,matched_early_mixture,mean,tcn,20260930,dragon,0.1333887318353359,0.6290938864628823,0.2788461423023738,0.3502477441605083
overall,60,matched_early_mixture,mean,tcn,20261001,dragon,0.13192820521389972,0.6291307460758171,0.29976063501652855,0.3293701110592901
overall,60,matched_early_mixture,mean,tcn,20261002,dragon,0.132377180034581,0.627601038026067,0.27084752282453983,0.35675351520152754
overall,60,matched_early_mixture,mean,tcn,20260930,teamfight,0.03544788769040037,0.6203176794583404,0.40054166904472743,0.2197760104136124
overall,60,matched_early_mixture,mean,tcn,20261001,teamfight,0.03436729340151877,0.6090667479494296,0.3741862247204313,0.23488052322899844
overall,60,matched_early_mixture,mean,tcn,20261002,teamfight,0.034886263898369296,0.6282735398184944,0.4129135510892987,0.2153599887292005
overall,60,matched_early_mixture,mean,tcn,20260930,macro,0.1125827331508956,0.6351060189907928,0.3774824845385385,0.2576235344522543
overall,60,matched_early_mixture,mean,tcn,20261001,macro,0.11028088763415879,0.627736585810623,0.37222564625378474,0.2555109395568385
overall,60,matched_early_mixture,mean,tcn,20261002,macro,0.1117748197745383,0.6369826979763159,0.38048040767282326,0.2565022903034943
overall,60,matched_early_mixture,mean,snapshot,20260930,baron,0.164428762241459,0.6389499474023866,0.4633389191384015,0.17561102826398486
overall,60,matched_early_mixture,mean,snapshot,20261001,baron,0.16363280172563024,0.6384153342424128,0.45839648426947327,0.18001884997293843
overall,60,matched_early_mixture,mean,snapshot,20261002,baron,0.16447711295185968,0.6280557724420855,0.4511525696186124,0.17690320282347446
overall,60,matched_early_mixture,mean,snapshot,20260930,dragon,0.13336119471768793,0.6315267851509874,0.28597281851726597,0.3455539666337202
overall,60,matched_early_mixture,mean,snapshot,20261001,dragon,0.13349885296862984,0.6328270171835915,0.28071025786623355,0.3521167593173577
overall,60,matched_early_mixture,mean,snapshot,20261002,dragon,0.13325719239769707,0.6324180754979163,0.28914782215206897,0.34327025334584593
overall,60,matched_early_mixture,mean,snapshot,20260930,teamfight,0.03358514683728603,0.6414871175753181,0.44847577977492115,0.19301133780039526
overall,60,matched_early_mixture,mean,snapshot,20261001,teamfight,0.032932572152132425,0.641815886838606,0.44230881283965184,0.19950707399895426
overall,60,matched_early_mixture,mean,snapshot,20261002,teamfight,0.03338541072737884,0.6437344057423031,0.44633729768679103,0.19739710805550625
overall,60,matched_early_mixture,mean,snapshot,20260930,macro,0.11045836793214431,0.6373212833762306,0.3992625058101962,0.23805877756603344
overall,60,matched_early_mixture,mean,snapshot,20261001,macro,0.11002140894879749,0.6376860794215368,0.39380518499178624,0.24388089442975014
overall,60,matched_early_mixture,mean,snapshot,20261002,macro,0.11037323869231186,0.6347360845607684,0.3955458964858241,0.23919018807494222
overall,60,matched_early_mixture,mean,current_only,20260930,baron,0.16690465587081568,0.6382305566438566,0.4507976287769202,0.18743292786693533
overall,60,matched_early_mixture,mean,current_only,20261001,baron,0.16883254091364913,0.6420692564136763,0.4572835076270855,0.18478574878659232
overall,60,matched_early_mixture,mean,current_only,20261002,baron,0.1773956982026826,0.6434010670534162,0.4501407500788724,0.19326031697454427
overall,60,matched_early_mixture,mean,current_only,20260930,dragon,0.13085063115450812,0.6282363307849819,0.2596312806342856,0.36860505015069533
overall,60,matched_early_mixture,mean,current_only,20261001,dragon,0.1347679440079629,0.62710682393211,0.29135136469443845,0.33575545923767214
overall,60,matched_early_mixture,mean,current_only,20261002,dragon,0.1364882527085372,0.6277645252969442,0.2900701792512218,0.33769434604572357
overall,60,matched_early_mixture,mean,current_only,20260930,teamfight,0.03585581849581681,0.643995916859418,0.43214283195449504,0.21185308490492172
overall,60,matched_early_mixture,mean,current_only,20261001,teamfight,0.034902447312575344,0.6379501658187153,0.4347283603883201,0.20322180543039495
overall,60,matched_early_mixture,mean,current_only,20261002,teamfight,0.037589884874769934,0.6289738000009653,0.4224877545305731,0.20648604547039306
overall,60,matched_early_mixture,mean,current_only,20260930,macro,0.11120370184038021,0.6368209347627521,0.3808572471219003,0.2559636876408508
overall,60,matched_early_mixture,mean,current_only,20261001,macro,0.11283431074472915,0.6357087487215005,0.3944544109032813,0.24125433781821978
overall,60,matched_early_mixture,mean,current_only,20261002,macro,0.11715794526199658,0.6333797974504418,0.38756622795355583,0.24581356949688696
overall,60,matched_early_mixture,mean,independent,20260930,baron,0.17269464202204368,0.6239362541537403,0.4297623442155536,0.19417390993818673
overall,60,matched_early_mixture,mean,independent,20261001,baron,0.18615959763507706,0.6452552892418655,0.43141008853172036,0.2138452007101452
overall,60,matched_early_mixture,mean,independent,20261002,baron,0.18128521576438023,0.6361642570080766,0.4341879647538888,0.20197629225419034
overall,60,matched_early_mixture,mean,independent,20260930,dragon,0.12914573059191226,0.6280777454148314,0.290088835736017,0.337988909678816
overall,60,matched_early_mixture,mean,independent,20261001,dragon,0.13422222076393864,0.6233647824209051,0.2949754008746355,0.3283893815462705
overall,60,matched_early_mixture,mean,independent,20261002,dragon,0.13286134425354135,0.632019560889445,0.29937871013380535,0.33264085075563815
overall,60,matched_early_mixture,mean,independent,20260930,teamfight,0.03389329054791808,0.6249320067687544,0.39680637020155907,0.2281256365671946
overall,60,matched_early_mixture,mean,independent,20261001,teamfight,0.033864730609911325,0.6152682756022027,0.3901992492714528,0.2250690263307517
overall,60,matched_early_mixture,mean,independent,20261002,teamfight,0.035719323504583164,0.6192602863476129,0.40941916102746534,0.20984112532014865
overall,60,matched_early_mixture,mean,independent,20260930,macro,0.111911221053958,0.6256486687791086,0.3722191833843766,0.2534294853947325
overall,60,matched_early_mixture,mean,independent,20261001,macro,0.11808218300297568,0.6279627824216578,0.3721949128926029,0.2557678695290558
overall,60,matched_early_mixture,mean,independent,20261002,macro,0.11662196117416825,0.6291480347483781,0.3809952786383865,0.2481527561099924
overall,60,matched_early_mixture,mean,pcgrad,20260930,baron,0.1701819006063699,0.636589377306086,0.4339909896394737,0.20259838766661314
overall,60,matched_early_mixture,mean,pcgrad,20261001,baron,0.17166304537783666,0.6408255227268026,0.44641108973788574,0.19441443298891659
overall,60,matched_early_mixture,mean,pcgrad,20261002,baron,0.1699652552424024,0.6379845900851813,0.4388097385834878,0.19917485150169306
overall,60,matched_early_mixture,mean,pcgrad,20260930,dragon,0.1308709548159232,0.6284672899996991,0.2813163977044564,0.347150892295244
overall,60,matched_early_mixture,mean,pcgrad,20261001,dragon,0.13223628901623383,0.6217855468354759,0.2961963434213987,0.32558920341407704
overall,60,matched_early_mixture,mean,pcgrad,20261002,dragon,0.1321228037286206,0.6258163576516027,0.2882096976489042,0.33760666000269957
overall,60,matched_early_mixture,mean,pcgrad,20260930,teamfight,0.035183839883575194,0.6332775248077014,0.41592658377738345,0.2173509410303178
overall,60,matched_early_mixture,mean,pcgrad,20261001,teamfight,0.0341489325096339,0.6140893276228963,0.3807303943066296,0.2333589333162682
overall,60,matched_early_mixture,mean,pcgrad,20261002,teamfight,0.036218179419343625,0.6288918316159966,0.4067132819230612,0.22217854969293305
overall,60,matched_early_mixture,mean,pcgrad,20260930,macro,0.11207889843528944,0.6327780640378289,0.37707799037377115,0.2557000736640583
overall,60,matched_early_mixture,mean,pcgrad,20261001,macro,0.11268275563456813,0.625566799061725,0.374445942488638,0.2511208565730873
overall,60,matched_early_mixture,mean,pcgrad,20261002,macro,0.11276874613012221,0.6308975931175935,0.37791090605181776,0.2529866870657752
europe,30,deterministic,0.25,leagueews,20260930,baron,0.09254658385093167,0.20733333333333334,0.11533333333333333,0.092
europe,30,deterministic,0.25,leagueews,20261001,baron,0.08944099378881988,0.18333333333333332,0.09266666666666666,0.09066666666666667
europe,30,deterministic,0.25,leagueews,20261002,baron,0.09565217391304348,0.21266666666666667,0.122,0.09066666666666667
europe,30,deterministic,0.25,leagueews,20260930,dragon,0.024202223019003228,0.144,0.05333333333333334,0.09066666666666667
europe,30,deterministic,0.25,leagueews,20261001,dragon,0.03209035496593761,0.19266666666666668,0.07666666666666666,0.116
europe,30,deterministic,0.25,leagueews,20261002,dragon,0.026174256005736824,0.15933333333333333,0.06,0.09933333333333333
europe,30,deterministic,0.25,leagueews,20260930,teamfight,0.008518741230707557,0.18266666666666667,0.11933333333333333,0.06333333333333334
europe,30,deterministic,0.25,leagueews,20261001,teamfight,0.005612347163760273,0.15133333333333332,0.094,0.05733333333333333
europe,30,deterministic,0.25,leagueews,20261002,teamfight,0.008117859290438966,0.16666666666666666,0.10666666666666667,0.06
europe,30,deterministic,0.25,leagueews,20260930,macro,0.041755849366880815,0.17800000000000002,0.09599999999999999,0.082
europe,30,deterministic,0.25,leagueews,20261001,macro,0.04238123197283925,0.17577777777777778,0.08777777777777777,0.08800000000000001
europe,30,deterministic,0.25,leagueews,20261002,macro,0.043314763069739755,0.17955555555555555,0.09622222222222222,0.08333333333333333
europe,30,deterministic,0.25,gru,20260930,baron,0.046583850931677016,0.18733333333333332,0.14866666666666667,0.03866666666666667
europe,30,deterministic,0.25,gru,20261001,baron,0.04596273291925466,0.15533333333333332,0.11466666666666667,0.04066666666666666
europe,30,deterministic,0.25,gru,20261002,baron,0.019254658385093167,0.12333333333333334,0.106,0.017333333333333333
europe,30,deterministic,0.25,gru,20260930,dragon,0.022947292936536395,0.16,0.12666666666666668,0.03333333333333333
europe,30,deterministic,0.25,gru,20261001,dragon,0.023664395840803154,0.20533333333333334,0.18666666666666668,0.018666666666666668
europe,30,deterministic,0.25,gru,20261002,dragon,0.00914306202940122,0.06466666666666666,0.056666666666666664,0.008
europe,30,deterministic,0.25,gru,20260930,teamfight,0.006414111044297455,0.128,0.092,0.036
europe,30,deterministic,0.25,gru,20261001,teamfight,0.007416315894968932,0.16666666666666666,0.13133333333333333,0.035333333333333335
europe,30,deterministic,0.25,gru,20261002,teamfight,0.0061134495890960115,0.15733333333333333,0.12733333333333333,0.03
europe,30,deterministic,0.25,gru,20260930,macro,0.025315084970836954,0.15844444444444444,0.12244444444444443,0.036000000000000004
europe,30,deterministic,0.25,gru,20261001,macro,0.025681148218342248,0.17577777777777778,0.14422222222222222,0.03155555555555556
europe,30,deterministic,0.25,gru,20261002,macro,0.011503723334530133,0.11511111111111111,0.09666666666666666,0.018444444444444444
europe,30,deterministic,0.25,tcn,20260930,baron,0.09503105590062112,0.21733333333333332,0.12533333333333332,0.092
europe,30,deterministic,0.25,tcn,20261001,baron,0.09316770186335403,0.214,0.12266666666666666,0.09133333333333334
europe,30,deterministic,0.25,tcn,20261002,baron,0.08881987577639752,0.21333333333333335,0.12666666666666668,0.08666666666666667
europe,30,deterministic,0.25,tcn,20260930,dragon,0.02456077447113661,0.15733333333333333,0.058,0.09933333333333333
europe,30,deterministic,0.25,tcn,20261001,dragon,0.021333811401936176,0.13333333333333333,0.05,0.08333333333333333
europe,30,deterministic,0.25,tcn,20261002,dragon,0.03442093940480459,0.21933333333333332,0.09733333333333333,0.122
europe,30,deterministic,0.25,tcn,20260930,teamfight,0.0072158749248346366,0.14466666666666667,0.09066666666666667,0.054
europe,30,deterministic,0.25,tcn,20261001,teamfight,0.008518741230707557,0.19466666666666665,0.126,0.06866666666666667
europe,30,deterministic,0.25,tcn,20261002,teamfight,0.010523150932050512,0.23533333333333334,0.15533333333333332,0.08
europe,30,deterministic,0.25,tcn,20260930,macro,0.04226923509886412,0.1731111111111111,0.09133333333333334,0.08177777777777777
europe,30,deterministic,0.25,tcn,20261001,macro,0.04100675149866592,0.18066666666666667,0.09955555555555555,0.08111111111111112
europe,30,deterministic,0.25,tcn,20261002,macro,0.04458798870441754,0.22266666666666665,0.12644444444444444,0.09622222222222222
europe,30,deterministic,0.25,snapshot,20260930,baron,0.07950310559006211,0.20866666666666667,0.13133333333333333,0.07733333333333334
europe,30,deterministic,0.25,snapshot,20261001,baron,0.07391304347826087,0.19333333333333333,0.11733333333333333,0.076
europe,30,deterministic,0.25,snapshot,20261002,baron,0.08881987577639752,0.236,0.15466666666666667,0.08133333333333333
europe,30,deterministic,0.25,snapshot,20260930,dragon,0.017389745428468984,0.12733333333333333,0.05333333333333334,0.074
europe,30,deterministic,0.25,snapshot,20261001,dragon,0.01577626389386877,0.10933333333333334,0.043333333333333335,0.066
europe,30,deterministic,0.25,snapshot,20261002,dragon,0.016314091072068843,0.12333333333333334,0.05,0.07333333333333333
europe,30,deterministic,0.25,snapshot,20260930,teamfight,0.004710362798155943,0.142,0.098,0.044
europe,30,deterministic,0.25,snapshot,20261001,teamfight,0.00791741832030467,0.222,0.16066666666666668,0.06133333333333333
europe,30,deterministic,0.25,snapshot,20261002,teamfight,0.004910803768290239,0.14733333333333334,0.10266666666666667,0.04466666666666667
europe,30,deterministic,0.25,snapshot,20260930,macro,0.03386773793889568,0.15933333333333333,0.09422222222222222,0.0651111111111111
europe,30,deterministic,0.25,snapshot,20261001,macro,0.03253557523081144,0.17488888888888887,0.10711111111111112,0.06777777777777778
europe,30,deterministic,0.25,snapshot,20261002,macro,0.036681590205585535,0.1688888888888889,0.10244444444444445,0.06644444444444444
europe,30,deterministic,0.25,current_only,20260930,baron,0.08136645962732919,0.234,0.14533333333333334,0.08866666666666667
europe,30,deterministic,0.25,current_only,20261001,baron,0.08385093167701864,0.238,0.154,0.084
europe,30,deterministic,0.25,current_only,20261002,baron,0.07950310559006211,0.22266666666666668,0.13933333333333334,0.08333333333333333
europe,30,deterministic,0.25,current_only,20260930,dragon,0.020616708497669417,0.122,0.044,0.078
europe,30,deterministic,0.25,current_only,20261001,dragon,0.024381498745069917,0.14733333333333334,0.05533333333333333,0.092
europe,30,deterministic,0.25,current_only,20261002,dragon,0.0190032269630692,0.13533333333333333,0.04733333333333333,0.088
europe,30,deterministic,0.25,current_only,20260930,teamfight,0.009520946081379034,0.23933333333333334,0.18,0.059333333333333335
europe,30,deterministic,0.25,current_only,20261001,teamfight,0.006013229104028864,0.15133333333333332,0.10666666666666667,0.04466666666666667
europe,30,deterministic,0.25,current_only,20261002,teamfight,0.0061134495890960115,0.13666666666666666,0.09866666666666667,0.038
europe,30,deterministic,0.25,current_only,20260930,macro,0.03716803806879255,0.19844444444444442,0.12311111111111112,0.07533333333333335
europe,30,deterministic,0.25,current_only,20261001,macro,0.0380818865087058,0.17888888888888888,0.10533333333333333,0.07355555555555555
europe,30,deterministic,0.25,current_only,20261002,macro,0.03487326071407578,0.1648888888888889,0.0951111111111111,0.06977777777777779
europe,30,deterministic,0.25,independent,20260930,baron,0.09378881987577639,0.22533333333333333,0.13333333333333333,0.092
europe,30,deterministic,0.25,independent,20261001,baron,0.10062111801242236,0.23933333333333334,0.142,0.09733333333333333
europe,30,deterministic,0.25,independent,20261002,baron,0.08509316770186336,0.176,0.09466666666666666,0.08133333333333333
europe,30,deterministic,0.25,independent,20260930,dragon,0.03513804230907135,0.24533333333333332,0.10666666666666667,0.13866666666666666
europe,30,deterministic,0.25,independent,20261001,dragon,0.03083542488347078,0.20466666666666666,0.09133333333333334,0.11333333333333333
europe,30,deterministic,0.25,independent,20261002,dragon,0.020616708497669417,0.136,0.051333333333333335,0.08466666666666667
europe,30,deterministic,0.25,independent,20260930,teamfight,0.004710362798155943,0.13466666666666666,0.08066666666666666,0.054
europe,30,deterministic,0.25,independent,20261001,teamfight,0.004710362798155943,0.138,0.08,0.058
europe,30,deterministic,0.25,independent,20261002,teamfight,0.006213670074163159,0.134,0.07666666666666666,0.05733333333333333
europe,30,deterministic,0.25,independent,20260930,macro,0.04454574166100123,0.20177777777777775,0.10688888888888888,0.0948888888888889
europe,30,deterministic,0.25,independent,20261001,macro,0.04538896856468303,0.19400000000000003,0.10444444444444445,0.08955555555555555
europe,30,deterministic,0.25,independent,20261002,macro,0.037307848757898644,0.14866666666666667,0.07422222222222222,0.07444444444444444
europe,30,deterministic,0.25,pcgrad,20260930,baron,0.1,0.21666666666666667,0.12066666666666667,0.096
europe,30,deterministic,0.25,pcgrad,20261001,baron,0.10248447204968944,0.22133333333333333,0.124,0.09733333333333333
europe,30,deterministic,0.25,pcgrad,20261002,baron,0.08695652173913043,0.19666666666666666,0.10933333333333334,0.08733333333333333
europe,30,deterministic,0.25,pcgrad,20260930,dragon,0.02187163858013625,0.12933333333333333,0.04466666666666667,0.08466666666666667
europe,30,deterministic,0.25,pcgrad,20261001,dragon,0.030656149157404087,0.18466666666666667,0.06933333333333333,0.11533333333333333
europe,30,deterministic,0.25,pcgrad,20261002,dragon,0.025815704553603443,0.15733333333333333,0.05466666666666667,0.10266666666666667
europe,30,deterministic,0.25,pcgrad,20260930,teamfight,0.0076167568651032275,0.16133333333333333,0.106,0.05533333333333333
europe,30,deterministic,0.25,pcgrad,20261001,teamfight,0.008518741230707557,0.20066666666666666,0.13066666666666665,0.07
europe,30,deterministic,0.25,pcgrad,20261002,teamfight,0.005612347163760273,0.12266666666666666,0.07,0.05266666666666667
europe,30,deterministic,0.25,pcgrad,20260930,macro,0.0431627984817465,0.1691111111111111,0.09044444444444444,0.07866666666666666
europe,30,deterministic,0.25,pcgrad,20261001,macro,0.04721978747926703,0.20222222222222222,0.10799999999999998,0.09422222222222222
europe,30,deterministic,0.25,pcgrad,20261002,macro,0.03946152448549805,0.15888888888888889,0.078,0.08088888888888889
europe,30,deterministic,0.5,leagueews,20260930,baron,0.1484472049689441,0.456,0.336,0.12
europe,30,deterministic,0.5,leagueews,20261001,baron,0.1484472049689441,0.44666666666666666,0.324,0.12266666666666666
europe,30,deterministic,0.5,leagueews,20261002,baron,0.1515527950310559,0.4706666666666667,0.35,0.12066666666666667
europe,30,deterministic,0.5,leagueews,20260930,dragon,0.04697024022947293,0.292,0.12,0.172
europe,30,deterministic,0.5,leagueews,20261001,dragon,0.057547508067407674,0.36333333333333334,0.164,0.19933333333333333
europe,30,deterministic,0.5,leagueews,20261002,dragon,0.05342416636787379,0.33266666666666667,0.146,0.18666666666666668
europe,30,deterministic,0.5,leagueews,20260930,teamfight,0.013329324513930648,0.3233333333333333,0.22133333333333333,0.102
europe,30,deterministic,0.5,leagueews,20261001,teamfight,0.01192623772299058,0.27666666666666667,0.188,0.08866666666666667
europe,30,deterministic,0.5,leagueews,20261002,teamfight,0.014231308879534978,0.29533333333333334,0.2,0.09533333333333334
europe,30,deterministic,0.5,leagueews,20260930,macro,0.06958225657078256,0.3571111111111111,0.22577777777777777,0.13133333333333333
europe,30,deterministic,0.5,leagueews,20261001,macro,0.07264031691978078,0.3622222222222222,0.2253333333333333,0.1368888888888889
europe,30,deterministic,0.5,leagueews,20261002,macro,0.07306942342615488,0.3662222222222222,0.23199999999999998,0.13422222222222221
europe,30,deterministic,0.5,gru,20260930,baron,0.08074534161490683,0.424,0.37,0.054
europe,30,deterministic,0.5,gru,20261001,baron,0.08881987577639752,0.38066666666666665,0.31533333333333335,0.06533333333333333
europe,30,deterministic,0.5,gru,20261002,baron,0.05031055900621118,0.3526666666666667,0.31866666666666665,0.034
europe,30,deterministic,0.5,gru,20260930,dragon,0.055934026532807456,0.44133333333333336,0.34933333333333333,0.092
europe,30,deterministic,0.5,gru,20261001,dragon,0.023664395840803154,0.20533333333333334,0.18666666666666668,0.018666666666666668
europe,30,deterministic,0.5,gru,20261002,dragon,0.03818572965220509,0.29933333333333334,0.238,0.06133333333333333
europe,30,deterministic,0.5,gru,20260930,teamfight,0.012627781118460614,0.278,0.21666666666666667,0.06133333333333333
europe,30,deterministic,0.5,gru,20261001,teamfight,0.014832631789937864,0.3586666666666667,0.28933333333333333,0.06933333333333333
europe,30,deterministic,0.5,gru,20261002,teamfight,0.01192623772299058,0.36466666666666664,0.31,0.05466666666666667
europe,30,deterministic,0.5,gru,20260930,macro,0.04976904975539163,0.3811111111111111,0.312,0.06911111111111111
europe,30,deterministic,0.5,gru,20261001,macro,0.04243896780237951,0.3148888888888889,0.2637777777777778,0.05111111111111111
europe,30,deterministic,0.5,gru,20261002,macro,0.03347417546046895,0.33888888888888885,0.2888888888888889,0.049999999999999996
europe,30,deterministic,0.5,tcn,20260930,baron,0.1515527950310559,0.4806666666666667,0.36133333333333334,0.11933333333333333
europe,30,deterministic,0.5,tcn,20261001,baron,0.14285714285714285,0.42133333333333334,0.30466666666666664,0.11666666666666667
europe,30,deterministic,0.5,tcn,20261002,baron,0.14472049689440994,0.44133333333333336,0.3253333333333333,0.116
europe,30,deterministic,0.5,tcn,20260930,dragon,0.053782717820007174,0.3353333333333333,0.15266666666666667,0.18266666666666667
europe,30,deterministic,0.5,tcn,20261001,dragon,0.07099318752240946,0.4686666666666667,0.23066666666666666,0.238
europe,30,deterministic,0.5,tcn,20261002,dragon,0.06812477590534241,0.43533333333333335,0.216,0.21933333333333332
europe,30,deterministic,0.5,tcn,20260930,teamfight,0.018841451192623773,0.452,0.32466666666666666,0.12733333333333333
europe,30,deterministic,0.5,tcn,20261001,teamfight,0.015634395670475046,0.356,0.248,0.108
europe,30,deterministic,0.5,tcn,20261002,teamfight,0.016135498095810785,0.414,0.294,0.12
europe,30,deterministic,0.5,tcn,20260930,macro,0.07472565468122895,0.4226666666666667,0.27955555555555556,0.1431111111111111
europe,30,deterministic,0.5,tcn,20261001,macro,0.07649490868334245,0.41533333333333333,0.2611111111111111,0.15422222222222223
europe,30,deterministic,0.5,tcn,20261002,macro,0.07632692363185438,0.43022222222222223,0.27844444444444444,0.15177777777777776
europe,30,deterministic,0.5,snapshot,20260930,baron,0.13540372670807455,0.4786666666666667,0.368,0.11066666666666666
europe,30,deterministic,0.5,snapshot,20261001,baron,0.11987577639751552,0.44266666666666665,0.3353333333333333,0.10733333333333334
europe,30,deterministic,0.5,snapshot,20261002,baron,0.12795031055900621,0.418,0.31466666666666665,0.10333333333333333
europe,30,deterministic,0.5,snapshot,20260930,dragon,0.04428110433847257,0.316,0.15733333333333333,0.15866666666666668
europe,30,deterministic,0.5,snapshot,20261001,dragon,0.04320544998207243,0.30666666666666664,0.14933333333333335,0.15733333333333333
europe,30,deterministic,0.5,snapshot,20261002,dragon,0.04410182861240588,0.31666666666666665,0.15333333333333332,0.16333333333333333
europe,30,deterministic,0.5,snapshot,20260930,teamfight,0.017037482461415114,0.454,0.35,0.104
europe,30,deterministic,0.5,snapshot,20261001,teamfight,0.015634395670475046,0.408,0.31666666666666665,0.09133333333333334
europe,30,deterministic,0.5,snapshot,20261002,teamfight,0.016636600521146523,0.4493333333333333,0.3466666666666667,0.10266666666666667
europe,30,deterministic,0.5,snapshot,20260930,macro,0.06557410450265408,0.4162222222222222,0.29177777777777775,0.12444444444444443
europe,30,deterministic,0.5,snapshot,20261001,macro,0.059571874016687655,0.3857777777777778,0.26711111111111113,0.11866666666666666
europe,30,deterministic,0.5,snapshot,20261002,macro,0.0628962465641862,0.39466666666666667,0.27155555555555555,0.12311111111111112
europe,30,deterministic,0.5,current_only,20260930,baron,0.12732919254658384,0.4493333333333333,0.336,0.11333333333333333
europe,30,deterministic,0.5,current_only,20261001,baron,0.13167701863354037,0.44733333333333336,0.3353333333333333,0.112
europe,30,deterministic,0.5,current_only,20261002,baron,0.1360248447204969,0.4706666666666667,0.3626666666666667,0.108
europe,30,deterministic,0.5,current_only,20260930,dragon,0.07045536034420939,0.482,0.24133333333333334,0.24066666666666667
europe,30,deterministic,0.5,current_only,20261001,dragon,0.047866618859806385,0.30466666666666664,0.142,0.16266666666666665
europe,30,deterministic,0.5,current_only,20261002,dragon,0.04768734313373969,0.2986666666666667,0.13733333333333334,0.16133333333333333
europe,30,deterministic,0.5,current_only,20260930,teamfight,0.016436159551012228,0.42933333333333334,0.33,0.09933333333333333
europe,30,deterministic,0.5,current_only,20261001,teamfight,0.010823812387251955,0.284,0.21466666666666667,0.06933333333333333
europe,30,deterministic,0.5,current_only,20261002,teamfight,0.017939466827019444,0.464,0.366,0.098
europe,30,deterministic,0.5,current_only,20260930,macro,0.07140690414726848,0.45355555555555555,0.30244444444444446,0.1511111111111111
europe,30,deterministic,0.5,current_only,20261001,macro,0.06345581662686624,0.3453333333333333,0.23066666666666666,0.11466666666666665
europe,30,deterministic,0.5,current_only,20261002,macro,0.06721721822708535,0.41111111111111115,0.2886666666666667,0.12244444444444443
europe,30,deterministic,0.5,independent,20260930,baron,0.13850931677018632,0.4126666666666667,0.29533333333333334,0.11733333333333333
europe,30,deterministic,0.5,independent,20261001,baron,0.14658385093167703,0.42,0.298,0.122
europe,30,deterministic,0.5,independent,20261002,baron,0.1515527950310559,0.43666666666666665,0.31666666666666665,0.12
europe,30,deterministic,0.5,independent,20260930,dragon,0.06722839727500897,0.44866666666666666,0.228,0.22066666666666668
europe,30,deterministic,0.5,independent,20261001,dragon,0.058085335245607744,0.38533333333333336,0.19066666666666668,0.19466666666666665
europe,30,deterministic,0.5,independent,20261002,dragon,0.07547508067407672,0.49333333333333335,0.258,0.23533333333333334
europe,30,deterministic,0.5,independent,20260930,teamfight,0.017037482461415114,0.4266666666666667,0.30266666666666664,0.124
europe,30,deterministic,0.5,independent,20261001,teamfight,0.016235718580877932,0.422,0.294,0.128
europe,30,deterministic,0.5,independent,20261002,teamfight,0.020044097013429546,0.44333333333333336,0.31266666666666665,0.13066666666666665
europe,30,deterministic,0.5,independent,20260930,macro,0.07425839883553681,0.42933333333333334,0.2753333333333333,0.154
europe,30,deterministic,0.5,independent,20261001,macro,0.07363496825272091,0.40911111111111115,0.2608888888888889,0.14822222222222223
europe,30,deterministic,0.5,independent,20261002,macro,0.08235732423952072,0.4577777777777778,0.29577777777777775,0.162
europe,30,deterministic,0.5,pcgrad,20260930,baron,0.1409937888198758,0.4013333333333333,0.2846666666666667,0.11666666666666667
europe,30,deterministic,0.5,pcgrad,20261001,baron,0.1422360248447205,0.43333333333333335,0.31,0.12333333333333334
europe,30,deterministic,0.5,pcgrad,20261002,baron,0.1496894409937888,0.43866666666666665,0.314,0.12466666666666666
europe,30,deterministic,0.5,pcgrad,20260930,dragon,0.07045536034420939,0.4573333333333333,0.222,0.23533333333333334
europe,30,deterministic,0.5,pcgrad,20261001,dragon,0.05575475080674077,0.3466666666666667,0.15333333333333332,0.19333333333333333
europe,30,deterministic,0.5,pcgrad,20261002,dragon,0.05629257798494084,0.34933333333333333,0.15666666666666668,0.19266666666666668
europe,30,deterministic,0.5,pcgrad,20260930,teamfight,0.01232711966325917,0.29133333333333333,0.20066666666666666,0.09066666666666667
europe,30,deterministic,0.5,pcgrad,20261001,teamfight,0.01453197033473642,0.36133333333333334,0.248,0.11333333333333333
europe,30,deterministic,0.5,pcgrad,20261002,teamfight,0.017638805371818,0.382,0.2633333333333333,0.11866666666666667
europe,30,deterministic,0.5,pcgrad,20260930,macro,0.07459208960911479,0.3833333333333333,0.23577777777777778,0.14755555555555555
europe,30,deterministic,0.5,pcgrad,20261001,macro,0.07084091532873256,0.3804444444444444,0.23711111111111113,0.14333333333333334
europe,30,deterministic,0.5,pcgrad,20261002,macro,0.07454027478351588,0.38999999999999996,0.24466666666666667,0.14533333333333334
europe,30,deterministic,0.75,leagueews,20260930,baron,0.19130434782608696,0.698,0.5593333333333333,0.13866666666666666
europe,30,deterministic,0.75,leagueews,20261001,baron,0.17515527950310558,0.6106666666666667,0.47733333333333333,0.13333333333333333
europe,30,deterministic,0.75,leagueews,20261002,baron,0.1813664596273292,0.666,0.528,0.138
europe,30,deterministic,0.75,leagueews,20260930,dragon,0.10882036572248117,0.7453333333333333,0.406,0.3393333333333333
europe,30,deterministic,0.75,leagueews,20261001,dragon,0.08981713875941198,0.5726666666666667,0.3006666666666667,0.272
europe,30,deterministic,0.75,leagueews,20261002,dragon,0.09160989602007888,0.568,0.29133333333333333,0.27666666666666667
europe,30,deterministic,0.75,leagueews,20260930,teamfight,0.023251152535578273,0.5433333333333333,0.394,0.14933333333333335
europe,30,deterministic,0.75,leagueews,20261001,teamfight,0.020044097013429546,0.4886666666666667,0.34933333333333333,0.13933333333333334
europe,30,deterministic,0.75,leagueews,20261002,teamfight,0.02034475846863099,0.47933333333333333,0.3446666666666667,0.13466666666666666
europe,30,deterministic,0.75,leagueews,20260930,macro,0.10779195536138213,0.6622222222222223,0.4531111111111111,0.2091111111111111
europe,30,deterministic,0.75,leagueews,20261001,macro,0.09500550509198236,0.5573333333333333,0.37577777777777777,0.18155555555555555
europe,30,deterministic,0.75,leagueews,20261002,macro,0.09777370470534635,0.5711111111111111,0.38800000000000007,0.1831111111111111
europe,30,deterministic,0.75,gru,20260930,baron,0.08074534161490683,0.424,0.37,0.054
europe,30,deterministic,0.75,gru,20261001,baron,0.10372670807453416,0.5373333333333333,0.462,0.07533333333333334
europe,30,deterministic,0.75,gru,20261002,baron,0.07701863354037267,0.6333333333333333,0.582,0.051333333333333335
europe,30,deterministic,0.75,gru,20260930,dragon,0.055934026532807456,0.44133333333333336,0.34933333333333333,0.092
europe,30,deterministic,0.75,gru,20261001,dragon,0.051093581929006815,0.466,0.4053333333333333,0.06066666666666667
europe,30,deterministic,0.75,gru,20261002,dragon,0.08031552527787737,0.702,0.564,0.138
europe,30,deterministic,0.75,gru,20260930,teamfight,0.020845860893966728,0.5646666666666667,0.4646666666666667,0.1
europe,30,deterministic,0.75,gru,20261001,teamfight,0.025255562236921228,0.672,0.5573333333333333,0.11466666666666667
europe,30,deterministic,0.75,gru,20261002,teamfight,0.01192623772299058,0.36466666666666664,0.31,0.05466666666666667
europe,30,deterministic,0.75,gru,20260930,macro,0.052508409680560336,0.4766666666666666,0.3946666666666667,0.082
europe,30,deterministic,0.75,gru,20261001,macro,0.06002528408015406,0.5584444444444445,0.47488888888888886,0.08355555555555556
europe,30,deterministic,0.75,gru,20261002,macro,0.056420132180413536,0.5666666666666667,0.48533333333333334,0.08133333333333334
europe,30,deterministic,0.75,tcn,20260930,baron,0.18944099378881987,0.72,0.584,0.136
europe,30,deterministic,0.75,tcn,20261001,baron,0.17577639751552795,0.6453333333333333,0.512,0.13333333333333333
europe,30,deterministic,0.75,tcn,20261002,baron,0.18757763975155278,0.7153333333333334,0.5793333333333334,0.136
europe,30,deterministic,0.75,tcn,20260930,dragon,0.08246683399067767,0.5613333333333334,0.29733333333333334,0.264
europe,30,deterministic,0.75,tcn,20261001,dragon,0.10236643958408032,0.67,0.368,0.302
europe,30,deterministic,0.75,tcn,20261002,dragon,0.1064897812836142,0.7173333333333334,0.394,0.3233333333333333
europe,30,deterministic,0.75,tcn,20260930,teamfight,0.018841451192623773,0.452,0.32466666666666666,0.12733333333333333
europe,30,deterministic,0.75,tcn,20261001,teamfight,0.023150932050511126,0.5513333333333333,0.4013333333333333,0.15
europe,30,deterministic,0.75,tcn,20261002,teamfight,0.02555622369212267,0.6366666666666667,0.4666666666666667,0.17
europe,30,deterministic,0.75,tcn,20260930,macro,0.09691642632404042,0.5777777777777778,0.40199999999999997,0.17577777777777778
europe,30,deterministic,0.75,tcn,20261001,macro,0.10043125638337314,0.6222222222222222,0.42711111111111116,0.19511111111111112
europe,30,deterministic,0.75,tcn,20261002,macro,0.10654121490909656,0.6897777777777779,0.48,0.20977777777777776
europe,30,deterministic,0.75,snapshot,20260930,baron,0.17267080745341615,0.6853333333333333,0.564,0.12133333333333333
europe,30,deterministic,0.75,snapshot,20261001,baron,0.15403726708074533,0.644,0.5226666666666666,0.12133333333333333
europe,30,deterministic,0.75,snapshot,20261002,baron,0.1639751552795031,0.6506666666666666,0.5273333333333333,0.12333333333333334
europe,30,deterministic,0.75,snapshot,20260930,dragon,0.08282538544281104,0.566,0.30533333333333335,0.26066666666666666
europe,30,deterministic,0.75,snapshot,20261001,dragon,0.07852276801721048,0.5406666666666666,0.29133333333333333,0.24933333333333332
europe,30,deterministic,0.75,snapshot,20261002,dragon,0.0742201505916099,0.5426666666666666,0.29133333333333333,0.25133333333333335
europe,30,deterministic,0.75,snapshot,20260930,teamfight,0.017037482461415114,0.454,0.35,0.104
europe,30,deterministic,0.75,snapshot,20261001,teamfight,0.023752254960914012,0.692,0.5573333333333333,0.13466666666666666
europe,30,deterministic,0.75,snapshot,20261002,teamfight,0.016636600521146523,0.4493333333333333,0.3466666666666667,0.10266666666666667
europe,30,deterministic,0.75,snapshot,20260930,macro,0.09084455845254742,0.5684444444444444,0.4064444444444444,0.162
europe,30,deterministic,0.75,snapshot,20261001,macro,0.08543743001962327,0.6255555555555555,0.4571111111111111,0.16844444444444442
europe,30,deterministic,0.75,snapshot,20261002,macro,0.08494396879741983,0.5475555555555556,0.3884444444444444,0.15911111111111112
europe,30,deterministic,0.75,current_only,20260930,baron,0.17080745341614906,0.708,0.5806666666666667,0.12733333333333333
europe,30,deterministic,0.75,current_only,20261001,baron,0.16273291925465838,0.6253333333333333,0.502,0.12333333333333334
europe,30,deterministic,0.75,current_only,20261002,baron,0.16956521739130434,0.682,0.558,0.124
europe,30,deterministic,0.75,current_only,20260930,dragon,0.1045177482968806,0.7366666666666667,0.4146666666666667,0.322
europe,30,deterministic,0.75,current_only,20261001,dragon,0.10810326281821442,0.7546666666666667,0.43066666666666664,0.324
europe,30,deterministic,0.75,current_only,20261002,dragon,0.07852276801721048,0.54,0.2813333333333333,0.25866666666666666
europe,30,deterministic,0.75,current_only,20260930,teamfight,0.016436159551012228,0.42933333333333334,0.33,0.09933333333333333
europe,30,deterministic,0.75,current_only,20261001,teamfight,0.019142112647825216,0.516,0.4046666666666667,0.11133333333333334
europe,30,deterministic,0.75,current_only,20261002,teamfight,0.017939466827019444,0.464,0.366,0.098
europe,30,deterministic,0.75,current_only,20260930,macro,0.09725378708801397,0.6246666666666666,0.4417777777777778,0.18288888888888888
europe,30,deterministic,0.75,current_only,20261001,macro,0.096659431573566,0.632,0.4457777777777778,0.1862222222222222
europe,30,deterministic,0.75,current_only,20261002,macro,0.08867581741184476,0.5619999999999999,0.4017777777777778,0.16022222222222224
europe,30,deterministic,0.75,independent,20260930,baron,0.18757763975155278,0.64,0.5086666666666667,0.13133333333333333
europe,30,deterministic,0.75,independent,20261001,baron,0.19006211180124225,0.6806666666666666,0.5433333333333333,0.13733333333333334
europe,30,deterministic,0.75,independent,20261002,baron,0.18198757763975154,0.6113333333333333,0.478,0.13333333333333333
europe,30,deterministic,0.75,independent,20260930,dragon,0.1027249910362137,0.736,0.4066666666666667,0.3293333333333333
europe,30,deterministic,0.75,independent,20261001,dragon,0.08605234851201148,0.5906666666666667,0.31533333333333335,0.2753333333333333
europe,30,deterministic,0.75,independent,20261002,dragon,0.07547508067407672,0.49333333333333335,0.258,0.23533333333333334
europe,30,deterministic,0.75,independent,20260930,teamfight,0.027961515333734217,0.6533333333333333,0.47933333333333333,0.174
europe,30,deterministic,0.75,independent,20261001,teamfight,0.02655842854279415,0.668,0.49666666666666665,0.17133333333333334
europe,30,deterministic,0.75,independent,20261002,teamfight,0.028161956303868512,0.712,0.5306666666666666,0.18133333333333335
europe,30,deterministic,0.75,independent,20260930,macro,0.10608804870716688,0.6764444444444444,0.4648888888888889,0.21155555555555558
europe,30,deterministic,0.75,independent,20261001,macro,0.10089096295201595,0.6464444444444445,0.4517777777777778,0.19466666666666665
europe,30,deterministic,0.75,independent,20261002,macro,0.0952082048725656,0.6055555555555555,0.4222222222222222,0.18333333333333335
europe,30,deterministic,0.75,pcgrad,20260930,baron,0.18571428571428572,0.6353333333333333,0.49866666666666665,0.13666666666666666
europe,30,deterministic,0.75,pcgrad,20261001,baron,0.18571428571428572,0.6913333333333334,0.5533333333333333,0.138
europe,30,deterministic,0.75,pcgrad,20261002,baron,0.18757763975155278,0.7133333333333334,0.572,0.14133333333333334
europe,30,deterministic,0.75,pcgrad,20260930,dragon,0.10702760846181426,0.712,0.38533333333333336,0.32666666666666666
europe,30,deterministic,0.75,pcgrad,20261001,dragon,0.08425959125134456,0.5333333333333333,0.27266666666666667,0.26066666666666666
europe,30,deterministic,0.75,pcgrad,20261002,dragon,0.09358192900681248,0.5986666666666667,0.31466666666666665,0.284
europe,30,deterministic,0.75,pcgrad,20260930,teamfight,0.021346963319302466,0.478,0.34,0.138
europe,30,deterministic,0.75,pcgrad,20261001,teamfight,0.02515534175185408,0.59,0.43,0.16
europe,30,deterministic,0.75,pcgrad,20261002,teamfight,0.024854680296652637,0.5973333333333334,0.438,0.15933333333333333
europe,30,deterministic,0.75,pcgrad,20260930,macro,0.10469628583180081,0.6084444444444445,0.408,0.20044444444444443
europe,30,deterministic,0.75,pcgrad,20261001,macro,0.09837640623916145,0.6048888888888889,0.4186666666666667,0.1862222222222222
europe,30,deterministic,0.75,pcgrad,20261002,macro,0.10200474968500595,0.6364444444444445,0.44155555555555553,0.1948888888888889
europe,30,deterministic,1.0,leagueews,20260930,baron,0.21428571428571427,0.89,0.7426666666666667,0.14733333333333334
europe,30,deterministic,1.0,leagueews,20261001,baron,0.21677018633540374,0.936,0.79,0.146
europe,30,deterministic,1.0,leagueews,20261002,baron,0.20496894409937888,0.8853333333333333,0.7373333333333333,0.148
europe,30,deterministic,1.0,leagueews,20260930,dragon,0.13947651487988527,0.982,0.586,0.396
europe,30,deterministic,1.0,leagueews,20261001,dragon,0.12101111509501614,0.8286666666666667,0.4686666666666667,0.36
europe,30,deterministic,1.0,leagueews,20261002,dragon,0.1310505557547508,0.8873333333333333,0.516,0.37133333333333335
europe,30,deterministic,1.0,leagueews,20260930,teamfight,0.032872319102024455,0.786,0.5853333333333334,0.20066666666666666
europe,30,deterministic,1.0,leagueews,20261001,teamfight,0.030266586490278614,0.7486666666666667,0.554,0.19466666666666665
europe,30,deterministic,1.0,leagueews,20261002,teamfight,0.029765484064942876,0.722,0.5346666666666666,0.18733333333333332
europe,30,deterministic,1.0,leagueews,20260930,macro,0.12887818275587468,0.886,0.638,0.248
europe,30,deterministic,1.0,leagueews,20261001,macro,0.1226826293068995,0.8377777777777778,0.6042222222222222,0.23355555555555554
europe,30,deterministic,1.0,leagueews,20261002,macro,0.1219283279730242,0.8315555555555555,0.596,0.23555555555555555
europe,30,deterministic,1.0,gru,20260930,baron,0.115527950310559,0.6753333333333333,0.6006666666666667,0.07466666666666667
europe,30,deterministic,1.0,gru,20261001,baron,0.15403726708074533,0.8813333333333333,0.7806666666666666,0.10066666666666667
europe,30,deterministic,1.0,gru,20261002,baron,0.09627329192546584,0.7833333333333333,0.726,0.05733333333333333
europe,30,deterministic,1.0,gru,20260930,dragon,0.09645034062387953,0.8173333333333334,0.6526666666666666,0.16466666666666666
europe,30,deterministic,1.0,gru,20261001,dragon,0.08910003585514521,0.878,0.7413333333333333,0.13666666666666666
europe,30,deterministic,1.0,gru,20261002,dragon,0.08031552527787737,0.702,0.564,0.138
europe,30,deterministic,1.0,gru,20260930,teamfight,0.020845860893966728,0.5646666666666667,0.4646666666666667,0.1
europe,30,deterministic,1.0,gru,20261001,teamfight,0.025255562236921228,0.672,0.5573333333333333,0.11466666666666667
europe,30,deterministic,1.0,gru,20261002,teamfight,0.02254960914010824,0.7546666666666667,0.6553333333333333,0.09933333333333333
europe,30,deterministic,1.0,gru,20260930,macro,0.07760805060946842,0.6857777777777777,0.5726666666666667,0.11311111111111112
europe,30,deterministic,1.0,gru,20261001,macro,0.08946428839093724,0.8104444444444444,0.693111111111111,0.11733333333333333
europe,30,deterministic,1.0,gru,20261002,macro,0.06637947544781715,0.7466666666666666,0.6484444444444445,0.09822222222222222
europe,30,deterministic,1.0,tcn,20260930,baron,0.21055900621118012,0.8866666666666667,0.7393333333333333,0.14733333333333334
europe,30,deterministic,1.0,tcn,20261001,baron,0.21180124223602484,0.9393333333333334,0.7913333333333333,0.148
europe,30,deterministic,1.0,tcn,20261002,baron,0.21055900621118012,0.9186666666666666,0.772,0.14666666666666667
europe,30,deterministic,1.0,tcn,20260930,dragon,0.12244532090354966,0.81,0.4633333333333333,0.3466666666666667
europe,30,deterministic,1.0,tcn,20261001,dragon,0.13087128002868412,0.8933333333333333,0.5253333333333333,0.368
europe,30,deterministic,1.0,tcn,20261002,dragon,0.14557188956615275,0.9953333333333333,0.6093333333333333,0.386
europe,30,deterministic,1.0,tcn,20260930,teamfight,0.027560633393465626,0.688,0.5113333333333333,0.17666666666666667
europe,30,deterministic,1.0,tcn,20261001,teamfight,0.03257165764682301,0.828,0.6253333333333333,0.20266666666666666
europe,30,deterministic,1.0,tcn,20261002,teamfight,0.02555622369212267,0.6366666666666667,0.4666666666666667,0.17
europe,30,deterministic,1.0,tcn,20260930,macro,0.12018832016939847,0.794888888888889,0.5713333333333334,0.22355555555555554
europe,30,deterministic,1.0,tcn,20261001,macro,0.125081393303844,0.886888888888889,0.6473333333333333,0.23955555555555555
europe,30,deterministic,1.0,tcn,20261002,macro,0.12722903982315184,0.8502222222222221,0.616,0.23422222222222222
europe,30,deterministic,1.0,snapshot,20260930,baron,0.20124223602484473,0.942,0.806,0.136
europe,30,deterministic,1.0,snapshot,20261001,baron,0.18944099378881987,0.864,0.728,0.136
europe,30,deterministic,1.0,snapshot,20261002,baron,0.1968944099378882,0.89,0.7553333333333333,0.13466666666666666
europe,30,deterministic,1.0,snapshot,20260930,dragon,0.11939763356041593,0.864,0.5113333333333333,0.3526666666666667
europe,30,deterministic,1.0,snapshot,20261001,dragon,0.11312298314808175,0.8193333333333334,0.4806666666666667,0.33866666666666667
europe,30,deterministic,1.0,snapshot,20261002,dragon,0.11509501613481535,0.8066666666666666,0.4766666666666667,0.33
europe,30,deterministic,1.0,snapshot,20260930,teamfight,0.02465423932651834,0.7466666666666667,0.5973333333333334,0.14933333333333335
europe,30,deterministic,1.0,snapshot,20261001,teamfight,0.023752254960914012,0.692,0.5573333333333333,0.13466666666666666
europe,30,deterministic,1.0,snapshot,20261002,teamfight,0.02515534175185408,0.7293333333333333,0.584,0.14533333333333334
europe,30,deterministic,1.0,snapshot,20260930,macro,0.11509803630392633,0.8508888888888889,0.6382222222222222,0.21266666666666667
europe,30,deterministic,1.0,snapshot,20261001,macro,0.10877207729927187,0.7917777777777778,0.5886666666666667,0.2031111111111111
europe,30,deterministic,1.0,snapshot,20261002,macro,0.11238158927485253,0.8086666666666668,0.6053333333333333,0.20333333333333334
europe,30,deterministic,1.0,current_only,20260930,baron,0.1956521739130435,0.9226666666666666,0.7853333333333333,0.13733333333333334
europe,30,deterministic,1.0,current_only,20261001,baron,0.1937888198757764,0.8326666666666667,0.6986666666666667,0.134
europe,30,deterministic,1.0,current_only,20261002,baron,0.1906832298136646,0.8213333333333334,0.6886666666666666,0.13266666666666665
europe,30,deterministic,1.0,current_only,20260930,dragon,0.13642882753675153,0.9746666666666667,0.5846666666666667,0.39
europe,30,deterministic,1.0,current_only,20261001,dragon,0.13786303334528505,0.9733333333333334,0.5853333333333334,0.388
europe,30,deterministic,1.0,current_only,20261002,dragon,0.11868053065614916,0.822,0.474,0.348
europe,30,deterministic,1.0,current_only,20260930,teamfight,0.025255562236921228,0.7473333333333333,0.592,0.15533333333333332
europe,30,deterministic,1.0,current_only,20261001,teamfight,0.028462617759069955,0.854,0.6826666666666666,0.17133333333333334
europe,30,deterministic,1.0,current_only,20261002,teamfight,0.026458208057727,0.752,0.6006666666666667,0.15133333333333332
europe,30,deterministic,1.0,current_only,20260930,macro,0.11911218789557208,0.8815555555555555,0.654,0.22755555555555554
europe,30,deterministic,1.0,current_only,20261001,macro,0.12003815699337712,0.8866666666666667,0.6555555555555556,0.23111111111111113
europe,30,deterministic,1.0,current_only,20261002,macro,0.11194065617584692,0.7984444444444444,0.5877777777777777,0.21066666666666664
europe,30,deterministic,1.0,independent,20260930,baron,0.22111801242236026,0.9306666666666666,0.7833333333333333,0.14733333333333334
europe,30,deterministic,1.0,independent,20261001,baron,0.22546583850931676,0.8986666666666666,0.754,0.14466666666666667
europe,30,deterministic,1.0,independent,20261002,baron,0.22546583850931676,0.916,0.7666666666666667,0.14933333333333335
europe,30,deterministic,1.0,independent,20260930,dragon,0.1027249910362137,0.736,0.4066666666666667,0.3293333333333333
europe,30,deterministic,1.0,independent,20261001,dragon,0.12244532090354966,0.8746666666666667,0.5073333333333333,0.36733333333333335
europe,30,deterministic,1.0,independent,20261002,dragon,0.10953746862674794,0.7826666666666666,0.43933333333333335,0.3433333333333333
europe,30,deterministic,1.0,independent,20260930,teamfight,0.03678091801964321,0.9346666666666666,0.7126666666666667,0.222
europe,30,deterministic,1.0,independent,20261001,teamfight,0.02655842854279415,0.668,0.49666666666666665,0.17133333333333334
europe,30,deterministic,1.0,independent,20261002,teamfight,0.028161956303868512,0.712,0.5306666666666666,0.18133333333333335
europe,30,deterministic,1.0,independent,20260930,macro,0.1202079738260724,0.867111111111111,0.6342222222222222,0.2328888888888889
europe,30,deterministic,1.0,independent,20261001,macro,0.1248231959852202,0.8137777777777778,0.586,0.22777777777777777
europe,30,deterministic,1.0,independent,20261002,macro,0.12105508781331108,0.8035555555555556,0.5788888888888889,0.22466666666666668
europe,30,deterministic,1.0,pcgrad,20260930,baron,0.21180124223602484,0.842,0.6953333333333334,0.14666666666666667
europe,30,deterministic,1.0,pcgrad,20261001,baron,0.20993788819875778,0.8953333333333333,0.7473333333333333,0.148
europe,30,deterministic,1.0,pcgrad,20261002,baron,0.21490683229813665,0.918,0.7686666666666667,0.14933333333333335
europe,30,deterministic,1.0,pcgrad,20260930,dragon,0.13750448189315168,0.958,0.574,0.384
europe,30,deterministic,1.0,pcgrad,20261001,dragon,0.14682681964861957,1.014,0.6146666666666667,0.3993333333333333
europe,30,deterministic,1.0,pcgrad,20261002,dragon,0.1333811401936178,0.894,0.5213333333333333,0.37266666666666665
europe,30,deterministic,1.0,pcgrad,20260930,teamfight,0.03126879134095009,0.7126666666666667,0.532,0.18066666666666667
europe,30,deterministic,1.0,pcgrad,20261001,teamfight,0.035478051713770296,0.9173333333333333,0.6986666666666667,0.21866666666666668
europe,30,deterministic,1.0,pcgrad,20261002,teamfight,0.03557827219883744,0.9146666666666666,0.6986666666666667,0.216
europe,30,deterministic,1.0,pcgrad,20260930,macro,0.12685817182337553,0.8375555555555555,0.6004444444444444,0.23711111111111108
europe,30,deterministic,1.0,pcgrad,20261001,macro,0.13074758652038254,0.9422222222222222,0.6868888888888889,0.25533333333333336
europe,30,deterministic,1.0,pcgrad,20261002,macro,0.127955414896864,0.9088888888888889,0.6628888888888889,0.246
europe,30,deterministic,mean,leagueews,20260930,baron,0.16164596273291926,0.5628333333333333,0.43833333333333335,0.1245
europe,30,deterministic,mean,leagueews,20261001,baron,0.15745341614906833,0.5441666666666667,0.42100000000000004,0.12316666666666667
europe,30,deterministic,mean,leagueews,20261002,baron,0.15838509316770188,0.5586666666666666,0.43433333333333335,0.12433333333333335
europe,30,deterministic,mean,leagueews,20260930,dragon,0.07986733596271064,0.5408333333333333,0.29133333333333333,0.2495
europe,30,deterministic,mean,leagueews,20261001,dragon,0.07511652922194334,0.48933333333333334,0.2525,0.23683333333333334
europe,30,deterministic,mean,leagueews,20261002,dragon,0.07556471853711008,0.48683333333333334,0.2533333333333333,0.23349999999999999
europe,30,deterministic,mean,leagueews,20260930,teamfight,0.019492884345560235,0.4588333333333333,0.33,0.12883333333333333
europe,30,deterministic,mean,leagueews,20261001,teamfight,0.016962317097614754,0.41633333333333333,0.29633333333333334,0.12
europe,30,deterministic,mean,leagueews,20261002,teamfight,0.01811485267588695,0.41583333333333333,0.2965,0.11933333333333332
europe,30,deterministic,mean,leagueews,20260930,macro,0.08700206101373005,0.5208333333333334,0.35322222222222227,0.16761111111111113
europe,30,deterministic,mean,leagueews,20261001,macro,0.08317742082287548,0.48327777777777775,0.3232777777777778,0.16
europe,30,deterministic,mean,leagueews,20261002,macro,0.08402155479356631,0.4871111111111111,0.32805555555555554,0.15905555555555553
europe,30,deterministic,mean,gru,20260930,baron,0.08090062111801243,0.42766666666666664,0.3723333333333333,0.05533333333333333
europe,30,deterministic,mean,gru,20261001,baron,0.09813664596273292,0.48866666666666664,0.4181666666666667,0.0705
europe,30,deterministic,mean,gru,20261002,baron,0.06071428571428572,0.4731666666666666,0.43316666666666664,0.04
europe,30,deterministic,mean,gru,20260930,dragon,0.05781642165650771,0.4650000000000001,0.36949999999999994,0.0955
europe,30,deterministic,mean,gru,20261001,dragon,0.04688060236643958,0.43866666666666665,0.38,0.058666666666666666
europe,30,deterministic,mean,gru,20261002,dragon,0.05198996055934027,0.44199999999999995,0.35566666666666663,0.08633333333333335
europe,30,deterministic,mean,gru,20260930,teamfight,0.015183403487672881,0.38383333333333336,0.3095,0.07433333333333333
europe,30,deterministic,mean,gru,20261001,teamfight,0.01819001803968731,0.4673333333333334,0.38383333333333336,0.08349999999999999
europe,30,deterministic,mean,gru,20261002,teamfight,0.013128883543796353,0.4103333333333333,0.3506666666666667,0.059666666666666666
europe,30,deterministic,mean,gru,20260930,macro,0.051300148754064336,0.4255,0.3504444444444444,0.07505555555555556
europe,30,deterministic,mean,gru,20261001,macro,0.05440242212295327,0.4648888888888889,0.39399999999999996,0.07088888888888888
europe,30,deterministic,mean,gru,20261002,macro,0.041944376605807444,0.4418333333333333,0.3798333333333333,0.062000000000000006
europe,30,deterministic,mean,tcn,20260930,baron,0.16164596273291926,0.5761666666666667,0.4525,0.12366666666666667
europe,30,deterministic,mean,tcn,20261001,baron,0.15590062111801242,0.5549999999999999,0.43266666666666664,0.12233333333333335
europe,30,deterministic,mean,tcn,20261002,baron,0.15791925465838508,0.5721666666666667,0.45083333333333336,0.12133333333333333
europe,30,deterministic,mean,tcn,20260930,dragon,0.07081391179634278,0.466,0.24283333333333335,0.22316666666666668
europe,30,deterministic,mean,tcn,20261001,dragon,0.08139117963427753,0.5413333333333333,0.2935,0.24783333333333332
europe,30,deterministic,mean,tcn,20261002,dragon,0.08865184653997848,0.5918333333333333,0.32916666666666666,0.26266666666666666
europe,30,deterministic,mean,tcn,20260930,teamfight,0.01811485267588695,0.43416666666666665,0.3128333333333333,0.12133333333333332
europe,30,deterministic,mean,tcn,20261001,teamfight,0.019968931649629186,0.48249999999999993,0.3501666666666666,0.13233333333333333
europe,30,deterministic,mean,tcn,20261002,teamfight,0.01944277410302666,0.4806666666666667,0.3456666666666667,0.135
europe,30,deterministic,mean,tcn,20260930,macro,0.083524909068383,0.4921111111111111,0.33605555555555555,0.15605555555555553
europe,30,deterministic,mean,tcn,20261001,macro,0.08575357746730639,0.5262777777777777,0.3587777777777778,0.16749999999999998
europe,30,deterministic,mean,tcn,20261002,macro,0.08867129176713007,0.5482222222222223,0.3752222222222222,0.17300000000000001
europe,30,deterministic,mean,snapshot,20260930,baron,0.14720496894409937,0.5786666666666667,0.4673333333333333,0.11133333333333334
europe,30,deterministic,mean,snapshot,20261001,baron,0.1343167701863354,0.536,0.4258333333333333,0.11016666666666668
europe,30,deterministic,mean,snapshot,20261002,baron,0.14440993788819875,0.5486666666666666,0.43799999999999994,0.11066666666666666
europe,30,deterministic,mean,snapshot,20260930,dragon,0.06597346719254213,0.46833333333333327,0.25683333333333336,0.21150000000000002
europe,30,deterministic,mean,snapshot,20261001,dragon,0.06265686626030836,0.44399999999999995,0.24116666666666667,0.20283333333333334
europe,30,deterministic,mean,snapshot,20261002,dragon,0.06243277160272499,0.4473333333333333,0.24283333333333335,0.20450000000000002
europe,30,deterministic,mean,snapshot,20260930,teamfight,0.015859891761876126,0.4491666666666667,0.34883333333333333,0.10033333333333333
europe,30,deterministic,mean,snapshot,20261001,teamfight,0.017764080978151936,0.5035000000000001,0.398,0.1055
europe,30,deterministic,mean,snapshot,20261002,teamfight,0.01583483664060934,0.4438333333333333,0.345,0.09883333333333333
europe,30,deterministic,mean,snapshot,20260930,macro,0.07634610929950587,0.49872222222222223,0.35766666666666663,0.14105555555555557
europe,30,deterministic,mean,snapshot,20261001,macro,0.07157923914159857,0.4945,0.355,0.13949999999999999
europe,30,deterministic,mean,snapshot,20261002,macro,0.07422584871051104,0.47994444444444445,0.34194444444444444,0.138
europe,30,deterministic,mean,current_only,20260930,baron,0.14378881987577638,0.5785,0.4618333333333333,0.11666666666666667
europe,30,deterministic,mean,current_only,20261001,baron,0.14301242236024844,0.5358333333333334,0.4225,0.11333333333333334
europe,30,deterministic,mean,current_only,20261002,baron,0.14394409937888197,0.5491666666666667,0.4371666666666667,0.112
europe,30,deterministic,mean,current_only,20260930,dragon,0.08300466116887772,0.5788333333333333,0.32116666666666666,0.2576666666666667
europe,30,deterministic,mean,current_only,20261001,dragon,0.07955360344209395,0.5449999999999999,0.30333333333333334,0.24166666666666667
europe,30,deterministic,mean,current_only,20261002,dragon,0.06597346719254213,0.449,0.235,0.214
europe,30,deterministic,mean,current_only,20260930,teamfight,0.01691220685508118,0.4613333333333334,0.358,0.10333333333333333
europe,30,deterministic,mean,current_only,20261001,teamfight,0.016110442974543997,0.45133333333333336,0.35216666666666663,0.09916666666666667
europe,30,deterministic,mean,current_only,20261002,teamfight,0.017112647825215474,0.45416666666666666,0.35783333333333334,0.09633333333333333
europe,30,deterministic,mean,current_only,20260930,macro,0.08123522929991177,0.5395555555555556,0.38033333333333336,0.15922222222222224
europe,30,deterministic,mean,current_only,20261001,macro,0.0795588229256288,0.5107222222222222,0.3593333333333333,0.15138888888888888
europe,30,deterministic,mean,current_only,20261002,macro,0.07567673813221319,0.4841111111111111,0.3433333333333333,0.14077777777777778
europe,30,deterministic,mean,independent,20260930,baron,0.16024844720496895,0.5521666666666667,0.4301666666666667,0.122
europe,30,deterministic,mean,independent,20261001,baron,0.1656832298136646,0.5596666666666666,0.43433333333333335,0.12533333333333335
europe,30,deterministic,mean,independent,20261002,baron,0.16102484472049688,0.535,0.41400000000000003,0.121
europe,30,deterministic,mean,independent,20260930,dragon,0.07695410541412692,0.5415,0.28700000000000003,0.2545
europe,30,deterministic,mean,independent,20261001,dragon,0.07435460738615991,0.5138333333333334,0.27616666666666667,0.23766666666666664
europe,30,deterministic,mean,independent,20261002,dragon,0.0702760846181427,0.47633333333333333,0.2516666666666667,0.22466666666666668
europe,30,deterministic,mean,independent,20260930,teamfight,0.021622569653237122,0.5373333333333333,0.39383333333333337,0.1435
europe,30,deterministic,mean,independent,20261001,teamfight,0.018515734616155542,0.4740000000000001,0.3418333333333333,0.13216666666666665
europe,30,deterministic,mean,independent,20261002,teamfight,0.020645419923832432,0.5003333333333333,0.36266666666666664,0.13766666666666666
europe,30,deterministic,mean,independent,20260930,macro,0.08627504075744434,0.5436666666666666,0.3703333333333334,0.17333333333333334
europe,30,deterministic,mean,independent,20261001,macro,0.08618452393866001,0.5158333333333335,0.3507777777777778,0.16505555555555554
europe,30,deterministic,mean,independent,20261002,macro,0.08398211642082402,0.5038888888888889,0.3427777777777778,0.16111111111111112
europe,30,deterministic,mean,pcgrad,20260930,baron,0.15962732919254657,0.5238333333333334,0.3998333333333333,0.124
europe,30,deterministic,mean,pcgrad,20261001,baron,0.16009316770186335,0.5603333333333333,0.43366666666666664,0.12666666666666668
europe,30,deterministic,mean,pcgrad,20261002,baron,0.15978260869565217,0.5666666666666667,0.441,0.12566666666666668
europe,30,deterministic,mean,pcgrad,20260930,dragon,0.0842147723198279,0.5641666666666667,0.3065,0.2576666666666667
europe,30,deterministic,mean,pcgrad,20261001,dragon,0.07937432771602726,0.5196666666666667,0.27749999999999997,0.24216666666666664
europe,30,deterministic,mean,pcgrad,20261002,dragon,0.07726783793474364,0.49983333333333335,0.26183333333333336,0.238
europe,30,deterministic,mean,pcgrad,20260930,teamfight,0.01813990779715374,0.41083333333333333,0.2946666666666667,0.11616666666666667
europe,30,deterministic,mean,pcgrad,20261001,teamfight,0.020921026257767088,0.5173333333333334,0.37683333333333335,0.1405
europe,30,deterministic,mean,pcgrad,20261002,teamfight,0.020921026257767088,0.5041666666666667,0.3675,0.13666666666666666
europe,30,deterministic,mean,pcgrad,20260930,macro,0.0873273364365094,0.4996111111111112,0.3336666666666666,0.16594444444444445
europe,30,deterministic,mean,pcgrad,20261001,macro,0.08679617389188589,0.5324444444444445,0.3626666666666667,0.1697777777777778
europe,30,deterministic,mean,pcgrad,20261002,macro,0.08599049096272098,0.5235555555555556,0.3567777777777778,0.16677777777777777
europe,30,matched_early_mixture,0.25,leagueews,20260930,baron,0.09899143216632383,0.25090460878885246,0.1560342979635583,0.0948703108252945
europe,30,matched_early_mixture,0.25,leagueews,20261001,baron,0.10420005079775567,0.24809665427509375,0.14834448574969034,0.09975216852540295
europe,30,matched_early_mixture,0.25,leagueews,20261002,baron,0.10359423185510143,0.2442937062937057,0.149055944055944,0.09523776223776215
europe,30,matched_early_mixture,0.25,leagueews,20260930,dragon,0.03726724853509622,0.2552511415525119,0.1390410958904108,0.11621004566210051
europe,30,matched_early_mixture,0.25,leagueews,20261001,dragon,0.03853627772371058,0.2433035714285705,0.10982142857142876,0.13348214285714216
europe,30,matched_early_mixture,0.25,leagueews,20261002,dragon,0.04028931748828265,0.24911750599520247,0.10454676258992816,0.1445707434052747
europe,30,matched_early_mixture,0.25,leagueews,20260930,teamfight,0.010634680811591,0.24514045618247352,0.17676110444177628,0.06837935174069606
europe,30,matched_early_mixture,0.25,leagueews,20261001,teamfight,0.009556280226755295,0.22168803418803362,0.15064102564102588,0.07104700854700846
europe,30,matched_early_mixture,0.25,leagueews,20261002,teamfight,0.010916679167964054,0.2262683438155134,0.1523354297693924,0.0739329140461217
europe,30,matched_early_mixture,0.25,leagueews,20260930,macro,0.04896445383767035,0.2504320688412793,0.15727883276524846,0.09315323607603036
europe,30,matched_early_mixture,0.25,leagueews,20261001,macro,0.05076420291607384,0.23769608663056596,0.13626897998738166,0.10142710664318451
europe,30,matched_early_mixture,0.25,leagueews,20261002,macro,0.05160007617044937,0.23989318536814053,0.13531271213842153,0.10458047322971953
europe,30,matched_early_mixture,0.25,gru,20260930,baron,0.05032017631737121,0.21377978494623698,0.17316215053763415,0.04061763440860208
europe,30,matched_early_mixture,0.25,gru,20261001,baron,0.061973552394309815,0.22235483870967646,0.17464086021505387,0.04771397849462371
europe,30,matched_early_mixture,0.25,gru,20261002,baron,0.03220543246500416,0.21098507462686575,0.18652736318408003,0.024457711442786058
europe,30,matched_early_mixture,0.25,gru,20260930,dragon,0.035614878776341466,0.26803780068728494,0.21217525773195806,0.055862542955326264
europe,30,matched_early_mixture,0.25,gru,20261001,dragon,0.029594500717102925,0.2662937500000001,0.23693333333333322,0.029360416666666424
europe,30,matched_early_mixture,0.25,gru,20261002,dragon,0.03331630035017804,0.25998802395209497,0.2075968063872253,0.05239121756487005
europe,30,matched_early_mixture,0.25,gru,20260930,teamfight,0.010363791331921222,0.2275870870870872,0.17697447447447454,0.05061261261261263
europe,30,matched_early_mixture,0.25,gru,20261001,teamfight,0.010203378696991484,0.2393407243163336,0.19090317812269036,0.04843754619364395
europe,30,matched_early_mixture,0.25,gru,20261002,teamfight,0.008300439184026643,0.23533993399339917,0.19605940594059362,0.03928052805280531
europe,30,matched_early_mixture,0.25,gru,20260930,macro,0.0320996154752113,0.23646822424020306,0.18743729424802225,0.04903092999218032
europe,30,matched_early_mixture,0.25,gru,20261001,macro,0.03392381060280141,0.24266310434200336,0.2008257905570258,0.041837313784978035
europe,30,matched_early_mixture,0.25,gru,20261002,macro,0.02460739066640295,0.23543767752411995,0.19672785850396632,0.03870981902015381
europe,30,matched_early_mixture,0.25,tcn,20260930,baron,0.10411120970127175,0.2558571428571429,0.1543412698412696,0.10151587301587299
europe,30,matched_early_mixture,0.25,tcn,20261001,baron,0.10201196509545396,0.2601145194274026,0.16140286298568488,0.09871165644171774
europe,30,matched_early_mixture,0.25,tcn,20261002,baron,0.09822785909742414,0.251333333333334,0.15909790209790162,0.0922354312354313
europe,30,matched_early_mixture,0.25,tcn,20260930,dragon,0.03839213657092909,0.25397157190635367,0.14527591973244142,0.10869565217391253
europe,30,matched_early_mixture,0.25,tcn,20261001,dragon,0.03824684637700048,0.24359090909090786,0.10551515151515145,0.13807575757575666
europe,30,matched_early_mixture,0.25,tcn,20261002,dragon,0.03938043061935283,0.2539580052493443,0.12017847769028844,0.13377952755905556
europe,30,matched_early_mixture,0.25,tcn,20260930,teamfight,0.01047247765308396,0.2151685393258435,0.1455056179775281,0.06966292134831477
europe,30,matched_early_mixture,0.25,tcn,20261001,teamfight,0.009183738058314756,0.23345864661654134,0.176315789473684,0.05714285714285686
europe,30,matched_early_mixture,0.25,tcn,20261002,teamfight,0.010563673294243727,0.236623345367027,0.15633453670276776,0.08028880866425993
europe,30,matched_early_mixture,0.25,tcn,20260930,macro,0.05099194130842827,0.24166575136311338,0.14837426918374638,0.09329148217936677
europe,30,matched_early_mixture,0.25,tcn,20261001,macro,0.04981418317692307,0.24572135837828393,0.1477446013248401,0.09797675705344373
europe,30,matched_early_mixture,0.25,tcn,20261002,macro,0.0493906543370069,0.24730489464990177,0.14520363883031928,0.10210125581958225
europe,30,matched_early_mixture,0.25,snapshot,20260930,baron,0.0894613107331515,0.25428660436137135,0.17251401869158864,0.0817725856697817
europe,30,matched_early_mixture,0.25,snapshot,20261001,baron,0.08681522475052242,0.24712796208530768,0.16267298578199024,0.08445497630331746
europe,30,matched_early_mixture,0.25,snapshot,20261002,baron,0.09138321995464856,0.24975661375661434,0.16683597883597873,0.08292063492063484
europe,30,matched_early_mixture,0.25,snapshot,20260930,dragon,0.03559743635711727,0.2550763888888888,0.12375000000000011,0.13132638888888856
europe,30,matched_early_mixture,0.25,snapshot,20261001,dragon,0.03862899381006246,0.2664280481423335,0.1336567242281534,0.13277132391418053
europe,30,matched_early_mixture,0.25,snapshot,20261002,dragon,0.03663368032686651,0.270479956068096,0.1346853377265235,0.1357946183415717
europe,30,matched_early_mixture,0.25,snapshot,20260930,teamfight,0.008016937962818922,0.24594638694638782,0.1955874125874132,0.050358974358974566
europe,30,matched_early_mixture,0.25,snapshot,20261001,teamfight,0.009979728511970038,0.25086134453781483,0.18624509803921596,0.06461624649859961
europe,30,matched_early_mixture,0.25,snapshot,20261002,teamfight,0.00937626688489112,0.25071679197995034,0.18701253132832157,0.06370426065162932
europe,30,matched_early_mixture,0.25,snapshot,20260930,macro,0.04435856168436256,0.25176979339888267,0.16395047709300065,0.08781931630588162
europe,30,matched_early_mixture,0.25,snapshot,20261001,macro,0.04514131569085164,0.25480578492181866,0.16085826934978653,0.09394751557203253
europe,30,matched_early_mixture,0.25,snapshot,20261002,macro,0.045797722388802066,0.2569844539348869,0.16284461596360794,0.09413983797127862
europe,30,matched_early_mixture,0.25,current_only,20260930,baron,0.08909755206430402,0.2635843137254904,0.17022745098039205,0.09335686274509794
europe,30,matched_early_mixture,0.25,current_only,20261001,baron,0.0896076352067869,0.26246829268292676,0.17426666666666685,0.08820162601626022
europe,30,matched_early_mixture,0.25,current_only,20261002,baron,0.09103815439219168,0.27314285714285724,0.18171428571428586,0.09142857142857148
europe,30,matched_early_mixture,0.25,current_only,20260930,dragon,0.0373990034459259,0.2635973282442753,0.14837786259542035,0.11521946564885574
europe,30,matched_early_mixture,0.25,current_only,20261001,dragon,0.03860211198371493,0.24569892473118285,0.1145161290322583,0.1311827956989254
europe,30,matched_early_mixture,0.25,current_only,20261002,dragon,0.03787676510302641,0.26234042553191433,0.151276595744681,0.11106382978723335
europe,30,matched_early_mixture,0.25,current_only,20260930,teamfight,0.009338727017620568,0.24393939393939293,0.18749999999999958,0.0564393939393937
europe,30,matched_early_mixture,0.25,current_only,20261001,teamfight,0.009061992458174331,0.2371214953271038,0.17820560747663558,0.05891588785046725
europe,30,matched_early_mixture,0.25,current_only,20261002,teamfight,0.010538072096080358,0.24937965260546036,0.189826302729529,0.059553349875930514
europe,30,matched_early_mixture,0.25,current_only,20260930,macro,0.04527842750928349,0.25704034530305286,0.16870177119193733,0.08833857411111579
europe,30,matched_early_mixture,0.25,current_only,20261001,macro,0.04575724654955871,0.24842957091373782,0.15566280105852026,0.09276676985521763
europe,30,matched_early_mixture,0.25,current_only,20261002,macro,0.046484330530432806,0.261620978426744,0.17427239472949863,0.08734858369724512
europe,30,matched_early_mixture,0.25,independent,20260930,baron,0.10239528587354677,0.2582598290598291,0.1607452991452992,0.09751452991452993
europe,30,matched_early_mixture,0.25,independent,20261001,baron,0.11503299689440993,0.273109375,0.169015625,0.10409375
europe,30,matched_early_mixture,0.25,independent,20261002,baron,0.1093065037729071,0.25659504132231425,0.16124517906336108,0.09534986225895337
europe,30,matched_early_mixture,0.25,independent,20260930,dragon,0.03533225767897704,0.2467432950191565,0.10752873563218407,0.13921455938697305
europe,30,matched_early_mixture,0.25,independent,20261001,dragon,0.03562856061511483,0.23817361111111024,0.11077777777777771,0.12739583333333254
europe,30,matched_early_mixture,0.25,independent,20261002,dragon,0.03773754033703836,0.24666666666666667,0.129,0.11766666666666667
europe,30,matched_early_mixture,0.25,independent,20260930,teamfight,0.010094821915832976,0.23821600771456053,0.17280488588878146,0.06541112182577923
europe,30,matched_early_mixture,0.25,independent,20261001,teamfight,0.008856529820149768,0.23857954545454457,0.15907196969696913,0.0795075757575755
europe,30,matched_early_mixture,0.25,independent,20261002,teamfight,0.009175114830091003,0.23063380281690096,0.1473004694835676,0.08333333333333302
europe,30,matched_early_mixture,0.25,independent,20260930,macro,0.049274121822785594,0.24773971059784872,0.1470263068887549,0.10071340370909408
europe,30,matched_early_mixture,0.25,independent,20261001,macro,0.05317269577655817,0.24995417718855162,0.14628845749158229,0.10366571969696935
europe,30,matched_early_mixture,0.25,independent,20261002,macro,0.052073052980012156,0.24463183693529397,0.14584854951564288,0.09878328741965102
europe,30,matched_early_mixture,0.25,pcgrad,20260930,baron,0.10612156608263018,0.2481459369817582,0.14820895522388028,0.09993698175787755
europe,30,matched_early_mixture,0.25,pcgrad,20261001,baron,0.10378611936267881,0.2513391304347825,0.15039999999999956,0.10093913043478253
europe,30,matched_early_mixture,0.25,pcgrad,20261002,baron,0.10963529224398799,0.261316239316239,0.16080341880341928,0.10051282051282036
europe,30,matched_early_mixture,0.25,pcgrad,20260930,dragon,0.04036959448959389,0.24031476997578785,0.09927360774818411,0.1410411622276032
europe,30,matched_early_mixture,0.25,pcgrad,20261001,dragon,0.04144903239560816,0.2584954954954961,0.1146711711711712,0.14382432432432432
europe,30,matched_early_mixture,0.25,pcgrad,20261002,dragon,0.03856398173357659,0.24670329670329488,0.12967032967032974,0.1170329670329659
europe,30,matched_early_mixture,0.25,pcgrad,20260930,teamfight,0.009282469625948182,0.219377510040161,0.15110441767068297,0.06827309236947801
europe,30,matched_early_mixture,0.25,pcgrad,20261001,teamfight,0.00975491027996785,0.23369570267131173,0.1547874564459933,0.0789082462253195
europe,30,matched_early_mixture,0.25,pcgrad,20261002,teamfight,0.010295255946060069,0.23404255319148842,0.14960106382978747,0.08444148936170226
europe,30,matched_early_mixture,0.25,pcgrad,20260930,macro,0.05192454339939074,0.23594607233256903,0.1328623268809158,0.10308374545165293
europe,30,matched_early_mixture,0.25,pcgrad,20261001,macro,0.05166335401275161,0.2478434428671968,0.139952875872388,0.10789056699480877
europe,30,matched_early_mixture,0.25,pcgrad,20261002,macro,0.05283150997454155,0.24735402973700746,0.14669160410117885,0.1006624256358295
europe,30,matched_early_mixture,0.5,leagueews,20260930,baron,0.15697379543533377,0.5091229454306391,0.3852307692307703,0.12389217619986918
europe,30,matched_early_mixture,0.5,leagueews,20261001,baron,0.15689244592836285,0.49852437417654816,0.372484848484848,0.1260395256916993
europe,30,matched_early_mixture,0.5,leagueews,20261002,baron,0.15475279503105588,0.48575466666666633,0.3636160000000005,0.1221386666666669
europe,30,matched_early_mixture,0.5,leagueews,20260930,dragon,0.07453449707019244,0.5105022831050238,0.2780821917808216,0.23242009132420102
europe,30,matched_early_mixture,0.5,leagueews,20261001,dragon,0.07738967580682786,0.4920496224379743,0.24803451995685016,0.24401510248112304
europe,30,matched_early_mixture,0.5,leagueews,20261002,dragon,0.07737802019916384,0.5038250106700839,0.26017413572343207,0.24365087494665075
europe,30,matched_early_mixture,0.5,leagueews,20260930,teamfight,0.020831182743692805,0.48613685474189433,0.3523313325330133,0.13380552220888367
europe,30,matched_early_mixture,0.5,leagueews,20261001,teamfight,0.01921679925134661,0.467061571125266,0.33289171974522264,0.13416985138004214
europe,30,matched_early_mixture,0.5,leagueews,20261002,teamfight,0.02039264329457425,0.46456253190403307,0.33273915262889375,0.1318233792751408
europe,30,matched_early_mixture,0.5,leagueews,20260930,macro,0.08411315841640633,0.5019206944258524,0.3385480978482018,0.16337259657765127
europe,30,matched_early_mixture,0.5,leagueews,20261001,macro,0.08449964032884577,0.4858785225799294,0.3178036960623069,0.16807482651762148
europe,30,matched_early_mixture,0.5,leagueews,20261002,macro,0.08417448617493133,0.4847140697469278,0.3188430961174421,0.16587097362948613
europe,30,matched_early_mixture,0.5,gru,20260930,baron,0.0836802244039269,0.44990881720430176,0.39187182795698966,0.05803698924731163
europe,30,matched_early_mixture,0.5,gru,20261001,baron,0.09489176627769794,0.4646880244088499,0.3951121281464532,0.06957589626239508
europe,30,matched_early_mixture,0.5,gru,20261002,baron,0.05886665133041941,0.4559390946502074,0.419377777777779,0.036561316872427925
europe,30,matched_early_mixture,0.5,gru,20260930,dragon,0.06593442347724612,0.5341391409558395,0.4242032667876583,0.10993587416817889
europe,30,matched_early_mixture,0.5,gru,20261001,dragon,0.05515529759770508,0.529054166666667,0.45360000000000034,0.07545416666666642
europe,30,matched_early_mixture,0.5,gru,20261002,dragon,0.0629816794761706,0.5363271832718337,0.4298708487084864,0.10645633456334516
europe,30,matched_early_mixture,0.5,gru,20260930,teamfight,0.01800756246134273,0.4656598946576391,0.3790142964635074,0.08664559819413112
europe,30,matched_early_mixture,0.5,gru,20261001,teamfight,0.019006220464683348,0.4841327683615801,0.39664689265536723,0.08748587570621487
europe,30,matched_early_mixture,0.5,gru,20261002,teamfight,0.015219482862297067,0.48556666666666454,0.41705333333333133,0.06851333333333345
europe,30,matched_early_mixture,0.5,gru,20260930,macro,0.05587407011417191,0.4832359509392601,0.3983631304027185,0.08487282053654055
europe,30,matched_early_mixture,0.5,gru,20261001,macro,0.05635109478002878,0.49262498647903236,0.4151196736006069,0.07750531287842545
europe,30,matched_early_mixture,0.5,gru,20261002,macro,0.04568927122296237,0.4926109815295685,0.42210065327319896,0.07051032825636884
europe,30,matched_early_mixture,0.5,tcn,20260930,baron,0.15341614906832285,0.501137254901961,0.3792549019607846,0.12188235294117691
europe,30,matched_early_mixture,0.5,tcn,20261001,baron,0.15577639751552777,0.5170081871345011,0.3929941520467825,0.12401403508771904
europe,30,matched_early_mixture,0.5,tcn,20261002,baron,0.15871954132823698,0.5054871794871774,0.3822051282051282,0.12328205128205143
europe,30,matched_early_mixture,0.5,tcn,20260930,dragon,0.07678427314185818,0.5079431438127073,0.29055183946488283,0.21739130434782505
europe,30,matched_early_mixture,0.5,tcn,20261001,dragon,0.07647182846090515,0.49708920187793726,0.25888732394366154,0.23820187793427447
europe,30,matched_early_mixture,0.5,tcn,20261002,dragon,0.07584727778514917,0.5085511811023616,0.28815748031495936,0.2203937007874013
europe,30,matched_early_mixture,0.5,tcn,20260930,teamfight,0.019107013722519484,0.44630776652194853,0.322150506512301,0.12415726000964786
europe,30,matched_early_mixture,0.5,tcn,20261001,teamfight,0.018367476116629512,0.4669172932330827,0.352631578947368,0.11428571428571371
europe,30,matched_early_mixture,0.5,tcn,20261002,teamfight,0.018333667401616866,0.477155555555556,0.34648888888888685,0.13066666666666615
europe,30,matched_early_mixture,0.5,tcn,20260930,macro,0.08310247864423351,0.48512938841220565,0.33065241597932277,0.15447697243288327
europe,30,matched_early_mixture,0.5,tcn,20261001,macro,0.08353856736435415,0.493671560748507,0.3348376849792707,0.15883387576923574
europe,30,matched_early_mixture,0.5,tcn,20261002,macro,0.08430016217166768,0.49706463871503165,0.3389504991363248,0.1581141395787063
europe,30,matched_early_mixture,0.5,snapshot,20260930,baron,0.13757041744908258,0.49068217054263386,0.37939534883720816,0.11128682170542616
europe,30,matched_early_mixture,0.5,snapshot,20261001,baron,0.12882641386073884,0.4904842105263164,0.3797754385964917,0.11070877192982463
europe,30,matched_early_mixture,0.5,snapshot,20261002,baron,0.14204385573590464,0.4887292817679547,0.3788545119705342,0.10987476979742203
europe,30,matched_early_mixture,0.5,snapshot,20260930,dragon,0.07524830454195824,0.5168547008547021,0.27623931623931663,0.2406153846153859
europe,30,matched_early_mixture,0.5,snapshot,20261001,dragon,0.07556767363149598,0.5203526949241215,0.2796535845107278,0.24069911041339656
europe,30,matched_early_mixture,0.5,snapshot,20261002,dragon,0.07240760507122901,0.5295409115870405,0.2837792421746299,0.24576166941241154
europe,30,matched_early_mixture,0.5,snapshot,20260930,teamfight,0.01609852865114438,0.48917191142191335,0.3907360139860152,0.09843589743589795
europe,30,matched_early_mixture,0.5,snapshot,20261001,teamfight,0.017948194737130423,0.49000467133800596,0.3863416750083428,0.1036629963296635
europe,30,matched_early_mixture,0.5,snapshot,20261002,teamfight,0.017037482461415118,0.4816533333333328,0.37771999999999906,0.10393333333333296
europe,30,matched_early_mixture,0.5,snapshot,20260930,macro,0.07630575021406173,0.49890292760641647,0.34879022635418,0.15011270125223666
europe,30,matched_early_mixture,0.5,snapshot,20261001,macro,0.07411409407645507,0.500280525596148,0.34859023270518746,0.15169029289096156
europe,30,matched_early_mixture,0.5,snapshot,20261002,macro,0.07716298108951626,0.4999745088961094,0.3467845847150544,0.1531899241810555
europe,30,matched_early_mixture,0.5,current_only,20260930,baron,0.1378537877875465,0.5033591874422904,0.3861698984302857,0.11718928901200357
europe,30,matched_early_mixture,0.5,current_only,20261001,baron,0.1413837931532572,0.49899224806201514,0.38525581395348857,0.11373643410852737
europe,30,matched_early_mixture,0.5,current_only,20261002,baron,0.14111995341614908,0.5076458333333334,0.3965208333333333,0.111125
europe,30,matched_early_mixture,0.5,current_only,20260930,dragon,0.0747980068918518,0.5271946564885506,0.2967557251908407,0.23043893129771148
europe,30,matched_early_mixture,0.5,current_only,20261001,dragon,0.07420027196900708,0.5003237508555771,0.2717227926078031,0.22860095824777393
europe,30,matched_early_mixture,0.5,current_only,20261002,dragon,0.07575353020605281,0.5246808510638287,0.302553191489362,0.2221276595744667
europe,30,matched_early_mixture,0.5,current_only,20260930,teamfight,0.01820791455487789,0.49321726190476095,0.38263392857142775,0.11058333333333277
europe,30,matched_early_mixture,0.5,current_only,20261001,teamfight,0.017326898461448716,0.4941479654747226,0.3872092067406497,0.10693875873407359
europe,30,matched_early_mixture,0.5,current_only,20261002,teamfight,0.018752429319042238,0.5055502121640725,0.39868646864686164,0.10686374351720829
europe,30,matched_early_mixture,0.5,current_only,20260930,macro,0.0769532364114254,0.5079237019452006,0.3551865173975181,0.15273718454768262
europe,30,matched_early_mixture,0.5,current_only,20261001,macro,0.07763698786123767,0.49782132146410496,0.34806260443398046,0.14975871703012497
europe,30,matched_early_mixture,0.5,current_only,20261002,macro,0.07854197098041471,0.5126256321870781,0.36592016448985226,0.146705467697225
europe,30,matched_early_mixture,0.5,independent,20260930,baron,0.16262465097726372,0.5020489296636074,0.3789051987767585,0.12314373088685018
europe,30,matched_early_mixture,0.5,independent,20261001,baron,0.1659796725014118,0.5271325757575769,0.399170454545455,0.12796212121212094
europe,30,matched_early_mixture,0.5,independent,20261002,baron,0.16389977687993712,0.5158025889967635,0.3901229773462788,0.1256796116504858
europe,30,matched_early_mixture,0.5,independent,20260930,dragon,0.0717476395362736,0.5111111111111108,0.26916666666666694,0.241944444444444
europe,30,matched_early_mixture,0.5,independent,20261001,dragon,0.07157707860244637,0.4894756944444416,0.25661111111111184,0.23286458333333215
europe,30,matched_early_mixture,0.5,independent,20261002,dragon,0.07547508067407672,0.49333333333333335,0.258,0.23533333333333334
europe,30,matched_early_mixture,0.5,independent,20260930,teamfight,0.020170024971040448,0.4723047251687545,0.345659273545483,0.12664545162327165
europe,30,matched_early_mixture,0.5,independent,20261001,teamfight,0.018166785109058118,0.46443181818182044,0.33662878787878875,0.1278030303030308
europe,30,matched_early_mixture,0.5,independent,20261002,teamfight,0.018740505523149504,0.47299855282199466,0.3376951278340541,0.13530342498793943
europe,30,matched_early_mixture,0.5,independent,20260930,macro,0.08484743849485925,0.49515492198115757,0.3312437129963028,0.16391120898485526
europe,30,matched_early_mixture,0.5,independent,20261001,macro,0.08524117873763876,0.4936800294612797,0.3308034511784519,0.16287657828282795
europe,30,matched_early_mixture,0.5,independent,20261002,macro,0.08603845435905444,0.4940448250506972,0.328606035060111,0.16543878999058617
europe,30,matched_early_mixture,0.5,pcgrad,20260930,baron,0.16050685720512453,0.4924644945697592,0.36852631578947437,0.12393817878028449
europe,30,matched_early_mixture,0.5,pcgrad,20261001,baron,0.15129823846858767,0.5012568306010923,0.3759071038251362,0.12534972677595624
europe,30,matched_early_mixture,0.5,pcgrad,20261002,baron,0.1585666276592552,0.5030209339774548,0.37444927536231815,0.12857165861513678
europe,30,matched_early_mixture,0.5,pcgrad,20260930,dragon,0.07704949284642748,0.49766718186501907,0.2530922205048947,0.2445749613601249
europe,30,matched_early_mixture,0.5,pcgrad,20261001,dragon,0.07824295252584985,0.5101846846846875,0.2692319819819827,0.24095270270270402
europe,30,matched_early_mixture,0.5,pcgrad,20261002,dragon,0.07712796346715318,0.49340659340658977,0.2593406593406595,0.2340659340659318
europe,30,matched_early_mixture,0.5,pcgrad,20260930,teamfight,0.019451449906211532,0.4498049751243762,0.3252875621890537,0.12451741293532297
europe,30,matched_early_mixture,0.5,pcgrad,20261001,teamfight,0.018943370329980214,0.4562881355932179,0.3235762711864411,0.13271186440677982
europe,30,matched_early_mixture,0.5,pcgrad,20261002,teamfight,0.019919617780143225,0.4497229013854915,0.31868133659331654,0.13104156479217594
europe,30,matched_early_mixture,0.5,pcgrad,20260930,macro,0.08566926665258785,0.4799788838530515,0.3156353661611409,0.16434351769191077
europe,30,matched_early_mixture,0.5,pcgrad,20261001,macro,0.08282818710813926,0.4892432169596659,0.32290511899785335,0.16633809796181334
europe,30,matched_early_mixture,0.5,pcgrad,20261002,macro,0.08520473630218388,0.4820501429231787,0.3174904237654314,0.16455971915774817
europe,30,matched_early_mixture,0.75,leagueews,20260930,baron,0.19694218824653592,0.7581367521367514,0.6160000000000012,0.14213675213675253
europe,30,matched_early_mixture,0.75,leagueews,20261001,baron,0.1970550776887357,0.7444668769716066,0.6055205047318608,0.13894637223974776
europe,30,matched_early_mixture,0.75,leagueews,20261002,baron,0.19164941338854374,0.7561358024691371,0.6126172839506168,0.1435185185185185
europe,30,matched_early_mixture,0.75,leagueews,20260930,dragon,0.11154132570686615,0.7663392504930974,0.42197633136094675,0.3443629191321509
europe,30,matched_early_mixture,0.75,leagueews,20261001,dragon,0.11296397337365721,0.7626260869565188,0.42532753623188346,0.3372985507246361
europe,30,matched_early_mixture,0.75,leagueews,20261002,dragon,0.11465061433498845,0.7701502347417876,0.43783098591549463,0.3323192488262925
europe,30,matched_early_mixture,0.75,leagueews,20260930,teamfight,0.02966526357987573,0.7051111111111111,0.5215555555555556,0.1835555555555553
europe,30,matched_early_mixture,0.75,leagueews,20261001,teamfight,0.027959026788958268,0.6899759217456736,0.5077998495109117,0.18217607223476354
europe,30,matched_early_mixture,0.75,leagueews,20261002,teamfight,0.029313494281600273,0.709585502807553,0.5249290454313409,0.18465645737621256
europe,30,matched_early_mixture,0.75,leagueews,20260930,macro,0.11271625917775928,0.7431957045803199,0.5198439623055012,0.22335174227481958
europe,30,matched_early_mixture,0.75,leagueews,20261001,macro,0.11265935928378373,0.7323562952245997,0.5128826301582187,0.21947366506638247
europe,30,matched_early_mixture,0.75,leagueews,20261002,macro,0.11187117400171083,0.7452905133394926,0.5251257717658174,0.2201647415736745
europe,30,matched_early_mixture,0.75,gru,20260930,baron,0.11678165817204478,0.6870255057167959,0.6117906772207544,0.0752348284960419
europe,30,matched_early_mixture,0.75,gru,20261001,baron,0.12657823630557619,0.7128361581920902,0.6263992467043312,0.08643691148775902
europe,30,matched_early_mixture,0.75,gru,20261002,baron,0.0871617125110914,0.7123511904761898,0.6578571428571409,0.05449404761904765
europe,30,matched_early_mixture,0.75,gru,20260930,dragon,0.09350904740492716,0.7900375075620083,0.6306460980036327,0.15939140955837963
europe,30,matched_early_mixture,0.75,gru,20261001,dragon,0.08071609447830734,0.7918145833333338,0.6702666666666677,0.12154791666666745
europe,30,matched_early_mixture,0.75,gru,20261002,dragon,0.0900279088697877,0.8012792792792772,0.6451351351351369,0.15614414414414504
europe,30,matched_early_mixture,0.75,gru,20260930,teamfight,0.0249694556239495,0.7220829875518663,0.6020221300138305,0.12006085753803532
europe,30,matched_early_mixture,0.75,gru,20261001,teamfight,0.02685766843083153,0.7329708431836084,0.6108368794326237,0.12213396375098558
europe,30,matched_early_mixture,0.75,gru,20261002,teamfight,0.021859089997995608,0.7293166666666632,0.6328866666666604,0.0964300000000001
europe,30,matched_early_mixture,0.75,gru,20260930,macro,0.07842005373364049,0.7330486669435569,0.6148196350794058,0.11822903186415229
europe,30,matched_early_mixture,0.75,gru,20261001,macro,0.07805066640490503,0.7458738615696774,0.6358342642678741,0.11003959730180402
europe,30,matched_early_mixture,0.75,gru,20261002,macro,0.0663495704596249,0.7476490454740433,0.6452929815529794,0.10235606392106426
europe,30,matched_early_mixture,0.75,tcn,20260930,baron,0.19385940146809724,0.7618257575757559,0.625106060606062,0.1367196969696971
europe,30,matched_early_mixture,0.75,tcn,20261001,baron,0.19253164286781493,0.7666048109965661,0.6264306987399787,0.14017411225658677
europe,30,matched_early_mixture,0.75,tcn,20261002,baron,0.19675658789371164,0.7965463510848119,0.656285996055228,0.14026035502958573
europe,30,matched_early_mixture,0.75,tcn,20260930,dragon,0.11517640971278657,0.7619147157190621,0.4358277591973225,0.3260869565217381
europe,30,matched_early_mixture,0.75,tcn,20261001,dragon,0.11349252246729637,0.7571720430107556,0.42941075268817075,0.32776129032258094
europe,30,matched_early_mixture,0.75,tcn,20261002,dragon,0.11231412495094623,0.7631443569553824,0.45613648293963227,0.3070078740157478
europe,30,matched_early_mixture,0.75,tcn,20260930,teamfight,0.027319727133412755,0.6811123974915583,0.505942112879884,0.17517028461167436
europe,30,matched_early_mixture,0.75,tcn,20261001,teamfight,0.027551214174944254,0.7003759398496243,0.5289473684210539,0.17142857142857246
europe,30,matched_early_mixture,0.75,tcn,20261002,teamfight,0.026576802298389747,0.7139888888888912,0.5433222222222276,0.17066666666666624
europe,30,matched_early_mixture,0.75,tcn,20260930,macro,0.11211851277143219,0.7349509569287921,0.5222919775610895,0.21265897936770317
europe,30,matched_early_mixture,0.75,tcn,20261001,macro,0.11119179317001852,0.7413842646189819,0.5282629399497345,0.21312132466924671
europe,30,matched_early_mixture,0.75,tcn,20261002,macro,0.11188250504768255,0.7578931989763618,0.5519149004056959,0.2059782985706666
europe,30,matched_early_mixture,0.75,snapshot,20260930,baron,0.17624223602484473,0.7174166666666667,0.59425,0.12316666666666666
europe,30,matched_early_mixture,0.75,snapshot,20261001,baron,0.1687958780350084,0.7152840909090922,0.5864962121212114,0.12878787878787865
europe,30,matched_early_mixture,0.75,snapshot,20261002,baron,0.17224032962302444,0.7258613861386112,0.5983036303630351,0.12755775577557757
europe,30,matched_early_mixture,0.75,snapshot,20260930,dragon,0.10959837090689482,0.784153110047845,0.4561371610845287,0.32801594896331693
europe,30,matched_early_mixture,0.75,snapshot,20261001,dragon,0.10876771942258816,0.7757248814144011,0.4609322984044837,0.3147925830099175
europe,30,matched_early_mixture,0.75,snapshot,20261002,dragon,0.11231295722349788,0.7886980802792338,0.464052356020943,0.32464572425828964
europe,30,matched_early_mixture,0.75,snapshot,20260930,teamfight,0.02418011933946986,0.7323974358974381,0.5858846153846169,0.1465128205128199
europe,30,matched_early_mixture,0.75,snapshot,20261001,teamfight,0.024945570946773608,0.7380026693360061,0.5970523857190544,0.1409502836169509
europe,30,matched_early_mixture,0.75,snapshot,20261002,teamfight,0.02455401884145121,0.7109866666666675,0.5687200000000012,0.14226666666666601
europe,30,matched_early_mixture,0.75,snapshot,20260930,macro,0.10334024209040314,0.7446557375373167,0.5454239254897152,0.19923181204760118
europe,30,matched_early_mixture,0.75,snapshot,20261001,macro,0.1008363894681234,0.7430038805531664,0.5481602987482498,0.19484358180491568
europe,30,matched_early_mixture,0.75,snapshot,20261002,macro,0.10303576856265784,0.741848711028171,0.5436919954613265,0.19815671556684442
europe,30,matched_early_mixture,0.75,current_only,20260930,baron,0.17420591241449795,0.7364936708860769,0.6089978902953599,0.12749578059071712
europe,30,matched_early_mixture,0.75,current_only,20261001,baron,0.1799657187091065,0.7403818001978252,0.6111295746785346,0.12925222551928767
europe,30,matched_early_mixture,0.75,current_only,20261002,baron,0.17577639751552784,0.7296318407960195,0.6029353233830858,0.1266965174129357
europe,30,matched_early_mixture,0.75,current_only,20260930,dragon,0.11168145996297398,0.790095238095234,0.45282993197278876,0.33726530612244665
europe,30,matched_early_mixture,0.75,current_only,20261001,dragon,0.10884981553374451,0.75776728268309,0.4424106776180686,0.31535660506502083
europe,30,matched_early_mixture,0.75,current_only,20261002,dragon,0.11363029530907852,0.7870212765957431,0.45382978723404094,0.33319148936170223
europe,30,matched_early_mixture,0.75,current_only,20260930,teamfight,0.025573762277009467,0.758433333333334,0.6014333333333314,0.15699999999999917
europe,30,matched_early_mixture,0.75,current_only,20261001,teamfight,0.025482942868886187,0.7577114673242894,0.6036087135223996,0.15410275380188948
europe,30,matched_early_mixture,0.75,current_only,20261002,teamfight,0.02672362555074128,0.7609725036179468,0.6083077665219482,0.152664737095997
europe,30,matched_early_mixture,0.75,current_only,20260930,macro,0.10382037821816047,0.7616740807715483,0.5544203852004933,0.2072536955710543
europe,30,matched_early_mixture,0.75,current_only,20261001,macro,0.10476615903724573,0.7519535167350683,0.5523829886063343,0.19957052812873266
europe,30,matched_early_mixture,0.75,current_only,20261002,macro,0.10537677279178254,0.7592085403365698,0.5550242923796916,0.2041842479568783
europe,30,matched_early_mixture,0.75,independent,20260930,baron,0.20095556617295746,0.7498461538461563,0.611641025641027,0.1382051282051282
europe,30,matched_early_mixture,0.75,independent,20261001,baron,0.20731207198598503,0.7785448717948688,0.637779914529913,0.14076495726495697
europe,30,matched_early_mixture,0.75,independent,20261002,baron,0.20298786181139136,0.7677952069716776,0.6253551198257106,0.1424400871459699
europe,30,matched_early_mixture,0.75,independent,20260930,dragon,0.10730775057303506,0.7720651096956805,0.43385421089879606,0.3382108987968865
europe,30,matched_early_mixture,0.75,independent,20261001,dragon,0.10728158240707529,0.7563333333333336,0.42733333333333334,0.3290000000000019
europe,30,matched_early_mixture,0.75,independent,20261002,dragon,0.10879647270324054,0.7535685249709632,0.45137979094076625,0.3021887340301954
europe,30,matched_early_mixture,0.75,independent,20260930,teamfight,0.02968089429773027,0.7081804281345548,0.5248226299694199,0.18335779816513778
europe,30,matched_early_mixture,0.75,independent,20261001,teamfight,0.027450726904910728,0.6922774490466789,0.5162248520710067,0.1760525969756748
europe,30,matched_early_mixture,0.75,independent,20261002,teamfight,0.028353949570280652,0.7174865900383136,0.5352234993614324,0.18226309067688395
europe,30,matched_early_mixture,0.75,independent,20260930,macro,0.11264807034790758,0.7433638972254638,0.5234392888364143,0.2199246083890508
europe,30,matched_early_mixture,0.75,independent,20261001,macro,0.11401479376599034,0.7423852180582937,0.5271126999780843,0.21527251808021122
europe,30,matched_early_mixture,0.75,independent,20261002,macro,0.11337942802830418,0.746283440660318,0.5373194700426364,0.2089639706176831
europe,30,matched_early_mixture,0.75,pcgrad,20260930,baron,0.197407430378962,0.7349709938183534,0.5932876842605803,0.14168330955777472
europe,30,matched_early_mixture,0.75,pcgrad,20261001,baron,0.1935024888771419,0.7636170212765973,0.6221749408983444,0.14144208037825057
europe,30,matched_early_mixture,0.75,pcgrad,20261002,baron,0.1907298136645963,0.7478916666666646,0.604866666666666,0.1430250000000001
europe,30,matched_early_mixture,0.75,pcgrad,20260930,dragon,0.11245499688109381,0.7558082191780807,0.41893150684931624,0.3368767123287675
europe,30,matched_early_mixture,0.75,pcgrad,20261001,dragon,0.11503687265609129,0.7618738738738758,0.42379279279279386,0.33808108108108187
europe,30,matched_early_mixture,0.75,pcgrad,20261002,dragon,0.11465786596534223,0.7550623973727415,0.42410837438423593,0.3309540229885055
europe,30,matched_early_mixture,0.75,pcgrad,20260930,teamfight,0.030053131815366972,0.6856258706467656,0.5107353233830862,0.1748905472636824
europe,30,matched_early_mixture,0.75,pcgrad,20261001,teamfight,0.028439840376100117,0.694151515151517,0.5154848484848497,0.17866666666666664
europe,30,matched_early_mixture,0.75,pcgrad,20261002,teamfight,0.02814370098323895,0.6939160554197247,0.5182534637326828,0.17566259168704199
europe,30,matched_early_mixture,0.75,pcgrad,20260930,macro,0.11330518635847425,0.7254683612144,0.5076515048309943,0.2178168563834082
europe,30,matched_early_mixture,0.75,pcgrad,20261001,macro,0.11232640063644443,0.7398808034339966,0.5204841940586626,0.219396609375333
europe,30,matched_early_mixture,0.75,pcgrad,20261002,macro,0.11117712687105914,0.7322900398197102,0.5157428349278615,0.2165472048918492
europe,30,matched_early_mixture,1.0,leagueews,20260930,baron,0.22520988328441732,1.0090293040293,0.8584981684981656,0.15053113553113542
europe,30,matched_early_mixture,1.0,leagueews,20261001,baron,0.22364117480430296,1.0129588431590704,0.8640956618464991,0.14886318131256973
europe,30,matched_early_mixture,1.0,leagueews,20261002,baron,0.22017848734219772,1.0100000000000036,0.857194945848376,0.1528050541516245
europe,30,matched_early_mixture,1.0,leagueews,20260930,dragon,0.14497072206833275,1.025398527865412,0.6222124079915868,0.40318611987381997
europe,30,matched_early_mixture,1.0,leagueews,20261001,dragon,0.14525981700596252,1.0030370370370325,0.6044691358024685,0.3985679012345663
europe,30,matched_early_mixture,1.0,leagueews,20261002,dragon,0.14637004798486475,1.0217482269503497,0.6262127659574482,0.3955354609929057
europe,30,matched_early_mixture,1.0,leagueews,20260930,teamfight,0.03792087612668196,0.9452881806108941,0.7168924302788867,0.2283957503320064
europe,30,matched_early_mixture,1.0,leagueews,20261001,teamfight,0.0356476948777974,0.927331069609502,0.7030945104697208,0.22423655913978383
europe,30,matched_early_mixture,1.0,leagueews,20261002,teamfight,0.03680549315774395,0.9466028097062545,0.7215325670498051,0.22507024265644882
europe,30,matched_early_mixture,1.0,leagueews,20260930,macro,0.1360338271598107,0.993238670835202,0.7325343355895465,0.26070433524565395
europe,30,matched_early_mixture,1.0,leagueews,20261001,macro,0.1348495622293543,0.9811089832685349,0.7238864360395628,0.25722254722897325
europe,30,matched_early_mixture,1.0,leagueews,20261002,macro,0.1344513428282688,0.9927836788855359,0.7349800929518765,0.25780358593365965
europe,30,matched_early_mixture,1.0,gru,20260930,baron,0.14443697864599553,0.9449410729991167,0.8571732629727334,0.087767810026385
europe,30,matched_early_mixture,1.0,gru,20261001,baron,0.15903779345194216,0.9621299435028264,0.8599209039548034,0.10220903954802311
europe,30,matched_early_mixture,1.0,gru,20261002,baron,0.11061424524847939,0.9626666666666662,0.8992133746983796,0.06345329196828686
europe,30,matched_early_mixture,1.0,gru,20260930,dragon,0.11570537471363786,1.0375979643765962,0.8344020356234111,0.20319592875318138
europe,30,matched_early_mixture,1.0,gru,20261001,dragon,0.10505380046789224,1.0543168316831744,0.8843828382838326,0.16993399339934104
europe,30,matched_early_mixture,1.0,gru,20261002,dragon,0.11398938154719816,1.046211711711712,0.8453040540540557,0.20090765765765808
europe,30,matched_early_mixture,1.0,gru,20260930,teamfight,0.03193498726243378,0.987988934993082,0.8340414937759321,0.15394744121715126
europe,30,matched_early_mixture,1.0,gru,20261001,teamfight,0.03338799259079199,0.9814933018124498,0.8289219858156021,0.1525713159968479
europe,30,matched_early_mixture,1.0,gru,20261002,teamfight,0.027482536860849734,0.9891488640217029,0.8658887758562225,0.12326008816547968
europe,30,matched_early_mixture,1.0,gru,20260930,macro,0.09735911354068905,0.9901759907895983,0.8418722641240256,0.14830372666557254
europe,30,matched_early_mixture,1.0,gru,20261001,macro,0.09915986217020879,0.9993133589994835,0.8577419093514127,0.14157144964807067
europe,30,matched_early_mixture,1.0,gru,20261002,macro,0.08402872121884243,0.9993424141333603,0.8701354015362193,0.12920701259714154
europe,30,matched_early_mixture,1.0,tcn,20260930,baron,0.2229712942756421,0.9985009009008983,0.8463135135135122,0.15218738738738738
europe,30,matched_early_mixture,1.0,tcn,20261001,baron,0.2195765028464424,1.0236105877074921,0.8726720502467468,0.1509385374607443
europe,30,matched_early_mixture,1.0,tcn,20261002,baron,0.21941251158162042,1.0231970534069947,0.8714622467771613,0.1517348066298342
europe,30,matched_early_mixture,1.0,tcn,20260930,dragon,0.14782666598371133,1.0132457142857139,0.6214133333333329,0.39183238095237977
europe,30,matched_early_mixture,1.0,tcn,20261001,dragon,0.14615275212403697,1.0104886606760783,0.6229097133076569,0.3875789473684203
europe,30,matched_early_mixture,1.0,tcn,20261002,dragon,0.14833273574757977,1.0167047619047604,0.6276317460317461,0.38907301587301457
europe,30,matched_early_mixture,1.0,tcn,20260930,teamfight,0.03540097272614313,0.9270029603315558,0.7134837181764346,0.21351924215512114
europe,30,matched_early_mixture,1.0,tcn,20261001,teamfight,0.03626920943867934,0.9388128834355807,0.7205020449897752,0.21831083844580682
europe,30,matched_early_mixture,1.0,tcn,20261002,teamfight,0.034819937195162624,0.9508222222222252,0.7401555555555626,0.2106666666666677
europe,30,matched_early_mixture,1.0,tcn,20260930,macro,0.13539964432849885,0.9795831918393895,0.7270701883410933,0.2525130034982961
europe,30,matched_early_mixture,1.0,tcn,20261001,macro,0.13399948813638624,0.9909707106063838,0.7386946028480597,0.2522761077583238
europe,30,matched_early_mixture,1.0,tcn,20261002,macro,0.13418839484145428,0.9969080125113269,0.74641651612149,0.2504914963898388
europe,30,matched_early_mixture,1.0,snapshot,20260930,baron,0.20236541247686957,0.9540554272517314,0.8175842956120085,0.13647113163972305
europe,30,matched_early_mixture,1.0,snapshot,20261001,baron,0.19737750172532778,0.9563299663299695,0.817282828282828,0.1390471380471378
europe,30,matched_early_mixture,1.0,snapshot,20261002,baron,0.20290182962817238,0.9534766214177963,0.815944193061839,0.13753242835595797
europe,30,matched_early_mixture,1.0,snapshot,20260930,dragon,0.14278176007205842,1.0445318957771794,0.6545300988319867,0.3900017969451923
europe,30,matched_early_mixture,1.0,snapshot,20261001,dragon,0.14164266660234764,1.0312229409228106,0.6452789995687822,0.3859439413540309
europe,30,matched_early_mixture,1.0,snapshot,20261002,dragon,0.1429201403215435,1.046348408710221,0.6573048576214426,0.3890435510887801
europe,30,matched_early_mixture,1.0,snapshot,20260930,teamfight,0.03092522613294399,0.983574136008919,0.8011839464882959,0.18239018952062527
europe,30,matched_early_mixture,1.0,snapshot,20261001,teamfight,0.031942947156416816,0.9860006673340017,0.807763096429764,0.17823757090423772
europe,30,matched_early_mixture,1.0,snapshot,20261002,teamfight,0.03115614682880851,0.9707382920110147,0.7927107438016483,0.17802754820936567
europe,30,matched_early_mixture,1.0,snapshot,20260930,macro,0.1253574662272907,0.9940538196792765,0.757766113644097,0.2362877060351802
europe,30,matched_early_mixture,1.0,snapshot,20261001,macro,0.12365437182803075,0.9911845248622605,0.7567749747604582,0.23440955010180217
europe,30,matched_early_mixture,1.0,snapshot,20261002,macro,0.12565937225950813,0.9901877740463441,0.7553199314949767,0.23486784255136786
europe,30,matched_early_mixture,1.0,current_only,20260930,baron,0.20387676410811648,0.99917838939857,0.8596493374108037,0.1395290519877677
europe,30,matched_early_mixture,1.0,current_only,20261001,baron,0.20470847525546013,0.9892688172043015,0.8503225806451625,0.13894623655914007
europe,30,matched_early_mixture,1.0,current_only,20261002,baron,0.20667483159828517,0.9601032863849795,0.8218873239436636,0.13821596244131445
europe,30,matched_early_mixture,1.0,current_only,20260930,dragon,0.14515754048169907,1.0372814601344869,0.6347166186359278,0.40256484149856064
europe,30,matched_early_mixture,1.0,current_only,20261001,dragon,0.14342058085335266,1.013066666666668,0.6188000000000008,0.3942666666666681
europe,30,matched_early_mixture,1.0,current_only,20261002,dragon,0.147198806283971,1.0305480093676855,0.6389102263856359,0.3916377829820452
europe,30,matched_early_mixture,1.0,current_only,20260930,teamfight,0.03259288080836658,1.0032862745098043,0.8095215686274514,0.19376470588235323
europe,30,matched_early_mixture,1.0,current_only,20261001,teamfight,0.03287390780191982,1.0082650814619118,0.8142950242184048,0.19397005724350408
europe,30,matched_early_mixture,1.0,current_only,20261002,teamfight,0.0333590628760988,0.9852850940665724,0.7993352629040054,0.18594983116256647
europe,30,matched_early_mixture,1.0,current_only,20260930,macro,0.12720906179939404,1.0132487080142871,0.7679625082247276,0.24528619978956048
europe,30,matched_early_mixture,1.0,current_only,20261001,macro,0.1270009879702442,1.0035335217776271,0.7611392016211894,0.24239432015643744
europe,30,matched_early_mixture,1.0,current_only,20261002,macro,0.12907756691945166,0.9919787966064125,0.7533776044111016,0.2386011921953087
europe,30,matched_early_mixture,1.0,independent,20260930,baron,0.23059434795795933,0.9945421089879706,0.8437070063694282,0.15083510261854224
europe,30,matched_early_mixture,1.0,independent,20261001,baron,0.23569980368808938,1.0212677029360935,0.8701347150259046,0.15113298791018992
europe,30,matched_early_mixture,1.0,independent,20261002,baron,0.23419354125682457,1.008440094899166,0.8562787663107925,0.1521613285883746
europe,30,matched_early_mixture,1.0,independent,20260930,dragon,0.13799587247139375,1.0135725406935614,0.6159136588818107,0.39765888181174763
europe,30,matched_early_mixture,1.0,independent,20261001,dragon,0.14137433729158558,1.0133214638971306,0.62217012858556,0.3911513353115745
europe,30,matched_early_mixture,1.0,independent,20261002,dragon,0.14211786473240495,1.0138037166085918,0.6447595818815358,0.36904413472705944
europe,30,matched_early_mixture,1.0,independent,20260930,teamfight,0.03725289977573308,0.950352704402514,0.7259979874213818,0.22435471698113066
europe,30,matched_early_mixture,1.0,independent,20261001,teamfight,0.03649429138582199,0.938332675871141,0.7144497041420136,0.22388297172912613
europe,30,matched_early_mixture,1.0,independent,20261002,teamfight,0.03735363393335063,0.9746704980842942,0.7488250319284799,0.22584546615581044
europe,30,matched_early_mixture,1.0,independent,20260930,macro,0.13528104006836206,0.9861557846946821,0.7285395508908735,0.2576162338038068
europe,30,matched_early_mixture,1.0,independent,20261001,macro,0.1378561441218323,0.9909739475681217,0.7355848492511594,0.25538909831696355
europe,30,matched_early_mixture,1.0,independent,20261002,macro,0.13788834664086005,0.998971436530684,0.7499544600402693,0.24901697649041485
europe,30,matched_early_mixture,1.0,pcgrad,20260930,baron,0.2239888003827718,0.9921036614360457,0.8422177841179282,0.149885877318117
europe,30,matched_early_mixture,1.0,pcgrad,20261001,baron,0.22051269584665303,1.0177534246575328,0.8671493803000654,0.1506040443574691
europe,30,matched_early_mixture,1.0,pcgrad,20261002,baron,0.22066963137197254,0.9939921104536512,0.838031558185406,0.15596055226824485
europe,30,matched_early_mixture,1.0,pcgrad,20260930,dragon,0.14380714413768375,1.00753125,0.614,0.39353125
europe,30,matched_early_mixture,1.0,pcgrad,20261001,dragon,0.14729524977156772,1.0177795698924748,0.6179623655913961,0.3998172043010748
europe,30,matched_early_mixture,1.0,pcgrad,20261002,dragon,0.14745984535133125,1.0041869313482255,0.6114309346567398,0.3927559966914818
europe,30,matched_early_mixture,1.0,pcgrad,20260930,teamfight,0.038148060754757476,0.9452067510548545,0.7159774964838275,0.22922925457102802
europe,30,matched_early_mixture,1.0,pcgrad,20261001,teamfight,0.03583966420527583,0.9276359051941521,0.70707816439738,0.22055774079677365
europe,30,matched_early_mixture,1.0,pcgrad,20261002,teamfight,0.03635667760411485,0.9393469816273001,0.719378477690291,0.21996850393700806
europe,30,matched_early_mixture,1.0,pcgrad,20260930,macro,0.135314668425071,0.9816138874969668,0.7240650935339185,0.25754879396304836
europe,30,matched_early_mixture,1.0,pcgrad,20261001,macro,0.13454920327449885,0.9877229665813866,0.7307299700962805,0.2569929964851059
europe,30,matched_early_mixture,1.0,pcgrad,20261002,macro,0.13482871810913954,0.9791753411430589,0.722946990177479,0.2562283509655782
europe,30,matched_early_mixture,mean,leagueews,20260930,baron,0.16952932478315272,0.6317984025963856,0.5039408089231239,0.1278575936732629
europe,30,matched_early_mixture,mean,leagueews,20261001,baron,0.1704471873047893,0.6260116871455798,0.4976113752032245,0.12840031194235493
europe,30,matched_early_mixture,mean,leagueews,20261002,baron,0.1675437319042247,0.6240460438573783,0.49562104346373426,0.12842500039364302
europe,30,matched_early_mixture,mean,leagueews,20260930,dragon,0.09207844834512188,0.6393728007540114,0.36532800675594146,0.2740447939980681
europe,30,matched_early_mixture,mean,leagueews,20261001,dragon,0.09353743597753955,0.625254079465024,0.34691315514065774,0.2783409243243669
europe,30,matched_early_mixture,mean,leagueews,20261002,dragon,0.09467200000182492,0.6362102445893559,0.3571911625465758,0.2790190820427809
europe,30,matched_early_mixture,mean,leagueews,20260930,teamfight,0.024763000815460373,0.5954191506615933,0.441885105702308,0.15353404495928535
europe,30,matched_early_mixture,mean,leagueews,20261001,teamfight,0.023094950286214392,0.5765141491671187,0.4236067763417203,0.15290737282539948
europe,30,matched_early_mixture,mean,leagueews,20261002,teamfight,0.024357077475470633,0.5867547970583384,0.4328840487198581,0.15387074833848097
europe,30,matched_early_mixture,mean,leagueews,20260930,macro,0.09545692464791167,0.6221967846706634,0.4370513071271245,0.1851454775435388
europe,30,matched_early_mixture,mean,leagueews,20261001,macro,0.09569319118951441,0.6092599719259075,0.42271043556186755,0.18654953636404045
europe,30,matched_early_mixture,mean,leagueews,20261002,macro,0.09552426979384009,0.6156703618350242,0.4285654182433894,0.187104943591635
europe,30,matched_early_mixture,mean,gru,20260930,baron,0.0988047593848346,0.5739137952166128,0.5084994796720279,0.06541431554458516
europe,30,matched_early_mixture,mean,gru,20261001,baron,0.11062033710738153,0.5905022412033608,0.5140182847551604,0.07648395644820023
europe,30,matched_early_mixture,mean,gru,20261002,baron,0.0722120103887486,0.5854855066049823,0.5407439146293449,0.044741591975637124
europe,30,matched_early_mixture,mean,gru,20260930,dragon,0.07769093109303815,0.6574531033954323,0.5253566645366651,0.13209643885876654
europe,30,matched_early_mixture,mean,gru,20261001,dragon,0.0676299233152519,0.6603698329207939,0.5612957095709584,0.09907412334983534
europe,30,matched_early_mixture,mean,gru,20261002,dragon,0.07507881756083362,0.6609515495537295,0.5319767110712261,0.12897483848250457
europe,30,matched_early_mixture,mean,gru,20260930,teamfight,0.021318949169911807,0.6008297260724187,0.4980130986819361,0.10281662739048258
europe,30,matched_early_mixture,mean,gru,20261001,teamfight,0.02236381504582459,0.6094844094184929,0.5068272340065709,0.10265717541192307
europe,30,matched_early_mixture,mean,gru,20261002,teamfight,0.018215387226292262,0.6098430328371074,0.527972045449202,0.08187098738790463
europe,30,matched_early_mixture,mean,gru,20260930,macro,0.06593821321592819,0.6107322082281547,0.5106230809635431,0.10010912726461142
europe,30,matched_early_mixture,mean,gru,20261001,macro,0.066871358489486,0.6201188278475492,0.5273804094442299,0.09273841840331953
europe,30,matched_early_mixture,mean,gru,20261002,macro,0.055168738391958155,0.618760029665273,0.5335642237165911,0.0851958059486821
europe,30,matched_early_mixture,mean,tcn,20260930,baron,0.1685895136283335,0.6293302640589395,0.5012539364804072,0.1280763275785336
europe,30,matched_early_mixture,mean,tcn,20261001,baron,0.16747412708130976,0.6418345263164905,0.5133749410047982,0.12845958531169197
europe,30,matched_early_mixture,mean,tcn,20261002,baron,0.1682791249752483,0.6441409793280795,0.5172628182838548,0.12687816104422567
europe,30,matched_early_mixture,mean,tcn,20260930,dragon,0.09454487135232129,0.6342687864309593,0.37326721293199494,0.26100157349896386
europe,30,matched_early_mixture,mean,tcn,20261001,dragon,0.09359098735730975,0.6270852036639197,0.3541807353636601,0.2729044683002581
europe,30,matched_early_mixture,mean,tcn,20261002,dragon,0.09396864227575699,0.6355895763029622,0.3730260467441565,0.2625635295588048
europe,30,matched_early_mixture,mean,tcn,20260930,teamfight,0.02307504780878983,0.5673979159177266,0.4217704888865369,0.14562742703118953
europe,30,matched_early_mixture,mean,tcn,20261001,teamfight,0.022842909447141964,0.5848911907837072,0.44459919545797033,0.14029199532573747
europe,30,matched_early_mixture,mean,tcn,20261002,teamfight,0.02257352004735324,0.5946475030084248,0.4465753008423612,0.148072202166065
europe,30,matched_early_mixture,mean,tcn,20260930,macro,0.0954031442631482,0.6103323221358751,0.432097212766313,0.17823510936956233
europe,30,matched_early_mixture,mean,tcn,20261001,macro,0.0946360079619205,0.6179369735880392,0.4373849572754762,0.18055201631256249
europe,30,matched_early_mixture,mean,tcn,20261002,macro,0.09494042909945284,0.6247926862131555,0.44562138862345746,0.1791712975896985
europe,30,matched_early_mixture,mean,snapshot,20260930,baron,0.1514098441709871,0.6041102172056008,0.4909359157852013,0.11317430142039939
europe,30,matched_early_mixture,mean,snapshot,20261001,baron,0.14545375459289936,0.6023065574626715,0.4865568661956303,0.11574969126703964
europe,30,matched_early_mixture,mean,snapshot,20261002,baron,0.1521423087354375,0.6044559757702441,0.4899845785578468,0.1144713972123981
europe,30,matched_early_mixture,mean,snapshot,20260930,dragon,0.0908064679695072,0.6501540238921539,0.37766414403895804,0.27248987985319595
europe,30,matched_early_mixture,mean,snapshot,20261001,dragon,0.09115176336662356,0.6484321413509166,0.37988040167803677,0.2685517396728814
europe,30,matched_early_mixture,mean,snapshot,20261002,dragon,0.09106859573578421,0.6587668391611479,0.38495544838588475,0.27381139077526323
europe,30,matched_early_mixture,mean,snapshot,20260930,teamfight,0.019805203021594286,0.6127724675686645,0.49334799711158533,0.11942447045707943
europe,30,matched_early_mixture,mean,snapshot,20261001,teamfight,0.02120411033807272,0.6162173381364572,0.4943505637990943,0.12186677433736293
europe,30,matched_early_mixture,mean,snapshot,20261002,teamfight,0.02053097875414149,0.6035237709977413,0.48154081878249255,0.12198295221524849
europe,30,matched_early_mixture,mean,snapshot,20260930,macro,0.08734050505402953,0.622345569555473,0.45398268564524824,0.16836288391022491
europe,30,matched_early_mixture,mean,snapshot,20261001,macro,0.08593654276586521,0.6223186789833485,0.4535959438909205,0.168722735092428
europe,30,matched_early_mixture,mean,snapshot,20261002,macro,0.08791396107512106,0.6222488619763777,0.45216028190874136,0.1700885800676366
europe,30,matched_early_mixture,mean,current_only,20260930,baron,0.15125850409361624,0.6256538903631069,0.5062611442792103,0.11939274608389658
europe,30,matched_early_mixture,mean,current_only,20261001,baron,0.1539164055811527,0.6227777895367672,0.5052436589859631,0.11753413055080383
europe,30,matched_early_mixture,mean,current_only,20261002,baron,0.15365233423053845,0.6176309544142974,0.5007644415935921,0.11686651282070541
europe,30,matched_early_mixture,mean,current_only,20260930,dragon,0.09225900269561269,0.6545421707406367,0.38317003459874444,0.2713721361418936
europe,30,matched_early_mixture,mean,current_only,20261001,dragon,0.09126819508495479,0.6292141562341295,0.3618623998145327,0.2673517564195971
europe,30,matched_early_mixture,mean,current_only,20261002,dragon,0.09361484922553218,0.6511476406397929,0.38664245021342997,0.2645051904263619
europe,30,matched_early_mixture,mean,current_only,20260930,teamfight,0.021428321164468626,0.624719065921823,0.4952722076330526,0.12944685828876973
europe,30,matched_early_mixture,mean,current_only,20261001,teamfight,0.021186435397607263,0.624311502397007,0.49582963798952245,0.1284818644074836
europe,30,matched_early_mixture,mean,current_only,20261002,teamfight,0.022343297460490668,0.625296865613513,0.4990389502005861,0.12625791541292558
europe,30,matched_early_mixture,mean,current_only,20260930,macro,0.08831527598456584,0.6349717090085222,0.46156779550366905,0.1734039135048533
europe,30,matched_early_mixture,mean,current_only,20261001,macro,0.08879034535457159,0.6254344827226345,0.4543118989300061,0.17112258379262815
europe,30,matched_early_mixture,mean,current_only,20261002,macro,0.08987016030552043,0.631358486889201,0.4621486140025361,0.1692098728866643
europe,30,matched_early_mixture,mean,independent,20260930,baron,0.17414246274543183,0.6261742553893909,0.4987496324831282,0.12742462290626264
europe,30,matched_early_mixture,mean,independent,20261001,baron,0.18100613626747403,0.6500136313721347,0.5190251772753182,0.13098845409681698
europe,30,matched_early_mixture,mean,independent,20261002,baron,0.17759692093026505,0.6371582330474803,0.5082505106365358,0.12890772241094592
europe,30,matched_early_mixture,mean,independent,20260930,dragon,0.08809588006491986,0.6358730141298773,0.3566158180198644,0.2792571961100128
europe,30,matched_early_mixture,mean,independent,20261001,dragon,0.08896538972905552,0.624326025696504,0.3542230877019457,0.27010293799456025
europe,30,matched_early_mixture,mean,independent,20261002,dragon,0.09103173961169014,0.6268430603948887,0.3707848432055755,0.2560582171893137
europe,30,matched_early_mixture,mean,independent,20260930,teamfight,0.024299660240084193,0.5922634663550959,0.44232119420626653,0.14994227214882982
europe,30,matched_early_mixture,mean,independent,20261001,teamfight,0.02274208330498515,0.5834053721385462,0.4315938284471945,0.1518115436913518
europe,30,matched_early_mixture,mean,independent,20261002,teamfight,0.023405800964217946,0.5989473609403759,0.4422610321518835,0.1566863287884917
europe,30,matched_early_mixture,mean,independent,20260930,macro,0.09551266768347862,0.618103578624788,0.4325622149030864,0.18554136372170174
europe,30,matched_early_mixture,mean,independent,20261001,macro,0.09757120310050489,0.6192483430690616,0.43494736447481946,0.18430097859424302
europe,30,matched_early_mixture,mean,independent,20261002,macro,0.09734482050205773,0.6209828847942483,0.4404321286646649,0.18055075612958374
europe,30,matched_early_mixture,mean,pcgrad,20260930,baron,0.17200616351237213,0.6169212717014791,0.48806018484796576,0.12886108685351344
europe,30,matched_early_mixture,mean,pcgrad,20261001,baron,0.16727488563876536,0.6334916017425012,0.5039078562558863,0.1295837454866146
europe,30,matched_early_mixture,mean,pcgrad,20261002,baron,0.169900341234953,0.6265552376035024,0.4945377297544523,0.13201750784905053
europe,30,matched_early_mixture,mean,pcgrad,20260930,dragon,0.09342030708869974,0.6253303552547219,0.3463243337755988,0.2790060214791239
europe,30,matched_early_mixture,mean,pcgrad,20261001,dragon,0.09550602683727925,0.6370834059866335,0.35641457788433595,0.28066882810229626
europe,30,matched_early_mixture,mean,pcgrad,20261002,dragon,0.09445241412935082,0.6248398047077128,0.3561375745129912,0.2687022301947212
europe,30,matched_early_mixture,mean,pcgrad,20260930,teamfight,0.024233778025571043,0.5750037767165393,0.4257761999316626,0.14922757678487786
europe,30,matched_early_mixture,mean,pcgrad,20261001,teamfight,0.023244446297831005,0.5779428146525496,0.42523168512866605,0.15271112952388488
europe,30,matched_early_mixture,mean,pcgrad,20261002,teamfight,0.023678813078389274,0.5792571229060012,0.4264785854615194,0.15277853744448205
europe,30,matched_early_mixture,mean,pcgrad,20260930,macro,0.09655341620888097,0.6057518012242468,0.42005357285174244,0.18569822837250505
europe,30,matched_early_mixture,mean,pcgrad,20261001,macro,0.09534178625795854,0.6161726074605615,0.42851803975629615,0.18765456770426525
europe,30,matched_early_mixture,mean,pcgrad,20261002,macro,0.09601052281423102,0.6102173884057388,0.42571796324298766,0.18449942516275128
europe,60,deterministic,0.25,leagueews,20260930,baron,0.052795031055900624,0.23733333333333334,0.07866666666666666,0.15866666666666668
europe,60,deterministic,0.25,leagueews,20261001,baron,0.040372670807453416,0.18733333333333332,0.043333333333333335,0.144
europe,60,deterministic,0.25,leagueews,20261002,baron,0.04596273291925466,0.2,0.06266666666666666,0.13733333333333334
europe,60,deterministic,0.25,leagueews,20260930,dragon,0.013087128002868412,0.14066666666666666,0.014666666666666666,0.126
europe,60,deterministic,0.25,leagueews,20261001,dragon,0.016672642524202225,0.17933333333333334,0.022,0.15733333333333333
europe,60,deterministic,0.25,leagueews,20261002,dragon,0.013266403728935103,0.13666666666666666,0.016,0.12066666666666667
europe,60,deterministic,0.25,leagueews,20260930,teamfight,0.0050110242533573865,0.116,0.05,0.066
europe,60,deterministic,0.25,leagueews,20261001,teamfight,0.009220284626177591,0.184,0.09133333333333334,0.09266666666666666
europe,60,deterministic,0.25,leagueews,20261002,teamfight,0.005211465223491682,0.11333333333333333,0.048,0.06533333333333333
europe,60,deterministic,0.25,leagueews,20260930,macro,0.023631061104042145,0.16466666666666666,0.04777777777777777,0.11688888888888889
europe,60,deterministic,0.25,leagueews,20261001,macro,0.02208853265261108,0.18355555555555556,0.052222222222222225,0.13133333333333333
europe,60,deterministic,0.25,leagueews,20261002,macro,0.021480200623893813,0.15,0.04222222222222222,0.10777777777777779
europe,60,deterministic,0.25,gru,20260930,baron,0.040372670807453416,0.14733333333333334,0.09733333333333333,0.05
europe,60,deterministic,0.25,gru,20261001,baron,0.05093167701863354,0.21,0.13133333333333333,0.07866666666666666
europe,60,deterministic,0.25,gru,20261002,baron,0.03664596273291926,0.182,0.13933333333333334,0.042666666666666665
europe,60,deterministic,0.25,gru,20260930,dragon,0.0380064539261384,0.094,0.052,0.042
europe,60,deterministic,0.25,gru,20261001,dragon,0.08192900681247758,0.23666666666666666,0.17066666666666666,0.066
europe,60,deterministic,0.25,gru,20261002,dragon,0.013804230907135173,0.03333333333333333,0.024666666666666667,0.008666666666666666
europe,60,deterministic,0.25,gru,20260930,teamfight,0.010022048506714773,0.16666666666666666,0.098,0.06866666666666667
europe,60,deterministic,0.25,gru,20261001,teamfight,0.01062337141711766,0.15066666666666667,0.09333333333333334,0.05733333333333333
europe,60,deterministic,0.25,gru,20261002,teamfight,0.00531168570855883,0.068,0.048,0.02
europe,60,deterministic,0.25,gru,20260930,macro,0.029467057746768863,0.136,0.08244444444444445,0.05355555555555556
europe,60,deterministic,0.25,gru,20261001,macro,0.047828018416076264,0.1991111111111111,0.13177777777777777,0.06733333333333334
europe,60,deterministic,0.25,gru,20261002,macro,0.018587293116204422,0.09444444444444444,0.07066666666666667,0.023777777777777776
europe,60,deterministic,0.25,tcn,20260930,baron,0.046583850931677016,0.21533333333333332,0.066,0.14933333333333335
europe,60,deterministic,0.25,tcn,20261001,baron,0.046583850931677016,0.24,0.08533333333333333,0.15466666666666667
europe,60,deterministic,0.25,tcn,20261002,baron,0.04161490683229813,0.19066666666666668,0.059333333333333335,0.13133333333333333
europe,60,deterministic,0.25,tcn,20260930,dragon,0.016314091072068843,0.14533333333333334,0.016,0.12933333333333333
europe,60,deterministic,0.25,tcn,20261001,dragon,0.010218716385801362,0.10466666666666667,0.008,0.09666666666666666
europe,60,deterministic,0.25,tcn,20261002,dragon,0.01972032986733596,0.17266666666666666,0.024,0.14866666666666667
europe,60,deterministic,0.25,tcn,20260930,teamfight,0.004710362798155943,0.09466666666666666,0.03933333333333333,0.05533333333333333
europe,60,deterministic,0.25,tcn,20261001,teamfight,0.005411906193625977,0.10533333333333333,0.04666666666666667,0.058666666666666666
europe,60,deterministic,0.25,tcn,20261002,teamfight,0.002906394066947284,0.066,0.025333333333333333,0.04066666666666666
europe,60,deterministic,0.25,tcn,20260930,macro,0.022536101600633934,0.1517777777777778,0.04044444444444444,0.11133333333333334
europe,60,deterministic,0.25,tcn,20261001,macro,0.020738157837034785,0.15,0.04666666666666666,0.10333333333333333
europe,60,deterministic,0.25,tcn,20261002,macro,0.021413876922193792,0.1431111111111111,0.036222222222222225,0.10688888888888891
europe,60,deterministic,0.25,snapshot,20260930,baron,0.06770186335403727,0.25,0.11866666666666667,0.13133333333333333
europe,60,deterministic,0.25,snapshot,20261001,baron,0.06024844720496894,0.238,0.106,0.132
europe,60,deterministic,0.25,snapshot,20261002,baron,0.03975155279503106,0.16266666666666665,0.062,0.10066666666666667
europe,60,deterministic,0.25,snapshot,20260930,dragon,0.0032269630692004303,0.042666666666666665,0.002,0.04066666666666666
europe,60,deterministic,0.25,snapshot,20261001,dragon,0.0007171029042667623,0.014666666666666666,0.0006666666666666666,0.014
europe,60,deterministic,0.25,snapshot,20261002,dragon,0.002509860164933668,0.02666666666666667,0.0006666666666666666,0.026
europe,60,deterministic,0.25,snapshot,20260930,teamfight,0.004810583283223091,0.13,0.06466666666666666,0.06533333333333333
europe,60,deterministic,0.25,snapshot,20261001,teamfight,0.007416315894968932,0.17,0.09533333333333334,0.07466666666666667
europe,60,deterministic,0.25,snapshot,20261002,teamfight,0.004509921828021648,0.11666666666666667,0.059333333333333335,0.05733333333333333
europe,60,deterministic,0.25,snapshot,20260930,macro,0.0252464699021536,0.1408888888888889,0.061777777777777786,0.0791111111111111
europe,60,deterministic,0.25,snapshot,20261001,macro,0.02279395533473488,0.14088888888888887,0.06733333333333334,0.07355555555555555
europe,60,deterministic,0.25,snapshot,20261002,macro,0.01559044492932879,0.102,0.04066666666666666,0.06133333333333333
europe,60,deterministic,0.25,current_only,20260930,baron,0.0546583850931677,0.234,0.09533333333333334,0.13866666666666666
europe,60,deterministic,0.25,current_only,20261001,baron,0.0391304347826087,0.194,0.07333333333333333,0.12066666666666667
europe,60,deterministic,0.25,current_only,20261002,baron,0.04285714285714286,0.18066666666666667,0.06333333333333334,0.11733333333333333
europe,60,deterministic,0.25,current_only,20260930,dragon,0.008963786303334529,0.09533333333333334,0.007333333333333333,0.088
europe,60,deterministic,0.25,current_only,20261001,dragon,0.00986016493366798,0.10933333333333334,0.014,0.09533333333333334
europe,60,deterministic,0.25,current_only,20261002,dragon,0.008605234851201148,0.1,0.010666666666666666,0.08933333333333333
europe,60,deterministic,0.25,current_only,20260930,teamfight,0.004710362798155943,0.10066666666666667,0.04933333333333333,0.051333333333333335
europe,60,deterministic,0.25,current_only,20261001,teamfight,0.003307276007215875,0.07666666666666666,0.035333333333333335,0.04133333333333333
europe,60,deterministic,0.25,current_only,20261002,teamfight,0.005211465223491682,0.11533333333333333,0.062,0.05333333333333334
europe,60,deterministic,0.25,current_only,20260930,macro,0.02277751139821939,0.14333333333333334,0.050666666666666665,0.09266666666666666
europe,60,deterministic,0.25,current_only,20261001,macro,0.017432625241164183,0.12666666666666668,0.04088888888888889,0.08577777777777779
europe,60,deterministic,0.25,current_only,20261002,macro,0.018891280977278564,0.132,0.04533333333333334,0.08666666666666667
europe,60,deterministic,0.25,independent,20260930,baron,0.05341614906832298,0.23066666666666666,0.08533333333333333,0.14533333333333334
europe,60,deterministic,0.25,independent,20261001,baron,0.049689440993788817,0.21733333333333332,0.07333333333333333,0.144
europe,60,deterministic,0.25,independent,20261002,baron,0.052795031055900624,0.22066666666666668,0.07266666666666667,0.148
europe,60,deterministic,0.25,independent,20260930,dragon,0.011652922194334886,0.11866666666666667,0.013333333333333334,0.10533333333333333
europe,60,deterministic,0.25,independent,20261001,dragon,0.01936177841520258,0.18333333333333332,0.028,0.15533333333333332
europe,60,deterministic,0.25,independent,20261002,dragon,0.00914306202940122,0.10933333333333334,0.012666666666666666,0.09666666666666666
europe,60,deterministic,0.25,independent,20260930,teamfight,0.005612347163760273,0.16133333333333333,0.07466666666666667,0.08666666666666667
europe,60,deterministic,0.25,independent,20261001,teamfight,0.004710362798155943,0.16733333333333333,0.078,0.08933333333333333
europe,60,deterministic,0.25,independent,20261002,teamfight,0.010322709961916216,0.236,0.11733333333333333,0.11866666666666667
europe,60,deterministic,0.25,independent,20260930,macro,0.02356047280880605,0.1702222222222222,0.05777777777777778,0.11244444444444446
europe,60,deterministic,0.25,independent,20261001,macro,0.02458719406904911,0.18933333333333333,0.059777777777777784,0.12955555555555556
europe,60,deterministic,0.25,independent,20261002,macro,0.024086934349072688,0.18866666666666668,0.06755555555555555,0.1211111111111111
europe,60,deterministic,0.25,pcgrad,20260930,baron,0.055279503105590065,0.242,0.08133333333333333,0.16066666666666668
europe,60,deterministic,0.25,pcgrad,20261001,baron,0.05031055900621118,0.23866666666666667,0.07466666666666667,0.164
europe,60,deterministic,0.25,pcgrad,20261002,baron,0.055279503105590065,0.24933333333333332,0.094,0.15533333333333332
europe,60,deterministic,0.25,pcgrad,20260930,dragon,0.012011473646468268,0.12133333333333333,0.012,0.10933333333333334
europe,60,deterministic,0.25,pcgrad,20261001,dragon,0.01559698816780208,0.16466666666666666,0.02,0.14466666666666667
europe,60,deterministic,0.25,pcgrad,20261002,dragon,0.01272857655073503,0.134,0.016666666666666666,0.11733333333333333
europe,60,deterministic,0.25,pcgrad,20260930,teamfight,0.0039085989176187615,0.10466666666666667,0.042,0.06266666666666666
europe,60,deterministic,0.25,pcgrad,20261001,teamfight,0.004810583283223091,0.10133333333333333,0.048666666666666664,0.05266666666666667
europe,60,deterministic,0.25,pcgrad,20261002,teamfight,0.011826017237923432,0.22,0.11,0.11
europe,60,deterministic,0.25,pcgrad,20260930,macro,0.023733191889892365,0.156,0.04511111111111111,0.11088888888888888
europe,60,deterministic,0.25,pcgrad,20261001,macro,0.023572710152412118,0.1682222222222222,0.04777777777777778,0.12044444444444442
europe,60,deterministic,0.25,pcgrad,20261002,macro,0.026611365631416178,0.2011111111111111,0.07355555555555555,0.12755555555555556
europe,60,deterministic,0.5,leagueews,20260930,baron,0.10559006211180125,0.4046666666666667,0.204,0.20066666666666666
europe,60,deterministic,0.5,leagueews,20261001,baron,0.09254658385093167,0.36466666666666664,0.166,0.19866666666666666
europe,60,deterministic,0.5,leagueews,20261002,baron,0.13478260869565217,0.48933333333333334,0.2633333333333333,0.226
europe,60,deterministic,0.5,leagueews,20260930,dragon,0.013087128002868412,0.14066666666666666,0.014666666666666666,0.126
europe,60,deterministic,0.5,leagueews,20261001,dragon,0.016672642524202225,0.17933333333333334,0.022,0.15733333333333333
europe,60,deterministic,0.5,leagueews,20261002,dragon,0.013266403728935103,0.13666666666666666,0.016,0.12066666666666667
europe,60,deterministic,0.5,leagueews,20260930,teamfight,0.016536380036079375,0.292,0.15266666666666667,0.13933333333333334
europe,60,deterministic,0.5,leagueews,20261001,teamfight,0.009220284626177591,0.184,0.09133333333333334,0.09266666666666666
europe,60,deterministic,0.5,leagueews,20261002,teamfight,0.017137702946482262,0.296,0.154,0.142
europe,60,deterministic,0.5,leagueews,20260930,macro,0.045071190050249677,0.2791111111111111,0.12377777777777776,0.15533333333333332
europe,60,deterministic,0.5,leagueews,20261001,macro,0.03947983700043716,0.24266666666666667,0.0931111111111111,0.14955555555555555
europe,60,deterministic,0.5,leagueews,20261002,macro,0.05506223845702318,0.3073333333333333,0.14444444444444446,0.1628888888888889
europe,60,deterministic,0.5,gru,20260930,baron,0.040372670807453416,0.14733333333333334,0.09733333333333333,0.05
europe,60,deterministic,0.5,gru,20261001,baron,0.09503105590062112,0.4206666666666667,0.3,0.12066666666666667
europe,60,deterministic,0.5,gru,20261002,baron,0.06086956521739131,0.358,0.29333333333333333,0.06466666666666666
europe,60,deterministic,0.5,gru,20260930,dragon,0.0380064539261384,0.094,0.052,0.042
europe,60,deterministic,0.5,gru,20261001,dragon,0.08192900681247758,0.23666666666666666,0.17066666666666666,0.066
europe,60,deterministic,0.5,gru,20261002,dragon,0.10774471136608103,0.358,0.22533333333333333,0.13266666666666665
europe,60,deterministic,0.5,gru,20260930,teamfight,0.010022048506714773,0.16666666666666666,0.098,0.06866666666666667
europe,60,deterministic,0.5,gru,20261001,teamfight,0.028462617759069955,0.44066666666666665,0.31533333333333335,0.12533333333333332
europe,60,deterministic,0.5,gru,20261002,teamfight,0.015634395670475046,0.25133333333333335,0.19,0.06133333333333333
europe,60,deterministic,0.5,gru,20260930,macro,0.029467057746768863,0.136,0.08244444444444445,0.05355555555555556
europe,60,deterministic,0.5,gru,20261001,macro,0.06847422682405623,0.36599999999999994,0.262,0.104
europe,60,deterministic,0.5,gru,20261002,macro,0.06141622408464912,0.3224444444444445,0.2362222222222222,0.08622222222222221
europe,60,deterministic,0.5,tcn,20260930,baron,0.10559006211180125,0.43933333333333335,0.23,0.20933333333333334
europe,60,deterministic,0.5,tcn,20261001,baron,0.09565217391304348,0.406,0.2,0.206
europe,60,deterministic,0.5,tcn,20261002,baron,0.11925465838509317,0.4573333333333333,0.24066666666666667,0.21666666666666667
europe,60,deterministic,0.5,tcn,20260930,dragon,0.016314091072068843,0.14533333333333334,0.016,0.12933333333333333
europe,60,deterministic,0.5,tcn,20261001,dragon,0.010218716385801362,0.10466666666666667,0.008,0.09666666666666666
europe,60,deterministic,0.5,tcn,20261002,dragon,0.01972032986733596,0.17266666666666666,0.024,0.14866666666666667
europe,60,deterministic,0.5,tcn,20260930,teamfight,0.013830426939266387,0.2713333333333333,0.138,0.13333333333333333
europe,60,deterministic,0.5,tcn,20261001,teamfight,0.01593505712567649,0.30133333333333334,0.154,0.14733333333333334
europe,60,deterministic,0.5,tcn,20261002,teamfight,0.012527560633393466,0.23866666666666667,0.12133333333333333,0.11733333333333333
europe,60,deterministic,0.5,tcn,20260930,macro,0.04524486004104549,0.2853333333333333,0.128,0.15733333333333333
europe,60,deterministic,0.5,tcn,20261001,macro,0.040601982474840446,0.27066666666666667,0.12066666666666666,0.15
europe,60,deterministic,0.5,tcn,20261002,macro,0.050500849628607535,0.28955555555555557,0.12866666666666668,0.1608888888888889
europe,60,deterministic,0.5,snapshot,20260930,baron,0.10745341614906832,0.3933333333333333,0.22133333333333333,0.172
europe,60,deterministic,0.5,snapshot,20261001,baron,0.09813664596273292,0.36333333333333334,0.196,0.16733333333333333
europe,60,deterministic,0.5,snapshot,20261002,baron,0.13540372670807455,0.4826666666666667,0.29133333333333333,0.19133333333333333
europe,60,deterministic,0.5,snapshot,20260930,dragon,0.0032269630692004303,0.042666666666666665,0.002,0.04066666666666666
europe,60,deterministic,0.5,snapshot,20261001,dragon,0.0007171029042667623,0.014666666666666666,0.0006666666666666666,0.014
europe,60,deterministic,0.5,snapshot,20261002,dragon,0.08999641448547867,0.46266666666666667,0.102,0.3606666666666667
europe,60,deterministic,0.5,snapshot,20260930,teamfight,0.01593505712567649,0.332,0.202,0.13
europe,60,deterministic,0.5,snapshot,20261001,teamfight,0.02214872719983965,0.4613333333333333,0.2986666666666667,0.16266666666666665
europe,60,deterministic,0.5,snapshot,20261002,teamfight,0.014431749849669273,0.322,0.198,0.124
europe,60,deterministic,0.5,snapshot,20260930,macro,0.042205145447981755,0.256,0.14177777777777778,0.11422222222222222
europe,60,deterministic,0.5,snapshot,20261001,macro,0.04033415868894644,0.27977777777777774,0.16511111111111113,0.11466666666666665
europe,60,deterministic,0.5,snapshot,20261002,macro,0.07994396368107416,0.42244444444444446,0.1971111111111111,0.22533333333333336
europe,60,deterministic,0.5,current_only,20260930,baron,0.12732919254658384,0.4493333333333333,0.25533333333333336,0.194
europe,60,deterministic,0.5,current_only,20261001,baron,0.1031055900621118,0.394,0.21,0.184
europe,60,deterministic,0.5,current_only,20261002,baron,0.1093167701863354,0.41533333333333333,0.22733333333333333,0.188
europe,60,deterministic,0.5,current_only,20260930,dragon,0.008963786303334529,0.09533333333333334,0.007333333333333333,0.088
europe,60,deterministic,0.5,current_only,20261001,dragon,0.00986016493366798,0.10933333333333334,0.014,0.09533333333333334
europe,60,deterministic,0.5,current_only,20261002,dragon,0.008605234851201148,0.1,0.010666666666666666,0.08933333333333333
europe,60,deterministic,0.5,current_only,20260930,teamfight,0.017538584886750853,0.298,0.17466666666666666,0.12333333333333334
europe,60,deterministic,0.5,current_only,20261001,teamfight,0.01282822208859491,0.24,0.13733333333333334,0.10266666666666667
europe,60,deterministic,0.5,current_only,20261002,teamfight,0.01813990779715374,0.306,0.19133333333333333,0.11466666666666667
europe,60,deterministic,0.5,current_only,20260930,macro,0.05127718791222308,0.2808888888888889,0.14577777777777778,0.13511111111111113
europe,60,deterministic,0.5,current_only,20261001,macro,0.041931325694791556,0.2477777777777778,0.12044444444444445,0.12733333333333333
europe,60,deterministic,0.5,current_only,20261002,macro,0.045353970944896765,0.27377777777777773,0.1431111111111111,0.13066666666666668
europe,60,deterministic,0.5,independent,20260930,baron,0.11366459627329192,0.3953333333333333,0.19733333333333333,0.198
europe,60,deterministic,0.5,independent,20261001,baron,0.11304347826086956,0.402,0.19733333333333333,0.20466666666666666
europe,60,deterministic,0.5,independent,20261002,baron,0.115527950310559,0.412,0.20333333333333334,0.20866666666666667
europe,60,deterministic,0.5,independent,20260930,dragon,0.011652922194334886,0.11866666666666667,0.013333333333333334,0.10533333333333333
europe,60,deterministic,0.5,independent,20261001,dragon,0.01936177841520258,0.18333333333333332,0.028,0.15533333333333332
europe,60,deterministic,0.5,independent,20261002,dragon,0.00914306202940122,0.10933333333333334,0.012666666666666666,0.09666666666666666
europe,60,deterministic,0.5,independent,20260930,teamfight,0.01673682100621367,0.356,0.18333333333333332,0.17266666666666666
europe,60,deterministic,0.5,independent,20261001,teamfight,0.01894167167769092,0.39466666666666667,0.21266666666666667,0.182
europe,60,deterministic,0.5,independent,20261002,teamfight,0.010322709961916216,0.236,0.11733333333333333,0.11866666666666667
europe,60,deterministic,0.5,independent,20260930,macro,0.04735144649128017,0.29,0.13133333333333333,0.15866666666666665
europe,60,deterministic,0.5,independent,20261001,macro,0.05044897611792102,0.32666666666666666,0.146,0.18066666666666667
europe,60,deterministic,0.5,independent,20261002,macro,0.04499790743395882,0.2524444444444444,0.1111111111111111,0.14133333333333334
europe,60,deterministic,0.5,pcgrad,20260930,baron,0.11055900621118013,0.4146666666666667,0.206,0.20866666666666667
europe,60,deterministic,0.5,pcgrad,20261001,baron,0.11055900621118013,0.43,0.212,0.218
europe,60,deterministic,0.5,pcgrad,20261002,baron,0.11614906832298137,0.444,0.22533333333333333,0.21866666666666668
europe,60,deterministic,0.5,pcgrad,20260930,dragon,0.012011473646468268,0.12133333333333333,0.012,0.10933333333333334
europe,60,deterministic,0.5,pcgrad,20261001,dragon,0.01559698816780208,0.16466666666666666,0.02,0.14466666666666667
europe,60,deterministic,0.5,pcgrad,20261002,dragon,0.01272857655073503,0.134,0.016666666666666666,0.11733333333333333
europe,60,deterministic,0.5,pcgrad,20260930,teamfight,0.014331529364602125,0.2633333333333333,0.13533333333333333,0.128
europe,60,deterministic,0.5,pcgrad,20261001,teamfight,0.014932852275005012,0.3,0.15866666666666668,0.14133333333333334
europe,60,deterministic,0.5,pcgrad,20261002,teamfight,0.011826017237923432,0.22,0.11,0.11
europe,60,deterministic,0.5,pcgrad,20260930,macro,0.0456340030740835,0.26644444444444443,0.11777777777777777,0.14866666666666667
europe,60,deterministic,0.5,pcgrad,20261001,macro,0.04702961555132907,0.2982222222222222,0.1302222222222222,0.168
europe,60,deterministic,0.5,pcgrad,20261002,macro,0.04690122070387994,0.266,0.11733333333333333,0.14866666666666667
europe,60,deterministic,0.75,leagueews,20260930,baron,0.18571428571428572,0.672,0.416,0.256
europe,60,deterministic,0.75,leagueews,20261001,baron,0.18198757763975154,0.6433333333333333,0.39466666666666667,0.24866666666666667
europe,60,deterministic,0.75,leagueews,20261002,baron,0.18385093167701863,0.6386666666666667,0.38466666666666666,0.254
europe,60,deterministic,0.75,leagueews,20260930,dragon,0.09358192900681248,0.6166666666666667,0.124,0.49266666666666664
europe,60,deterministic,0.75,leagueews,20261001,dragon,0.10559340265328075,0.6686666666666666,0.144,0.5246666666666666
europe,60,deterministic,0.75,leagueews,20261002,dragon,0.10415919684474723,0.6446666666666667,0.138,0.5066666666666667
europe,60,deterministic,0.75,leagueews,20260930,teamfight,0.03918620966125476,0.6346666666666667,0.36666666666666664,0.268
europe,60,deterministic,0.75,leagueews,20261001,teamfight,0.025255562236921228,0.4693333333333333,0.26066666666666666,0.20866666666666667
europe,60,deterministic,0.75,leagueews,20261002,teamfight,0.037582681900180395,0.6326666666666667,0.37466666666666665,0.258
europe,60,deterministic,0.75,leagueews,20260930,macro,0.10616080812745099,0.6411111111111112,0.3022222222222222,0.33888888888888885
europe,60,deterministic,0.75,leagueews,20261001,macro,0.1042788475099845,0.5937777777777777,0.26644444444444443,0.3273333333333333
europe,60,deterministic,0.75,leagueews,20261002,macro,0.10853093680731542,0.6386666666666667,0.2991111111111111,0.3395555555555556
europe,60,deterministic,0.75,gru,20260930,baron,0.11987577639751552,0.4706666666666667,0.3586666666666667,0.112
europe,60,deterministic,0.75,gru,20261001,baron,0.1565217391304348,0.6286666666666667,0.47533333333333333,0.15333333333333332
europe,60,deterministic,0.75,gru,20261002,baron,0.09751552795031056,0.556,0.4686666666666667,0.08733333333333333
europe,60,deterministic,0.75,gru,20260930,dragon,0.1479024740050197,0.5153333333333333,0.29933333333333334,0.216
europe,60,deterministic,0.75,gru,20261001,dragon,0.17282179992828972,0.672,0.464,0.208
europe,60,deterministic,0.75,gru,20261002,dragon,0.10774471136608103,0.358,0.22533333333333333,0.13266666666666665
europe,60,deterministic,0.75,gru,20260930,teamfight,0.02866305872920425,0.4726666666666667,0.33,0.14266666666666666
europe,60,deterministic,0.75,gru,20261001,teamfight,0.028462617759069955,0.44066666666666665,0.31533333333333335,0.12533333333333332
europe,60,deterministic,0.75,gru,20261002,teamfight,0.037582681900180395,0.6933333333333334,0.5473333333333333,0.146
europe,60,deterministic,0.75,gru,20260930,macro,0.09881376971057983,0.4862222222222223,0.3293333333333333,0.15688888888888888
europe,60,deterministic,0.75,gru,20261001,macro,0.11926871893926481,0.5804444444444444,0.4182222222222222,0.16222222222222218
europe,60,deterministic,0.75,gru,20261002,macro,0.08094764040552399,0.5357777777777778,0.4137777777777778,0.122
europe,60,deterministic,0.75,tcn,20260930,baron,0.18198757763975154,0.6973333333333334,0.44466666666666665,0.25266666666666665
europe,60,deterministic,0.75,tcn,20261001,baron,0.17577639751552795,0.6486666666666666,0.39866666666666667,0.25
europe,60,deterministic,0.75,tcn,20261002,baron,0.15838509316770186,0.598,0.35333333333333333,0.24466666666666667
europe,60,deterministic,0.75,tcn,20260930,dragon,0.10882036572248117,0.682,0.156,0.526
europe,60,deterministic,0.75,tcn,20261001,dragon,0.08121190390821083,0.5453333333333333,0.104,0.44133333333333336
europe,60,deterministic,0.75,tcn,20261002,dragon,0.01972032986733596,0.17266666666666666,0.024,0.14866666666666667
europe,60,deterministic,0.75,tcn,20260930,teamfight,0.03668069753457607,0.6093333333333333,0.35733333333333334,0.252
europe,60,deterministic,0.75,tcn,20261001,teamfight,0.036881138504710365,0.6286666666666667,0.36733333333333335,0.2613333333333333
europe,60,deterministic,0.75,tcn,20261002,teamfight,0.032872319102024455,0.5453333333333333,0.31266666666666665,0.23266666666666666
europe,60,deterministic,0.75,tcn,20260930,macro,0.10916288029893627,0.6628888888888889,0.3193333333333333,0.34355555555555556
europe,60,deterministic,0.75,tcn,20261001,macro,0.09795647997614972,0.6075555555555555,0.29000000000000004,0.31755555555555554
europe,60,deterministic,0.75,tcn,20261002,macro,0.07032591404568743,0.4386666666666666,0.22999999999999998,0.20866666666666667
europe,60,deterministic,0.75,snapshot,20260930,baron,0.15900621118012423,0.5926666666666667,0.38066666666666665,0.212
europe,60,deterministic,0.75,snapshot,20261001,baron,0.18819875776397516,0.7326666666666667,0.5026666666666667,0.23
europe,60,deterministic,0.75,snapshot,20261002,baron,0.1826086956521739,0.6793333333333333,0.45466666666666666,0.22466666666666665
europe,60,deterministic,0.75,snapshot,20260930,dragon,0.10290426676228039,0.5613333333333334,0.136,0.42533333333333334
europe,60,deterministic,0.75,snapshot,20261001,dragon,0.09017569021154535,0.49066666666666664,0.10666666666666667,0.384
europe,60,deterministic,0.75,snapshot,20261002,dragon,0.08999641448547867,0.46266666666666667,0.102,0.3606666666666667
europe,60,deterministic,0.75,snapshot,20260930,teamfight,0.01593505712567649,0.332,0.202,0.13
europe,60,deterministic,0.75,snapshot,20261001,teamfight,0.02214872719983965,0.4613333333333333,0.2986666666666667,0.16266666666666665
europe,60,deterministic,0.75,snapshot,20261002,teamfight,0.014431749849669273,0.322,0.198,0.124
europe,60,deterministic,0.75,snapshot,20260930,macro,0.09261517835602705,0.49533333333333335,0.23955555555555552,0.25577777777777777
europe,60,deterministic,0.75,snapshot,20261001,macro,0.10017439172512005,0.5615555555555556,0.3026666666666667,0.2588888888888889
europe,60,deterministic,0.75,snapshot,20261002,macro,0.0956789533291073,0.488,0.25155555555555553,0.23644444444444446
europe,60,deterministic,0.75,current_only,20260930,baron,0.168944099378882,0.578,0.36,0.218
europe,60,deterministic,0.75,current_only,20261001,baron,0.20062111801242236,0.6813333333333333,0.446,0.23533333333333334
europe,60,deterministic,0.75,current_only,20261002,baron,0.1639751552795031,0.57,0.3566666666666667,0.21333333333333335
europe,60,deterministic,0.75,current_only,20260930,dragon,0.08515596988167802,0.5493333333333333,0.11066666666666666,0.43866666666666665
europe,60,deterministic,0.75,current_only,20261001,dragon,0.08318393689494442,0.5593333333333333,0.116,0.44333333333333336
europe,60,deterministic,0.75,current_only,20261002,dragon,0.09806382215847974,0.5693333333333334,0.12066666666666667,0.44866666666666666
europe,60,deterministic,0.75,current_only,20260930,teamfight,0.017538584886750853,0.298,0.17466666666666666,0.12333333333333334
europe,60,deterministic,0.75,current_only,20261001,teamfight,0.03447584686309882,0.5806666666666667,0.3893333333333333,0.19133333333333333
europe,60,deterministic,0.75,current_only,20261002,teamfight,0.01813990779715374,0.306,0.19133333333333333,0.11466666666666667
europe,60,deterministic,0.75,current_only,20260930,macro,0.09054621804910362,0.4751111111111111,0.21511111111111111,0.25999999999999995
europe,60,deterministic,0.75,current_only,20261001,macro,0.10609363392348854,0.6071111111111112,0.3171111111111111,0.29000000000000004
europe,60,deterministic,0.75,current_only,20261002,macro,0.09339296174504552,0.4817777777777778,0.22288888888888891,0.2588888888888889
europe,60,deterministic,0.75,independent,20260930,baron,0.18757763975155278,0.6526666666666666,0.406,0.24666666666666667
europe,60,deterministic,0.75,independent,20261001,baron,0.1577639751552795,0.5426666666666666,0.31333333333333335,0.22933333333333333
europe,60,deterministic,0.75,independent,20261002,baron,0.20745341614906831,0.718,0.458,0.26
europe,60,deterministic,0.75,independent,20260930,dragon,0.08784510577267839,0.578,0.12333333333333334,0.45466666666666666
europe,60,deterministic,0.75,independent,20261001,dragon,0.10595195410541412,0.66,0.156,0.504
europe,60,deterministic,0.75,independent,20261002,dragon,0.08121190390821083,0.5226666666666666,0.10466666666666667,0.418
europe,60,deterministic,0.75,independent,20260930,teamfight,0.01673682100621367,0.356,0.18333333333333332,0.17266666666666666
europe,60,deterministic,0.75,independent,20261001,teamfight,0.01894167167769092,0.39466666666666667,0.21266666666666667,0.182
europe,60,deterministic,0.75,independent,20261002,teamfight,0.031369011826017236,0.538,0.29533333333333334,0.24266666666666667
europe,60,deterministic,0.75,independent,20260930,macro,0.09738652217681494,0.5288888888888889,0.23755555555555555,0.29133333333333333
europe,60,deterministic,0.75,independent,20261001,macro,0.09421920031279485,0.5324444444444444,0.22733333333333336,0.3051111111111111
europe,60,deterministic,0.75,independent,20261002,macro,0.10667811062776546,0.5928888888888889,0.286,0.3068888888888889
europe,60,deterministic,0.75,pcgrad,20260930,baron,0.15031055900621118,0.5433333333333333,0.31066666666666665,0.23266666666666666
europe,60,deterministic,0.75,pcgrad,20261001,baron,0.14906832298136646,0.5733333333333334,0.3313333333333333,0.242
europe,60,deterministic,0.75,pcgrad,20261002,baron,0.19627329192546583,0.704,0.43866666666666665,0.2653333333333333
europe,60,deterministic,0.75,pcgrad,20260930,dragon,0.08264610971674435,0.5686666666666667,0.11066666666666666,0.458
europe,60,deterministic,0.75,pcgrad,20261001,dragon,0.09465758336321262,0.618,0.126,0.492
europe,60,deterministic,0.75,pcgrad,20261002,dragon,0.09770527070634637,0.6266666666666667,0.12533333333333332,0.5013333333333333
europe,60,deterministic,0.75,pcgrad,20260930,teamfight,0.03607937462417318,0.58,0.332,0.248
europe,60,deterministic,0.75,pcgrad,20261001,teamfight,0.03808378432551614,0.6413333333333333,0.37133333333333335,0.27
europe,60,deterministic,0.75,pcgrad,20261002,teamfight,0.030266586490278614,0.5086666666666667,0.2886666666666667,0.22
europe,60,deterministic,0.75,pcgrad,20260930,macro,0.08967868111570958,0.5640000000000001,0.2511111111111111,0.3128888888888889
europe,60,deterministic,0.75,pcgrad,20261001,macro,0.0939365635566984,0.6108888888888889,0.2762222222222222,0.33466666666666667
europe,60,deterministic,0.75,pcgrad,20261002,macro,0.10808171637403029,0.613111111111111,0.2842222222222222,0.32888888888888884
europe,60,deterministic,1.0,leagueews,20260930,baron,0.23043478260869565,0.864,0.5833333333333334,0.2806666666666667
europe,60,deterministic,1.0,leagueews,20261001,baron,0.2372670807453416,0.8253333333333334,0.5526666666666666,0.27266666666666667
europe,60,deterministic,1.0,leagueews,20261002,baron,0.2329192546583851,0.854,0.5773333333333334,0.27666666666666667
europe,60,deterministic,1.0,leagueews,20260930,dragon,0.09358192900681248,0.6166666666666667,0.124,0.49266666666666664
europe,60,deterministic,1.0,leagueews,20261001,dragon,0.10559340265328075,0.6686666666666666,0.144,0.5246666666666666
europe,60,deterministic,1.0,leagueews,20261002,dragon,0.10415919684474723,0.6446666666666667,0.138,0.5066666666666667
europe,60,deterministic,1.0,leagueews,20260930,teamfight,0.03918620966125476,0.6346666666666667,0.36666666666666664,0.268
europe,60,deterministic,1.0,leagueews,20261001,teamfight,0.05431950290639407,0.9386666666666666,0.5733333333333334,0.36533333333333334
europe,60,deterministic,1.0,leagueews,20261002,teamfight,0.037582681900180395,0.6326666666666667,0.37466666666666665,0.258
europe,60,deterministic,1.0,leagueews,20260930,macro,0.12106764042558764,0.705111111111111,0.35800000000000004,0.3471111111111111
europe,60,deterministic,1.0,leagueews,20261001,macro,0.1323933287683388,0.8108888888888889,0.42333333333333334,0.3875555555555555
europe,60,deterministic,1.0,leagueews,20261002,macro,0.1248870444677709,0.7104444444444445,0.36333333333333334,0.34711111111111115
europe,60,deterministic,1.0,gru,20260930,baron,0.19875776397515527,0.8313333333333334,0.668,0.16333333333333333
europe,60,deterministic,1.0,gru,20261001,baron,0.20993788819875778,0.8666666666666667,0.6833333333333333,0.18333333333333332
europe,60,deterministic,1.0,gru,20261002,baron,0.1360248447204969,0.762,0.654,0.108
europe,60,deterministic,1.0,gru,20260930,dragon,0.1479024740050197,0.5153333333333333,0.29933333333333334,0.216
europe,60,deterministic,1.0,gru,20261001,dragon,0.17282179992828972,0.672,0.464,0.208
europe,60,deterministic,1.0,gru,20261002,dragon,0.21961276443169594,0.99,0.6173333333333333,0.37266666666666665
europe,60,deterministic,1.0,gru,20260930,teamfight,0.02866305872920425,0.4726666666666667,0.33,0.14266666666666666
europe,60,deterministic,1.0,gru,20261001,teamfight,0.028462617759069955,0.44066666666666665,0.31533333333333335,0.12533333333333332
europe,60,deterministic,1.0,gru,20261002,teamfight,0.037582681900180395,0.6933333333333334,0.5473333333333333,0.146
europe,60,deterministic,1.0,gru,20260930,macro,0.12510776556979308,0.6064444444444445,0.43244444444444446,0.17400000000000002
europe,60,deterministic,1.0,gru,20261001,macro,0.13707410196203915,0.6597777777777778,0.4875555555555556,0.1722222222222222
europe,60,deterministic,1.0,gru,20261002,macro,0.13107343035079108,0.815111111111111,0.6062222222222222,0.20888888888888887
europe,60,deterministic,1.0,tcn,20260930,baron,0.22422360248447204,0.8413333333333334,0.568,0.2733333333333333
europe,60,deterministic,1.0,tcn,20261001,baron,0.21925465838509317,0.8173333333333334,0.5453333333333333,0.272
europe,60,deterministic,1.0,tcn,20261002,baron,0.26149068322981367,0.9413333333333334,0.6573333333333333,0.284
europe,60,deterministic,1.0,tcn,20260930,dragon,0.10882036572248117,0.682,0.156,0.526
europe,60,deterministic,1.0,tcn,20261001,dragon,0.08121190390821083,0.5453333333333333,0.104,0.44133333333333336
europe,60,deterministic,1.0,tcn,20261002,dragon,0.12979562567228398,0.738,0.172,0.566
europe,60,deterministic,1.0,tcn,20260930,teamfight,0.03668069753457607,0.6093333333333333,0.35733333333333334,0.252
europe,60,deterministic,1.0,tcn,20261001,teamfight,0.036881138504710365,0.6286666666666667,0.36733333333333335,0.2613333333333333
europe,60,deterministic,1.0,tcn,20261002,teamfight,0.032872319102024455,0.5453333333333333,0.31266666666666665,0.23266666666666666
europe,60,deterministic,1.0,tcn,20260930,macro,0.12324155524717643,0.7108888888888889,0.3604444444444444,0.3504444444444445
europe,60,deterministic,1.0,tcn,20261001,macro,0.11244923359933812,0.6637777777777778,0.33888888888888885,0.3248888888888889
europe,60,deterministic,1.0,tcn,20261002,macro,0.14138620933470736,0.7415555555555556,0.38066666666666665,0.3608888888888888
europe,60,deterministic,1.0,snapshot,20260930,baron,0.2062111801242236,0.7886666666666666,0.5473333333333333,0.24133333333333334
europe,60,deterministic,1.0,snapshot,20261001,baron,0.23664596273291927,0.8933333333333333,0.6366666666666667,0.25666666666666665
europe,60,deterministic,1.0,snapshot,20261002,baron,0.2341614906832298,0.8686666666666667,0.6166666666666667,0.252
europe,60,deterministic,1.0,snapshot,20260930,dragon,0.10290426676228039,0.5613333333333334,0.136,0.42533333333333334
europe,60,deterministic,1.0,snapshot,20261001,dragon,0.09017569021154535,0.49066666666666664,0.10666666666666667,0.384
europe,60,deterministic,1.0,snapshot,20261002,dragon,0.08999641448547867,0.46266666666666667,0.102,0.3606666666666667
europe,60,deterministic,1.0,snapshot,20260930,teamfight,0.03998797354179194,0.764,0.5266666666666666,0.23733333333333334
europe,60,deterministic,1.0,snapshot,20261001,teamfight,0.02214872719983965,0.4613333333333333,0.2986666666666667,0.16266666666666665
europe,60,deterministic,1.0,snapshot,20261002,teamfight,0.03998797354179194,0.724,0.5,0.224
europe,60,deterministic,1.0,snapshot,20260930,macro,0.11636780680943198,0.7046666666666667,0.4033333333333333,0.3013333333333334
europe,60,deterministic,1.0,snapshot,20261001,macro,0.11632346004810142,0.615111111111111,0.3473333333333333,0.2677777777777778
europe,60,deterministic,1.0,snapshot,20261002,macro,0.1213819595701668,0.6851111111111111,0.4062222222222222,0.2788888888888889
europe,60,deterministic,1.0,current_only,20260930,baron,0.253416149068323,0.9426666666666667,0.6793333333333333,0.2633333333333333
europe,60,deterministic,1.0,current_only,20261001,baron,0.25217391304347825,0.8813333333333333,0.628,0.25333333333333335
europe,60,deterministic,1.0,current_only,20261002,baron,0.2248447204968944,0.764,0.5226666666666666,0.24133333333333334
europe,60,deterministic,1.0,current_only,20260930,dragon,0.08515596988167802,0.5493333333333333,0.11066666666666666,0.43866666666666665
europe,60,deterministic,1.0,current_only,20261001,dragon,0.08318393689494442,0.5593333333333333,0.116,0.44333333333333336
europe,60,deterministic,1.0,current_only,20261002,dragon,0.09806382215847974,0.5693333333333334,0.12066666666666667,0.44866666666666666
europe,60,deterministic,1.0,current_only,20260930,teamfight,0.04209260372820205,0.75,0.5113333333333333,0.23866666666666667
europe,60,deterministic,1.0,current_only,20261001,teamfight,0.03447584686309882,0.5806666666666667,0.3893333333333333,0.19133333333333333
europe,60,deterministic,1.0,current_only,20261002,teamfight,0.04650230507115655,0.7386666666666667,0.5073333333333333,0.23133333333333334
europe,60,deterministic,1.0,current_only,20260930,macro,0.12688824089273434,0.7473333333333333,0.4337777777777778,0.31355555555555553
europe,60,deterministic,1.0,current_only,20261001,macro,0.12327789893384049,0.6737777777777777,0.37777777777777777,0.29600000000000004
europe,60,deterministic,1.0,current_only,20261002,macro,0.1231369492421769,0.6906666666666667,0.3835555555555555,0.3071111111111111
europe,60,deterministic,1.0,independent,20260930,baron,0.23478260869565218,0.818,0.5513333333333333,0.26666666666666666
europe,60,deterministic,1.0,independent,20261001,baron,0.2813664596273292,0.922,0.6386666666666667,0.2833333333333333
europe,60,deterministic,1.0,independent,20261002,baron,0.26583850931677017,0.898,0.6153333333333333,0.2826666666666667
europe,60,deterministic,1.0,independent,20260930,dragon,0.08784510577267839,0.578,0.12333333333333334,0.45466666666666666
europe,60,deterministic,1.0,independent,20261001,dragon,0.10595195410541412,0.66,0.156,0.504
europe,60,deterministic,1.0,independent,20261002,dragon,0.08121190390821083,0.5226666666666666,0.10466666666666667,0.418
europe,60,deterministic,1.0,independent,20260930,teamfight,0.04078973742232912,0.7173333333333334,0.41333333333333333,0.304
europe,60,deterministic,1.0,independent,20261001,teamfight,0.04910803768290239,0.8473333333333334,0.5066666666666667,0.3406666666666667
europe,60,deterministic,1.0,independent,20261002,teamfight,0.031369011826017236,0.538,0.29533333333333334,0.24266666666666667
europe,60,deterministic,1.0,independent,20260930,macro,0.12113915063021989,0.7044444444444444,0.3626666666666667,0.3417777777777778
europe,60,deterministic,1.0,independent,20261001,macro,0.14547548380521524,0.8097777777777778,0.4337777777777778,0.37600000000000006
europe,60,deterministic,1.0,independent,20261002,macro,0.12613980835033275,0.6528888888888889,0.3384444444444445,0.31444444444444447
europe,60,deterministic,1.0,pcgrad,20260930,baron,0.25590062111801243,0.9306666666666666,0.642,0.2886666666666667
europe,60,deterministic,1.0,pcgrad,20261001,baron,0.2602484472049689,0.9446666666666667,0.662,0.2826666666666667
europe,60,deterministic,1.0,pcgrad,20261002,baron,0.2422360248447205,0.872,0.5913333333333334,0.2806666666666667
europe,60,deterministic,1.0,pcgrad,20260930,dragon,0.08264610971674435,0.5686666666666667,0.11066666666666666,0.458
europe,60,deterministic,1.0,pcgrad,20261001,dragon,0.09465758336321262,0.618,0.126,0.492
europe,60,deterministic,1.0,pcgrad,20261002,dragon,0.09770527070634637,0.6266666666666667,0.12533333333333332,0.5013333333333333
europe,60,deterministic,1.0,pcgrad,20260930,teamfight,0.03607937462417318,0.58,0.332,0.248
europe,60,deterministic,1.0,pcgrad,20261001,teamfight,0.03808378432551614,0.6413333333333333,0.37133333333333335,0.27
europe,60,deterministic,1.0,pcgrad,20261002,teamfight,0.030266586490278614,0.5086666666666667,0.2886666666666667,0.22
europe,60,deterministic,1.0,pcgrad,20260930,macro,0.12487536848630998,0.6931111111111111,0.3615555555555556,0.33155555555555555
europe,60,deterministic,1.0,pcgrad,20261001,macro,0.1309966049645659,0.7346666666666666,0.3864444444444444,0.3482222222222222
europe,60,deterministic,1.0,pcgrad,20261002,macro,0.12340262734711517,0.6691111111111111,0.33511111111111114,0.334
europe,60,deterministic,mean,leagueews,20260930,baron,0.14363354037267081,0.5445,0.3205,0.22399999999999998
europe,60,deterministic,mean,leagueews,20261001,baron,0.13804347826086957,0.5051666666666667,0.2891666666666667,0.21600000000000003
europe,60,deterministic,mean,leagueews,20261002,baron,0.14937888198757765,0.5455,0.32199999999999995,0.22349999999999998
europe,60,deterministic,mean,leagueews,20260930,dragon,0.05333452850484044,0.3786666666666667,0.06933333333333333,0.3093333333333333
europe,60,deterministic,mean,leagueews,20261001,dragon,0.061133022588741495,0.42400000000000004,0.08299999999999999,0.34099999999999997
europe,60,deterministic,mean,leagueews,20261002,dragon,0.058712800286841164,0.3906666666666667,0.07700000000000001,0.31366666666666665
europe,60,deterministic,mean,leagueews,20260930,teamfight,0.02497995590298657,0.41933333333333334,0.23399999999999999,0.18533333333333335
europe,60,deterministic,mean,leagueews,20261001,teamfight,0.02450390859891762,0.44399999999999995,0.25416666666666665,0.18983333333333335
europe,60,deterministic,mean,leagueews,20261002,teamfight,0.024378632992583683,0.4186666666666667,0.23783333333333334,0.18083333333333335
europe,60,deterministic,mean,leagueews,20260930,macro,0.07398267492683261,0.4475,0.20794444444444446,0.23955555555555552
europe,60,deterministic,mean,leagueews,20261001,macro,0.0745601364828429,0.4577222222222222,0.20877777777777776,0.2489444444444444
europe,60,deterministic,mean,leagueews,20261002,macro,0.07749010508900084,0.45161111111111113,0.2122777777777778,0.23933333333333331
europe,60,deterministic,mean,gru,20260930,baron,0.09984472049689441,0.39916666666666667,0.30533333333333335,0.09383333333333334
europe,60,deterministic,mean,gru,20261001,baron,0.1281055900621118,0.5315000000000001,0.3975,0.134
europe,60,deterministic,mean,gru,20261002,baron,0.0827639751552795,0.4645,0.38883333333333336,0.07566666666666666
europe,60,deterministic,mean,gru,20260930,dragon,0.09295446396557905,0.30466666666666664,0.17566666666666667,0.129
europe,60,deterministic,mean,gru,20261001,dragon,0.12737540337038367,0.45433333333333337,0.31733333333333336,0.13699999999999998
europe,60,deterministic,mean,gru,20261002,dragon,0.1122266045177483,0.4348333333333333,0.27316666666666667,0.16166666666666665
europe,60,deterministic,mean,gru,20260930,teamfight,0.019342553617959512,0.31966666666666665,0.21400000000000002,0.10566666666666667
europe,60,deterministic,mean,gru,20261001,teamfight,0.024002806173581883,0.36816666666666664,0.25983333333333336,0.10833333333333331
europe,60,deterministic,mean,gru,20261002,teamfight,0.024027861294848667,0.4265,0.33316666666666667,0.09333333333333332
europe,60,deterministic,mean,gru,20260930,macro,0.07071391269347765,0.3411666666666666,0.2316666666666667,0.1095
europe,60,deterministic,mean,gru,20261001,macro,0.09316126653535911,0.45133333333333336,0.32488888888888895,0.12644444444444444
europe,60,deterministic,mean,gru,20261002,macro,0.07300614698929216,0.4419444444444444,0.33172222222222225,0.11022222222222222
europe,60,deterministic,mean,tcn,20260930,baron,0.13959627329192548,0.5483333333333333,0.32716666666666666,0.22116666666666665
europe,60,deterministic,mean,tcn,20261001,baron,0.13431677018633542,0.528,0.30733333333333335,0.22066666666666668
europe,60,deterministic,mean,tcn,20261002,baron,0.14518633540372672,0.5468333333333333,0.32766666666666666,0.21916666666666668
europe,60,deterministic,mean,tcn,20260930,dragon,0.06256722839727501,0.41366666666666674,0.086,0.32766666666666666
europe,60,deterministic,mean,tcn,20261001,dragon,0.0457153101470061,0.325,0.055999999999999994,0.269
europe,60,deterministic,mean,tcn,20261002,dragon,0.047239153818572965,0.314,0.061,0.253
europe,60,deterministic,mean,tcn,20260930,teamfight,0.022975546201643618,0.39616666666666667,0.22299999999999998,0.17316666666666666
europe,60,deterministic,mean,tcn,20261001,teamfight,0.0237773100821808,0.41600000000000004,0.23383333333333334,0.18216666666666664
europe,60,deterministic,mean,tcn,20261002,teamfight,0.020294648226097417,0.34883333333333333,0.193,0.15583333333333332
europe,60,deterministic,mean,tcn,20260930,macro,0.07504634929694803,0.45272222222222225,0.21205555555555555,0.24066666666666667
europe,60,deterministic,mean,tcn,20261001,macro,0.06793646347184078,0.42300000000000004,0.19905555555555554,0.22394444444444442
europe,60,deterministic,mean,tcn,20261002,macro,0.07090671248279903,0.4032222222222222,0.1938888888888889,0.20933333333333334
europe,60,deterministic,mean,snapshot,20260930,baron,0.13509316770186336,0.5061666666666667,0.31699999999999995,0.18916666666666665
europe,60,deterministic,mean,snapshot,20261001,baron,0.14580745341614906,0.5568333333333333,0.36033333333333334,0.1965
europe,60,deterministic,mean,snapshot,20261002,baron,0.14798136645962734,0.5483333333333333,0.3561666666666667,0.19216666666666665
europe,60,deterministic,mean,snapshot,20260930,dragon,0.05306561491574041,0.30200000000000005,0.069,0.233
europe,60,deterministic,mean,snapshot,20261001,dragon,0.045446396557906055,0.25266666666666665,0.05366666666666667,0.199
europe,60,deterministic,mean,snapshot,20261002,dragon,0.06812477590534242,0.3536666666666667,0.07666666666666666,0.277
europe,60,deterministic,mean,snapshot,20260930,teamfight,0.019167167769092004,0.3895,0.24883333333333332,0.14066666666666666
europe,60,deterministic,mean,snapshot,20261001,teamfight,0.01846562437362197,0.3885,0.24783333333333335,0.14066666666666666
europe,60,deterministic,mean,snapshot,20261002,teamfight,0.018340348767288035,0.37116666666666664,0.23883333333333334,0.13233333333333333
europe,60,deterministic,mean,snapshot,20260930,macro,0.0691086501288986,0.3992222222222222,0.21161111111111108,0.1876111111111111
europe,60,deterministic,mean,snapshot,20261001,macro,0.0699064914492257,0.3993333333333333,0.22061111111111112,0.17872222222222223
europe,60,deterministic,mean,snapshot,20261002,macro,0.07814883037741928,0.42438888888888887,0.2238888888888889,0.2005
europe,60,deterministic,mean,current_only,20260930,baron,0.15108695652173915,0.551,0.34750000000000003,0.2035
europe,60,deterministic,mean,current_only,20261001,baron,0.14875776397515528,0.5376666666666667,0.3393333333333334,0.19833333333333336
europe,60,deterministic,mean,current_only,20261002,baron,0.13524844720496895,0.4825,0.2925,0.19
europe,60,deterministic,mean,current_only,20260930,dragon,0.04705987809250628,0.32233333333333336,0.059,0.2633333333333333
europe,60,deterministic,mean,current_only,20261001,dragon,0.0465220509143062,0.33433333333333337,0.065,0.2693333333333333
europe,60,deterministic,mean,current_only,20261002,dragon,0.05333452850484044,0.33466666666666667,0.06566666666666668,0.269
europe,60,deterministic,mean,current_only,20260930,teamfight,0.020470034074964925,0.3616666666666667,0.22749999999999998,0.13416666666666666
europe,60,deterministic,mean,current_only,20261001,teamfight,0.021271797955502107,0.3695,0.2378333333333333,0.13166666666666668
europe,60,deterministic,mean,current_only,20261002,teamfight,0.021998396472238925,0.36650000000000005,0.238,0.1285
europe,60,deterministic,mean,current_only,20260930,macro,0.07287228956307011,0.4116666666666667,0.21133333333333335,0.20033333333333334
europe,60,deterministic,mean,current_only,20261001,macro,0.0721838709483212,0.41383333333333333,0.21405555555555555,0.1997777777777778
europe,60,deterministic,mean,current_only,20261002,macro,0.07019379072734944,0.39455555555555555,0.19872222222222222,0.19583333333333333
europe,60,deterministic,mean,independent,20260930,baron,0.14736024844720497,0.5241666666666667,0.31000000000000005,0.21416666666666667
europe,60,deterministic,mean,independent,20261001,baron,0.15046583850931677,0.521,0.3056666666666667,0.21533333333333335
europe,60,deterministic,mean,independent,20261002,baron,0.1604037267080745,0.5621666666666667,0.3373333333333333,0.22483333333333333
europe,60,deterministic,mean,independent,20260930,dragon,0.04974901398350663,0.3483333333333333,0.06833333333333333,0.28
europe,60,deterministic,mean,independent,20261001,dragon,0.06265686626030835,0.42166666666666663,0.092,0.32966666666666666
europe,60,deterministic,mean,independent,20261002,dragon,0.045177482968806026,0.31599999999999995,0.05866666666666667,0.2573333333333333
europe,60,deterministic,mean,independent,20260930,teamfight,0.019968931649629186,0.39766666666666667,0.21366666666666667,0.184
europe,60,deterministic,mean,independent,20261001,teamfight,0.022925435959110042,0.45100000000000007,0.25250000000000006,0.1985
europe,60,deterministic,mean,independent,20261002,teamfight,0.020845860893966728,0.387,0.20633333333333334,0.18066666666666667
europe,60,deterministic,mean,independent,20260930,macro,0.07235939802678025,0.42338888888888887,0.19733333333333336,0.22605555555555557
europe,60,deterministic,mean,independent,20261001,macro,0.07868271357624505,0.4645555555555556,0.21672222222222226,0.24783333333333335
europe,60,deterministic,mean,independent,20261002,macro,0.07547569019028243,0.42172222222222217,0.2007777777777778,0.22094444444444442
europe,60,deterministic,mean,pcgrad,20260930,baron,0.14301242236024847,0.5326666666666667,0.31,0.22266666666666668
europe,60,deterministic,mean,pcgrad,20261001,baron,0.14254658385093166,0.5466666666666666,0.32,0.22666666666666668
europe,60,deterministic,mean,pcgrad,20261002,baron,0.15248447204968946,0.5673333333333334,0.3373333333333334,0.22999999999999998
europe,60,deterministic,mean,pcgrad,20260930,dragon,0.04732879168160631,0.345,0.06133333333333333,0.2836666666666667
europe,60,deterministic,mean,pcgrad,20261001,dragon,0.05512728576550735,0.3913333333333333,0.07300000000000001,0.31833333333333336
europe,60,deterministic,mean,pcgrad,20261002,dragon,0.0552169236285407,0.38033333333333336,0.071,0.30933333333333335
europe,60,deterministic,mean,pcgrad,20260930,teamfight,0.02259971938264181,0.382,0.21033333333333337,0.17166666666666666
europe,60,deterministic,mean,pcgrad,20261001,teamfight,0.023977751052315095,0.421,0.2375,0.1835
europe,60,deterministic,mean,pcgrad,20261002,teamfight,0.021046301864101023,0.3643333333333334,0.19933333333333336,0.165
europe,60,deterministic,mean,pcgrad,20260930,macro,0.07098031114149887,0.4198888888888889,0.19388888888888892,0.22599999999999998
europe,60,deterministic,mean,pcgrad,20261001,macro,0.07388387355625137,0.453,0.2101666666666667,0.24283333333333335
europe,60,deterministic,mean,pcgrad,20261002,macro,0.0762492325141104,0.43733333333333335,0.2025555555555556,0.23477777777777778
europe,60,matched_early_mixture,0.25,leagueews,20260930,baron,0.07278726708074534,0.2509765625,0.142578125,0.1083984375
europe,60,matched_early_mixture,0.25,leagueews,20261001,baron,0.06605172893297484,0.24796472184531923,0.13263229308005392,0.11533242876526424
europe,60,matched_early_mixture,0.25,leagueews,20261002,baron,0.07249642416286219,0.251840168243955,0.15168243953732938,0.10015772870662515
europe,60,matched_early_mixture,0.25,leagueews,20260930,dragon,0.05439262492930619,0.24969072164948503,0.1093814432989689,0.14030927835051737
europe,60,matched_early_mixture,0.25,leagueews,20261001,dragon,0.05585642957674859,0.2478951396861853,0.11681974741676204,0.13107539226942175
europe,60,matched_early_mixture,0.25,leagueews,20261002,dragon,0.05607465821531574,0.2511377741001241,0.11336367397600342,0.13777410012412125
europe,60,matched_early_mixture,0.25,leagueews,20260930,teamfight,0.015041225185647015,0.2384761388286334,0.15143709327548777,0.08703904555314546
europe,60,matched_early_mixture,0.25,leagueews,20261001,teamfight,0.014335194985237639,0.24145900321543393,0.1588625401929262,0.08259646302250807
europe,60,matched_early_mixture,0.25,leagueews,20261002,teamfight,0.015205528267392495,0.24020705092333552,0.15332960268606743,0.08687744823726952
europe,60,matched_early_mixture,0.25,leagueews,20260930,macro,0.04740703906523285,0.24638114099270614,0.13446555385815223,0.11191558713455428
europe,60,matched_early_mixture,0.25,leagueews,20261001,macro,0.045414451164987026,0.24577295491564613,0.13610486022991405,0.10966809468573135
europe,60,matched_early_mixture,0.25,leagueews,20261002,macro,0.04792553688185681,0.2477283310891382,0.13945857206646675,0.10826975902267198
europe,60,matched_early_mixture,0.25,gru,20260930,baron,0.05848341686851004,0.22098841698841715,0.15686486486486517,0.0641235521235523
europe,60,matched_early_mixture,0.25,gru,20261001,baron,0.057321393334022315,0.23533535047907173,0.15215027735753892,0.08318507312153303
europe,60,matched_early_mixture,0.25,gru,20261002,baron,0.041554912478825604,0.23693181818181844,0.1997159090909095,0.037215909090909
europe,60,matched_early_mixture,0.25,gru,20260930,dragon,0.08014839881589146,0.2555691460055105,0.14684517906336128,0.10872396694214907
europe,60,matched_early_mixture,0.25,gru,20261001,dragon,0.08788668568897595,0.26520112044817773,0.18989355742296884,0.07530756302520994
europe,60,matched_early_mixture,0.25,gru,20261002,dragon,0.07885506570192827,0.2581548117154814,0.1636220362622033,0.09453277545327754
europe,60,matched_early_mixture,0.25,gru,20260930,teamfight,0.015122639886490404,0.25039501312335877,0.1614803149606295,0.08891469816272937
europe,60,matched_early_mixture,0.25,gru,20261001,teamfight,0.016717804811611257,0.2576205128205129,0.17915213675213731,0.07846837606837645
europe,60,matched_early_mixture,0.25,gru,20261002,teamfight,0.014059708336758108,0.226019184652279,0.17086330935251742,0.05515587529976
europe,60,matched_early_mixture,0.25,gru,20260930,macro,0.0512514851902973,0.2423175253724288,0.155063452962952,0.08725407240947691
europe,60,matched_early_mixture,0.25,gru,20261001,macro,0.0539752946115365,0.25271899458258745,0.1737319905108817,0.07898700407170647
europe,60,matched_early_mixture,0.25,gru,20261002,macro,0.04482322883917066,0.24036860484985959,0.17806708490187675,0.062301519947982185
europe,60,matched_early_mixture,0.25,tcn,20260930,baron,0.06858828303005683,0.26281407035175774,0.16758793969849187,0.09522613065326584
europe,60,matched_early_mixture,0.25,tcn,20261001,baron,0.06944298724190023,0.2588682432432419,0.1727195945945942,0.08614864864864807
europe,60,matched_early_mixture,0.25,tcn,20261002,baron,0.07276035866407968,0.26337461491065944,0.17097966728280936,0.09239494762784912
europe,60,matched_early_mixture,0.25,tcn,20260930,dragon,0.05410801651649919,0.25000000000000033,0.11360887096774218,0.13639112903225775
europe,60,matched_early_mixture,0.25,tcn,20261001,dragon,0.05377327562937872,0.2513167134831458,0.12640449438202248,0.12491221910112374
europe,60,matched_early_mixture,0.25,tcn,20261002,dragon,0.053767155691008116,0.24913194444444506,0.11641589506172795,0.13271604938271495
europe,60,matched_early_mixture,0.25,tcn,20260930,teamfight,0.014919440911101875,0.236002239641657,0.15215565509518458,0.08384658454647215
europe,60,matched_early_mixture,0.25,tcn,20261001,teamfight,0.013793860005525701,0.23081081081081076,0.14581081081081101,0.08500000000000012
europe,60,matched_early_mixture,0.25,tcn,20261002,teamfight,0.014103550976796152,0.24331789023521014,0.16803278688524687,0.07528510334996433
europe,60,matched_early_mixture,0.25,tcn,20260930,macro,0.045871913485885964,0.24960543666447169,0.14445082192047287,0.10515461474399858
europe,60,matched_early_mixture,0.25,tcn,20261001,macro,0.04567004095893489,0.24699858917906617,0.1483116332624759,0.09868695591659064
europe,60,matched_early_mixture,0.25,tcn,20261002,macro,0.04687702177729466,0.2519414831967715,0.1518094497432614,0.10013203345350948
europe,60,matched_early_mixture,0.25,snapshot,20260930,baron,0.06682426377429602,0.24461028192371415,0.13764510779436134,0.10696517412935323
europe,60,matched_early_mixture,0.25,snapshot,20261001,baron,0.06595204701796567,0.2441756272401448,0.13172043010752726,0.11245519713261751
europe,60,matched_early_mixture,0.25,snapshot,20261002,baron,0.07233105059192015,0.25783475783475945,0.15562678062678117,0.10220797720797824
europe,60,matched_early_mixture,0.25,snapshot,20260930,dragon,0.05435778761339821,0.2523421588594703,0.11608961303462303,0.13625254582484672
europe,60,matched_early_mixture,0.25,snapshot,20261001,dragon,0.05483227507704306,0.254008438818566,0.11508438818565347,0.13892405063291205
europe,60,matched_early_mixture,0.25,snapshot,20261002,dragon,0.05437590956066902,0.2525154798761615,0.1218072755417958,0.13070820433436495
europe,60,matched_early_mixture,0.25,snapshot,20260930,teamfight,0.013323302682209891,0.24248927038626603,0.176502145922747,0.06598712446351937
europe,60,matched_early_mixture,0.25,snapshot,20261001,teamfight,0.013026761341744986,0.24399114484503526,0.1710942441492729,0.07289690069576252
europe,60,matched_early_mixture,0.25,snapshot,20261002,teamfight,0.01306578989339901,0.24057430951337097,0.17558088557649962,0.06499342393686927
europe,60,matched_early_mixture,0.25,snapshot,20260930,macro,0.044835118023301375,0.24648057038981683,0.1434122889172438,0.10306828147257312
europe,60,matched_early_mixture,0.25,snapshot,20261001,macro,0.044603694478917905,0.24739173696791536,0.1392996874808179,0.10809204948709734
europe,60,matched_early_mixture,0.25,snapshot,20261002,macro,0.04659091668199606,0.2503081824080973,0.1510049805816922,0.09930320182640413
europe,60,matched_early_mixture,0.25,current_only,20260930,baron,0.07401172577930018,0.2532126168224298,0.15771028037383228,0.09550233644859865
europe,60,matched_early_mixture,0.25,current_only,20261001,baron,0.07029816882824311,0.2555051813471504,0.15284974093264267,0.10265544041450812
europe,60,matched_early_mixture,0.25,current_only,20261002,baron,0.07129354577369712,0.27086956521739164,0.1482608695652173,0.12260869565217396
europe,60,matched_early_mixture,0.25,current_only,20260930,dragon,0.0538294244789912,0.25206252713851524,0.1069257490230135,0.14513677811550166
europe,60,matched_early_mixture,0.25,current_only,20261001,dragon,0.0549040523479609,0.2500960799385099,0.11817832436587254,0.131917755572637
europe,60,matched_early_mixture,0.25,current_only,20261002,dragon,0.05592559233562905,0.2510029175784099,0.12417943107220968,0.12682348650619973
europe,60,matched_early_mixture,0.25,current_only,20260930,teamfight,0.013607522756961882,0.2424568965517239,0.16530172413793076,0.07715517241379269
europe,60,matched_early_mixture,0.25,current_only,20261001,teamfight,0.014324791407162477,0.24695606140815204,0.17496029645314937,0.07199576495500234
europe,60,matched_early_mixture,0.25,current_only,20261002,teamfight,0.013742354391783092,0.23181818181818054,0.1449494949494942,0.08686868686868636
europe,60,matched_early_mixture,0.25,current_only,20260930,macro,0.04714955767175109,0.24924401350422298,0.14331258451159218,0.10593142899263101
europe,60,matched_early_mixture,0.25,current_only,20261001,macro,0.04650900419445549,0.25085244089793746,0.14866278725055485,0.10218965364738249
europe,60,matched_early_mixture,0.25,current_only,20261002,macro,0.04698716416703642,0.251230221537994,0.13912993186230704,0.11210028967568669
europe,60,matched_early_mixture,0.25,independent,20260930,baron,0.07367655084591568,0.25669456066945545,0.17301255230125465,0.08368200836820038
europe,60,matched_early_mixture,0.25,independent,20261001,baron,0.07569875776397522,0.26919642857142767,0.13214285714285742,0.13705357142857125
europe,60,matched_early_mixture,0.25,independent,20261002,baron,0.07710112096719612,0.2668483647175424,0.1702180376610509,0.09663032705649179
europe,60,matched_early_mixture,0.25,independent,20260930,dragon,0.05254686753146867,0.251468555632343,0.1259502418797512,0.12551831375259156
europe,60,matched_early_mixture,0.25,independent,20261001,dragon,0.05455459941834995,0.24796296296296266,0.11999999999999962,0.12796296296296286
europe,60,matched_early_mixture,0.25,independent,20261002,dragon,0.053945367168253155,0.25045821114369443,0.12133431085043994,0.1291239002932553
europe,60,matched_early_mixture,0.25,independent,20260930,teamfight,0.014316309200119186,0.238269424823411,0.1506054490413725,0.08766397578203847
europe,60,matched_early_mixture,0.25,independent,20261001,teamfight,0.013570754702349561,0.2341562269712612,0.1400147383935148,0.09414148857774525
europe,60,matched_early_mixture,0.25,independent,20261002,teamfight,0.014947143643814225,0.24082430806257435,0.15237665463297137,0.08844765342960255
europe,60,matched_early_mixture,0.25,independent,20260930,macro,0.04684657585916785,0.2488108470417365,0.1498560810741261,0.09895476596761014
europe,60,matched_early_mixture,0.25,independent,20261001,macro,0.04794137062822491,0.25043853950188383,0.13071919851212396,0.11971934098975978
europe,60,matched_early_mixture,0.25,independent,20261002,macro,0.04866454392642117,0.2527102946412704,0.14797633438148738,0.10473396025978321
europe,60,matched_early_mixture,0.25,pcgrad,20260930,baron,0.06882351602848509,0.24877899877899798,0.14224664224664202,0.10653235653235595
europe,60,matched_early_mixture,0.25,pcgrad,20261001,baron,0.07115790073508463,0.2573394495412832,0.16720183486238493,0.09013761467889847
europe,60,matched_early_mixture,0.25,pcgrad,20261002,baron,0.07269988740837978,0.25330132052821064,0.14375750300120088,0.10954381752701094
europe,60,matched_early_mixture,0.25,pcgrad,20260930,dragon,0.05358034158738772,0.25256975036710694,0.12178781204111588,0.13078193832599144
europe,60,matched_early_mixture,0.25,pcgrad,20261001,dragon,0.05377804755968929,0.24930531434525718,0.12556443209447737,0.1237408822507803
europe,60,matched_early_mixture,0.25,pcgrad,20261002,dragon,0.05413385634766777,0.2514508523757708,0.12386652158142927,0.12758433079434117
europe,60,matched_early_mixture,0.25,pcgrad,20260930,teamfight,0.0144578672873497,0.2444846604619093,0.1666666666666669,0.07781799379524308
europe,60,matched_early_mixture,0.25,pcgrad,20261001,teamfight,0.011617882994039165,0.23340248962655627,0.12344398340248976,0.10995850622406658
europe,60,matched_early_mixture,0.25,pcgrad,20261002,teamfight,0.015006249275765915,0.24563838223632029,0.16673275178429903,0.07890563045202184
europe,60,matched_early_mixture,0.25,pcgrad,20260930,macro,0.045620574967740836,0.24861113653600475,0.1435670403181416,0.10504409621786348
europe,60,matched_early_mixture,0.25,pcgrad,20261001,macro,0.04551794376293769,0.24668241783769887,0.138736750119784,0.1079456677179151
europe,60,matched_early_mixture,0.25,pcgrad,20261002,macro,0.04727999767727115,0.25013018504676726,0.1447855921223097,0.10534459292445797
europe,60,matched_early_mixture,0.5,leagueews,20260930,baron,0.1455745341614907,0.501953125,0.28515625,0.216796875
europe,60,matched_early_mixture,0.5,leagueews,20261001,baron,0.13272465545277667,0.4960371959942759,0.2681430615164523,0.22789413447782492
europe,60,matched_early_mixture,0.5,leagueews,20261002,baron,0.14499284832572437,0.50368033648791,0.30336487907465876,0.2003154574132503
europe,60,matched_early_mixture,0.5,leagueews,20260930,dragon,0.10878524985861238,0.49938144329897005,0.2187628865979378,0.28061855670103475
europe,60,matched_early_mixture,0.5,leagueews,20261001,dragon,0.11171285915349718,0.4957902793723706,0.2336394948335241,0.2621507845388435
europe,60,matched_early_mixture,0.5,leagueews,20261002,dragon,0.11214931643063147,0.5022755482002482,0.22672734795200683,0.2755482002482425
europe,60,matched_early_mixture,0.5,leagueews,20260930,teamfight,0.030082450371294044,0.47695227765726683,0.3028741865509756,0.1740780911062909
europe,60,matched_early_mixture,0.5,leagueews,20261001,teamfight,0.028670389970475288,0.4829180064308681,0.3177250803858526,0.16519292604501615
europe,60,matched_early_mixture,0.5,leagueews,20261002,teamfight,0.03041105653478499,0.48041410184667105,0.30665920537213487,0.17375489647453904
europe,60,matched_early_mixture,0.5,leagueews,20260930,macro,0.0948140781304657,0.4927622819854123,0.2689311077163045,0.22383117426910856
europe,60,matched_early_mixture,0.5,leagueews,20261001,macro,0.09103596819224972,0.49158182726583816,0.2731692122452763,0.21841261502056153
europe,60,matched_early_mixture,0.5,leagueews,20261002,macro,0.09585107376371362,0.4954566621782764,0.2789171441329335,0.21653951804534396
europe,60,matched_early_mixture,0.5,gru,20260930,baron,0.11603875392695263,0.455061776061777,0.34605405405405465,0.10900772200772235
europe,60,matched_early_mixture,0.5,gru,20261001,baron,0.11722498379079335,0.47285426122037216,0.34730912758446886,0.1255451336359056
europe,60,matched_early_mixture,0.5,gru,20261002,baron,0.08310982495765121,0.4738636363636369,0.399431818181819,0.074431818181818
europe,60,matched_early_mixture,0.5,gru,20260930,dragon,0.14815029633222934,0.5167285067873286,0.30026546003016547,0.21646304675716502
europe,60,matched_early_mixture,0.5,gru,20261001,dragon,0.1451720595014628,0.5395708683473379,0.3747675070028004,0.16480336134453713
europe,60,matched_early_mixture,0.5,gru,20261002,dragon,0.13672870693308076,0.5217454545454518,0.32689696969696846,0.19484848484848385
europe,60,matched_early_mixture,0.5,gru,20260930,teamfight,0.028892527619960622,0.47687385482734296,0.33340380549682924,0.14347004933051472
europe,60,matched_early_mixture,0.5,gru,20261001,teamfight,0.031558145869631044,0.5180600732600733,0.3881264957264955,0.1299335775335775
europe,60,matched_early_mixture,0.5,gru,20261002,teamfight,0.027054363349368556,0.48131145833333433,0.3759249999999991,0.1053864583333329
europe,60,matched_early_mixture,0.5,gru,20260930,macro,0.09769385929304754,0.48288804589214956,0.3265744398603498,0.1563136060318007
europe,60,matched_early_mixture,0.5,gru,20261001,macro,0.09798506305396242,0.5101617342759278,0.37006771010458833,0.1400940241713401
europe,60,matched_early_mixture,0.5,gru,20261002,macro,0.08229763174670017,0.4923068497474743,0.3674179292929289,0.12488892045454492
europe,60,matched_early_mixture,0.5,tcn,20260930,baron,0.1371765660601137,0.5256281407035155,0.3351758793969838,0.19045226130653167
europe,60,matched_early_mixture,0.5,tcn,20261001,baron,0.13888597448380047,0.5177364864864838,0.3454391891891884,0.17229729729729615
europe,60,matched_early_mixture,0.5,tcn,20261002,baron,0.14552071732815935,0.5260825631546522,0.3419593345656187,0.1841232285890316
europe,60,matched_early_mixture,0.5,tcn,20260930,dragon,0.10821603303299836,0.5000000000000006,0.22721774193548433,0.2727822580645155
europe,60,matched_early_mixture,0.5,tcn,20261001,dragon,0.10754655125875745,0.5026334269662917,0.25280898876404506,0.2498244382022477
europe,60,matched_early_mixture,0.5,tcn,20261002,dragon,0.10753431138201623,0.4982638888888901,0.2328317901234559,0.2654320987654299
europe,60,matched_early_mixture,0.5,tcn,20260930,teamfight,0.02983888182220374,0.47200447928331385,0.30431131019036894,0.1676931690929443
europe,60,matched_early_mixture,0.5,tcn,20261001,teamfight,0.027587720011051402,0.4616216216216213,0.29162162162162203,0.17000000000000015
europe,60,matched_early_mixture,0.5,tcn,20261002,teamfight,0.028207101953592315,0.48663578047042044,0.33606557377049384,0.15057020669992868
europe,60,matched_early_mixture,0.5,tcn,20260930,macro,0.09174382697177193,0.4992108733289433,0.2889016438409457,0.21030922948799716
europe,60,matched_early_mixture,0.5,tcn,20261001,macro,0.09134008191786978,0.4939971783581323,0.2966232665249518,0.19737391183318134
europe,60,matched_early_mixture,0.5,tcn,20261002,macro,0.09375404355458931,0.5036607441713209,0.3036188994865228,0.20004184468479672
europe,60,matched_early_mixture,0.5,snapshot,20260930,baron,0.13265722049689452,0.49422569444444436,0.30453125,0.18969444444444375
europe,60,matched_early_mixture,0.5,snapshot,20261001,baron,0.13064026525942213,0.49662656641603903,0.3066766917293233,0.18994987468671598
europe,60,matched_early_mixture,0.5,snapshot,20261002,baron,0.14269660774008563,0.5111712820512805,0.31535794871794787,0.19581333333333298
europe,60,matched_early_mixture,0.5,snapshot,20260930,dragon,0.10871557522679642,0.5046843177189406,0.23217922606924607,0.27250509164969344
europe,60,matched_early_mixture,0.5,snapshot,20261001,dragon,0.10966455015408642,0.5080168776371319,0.23016877637130817,0.27784810126582554
europe,60,matched_early_mixture,0.5,snapshot,20261002,dragon,0.10875181912133804,0.505030959752323,0.2436145510835916,0.2614164086687299
europe,60,matched_early_mixture,0.5,snapshot,20260930,teamfight,0.026646605364419783,0.48497854077253205,0.353004291845494,0.13197424892703874
europe,60,matched_early_mixture,0.5,snapshot,20261001,teamfight,0.026053522683489972,0.4879822896900705,0.3421884882985458,0.14579380139152504
europe,60,matched_early_mixture,0.5,snapshot,20261002,teamfight,0.026131579786798028,0.481148619026742,0.35116177115299935,0.12998684787373857
europe,60,matched_early_mixture,0.5,snapshot,20260930,macro,0.08933980036270357,0.49462951764530566,0.29657158930491334,0.19805792834039196
europe,60,matched_early_mixture,0.5,snapshot,20261001,macro,0.08878611269899951,0.4975419112477471,0.2930113187997258,0.20453059244802219
europe,60,matched_early_mixture,0.5,snapshot,20261002,macro,0.09252666888274057,0.4991169536101152,0.3033780903181796,0.19573886329193382
europe,60,matched_early_mixture,0.5,current_only,20260930,baron,0.14802345155860036,0.5064252336448596,0.31542056074766456,0.1910046728971973
europe,60,matched_early_mixture,0.5,current_only,20261001,baron,0.14059633765648621,0.5110103626943008,0.30569948186528534,0.20531088082901625
europe,60,matched_early_mixture,0.5,current_only,20261002,baron,0.14387641344163057,0.519635327635328,0.315680911680912,0.20395441595441685
europe,60,matched_early_mixture,0.5,current_only,20260930,dragon,0.1076588489579824,0.5041250542770305,0.213851498046027,0.2902735562310033
europe,60,matched_early_mixture,0.5,current_only,20261001,dragon,0.1098081046959218,0.5001921598770199,0.23635664873174514,0.2638355111452741
europe,60,matched_early_mixture,0.5,current_only,20261002,dragon,0.1118511846712581,0.5020058351568198,0.24835886214441935,0.25364697301239947
europe,60,matched_early_mixture,0.5,current_only,20260930,teamfight,0.027215045513923765,0.4849137931034478,0.3306034482758615,0.15431034482758538
europe,60,matched_early_mixture,0.5,current_only,20261001,teamfight,0.028649582814324955,0.493912122816304,0.34992059290629873,0.14399152991000463
europe,60,matched_early_mixture,0.5,current_only,20261002,teamfight,0.02921557595162652,0.4749586523736593,0.3147330270546184,0.16022562531903936
europe,60,matched_early_mixture,0.5,current_only,20260930,macro,0.09429911534350217,0.49848802700844597,0.28662516902318436,0.21186285798526203
europe,60,matched_early_mixture,0.5,current_only,20261001,macro,0.09301800838891099,0.5017048817958749,0.29732557450110975,0.20437930729476497
europe,60,matched_early_mixture,0.5,current_only,20261002,macro,0.09498105802150507,0.4988666050552691,0.29292426695998325,0.20594233809528525
europe,60,matched_early_mixture,0.5,independent,20260930,baron,0.14735310169183136,0.5133891213389109,0.3460251046025093,0.16736401673640075
europe,60,matched_early_mixture,0.5,independent,20261001,baron,0.15591394268396228,0.5344396782841815,0.30973726541554897,0.22470241286863257
europe,60,matched_early_mixture,0.5,independent,20261002,baron,0.15420224193439225,0.5336967294350848,0.3404360753221018,0.19326065411298357
europe,60,matched_early_mixture,0.5,independent,20260930,dragon,0.10509373506293736,0.502937111264686,0.2519004837595024,0.25103662750518313
europe,60,matched_early_mixture,0.5,independent,20261001,dragon,0.10910919883669991,0.49592592592592544,0.23999999999999924,0.2559259259259256
europe,60,matched_early_mixture,0.5,independent,20261002,dragon,0.10789073433650631,0.5009164222873889,0.24266862170087988,0.2582478005865106
europe,60,matched_early_mixture,0.5,independent,20260930,teamfight,0.02863261840023837,0.476538849646822,0.301210898082745,0.17532795156407696
europe,60,matched_early_mixture,0.5,independent,20261001,teamfight,0.027141509404699123,0.4683124539425224,0.2800294767870296,0.1882829771554905
europe,60,matched_early_mixture,0.5,independent,20261002,teamfight,0.02989428728762845,0.4816486161251487,0.30475330926594274,0.1768953068592051
europe,60,matched_early_mixture,0.5,independent,20260930,macro,0.0936931517183357,0.497621694083473,0.2997121621482522,0.1979095319352203
europe,60,matched_early_mixture,0.5,independent,20261001,macro,0.09738821697512044,0.4995593527175431,0.27658891406752595,0.22297043865001623
europe,60,matched_early_mixture,0.5,independent,20261002,macro,0.09732908785284233,0.5054205892825409,0.29595266876297477,0.20946792051956642
europe,60,matched_early_mixture,0.5,pcgrad,20260930,baron,0.13764703205697018,0.49755799755799596,0.28449328449328404,0.2130647130647119
europe,60,matched_early_mixture,0.5,pcgrad,20261001,baron,0.14231580147016926,0.5146788990825664,0.33440366972476987,0.18027522935779688
europe,60,matched_early_mixture,0.5,pcgrad,20261002,baron,0.14539977481675956,0.5066026410564213,0.28751500600240176,0.21908763505402187
europe,60,matched_early_mixture,0.5,pcgrad,20260930,dragon,0.10716068317477544,0.5051395007342139,0.24357562408223177,0.2615638766519829
europe,60,matched_early_mixture,0.5,pcgrad,20261001,dragon,0.10755609511937858,0.49861062869051453,0.2511288641889548,0.2474817645015606
europe,60,matched_early_mixture,0.5,pcgrad,20261002,dragon,0.10826771269533554,0.5029017047515416,0.24773304316285855,0.25516866158868234
europe,60,matched_early_mixture,0.5,pcgrad,20260930,teamfight,0.0289157345746994,0.4889693209238188,0.3333333333333338,0.15563598759048616
europe,60,matched_early_mixture,0.5,pcgrad,20261001,teamfight,0.02632002744632157,0.4762314681970358,0.27735054997608694,0.1988809182209465
europe,60,matched_early_mixture,0.5,pcgrad,20261002,teamfight,0.030012498551531826,0.4912767644726406,0.33346550356859805,0.15781126090404363
europe,60,matched_early_mixture,0.5,pcgrad,20260930,macro,0.09124114993548167,0.49722227307200956,0.2871340806362832,0.21008819243572696
europe,60,matched_early_mixture,0.5,pcgrad,20261001,macro,0.09206397467862314,0.4965069986567056,0.2876276946299372,0.20887930402676802
europe,60,matched_early_mixture,0.5,pcgrad,20261002,macro,0.0945599953545423,0.5002603700935345,0.2895711842446194,0.21068918584891594
europe,60,matched_early_mixture,0.75,leagueews,20260930,baron,0.21414126823631388,0.7940465116279093,0.5223669250645998,0.27167958656330743
europe,60,matched_early_mixture,0.75,leagueews,20261001,baron,0.21667714436593172,0.7575438596491201,0.4938164642375163,0.26372739541160534
europe,60,matched_early_mixture,0.75,leagueews,20261002,baron,0.2148588936595947,0.7620626398210325,0.49580089485458795,0.26626174496644367
europe,60,matched_early_mixture,0.75,leagueews,20260930,dragon,0.16317787478791856,0.7490721649484524,0.3281443298969067,0.4209278350515443
europe,60,matched_early_mixture,0.75,leagueews,20261001,dragon,0.16756928873024662,0.7436854190585541,0.35045924225028635,0.3932261768082664
europe,60,matched_early_mixture,0.75,leagueews,20261002,dragon,0.16822397464594738,0.7534133223003743,0.3400910219280101,0.41332230037236156
europe,60,matched_early_mixture,0.75,leagueews,20260930,teamfight,0.045123675556940995,0.7154284164859006,0.45431127982646285,0.26111713665943537
europe,60,matched_early_mixture,0.75,leagueews,20261001,teamfight,0.04300558495571273,0.7243770096463013,0.4765876205787769,0.24778938906752368
europe,60,matched_early_mixture,0.75,leagueews,20261002,teamfight,0.045616584802177625,0.7206211527700046,0.4599888080582024,0.2606323447118077
europe,60,matched_early_mixture,0.75,leagueews,20260930,macro,0.14081427286039114,0.7528490310207542,0.4349408449293231,0.317908186091429
europe,60,matched_early_mixture,0.75,leagueews,20261001,macro,0.14241733935063036,0.7418687627846584,0.44028777568885985,0.30158098709579845
europe,60,matched_early_mixture,0.75,leagueews,20261002,macro,0.14289981770257323,0.7453657049638038,0.43196024161360014,0.3134054633502043
europe,60,matched_early_mixture,0.75,gru,20260930,baron,0.17256412687876327,0.7115699745547072,0.5652824427480928,0.14628753180661605
europe,60,matched_early_mixture,0.75,gru,20261001,baron,0.1741852465912744,0.7136387782204512,0.5486560424966805,0.1649827357237718
europe,60,matched_early_mixture,0.75,gru,20261002,baron,0.1285968010392561,0.7236034858387825,0.6189226579520717,0.1046808278867101
europe,60,matched_early_mixture,0.75,gru,20260930,dragon,0.19461698268407368,0.7783235294117643,0.4750392156862743,0.30328431372549053
europe,60,matched_early_mixture,0.75,gru,20261001,dragon,0.19311352835182813,0.7996857749469264,0.5473664543524412,0.25231932059448203
europe,60,matched_early_mixture,0.75,gru,20261002,dragon,0.18439975227354236,0.79106363636363,0.49394242424242496,0.2971212121212084
europe,60,matched_early_mixture,0.75,gru,20260930,teamfight,0.04323433329222823,0.739823114869625,0.5461416490486279,0.19368146582100162
europe,60,matched_early_mixture,0.75,gru,20261001,teamfight,0.046398486927651195,0.7784996336996343,0.5971008547008556,0.18139877899877951
europe,60,matched_early_mixture,0.75,gru,20261002,teamfight,0.03964688829885401,0.7377696600710304,0.5842141045154756,0.15355555555555608
europe,60,matched_early_mixture,0.75,gru,20260930,macro,0.13680514761835505,0.7432388729453656,0.5288211024943317,0.21441777045103608
europe,60,matched_early_mixture,0.75,gru,20261001,macro,0.13789908729025124,0.7639413956223372,0.5643744505166591,0.19956694510567777
europe,60,matched_early_mixture,0.75,gru,20261002,macro,0.11754781387055081,0.7508122607578143,0.5656930622366575,0.1851191985211582
europe,60,matched_early_mixture,0.75,tcn,20260930,baron,0.20617560948915106,0.7798002936857568,0.5152980910425848,0.264502202643172
europe,60,matched_early_mixture,0.75,tcn,20261001,baron,0.20832896172569967,0.7766047297297288,0.5181587837837829,0.25844594594594594
europe,60,matched_early_mixture,0.75,tcn,20261002,baron,0.21625982033562444,0.7859582898852999,0.5181737921445962,0.26778449774070295
europe,60,matched_early_mixture,0.75,tcn,20260930,dragon,0.16232404954949817,0.7500000000000024,0.3408266129032269,0.4091733870967753
europe,60,matched_early_mixture,0.75,tcn,20261001,dragon,0.16131982688813545,0.7539501404494364,0.37921348314606707,0.37473665730336975
europe,60,matched_early_mixture,0.75,tcn,20261002,dragon,0.16130146707302487,0.7473958333333348,0.34924768518518423,0.39814814814814925
europe,60,matched_early_mixture,0.75,tcn,20260930,teamfight,0.0447583227333055,0.7080067189249717,0.4564669652855532,0.2515397536394165
europe,60,matched_early_mixture,0.75,tcn,20261001,teamfight,0.04138158001657698,0.6924324324324344,0.43743243243243274,0.2550000000000011
europe,60,matched_early_mixture,0.75,tcn,20261002,teamfight,0.042310652930388395,0.7299536707056308,0.504098360655737,0.22585531004989268
europe,60,matched_early_mixture,0.75,tcn,20260930,macro,0.13775266059065158,0.7459356708702436,0.43753055641045496,0.30840511445978797
europe,60,matched_early_mixture,0.75,tcn,20261001,macro,0.13701012287680403,0.7409957675371999,0.44493489978742756,0.2960608677497723
europe,60,matched_early_mixture,0.75,tcn,20261002,macro,0.1399573134463459,0.7544359313080885,0.4571732793285059,0.2972626519795816
europe,60,matched_early_mixture,0.75,snapshot,20260930,baron,0.1969526397515528,0.7516041666666666,0.5167708333333333,0.23483333333333334
europe,60,matched_early_mixture,0.75,snapshot,20261001,baron,0.19374010473754702,0.7510435729847517,0.5179934640522882,0.2330501089324623
europe,60,matched_early_mixture,0.75,snapshot,20261002,baron,0.19967224080267612,0.7338635897435891,0.5030502564102577,0.23081333333333393
europe,60,matched_early_mixture,0.75,snapshot,20260930,dragon,0.16307336284019522,0.7570264765784119,0.3482688391038691,0.4087576374745424
europe,60,matched_early_mixture,0.75,snapshot,20261001,dragon,0.16449682523112982,0.7620253164556967,0.34525316455696226,0.4167721518987332
europe,60,matched_early_mixture,0.75,snapshot,20261002,dragon,0.16312772868200698,0.7575464396284838,0.3654218266253871,0.3921246130030977
europe,60,matched_early_mixture,0.75,snapshot,20260930,teamfight,0.039969908046629594,0.7274678111587978,0.5295064377682398,0.1979613733905572
europe,60,matched_early_mixture,0.75,snapshot,20261001,teamfight,0.03908028402523505,0.7319734345351046,0.5132827324478182,0.2186907020872862
europe,60,matched_early_mixture,0.75,snapshot,20261002,teamfight,0.0391973696801969,0.7217229285401136,0.5267426567295009,0.19498027181060923
europe,60,matched_early_mixture,0.75,snapshot,20260930,macro,0.13333197021279253,0.7453661514679588,0.46484870340181406,0.2805174480661443
europe,60,matched_early_mixture,0.75,snapshot,20261001,macro,0.13243907133130398,0.7483474413251843,0.4588431203523562,0.2895043209728272
europe,60,matched_early_mixture,0.75,snapshot,20261002,macro,0.13399911305495998,0.7377109859707288,0.4650715799217153,0.2726394060490136
europe,60,matched_early_mixture,0.75,current_only,20260930,baron,0.2068891770755122,0.7304004884004867,0.488095238095237,0.2423052503052499
europe,60,matched_early_mixture,0.75,current_only,20261001,baron,0.2145599015164228,0.7474579579579594,0.5052087087087087,0.24224924924925048
europe,60,matched_early_mixture,0.75,current_only,20261002,baron,0.21793279184583547,0.7431396011396006,0.5049971509971507,0.23814245014244925
europe,60,matched_early_mixture,0.75,current_only,20260930,dragon,0.16148827343697292,0.7561875814155468,0.32077724706904,0.4354103343465063
europe,60,matched_early_mixture,0.75,current_only,20261001,dragon,0.1647121570438828,0.7502882398155217,0.354534973097618,0.39575326671790495
europe,60,matched_early_mixture,0.75,current_only,20261002,dragon,0.16777677700688715,0.7530087527352323,0.3725382932166293,0.3804704595186
europe,60,matched_early_mixture,0.75,current_only,20260930,teamfight,0.04082256827088561,0.7273706896551736,0.49590517241379334,0.23146551724137907
europe,60,matched_early_mixture,0.75,current_only,20261001,teamfight,0.04297437422148734,0.7408681842244557,0.5248808893594482,0.21598729486500726
europe,60,matched_early_mixture,0.75,current_only,20261002,teamfight,0.04550332323761603,0.7234272588055118,0.496203164880042,0.22722409392547233
europe,60,matched_early_mixture,0.75,current_only,20260930,macro,0.13640000626112356,0.737986253157069,0.43492588585935676,0.30306036729771174
europe,60,matched_early_mixture,0.75,current_only,20261001,macro,0.14074881092726432,0.7462047939993123,0.4615415237219249,0.2846632702773875
europe,60,matched_early_mixture,0.75,current_only,20261002,macro,0.14373763069677956,0.7398585375601149,0.45791286969794065,0.28194566786217384
europe,60,matched_early_mixture,0.75,independent,20260930,baron,0.22102965253774748,0.7700836820083693,0.5190376569037651,0.25104602510460194
europe,60,matched_early_mixture,0.75,independent,20261001,baron,0.24052670141375124,0.7958337801608553,0.5315871313672922,0.26424664879356524
europe,60,matched_early_mixture,0.75,independent,20261002,baron,0.2332050161774079,0.7973916349809859,0.5273941698352331,0.2699974651457535
europe,60,matched_early_mixture,0.75,independent,20260930,dragon,0.1576406025944057,0.7544056668970288,0.3778507256392539,0.37655494125777134
europe,60,matched_early_mixture,0.75,independent,20261001,dragon,0.16366379825504965,0.743888888888889,0.3600000000000003,0.38388888888888906
europe,60,matched_early_mixture,0.75,independent,20261002,dragon,0.16183610150475913,0.7513746334310857,0.3640029325513197,0.3873717008797645
europe,60,matched_early_mixture,0.75,independent,20260930,teamfight,0.04294892760035756,0.7148082744702281,0.45181634712411545,0.26299192734611265
europe,60,matched_early_mixture,0.75,independent,20261001,teamfight,0.040712264107048854,0.7024686809137807,0.42004421518054635,0.2824244657332355
europe,60,matched_early_mixture,0.75,independent,20261002,teamfight,0.04484143093144257,0.7224729241877262,0.45712996389891775,0.2653429602888094
europe,60,matched_early_mixture,0.75,independent,20260930,macro,0.14053972757750358,0.7464325411252087,0.44956824322237815,0.29686429790282864
europe,60,matched_early_mixture,0.75,independent,20261001,macro,0.14830092125861657,0.7473971166545083,0.4372104488492796,0.3101866678052299
europe,60,matched_early_mixture,0.75,independent,20261002,macro,0.14662751620453654,0.7570797308665993,0.4495090220951568,0.3075707087714425
europe,60,matched_early_mixture,0.75,pcgrad,20260930,baron,0.21104469247653249,0.7661228070175455,0.501245614035088,0.26487719298245777
europe,60,matched_early_mixture,0.75,pcgrad,20261001,baron,0.21302776701266327,0.7723170320404736,0.5076413715570537,0.2646756604834169
europe,60,matched_early_mixture,0.75,pcgrad,20261002,baron,0.21044249419535518,0.7541808367071502,0.4895681511470988,0.2646126855600524
europe,60,matched_early_mixture,0.75,pcgrad,20260930,dragon,0.1607410247621634,0.7577092511013213,0.36536343612334726,0.3923458149779724
europe,60,matched_early_mixture,0.75,pcgrad,20261001,dragon,0.16133414267906754,0.747915943035777,0.3766932962834303,0.3712226467523444
europe,60,matched_early_mixture,0.75,pcgrad,20261002,dragon,0.16240156904300343,0.7543525571273112,0.3715995647442881,0.3827529923830257
europe,60,matched_early_mixture,0.75,pcgrad,20260930,teamfight,0.04337360186204906,0.7334539813857291,0.49999999999999983,0.23345398138572795
europe,60,matched_early_mixture,0.75,pcgrad,20261001,teamfight,0.04225357479424611,0.7228240076518411,0.44341941654710665,0.2794045911047338
europe,60,matched_early_mixture,0.75,pcgrad,20261002,teamfight,0.04501874782729754,0.736915146708962,0.5001982553528933,0.23671689135606672
europe,60,matched_early_mixture,0.75,pcgrad,20260930,macro,0.13838643970024833,0.7524286798348653,0.45553635005281173,0.2968923297820527
europe,60,matched_early_mixture,0.75,pcgrad,20261001,macro,0.1388718281619923,0.747685660909364,0.44258469479586354,0.3051009661134984
europe,60,matched_early_mixture,0.75,pcgrad,20261002,macro,0.13928760368855206,0.7484828468478079,0.45378865708142674,0.29469418976638156
europe,60,matched_early_mixture,1.0,leagueews,20260930,baron,0.27584649233824704,1.0328349007314548,0.7401295715778494,0.2927053291536052
europe,60,matched_early_mixture,1.0,leagueews,20261001,baron,0.28091426053382557,1.0334403153153164,0.7394211711711708,0.2940191441441427
europe,60,matched_early_mixture,1.0,leagueews,20261002,baron,0.2816863979323852,1.028002237136463,0.7353143176733764,0.292687919463087
europe,60,matched_early_mixture,1.0,leagueews,20260930,dragon,0.21757049971722475,0.9987628865979401,0.4375257731958756,0.5612371134020695
europe,60,matched_early_mixture,1.0,leagueews,20261001,dragon,0.22342571830699437,0.9915805587447412,0.4672789896670482,0.524301569077687
europe,60,matched_early_mixture,1.0,leagueews,20261002,dragon,0.22429863286126295,1.0045510964004964,0.45345469590401366,0.551096400496485
europe,60,matched_early_mixture,1.0,leagueews,20260930,teamfight,0.06016490074258809,0.9539045553145337,0.6057483731019512,0.3481561822125818
europe,60,matched_early_mixture,1.0,leagueews,20261001,teamfight,0.05734077994095057,0.9658360128617359,0.635450160771705,0.3303858520900322
europe,60,matched_early_mixture,1.0,leagueews,20261002,teamfight,0.06082211306956998,0.9608282036933421,0.6133184107442697,0.3475097929490781
europe,60,matched_early_mixture,1.0,leagueews,20260930,macro,0.1845272975993533,0.9951674475479763,0.5944679059585587,0.40069954158941884
europe,60,matched_early_mixture,1.0,leagueews,20261001,macro,0.18722691959392349,0.996952295640598,0.6140501072033079,0.38290218843728735
europe,60,matched_early_mixture,1.0,leagueews,20261002,macro,0.18893571462107273,0.9977938457434338,0.6006958081072199,0.3970980376362167
europe,60,matched_early_mixture,1.0,gru,20260930,baron,0.22723112128146403,0.9661169590643232,0.7896187134502894,0.17649824561403446
europe,60,matched_early_mixture,1.0,gru,20261001,baron,0.22553265200069259,0.9606507304116895,0.761803452855245,0.19884727755644038
europe,60,matched_early_mixture,1.0,gru,20261002,baron,0.17610701489853287,0.9799406087602062,0.8488641425389745,0.1310764662212328
europe,60,matched_early_mixture,1.0,gru,20260930,dragon,0.2410836690359185,1.0399185520361984,0.649812971342384,0.39010558069381523
europe,60,matched_early_mixture,1.0,gru,20261001,dragon,0.2323372302014516,1.0465010615711259,0.7085129511677288,0.3379881104034008
europe,60,matched_early_mixture,1.0,gru,20261002,dragon,0.22804589458587327,1.0533733333333355,0.6663333333333303,0.3870400000000022
europe,60,matched_early_mixture,1.0,gru,20260930,teamfight,0.05757613896449575,1.0027723749119102,0.7588794926004214,0.24389288231148543
europe,60,matched_early_mixture,1.0,gru,20261001,teamfight,0.0612388279856712,1.038939194139199,0.8060752136752167,0.23286398046398182
europe,60,matched_early_mixture,1.0,gru,20261002,teamfight,0.0510303794680107,0.9828229325215616,0.7876007102993386,0.19522222222222096
europe,60,matched_early_mixture,1.0,gru,20260930,macro,0.17529697642729278,1.002935962004144,0.732770392464365,0.2701655695397784
europe,60,matched_early_mixture,1.0,gru,20261001,macro,0.1730362367292718,1.0153636620406714,0.7587972058993969,0.2565664561412743
europe,60,matched_early_mixture,1.0,gru,20261002,macro,0.15172776298413895,1.0053789582050345,0.7675993953905479,0.2377795628144853
europe,60,matched_early_mixture,1.0,tcn,20260930,baron,0.2740607688433783,1.0274294294294275,0.7342882882882877,0.2931411411411396
europe,60,matched_early_mixture,1.0,tcn,20261001,baron,0.2766192982566985,1.030574432010852,0.7404489657511024,0.29012546625975105
europe,60,matched_early_mixture,1.0,tcn,20261002,baron,0.27139294943620007,1.0239666319082394,0.734805700382341,0.2891609315258939
europe,60,matched_early_mixture,1.0,tcn,20260930,dragon,0.21643206606599677,1.0000000000000013,0.4544354838709687,0.5455645161290308
europe,60,matched_early_mixture,1.0,tcn,20261001,dragon,0.2150931025175149,1.0052668539325833,0.5056179775280901,0.4996488764044954
europe,60,matched_early_mixture,1.0,tcn,20261002,dragon,0.21506862276403246,0.9965277777777802,0.4656635802469118,0.5308641975308598
europe,60,matched_early_mixture,1.0,tcn,20260930,teamfight,0.0596777636444075,0.944008958566628,0.6086226203807383,0.3353863381858886
europe,60,matched_early_mixture,1.0,tcn,20261001,teamfight,0.055175440022102805,0.9232432432432426,0.5832432432432441,0.3400000000000003
europe,60,matched_early_mixture,1.0,tcn,20261002,teamfight,0.05641420390718463,0.9732715609408409,0.6721311475409877,0.30114041339985737
europe,60,matched_early_mixture,1.0,tcn,20260930,macro,0.18339019951792754,0.9904794626653523,0.5991154641799983,0.39136399848535297
europe,60,matched_early_mixture,1.0,tcn,20261001,macro,0.1822959469321054,0.9863615097288928,0.6097700621741455,0.37659144755474894
europe,60,matched_early_mixture,1.0,tcn,20261002,macro,0.18095859203580575,0.9979219902089534,0.6242001427234135,0.37372184748553705
europe,60,matched_early_mixture,1.0,snapshot,20260930,baron,0.25365374541644836,0.9846184738955857,0.7142791164658627,0.27033935742971826
europe,60,matched_early_mixture,1.0,snapshot,20261001,baron,0.2544585642428952,0.9621172741679856,0.6984183835182236,0.26369889064976204
europe,60,matched_early_mixture,1.0,snapshot,20261002,baron,0.2583667168951446,0.962370808678505,0.6969428007889555,0.26542800788954773
europe,60,matched_early_mixture,1.0,snapshot,20260930,dragon,0.21743115045359285,1.0093686354378812,0.46435845213849214,0.5450101832993869
europe,60,matched_early_mixture,1.0,snapshot,20261001,dragon,0.21932910030817285,1.0160337552742638,0.46033755274261634,0.5556962025316511
europe,60,matched_early_mixture,1.0,snapshot,20261002,dragon,0.21750363824267607,1.010061919504646,0.4872291021671832,0.5228328173374598
europe,60,matched_early_mixture,1.0,snapshot,20260930,teamfight,0.053293210728839566,0.9699570815450641,0.7060085836909878,0.2639484978540775
europe,60,matched_early_mixture,1.0,snapshot,20261001,teamfight,0.052107045366979944,0.975964579380141,0.6843769765970916,0.29158760278305007
europe,60,matched_early_mixture,1.0,snapshot,20261002,teamfight,0.05226315957359604,0.9622972380534841,0.7023235423059985,0.2599736957474771
europe,60,matched_early_mixture,1.0,snapshot,20260930,macro,0.17479270219962692,0.9879813969595103,0.6282153840984476,0.35976601286106086
europe,60,matched_early_mixture,1.0,snapshot,20261001,macro,0.17529823663934932,0.9847052029407969,0.6143776376193105,0.37032756532148775
europe,60,matched_early_mixture,1.0,snapshot,20261002,macro,0.1760445049038056,0.9782433220788783,0.6288318150873792,0.3494115069914949
europe,60,matched_early_mixture,1.0,current_only,20260930,baron,0.2680916822029245,1.0051813804173362,0.7354489031567666,0.26973247726056615
europe,60,matched_early_mixture,1.0,current_only,20261001,baron,0.2701667506015324,1.0112530030030042,0.7414136636636636,0.2698393393393409
europe,60,matched_early_mixture,1.0,current_only,20261002,baron,0.28067394873991536,0.9913180076628334,0.7278390804597697,0.26347892720306587
europe,60,matched_early_mixture,1.0,current_only,20260930,dragon,0.21531769791596478,1.0082501085540605,0.427702996092054,0.5805471124620065
europe,60,matched_early_mixture,1.0,current_only,20261001,dragon,0.2196162093918436,1.0003843197540399,0.4727132974634903,0.5276710222905482
europe,60,matched_early_mixture,1.0,current_only,20261002,dragon,0.2237023693425162,1.0040116703136397,0.4967177242888387,0.5072939460247989
europe,60,matched_early_mixture,1.0,current_only,20260930,teamfight,0.05475448876774504,0.966661316211878,0.6777859818084533,0.2888753344034226
europe,60,matched_early_mixture,1.0,current_only,20261001,teamfight,0.05729916562864991,0.987824245632608,0.6998411858125975,0.28798305982000927
europe,60,matched_early_mixture,1.0,current_only,20261002,teamfight,0.05947655770892088,0.9696345592527756,0.6836415645067087,0.2859929947460582
europe,60,matched_early_mixture,1.0,current_only,20260930,macro,0.1793879562955448,0.9933642683944249,0.6136459603524246,0.3797183080419984
europe,60,matched_early_mixture,1.0,current_only,20261001,macro,0.1823607085406753,0.9998205227965506,0.6379893823132504,0.36183114048329945
europe,60,matched_early_mixture,1.0,current_only,20261002,macro,0.1879509585971175,0.9883214124097496,0.6360661230851057,0.35225528932464095
europe,60,matched_early_mixture,1.0,independent,20260930,baron,0.28887273688383747,1.0173333333333359,0.72653427895981,0.2907990543735217
europe,60,matched_early_mixture,1.0,independent,20261001,baron,0.3115806062853437,1.0459283582089591,0.7517850746268679,0.2941432835820903
europe,60,matched_early_mixture,1.0,independent,20261002,baron,0.2989546106067845,1.0326953846153824,0.7364656410256408,0.2962297435897436
europe,60,matched_early_mixture,1.0,independent,20260930,dragon,0.21018747012587471,1.005874222529372,0.5038009675190048,0.5020732550103663
europe,60,matched_early_mixture,1.0,independent,20261001,dragon,0.21821839767339982,0.9918518518518509,0.4799999999999985,0.5118518518518512
europe,60,matched_early_mixture,1.0,independent,20261002,dragon,0.21578146867301262,1.0018328445747777,0.48533724340175977,0.5164956011730212
europe,60,matched_early_mixture,1.0,independent,20260930,teamfight,0.05726523680047674,0.953077699293644,0.60242179616549,0.3506559031281539
europe,60,matched_early_mixture,1.0,independent,20261001,teamfight,0.05523867326384583,0.9446213109661417,0.577833488661075,0.3667878223050646
europe,60,matched_early_mixture,1.0,independent,20261002,teamfight,0.0597885745752569,0.9632972322502974,0.6095066185318855,0.3537906137184102
europe,60,matched_early_mixture,1.0,independent,20260930,macro,0.18544181460339634,0.9920950850521173,0.6109190142147684,0.3811760708373473
europe,60,matched_early_mixture,1.0,independent,20261001,macro,0.19501255907419643,0.9941338403423172,0.6032061877626471,0.3909276525796687
europe,60,matched_early_mixture,1.0,independent,20261002,macro,0.19150821795168468,0.9992751538134859,0.6104365009864287,0.38883865282705826
europe,60,matched_early_mixture,1.0,pcgrad,20260930,baron,0.2782109582963628,1.029408730158729,0.7329077380952387,0.29650099206349084
europe,60,matched_early_mixture,1.0,pcgrad,20261001,baron,0.27940779068427773,1.0328566610455296,0.7395132096683547,0.2933434513771794
europe,60,matched_early_mixture,1.0,pcgrad,20261002,baron,0.2733086897846616,1.0001322537112012,0.7081916329284739,0.2919406207827248
europe,60,matched_early_mixture,1.0,pcgrad,20260930,dragon,0.21432136634955087,1.0102790014684278,0.48715124816446354,0.5231277533039658
europe,60,matched_early_mixture,1.0,pcgrad,20261001,dragon,0.21511219023875716,0.9972212573810291,0.5022577283779096,0.4949635290031212
europe,60,matched_early_mixture,1.0,pcgrad,20261002,dragon,0.2165354253906711,1.0058034095030832,0.49546608632571715,0.5103373231773646
europe,60,matched_early_mixture,1.0,pcgrad,20260930,teamfight,0.0578314691493988,0.9779386418476376,0.6666666666666676,0.3112719751809723
europe,60,matched_early_mixture,1.0,pcgrad,20261001,teamfight,0.05818712214217051,0.9694165471066511,0.6094882831181273,0.3599282639885241
europe,60,matched_early_mixture,1.0,pcgrad,20261002,teamfight,0.06002499710306365,0.9825535289452813,0.6669310071371961,0.31562252180808725
europe,60,matched_early_mixture,1.0,pcgrad,20260930,macro,0.18345459793177085,1.0058754578249316,0.6289085509754566,0.3769669068494763
europe,60,matched_early_mixture,1.0,pcgrad,20261001,macro,0.18423570102173514,0.9998314885110698,0.6170864070547971,0.3827450814562749
europe,60,matched_early_mixture,1.0,pcgrad,20261002,macro,0.1832897040927988,0.9961630640531886,0.6235295754637957,0.3726334885893922
europe,60,matched_early_mixture,mean,leagueews,20260930,baron,0.17708739045419924,0.6449527749648409,0.4225577179106123,0.22239505705422818
europe,60,matched_early_mixture,mean,leagueews,20261001,baron,0.1740919473213772,0.633746523201008,0.4085032475012983,0.2252432756997093
europe,60,matched_early_mixture,mean,leagueews,20261002,baron,0.17850864102014163,0.63639634542234,0.4215406327849881,0.21485571263735154
europe,60,matched_early_mixture,mean,leagueews,20260930,dragon,0.13598156232326547,0.6242268041237119,0.27345360824742226,0.35077319587629147
europe,60,matched_early_mixture,mean,leagueews,20261001,dragon,0.1396410739418717,0.6197378492154628,0.29204936854190516,0.3276884806735546
europe,60,matched_early_mixture,mean,leagueews,20261002,dragon,0.14018664553828938,0.6278444352503108,0.2834091849400085,0.34443525031030253
europe,60,matched_early_mixture,mean,leagueews,20260930,teamfight,0.037603062964117535,0.5961903470715836,0.37859273318871933,0.2175976138828634
europe,60,matched_early_mixture,mean,leagueews,20261001,teamfight,0.03583798746309406,0.6036475080385848,0.3971563504823152,0.20649115755627
europe,60,matched_early_mixture,mean,leagueews,20261002,teamfight,0.038013820668481274,0.6005176273083384,0.38332400671516864,0.2171936205931736
europe,60,matched_early_mixture,mean,leagueews,20260930,macro,0.11689067191386075,0.6217899753867121,0.3582013531155846,0.26358862227112767
europe,60,matched_early_mixture,mean,leagueews,20261001,macro,0.11652366957544764,0.6190439601516852,0.3659029888418395,0.25314097130984464
europe,60,matched_early_mixture,mean,leagueews,20261002,macro,0.1189030357423041,0.6215861359936631,0.3627579414800551,0.2588281945136092
europe,60,matched_early_mixture,mean,gru,20260930,baron,0.1435793547389225,0.588434281667306,0.4644550187793255,0.1239792628879813
europe,60,matched_early_mixture,mean,gru,20261001,baron,0.14356606892919566,0.5956197800828962,0.45247972507348333,0.1431400550094127
europe,60,matched_early_mixture,mean,gru,20261002,baron,0.10734213834356644,0.603584887286111,0.5167336319409437,0.08685125534516748
europe,60,matched_early_mixture,mean,gru,20260930,dragon,0.16599983671702823,0.6476349335602005,0.39299070653054624,0.25464422702965495
europe,60,matched_early_mixture,mean,gru,20261001,dragon,0.16462737593592963,0.662739706328392,0.45513511748648483,0.20760458884190747
europe,60,matched_early_mixture,mean,gru,20261002,dragon,0.15700735487360618,0.6560843089894747,0.4126986908837318,0.243385618105743
europe,60,matched_early_mixture,mean,gru,20260930,teamfight,0.03620640994079375,0.6174660894330593,0.44997631552662704,0.16748977390643277
europe,60,matched_early_mixture,mean,gru,20261001,teamfight,0.038978316398641175,0.6482798534798548,0.49261367521367627,0.15566617826617882
europe,60,matched_early_mixture,mean,gru,20261002,teamfight,0.032947834863247843,0.6069808088945514,0.4796507810418327,0.1273300278527175
europe,60,matched_early_mixture,mean,gru,20260930,macro,0.11526186713224816,0.6178451015535219,0.43580734694549955,0.18203775460802304
europe,60,matched_early_mixture,mean,gru,20261001,macro,0.1157239204212555,0.635546446630381,0.46674283925788146,0.16880360737249966
europe,60,matched_early_mixture,mean,gru,20261002,macro,0.09909910936014014,0.6222166683900457,0.46969436795550273,0.15252230043454265
europe,60,matched_early_mixture,mean,tcn,20260930,baron,0.17150030685567497,0.6489179835426144,0.438087549606587,0.21083043393602724
europe,60,matched_early_mixture,mean,tcn,20261001,baron,0.17331930542702473,0.6459459728675767,0.444191633329667,0.20175433953791028
europe,60,matched_early_mixture,mean,tcn,20261002,baron,0.1764834614410159,0.6498455249647128,0.4414796235938414,0.2083659013708694
europe,60,matched_early_mixture,mean,tcn,20260930,dragon,0.13527004129124812,0.6250000000000011,0.28402217741935554,0.34097782258064485
europe,60,matched_early_mixture,mean,tcn,20261001,dragon,0.13443318907344665,0.6282917837078643,0.3160112359550562,0.3122805477528091
europe,60,matched_early_mixture,mean,tcn,20261002,dragon,0.13441788922752043,0.6228298611111126,0.29103973765431995,0.3317901234567885
europe,60,matched_early_mixture,mean,tcn,20260930,teamfight,0.03729860227775465,0.5900055991041426,0.38038913773796124,0.2096164613661804
europe,60,matched_early_mixture,mean,tcn,20261001,teamfight,0.03448465001381422,0.5770270270270272,0.36452702702702744,0.2125000000000004
europe,60,matched_early_mixture,mean,tcn,20261002,teamfight,0.03525887744199037,0.6082947255880256,0.42008196721311636,0.18821275837491075
europe,60,matched_early_mixture,mean,tcn,20260930,macro,0.11468965014155924,0.6213078608822528,0.36749962158796795,0.25380823929428414
europe,60,matched_early_mixture,mean,tcn,20261001,macro,0.11407904817142854,0.6170882612008227,0.37490996543725014,0.24217829576357328
europe,60,matched_early_mixture,mean,tcn,20261002,macro,0.11538674270350889,0.6269900372212837,0.3842004428204259,0.24278959440085623
europe,60,matched_early_mixture,mean,snapshot,20260930,baron,0.16252196735979793,0.6187646542326026,0.41830657689838935,0.20045807733421214
europe,60,matched_early_mixture,mean,snapshot,20261001,baron,0.16119774531445752,0.6134907602022303,0.4137022423518406,0.19978851785038945
europe,60,matched_early_mixture,mean,snapshot,20261002,baron,0.1682666540074566,0.6163101095770335,0.41774444663598553,0.19856566294104822
europe,60,matched_early_mixture,mean,snapshot,20260930,dragon,0.13589446903349567,0.630855397148676,0.2902240325865576,0.3406313645621174
europe,60,matched_early_mixture,mean,snapshot,20261001,dragon,0.13708068769260803,0.6350210970464145,0.2877109704641351,0.34731012658228044
europe,60,matched_early_mixture,mean,snapshot,20261002,dragon,0.13593977390167253,0.6312886996904036,0.30451818885448945,0.32677051083591313
europe,60,matched_early_mixture,mean,snapshot,20260930,teamfight,0.0333082567055247,0.606223175965665,0.4412553648068671,0.1649678111587982
europe,60,matched_early_mixture,mean,snapshot,20261001,teamfight,0.032566903354362485,0.6099778621125879,0.4277356103731821,0.18224225173940595
europe,60,matched_early_mixture,mean,snapshot,20261002,teamfight,0.0326644747334975,0.6014357737834276,0.4389522139412496,0.16248355984217355
europe,60,matched_early_mixture,mean,snapshot,20260930,macro,0.11057489769960611,0.6186144091156479,0.38326199143060463,0.2353524176850426
europe,60,matched_early_mixture,mean,snapshot,20261001,macro,0.11028177878714268,0.6194965731204108,0.3763829410630526,0.2431136320573586
europe,60,matched_early_mixture,mean,snapshot,20261002,macro,0.11229030088087553,0.6163448610169548,0.3870716164772416,0.22927324453971162
europe,60,matched_early_mixture,mean,current_only,20260930,baron,0.1742540091540843,0.623804929821278,0.42416874559337514,0.199636184227903
europe,60,matched_early_mixture,mean,current_only,20261001,baron,0.17390528965067112,0.6313066262506037,0.42629289879257504,0.20501372745802893
europe,60,matched_early_mixture,mean,current_only,20261002,baron,0.17844417495026962,0.6312406254137883,0.42419450317576246,0.2070461222380265
europe,60,matched_early_mixture,mean,current_only,20260930,dragon,0.13457356119747782,0.6301563178462882,0.2673143725575336,0.36284194528875446
europe,60,matched_early_mixture,mean,current_only,20261001,dragon,0.13726013086990227,0.6252401998462729,0.2954458109146815,0.3297943889315911
europe,60,matched_early_mixture,mean,current_only,20261002,dragon,0.13981398083907262,0.6275072939460254,0.31044857768052425,0.31705871626549953
europe,60,matched_early_mixture,mean,current_only,20260930,teamfight,0.034099906327379075,0.6053506738805559,0.41739908165900974,0.18795159222154495
europe,60,matched_early_mixture,mean,current_only,20261001,teamfight,0.03581197851790617,0.6173901535203798,0.4374007411328734,0.17998941238750588
europe,60,matched_early_mixture,mean,current_only,20261002,teamfight,0.03698445282248663,0.5999596630625319,0.40988181284771585,0.19007785021481405
europe,60,matched_early_mixture,mean,current_only,20260930,macro,0.11430915889298039,0.6197706405160407,0.36962739993663946,0.2501432405794008
europe,60,matched_early_mixture,mean,current_only,20261001,macro,0.11565913301282653,0.6246456598724188,0.3863798169467099,0.23826584292570863
europe,60,matched_early_mixture,mean,current_only,20261002,macro,0.11841420287060962,0.6195691941407818,0.38150829790133417,0.2380608962394467
europe,60,matched_early_mixture,mean,independent,20260930,baron,0.18273301048983298,0.6393751743375179,0.4411523981918347,0.19822277614568118
europe,60,matched_early_mixture,mean,independent,20261001,baron,0.1959300020367581,0.6613495613063558,0.4313130821381416,0.23003647916821485
europe,60,matched_early_mixture,mean,independent,20261002,baron,0.1908657474214452,0.6576580284372489,0.4436284809610067,0.21402954747624314
europe,60,matched_early_mixture,mean,independent,20260930,dragon,0.1313671688286716,0.6286713890808575,0.3148756046993781,0.31379578438147804
europe,60,matched_early_mixture,mean,independent,20261001,dragon,0.1363864985458748,0.619907407407407,0.29999999999999943,0.3199074074074072
europe,60,matched_early_mixture,mean,independent,20261002,dragon,0.1348634179206328,0.6261455278592367,0.3033357771260998,0.3228097507331379
europe,60,matched_early_mixture,mean,independent,20260930,teamfight,0.03579077300029796,0.5956735620585263,0.3765136226034307,0.2191599394550955
europe,60,matched_early_mixture,mean,independent,20261001,teamfight,0.03416580036948584,0.5873896681984265,0.3544804797555414,0.232909188442884
europe,60,matched_early_mixture,mean,independent,20261002,teamfight,0.03736785910953554,0.6020607701564367,0.3809416365824293,0.2211191335740068
europe,60,matched_early_mixture,mean,independent,20260930,macro,0.11663031743960085,0.621240041825634,0.37751387516488116,0.24372616666075156
europe,60,matched_early_mixture,mean,independent,20261001,macro,0.12216076698403959,0.6228822123040632,0.36193118729789414,0.2609510250061687
europe,60,matched_early_mixture,mean,independent,20261002,macro,0.12103234148387117,0.628621442150974,0.375968631556512,0.2526528105944626
europe,60,matched_early_mixture,mean,pcgrad,20260930,baron,0.17393154971458763,0.6354671333783171,0.4152233197175632,0.22024381366075413
europe,60,matched_early_mixture,mean,pcgrad,20261001,baron,0.17647731497554872,0.6442980104274632,0.4371900214531408,0.20710798897432292
europe,60,matched_early_mixture,mean,pcgrad,20261002,baron,0.17546271155128904,0.6285542630007458,0.4072580732697938,0.2212961897309525
europe,60,matched_early_mixture,mean,pcgrad,20260930,dragon,0.13395085396846937,0.6314243759177675,0.3044695301027896,0.32695484581497813
europe,60,matched_early_mixture,mean,pcgrad,20261001,dragon,0.13444511889922314,0.6232632858631444,0.313911080236193,0.3093522056269516
europe,60,matched_early_mixture,mean,pcgrad,20261002,dragon,0.13533464086916946,0.6286271309394267,0.30966630395357325,0.3189608269858535
europe,60,matched_early_mixture,mean,pcgrad,20260930,teamfight,0.03614466821837424,0.6112116511547737,0.416666666666667,0.19454498448810736
europe,60,matched_early_mixture,mean,pcgrad,20261001,teamfight,0.03459465184419434,0.6004686281455212,0.3634255582609527,0.23704306988456775
europe,60,matched_early_mixture,mean,pcgrad,20261002,teamfight,0.03751562318941473,0.614095955590801,0.4168318794607466,0.19726407613005487
europe,60,matched_early_mixture,mean,pcgrad,20260930,macro,0.1146756906338104,0.6260343868169528,0.3787865054956732,0.24724788132127987
europe,60,matched_early_mixture,mean,pcgrad,20261001,macro,0.11517236190632207,0.6226766414787096,0.3715088866500955,0.25116775482861414
europe,60,matched_early_mixture,mean,pcgrad,20261002,macro,0.11610432520329106,0.6237591165103246,0.3779187522280379,0.24584036428228692
americas,30,deterministic,0.25,leagueews,20260930,baron,0.08890251379521766,0.21066666666666667,0.13533333333333333,0.07533333333333334
americas,30,deterministic,0.25,leagueews,20261001,baron,0.08522378908645004,0.18933333333333333,0.11933333333333333,0.07
americas,30,deterministic,0.25,leagueews,20261002,baron,0.0809319435928878,0.216,0.14266666666666666,0.07333333333333333
americas,30,deterministic,0.25,leagueews,20260930,dragon,0.022083115979829596,0.146,0.04666666666666667,0.09933333333333333
americas,30,deterministic,0.25,leagueews,20261001,dragon,0.03251608415927665,0.19666666666666666,0.06466666666666666,0.132
americas,30,deterministic,0.25,leagueews,20261002,dragon,0.02434359241870979,0.15733333333333333,0.056666666666666664,0.10066666666666667
americas,30,deterministic,0.25,leagueews,20260930,teamfight,0.00926963430783335,0.21466666666666667,0.12866666666666668,0.086
americas,30,deterministic,0.25,leagueews,20261001,teamfight,0.006213710909646532,0.15466666666666667,0.08733333333333333,0.06733333333333333
americas,30,deterministic,0.25,leagueews,20261002,teamfight,0.008352857288377305,0.18066666666666667,0.10866666666666666,0.072
americas,30,deterministic,0.25,leagueews,20260930,macro,0.04008508802762687,0.19044444444444444,0.10355555555555555,0.08688888888888889
americas,30,deterministic,0.25,leagueews,20261001,macro,0.04131786138512441,0.1802222222222222,0.09044444444444444,0.08977777777777778
americas,30,deterministic,0.25,leagueews,20261002,macro,0.037876131099991626,0.18466666666666665,0.10266666666666667,0.082
americas,30,deterministic,0.25,gru,20260930,baron,0.03923973022685469,0.22666666666666666,0.192,0.034666666666666665
americas,30,deterministic,0.25,gru,20261001,baron,0.03801348865726548,0.16933333333333334,0.13466666666666666,0.034666666666666665
americas,30,deterministic,0.25,gru,20261002,baron,0.02575107296137339,0.16866666666666666,0.14866666666666667,0.02
americas,30,deterministic,0.25,gru,20260930,dragon,0.025386889236654494,0.16466666666666666,0.136,0.028666666666666667
americas,30,deterministic,0.25,gru,20261001,dragon,0.02156146757085724,0.218,0.202,0.016
americas,30,deterministic,0.25,gru,20261002,dragon,0.009563554164493131,0.08,0.072,0.008
americas,30,deterministic,0.25,gru,20260930,teamfight,0.005093205663644698,0.14533333333333334,0.11,0.035333333333333335
americas,30,deterministic,0.25,gru,20261001,teamfight,0.007028623815829683,0.18533333333333332,0.146,0.03933333333333333
americas,30,deterministic,0.25,gru,20261002,teamfight,0.005500662116736274,0.166,0.136,0.03
americas,30,deterministic,0.25,gru,20260930,macro,0.023239941709051293,0.17888888888888888,0.146,0.032888888888888884
americas,30,deterministic,0.25,gru,20261001,macro,0.022201193347984136,0.19088888888888889,0.1608888888888889,0.03
americas,30,deterministic,0.25,gru,20261002,macro,0.013605096414200933,0.13822222222222222,0.11888888888888889,0.01933333333333333
americas,30,deterministic,0.25,tcn,20260930,baron,0.07909258123850399,0.23,0.156,0.074
americas,30,deterministic,0.25,tcn,20261001,baron,0.08215818516247701,0.23866666666666667,0.164,0.07466666666666667
americas,30,deterministic,0.25,tcn,20261002,baron,0.08399754751686082,0.22466666666666665,0.15133333333333332,0.07333333333333333
americas,30,deterministic,0.25,tcn,20260930,dragon,0.024517475221700575,0.162,0.048666666666666664,0.11333333333333333
americas,30,deterministic,0.25,tcn,20261001,dragon,0.02156146757085724,0.13733333333333334,0.04066666666666666,0.09666666666666666
americas,30,deterministic,0.25,tcn,20261002,dragon,0.037037037037037035,0.21066666666666667,0.07666666666666666,0.134
americas,30,deterministic,0.25,tcn,20260930,teamfight,0.007334216155648365,0.15533333333333332,0.09,0.06533333333333333
americas,30,deterministic,0.25,tcn,20261001,teamfight,0.00926963430783335,0.20533333333333334,0.13,0.07533333333333334
americas,30,deterministic,0.25,tcn,20261002,teamfight,0.011306916573291229,0.24133333333333334,0.146,0.09533333333333334
americas,30,deterministic,0.25,tcn,20260930,macro,0.03698142420528431,0.18244444444444444,0.09822222222222221,0.08422222222222221
americas,30,deterministic,0.25,tcn,20261001,macro,0.037663095680389204,0.1937777777777778,0.11155555555555556,0.08222222222222222
americas,30,deterministic,0.25,tcn,20261002,macro,0.04411383370906303,0.2255555555555556,0.12466666666666666,0.1008888888888889
americas,30,deterministic,0.25,snapshot,20260930,baron,0.05947271612507664,0.22466666666666665,0.16266666666666665,0.062
americas,30,deterministic,0.25,snapshot,20261001,baron,0.0539546290619252,0.20133333333333334,0.14,0.06133333333333333
americas,30,deterministic,0.25,snapshot,20261002,baron,0.07296137339055794,0.24933333333333332,0.18266666666666667,0.06666666666666667
americas,30,deterministic,0.25,snapshot,20260930,dragon,0.01773604590505999,0.11866666666666667,0.04466666666666667,0.074
americas,30,deterministic,0.25,snapshot,20261001,dragon,0.01443227264823509,0.102,0.03933333333333333,0.06266666666666666
americas,30,deterministic,0.25,snapshot,20261002,dragon,0.01738828029907842,0.118,0.046,0.072
americas,30,deterministic,0.25,snapshot,20260930,teamfight,0.006417439136192319,0.16066666666666668,0.10533333333333333,0.05533333333333333
americas,30,deterministic,0.25,snapshot,20261001,teamfight,0.00977895487419782,0.25333333333333335,0.17866666666666667,0.07466666666666667
americas,30,deterministic,0.25,snapshot,20261002,teamfight,0.006519303249465213,0.162,0.104,0.058
americas,30,deterministic,0.25,snapshot,20260930,macro,0.027875400388776315,0.168,0.10422222222222222,0.06377777777777778
americas,30,deterministic,0.25,snapshot,20261001,macro,0.02605528552811937,0.18555555555555556,0.11933333333333333,0.06622222222222222
americas,30,deterministic,0.25,snapshot,20261002,macro,0.03228965231303386,0.17644444444444443,0.11088888888888888,0.06555555555555555
americas,30,deterministic,0.25,current_only,20260930,baron,0.07173513182096873,0.22466666666666665,0.15933333333333333,0.06533333333333333
americas,30,deterministic,0.25,current_only,20261001,baron,0.07970570202329859,0.24466666666666667,0.17466666666666666,0.07
americas,30,deterministic,0.25,current_only,20261002,baron,0.06928264868179031,0.214,0.14866666666666667,0.06533333333333333
americas,30,deterministic,0.25,current_only,20260930,dragon,0.017040514693096854,0.126,0.042,0.084
americas,30,deterministic,0.25,current_only,20261001,dragon,0.024169709615719005,0.14333333333333334,0.04933333333333333,0.094
americas,30,deterministic,0.25,current_only,20261002,dragon,0.02017040514693097,0.13533333333333333,0.04533333333333334,0.09
americas,30,deterministic,0.25,current_only,20260930,teamfight,0.010593867780380972,0.284,0.192,0.092
americas,30,deterministic,0.25,current_only,20261001,teamfight,0.007436080268921259,0.18,0.11333333333333333,0.06666666666666667
americas,30,deterministic,0.25,current_only,20261002,teamfight,0.006824895589283895,0.16333333333333333,0.106,0.05733333333333333
americas,30,deterministic,0.25,current_only,20260930,macro,0.03312317143148218,0.21155555555555558,0.1311111111111111,0.08044444444444444
americas,30,deterministic,0.25,current_only,20261001,macro,0.037103830635979614,0.18933333333333335,0.11244444444444444,0.0768888888888889
americas,30,deterministic,0.25,current_only,20261002,macro,0.032092649806001725,0.17088888888888887,0.09999999999999999,0.07088888888888889
americas,30,deterministic,0.25,independent,20260930,baron,0.09012875536480687,0.228,0.14866666666666667,0.07933333333333334
americas,30,deterministic,0.25,independent,20261001,baron,0.09196811771919068,0.22333333333333333,0.144,0.07933333333333334
americas,30,deterministic,0.25,independent,20261002,baron,0.08031882280809319,0.18133333333333335,0.11,0.07133333333333333
americas,30,deterministic,0.25,independent,20260930,dragon,0.037732568249000176,0.246,0.09333333333333334,0.15266666666666667
americas,30,deterministic,0.25,independent,20261001,dragon,0.03425491218918449,0.20466666666666666,0.08,0.12466666666666666
americas,30,deterministic,0.25,independent,20261002,dragon,0.021213701964875674,0.13666666666666666,0.04933333333333333,0.08733333333333333
americas,30,deterministic,0.25,independent,20260930,teamfight,0.005093205663644698,0.146,0.08266666666666667,0.06333333333333334
americas,30,deterministic,0.25,independent,20261001,teamfight,0.005704390343282062,0.142,0.07933333333333334,0.06266666666666666
americas,30,deterministic,0.25,independent,20261002,teamfight,0.006621167362738108,0.148,0.08266666666666667,0.06533333333333333
americas,30,deterministic,0.25,independent,20260930,macro,0.044318176425817236,0.20666666666666667,0.10822222222222222,0.09844444444444445
americas,30,deterministic,0.25,independent,20261001,macro,0.04397580675055241,0.18999999999999997,0.10111111111111111,0.08888888888888889
americas,30,deterministic,0.25,independent,20261002,macro,0.036051230711902325,0.15533333333333332,0.08066666666666666,0.07466666666666667
americas,30,deterministic,0.25,pcgrad,20260930,baron,0.0956468424279583,0.224,0.146,0.078
americas,30,deterministic,0.25,pcgrad,20261001,baron,0.0950337216431637,0.23866666666666667,0.16333333333333333,0.07533333333333334
americas,30,deterministic,0.25,pcgrad,20261002,baron,0.07664009809932557,0.20466666666666666,0.132,0.07266666666666667
americas,30,deterministic,0.25,pcgrad,20260930,dragon,0.018431577117023125,0.13333333333333333,0.042,0.09133333333333334
americas,30,deterministic,0.25,pcgrad,20261001,dragon,0.031125021735350374,0.18733333333333332,0.06666666666666667,0.12066666666666667
americas,30,deterministic,0.25,pcgrad,20261002,dragon,0.026256303251608416,0.16266666666666665,0.058,0.10466666666666667
americas,30,deterministic,0.25,pcgrad,20260930,teamfight,0.007843536722012835,0.18333333333333332,0.106,0.07733333333333334
americas,30,deterministic,0.25,pcgrad,20261001,teamfight,0.009167770194560457,0.19866666666666666,0.12,0.07866666666666666
americas,30,deterministic,0.25,pcgrad,20261002,teamfight,0.006213710909646532,0.124,0.06933333333333333,0.05466666666666667
americas,30,deterministic,0.25,pcgrad,20260930,macro,0.04064065208899809,0.1802222222222222,0.09799999999999999,0.08222222222222222
americas,30,deterministic,0.25,pcgrad,20261001,macro,0.04510883785769151,0.20822222222222223,0.11666666666666665,0.09155555555555556
americas,30,deterministic,0.25,pcgrad,20261002,macro,0.036370037420193506,0.16377777777777777,0.08644444444444443,0.07733333333333334
americas,30,deterministic,0.5,leagueews,20260930,baron,0.14530962599632127,0.48133333333333334,0.37666666666666665,0.10466666666666667
americas,30,deterministic,0.5,leagueews,20261001,baron,0.1477621091354997,0.484,0.376,0.108
americas,30,deterministic,0.5,leagueews,20261002,baron,0.14163090128755365,0.53,0.41533333333333333,0.11466666666666667
americas,30,deterministic,0.5,leagueews,20260930,dragon,0.04660059120153017,0.318,0.13066666666666665,0.18733333333333332
americas,30,deterministic,0.5,leagueews,20261001,dragon,0.06016344983481134,0.386,0.16466666666666666,0.22133333333333333
americas,30,deterministic,0.5,leagueews,20261002,dragon,0.05703355938097722,0.356,0.152,0.204
americas,30,deterministic,0.5,leagueews,20260930,teamfight,0.01589080167057146,0.3413333333333333,0.214,0.12733333333333333
americas,30,deterministic,0.5,leagueews,20261001,teamfight,0.013038606498930426,0.2926666666666667,0.18466666666666667,0.108
americas,30,deterministic,0.5,leagueews,20261002,teamfight,0.01415911174493226,0.3006666666666667,0.18733333333333332,0.11333333333333333
americas,30,deterministic,0.5,leagueews,20260930,macro,0.06926700628947431,0.38022222222222224,0.24044444444444443,0.13977777777777778
americas,30,deterministic,0.5,leagueews,20261001,macro,0.07365472182308049,0.3875555555555556,0.24177777777777776,0.14577777777777776
americas,30,deterministic,0.5,leagueews,20261002,macro,0.07094119080448771,0.3955555555555556,0.2515555555555556,0.144
americas,30,deterministic,0.5,gru,20260930,baron,0.07786633966891478,0.49533333333333335,0.43933333333333335,0.056
americas,30,deterministic,0.5,gru,20261001,baron,0.07970570202329859,0.44,0.37733333333333335,0.06266666666666666
americas,30,deterministic,0.5,gru,20261002,baron,0.05150214592274678,0.418,0.37866666666666665,0.03933333333333333
americas,30,deterministic,0.5,gru,20260930,dragon,0.06155451225873761,0.46266666666666667,0.362,0.10066666666666667
americas,30,deterministic,0.5,gru,20261001,dragon,0.02156146757085724,0.218,0.202,0.016
americas,30,deterministic,0.5,gru,20261002,dragon,0.03912363067292645,0.308,0.252,0.056
americas,30,deterministic,0.5,gru,20260930,teamfight,0.011205052460018336,0.30266666666666664,0.23533333333333334,0.06733333333333333
americas,30,deterministic,0.5,gru,20261001,teamfight,0.01415911174493226,0.37533333333333335,0.30266666666666664,0.07266666666666667
americas,30,deterministic,0.5,gru,20261002,teamfight,0.011205052460018336,0.38266666666666665,0.328,0.05466666666666667
americas,30,deterministic,0.5,gru,20260930,macro,0.05020863479589024,0.4202222222222222,0.34555555555555556,0.07466666666666667
americas,30,deterministic,0.5,gru,20261001,macro,0.03847542711302936,0.3444444444444445,0.294,0.05044444444444444
americas,30,deterministic,0.5,gru,20261002,macro,0.03394360968523052,0.3695555555555556,0.3195555555555556,0.049999999999999996
americas,30,deterministic,0.5,tcn,20260930,baron,0.1459227467811159,0.5366666666666666,0.4266666666666667,0.11
americas,30,deterministic,0.5,tcn,20261001,baron,0.12998160637645617,0.4653333333333333,0.35933333333333334,0.106
americas,30,deterministic,0.5,tcn,20261002,baron,0.13733905579399142,0.5026666666666667,0.3893333333333333,0.11333333333333333
americas,30,deterministic,0.5,tcn,20260930,dragon,0.05546861415406017,0.344,0.14866666666666667,0.19533333333333333
americas,30,deterministic,0.5,tcn,20261001,dragon,0.07772561293688054,0.48733333333333334,0.22533333333333333,0.262
americas,30,deterministic,0.5,tcn,20261002,dragon,0.07355242566510173,0.4573333333333333,0.21066666666666667,0.24666666666666667
americas,30,deterministic,0.5,tcn,20260930,teamfight,0.01904858918203117,0.46,0.314,0.146
americas,30,deterministic,0.5,tcn,20261001,teamfight,0.01599266578384435,0.358,0.234,0.124
americas,30,deterministic,0.5,tcn,20261002,teamfight,0.017826219822756444,0.412,0.2733333333333333,0.13866666666666666
americas,30,deterministic,0.5,tcn,20260930,macro,0.07347998337240241,0.4468888888888889,0.29644444444444445,0.15044444444444446
americas,30,deterministic,0.5,tcn,20261001,macro,0.07456662836572701,0.4368888888888889,0.2728888888888889,0.164
americas,30,deterministic,0.5,tcn,20261002,macro,0.07623923376061653,0.4573333333333333,0.2911111111111111,0.16622222222222222
americas,30,deterministic,0.5,snapshot,20260930,baron,0.11833231146535868,0.508,0.418,0.09
americas,30,deterministic,0.5,snapshot,20261001,baron,0.10606989576946659,0.45266666666666666,0.36533333333333334,0.08733333333333333
americas,30,deterministic,0.5,snapshot,20261002,baron,0.10606989576946659,0.44533333333333336,0.35733333333333334,0.088
americas,30,deterministic,0.5,snapshot,20260930,dragon,0.04677447400452095,0.31133333333333335,0.13333333333333333,0.178
americas,30,deterministic,0.5,snapshot,20261001,dragon,0.04434011476264997,0.288,0.12533333333333332,0.16266666666666665
americas,30,deterministic,0.5,snapshot,20261002,dragon,0.04590505998956703,0.30533333333333335,0.13333333333333333,0.172
americas,30,deterministic,0.5,snapshot,20260930,teamfight,0.019761637974941428,0.5266666666666666,0.39666666666666667,0.13
americas,30,deterministic,0.5,snapshot,20261001,teamfight,0.01670571457675461,0.462,0.3406666666666667,0.12133333333333333
americas,30,deterministic,0.5,snapshot,20261002,teamfight,0.0185392686156667,0.5266666666666666,0.388,0.13866666666666666
americas,30,deterministic,0.5,snapshot,20260930,macro,0.061622807814940346,0.4486666666666667,0.316,0.13266666666666668
americas,30,deterministic,0.5,snapshot,20261001,macro,0.05570524170295705,0.40088888888888885,0.27711111111111114,0.12377777777777778
americas,30,deterministic,0.5,snapshot,20261002,macro,0.05683807479156677,0.4257777777777778,0.2928888888888889,0.1328888888888889
americas,30,deterministic,0.5,current_only,20260930,baron,0.11771919068056406,0.46,0.374,0.086
americas,30,deterministic,0.5,current_only,20261001,baron,0.11894543225015328,0.49533333333333335,0.4,0.09533333333333334
americas,30,deterministic,0.5,current_only,20261002,baron,0.11955855303494789,0.49666666666666665,0.4,0.09666666666666666
americas,30,deterministic,0.5,current_only,20260930,dragon,0.0737263084680925,0.474,0.21866666666666668,0.25533333333333336
americas,30,deterministic,0.5,current_only,20261001,dragon,0.048861067640410365,0.31066666666666665,0.132,0.17866666666666667
americas,30,deterministic,0.5,current_only,20261002,dragon,0.05077377847330899,0.296,0.11533333333333333,0.18066666666666667
americas,30,deterministic,0.5,current_only,20260930,teamfight,0.019150453295304064,0.502,0.37,0.132
americas,30,deterministic,0.5,current_only,20261001,teamfight,0.012427421819293063,0.3466666666666667,0.24133333333333334,0.10533333333333333
americas,30,deterministic,0.5,current_only,20261002,teamfight,0.020169094428033003,0.5066666666666667,0.37133333333333335,0.13533333333333333
americas,30,deterministic,0.5,current_only,20260930,macro,0.07019865081465354,0.47866666666666663,0.3208888888888889,0.1577777777777778
americas,30,deterministic,0.5,current_only,20261001,macro,0.06007797390328557,0.38422222222222224,0.25777777777777783,0.12644444444444444
americas,30,deterministic,0.5,current_only,20261002,macro,0.06350047531209663,0.43311111111111106,0.29555555555555557,0.13755555555555554
americas,30,deterministic,0.5,independent,20260930,baron,0.12936848559166156,0.4246666666666667,0.3233333333333333,0.10133333333333333
americas,30,deterministic,0.5,independent,20261001,baron,0.13979153893316984,0.44133333333333336,0.33066666666666666,0.11066666666666666
americas,30,deterministic,0.5,independent,20261002,baron,0.1459227467811159,0.4553333333333333,0.3426666666666667,0.11266666666666666
americas,30,deterministic,0.5,independent,20260930,dragon,0.06868370718135976,0.454,0.21266666666666667,0.24133333333333334
americas,30,deterministic,0.5,independent,20261001,dragon,0.057207442183968005,0.392,0.17533333333333334,0.21666666666666667
americas,30,deterministic,0.5,independent,20261002,dragon,0.0737263084680925,0.5033333333333333,0.244,0.25933333333333336
americas,30,deterministic,0.5,independent,20260930,teamfight,0.01701130691657329,0.4533333333333333,0.3006666666666667,0.15266666666666667
americas,30,deterministic,0.5,independent,20261001,teamfight,0.017316899256391974,0.42733333333333334,0.2853333333333333,0.142
americas,30,deterministic,0.5,independent,20261002,teamfight,0.019150453295304064,0.4533333333333333,0.30466666666666664,0.14866666666666667
americas,30,deterministic,0.5,independent,20260930,macro,0.07168783322986487,0.444,0.2788888888888889,0.16511111111111113
americas,30,deterministic,0.5,independent,20261001,macro,0.07143862679117662,0.4202222222222223,0.2637777777777778,0.15644444444444447
americas,30,deterministic,0.5,independent,20261002,macro,0.07959983618150415,0.4706666666666666,0.2971111111111111,0.17355555555555555
americas,30,deterministic,0.5,pcgrad,20260930,baron,0.1354996934396076,0.43333333333333335,0.3333333333333333,0.1
americas,30,deterministic,0.5,pcgrad,20261001,baron,0.13733905579399142,0.464,0.35733333333333334,0.10666666666666667
americas,30,deterministic,0.5,pcgrad,20261002,baron,0.13979153893316984,0.49133333333333334,0.378,0.11333333333333333
americas,30,deterministic,0.5,pcgrad,20260930,dragon,0.0726830116501478,0.49066666666666664,0.23066666666666666,0.26
americas,30,deterministic,0.5,pcgrad,20261001,dragon,0.057207442183968005,0.36666666666666664,0.152,0.21466666666666667
americas,30,deterministic,0.5,pcgrad,20261002,dragon,0.057902973395931145,0.374,0.15466666666666667,0.21933333333333332
americas,30,deterministic,0.5,pcgrad,20260930,teamfight,0.014770296424569625,0.30666666666666664,0.18933333333333333,0.11733333333333333
americas,30,deterministic,0.5,pcgrad,20261001,teamfight,0.01568707344402567,0.36333333333333334,0.23666666666666666,0.12666666666666668
americas,30,deterministic,0.5,pcgrad,20261002,teamfight,0.01772435570948355,0.394,0.25666666666666665,0.13733333333333334
americas,30,deterministic,0.5,pcgrad,20260930,macro,0.07431766717144167,0.4102222222222222,0.2511111111111111,0.15911111111111112
americas,30,deterministic,0.5,pcgrad,20261001,macro,0.0700778571406617,0.39799999999999996,0.24866666666666667,0.14933333333333335
americas,30,deterministic,0.5,pcgrad,20261002,macro,0.07180628934619485,0.41977777777777775,0.2631111111111111,0.15666666666666665
americas,30,deterministic,0.75,leagueews,20260930,baron,0.18148375229920294,0.768,0.6446666666666667,0.12333333333333334
americas,30,deterministic,0.75,leagueews,20261001,baron,0.1747394236664623,0.682,0.5586666666666666,0.12333333333333334
americas,30,deterministic,0.75,leagueews,20261002,baron,0.17351318209687308,0.7466666666666667,0.6213333333333333,0.12533333333333332
americas,30,deterministic,0.75,leagueews,20260930,dragon,0.1111111111111111,0.7373333333333333,0.39266666666666666,0.3446666666666667
americas,30,deterministic,0.75,leagueews,20261001,dragon,0.09007129194922622,0.5773333333333334,0.288,0.28933333333333333
americas,30,deterministic,0.75,leagueews,20261002,dragon,0.09076682316118936,0.5846666666666667,0.288,0.2966666666666667
americas,30,deterministic,0.75,leagueews,20260930,teamfight,0.024141794845675867,0.5326666666666666,0.35933333333333334,0.17333333333333334
americas,30,deterministic,0.75,leagueews,20261001,teamfight,0.020678414994397473,0.4826666666666667,0.322,0.16066666666666668
americas,30,deterministic,0.75,leagueews,20261002,teamfight,0.021595192013853518,0.4746666666666667,0.32066666666666666,0.154
americas,30,deterministic,0.75,leagueews,20260930,macro,0.10557888608532996,0.6793333333333332,0.46555555555555556,0.21377777777777776
americas,30,deterministic,0.75,leagueews,20261001,macro,0.09516304353669534,0.5806666666666667,0.3895555555555556,0.19111111111111112
americas,30,deterministic,0.75,leagueews,20261002,macro,0.09529173242397199,0.602,0.41,0.19200000000000003
americas,30,deterministic,0.75,gru,20260930,baron,0.07786633966891478,0.49533333333333335,0.43933333333333335,0.056
americas,30,deterministic,0.75,gru,20261001,baron,0.10361741263028816,0.622,0.544,0.078
americas,30,deterministic,0.75,gru,20261002,baron,0.08215818516247701,0.75,0.6946666666666667,0.05533333333333333
americas,30,deterministic,0.75,gru,20260930,dragon,0.06155451225873761,0.46266666666666667,0.362,0.10066666666666667
americas,30,deterministic,0.75,gru,20261001,dragon,0.05094766127629977,0.49733333333333335,0.43333333333333335,0.064
americas,30,deterministic,0.75,gru,20261002,dragon,0.08155103460267779,0.7426666666666667,0.6006666666666667,0.142
americas,30,deterministic,0.75,gru,20260930,teamfight,0.019456045635122748,0.5946666666666667,0.486,0.10866666666666666
americas,30,deterministic,0.75,gru,20261001,teamfight,0.02342874605276561,0.7273333333333334,0.594,0.13333333333333333
americas,30,deterministic,0.75,gru,20261002,teamfight,0.011205052460018336,0.38266666666666665,0.328,0.05466666666666667
americas,30,deterministic,0.75,gru,20260930,macro,0.052958965854258376,0.5175555555555555,0.42911111111111105,0.08844444444444444
americas,30,deterministic,0.75,gru,20261001,macro,0.059331273319784515,0.6155555555555555,0.5237777777777778,0.09177777777777778
americas,30,deterministic,0.75,gru,20261002,macro,0.05830475740839105,0.6251111111111111,0.5411111111111111,0.084
americas,30,deterministic,0.75,tcn,20260930,baron,0.1771919068056407,0.8126666666666666,0.6826666666666666,0.13
americas,30,deterministic,0.75,tcn,20261001,baron,0.17167381974248927,0.6973333333333334,0.5733333333333334,0.124
americas,30,deterministic,0.75,tcn,20261002,baron,0.17290006131207847,0.778,0.646,0.132
americas,30,deterministic,0.75,tcn,20260930,dragon,0.08711528429838289,0.5646666666666667,0.27466666666666667,0.29
americas,30,deterministic,0.75,tcn,20261001,dragon,0.10867675186924013,0.6926666666666667,0.36,0.33266666666666667
americas,30,deterministic,0.75,tcn,20261002,dragon,0.10972004868718484,0.7226666666666667,0.37733333333333335,0.3453333333333333
americas,30,deterministic,0.75,tcn,20260930,teamfight,0.01904858918203117,0.46,0.314,0.146
americas,30,deterministic,0.75,tcn,20261001,teamfight,0.023225017826219822,0.5753333333333334,0.39466666666666667,0.18066666666666667
americas,30,deterministic,0.75,tcn,20261002,teamfight,0.025160435978404807,0.642,0.448,0.194
americas,30,deterministic,0.75,tcn,20260930,macro,0.09445192676201825,0.6124444444444445,0.4237777777777778,0.18866666666666665
americas,30,deterministic,0.75,tcn,20261001,macro,0.10119186314598307,0.6551111111111112,0.4426666666666667,0.21244444444444444
americas,30,deterministic,0.75,tcn,20261002,macro,0.10259351532588935,0.7142222222222222,0.49044444444444446,0.22377777777777777
americas,30,deterministic,0.75,snapshot,20260930,baron,0.15144083384426732,0.7533333333333333,0.64,0.11333333333333333
americas,30,deterministic,0.75,snapshot,20261001,baron,0.14408338442673208,0.682,0.576,0.106
americas,30,deterministic,0.75,snapshot,20261002,baron,0.14408338442673208,0.696,0.586,0.11
americas,30,deterministic,0.75,snapshot,20260930,dragon,0.08659363588941053,0.5806666666666667,0.30266666666666664,0.278
americas,30,deterministic,0.75,snapshot,20261001,dragon,0.08033385498174231,0.5466666666666666,0.2806666666666667,0.266
americas,30,deterministic,0.75,snapshot,20261002,dragon,0.07998608937576074,0.5466666666666666,0.2813333333333333,0.2653333333333333
americas,30,deterministic,0.75,snapshot,20260930,teamfight,0.019761637974941428,0.5266666666666666,0.39666666666666667,0.13
americas,30,deterministic,0.75,snapshot,20261001,teamfight,0.02628094122440664,0.74,0.572,0.168
americas,30,deterministic,0.75,snapshot,20261002,teamfight,0.0185392686156667,0.5266666666666666,0.388,0.13866666666666666
americas,30,deterministic,0.75,snapshot,20260930,macro,0.08593203590287309,0.6202222222222222,0.4464444444444444,0.1737777777777778
americas,30,deterministic,0.75,snapshot,20261001,macro,0.08356606021096034,0.6562222222222223,0.47622222222222216,0.18000000000000002
americas,30,deterministic,0.75,snapshot,20261002,macro,0.08086958080605318,0.5897777777777777,0.4184444444444444,0.17133333333333334
americas,30,deterministic,0.75,current_only,20260930,baron,0.15328019619865113,0.7786666666666666,0.6626666666666666,0.116
americas,30,deterministic,0.75,current_only,20261001,baron,0.1459227467811159,0.6986666666666667,0.5853333333333334,0.11333333333333333
americas,30,deterministic,0.75,current_only,20261002,baron,0.15941140404659718,0.7593333333333333,0.6426666666666667,0.11666666666666667
americas,30,deterministic,0.75,current_only,20260930,dragon,0.10850286906624934,0.706,0.36933333333333335,0.33666666666666667
americas,30,deterministic,0.75,current_only,20261001,dragon,0.11058946270213876,0.7353333333333333,0.39266666666666666,0.3426666666666667
americas,30,deterministic,0.75,current_only,20261002,dragon,0.08242044861763172,0.5393333333333333,0.256,0.2833333333333333
americas,30,deterministic,0.75,current_only,20260930,teamfight,0.019150453295304064,0.502,0.37,0.132
americas,30,deterministic,0.75,current_only,20261001,teamfight,0.020270958541305898,0.5646666666666667,0.41933333333333334,0.14533333333333334
americas,30,deterministic,0.75,current_only,20261002,teamfight,0.020169094428033003,0.5066666666666667,0.37133333333333335,0.13533333333333333
americas,30,deterministic,0.75,current_only,20260930,macro,0.09364450618673485,0.6622222222222222,0.4673333333333334,0.1948888888888889
americas,30,deterministic,0.75,current_only,20261001,macro,0.09226105600818685,0.6662222222222222,0.4657777777777778,0.20044444444444445
americas,30,deterministic,0.75,current_only,20261002,macro,0.08733364903075397,0.6017777777777779,0.42333333333333334,0.17844444444444443
americas,30,deterministic,0.75,independent,20260930,baron,0.17228694052728388,0.7006666666666667,0.5773333333333334,0.12333333333333334
americas,30,deterministic,0.75,independent,20261001,baron,0.18209687308399755,0.736,0.606,0.13
americas,30,deterministic,0.75,independent,20261002,baron,0.17657878602084612,0.6606666666666666,0.5326666666666666,0.128
americas,30,deterministic,0.75,independent,20260930,dragon,0.10519909580942445,0.7153333333333334,0.37133333333333335,0.344
americas,30,deterministic,0.75,independent,20261001,dragon,0.0904190575552078,0.6073333333333333,0.30533333333333335,0.302
americas,30,deterministic,0.75,independent,20261002,dragon,0.0737263084680925,0.5033333333333333,0.244,0.25933333333333336
americas,30,deterministic,0.75,independent,20260930,teamfight,0.02658653356422532,0.6933333333333334,0.48533333333333334,0.208
americas,30,deterministic,0.75,independent,20261001,teamfight,0.026382805337679536,0.674,0.472,0.202
americas,30,deterministic,0.75,independent,20261002,teamfight,0.0286238158296832,0.7253333333333334,0.5113333333333333,0.214
americas,30,deterministic,0.75,independent,20260930,macro,0.10135752330031121,0.7031111111111111,0.47800000000000004,0.22511111111111112
americas,30,deterministic,0.75,independent,20261001,macro,0.09963291199229496,0.6724444444444444,0.4611111111111111,0.21133333333333335
americas,30,deterministic,0.75,independent,20261002,macro,0.09297630343954061,0.6297777777777778,0.4293333333333333,0.20044444444444445
americas,30,deterministic,0.75,pcgrad,20260930,baron,0.17780502759043532,0.718,0.598,0.12
americas,30,deterministic,0.75,pcgrad,20261001,baron,0.17780502759043532,0.758,0.634,0.124
americas,30,deterministic,0.75,pcgrad,20261002,baron,0.17903126916002451,0.7746666666666666,0.644,0.13066666666666665
americas,30,deterministic,0.75,pcgrad,20260930,dragon,0.10745957224830464,0.7166666666666667,0.37466666666666665,0.342
americas,30,deterministic,0.75,pcgrad,20261001,dragon,0.0892018779342723,0.5493333333333333,0.2653333333333333,0.284
americas,30,deterministic,0.75,pcgrad,20261002,dragon,0.09407059641801425,0.612,0.30333333333333334,0.30866666666666664
americas,30,deterministic,0.75,pcgrad,20260930,teamfight,0.022206376693490883,0.492,0.3293333333333333,0.16266666666666665
americas,30,deterministic,0.75,pcgrad,20261001,teamfight,0.024345523072221657,0.5853333333333334,0.404,0.18133333333333335
americas,30,deterministic,0.75,pcgrad,20261002,teamfight,0.02658653356422532,0.6366666666666667,0.44333333333333336,0.19333333333333333
americas,30,deterministic,0.75,pcgrad,20260930,macro,0.10249032551074362,0.6422222222222222,0.43399999999999994,0.20822222222222223
americas,30,deterministic,0.75,pcgrad,20261001,macro,0.09711747619897643,0.6308888888888888,0.4344444444444444,0.19644444444444442
americas,30,deterministic,0.75,pcgrad,20261002,macro,0.09989613304742136,0.6744444444444445,0.46355555555555555,0.21088888888888888
americas,30,deterministic,1.0,leagueews,20260930,baron,0.20600858369098712,0.9886666666666667,0.8533333333333334,0.13533333333333333
americas,30,deterministic,1.0,leagueews,20261001,baron,0.20907418761496016,1.0113333333333334,0.8746666666666667,0.13666666666666666
americas,30,deterministic,1.0,leagueews,20261002,baron,0.2017167381974249,0.976,0.8413333333333334,0.13466666666666666
americas,30,deterministic,1.0,leagueews,20260930,dragon,0.1411928360285168,0.9666666666666667,0.5526666666666666,0.414
americas,30,deterministic,1.0,leagueews,20261001,dragon,0.12606503216831855,0.7973333333333333,0.43466666666666665,0.3626666666666667
americas,30,deterministic,1.0,leagueews,20261002,dragon,0.13162928186402365,0.87,0.48733333333333334,0.38266666666666665
americas,30,deterministic,1.0,leagueews,20260930,teamfight,0.03259651624732607,0.8073333333333333,0.5786666666666667,0.22866666666666666
americas,30,deterministic,1.0,leagueews,20261001,teamfight,0.02913313639604767,0.76,0.542,0.218
americas,30,deterministic,1.0,leagueews,20261002,teamfight,0.030253641642049505,0.7226666666666667,0.522,0.20066666666666666
americas,30,deterministic,1.0,leagueews,20260930,macro,0.12659931198894334,0.9208888888888889,0.6615555555555556,0.25933333333333336
americas,30,deterministic,1.0,leagueews,20261001,macro,0.12142411872644214,0.8562222222222223,0.6171111111111112,0.23911111111111114
americas,30,deterministic,1.0,leagueews,20261002,macro,0.12119988723449936,0.8562222222222222,0.6168888888888889,0.23933333333333331
americas,30,deterministic,1.0,gru,20260930,baron,0.11710606989576947,0.8106666666666666,0.736,0.07466666666666667
americas,30,deterministic,1.0,gru,20261001,baron,0.1477621091354997,1.012,0.9153333333333333,0.09666666666666666
americas,30,deterministic,1.0,gru,20261002,baron,0.0944206008583691,0.9433333333333334,0.878,0.06533333333333333
americas,30,deterministic,1.0,gru,20260930,dragon,0.10102590853764562,0.8826666666666667,0.708,0.17466666666666666
americas,30,deterministic,1.0,gru,20261001,dragon,0.09007129194922622,0.9093333333333333,0.7726666666666666,0.13666666666666666
americas,30,deterministic,1.0,gru,20261002,dragon,0.08155103460267779,0.7426666666666667,0.6006666666666667,0.142
americas,30,deterministic,1.0,gru,20260930,teamfight,0.019456045635122748,0.5946666666666667,0.486,0.10866666666666666
americas,30,deterministic,1.0,gru,20261001,teamfight,0.02342874605276561,0.7273333333333334,0.594,0.13333333333333333
americas,30,deterministic,1.0,gru,20261002,teamfight,0.020678414994397473,0.77,0.6666666666666666,0.10333333333333333
americas,30,deterministic,1.0,gru,20260930,macro,0.07919600802284595,0.7626666666666667,0.6433333333333333,0.11933333333333333
americas,30,deterministic,1.0,gru,20261001,macro,0.08708738237916384,0.882888888888889,0.7606666666666667,0.12222222222222223
americas,30,deterministic,1.0,gru,20261002,macro,0.06555001681848145,0.8186666666666667,0.7151111111111111,0.10355555555555555
americas,30,deterministic,1.0,tcn,20260930,baron,0.20478234212139793,1.02,0.876,0.144
americas,30,deterministic,1.0,tcn,20261001,baron,0.20784794604537093,1.026,0.8826666666666667,0.14333333333333334
americas,30,deterministic,1.0,tcn,20261002,baron,0.19865113427345188,1.004,0.864,0.14
americas,30,deterministic,1.0,tcn,20260930,dragon,0.1255433837593462,0.8066666666666666,0.44333333333333336,0.36333333333333334
americas,30,deterministic,1.0,tcn,20261001,dragon,0.1364980003477656,0.8926666666666667,0.5073333333333333,0.38533333333333336
americas,30,deterministic,1.0,tcn,20261002,dragon,0.1507563901930099,0.9966666666666667,0.5866666666666667,0.41
americas,30,deterministic,1.0,tcn,20260930,teamfight,0.027401446470408476,0.6993333333333334,0.5033333333333333,0.196
americas,30,deterministic,1.0,tcn,20261001,teamfight,0.03178160334114292,0.862,0.626,0.236
americas,30,deterministic,1.0,tcn,20261002,teamfight,0.025160435978404807,0.642,0.448,0.194
americas,30,deterministic,1.0,tcn,20260930,macro,0.11924239078371755,0.842,0.6075555555555555,0.23444444444444446
americas,30,deterministic,1.0,tcn,20261001,macro,0.1253758499114265,0.926888888888889,0.672,0.2548888888888889
americas,30,deterministic,1.0,tcn,20261002,macro,0.12485598681495552,0.8808888888888888,0.632888888888889,0.248
americas,30,deterministic,1.0,snapshot,20260930,baron,0.18270999386879216,1.032,0.8993333333333333,0.13266666666666665
americas,30,deterministic,1.0,snapshot,20261001,baron,0.17167381974248927,0.9606666666666667,0.832,0.12866666666666668
americas,30,deterministic,1.0,snapshot,20261002,baron,0.17657878602084612,0.994,0.8646666666666667,0.12933333333333333
americas,30,deterministic,1.0,snapshot,20260930,dragon,0.12032689966962268,0.8526666666666667,0.4866666666666667,0.366
americas,30,deterministic,1.0,snapshot,20261001,dragon,0.1178925404277517,0.8066666666666666,0.462,0.3446666666666667
americas,30,deterministic,1.0,snapshot,20261002,dragon,0.11858807163971483,0.8093333333333333,0.458,0.35133333333333333
americas,30,deterministic,1.0,snapshot,20260930,teamfight,0.02729958235713558,0.828,0.6393333333333333,0.18866666666666668
americas,30,deterministic,1.0,snapshot,20261001,teamfight,0.02628094122440664,0.74,0.572,0.168
americas,30,deterministic,1.0,snapshot,20261002,teamfight,0.02831822348986452,0.8246666666666667,0.642,0.18266666666666667
americas,30,deterministic,1.0,snapshot,20260930,macro,0.11011215863185014,0.9042222222222223,0.6751111111111111,0.22911111111111113
americas,30,deterministic,1.0,snapshot,20261001,macro,0.10528243379821588,0.8357777777777778,0.622,0.21377777777777782
americas,30,deterministic,1.0,snapshot,20261002,macro,0.10782836038347515,0.876,0.6548888888888889,0.22111111111111112
americas,30,deterministic,1.0,current_only,20260930,baron,0.1771919068056407,1.0113333333333334,0.8806666666666667,0.13066666666666665
americas,30,deterministic,1.0,current_only,20261001,baron,0.17228694052728388,0.9366666666666666,0.8053333333333333,0.13133333333333333
americas,30,deterministic,1.0,current_only,20261002,baron,0.1771919068056407,0.91,0.7873333333333333,0.12266666666666666
americas,30,deterministic,1.0,current_only,20260930,dragon,0.14049730481655365,0.9533333333333334,0.544,0.4093333333333333
americas,30,deterministic,1.0,current_only,20261001,dragon,0.14258389845244304,0.9726666666666667,0.5626666666666666,0.41
americas,30,deterministic,1.0,current_only,20261002,dragon,0.1245000869414015,0.8053333333333333,0.436,0.36933333333333335
americas,30,deterministic,1.0,current_only,20260930,teamfight,0.02760517469695426,0.8093333333333333,0.6153333333333333,0.194
americas,30,deterministic,1.0,current_only,20261001,teamfight,0.03086482632168687,0.9153333333333333,0.7113333333333334,0.204
americas,30,deterministic,1.0,current_only,20261002,teamfight,0.02913313639604767,0.8173333333333334,0.6333333333333333,0.184
americas,30,deterministic,1.0,current_only,20260930,macro,0.11509812877304954,0.9246666666666666,0.68,0.24466666666666667
americas,30,deterministic,1.0,current_only,20261001,macro,0.11524522176713792,0.9415555555555555,0.6931111111111111,0.24844444444444444
americas,30,deterministic,1.0,current_only,20261002,macro,0.11027504338102996,0.8442222222222222,0.6188888888888889,0.2253333333333333
americas,30,deterministic,1.0,independent,20260930,baron,0.2017167381974249,1.008,0.864,0.144
americas,30,deterministic,1.0,independent,20261001,baron,0.20600858369098712,0.98,0.8393333333333334,0.14066666666666666
americas,30,deterministic,1.0,independent,20261002,baron,0.21091354996934397,0.9773333333333334,0.8366666666666667,0.14066666666666666
americas,30,deterministic,1.0,independent,20260930,dragon,0.10519909580942445,0.7153333333333334,0.37133333333333335,0.344
americas,30,deterministic,1.0,independent,20261001,dragon,0.12415232133541992,0.846,0.466,0.38
americas,30,deterministic,1.0,independent,20261002,dragon,0.11128499391410189,0.756,0.4053333333333333,0.3506666666666667
americas,30,deterministic,1.0,independent,20260930,teamfight,0.03575430375878578,0.982,0.7213333333333334,0.26066666666666666
americas,30,deterministic,1.0,independent,20261001,teamfight,0.026382805337679536,0.674,0.472,0.202
americas,30,deterministic,1.0,independent,20261002,teamfight,0.0286238158296832,0.7253333333333334,0.5113333333333333,0.214
americas,30,deterministic,1.0,independent,20260930,macro,0.11422337925521171,0.9017777777777778,0.6522222222222223,0.24955555555555553
americas,30,deterministic,1.0,independent,20261001,macro,0.11884790345469554,0.8333333333333334,0.5924444444444444,0.24088888888888885
americas,30,deterministic,1.0,independent,20261002,macro,0.11694078657104302,0.8195555555555556,0.5844444444444444,0.23511111111111113
americas,30,deterministic,1.0,pcgrad,20260930,baron,0.2004904966278357,0.9273333333333333,0.7953333333333333,0.132
americas,30,deterministic,1.0,pcgrad,20261001,baron,0.2017167381974249,0.9786666666666667,0.8426666666666667,0.136
americas,30,deterministic,1.0,pcgrad,20261002,baron,0.20478234212139793,0.9973333333333333,0.8613333333333333,0.136
americas,30,deterministic,1.0,pcgrad,20260930,dragon,0.14258389845244304,0.946,0.54,0.406
americas,30,deterministic,1.0,pcgrad,20261001,dragon,0.14936532776908365,0.9833333333333333,0.5673333333333334,0.416
americas,30,deterministic,1.0,pcgrad,20261002,dragon,0.13632411754477483,0.8773333333333333,0.49,0.3873333333333333
americas,30,deterministic,1.0,pcgrad,20260930,teamfight,0.030253641642049505,0.736,0.518,0.218
americas,30,deterministic,1.0,pcgrad,20261001,teamfight,0.03473566262605684,0.926,0.6773333333333333,0.24866666666666667
americas,30,deterministic,1.0,pcgrad,20261002,teamfight,0.03728226545787919,0.9533333333333334,0.7093333333333334,0.244
americas,30,deterministic,1.0,pcgrad,20260930,macro,0.12444267890744275,0.8697777777777778,0.6177777777777778,0.252
americas,30,deterministic,1.0,pcgrad,20261001,macro,0.12860590953085513,0.9626666666666667,0.6957777777777778,0.2668888888888889
americas,30,deterministic,1.0,pcgrad,20261002,macro,0.12612957504135067,0.9426666666666668,0.6868888888888889,0.25577777777777777
americas,30,deterministic,mean,leagueews,20260930,baron,0.15542611894543223,0.6121666666666666,0.5025000000000001,0.10966666666666666
americas,30,deterministic,mean,leagueews,20261001,baron,0.15419987737584306,0.5916666666666667,0.4821666666666667,0.1095
americas,30,deterministic,mean,leagueews,20261002,baron,0.14944819129368486,0.6171666666666666,0.5051666666666667,0.112
americas,30,deterministic,mean,leagueews,20260930,dragon,0.08024691358024691,0.542,0.2806666666666666,0.2613333333333333
americas,30,deterministic,mean,leagueews,20261001,dragon,0.07720396452790819,0.4893333333333334,0.238,0.25133333333333335
americas,30,deterministic,mean,leagueews,20261002,dragon,0.075943314206225,0.492,0.246,0.246
americas,30,deterministic,mean,leagueews,20260930,teamfight,0.020474686767851687,0.474,0.32016666666666665,0.15383333333333332
americas,30,deterministic,mean,leagueews,20261001,teamfight,0.017265967199755525,0.4225,0.28400000000000003,0.1385
americas,30,deterministic,mean,leagueews,20261002,teamfight,0.01859020067230315,0.4196666666666667,0.2846666666666667,0.135
americas,30,deterministic,mean,leagueews,20260930,macro,0.0853825730978436,0.5427222222222222,0.36777777777777776,0.17494444444444443
americas,30,deterministic,mean,leagueews,20261001,macro,0.08288993636783559,0.5011666666666666,0.3347222222222222,0.16644444444444445
americas,30,deterministic,mean,leagueews,20261002,macro,0.08132723539073768,0.5096111111111111,0.3452777777777778,0.16433333333333333
americas,30,deterministic,mean,gru,20260930,baron,0.07801961986511344,0.507,0.45166666666666666,0.05533333333333333
americas,30,deterministic,mean,gru,20261001,baron,0.09227467811158799,0.5608333333333333,0.49283333333333335,0.068
americas,30,deterministic,mean,gru,20261002,baron,0.06345800122624158,0.5700000000000001,0.525,0.045
americas,30,deterministic,mean,gru,20260930,dragon,0.06238045557294383,0.49316666666666664,0.392,0.10116666666666665
americas,30,deterministic,mean,gru,20261001,dragon,0.04603547209181012,0.46066666666666667,0.40249999999999997,0.058166666666666665
americas,30,deterministic,mean,gru,20261002,dragon,0.05294731351069379,0.4683333333333334,0.38133333333333336,0.087
americas,30,deterministic,mean,gru,20260930,teamfight,0.013802587348477134,0.4093333333333333,0.3293333333333333,0.07999999999999999
americas,30,deterministic,mean,gru,20261001,teamfight,0.017011306916573293,0.5038333333333334,0.4091666666666667,0.09466666666666668
americas,30,deterministic,mean,gru,20261002,teamfight,0.012147295507792606,0.42533333333333334,0.3646666666666667,0.06066666666666667
americas,30,deterministic,mean,gru,20260930,macro,0.05140088759551147,0.4698333333333333,0.391,0.07883333333333332
americas,30,deterministic,mean,gru,20261001,macro,0.05177381903999046,0.5084444444444445,0.43483333333333335,0.07361111111111111
americas,30,deterministic,mean,gru,20261002,macro,0.04285087008157599,0.487888888888889,0.4236666666666667,0.06422222222222222
americas,30,deterministic,mean,tcn,20260930,baron,0.1517473942366646,0.6498333333333333,0.5353333333333333,0.11449999999999999
americas,30,deterministic,mean,tcn,20261001,baron,0.14791538933169834,0.6068333333333333,0.49483333333333335,0.11199999999999999
americas,30,deterministic,mean,tcn,20261002,baron,0.14822194972409564,0.6273333333333333,0.5126666666666666,0.11466666666666667
americas,30,deterministic,mean,tcn,20260930,dragon,0.07316118935837246,0.4693333333333333,0.22883333333333333,0.2405
americas,30,deterministic,mean,tcn,20261001,dragon,0.08611545818118588,0.5525,0.2833333333333333,0.26916666666666667
americas,30,deterministic,mean,tcn,20261002,dragon,0.09276647539558337,0.5968333333333333,0.31283333333333335,0.284
americas,30,deterministic,mean,tcn,20260930,teamfight,0.018208210247529794,0.44366666666666665,0.30533333333333335,0.1383333333333333
americas,30,deterministic,mean,tcn,20261001,teamfight,0.020067230314760112,0.5001666666666666,0.3461666666666666,0.154
americas,30,deterministic,mean,tcn,20261002,teamfight,0.019863502088214323,0.4843333333333333,0.3288333333333333,0.1555
americas,30,deterministic,mean,tcn,20260930,macro,0.08103893128085563,0.5209444444444444,0.35650000000000004,0.16444444444444442
americas,30,deterministic,mean,tcn,20261001,macro,0.08469935927588144,0.5531666666666667,0.3747777777777778,0.1783888888888889
americas,30,deterministic,mean,tcn,20261002,macro,0.0869506424026311,0.5695,0.3847777777777777,0.1847222222222222
americas,30,deterministic,mean,snapshot,20260930,baron,0.12798896382587371,0.6295,0.53,0.09949999999999999
americas,30,deterministic,mean,snapshot,20261001,baron,0.11894543225015328,0.5741666666666667,0.4783333333333333,0.09583333333333333
americas,30,deterministic,mean,snapshot,20261002,baron,0.12492335990190068,0.5961666666666667,0.49766666666666665,0.0985
americas,30,deterministic,mean,snapshot,20260930,dragon,0.06785776386715353,0.4658333333333334,0.24183333333333334,0.224
americas,30,deterministic,mean,snapshot,20261001,dragon,0.06424969570509477,0.4358333333333333,0.22683333333333333,0.20900000000000002
americas,30,deterministic,mean,snapshot,20261002,dragon,0.06546687532603025,0.4448333333333333,0.22966666666666669,0.21516666666666667
americas,30,deterministic,mean,snapshot,20260930,teamfight,0.01831007436080269,0.5105,0.3845,0.126
americas,30,deterministic,mean,snapshot,20261001,teamfight,0.019761637974941428,0.5488333333333333,0.4158333333333333,0.133
americas,30,deterministic,mean,snapshot,20261002,teamfight,0.017979015992665784,0.51,0.3805,0.1295
americas,30,deterministic,mean,snapshot,20260930,macro,0.07138560068460997,0.5352777777777777,0.3854444444444445,0.14983333333333335
americas,30,deterministic,mean,snapshot,20261001,macro,0.06765225531006316,0.5196111111111111,0.37366666666666665,0.14594444444444446
americas,30,deterministic,mean,snapshot,20261002,macro,0.06945641707353223,0.517,0.3692777777777778,0.14772222222222223
americas,30,deterministic,mean,current_only,20260930,baron,0.12998160637645614,0.6186666666666667,0.5191666666666667,0.09949999999999999
americas,30,deterministic,mean,current_only,20261001,baron,0.1292152053954629,0.5938333333333333,0.4913333333333334,0.10250000000000001
americas,30,deterministic,mean,current_only,20261002,baron,0.13136112814224402,0.595,0.4946666666666667,0.10033333333333332
americas,30,deterministic,mean,current_only,20260930,dragon,0.08494174926099808,0.5648333333333333,0.2935,0.2713333333333333
americas,30,deterministic,mean,current_only,20261001,dragon,0.08155103460267779,0.5405,0.2841666666666667,0.2563333333333333
americas,30,deterministic,mean,current_only,20261002,dragon,0.06946617979481828,0.444,0.21316666666666667,0.23083333333333333
americas,30,deterministic,mean,current_only,20260930,teamfight,0.01912498726698584,0.5243333333333333,0.38683333333333336,0.1375
americas,30,deterministic,mean,current_only,20261001,teamfight,0.017749821737801773,0.5016666666666667,0.37133333333333335,0.13033333333333333
americas,30,deterministic,mean,current_only,20261002,teamfight,0.019074055210349394,0.49850000000000005,0.3705,0.128
americas,30,deterministic,mean,current_only,20260930,macro,0.07801611430148002,0.5692777777777778,0.3998333333333333,0.16944444444444443
americas,30,deterministic,mean,current_only,20261001,macro,0.07617202057864748,0.5453333333333333,0.38227777777777777,0.16305555555555554
americas,30,deterministic,mean,current_only,20261002,macro,0.07330045438247056,0.5125000000000001,0.35944444444444446,0.15305555555555556
americas,30,deterministic,mean,independent,20260930,baron,0.1483752299202943,0.5903333333333334,0.4783333333333333,0.11199999999999999
americas,30,deterministic,mean,independent,20261001,baron,0.1549662783568363,0.5951666666666666,0.48,0.11516666666666667
americas,30,deterministic,mean,independent,20261002,baron,0.15343347639484978,0.5686666666666667,0.4555,0.11316666666666667
americas,30,deterministic,mean,independent,20260930,dragon,0.07920361676230221,0.5326666666666666,0.26216666666666666,0.27049999999999996
americas,30,deterministic,mean,independent,20261001,dragon,0.07650843331594506,0.5125,0.25666666666666665,0.25583333333333336
americas,30,deterministic,mean,independent,20261002,dragon,0.06998782820379064,0.4748333333333333,0.23566666666666666,0.2391666666666667
americas,30,deterministic,mean,independent,20260930,teamfight,0.02111133747580727,0.5686666666666667,0.3975,0.1711666666666667
americas,30,deterministic,mean,independent,20261001,teamfight,0.018946725068758278,0.4793333333333334,0.32716666666666666,0.15216666666666667
americas,30,deterministic,mean,independent,20261002,teamfight,0.020754813079352143,0.513,0.3525,0.1605
americas,30,deterministic,mean,independent,20260930,macro,0.08289672805280127,0.5638888888888889,0.3793333333333333,0.18455555555555556
americas,30,deterministic,mean,independent,20261001,macro,0.08347381224717988,0.529,0.35461111111111104,0.1743888888888889
americas,30,deterministic,mean,independent,20261002,macro,0.08139203922599751,0.5188333333333333,0.3478888888888889,0.17094444444444445
americas,30,deterministic,mean,pcgrad,20260930,baron,0.15236051502145923,0.5756666666666667,0.4681666666666666,0.1075
americas,30,deterministic,mean,pcgrad,20261001,baron,0.15297363580625384,0.6098333333333333,0.4993333333333333,0.1105
americas,30,deterministic,mean,pcgrad,20261002,baron,0.15006131207847945,0.617,0.5038333333333334,0.11316666666666667
americas,30,deterministic,mean,pcgrad,20260930,dragon,0.08528951486697967,0.5716666666666667,0.29683333333333334,0.2748333333333334
americas,30,deterministic,mean,pcgrad,20261001,dragon,0.08172491740566859,0.5216666666666666,0.26283333333333336,0.2588333333333333
americas,30,deterministic,mean,pcgrad,20261002,dragon,0.07863849765258216,0.5065,0.2515,0.255
americas,30,deterministic,mean,pcgrad,20260930,teamfight,0.018768462870530713,0.4295,0.2856666666666667,0.1438333333333333
americas,30,deterministic,mean,pcgrad,20261001,teamfight,0.020984007334216154,0.5183333333333334,0.35950000000000004,0.15883333333333335
americas,30,deterministic,mean,pcgrad,20261002,teamfight,0.021951716410308648,0.527,0.3696666666666667,0.15733333333333333
americas,30,deterministic,mean,pcgrad,20260930,macro,0.08547283091965653,0.5256111111111111,0.3502222222222222,0.1753888888888889
americas,30,deterministic,mean,pcgrad,20261001,macro,0.0852275201820462,0.5499444444444445,0.3738888888888889,0.17605555555555555
americas,30,deterministic,mean,pcgrad,20261002,macro,0.08355050871379009,0.5501666666666667,0.375,0.17516666666666666
americas,30,matched_early_mixture,0.25,leagueews,20260930,baron,0.09435289426863731,0.25142126789366126,0.1712535787321067,0.0801676891615543
americas,30,matched_early_mixture,0.25,leagueews,20261001,baron,0.09936538017469962,0.24379220779220806,0.16290043290043285,0.08089177489177485
americas,30,matched_early_mixture,0.25,leagueews,20261002,baron,0.08773827320386608,0.2530037453183525,0.17343820224719086,0.07956554307116098
americas,30,matched_early_mixture,0.25,leagueews,20260930,dragon,0.04018300069114761,0.2661064425770307,0.12535014005602235,0.14075630252100807
americas,30,matched_early_mixture,0.25,leagueews,20261001,dragon,0.04372343737995023,0.2805232558139548,0.11967054263565924,0.16085271317829536
americas,30,matched_early_mixture,0.25,leagueews,20261002,dragon,0.045896104652073805,0.28648068669527965,0.12231759656652336,0.16416309012875469
americas,30,matched_early_mixture,0.25,leagueews,20260930,teamfight,0.011508270690860476,0.28002621995629884,0.17969458606457833,0.10033163389172099
americas,30,matched_early_mixture,0.25,leagueews,20261001,teamfight,0.009302322045674665,0.25859950248756264,0.17803855721393036,0.0805609452736318
americas,30,matched_early_mixture,0.25,leagueews,20261002,teamfight,0.010684012149077899,0.24423521891978206,0.16932502396932056,0.0749101949504636
americas,30,matched_early_mixture,0.25,leagueews,20260930,macro,0.04868138855021512,0.26585131014233027,0.15876610161756913,0.10708520852476112
americas,30,matched_early_mixture,0.25,leagueews,20261001,macro,0.050797046533441505,0.2609716553645752,0.15353651091667417,0.10743514444790066
americas,30,matched_early_mixture,0.25,leagueews,20261002,macro,0.0481061300016726,0.2612398836444714,0.15502694092767824,0.10621294271679309
americas,30,matched_early_mixture,0.25,gru,20260930,baron,0.04075353512928808,0.23802025111381075,0.20257594167679224,0.03544430943701884
americas,30,matched_early_mixture,0.25,gru,20261001,baron,0.051861561555212585,0.25917624521072785,0.21246360153256716,0.04671264367816092
americas,30,matched_early_mixture,0.25,gru,20261002,baron,0.03295564449293626,0.2615135608048999,0.23550656167979017,0.026006999125109346
americas,30,matched_early_mixture,0.25,gru,20260930,dragon,0.03542459959080097,0.24737151248164316,0.19872246696035242,0.04864904552129214
americas,30,matched_early_mixture,0.25,gru,20261001,dragon,0.024890740221783166,0.2512896094325735,0.21352247605011082,0.037767133382461224
americas,30,matched_early_mixture,0.25,gru,20261002,dragon,0.030501791065171265,0.24012474012474103,0.1964656964656964,0.0436590436590435
americas,30,matched_early_mixture,0.25,gru,20260930,teamfight,0.008188571395253667,0.25028058361391703,0.20454545454545472,0.04573512906846242
americas,30,matched_early_mixture,0.25,gru,20261001,teamfight,0.00797257692358177,0.24750453720508145,0.20213248638838419,0.04537205081669687
americas,30,matched_early_mixture,0.25,gru,20261002,teamfight,0.007000380147317722,0.2328185524974516,0.19544002718314463,0.037378525314305105
americas,30,matched_early_mixture,0.25,gru,20260930,macro,0.028122235371780907,0.24522411573645697,0.2019479543941998,0.043276161342257806
americas,30,matched_early_mixture,0.25,gru,20261001,macro,0.028241626233525843,0.2526567972827943,0.2093728546570207,0.04328394262577301
americas,30,matched_early_mixture,0.25,gru,20261002,macro,0.023485938568475084,0.24481895114236418,0.20913742844287708,0.03568152269948598
americas,30,matched_early_mixture,0.25,tcn,20260930,baron,0.09010761326877945,0.26616091954023086,0.18358620689655197,0.08257471264367847
americas,30,matched_early_mixture,0.25,tcn,20261001,baron,0.09004878308852927,0.2651207729468606,0.18580676328502416,0.07931400966183574
americas,30,matched_early_mixture,0.25,tcn,20261002,baron,0.09145950615907698,0.2671666666666665,0.18649242424242443,0.0806742424242425
americas,30,matched_early_mixture,0.25,tcn,20260930,dragon,0.04083528951486698,0.2646875,0.12875,0.1359375
americas,30,matched_early_mixture,0.25,tcn,20261001,dragon,0.043309219689940726,0.2715453194650824,0.12555720653788974,0.14598811292719252
americas,30,matched_early_mixture,0.25,tcn,20261002,dragon,0.043232225116635166,0.26880877742946707,0.12382445141065862,0.14498432601880976
americas,30,matched_early_mixture,0.25,tcn,20260930,teamfight,0.011560229447567736,0.2602292768959435,0.16544620811287475,0.09478306878306876
americas,30,matched_early_mixture,0.25,tcn,20261001,teamfight,0.009737034814772484,0.2556642647451295,0.18071470509741092,0.07494955964771786
americas,30,matched_early_mixture,0.25,tcn,20261002,teamfight,0.00990022167571315,0.25158730158730264,0.17314285714285677,0.07844444444444422
americas,30,matched_early_mixture,0.25,tcn,20260930,macro,0.04750104407707139,0.26369256547872477,0.15926080500314224,0.1044317604755824
americas,30,matched_early_mixture,0.25,tcn,20261001,macro,0.047698345864414154,0.26411011905235754,0.16402622497344163,0.10008389407891538
americas,30,matched_early_mixture,0.25,tcn,20261002,macro,0.0481973176504751,0.26252091522781207,0.16115324426531327,0.10136767096249882
americas,30,matched_early_mixture,0.25,snapshot,20260930,baron,0.07209743046652929,0.2714848484848476,0.2056060606060607,0.06587878787878798
americas,30,matched_early_mixture,0.25,snapshot,20261001,baron,0.06710885680842768,0.25199999999999945,0.1855151515151512,0.06648484848484824
americas,30,matched_early_mixture,0.25,snapshot,20261002,baron,0.07076933093872599,0.2587256637168133,0.1910678466076698,0.0676578171091446
americas,30,matched_early_mixture,0.25,snapshot,20260930,dragon,0.04013827860799858,0.26716247139588095,0.11441647597254012,0.15274599542334066
americas,30,matched_early_mixture,0.25,snapshot,20261001,dragon,0.03724490535838827,0.25484414490311724,0.14595619208087596,0.10888795282224106
americas,30,matched_early_mixture,0.25,snapshot,20261002,dragon,0.04208899143297724,0.2799511002444992,0.12224938875305631,0.1577017114914426
americas,30,matched_early_mixture,0.25,snapshot,20260930,teamfight,0.010391888293977197,0.2800743919885557,0.20878683834048628,0.07128755364806844
americas,30,matched_early_mixture,0.25,snapshot,20261001,teamfight,0.01111818072655312,0.2928289775332422,0.21058780375974315,0.0822411737734982
americas,30,matched_early_mixture,0.25,snapshot,20261002,teamfight,0.011217785474177455,0.28500000000000025,0.19852777777777772,0.08647222222222198
americas,30,matched_early_mixture,0.25,snapshot,20260930,macro,0.04087586578950169,0.2729072372897614,0.1762697916396957,0.0966374456500657
americas,30,matched_early_mixture,0.25,snapshot,20261001,macro,0.038490647631123025,0.2665577074787863,0.18068638245192345,0.08587132502686251
americas,30,matched_early_mixture,0.25,snapshot,20261002,macro,0.04135870261529356,0.27455892132043763,0.17061500437950128,0.10394391694093641
americas,30,matched_early_mixture,0.25,current_only,20260930,baron,0.07862050701922556,0.25634115805946855,0.18798435054773116,0.0683568075117372
americas,30,matched_early_mixture,0.25,current_only,20261001,baron,0.08175392969997496,0.2577509157509151,0.18642857142857133,0.07132234432234444
americas,30,matched_early_mixture,0.25,current_only,20261002,baron,0.07962096175222948,0.2632032520325192,0.19123577235772363,0.07196747967479682
americas,30,matched_early_mixture,0.25,current_only,20260930,dragon,0.0411419132076409,0.2645089285714289,0.12202380952380952,0.14248511904761993
americas,30,matched_early_mixture,0.25,current_only,20261001,dragon,0.040079160323011356,0.2571234735413849,0.12754409769335118,0.12957937584803317
americas,30,matched_early_mixture,0.25,current_only,20261002,dragon,0.04005953632368696,0.2619559834938101,0.1216909674461255,0.1402650160476846
americas,30,matched_early_mixture,0.25,current_only,20260930,teamfight,0.010885371203675958,0.2930020399836806,0.1992541819665445,0.09374785801713627
americas,30,matched_early_mixture,0.25,current_only,20261001,teamfight,0.010791888849476818,0.28057498585172597,0.19334012450481072,0.08723486134691613
americas,30,matched_early_mixture,0.25,current_only,20261002,teamfight,0.010820410997596707,0.27951209253417514,0.19045636172450034,0.0890557308096738
americas,30,matched_early_mixture,0.25,current_only,20260930,macro,0.04354926381018081,0.2712840422048593,0.16975411401269505,0.10152992819216446
americas,30,matched_early_mixture,0.25,current_only,20261001,macro,0.04420832629082105,0.2651497917146753,0.1691042645422444,0.09604552717243124
americas,30,matched_early_mixture,0.25,current_only,20261002,macro,0.04350030302450438,0.26822377602016817,0.16779436717611648,0.10042940884405176
americas,30,matched_early_mixture,0.25,independent,20260930,baron,0.09123237277743712,0.23493333333333358,0.1545999999999998,0.08033333333333334
americas,30,matched_early_mixture,0.25,independent,20261001,baron,0.0953795101426451,0.2457819905213264,0.16517219589257534,0.08060979462875208
americas,30,matched_early_mixture,0.25,independent,20261002,baron,0.09322044953494138,0.24415602836879433,0.16123404255319157,0.08292198581560285
americas,30,matched_early_mixture,0.25,independent,20260930,dragon,0.039059070226271336,0.26559405940594183,0.13787128712871277,0.12772277227722847
americas,30,matched_early_mixture,0.25,independent,20261001,dragon,0.040479957887694165,0.2712445501387241,0.1354300435988907,0.1358145065398341
americas,30,matched_early_mixture,0.25,independent,20261002,dragon,0.03872702158295878,0.2653408239700379,0.1281685393258429,0.13717228464419523
americas,30,matched_early_mixture,0.25,independent,20260930,teamfight,0.009255071284074969,0.2615637922339902,0.17484972264246096,0.08671406959152796
americas,30,matched_early_mixture,0.25,independent,20261001,teamfight,0.009333587609308941,0.25549267643142465,0.18808255659121187,0.06741011984021329
americas,30,matched_early_mixture,0.25,independent,20261002,teamfight,0.01009777134160981,0.25587958607713934,0.18038570084666064,0.07549388523048003
americas,30,matched_early_mixture,0.25,independent,20260930,macro,0.04651550476259447,0.25403039499108854,0.15577366992372452,0.09825672506736326
americas,30,matched_early_mixture,0.25,independent,20261001,macro,0.04839768521321607,0.2575064056971584,0.1628949320275593,0.09461147366959982
americas,30,matched_early_mixture,0.25,independent,20261002,macro,0.04734841415316999,0.25512547947199055,0.15659609424189835,0.09852938523009269
americas,30,matched_early_mixture,0.25,pcgrad,20260930,baron,0.09656525157032711,0.2502793914246203,0.17131120331950245,0.07896818810511767
americas,30,matched_early_mixture,0.25,pcgrad,20261001,baron,0.09408119470964348,0.252440476190477,0.17412301587301612,0.07831746031746051
americas,30,matched_early_mixture,0.25,pcgrad,20261002,baron,0.09226896580613961,0.26729192546583946,0.18298136645962784,0.08431055900621147
americas,30,matched_early_mixture,0.25,pcgrad,20260930,dragon,0.04062016299374881,0.27421758569299465,0.12891207153502252,0.1453055141579731
americas,30,matched_early_mixture,0.25,pcgrad,20261001,dragon,0.041970770671708985,0.25846925972396667,0.12484316185696344,0.1336260978670024
americas,30,matched_early_mixture,0.25,pcgrad,20261002,dragon,0.03923968148693576,0.2552836484983311,0.12652947719688531,0.128754171301446
americas,30,matched_early_mixture,0.25,pcgrad,20260930,teamfight,0.010304344345157777,0.27682279360667134,0.19235255964790382,0.08447023395876764
americas,30,matched_early_mixture,0.25,pcgrad,20261001,teamfight,0.010019491141674136,0.2446194477791103,0.16248659463785453,0.08213285314125618
americas,30,matched_early_mixture,0.25,pcgrad,20261002,teamfight,0.01003771227485116,0.25813825338253404,0.18643444034440465,0.07170381303813077
americas,30,matched_early_mixture,0.25,pcgrad,20260930,macro,0.04916325296974456,0.26710659024142874,0.16419194483414293,0.10291464540728613
americas,30,matched_early_mixture,0.25,pcgrad,20261001,macro,0.048690485507675525,0.25184306123118466,0.15381759078927804,0.09802547044190636
americas,30,matched_early_mixture,0.25,pcgrad,20261002,macro,0.047182119855975514,0.2602379424489015,0.1653150946669726,0.09492284778192943
americas,30,matched_early_mixture,0.5,leagueews,20260930,baron,0.14918797142571968,0.5169147286821717,0.4090852713178302,0.10782945736434126
americas,30,matched_early_mixture,0.5,leagueews,20261001,baron,0.14794871111348054,0.5064154589371999,0.39769082125603944,0.10872463768115978
americas,30,matched_early_mixture,0.5,leagueews,20261002,baron,0.14343167562051676,0.5412587412587424,0.4258927738927738,0.11536596736596724
americas,30,matched_early_mixture,0.5,leagueews,20260930,dragon,0.08018305396675929,0.5311622418879084,0.2550206489675522,0.2761415929203556
americas,30,matched_early_mixture,0.5,leagueews,20261001,dragon,0.0819654281985902,0.5254766355140196,0.2545732087227407,0.2709034267912765
americas,30,matched_early_mixture,0.5,leagueews,20261002,dragon,0.08172491740566874,0.5233745704467354,0.25154639175257737,0.2718281786941595
americas,30,matched_early_mixture,0.5,leagueews,20260930,teamfight,0.020439000942298724,0.5407691187181347,0.3832634134498662,0.15750570526826901
americas,30,matched_early_mixture,0.5,leagueews,20261001,teamfight,0.018519503936971913,0.5138855721393041,0.3725348258706463,0.14135074626865618
americas,30,matched_early_mixture,0.5,leagueews,20261002,teamfight,0.020792291845860813,0.4913589006072228,0.351491850431451,0.13986705017577578
americas,30,matched_early_mixture,0.5,leagueews,20260930,macro,0.08327000877825923,0.5296153630960716,0.34912311124508283,0.1804922518509886
americas,30,matched_early_mixture,0.5,leagueews,20261001,macro,0.08281121441634755,0.5152592221968412,0.3415996186164754,0.17365960358036414
americas,30,matched_early_mixture,0.5,leagueews,20261002,macro,0.08198296162401544,0.5186640707709002,0.34297700535893405,0.17568706541196746
americas,30,matched_early_mixture,0.5,gru,20260930,baron,0.07623333753006926,0.5041198865937636,0.45044957472661107,0.05367031186715251
americas,30,matched_early_mixture,0.5,gru,20261001,baron,0.08974271635215832,0.516395061728394,0.4472921810699579,0.06910288065843614
americas,30,matched_early_mixture,0.5,gru,20261002,baron,0.05986211931212733,0.5203283036122548,0.47593049839963464,0.04439780521261983
americas,30,matched_early_mixture,0.5,gru,20260930,dragon,0.06486729016071723,0.4979166666666644,0.39103928571428437,0.10687738095238028
americas,30,matched_early_mixture,0.5,gru,20261001,dragon,0.04978148044356633,0.502579218865147,0.42704495210022164,0.07553426676492245
americas,30,matched_early_mixture,0.5,gru,20261002,dragon,0.05811360015229933,0.5025513033832502,0.4080587909040486,0.0944925124792015
americas,30,matched_early_mixture,0.5,gru,20260930,teamfight,0.016377142790507334,0.5005611672278342,0.40909090909090945,0.09147025813692489
americas,30,matched_early_mixture,0.5,gru,20261001,teamfight,0.01594515384716354,0.495009074410163,0.40426497277676837,0.09074410163339373
americas,30,matched_early_mixture,0.5,gru,20261002,teamfight,0.012568640161852798,0.4809072375127397,0.41613319741759625,0.06477404009514068
americas,30,matched_early_mixture,0.5,gru,20260930,macro,0.05249259016043128,0.5008659068294207,0.4168599231772683,0.08400598365215256
americas,30,matched_early_mixture,0.5,gru,20261001,macro,0.05182311688096273,0.504661118334568,0.42620070198231597,0.07846041635225078
americas,30,matched_early_mixture,0.5,gru,20261002,macro,0.04351478654209315,0.5012622815027482,0.4333741622404265,0.06788811926232068
americas,30,matched_early_mixture,0.5,tcn,20260930,baron,0.14626542250741217,0.5396913242009125,0.4294721461187218,0.11021917808219202
americas,30,matched_early_mixture,0.5,tcn,20261001,baron,0.138928949974805,0.5190053981106616,0.4092887989203782,0.10971659919028345
americas,30,matched_early_mixture,0.5,tcn,20261002,baron,0.14126302881667693,0.5325333333333321,0.41653333333333264,0.11599999999999987
americas,30,matched_early_mixture,0.5,tcn,20260930,dragon,0.08167057902973396,0.529375,0.2575,0.271875
americas,30,matched_early_mixture,0.5,tcn,20261001,dragon,0.08492032490927827,0.5369528351881251,0.2598547959724432,0.27709803921568354
americas,30,matched_early_mixture,0.5,tcn,20261002,dragon,0.08407391599879879,0.5345212121212094,0.2591515151515155,0.275369696969696
americas,30,matched_early_mixture,0.5,tcn,20260930,teamfight,0.020392506103002882,0.5167931136835856,0.3661899673493621,0.1506031463342246
americas,30,matched_early_mixture,0.5,tcn,20261001,teamfight,0.018942728798501732,0.5088668267947687,0.3666634641046165,0.14220336269015205
americas,30,matched_early_mixture,0.5,tcn,20261002,teamfight,0.019682410331284667,0.501851851851853,0.3493333333333316,0.1525185185185179
americas,30,matched_early_mixture,0.5,tcn,20260930,macro,0.082776169213383,0.528619812628166,0.3510540378226947,0.1775657748054722
americas,30,matched_early_mixture,0.5,tcn,20261001,macro,0.08093066789419501,0.5216083533645185,0.34526901966581264,0.17633933369870633
americas,30,matched_early_mixture,0.5,tcn,20261002,macro,0.08167311838225347,0.5229687991021316,0.34167272727272663,0.18129607182940458
americas,30,matched_early_mixture,0.5,snapshot,20260930,baron,0.123184422503647,0.5439540229885045,0.44906896551724124,0.0948850574712645
americas,30,matched_early_mixture,0.5,snapshot,20261001,baron,0.1173530514133193,0.5207373380447576,0.42786336866902164,0.0928739693757358
americas,30,matched_early_mixture,0.5,snapshot,20261002,baron,0.11667594208366727,0.5214399999999989,0.4275651282051275,0.09387487179487171
americas,30,matched_early_mixture,0.5,snapshot,20260930,dragon,0.079486803846963,0.5325966754155746,0.27244444444444443,0.2601522309711297
americas,30,matched_early_mixture,0.5,snapshot,20261001,dragon,0.07448981071677654,0.5096882898062345,0.2919123841617519,0.21777590564448213
americas,30,matched_early_mixture,0.5,snapshot,20261002,dragon,0.07873275134413707,0.5329677704194247,0.2799708609271522,0.2529969094922711
americas,30,matched_early_mixture,0.5,snapshot,20260930,teamfight,0.020343321026144605,0.5480655737704914,0.4146193078324228,0.13344626593806885
americas,30,matched_early_mixture,0.5,snapshot,20261001,teamfight,0.01963020944915056,0.5438606143970647,0.4134763869784508,0.13038422741861602
americas,30,matched_early_mixture,0.5,snapshot,20261002,teamfight,0.019094159969547938,0.545298245614034,0.4040175438596472,0.14128070175438592
americas,30,matched_early_mixture,0.5,snapshot,20260930,macro,0.0743381824589182,0.5415387573915235,0.3787109059313695,0.16282785146015435
americas,30,matched_early_mixture,0.5,snapshot,20261001,macro,0.0704910238597488,0.5247620807493524,0.37775071326974147,0.1470113674796113
americas,30,matched_early_mixture,0.5,snapshot,20261002,macro,0.07150095113245077,0.5332353386778191,0.3705178443306423,0.16271749434717622
americas,30,matched_early_mixture,0.5,current_only,20260930,baron,0.11978958405530528,0.5195458937198075,0.4291594202898554,0.09038647342995113
americas,30,matched_early_mixture,0.5,current_only,20261001,baron,0.12291845493562233,0.517733333333334,0.42064000000000057,0.09709333333333343
americas,30,matched_early_mixture,0.5,current_only,20261002,baron,0.1270107902059054,0.5336138290932804,0.43374298760600116,0.09987084148727987
americas,30,matched_early_mixture,0.5,current_only,20260930,dragon,0.0812403575724034,0.5241274238227122,0.2512206832871653,0.27290674053554764
americas,30,matched_early_mixture,0.5,current_only,20261001,dragon,0.08000373718263148,0.5142587064676641,0.25617711442786073,0.2580815920398021
americas,30,matched_early_mixture,0.5,current_only,20261002,dragon,0.07997245619863504,0.5233039889958736,0.24823842274186184,0.2750655662540119
americas,30,matched_early_mixture,0.5,current_only,20260930,teamfight,0.018693498613363904,0.534128110975111,0.39356262749897997,0.14056548347613165
americas,30,matched_early_mixture,0.5,current_only,20261001,teamfight,0.018963500652777732,0.5254816072439165,0.3881618562535365,0.13731975099037866
americas,30,matched_early_mixture,0.5,current_only,20261002,teamfight,0.019641829587409874,0.5367214128035308,0.4011152317880795,0.13560618101545302
americas,30,matched_early_mixture,0.5,current_only,20260930,macro,0.0732411467470242,0.5259338095058769,0.3579809103586669,0.16795289914721012
americas,30,matched_early_mixture,0.5,current_only,20261001,macro,0.07396189759034384,0.519157882348305,0.35499299022713265,0.16416489212117139
americas,30,matched_early_mixture,0.5,current_only,20261002,macro,0.07554169199731676,0.5312130769642284,0.36103221404531416,0.1701808629189149
americas,30,matched_early_mixture,0.5,independent,20260930,baron,0.13876237190155039,0.48129761904761736,0.37513095238095273,0.10616666666666685
americas,30,matched_early_mixture,0.5,independent,20261001,baron,0.15137270931262337,0.48710229276895894,0.3767019400352729,0.11040035273368602
americas,30,matched_early_mixture,0.5,independent,20261002,baron,0.14850153806480118,0.4883662374821187,0.3775894134477832,0.11077682403433534
americas,30,matched_early_mixture,0.5,independent,20260930,dragon,0.07811814045254267,0.5311881188118837,0.27574257425742554,0.25544554455445695
americas,30,matched_early_mixture,0.5,independent,20261001,dragon,0.08040994163037589,0.539972255251687,0.2712802219579874,0.2686920332936995
americas,30,matched_early_mixture,0.5,independent,20261002,dragon,0.077383338366783,0.5279350877192948,0.25970877192982494,0.26822631578947165
americas,30,matched_early_mixture,0.5,independent,20260930,teamfight,0.01881927934761357,0.5215864851235502,0.37208875441250683,0.149497730711044
americas,30,matched_early_mixture,0.5,independent,20261001,teamfight,0.018667175218617882,0.5109853528628493,0.37616511318242374,0.13482023968042658
americas,30,matched_early_mixture,0.5,independent,20261002,teamfight,0.02019554268321962,0.5117591721542787,0.3607714016933213,0.15098777046096007
americas,30,matched_early_mixture,0.5,independent,20260930,macro,0.0785665972339022,0.5113574076610171,0.3409874270169617,0.17036998064405595
americas,30,matched_early_mixture,0.5,independent,20261001,macro,0.08348327538720572,0.5126866336278318,0.34138242505856137,0.17130420856927073
americas,30,matched_early_mixture,0.5,independent,20261002,macro,0.08202680637160127,0.5093534991185641,0.33268986235697645,0.17666363676158903
americas,30,matched_early_mixture,0.5,pcgrad,20260930,baron,0.14685155954446427,0.513333333333333,0.40353758865248257,0.10979574468085115
americas,30,matched_early_mixture,0.5,pcgrad,20261001,baron,0.1420166395296429,0.5059602649006614,0.39516114790286916,0.11079911699779232
americas,30,matched_early_mixture,0.5,pcgrad,20261002,baron,0.14773311017946214,0.5345090090090084,0.41797747747747765,0.11653153153153165
americas,30,matched_early_mixture,0.5,pcgrad,20260930,dragon,0.08078728388393645,0.5433333333333309,0.26422418879055987,0.2791091445427712
americas,30,matched_early_mixture,0.5,pcgrad,20261001,dragon,0.08394154134341797,0.5169385194479333,0.24968632371392688,0.2672521957340049
americas,30,matched_early_mixture,0.5,pcgrad,20261002,dragon,0.07847936297387152,0.5105672969966621,0.25305895439377063,0.257508342602892
americas,30,matched_early_mixture,0.5,pcgrad,20260930,teamfight,0.020152742370933646,0.5388102849200818,0.3930127403289308,0.14579754459115032
americas,30,matched_early_mixture,0.5,pcgrad,20261001,teamfight,0.02029150256415083,0.48891716686674863,0.3356558623449392,0.15326130452180983
americas,30,matched_early_mixture,0.5,pcgrad,20261002,teamfight,0.020073770667420426,0.5142268142681408,0.37905436654366226,0.13517244772447656
americas,30,matched_early_mixture,0.5,pcgrad,20260930,macro,0.0825971952664448,0.5318256505289153,0.3535915059239911,0.17823414460492423
americas,30,matched_early_mixture,0.5,pcgrad,20261001,macro,0.0820832278124039,0.5039386504051144,0.32683444465391176,0.17710420575120234
americas,30,matched_early_mixture,0.5,pcgrad,20261002,macro,0.08209541460691802,0.519767706757937,0.3500302661383035,0.1697374406196334
americas,30,matched_early_mixture,0.75,leagueews,20260930,baron,0.18173354224856364,0.7699753086419733,0.6465185185185176,0.12345679012345696
americas,30,matched_early_mixture,0.75,leagueews,20261001,baron,0.18233016747066474,0.7669329140461186,0.6393396226415101,0.1275932914046122
americas,30,matched_early_mixture,0.75,leagueews,20261002,baron,0.1788740133967777,0.7915600384245897,0.6621594620557153,0.12940057636887628
americas,30,matched_early_mixture,0.75,leagueews,20260930,dragon,0.11726419120785325,0.7842424242424276,0.42539393939393993,0.35884848484848675
americas,30,matched_early_mixture,0.75,leagueews,20261001,dragon,0.11448605222195472,0.7625646316996249,0.42865692175408493,0.3339077099455426
americas,30,matched_early_mixture,0.75,leagueews,20261002,dragon,0.11880157330920993,0.7804270042194111,0.42475780590717327,0.3556691983122375
americas,30,matched_early_mixture,0.75,leagueews,20260930,teamfight,0.029369731193736807,0.8015120174799724,0.5868322408351542,0.21467977664481744
americas,30,matched_early_mixture,0.75,leagueews,20261001,teamfight,0.02773668582826929,0.769171641791044,0.5670310945273633,0.2021405472636806
americas,30,matched_early_mixture,0.75,leagueews,20261002,teamfight,0.03075070470100773,0.7406915629322274,0.5366058091286338,0.20408575380359628
americas,30,matched_early_mixture,0.75,leagueews,20260930,macro,0.10945582155005124,0.7852432501214578,0.5529148995825373,0.2323283505389204
americas,30,matched_early_mixture,0.75,leagueews,20261001,macro,0.10818430184029625,0.7662230625122625,0.5450092129743195,0.22121384953794512
americas,30,matched_early_mixture,0.75,leagueews,20261002,macro,0.10947543046899844,0.7708928685254094,0.5411743590305074,0.22971850949490336
americas,30,matched_early_mixture,0.75,gru,20260930,baron,0.11171313993085076,0.7702195220737176,0.6983232077764301,0.07189631429728664
americas,30,matched_early_mixture,0.75,gru,20261001,baron,0.12048663312700025,0.7840547945205447,0.6978630136986289,0.08619178082191767
americas,30,matched_early_mixture,0.75,gru,20261002,baron,0.08193951382633624,0.790561499771378,0.7327892089620492,0.057772290809327706
americas,30,matched_early_mixture,0.75,gru,20260930,dragon,0.09129902874034342,0.7791666666666625,0.6227357142857132,0.15643095238095064
americas,30,matched_early_mixture,0.75,gru,20261001,dragon,0.07467222066534987,0.7538688282977155,0.6405674281503329,0.11330140014738439
americas,30,matched_early_mixture,0.75,gru,20261002,dragon,0.08411163752343263,0.7701552511415499,0.6234920091324186,0.1466632420091311
americas,30,matched_early_mixture,0.75,gru,20260930,teamfight,0.024098178996070044,0.7588545119705353,0.6260552486187867,0.13279926335175007
americas,30,matched_early_mixture,0.75,gru,20261001,teamfight,0.023781237367812902,0.7416085972850655,0.6063672699849181,0.135241327300151
americas,30,matched_early_mixture,0.75,gru,20261002,teamfight,0.018136900176387902,0.7289959225280348,0.6368263676520646,0.09216955487597663
americas,30,matched_early_mixture,0.75,gru,20260930,macro,0.0757034492224214,0.7694135669036384,0.6490380568936434,0.12037551000999579
americas,30,matched_early_mixture,0.75,gru,20261001,macro,0.072980030386721,0.7598440733677752,0.6482659039446266,0.11157816942315102
americas,30,matched_early_mixture,0.75,gru,20261002,macro,0.0613960171753856,0.7632375578136542,0.6643691952488441,0.09886836256481181
americas,30,matched_early_mixture,0.75,tcn,20260930,baron,0.17839522797206012,0.8217092419522357,0.691098650051923,0.13061059190031118
americas,30,matched_early_mixture,0.75,tcn,20261001,baron,0.1803518370041976,0.7674871794871757,0.6405641025641011,0.12692307692307644
americas,30,matched_early_mixture,0.75,tcn,20261002,baron,0.17608977125593442,0.8059939577039253,0.6730030211480358,0.1329909365558909
americas,30,matched_early_mixture,0.75,tcn,20260930,dragon,0.1196390663942503,0.7694843750000006,0.4174184027777777,0.3520659722222217
americas,30,matched_early_mixture,0.75,tcn,20261001,dragon,0.11995950659303302,0.7786062533121334,0.42797880233174335,0.35062745098038983
americas,30,matched_early_mixture,0.75,tcn,20261002,dragon,0.11959199876641649,0.7885817610062918,0.427691823899372,0.3608899371069192
americas,30,matched_early_mixture,0.75,tcn,20260930,teamfight,0.028964330416705795,0.7734716533095873,0.5698854259424143,0.20358622736717055
americas,30,matched_early_mixture,0.75,tcn,20261001,teamfight,0.028148422782230995,0.7620693888444102,0.5526122231118209,0.20945716573258522
americas,30,matched_early_mixture,0.75,tcn,20261002,teamfight,0.029059668452798518,0.7582768942937319,0.5455491113189854,0.2127277829747417
americas,30,matched_early_mixture,0.75,tcn,20260930,macro,0.10899954159433874,0.7882217567539412,0.5594674929240383,0.22875426382990116
americas,30,matched_early_mixture,0.75,tcn,20261001,macro,0.10948658879315387,0.7693876072145732,0.5403850426692217,0.2290025645453505
americas,30,matched_early_mixture,0.75,tcn,20261002,macro,0.10824714615838314,0.7842842043346497,0.5487479854554644,0.23553621887918394
americas,30,matched_early_mixture,0.75,snapshot,20260930,baron,0.1545785696252752,0.8023725490196059,0.6837647058823544,0.11860784313725502
americas,30,matched_early_mixture,0.75,snapshot,20261001,baron,0.1562577622663459,0.8041470085470116,0.6885196581196598,0.1156273504273504
americas,30,matched_early_mixture,0.75,snapshot,20261002,baron,0.15386950646753142,0.7957572815533981,0.6782200647249174,0.11753721682847863
americas,30,matched_early_mixture,0.75,snapshot,20260930,dragon,0.11107617012233033,0.7780756501182005,0.4362080378250587,0.34186761229314294
americas,30,matched_early_mixture,0.75,snapshot,20261001,dragon,0.11173471607516516,0.7645324347093544,0.43786857624263,0.3266638584667255
americas,30,matched_early_mixture,0.75,snapshot,20261002,dragon,0.11483358494520365,0.7832988962472387,0.44122913907284667,0.3420697571743922
americas,30,matched_early_mixture,0.75,snapshot,20260930,teamfight,0.02695335569890754,0.7912349726775969,0.6186265938069233,0.17260837887067362
americas,30,matched_early_mixture,0.75,snapshot,20261001,teamfight,0.027695720575418983,0.7952222222222234,0.619592592592591,0.17562962962962891
americas,30,matched_early_mixture,0.75,snapshot,20261002,teamfight,0.026269479200771623,0.7862238354506929,0.6111409558378645,0.17508287961282534
americas,30,matched_early_mixture,0.75,snapshot,20260930,macro,0.09753603181550435,0.790561057271801,0.5795331125047788,0.21102794476702388
americas,30,matched_early_mixture,0.75,snapshot,20261001,macro,0.09856273297231001,0.7879672218261965,0.5819936089849603,0.20597361284123494
americas,30,matched_early_mixture,0.75,snapshot,20261002,macro,0.09832419020450223,0.7884266710837765,0.5768633865452095,0.2115632845385654
americas,30,matched_early_mixture,0.75,current_only,20260930,baron,0.14894614311483137,0.7867560386473426,0.6764420289855072,0.11031400966183634
americas,30,matched_early_mixture,0.75,current_only,20261001,baron,0.155657089104088,0.7793515981735133,0.6609771689497705,0.11837442922374396
americas,30,matched_early_mixture,0.75,current_only,20261002,baron,0.16410668832495934,0.7991197691197708,0.680868686868687,0.11825108225108245
americas,30,matched_early_mixture,0.75,current_only,20260930,dragon,0.11750436169324623,0.7755861365953107,0.41847502548419957,0.357111111111111
americas,30,matched_early_mixture,0.75,current_only,20261001,dragon,0.11522253673155423,0.7697012750455413,0.41728415300546357,0.3524171220400737
americas,30,matched_early_mixture,0.75,current_only,20261002,dragon,0.11702909189650941,0.7751927149512879,0.4247691656077949,0.3504235493434975
americas,30,matched_early_mixture,0.75,current_only,20260930,teamfight,0.02650162602305175,0.7752541819665454,0.5878710730314167,0.18738310893512872
americas,30,matched_early_mixture,0.75,current_only,20261001,teamfight,0.026483798140496662,0.7766262312078814,0.5987967858994305,0.17782944530845085
americas,30,matched_early_mixture,0.75,current_only,20261002,teamfight,0.028344128006087536,0.7940061810154501,0.614029139072847,0.17997704194260566
americas,30,matched_early_mixture,0.75,current_only,20260930,macro,0.0976507102770431,0.7791987857363996,0.5609293758337078,0.21826940990269203
americas,30,matched_early_mixture,0.75,current_only,20261001,macro,0.09912114132537964,0.775226368142312,0.5590193692848883,0.2162069988574228
americas,30,matched_early_mixture,0.75,current_only,20261002,macro,0.10315996940918543,0.7894395550288363,0.5732223305164429,0.21621722451239522
americas,30,matched_early_mixture,0.75,independent,20260930,baron,0.17913891632071366,0.7519592875318064,0.6248142493638696,0.1271450381679394
americas,30,matched_early_mixture,0.75,independent,20261001,baron,0.18371535962771002,0.7554616977225697,0.6244265010351966,0.1310351966873706
americas,30,matched_early_mixture,0.75,independent,20261002,baron,0.186271133769517,0.7486392694063904,0.6192968036529682,0.12934246575342467
americas,30,matched_early_mixture,0.75,independent,20260930,dragon,0.11546046911749912,0.789309941520464,0.4259751461988311,0.36333479532163626
americas,30,matched_early_mixture,0.75,independent,20261001,dragon,0.11562928926329145,0.7856985815602847,0.4254060283687927,0.36029255319148895
americas,30,matched_early_mixture,0.75,independent,20261002,dragon,0.11430754930436132,0.7780181069958835,0.4213465020576128,0.3566716049382706
americas,30,matched_early_mixture,0.75,independent,20260930,teamfight,0.028383487411152014,0.7816091780131129,0.5693277861825503,0.2122813918305593
americas,30,matched_early_mixture,0.75,independent,20261001,teamfight,0.028000762827926858,0.7664780292942741,0.564247669773634,0.20223035952063848
americas,30,matched_early_mixture,0.75,independent,20261002,teamfight,0.029908543068185797,0.769102661596961,0.5469302915082414,0.2221723700887203
americas,30,matched_early_mixture,0.75,independent,20260930,macro,0.10766095761645493,0.7742928023551278,0.5400390605817503,0.23425374177337832
americas,30,matched_early_mixture,0.75,independent,20261001,macro,0.10911513723964278,0.7692127695257094,0.5380267330592078,0.23118603646649935
americas,30,matched_early_mixture,0.75,independent,20261002,macro,0.11016240871402139,0.7652533459997449,0.5291911990729408,0.2360621469268052
americas,30,matched_early_mixture,0.75,pcgrad,20260930,baron,0.18521857956344207,0.7864095860566458,0.6624880174291948,0.12392156862745105
americas,30,matched_early_mixture,0.75,pcgrad,20261001,baron,0.1787247087676273,0.7664871794871776,0.6420256410256424,0.12446153846153861
americas,30,matched_early_mixture,0.75,pcgrad,20261002,baron,0.17947735383357727,0.7800000000000006,0.6523589743589736,0.12764102564102517
americas,30,matched_early_mixture,0.75,pcgrad,20260930,dragon,0.11748732681606229,0.7885840707964603,0.4292831858407081,0.3593008849557523
americas,30,matched_early_mixture,0.75,pcgrad,20261001,dragon,0.11840169426405392,0.7607984031936073,0.408710578842315,0.35208782435129454
americas,30,matched_early_mixture,0.75,pcgrad,20261002,dragon,0.11855597019916236,0.7657572649572622,0.4115042735042726,0.35425299145299066
americas,30,matched_early_mixture,0.75,pcgrad,20260930,teamfight,0.030001140396709317,0.8007977762334966,0.5936729210099614,0.20712485522353483
americas,30,matched_early_mixture,0.75,pcgrad,20261001,teamfight,0.02913788653604483,0.739280368451354,0.5318100172711577,0.20747035118019683
americas,30,matched_early_mixture,0.75,pcgrad,20261002,teamfight,0.030109829059989646,0.7703153751537546,0.5716742927429264,0.19864108241082373
americas,30,matched_early_mixture,0.75,pcgrad,20260930,macro,0.11090234892540456,0.7919304776955342,0.5618147080932882,0.23011576960224608
americas,30,matched_early_mixture,0.75,pcgrad,20261001,macro,0.10875476318924203,0.7555219837107131,0.527515412379705,0.22800657133101
americas,30,matched_early_mixture,0.75,pcgrad,20261002,macro,0.10938105103090977,0.7720242133703392,0.5451791802020575,0.22684503316827986
americas,30,matched_early_mixture,1.0,leagueews,20260930,baron,0.20644307873532977,1.0328398950131223,0.8949028871391077,0.1379370078740161
americas,30,matched_early_mixture,1.0,leagueews,20261001,baron,0.20955311592610149,1.0181823899371019,0.8811987421383614,0.1369836477987417
americas,30,matched_early_mixture,1.0,leagueews,20261002,baron,0.2068652730067277,1.0458721461187166,0.906675799086755,0.13919634703196343
americas,30,matched_early_mixture,1.0,leagueews,20260930,dragon,0.14942518906191635,1.0277158469945318,0.6018797814207644,0.42583606557376863
americas,30,matched_early_mixture,1.0,leagueews,20261001,dragon,0.14627610466040264,1.003751218114071,0.6118039552880467,0.391947262826024
americas,30,matched_early_mixture,1.0,leagueews,20261002,dragon,0.15241241688816026,1.029807760141086,0.6103985890652558,0.41940917107583453
americas,30,matched_early_mixture,1.0,leagueews,20260930,teamfight,0.03830046144517501,1.0622549162418045,0.7904010682204405,0.27185384802136414
americas,30,matched_early_mixture,1.0,leagueews,20261001,teamfight,0.036953867719566685,1.0244577114427909,0.7615273631840823,0.26293034825870754
americas,30,matched_early_mixture,1.0,leagueews,20261002,teamfight,0.038517314997229345,1.0223305670816032,0.7648215767634843,0.2575089903181187
americas,30,matched_early_mixture,1.0,leagueews,20260930,macro,0.13138957641414037,1.040936886083153,0.7623945789267709,0.27854230715638295
americas,30,matched_early_mixture,1.0,leagueews,20261001,macro,0.1309276961020236,1.0154637731646545,0.7515100202034968,0.26395375296115775
americas,30,matched_early_mixture,1.0,leagueews,20261002,macro,0.13259833496403908,1.0326701577804684,0.760631988305165,0.27203816947530557
americas,30,matched_early_mixture,1.0,gru,20260930,baron,0.13707207799900936,1.044376372810925,0.9559287622439898,0.08844761056693412
americas,30,matched_early_mixture,1.0,gru,20261001,baron,0.14752064033326903,1.043757990867575,0.9444383561643807,0.09931963470319638
americas,30,matched_early_mixture,1.0,gru,20261002,baron,0.10094041049896343,1.0535006349206364,0.9857352380952391,0.06776539682539681
americas,30,matched_early_mixture,1.0,gru,20260930,dragon,0.11535104417052894,1.0406666666666642,0.8402306425041169,0.20043602416254702
americas,30,matched_early_mixture,1.0,gru,20261001,dragon,0.09857675075935,1.0104397163120558,0.8544255319148937,0.15601418439716183
americas,30,matched_early_mixture,1.0,gru,20261002,dragon,0.10644247694861873,1.009881278538816,0.8225502283105038,0.18733105022831206
americas,30,matched_early_mixture,1.0,gru,20260930,teamfight,0.03153749527963956,1.0219760589318567,0.8505027624309366,0.17147329650092066
americas,30,matched_early_mixture,1.0,gru,20261001,teamfight,0.029528378374018276,0.9743574660633444,0.8080075414781269,0.166349924585218
americas,30,matched_early_mixture,1.0,gru,20261002,teamfight,0.02370516019092309,0.9770846075433253,0.8575195378865124,0.119565069656813
americas,30,matched_early_mixture,1.0,gru,20260930,macro,0.09465353914972596,1.0356730328031485,0.8822207223930145,0.15345231041013394
americas,30,matched_early_mixture,1.0,gru,20261001,macro,0.0918752564888791,1.0095183910809917,0.8689571431858004,0.1405612478951921
americas,30,matched_early_mixture,1.0,gru,20261002,macro,0.07702934921283508,1.0134888403342595,0.8886016680974184,0.12488717223684064
americas,30,matched_early_mixture,1.0,tcn,20260930,baron,0.20917099615992774,1.063543859649125,0.9174561403508776,0.14608771929824574
americas,30,matched_early_mixture,1.0,tcn,20261001,baron,0.20885257769274515,1.038208835341368,0.8946184738955842,0.14359036144578313
americas,30,matched_early_mixture,1.0,tcn,20261002,baron,0.2032326961818072,1.0640915750915776,0.9212893772893793,0.14280219780219802
americas,30,matched_early_mixture,1.0,tcn,20260930,dragon,0.15206352810949877,1.0233144058885413,0.6041577287066233,0.4191566771819163
americas,30,matched_early_mixture,1.0,tcn,20261001,dragon,0.15178541304951512,1.0212189054726375,0.6110124378109446,0.41020646766169283
americas,30,matched_early_mixture,1.0,tcn,20261002,dragon,0.15468357281737535,1.0306950757575726,0.6138693181818162,0.4168257575757581
americas,30,matched_early_mixture,1.0,tcn,20260930,teamfight,0.03753615473040894,1.0301501929355898,0.7735808845354721,0.25656930840012016
americas,30,matched_early_mixture,1.0,tcn,20261001,teamfight,0.03728928365465989,1.02078083989501,0.7597572178477673,0.26102362204724333
americas,30,matched_early_mixture,1.0,tcn,20261002,teamfight,0.0379215604400567,1.0225425631431246,0.7672516370439739,0.25529092609915965
americas,30,matched_early_mixture,1.0,tcn,20260930,macro,0.13292355966661182,1.0390028194910854,0.7650649178643244,0.27393790162676074
americas,30,matched_early_mixture,1.0,tcn,20261001,macro,0.1326424247989734,1.026736193569672,0.7551293765180987,0.2716068170515731
americas,30,matched_early_mixture,1.0,tcn,20261002,macro,0.13194594314641309,1.039109737997425,0.7674701108383898,0.2716396271590386
americas,30,matched_early_mixture,1.0,snapshot,20260930,baron,0.18344691788897796,1.0397564102564083,0.9069294871794857,0.132826923076923
americas,30,matched_early_mixture,1.0,snapshot,20261001,baron,0.18239710332079992,1.0646961651917388,0.9314867256637168,0.13320943952802383
americas,30,matched_early_mixture,1.0,snapshot,20261002,baron,0.18195089194476077,1.054884004884008,0.9224053724053735,0.13247863247863237
americas,30,matched_early_mixture,1.0,snapshot,20260930,dragon,0.14391699994203935,1.0132418300653612,0.6104836601307205,0.402758169934642
americas,30,matched_early_mixture,1.0,snapshot,20261001,dragon,0.14398002025348516,1.0079836651352774,0.6166625829504837,0.3913210821847914
americas,30,matched_early_mixture,1.0,snapshot,20261002,dragon,0.14605114236836741,1.0226027944111726,0.6233173652694628,0.3992854291417136
americas,30,matched_early_mixture,1.0,snapshot,20260930,teamfight,0.03356339037167042,1.0344043715846938,0.8226338797814176,0.2117704918032775
americas,30,matched_early_mixture,1.0,snapshot,20261001,teamfight,0.0341657480952929,1.0477628726287276,0.837241644083107,0.21052122854561836
americas,30,matched_early_mixture,1.0,snapshot,20261002,teamfight,0.033444798431995076,1.0271494252873583,0.818264367816098,0.20888505747126515
americas,30,matched_early_mixture,1.0,snapshot,20260930,macro,0.12030910273422925,1.0291342039688212,0.780015675697208,0.24911852827161418
americas,30,matched_early_mixture,1.0,snapshot,20261001,macro,0.12018095722319265,1.0401475676519145,0.7951303175657691,0.24501725008614453
americas,30,matched_early_mixture,1.0,snapshot,20261002,macro,0.12048227758170775,1.034878741527513,0.7879957018303115,0.2468830396972037
americas,30,matched_early_mixture,1.0,current_only,20260930,baron,0.17810270217435722,1.0539661835748766,0.9237246376811569,0.1302415458937187
americas,30,matched_early_mixture,1.0,current_only,20261001,baron,0.18590604902357244,1.0290921985815602,0.8921418439716315,0.136950354609929
americas,30,matched_early_mixture,1.0,current_only,20261002,baron,0.1926455659305868,1.0511475409836066,0.9189590163934419,0.13218852459016414
americas,30,matched_early_mixture,1.0,current_only,20260930,dragon,0.1507389456399593,1.0388133764832765,0.6134714131607347,0.42534196332254376
americas,30,matched_early_mixture,1.0,current_only,20261001,dragon,0.14754418288031296,1.0155939716312092,0.5986684397163105,0.4169255319148949
americas,30,matched_early_mixture,1.0,current_only,20261002,dragon,0.1538990953896317,1.0264633629817879,0.6045658619229153,0.42189750105887425
americas,30,matched_early_mixture,1.0,current_only,20260930,teamfight,0.03410742580410955,1.0277826725403818,0.808880078316204,0.2189025942241811
americas,30,matched_early_mixture,1.0,current_only,20261001,teamfight,0.033880035758581076,1.0289590461378955,0.8124437532400208,0.21651529289787547
americas,30,matched_early_mixture,1.0,current_only,20261002,teamfight,0.03488307931376421,1.0361012970969725,0.8242989499691165,0.21180234712785567
americas,30,matched_early_mixture,1.0,current_only,20260930,macro,0.12098302453947535,1.0401874108661782,0.782025376386032,0.25816203448014785
americas,30,matched_early_mixture,1.0,current_only,20261001,macro,0.12244342255415548,1.0245484054502219,0.7677513456426542,0.25679705980756645
americas,30,matched_early_mixture,1.0,current_only,20261002,macro,0.12714258021132757,1.037904067020789,0.7826079427618245,0.2552961242589647
americas,30,matched_early_mixture,1.0,independent,20260930,baron,0.20466297347303086,1.0188967551622372,0.8760235988200575,0.14287315634218295
americas,30,matched_early_mixture,1.0,independent,20261001,baron,0.2101898664200783,1.0319999999999991,0.8894389799635702,0.1425610200364302
americas,30,matched_early_mixture,1.0,independent,20261002,baron,0.20970937145829865,0.9966136363636384,0.8557348484848502,0.140878787878788
americas,30,matched_early_mixture,1.0,independent,20260930,dragon,0.14840027821248455,1.0316000000000003,0.6074666666666662,0.4241333333333308
americas,30,matched_early_mixture,1.0,independent,20261001,dragon,0.14662332972192127,1.0299574262215716,0.6158209966134497,0.4141364296081248
americas,30,matched_early_mixture,1.0,independent,20261002,dragon,0.14967742510778526,1.0359042735042685,0.6090358974358983,0.4268683760683745
americas,30,matched_early_mixture,1.0,independent,20260930,teamfight,0.03768091411170277,1.0421353383458638,0.7719849624060143,0.27015037593985025
americas,30,matched_early_mixture,1.0,independent,20261001,teamfight,0.037334350437235764,1.0219707057256986,0.7523302263648475,0.26964047936085317
americas,30,matched_early_mixture,1.0,independent,20261002,teamfight,0.0376790707204194,1.033836501901136,0.7622344740177408,0.2716020278833959
americas,30,matched_early_mixture,1.0,independent,20260930,macro,0.1302480552657394,1.0308773645027005,0.7518250759642461,0.2790522885384547
americas,30,matched_early_mixture,1.0,independent,20261001,macro,0.13138251552641178,1.027976043982423,0.7525300676472891,0.27544597633513607
americas,30,matched_early_mixture,1.0,independent,20261002,macro,0.1323552890955011,1.0221181372563475,0.7423350733128298,0.2797830639435195
americas,30,matched_early_mixture,1.0,pcgrad,20260930,baron,0.20908189013738238,1.0408492462311534,0.9020552763819094,0.1387939698492464
americas,30,matched_early_mixture,1.0,pcgrad,20261001,baron,0.20984243534530508,1.053365461847393,0.9137510040160666,0.1396144578313254
americas,30,matched_early_mixture,1.0,pcgrad,20261002,baron,0.20759886572654823,1.0327022058823472,0.8951409313725451,0.1375612745098038
americas,30,matched_early_mixture,1.0,pcgrad,20260930,dragon,0.15018652649353323,1.0230973451327432,0.6073805309734536,0.4157168141592932
americas,30,matched_early_mixture,1.0,pcgrad,20261001,dragon,0.14900023576280438,1.007456702253858,0.6036393831553992,0.4038173190984588
americas,30,matched_early_mixture,1.0,pcgrad,20261002,dragon,0.1536247496016948,1.0141878952122882,0.5975013550135475,0.4166865401987372
americas,30,matched_early_mixture,1.0,pcgrad,20260930,teamfight,0.03984953842248522,1.0627852675469083,0.7943331016909886,0.26845216585591775
americas,30,matched_early_mixture,1.0,pcgrad,20261001,teamfight,0.037054786531347535,0.9935981577432353,0.7429499136442159,0.2506482440990228
americas,30,matched_early_mixture,1.0,pcgrad,20261002,teamfight,0.039329147121130115,1.0265527683615767,0.7730738983050778,0.2534788700564961
americas,30,matched_early_mixture,1.0,pcgrad,20260930,macro,0.1330393183511336,1.0422439529702683,0.7679229696821172,0.2743209832881524
americas,30,matched_early_mixture,1.0,pcgrad,20261001,macro,0.13196581921315234,1.0181401072814955,0.7534467669385606,0.2646933403429357
americas,30,matched_early_mixture,1.0,pcgrad,20261002,macro,0.1335175874831244,1.024480956485404,0.7552387282303901,0.2692422282550124
americas,30,matched_early_mixture,mean,leagueews,20260930,baron,0.1579293716695626,0.6427878000577322,0.5304400639268906,0.11234773613084215
americas,30,matched_early_mixture,mean,leagueews,20261001,baron,0.1597993436712366,0.6338307426781571,0.5202824047340859,0.11354833794407213
americas,30,matched_early_mixture,mean,leagueews,20261002,baron,0.15422730880697205,0.6579236677801004,0.5420415593206087,0.11588210845949198
americas,30,matched_early_mixture,mean,leagueews,20260930,dragon,0.09676385873191912,0.6523067389254746,0.3519111274595697,0.30039561146590477
americas,30,matched_early_mixture,mean,leagueews,20261001,dragon,0.09661275561522445,0.6430789352854176,0.3536761571001329,0.2894027781852846
americas,30,matched_early_mixture,mean,leagueews,20261002,dragon,0.09970875306377819,0.655022505375628,0.35225509582288245,0.30276740955274656
americas,30,matched_early_mixture,mean,leagueews,20260930,teamfight,0.024904366068017755,0.6711405680990525,0.4850478271425098,0.1860927409565429
americas,30,matched_early_mixture,mean,leagueews,20261001,teamfight,0.023128094882620638,0.6415286069651754,0.46978296019900556,0.17174564676616905
americas,30,matched_early_mixture,mean,leagueews,20261002,teamfight,0.025186080923293948,0.6246540623852088,0.4555610650732224,0.16909299731198857
americas,30,matched_early_mixture,mean,leagueews,20260930,macro,0.0931991988231665,0.6554117023607531,0.45579967284299006,0.19961202951776327
americas,30,matched_early_mixture,mean,leagueews,20261001,macro,0.09318006472302721,0.6394794283095834,0.4479138406777414,0.19156558763184192
americas,30,matched_early_mixture,mean,leagueews,20261002,macro,0.0930407142646814,0.6458667451803124,0.4499525734055712,0.19591417177474235
americas,30,matched_early_mixture,mean,gru,20260930,baron,0.09144302264730436,0.6391840081480542,0.5768193716059558,0.06236463654209803
americas,30,matched_early_mixture,mean,gru,20261001,baron,0.10240288784191004,0.6508460230818104,0.5755142881163836,0.07533173496542778
americas,30,matched_early_mixture,mean,gru,20261002,baron,0.06892442203259082,0.6564759997772922,0.6074903767841783,0.048985622993113424
americas,30,matched_early_mixture,mean,gru,20260930,dragon,0.07673549066559764,0.6412803781204086,0.5131820273661167,0.12809835075429252
americas,30,matched_early_mixture,mean,gru,20261001,dragon,0.06198029802251234,0.6295443432268729,0.5338900970538898,0.09565424617298247
americas,30,matched_early_mixture,mean,gru,20261002,dragon,0.0697923764223805,0.6306781432970893,0.5126416812031669,0.11803646209392205
americas,30,matched_early_mixture,mean,gru,20260930,teamfight,0.02005034711536765,0.6329180804360358,0.5225485936715218,0.11036948676451452
americas,30,matched_early_mixture,mean,gru,20261001,teamfight,0.01930683662814412,0.6146199187409136,0.5051930676570493,0.1094268510838649
americas,30,matched_early_mixture,mean,gru,20261002,teamfight,0.015352770169120376,0.6049515800203878,0.5264797825348295,0.07847179748555885
americas,30,matched_early_mixture,mean,gru,20260930,macro,0.0627429534760899,0.6377941555681662,0.5375166642145315,0.10027749135363502
americas,30,matched_early_mixture,mean,gru,20261001,macro,0.061230007497522165,0.6316700950165323,0.538199150942441,0.09347094407409172
americas,30,matched_early_mixture,mean,gru,20261002,macro,0.051356522874697226,0.6307019076982564,0.5488706135073915,0.08183129419086478
americas,30,matched_early_mixture,mean,tcn,20260930,baron,0.15598481497704486,0.672776336335626,0.5554032858545186,0.11737305048110686
americas,30,matched_early_mixture,mean,tcn,20261001,baron,0.15454553694006926,0.6474555464715165,0.532569534666272,0.1148860118052447
americas,30,matched_early_mixture,mean,tcn,20261002,baron,0.15301125060337387,0.6674463831988753,0.5493295390032931,0.11811684419558283
americas,30,matched_early_mixture,mean,tcn,20260930,dragon,0.0985521157620875,0.6467153202221354,0.35195653287110024,0.29475878735103445
americas,30,matched_early_mixture,mean,tcn,20261001,dragon,0.09999361606044177,0.6520808283594945,0.3561008106632552,0.29598001769623966
americas,30,matched_early_mixture,mean,tcn,20261002,dragon,0.10039542817480646,0.6556517065786351,0.35613427716084056,0.2995174294177958
americas,30,matched_early_mixture,mean,tcn,20260930,teamfight,0.02461330517442134,0.6451610592061765,0.4687756214850308,0.176385437721146
americas,30,matched_early_mixture,mean,tcn,20261001,teamfight,0.023529367512541276,0.6368453300698296,0.4649369025404039,0.17190842752942462
americas,30,matched_early_mixture,mean,tcn,20261002,teamfight,0.024140965224963257,0.6335646527190031,0.4588192347097869,0.17474541800921586
americas,30,matched_early_mixture,mean,tcn,20260930,macro,0.09305007863785124,0.6548842385879793,0.45871181340354994,0.1961724251844291
americas,30,matched_early_mixture,mean,tcn,20261001,macro,0.09268950683768408,0.6454605683002802,0.4512024159566437,0.19425815234363633
americas,30,matched_early_mixture,mean,tcn,20261002,macro,0.0925158813343812,0.6522209141655045,0.4547610169579735,0.19745989720753152
americas,30,matched_early_mixture,mean,snapshot,20260930,baron,0.13332683512110735,0.6643919576873416,0.5613423047962856,0.10304965289105762
americas,30,matched_early_mixture,mean,snapshot,20261001,baron,0.1307791934522232,0.6603951279458768,0.5583462259918873,0.10204890195398957
americas,30,matched_early_mixture,mean,snapshot,20261002,baron,0.13081641785867137,0.6577017375385545,0.554814602985772,0.10288713455278184
americas,30,matched_early_mixture,mean,snapshot,20260930,dragon,0.09365456312983281,0.6477691567487542,0.35838815459319096,0.28938100215556384
americas,30,matched_early_mixture,mean,snapshot,20261001,dragon,0.09186236310095379,0.6342621336384959,0.37309993385893536,0.26116219977956
americas,30,matched_early_mixture,mean,snapshot,20261002,dragon,0.09542661752267134,0.6547051403305838,0.3666916885056295,0.28801345182495486
americas,30,matched_early_mixture,mean,snapshot,20260930,teamfight,0.022812988847674943,0.6634448275053344,0.5161666549403124,0.14727817256502213
americas,30,matched_early_mixture,mean,snapshot,20261001,teamfight,0.02315246471160389,0.6699186716953145,0.520224606853473,0.14969406484184036
americas,30,matched_early_mixture,mean,snapshot,20261002,teamfight,0.022506555769123023,0.6609178765880214,0.5079876613228469,0.1529302152651746
americas,30,matched_early_mixture,mean,snapshot,20260930,macro,0.08326479569953836,0.6585353139804767,0.478632371443263,0.1799029425372145
americas,30,matched_early_mixture,mean,snapshot,20261001,macro,0.08193134042159363,0.6548586444265624,0.48389025556809856,0.17096838885846333
americas,30,matched_early_mixture,mean,snapshot,20261002,macro,0.08291653038348858,0.6577749181523865,0.4764979842714161,0.18127693388097044
americas,30,matched_early_mixture,mean,current_only,20260930,baron,0.13136473409092986,0.6541523185003738,0.5543276093760626,0.09982470912431085
americas,30,matched_early_mixture,mean,current_only,20261001,baron,0.13655888069081443,0.6459820114598307,0.5400468960874936,0.10593511537233771
americas,30,matched_early_mixture,mean,current_only,20261002,baron,0.14084600155342025,0.6617710978072943,0.5562016158064634,0.10556948200083083
americas,30,matched_early_mixture,mean,current_only,20260930,dragon,0.09765639452831246,0.6507589663681821,0.35129773286397725,0.29946123350420556
americas,30,matched_early_mixture,mean,current_only,20261001,dragon,0.09571240427937751,0.6391693566714499,0.3499184512107465,0.289250905460701
americas,30,matched_early_mixture,mean,current_only,20261002,dragon,0.09774004495211577,0.6467290126056899,0.34981610442967437,0.29691290817601707
americas,30,matched_early_mixture,mean,current_only,20260930,teamfight,0.02254698041105029,0.6575417513664297,0.4973919902032863,0.16014976116314444
americas,30,matched_early_mixture,mean,current_only,20261001,teamfight,0.02252980585033307,0.6529104676103548,0.49818562997444965,0.15472483763590528
americas,30,matched_early_mixture,mean,current_only,20261002,teamfight,0.023422361976214584,0.6615852458625322,0.5074749206386358,0.15411032522389706
americas,30,matched_early_mixture,mean,current_only,20260930,macro,0.08385603634343086,0.6541510120783286,0.46767244414777537,0.18647856793055362
americas,30,matched_early_mixture,mean,current_only,20261001,macro,0.08493369694017501,0.6460206119138784,0.46271699242422987,0.183303619489648
americas,30,matched_early_mixture,mean,current_only,20261002,macro,0.08733613616058354,0.6566951187585054,0.4711642136249245,0.18553090513358164
americas,30,matched_early_mixture,mean,independent,20260930,baron,0.153449158618183,0.6217717487687486,0.50764220014122,0.11412954862753064
americas,30,matched_early_mixture,mean,independent,20261001,baron,0.1601643613757642,0.6300864952532135,0.5139349042316538,0.11615159102155972
americas,30,matched_early_mixture,mean,independent,20261002,baron,0.15942562320688958,0.6194437929052354,0.5034637770346984,0.11598001587053772
americas,30,matched_early_mixture,mean,independent,20260930,dragon,0.09525948950219942,0.6544230299345724,0.3617639185629089,0.2926591113716631
americas,30,matched_early_mixture,mean,independent,20261001,dragon,0.0957856296258207,0.656718203293067,0.3619843226347801,0.2947338806582869
americas,30,matched_early_mixture,mean,independent,20261002,dragon,0.09502383359047209,0.6517995730473711,0.35456492768729475,0.297234645360078
americas,30,matched_early_mixture,mean,independent,20260930,teamfight,0.02353468803863583,0.6517236984291293,0.47206280641088305,0.17966089201824537
americas,30,matched_early_mixture,mean,independent,20261001,teamfight,0.02333396902327236,0.6387316910785616,0.4702063914780293,0.16852529960053286
americas,30,matched_early_mixture,mean,independent,20261002,teamfight,0.024470231953358658,0.6426444804323788,0.462580467016491,0.18006401341588907
americas,30,matched_early_mixture,mean,independent,20260930,macro,0.09074777871967275,0.6426394923774834,0.4471563083716707,0.19548318400581302
americas,30,matched_early_mixture,mean,independent,20261001,macro,0.09309465334161908,0.6418454632082807,0.4487085394481544,0.19313692376012648
americas,30,matched_early_mixture,mean,independent,20261002,macro,0.09297322958357344,0.6379626154616618,0.4402030572461613,0.1977595582155016
americas,30,matched_early_mixture,mean,pcgrad,20260930,baron,0.15942932020390393,0.6477178892614381,0.5348480214457723,0.11286986781566657
americas,30,matched_early_mixture,mean,pcgrad,20261001,baron,0.1561662445880547,0.6445633456064273,0.5312652022043985,0.1132981434020292
americas,30,matched_early_mixture,mean,pcgrad,20261002,baron,0.1567695738864318,0.6536257850892989,0.5371146874171561,0.11651109767214302
americas,30,matched_early_mixture,mean,pcgrad,20260930,dragon,0.0972703250468202,0.6573080837388823,0.357449994284936,0.29985808945394743
americas,30,matched_early_mixture,mean,pcgrad,20261001,dragon,0.09832856051049632,0.6359157211548414,0.34671986189215115,0.28919585926269015
americas,30,matched_early_mixture,mean,pcgrad,20261002,dragon,0.09747494106541611,0.636449026416136,0.347148515027119,0.28930051138901647
americas,30,matched_early_mixture,mean,pcgrad,20260930,teamfight,0.02507694138382149,0.6698040305767895,0.4933428306694462,0.17646119990734266
americas,30,matched_early_mixture,mean,pcgrad,20261001,teamfight,0.024125916693304335,0.616603785210112,0.44322559697454184,0.1733781882355714
americas,30,matched_early_mixture,mean,pcgrad,20261002,teamfight,0.024887614780847837,0.6423083027915015,0.4775592494840178,0.1647490533074818
americas,30,matched_early_mixture,mean,pcgrad,20260930,macro,0.09392552887818188,0.6582766678590367,0.4618802821333848,0.1963963857256522
americas,30,matched_early_mixture,mean,pcgrad,20261001,macro,0.09287357393061846,0.6323609506571269,0.4404035536903638,0.1919573969667636
americas,30,matched_early_mixture,mean,pcgrad,20261002,macro,0.09304404324423192,0.6441277047656455,0.453940817309431,0.19018688745621373
americas,60,deterministic,0.25,leagueews,20260930,baron,0.0539546290619252,0.22733333333333333,0.092,0.13533333333333333
americas,60,deterministic,0.25,leagueews,20261001,baron,0.03678724708767627,0.18333333333333332,0.068,0.11533333333333333
americas,60,deterministic,0.25,leagueews,20261002,baron,0.03862660944206009,0.20533333333333334,0.08066666666666666,0.12466666666666666
americas,60,deterministic,0.25,leagueews,20260930,dragon,0.010432968179447054,0.14333333333333334,0.012666666666666666,0.13066666666666665
americas,60,deterministic,0.25,leagueews,20261001,dragon,0.014953921057207442,0.18,0.019333333333333334,0.16066666666666668
americas,60,deterministic,0.25,leagueews,20261002,dragon,0.009563554164493131,0.13533333333333333,0.010666666666666666,0.12466666666666666
americas,60,deterministic,0.25,leagueews,20260930,teamfight,0.005195069776917592,0.114,0.04666666666666667,0.06733333333333333
americas,60,deterministic,0.25,leagueews,20261001,teamfight,0.009473362534379139,0.18933333333333333,0.08333333333333333,0.106
americas,60,deterministic,0.25,leagueews,20261002,teamfight,0.005500662116736274,0.114,0.037333333333333336,0.07666666666666666
americas,60,deterministic,0.25,leagueews,20260930,macro,0.023194222339429946,0.16155555555555556,0.05044444444444444,0.11111111111111112
americas,60,deterministic,0.25,leagueews,20261001,macro,0.020404843559754283,0.1842222222222222,0.0568888888888889,0.12733333333333333
americas,60,deterministic,0.25,leagueews,20261002,macro,0.017896941907763166,0.15155555555555555,0.04288888888888889,0.10866666666666665
americas,60,deterministic,0.25,gru,20260930,baron,0.03249540159411404,0.17266666666666666,0.126,0.04666666666666667
americas,60,deterministic,0.25,gru,20261001,baron,0.041079092581238506,0.22866666666666666,0.15266666666666667,0.076
americas,60,deterministic,0.25,gru,20261002,baron,0.04230533415082771,0.23133333333333334,0.18533333333333332,0.046
americas,60,deterministic,0.25,gru,20260930,dragon,0.03842809946096331,0.09866666666666667,0.06333333333333334,0.035333333333333335
americas,60,deterministic,0.25,gru,20261001,dragon,0.07911667536080681,0.24466666666666667,0.18133333333333335,0.06333333333333334
americas,60,deterministic,0.25,gru,20261002,dragon,0.01617110067814293,0.03933333333333333,0.030666666666666665,0.008666666666666666
americas,60,deterministic,0.25,gru,20260930,teamfight,0.009677090760924927,0.166,0.116,0.05
americas,60,deterministic,0.25,gru,20261001,teamfight,0.009880818987470714,0.14933333333333335,0.10733333333333334,0.042
americas,60,deterministic,0.25,gru,20261002,teamfight,0.005500662116736274,0.078,0.06133333333333333,0.016666666666666666
americas,60,deterministic,0.25,gru,20260930,macro,0.02686686393866743,0.14577777777777778,0.10177777777777779,0.044000000000000004
americas,60,deterministic,0.25,gru,20261001,macro,0.043358862309838674,0.20755555555555558,0.1471111111111111,0.060444444444444446
americas,60,deterministic,0.25,gru,20261002,macro,0.021325698981902303,0.11622222222222223,0.09244444444444444,0.023777777777777776
americas,60,deterministic,0.25,tcn,20260930,baron,0.03801348865726548,0.21133333333333335,0.088,0.12333333333333334
americas,60,deterministic,0.25,tcn,20261001,baron,0.04721030042918455,0.246,0.116,0.13
americas,60,deterministic,0.25,tcn,20261002,baron,0.045370938074800735,0.184,0.072,0.112
americas,60,deterministic,0.25,tcn,20260930,dragon,0.013910624239262736,0.17133333333333334,0.017333333333333333,0.154
americas,60,deterministic,0.25,tcn,20261001,dragon,0.007998608937576073,0.12,0.011333333333333334,0.10866666666666666
americas,60,deterministic,0.25,tcn,20261002,dragon,0.016344983481133717,0.17933333333333334,0.02,0.15933333333333333
americas,60,deterministic,0.25,tcn,20260930,teamfight,0.004583885097280228,0.09133333333333334,0.034666666666666665,0.056666666666666664
americas,60,deterministic,0.25,tcn,20261001,teamfight,0.004176428644188652,0.09333333333333334,0.036,0.05733333333333333
americas,60,deterministic,0.25,tcn,20261002,teamfight,0.0033615157380055007,0.06,0.019333333333333334,0.04066666666666666
americas,60,deterministic,0.25,tcn,20260930,macro,0.018835999331269483,0.158,0.04666666666666667,0.11133333333333333
americas,60,deterministic,0.25,tcn,20261001,macro,0.019795112670316424,0.15311111111111111,0.054444444444444455,0.09866666666666667
americas,60,deterministic,0.25,tcn,20261002,macro,0.021692479097979986,0.1411111111111111,0.037111111111111116,0.104
americas,60,deterministic,0.25,snapshot,20260930,baron,0.054567749846719804,0.25133333333333335,0.13866666666666666,0.11266666666666666
americas,60,deterministic,0.25,snapshot,20261001,baron,0.043531575720416923,0.218,0.11533333333333333,0.10266666666666667
americas,60,deterministic,0.25,snapshot,20261002,baron,0.030042918454935622,0.16533333333333333,0.07333333333333333,0.092
americas,60,deterministic,0.25,snapshot,20260930,dragon,0.0036515388628064684,0.028666666666666667,0.002,0.02666666666666667
americas,60,deterministic,0.25,snapshot,20261001,dragon,0.001564945226917058,0.011333333333333334,0.0013333333333333333,0.01
americas,60,deterministic,0.25,snapshot,20261002,dragon,0.0027821248478525473,0.018,0.0013333333333333333,0.016666666666666666
americas,60,deterministic,0.25,snapshot,20260930,teamfight,0.005704390343282062,0.14333333333333334,0.076,0.06733333333333333
americas,60,deterministic,0.25,snapshot,20261001,teamfight,0.008658449628195987,0.196,0.10533333333333333,0.09066666666666667
americas,60,deterministic,0.25,snapshot,20261002,teamfight,0.00488947743709891,0.13533333333333333,0.07133333333333333,0.064
americas,60,deterministic,0.25,snapshot,20260930,macro,0.021307893017602778,0.1411111111111111,0.07222222222222223,0.06888888888888889
americas,60,deterministic,0.25,snapshot,20261001,macro,0.017918323525176656,0.14177777777777778,0.074,0.06777777777777778
americas,60,deterministic,0.25,snapshot,20261002,macro,0.012571506913295692,0.10622222222222222,0.04866666666666667,0.057555555555555554
americas,60,deterministic,0.25,current_only,20260930,baron,0.041692213366033105,0.23,0.12066666666666667,0.10933333333333334
americas,60,deterministic,0.25,current_only,20261001,baron,0.03372164316370325,0.18533333333333332,0.084,0.10133333333333333
americas,60,deterministic,0.25,current_only,20261002,baron,0.03494788473329246,0.18133333333333335,0.08333333333333333,0.098
americas,60,deterministic,0.25,current_only,20260930,dragon,0.006259780907668232,0.092,0.009333333333333334,0.08266666666666667
americas,60,deterministic,0.25,current_only,20261001,dragon,0.007998608937576073,0.10866666666666666,0.01,0.09866666666666667
americas,60,deterministic,0.25,current_only,20261002,dragon,0.007650843331594505,0.09333333333333334,0.01,0.08333333333333333
americas,60,deterministic,0.25,current_only,20260930,teamfight,0.00438015687073444,0.118,0.058666666666666666,0.059333333333333335
americas,60,deterministic,0.25,current_only,20261001,teamfight,0.0032596516247326065,0.09066666666666667,0.044,0.04666666666666667
americas,60,deterministic,0.25,current_only,20261002,teamfight,0.006009982683100744,0.12666666666666668,0.06266666666666666,0.064
americas,60,deterministic,0.25,current_only,20260930,macro,0.01744405038147859,0.14666666666666667,0.0628888888888889,0.08377777777777778
americas,60,deterministic,0.25,current_only,20261001,macro,0.014993301242003975,0.1282222222222222,0.046000000000000006,0.08222222222222222
americas,60,deterministic,0.25,current_only,20261002,macro,0.016202903582662572,0.13377777777777777,0.05199999999999999,0.08177777777777778
americas,60,deterministic,0.25,independent,20260930,baron,0.05702023298589822,0.22133333333333333,0.09,0.13133333333333333
americas,60,deterministic,0.25,independent,20261001,baron,0.041079092581238506,0.202,0.07666666666666666,0.12533333333333332
americas,60,deterministic,0.25,independent,20261002,baron,0.04782342121397915,0.238,0.09533333333333334,0.14266666666666666
americas,60,deterministic,0.25,independent,20260930,dragon,0.009563554164493131,0.12,0.010666666666666666,0.10933333333333334
americas,60,deterministic,0.25,independent,20261001,dragon,0.015823335072161365,0.204,0.027333333333333334,0.17666666666666667
americas,60,deterministic,0.25,independent,20261002,dragon,0.009563554164493131,0.11066666666666666,0.010666666666666666,0.1
americas,60,deterministic,0.25,independent,20260930,teamfight,0.0071304879291025774,0.15933333333333333,0.064,0.09533333333333334
americas,60,deterministic,0.25,independent,20261001,teamfight,0.006519303249465213,0.15266666666666667,0.06266666666666666,0.09
americas,60,deterministic,0.25,independent,20261002,teamfight,0.010899460120199654,0.234,0.10733333333333334,0.12666666666666668
americas,60,deterministic,0.25,independent,20260930,macro,0.02457142502649798,0.16688888888888886,0.0548888888888889,0.112
americas,60,deterministic,0.25,independent,20261001,macro,0.021140576967621696,0.1862222222222222,0.05555555555555555,0.13066666666666668
americas,60,deterministic,0.25,independent,20261002,macro,0.022762145166223977,0.1942222222222222,0.07111111111111111,0.12311111111111112
americas,60,deterministic,0.25,pcgrad,20260930,baron,0.055793991416309016,0.23066666666666666,0.09466666666666666,0.136
americas,60,deterministic,0.25,pcgrad,20261001,baron,0.04782342121397915,0.22866666666666666,0.09933333333333333,0.12933333333333333
americas,60,deterministic,0.25,pcgrad,20261002,baron,0.05334150827713059,0.2633333333333333,0.12133333333333333,0.142
americas,60,deterministic,0.25,pcgrad,20260930,dragon,0.008172491740566858,0.13466666666666666,0.012,0.12266666666666666
americas,60,deterministic,0.25,pcgrad,20261001,dragon,0.011650147800382543,0.16333333333333333,0.016666666666666666,0.14666666666666667
americas,60,deterministic,0.25,pcgrad,20261002,dragon,0.009737436967483916,0.13666666666666666,0.011333333333333334,0.12533333333333332
americas,60,deterministic,0.25,pcgrad,20260930,teamfight,0.004787613323826016,0.10133333333333333,0.03866666666666667,0.06266666666666666
americas,60,deterministic,0.25,pcgrad,20261001,teamfight,0.0040745645309157585,0.1,0.034,0.066
americas,60,deterministic,0.25,pcgrad,20261002,teamfight,0.011408780686564124,0.244,0.112,0.132
americas,60,deterministic,0.25,pcgrad,20260930,macro,0.022918032160233966,0.15555555555555553,0.048444444444444436,0.1071111111111111
americas,60,deterministic,0.25,pcgrad,20261001,macro,0.021182711181759153,0.164,0.049999999999999996,0.114
americas,60,deterministic,0.25,pcgrad,20261002,macro,0.024829241977059543,0.21466666666666664,0.08155555555555555,0.1331111111111111
americas,60,deterministic,0.5,leagueews,20260930,baron,0.1072961373390558,0.42,0.23266666666666666,0.18733333333333332
americas,60,deterministic,0.5,leagueews,20261001,baron,0.0931943592887799,0.37933333333333336,0.19466666666666665,0.18466666666666667
americas,60,deterministic,0.5,leagueews,20261002,baron,0.1342734518700184,0.5353333333333333,0.32666666666666666,0.20866666666666667
americas,60,deterministic,0.5,leagueews,20260930,dragon,0.010432968179447054,0.14333333333333334,0.012666666666666666,0.13066666666666665
americas,60,deterministic,0.5,leagueews,20261001,dragon,0.014953921057207442,0.18,0.019333333333333334,0.16066666666666668
americas,60,deterministic,0.5,leagueews,20261002,dragon,0.009563554164493131,0.13533333333333333,0.010666666666666666,0.12466666666666666
americas,60,deterministic,0.5,leagueews,20260930,teamfight,0.01670571457675461,0.3453333333333333,0.162,0.18333333333333332
americas,60,deterministic,0.5,leagueews,20261001,teamfight,0.009473362534379139,0.18933333333333333,0.08333333333333333,0.106
americas,60,deterministic,0.5,leagueews,20261002,teamfight,0.016094529897117245,0.31133333333333335,0.152,0.15933333333333333
americas,60,deterministic,0.5,leagueews,20260930,macro,0.04481160669841915,0.30288888888888893,0.13577777777777778,0.1671111111111111
americas,60,deterministic,0.5,leagueews,20261001,macro,0.03920721429345549,0.24955555555555556,0.09911111111111111,0.15044444444444446
americas,60,deterministic,0.5,leagueews,20261002,macro,0.053310511977209596,0.3273333333333333,0.1631111111111111,0.16422222222222221
americas,60,deterministic,0.5,gru,20260930,baron,0.03249540159411404,0.17266666666666666,0.126,0.04666666666666667
americas,60,deterministic,0.5,gru,20261001,baron,0.0944206008583691,0.4646666666666667,0.346,0.11866666666666667
americas,60,deterministic,0.5,gru,20261002,baron,0.07050889025137952,0.404,0.338,0.066
americas,60,deterministic,0.5,gru,20260930,dragon,0.03842809946096331,0.09866666666666667,0.06333333333333334,0.035333333333333335
americas,60,deterministic,0.5,gru,20261001,dragon,0.07911667536080681,0.24466666666666667,0.18133333333333335,0.06333333333333334
americas,60,deterministic,0.5,gru,20261002,dragon,0.10728568944531386,0.386,0.244,0.142
americas,60,deterministic,0.5,gru,20260930,teamfight,0.009677090760924927,0.166,0.116,0.05
americas,60,deterministic,0.5,gru,20261001,teamfight,0.02954059284913925,0.462,0.346,0.116
americas,60,deterministic,0.5,gru,20261002,teamfight,0.01874299684221249,0.2753333333333333,0.22,0.05533333333333333
americas,60,deterministic,0.5,gru,20260930,macro,0.02686686393866743,0.14577777777777778,0.10177777777777779,0.044000000000000004
americas,60,deterministic,0.5,gru,20261001,macro,0.06769262302277172,0.3904444444444444,0.2911111111111111,0.09933333333333333
americas,60,deterministic,0.5,gru,20261002,macro,0.06551252551296861,0.3551111111111111,0.26733333333333337,0.08777777777777777
americas,60,deterministic,0.5,tcn,20260930,baron,0.11465358675659104,0.4826666666666667,0.2866666666666667,0.196
americas,60,deterministic,0.5,tcn,20261001,baron,0.09748620478234211,0.426,0.24333333333333335,0.18266666666666667
americas,60,deterministic,0.5,tcn,20261002,baron,0.11281422440220723,0.5046666666666667,0.30466666666666664,0.2
americas,60,deterministic,0.5,tcn,20260930,dragon,0.013910624239262736,0.17133333333333334,0.017333333333333333,0.154
americas,60,deterministic,0.5,tcn,20261001,dragon,0.007998608937576073,0.12,0.011333333333333334,0.10866666666666666
americas,60,deterministic,0.5,tcn,20261002,dragon,0.016344983481133717,0.17933333333333334,0.02,0.15933333333333333
americas,60,deterministic,0.5,tcn,20260930,teamfight,0.015788937557298564,0.31133333333333335,0.15866666666666668,0.15266666666666667
americas,60,deterministic,0.5,tcn,20261001,teamfight,0.016298258123663034,0.32666666666666666,0.16266666666666665,0.164
americas,60,deterministic,0.5,tcn,20261002,teamfight,0.011306916573291229,0.248,0.11733333333333333,0.13066666666666665
americas,60,deterministic,0.5,tcn,20260930,macro,0.04811771618438412,0.3217777777777778,0.15422222222222223,0.16755555555555554
americas,60,deterministic,0.5,tcn,20261001,macro,0.04059435728119374,0.2908888888888889,0.1391111111111111,0.1517777777777778
americas,60,deterministic,0.5,tcn,20261002,macro,0.04682204148554406,0.3106666666666667,0.14733333333333334,0.16333333333333333
americas,60,deterministic,0.5,snapshot,20260930,baron,0.10055180870631514,0.4093333333333333,0.2613333333333333,0.148
americas,60,deterministic,0.5,snapshot,20261001,baron,0.07909258123850399,0.378,0.23533333333333334,0.14266666666666666
americas,60,deterministic,0.5,snapshot,20261002,baron,0.12078479460453709,0.49666666666666665,0.3293333333333333,0.16733333333333333
americas,60,deterministic,0.5,snapshot,20260930,dragon,0.0036515388628064684,0.028666666666666667,0.002,0.02666666666666667
americas,60,deterministic,0.5,snapshot,20261001,dragon,0.001564945226917058,0.011333333333333334,0.0013333333333333333,0.01
americas,60,deterministic,0.5,snapshot,20261002,dragon,0.07981220657276995,0.5466666666666666,0.12733333333333333,0.41933333333333334
americas,60,deterministic,0.5,snapshot,20260930,teamfight,0.018844860955485383,0.39066666666666666,0.22933333333333333,0.16133333333333333
americas,60,deterministic,0.5,snapshot,20261001,teamfight,0.0252623000916777,0.5293333333333333,0.3293333333333333,0.2
americas,60,deterministic,0.5,snapshot,20261002,teamfight,0.017113171029846184,0.366,0.21066666666666667,0.15533333333333332
americas,60,deterministic,0.5,snapshot,20260930,macro,0.04101606950820233,0.2762222222222222,0.16422222222222221,0.11199999999999999
americas,60,deterministic,0.5,snapshot,20261001,macro,0.03530660885236625,0.30622222222222223,0.18866666666666665,0.11755555555555557
americas,60,deterministic,0.5,snapshot,20261002,macro,0.07257005740238441,0.4697777777777777,0.22244444444444444,0.24733333333333332
americas,60,deterministic,0.5,current_only,20260930,baron,0.10852237890864501,0.4673333333333333,0.29933333333333334,0.168
americas,60,deterministic,0.5,current_only,20261001,baron,0.09932556713672594,0.414,0.254,0.16
americas,60,deterministic,0.5,current_only,20261002,baron,0.10913549969343961,0.4186666666666667,0.254,0.16466666666666666
americas,60,deterministic,0.5,current_only,20260930,dragon,0.006259780907668232,0.092,0.009333333333333334,0.08266666666666667
americas,60,deterministic,0.5,current_only,20261001,dragon,0.007998608937576073,0.10866666666666666,0.01,0.09866666666666667
americas,60,deterministic,0.5,current_only,20261002,dragon,0.007650843331594505,0.09333333333333334,0.01,0.08333333333333333
americas,60,deterministic,0.5,current_only,20260930,teamfight,0.020270958541305898,0.344,0.19333333333333333,0.15066666666666667
americas,60,deterministic,0.5,current_only,20261001,teamfight,0.012834878272384638,0.274,0.146,0.128
americas,60,deterministic,0.5,current_only,20261002,teamfight,0.019863502088214323,0.34933333333333333,0.196,0.15333333333333332
americas,60,deterministic,0.5,current_only,20260930,macro,0.04501770611920638,0.3011111111111111,0.16733333333333333,0.1337777777777778
americas,60,deterministic,0.5,current_only,20261001,macro,0.040053018115562215,0.26555555555555554,0.1366666666666667,0.1288888888888889
americas,60,deterministic,0.5,current_only,20261002,macro,0.04554994837108281,0.2871111111111111,0.15333333333333335,0.13377777777777777
americas,60,deterministic,0.5,independent,20260930,baron,0.1079092581238504,0.4053333333333333,0.22733333333333333,0.178
americas,60,deterministic,0.5,independent,20261001,baron,0.11404046597179644,0.406,0.22333333333333333,0.18266666666666667
americas,60,deterministic,0.5,independent,20261002,baron,0.11281422440220723,0.43466666666666665,0.24066666666666667,0.194
americas,60,deterministic,0.5,independent,20260930,dragon,0.009563554164493131,0.12,0.010666666666666666,0.10933333333333334
americas,60,deterministic,0.5,independent,20261001,dragon,0.015823335072161365,0.204,0.027333333333333334,0.17666666666666667
americas,60,deterministic,0.5,independent,20261002,dragon,0.009563554164493131,0.11066666666666666,0.010666666666666666,0.1
americas,60,deterministic,0.5,independent,20260930,teamfight,0.01741876336966487,0.37866666666666665,0.192,0.18666666666666668
americas,60,deterministic,0.5,independent,20261001,teamfight,0.018437404502393808,0.398,0.202,0.196
americas,60,deterministic,0.5,independent,20261002,teamfight,0.010899460120199654,0.234,0.10733333333333334,0.12666666666666668
americas,60,deterministic,0.5,independent,20260930,macro,0.04496385855266946,0.3013333333333333,0.14333333333333334,0.158
americas,60,deterministic,0.5,independent,20261001,macro,0.04943373518211721,0.336,0.15088888888888888,0.18511111111111112
americas,60,deterministic,0.5,independent,20261002,macro,0.04442574622896667,0.2597777777777778,0.11955555555555557,0.14022222222222225
americas,60,deterministic,0.5,pcgrad,20260930,baron,0.11342734518700184,0.4493333333333333,0.25733333333333336,0.192
americas,60,deterministic,0.5,pcgrad,20261001,baron,0.11220110361741263,0.45666666666666667,0.258,0.19866666666666666
americas,60,deterministic,0.5,pcgrad,20261002,baron,0.11526670754138565,0.48133333333333334,0.2773333333333333,0.204
americas,60,deterministic,0.5,pcgrad,20260930,dragon,0.008172491740566858,0.13466666666666666,0.012,0.12266666666666666
americas,60,deterministic,0.5,pcgrad,20261001,dragon,0.011650147800382543,0.16333333333333333,0.016666666666666666,0.14666666666666667
americas,60,deterministic,0.5,pcgrad,20261002,dragon,0.009737436967483916,0.13666666666666666,0.011333333333333334,0.12533333333333332
americas,60,deterministic,0.5,pcgrad,20260930,teamfight,0.01599266578384435,0.30533333333333335,0.14066666666666666,0.16466666666666666
americas,60,deterministic,0.5,pcgrad,20261001,teamfight,0.015788937557298564,0.302,0.14733333333333334,0.15466666666666667
americas,60,deterministic,0.5,pcgrad,20261002,teamfight,0.011408780686564124,0.244,0.112,0.132
americas,60,deterministic,0.5,pcgrad,20260930,macro,0.045864167570471015,0.29644444444444445,0.1366666666666667,0.15977777777777777
americas,60,deterministic,0.5,pcgrad,20261001,macro,0.04654672965836457,0.3073333333333333,0.1406666666666667,0.16666666666666666
americas,60,deterministic,0.5,pcgrad,20261002,macro,0.04547097506514456,0.28733333333333333,0.13355555555555554,0.15377777777777776
americas,60,deterministic,0.75,leagueews,20260930,baron,0.18516247700797056,0.7353333333333333,0.49933333333333335,0.236
americas,60,deterministic,0.75,leagueews,20261001,baron,0.18516247700797056,0.69,0.45866666666666667,0.23133333333333334
americas,60,deterministic,0.75,leagueews,20261002,baron,0.18332311465358675,0.7,0.468,0.232
americas,60,deterministic,0.75,leagueews,20260930,dragon,0.0848548078595027,0.6726666666666666,0.144,0.5286666666666666
americas,60,deterministic,0.75,leagueews,20261001,dragon,0.09667883846287602,0.722,0.15266666666666667,0.5693333333333334
americas,60,deterministic,0.75,leagueews,20261002,dragon,0.09424447922100504,0.6886666666666666,0.148,0.5406666666666666
americas,60,deterministic,0.75,leagueews,20260930,teamfight,0.03565243964551289,0.694,0.3873333333333333,0.30666666666666664
americas,60,deterministic,0.75,leagueews,20261001,teamfight,0.026077212997860852,0.49933333333333335,0.268,0.23133333333333334
americas,60,deterministic,0.75,leagueews,20261002,teamfight,0.03595803198533157,0.6553333333333333,0.37666666666666665,0.2786666666666667
americas,60,deterministic,0.75,leagueews,20260930,macro,0.10188990817099537,0.7006666666666667,0.34355555555555556,0.3571111111111111
americas,60,deterministic,0.75,leagueews,20261001,macro,0.10263950948956914,0.6371111111111111,0.2931111111111111,0.34400000000000003
americas,60,deterministic,0.75,leagueews,20261002,macro,0.10450854195330779,0.6813333333333332,0.33088888888888884,0.3504444444444444
americas,60,deterministic,0.75,gru,20260930,baron,0.11587982832618025,0.558,0.44333333333333336,0.11466666666666667
americas,60,deterministic,0.75,gru,20261001,baron,0.15757204169221337,0.726,0.578,0.148
americas,60,deterministic,0.75,gru,20261002,baron,0.11220110361741263,0.648,0.5506666666666666,0.09733333333333333
americas,60,deterministic,0.75,gru,20260930,dragon,0.14884367936011128,0.5653333333333334,0.3233333333333333,0.242
americas,60,deterministic,0.75,gru,20261001,dragon,0.17440445139975658,0.6906666666666667,0.4666666666666667,0.224
americas,60,deterministic,0.75,gru,20261002,dragon,0.10728568944531386,0.386,0.244,0.142
americas,60,deterministic,0.75,gru,20260930,teamfight,0.02964245696241214,0.486,0.354,0.132
americas,60,deterministic,0.75,gru,20261001,teamfight,0.02954059284913925,0.462,0.346,0.116
americas,60,deterministic,0.75,gru,20261002,teamfight,0.041560558215340736,0.6973333333333334,0.564,0.13333333333333333
americas,60,deterministic,0.75,gru,20260930,macro,0.09812198821623457,0.5364444444444445,0.3735555555555556,0.1628888888888889
americas,60,deterministic,0.75,gru,20261001,macro,0.12050569531370307,0.6262222222222221,0.46355555555555555,0.16266666666666665
americas,60,deterministic,0.75,gru,20261002,macro,0.08701578375935574,0.5771111111111111,0.4528888888888889,0.12422222222222222
americas,60,deterministic,0.75,tcn,20260930,baron,0.1882280809319436,0.7426666666666667,0.502,0.24066666666666667
americas,60,deterministic,0.75,tcn,20261001,baron,0.16860821581851626,0.688,0.452,0.236
americas,60,deterministic,0.75,tcn,20261002,baron,0.15266707541385652,0.6426666666666667,0.41733333333333333,0.22533333333333333
americas,60,deterministic,0.75,tcn,20260930,dragon,0.09772213528082073,0.7333333333333333,0.162,0.5713333333333334
americas,60,deterministic,0.75,tcn,20261001,dragon,0.074943488089028,0.6133333333333333,0.11733333333333333,0.496
americas,60,deterministic,0.75,tcn,20261002,dragon,0.016344983481133717,0.17933333333333334,0.02,0.15933333333333333
americas,60,deterministic,0.75,tcn,20260930,teamfight,0.03483752673932974,0.6586666666666666,0.38266666666666665,0.276
americas,60,deterministic,0.75,tcn,20261001,teamfight,0.03585616787205868,0.668,0.378,0.29
americas,60,deterministic,0.75,tcn,20261002,teamfight,0.0320871956809616,0.586,0.3253333333333333,0.26066666666666666
americas,60,deterministic,0.75,tcn,20260930,macro,0.10692924765069801,0.7115555555555555,0.34888888888888886,0.3626666666666667
americas,60,deterministic,0.75,tcn,20261001,macro,0.09313595725986766,0.6564444444444444,0.31577777777777777,0.3406666666666667
americas,60,deterministic,0.75,tcn,20261002,macro,0.06703308485865062,0.4693333333333333,0.2542222222222222,0.21511111111111111
americas,60,deterministic,0.75,snapshot,20260930,baron,0.15205395462906193,0.612,0.426,0.186
americas,60,deterministic,0.75,snapshot,20261001,baron,0.19619865113427346,0.7666666666666667,0.5546666666666666,0.212
americas,60,deterministic,0.75,snapshot,20261002,baron,0.17964438994481913,0.706,0.5046666666666667,0.20133333333333334
americas,60,deterministic,0.75,snapshot,20260930,dragon,0.09389671361502347,0.6113333333333333,0.14333333333333334,0.468
americas,60,deterministic,0.75,snapshot,20261001,dragon,0.07842114414884369,0.5613333333333334,0.126,0.43533333333333335
americas,60,deterministic,0.75,snapshot,20261002,dragon,0.07981220657276995,0.5466666666666666,0.12733333333333333,0.41933333333333334
americas,60,deterministic,0.75,snapshot,20260930,teamfight,0.018844860955485383,0.39066666666666666,0.22933333333333333,0.16133333333333333
americas,60,deterministic,0.75,snapshot,20261001,teamfight,0.0252623000916777,0.5293333333333333,0.3293333333333333,0.2
americas,60,deterministic,0.75,snapshot,20261002,teamfight,0.017113171029846184,0.366,0.21066666666666667,0.15533333333333332
americas,60,deterministic,0.75,snapshot,20260930,macro,0.08826517639985693,0.5379999999999999,0.2662222222222222,0.2717777777777778
americas,60,deterministic,0.75,snapshot,20261001,macro,0.09996069845826494,0.6191111111111112,0.33666666666666667,0.28244444444444444
americas,60,deterministic,0.75,snapshot,20261002,macro,0.09218992251581175,0.5395555555555555,0.2808888888888889,0.25866666666666666
americas,60,deterministic,0.75,current_only,20260930,baron,0.15511955855303494,0.6353333333333333,0.44066666666666665,0.19466666666666665
americas,60,deterministic,0.75,current_only,20261001,baron,0.1882280809319436,0.766,0.5406666666666666,0.22533333333333333
americas,60,deterministic,0.75,current_only,20261002,baron,0.1637032495401594,0.5953333333333334,0.4026666666666667,0.19266666666666668
americas,60,deterministic,0.75,current_only,20260930,dragon,0.07755173013388976,0.6046666666666667,0.12466666666666666,0.48
americas,60,deterministic,0.75,current_only,20261001,dragon,0.07720396452790819,0.6186666666666667,0.13,0.4886666666666667
americas,60,deterministic,0.75,current_only,20261002,dragon,0.08520257346548427,0.6353333333333333,0.12666666666666668,0.5086666666666667
americas,60,deterministic,0.75,current_only,20260930,teamfight,0.020270958541305898,0.344,0.19333333333333333,0.15066666666666667
americas,60,deterministic,0.75,current_only,20261001,teamfight,0.03616176021187736,0.6613333333333333,0.4146666666666667,0.24666666666666667
americas,60,deterministic,0.75,current_only,20261002,teamfight,0.019863502088214323,0.34933333333333333,0.196,0.15333333333333332
americas,60,deterministic,0.75,current_only,20260930,macro,0.0843140824094102,0.528,0.2528888888888889,0.2751111111111111
americas,60,deterministic,0.75,current_only,20261001,macro,0.10053126855724304,0.682,0.36177777777777775,0.32022222222222224
americas,60,deterministic,0.75,current_only,20261002,macro,0.089589775031286,0.5266666666666666,0.24177777777777779,0.2848888888888889
americas,60,deterministic,0.75,independent,20260930,baron,0.1888412017167382,0.7006666666666667,0.4713333333333333,0.22933333333333333
americas,60,deterministic,0.75,independent,20261001,baron,0.161250766400981,0.5566666666666666,0.344,0.21266666666666667
americas,60,deterministic,0.75,independent,20261002,baron,0.2041692213366033,0.7266666666666667,0.48133333333333334,0.24533333333333332
americas,60,deterministic,0.75,independent,20260930,dragon,0.07998608937576074,0.6386666666666667,0.13466666666666666,0.504
americas,60,deterministic,0.75,independent,20261001,dragon,0.0958094244479221,0.736,0.16866666666666666,0.5673333333333334
americas,60,deterministic,0.75,independent,20261002,dragon,0.07563901930099114,0.592,0.12133333333333333,0.4706666666666667
americas,60,deterministic,0.75,independent,20260930,teamfight,0.01741876336966487,0.37866666666666665,0.192,0.18666666666666668
americas,60,deterministic,0.75,independent,20261001,teamfight,0.018437404502393808,0.398,0.202,0.196
americas,60,deterministic,0.75,independent,20261002,teamfight,0.0269939900173169,0.5573333333333333,0.30733333333333335,0.25
americas,60,deterministic,0.75,independent,20260930,macro,0.09541535148738793,0.5726666666666667,0.266,0.3066666666666667
americas,60,deterministic,0.75,independent,20261001,macro,0.09183253178376562,0.5635555555555555,0.2382222222222222,0.3253333333333333
americas,60,deterministic,0.75,independent,20261002,macro,0.10226741021830378,0.6253333333333333,0.30333333333333334,0.322
americas,60,deterministic,0.75,pcgrad,20260930,baron,0.15941140404659718,0.614,0.39466666666666667,0.21933333333333332
americas,60,deterministic,0.75,pcgrad,20261001,baron,0.15757204169221337,0.606,0.38666666666666666,0.21933333333333332
americas,60,deterministic,0.75,pcgrad,20261002,baron,0.19619865113427346,0.754,0.5086666666666667,0.24533333333333332
americas,60,deterministic,0.75,pcgrad,20260930,dragon,0.07511737089201878,0.628,0.12733333333333333,0.5006666666666667
americas,60,deterministic,0.75,pcgrad,20261001,dragon,0.0869414014953921,0.674,0.132,0.542
americas,60,deterministic,0.75,pcgrad,20261002,dragon,0.09233176838810642,0.686,0.144,0.542
americas,60,deterministic,0.75,pcgrad,20260930,teamfight,0.03453193439951105,0.6413333333333333,0.3526666666666667,0.2886666666666667
americas,60,deterministic,0.75,pcgrad,20261001,teamfight,0.03748599368442498,0.678,0.3913333333333333,0.2866666666666667
americas,60,deterministic,0.75,pcgrad,20261002,teamfight,0.03066109809514108,0.542,0.3006666666666667,0.24133333333333334
americas,60,deterministic,0.75,pcgrad,20260930,macro,0.089686903112709,0.6277777777777778,0.29155555555555557,0.3362222222222222
americas,60,deterministic,0.75,pcgrad,20261001,macro,0.09399981229067682,0.6526666666666667,0.3033333333333333,0.34933333333333333
americas,60,deterministic,0.75,pcgrad,20261002,macro,0.10639717253917365,0.6606666666666666,0.31777777777777777,0.34288888888888885
americas,60,deterministic,1.0,leagueews,20260930,baron,0.2317596566523605,0.918,0.6633333333333333,0.25466666666666665
americas,60,deterministic,1.0,leagueews,20261001,baron,0.23666462293071736,0.88,0.6233333333333333,0.25666666666666665
americas,60,deterministic,1.0,leagueews,20261002,baron,0.24340895156345801,0.9073333333333333,0.6473333333333333,0.26
americas,60,deterministic,1.0,leagueews,20260930,dragon,0.0848548078595027,0.6726666666666666,0.144,0.5286666666666666
americas,60,deterministic,1.0,leagueews,20261001,dragon,0.09667883846287602,0.722,0.15266666666666667,0.5693333333333334
americas,60,deterministic,1.0,leagueews,20261002,dragon,0.09424447922100504,0.6886666666666666,0.148,0.5406666666666666
americas,60,deterministic,1.0,leagueews,20260930,teamfight,0.03565243964551289,0.694,0.3873333333333333,0.30666666666666664
americas,60,deterministic,1.0,leagueews,20261001,teamfight,0.051339513089538553,0.972,0.5906666666666667,0.38133333333333336
americas,60,deterministic,1.0,leagueews,20261002,teamfight,0.03595803198533157,0.6553333333333333,0.37666666666666665,0.2786666666666667
americas,60,deterministic,1.0,leagueews,20260930,macro,0.11742230138579203,0.7615555555555554,0.3982222222222222,0.3633333333333333
americas,60,deterministic,1.0,leagueews,20261001,macro,0.12822765816104398,0.858,0.45555555555555555,0.40244444444444444
americas,60,deterministic,1.0,leagueews,20261002,macro,0.12453715425659821,0.7504444444444444,0.39066666666666666,0.35977777777777775
americas,60,deterministic,1.0,gru,20260930,baron,0.20600858369098712,0.954,0.7946666666666666,0.15933333333333333
americas,60,deterministic,1.0,gru,20261001,baron,0.21336603310852237,1.004,0.8206666666666667,0.18333333333333332
americas,60,deterministic,1.0,gru,20261002,baron,0.1496014714898835,0.8926666666666667,0.7726666666666666,0.12
americas,60,deterministic,1.0,gru,20260930,dragon,0.14884367936011128,0.5653333333333334,0.3233333333333333,0.242
americas,60,deterministic,1.0,gru,20261001,dragon,0.17440445139975658,0.6906666666666667,0.4666666666666667,0.224
americas,60,deterministic,1.0,gru,20261002,dragon,0.22413493305512086,0.9953333333333333,0.6226666666666667,0.37266666666666665
americas,60,deterministic,1.0,gru,20260930,teamfight,0.02964245696241214,0.486,0.354,0.132
americas,60,deterministic,1.0,gru,20261001,teamfight,0.02954059284913925,0.462,0.346,0.116
americas,60,deterministic,1.0,gru,20261002,teamfight,0.041560558215340736,0.6973333333333334,0.564,0.13333333333333333
americas,60,deterministic,1.0,gru,20260930,macro,0.12816490667117017,0.6684444444444445,0.49066666666666664,0.17777777777777778
americas,60,deterministic,1.0,gru,20261001,macro,0.13910369245247273,0.7188888888888889,0.5444444444444444,0.17444444444444443
americas,60,deterministic,1.0,gru,20261002,macro,0.138432320920115,0.8617777777777778,0.6531111111111111,0.20866666666666667
americas,60,deterministic,1.0,tcn,20260930,baron,0.2299202942979767,0.932,0.668,0.264
americas,60,deterministic,1.0,tcn,20261001,baron,0.21397915389331698,0.872,0.612,0.26
americas,60,deterministic,1.0,tcn,20261002,baron,0.2575107296137339,1.034,0.7673333333333333,0.26666666666666666
americas,60,deterministic,1.0,tcn,20260930,dragon,0.09772213528082073,0.7333333333333333,0.162,0.5713333333333334
americas,60,deterministic,1.0,tcn,20261001,dragon,0.074943488089028,0.6133333333333333,0.11733333333333333,0.496
americas,60,deterministic,1.0,tcn,20261002,dragon,0.11719700921578856,0.8113333333333334,0.188,0.6233333333333333
americas,60,deterministic,1.0,tcn,20260930,teamfight,0.03483752673932974,0.6586666666666666,0.38266666666666665,0.276
americas,60,deterministic,1.0,tcn,20261001,teamfight,0.03585616787205868,0.668,0.378,0.29
americas,60,deterministic,1.0,tcn,20261002,teamfight,0.0320871956809616,0.586,0.3253333333333333,0.26066666666666666
americas,60,deterministic,1.0,tcn,20260930,macro,0.12082665210604238,0.7746666666666666,0.40422222222222226,0.3704444444444445
americas,60,deterministic,1.0,tcn,20261001,macro,0.10825960328480122,0.7177777777777777,0.3691111111111111,0.3486666666666667
americas,60,deterministic,1.0,tcn,20261002,macro,0.1355983115034947,0.8104444444444444,0.4268888888888889,0.3835555555555555
americas,60,deterministic,1.0,snapshot,20260930,baron,0.2164316370324954,0.8433333333333334,0.622,0.22133333333333333
americas,60,deterministic,1.0,snapshot,20261001,baron,0.25076640098099323,0.9966666666666667,0.752,0.24466666666666667
americas,60,deterministic,1.0,snapshot,20261002,baron,0.23850398528510117,0.9453333333333334,0.7113333333333334,0.234
americas,60,deterministic,1.0,snapshot,20260930,dragon,0.09389671361502347,0.6113333333333333,0.14333333333333334,0.468
americas,60,deterministic,1.0,snapshot,20261001,dragon,0.07842114414884369,0.5613333333333334,0.126,0.43533333333333335
americas,60,deterministic,1.0,snapshot,20261002,dragon,0.07981220657276995,0.5466666666666666,0.12733333333333333,0.41933333333333334
americas,60,deterministic,1.0,snapshot,20260930,teamfight,0.043597840480798615,0.87,0.578,0.292
americas,60,deterministic,1.0,snapshot,20261001,teamfight,0.0252623000916777,0.5293333333333333,0.3293333333333333,0.2
americas,60,deterministic,1.0,snapshot,20261002,teamfight,0.041356829988794946,0.8126666666666666,0.5333333333333333,0.2793333333333333
americas,60,deterministic,1.0,snapshot,20260930,macro,0.11797539704277249,0.774888888888889,0.4477777777777778,0.32711111111111113
americas,60,deterministic,1.0,snapshot,20261001,macro,0.11814994840717154,0.6957777777777778,0.40244444444444444,0.2933333333333334
americas,60,deterministic,1.0,snapshot,20261002,macro,0.11989100728222202,0.7682222222222223,0.4573333333333333,0.3108888888888889
americas,60,deterministic,1.0,current_only,20260930,baron,0.25015328019619865,1.0193333333333334,0.7746666666666666,0.24466666666666667
americas,60,deterministic,1.0,current_only,20261001,baron,0.24156958920907418,0.958,0.7113333333333334,0.24666666666666667
americas,60,deterministic,1.0,current_only,20261002,baron,0.22562844880441446,0.8213333333333334,0.5973333333333334,0.224
americas,60,deterministic,1.0,current_only,20260930,dragon,0.07755173013388976,0.6046666666666667,0.12466666666666666,0.48
americas,60,deterministic,1.0,current_only,20261001,dragon,0.07720396452790819,0.6186666666666667,0.13,0.4886666666666667
americas,60,deterministic,1.0,current_only,20261002,dragon,0.08520257346548427,0.6353333333333333,0.12666666666666668,0.5086666666666667
americas,60,deterministic,1.0,current_only,20260930,teamfight,0.045635122746256494,0.828,0.5466666666666666,0.2813333333333333
americas,60,deterministic,1.0,current_only,20261001,teamfight,0.03616176021187736,0.6613333333333333,0.4146666666666667,0.24666666666666667
americas,60,deterministic,1.0,current_only,20261002,teamfight,0.047468676785168584,0.8006666666666666,0.5273333333333333,0.2733333333333333
americas,60,deterministic,1.0,current_only,20260930,macro,0.1244467110254483,0.8173333333333334,0.482,0.3353333333333333
americas,60,deterministic,1.0,current_only,20261001,macro,0.11831177131628656,0.746,0.4186666666666667,0.32733333333333337
americas,60,deterministic,1.0,current_only,20261002,macro,0.11943323301835577,0.7524444444444445,0.41711111111111115,0.3353333333333333
americas,60,deterministic,1.0,independent,20260930,baron,0.2317596566523605,0.8686666666666667,0.6166666666666667,0.252
americas,60,deterministic,1.0,independent,20261001,baron,0.26609442060085836,0.9786666666666667,0.716,0.26266666666666666
americas,60,deterministic,1.0,independent,20261002,baron,0.2611894543225015,0.9373333333333334,0.674,0.2633333333333333
americas,60,deterministic,1.0,independent,20260930,dragon,0.07998608937576074,0.6386666666666667,0.13466666666666666,0.504
americas,60,deterministic,1.0,independent,20261001,dragon,0.0958094244479221,0.736,0.16866666666666666,0.5673333333333334
americas,60,deterministic,1.0,independent,20261002,dragon,0.07563901930099114,0.592,0.12133333333333333,0.4706666666666667
americas,60,deterministic,1.0,independent,20260930,teamfight,0.03504125496587552,0.7833333333333333,0.45066666666666666,0.33266666666666667
americas,60,deterministic,1.0,independent,20261001,teamfight,0.043597840480798615,0.8686666666666667,0.514,0.3546666666666667
americas,60,deterministic,1.0,independent,20261002,teamfight,0.0269939900173169,0.5573333333333333,0.30733333333333335,0.25
americas,60,deterministic,1.0,independent,20260930,macro,0.1155956669979989,0.7635555555555555,0.40066666666666667,0.36288888888888887
americas,60,deterministic,1.0,independent,20261001,macro,0.1351672285098597,0.861111111111111,0.46622222222222226,0.3948888888888889
americas,60,deterministic,1.0,independent,20261002,macro,0.12127415454693652,0.6955555555555555,0.3675555555555556,0.328
americas,60,deterministic,1.0,pcgrad,20260930,baron,0.2575107296137339,0.986,0.72,0.266
americas,60,deterministic,1.0,pcgrad,20261001,baron,0.26180257510729615,1.0026666666666666,0.7306666666666667,0.272
americas,60,deterministic,1.0,pcgrad,20261002,baron,0.23911710606989578,0.9373333333333334,0.6733333333333333,0.264
americas,60,deterministic,1.0,pcgrad,20260930,dragon,0.07511737089201878,0.628,0.12733333333333333,0.5006666666666667
americas,60,deterministic,1.0,pcgrad,20261001,dragon,0.0869414014953921,0.674,0.132,0.542
americas,60,deterministic,1.0,pcgrad,20261002,dragon,0.09233176838810642,0.686,0.144,0.542
americas,60,deterministic,1.0,pcgrad,20260930,teamfight,0.03453193439951105,0.6413333333333333,0.3526666666666667,0.2886666666666667
americas,60,deterministic,1.0,pcgrad,20261001,teamfight,0.03748599368442498,0.678,0.3913333333333333,0.2866666666666667
americas,60,deterministic,1.0,pcgrad,20261002,teamfight,0.03066109809514108,0.542,0.3006666666666667,0.24133333333333334
americas,60,deterministic,1.0,pcgrad,20260930,macro,0.12238667830175458,0.7517777777777778,0.39999999999999997,0.3517777777777778
americas,60,deterministic,1.0,pcgrad,20261001,macro,0.12874332342903774,0.7848888888888889,0.418,0.3668888888888889
americas,60,deterministic,1.0,pcgrad,20261002,macro,0.12070332418438108,0.721777777777778,0.3726666666666667,0.34911111111111115
americas,60,deterministic,mean,leagueews,20260930,baron,0.14454322501532801,0.5751666666666667,0.37183333333333335,0.2033333333333333
americas,60,deterministic,mean,leagueews,20261001,baron,0.13795217657878603,0.5331666666666667,0.33616666666666667,0.197
americas,60,deterministic,mean,leagueews,20261002,baron,0.1499080318822808,0.587,0.38066666666666665,0.20633333333333334
americas,60,deterministic,mean,leagueews,20260930,dragon,0.047643888019474875,0.40800000000000003,0.07833333333333334,0.32966666666666666
americas,60,deterministic,mean,leagueews,20261001,dragon,0.05581637976004172,0.45099999999999996,0.08600000000000001,0.365
americas,60,deterministic,mean,leagueews,20261002,dragon,0.051904016692749085,0.41200000000000003,0.07933333333333334,0.33266666666666667
americas,60,deterministic,mean,leagueews,20260930,teamfight,0.023301415911174496,0.4618333333333333,0.24583333333333332,0.21599999999999997
americas,60,deterministic,mean,leagueews,20261001,teamfight,0.02409086278903942,0.4625,0.2563333333333333,0.20616666666666666
americas,60,deterministic,mean,leagueews,20261002,teamfight,0.023377813996129163,0.434,0.23566666666666664,0.1983333333333333
americas,60,deterministic,mean,leagueews,20260930,macro,0.07182950964865913,0.4816666666666667,0.232,0.24966666666666662
americas,60,deterministic,mean,leagueews,20261001,macro,0.07261980637595572,0.4822222222222223,0.22616666666666665,0.25605555555555554
americas,60,deterministic,mean,leagueews,20261002,macro,0.07506328752371967,0.4776666666666667,0.2318888888888889,0.2457777777777778
americas,60,deterministic,mean,gru,20260930,baron,0.09671980380134887,0.4643333333333333,0.3725,0.09183333333333334
americas,60,deterministic,mean,gru,20261001,baron,0.12660944206008584,0.6058333333333333,0.47433333333333333,0.1315
americas,60,deterministic,mean,gru,20261002,baron,0.09365419987737585,0.544,0.4616666666666666,0.08233333333333333
americas,60,deterministic,mean,gru,20260930,dragon,0.0936358894105373,0.332,0.1933333333333333,0.13866666666666666
americas,60,deterministic,mean,gru,20261001,dragon,0.1267605633802817,0.4676666666666667,0.324,0.14366666666666666
americas,60,deterministic,mean,gru,20261002,dragon,0.11371935315597287,0.45166666666666666,0.2853333333333333,0.16633333333333333
americas,60,deterministic,mean,gru,20260930,teamfight,0.019659773861668534,0.326,0.235,0.091
americas,60,deterministic,mean,gru,20261001,teamfight,0.024625649383722116,0.38383333333333336,0.28633333333333333,0.0975
americas,60,deterministic,mean,gru,20261002,teamfight,0.02684119384740756,0.437,0.3523333333333333,0.08466666666666667
americas,60,deterministic,mean,gru,20260930,macro,0.0700051556911849,0.3741111111111111,0.26694444444444443,0.10716666666666667
americas,60,deterministic,mean,gru,20261001,macro,0.09266521827469655,0.48577777777777786,0.3615555555555556,0.12422222222222223
americas,60,deterministic,mean,gru,20261002,macro,0.07807158229358542,0.47755555555555557,0.36644444444444435,0.1111111111111111
americas,60,deterministic,mean,tcn,20260930,baron,0.1427038626609442,0.5921666666666667,0.38616666666666666,0.20600000000000002
americas,60,deterministic,mean,tcn,20261001,baron,0.13182096873083998,0.5579999999999999,0.35583333333333333,0.20216666666666666
americas,60,deterministic,mean,tcn,20261002,baron,0.1420907418761496,0.5913333333333334,0.3903333333333333,0.201
americas,60,deterministic,mean,tcn,20260930,dragon,0.05581637976004174,0.45233333333333337,0.08966666666666667,0.3626666666666667
americas,60,deterministic,mean,tcn,20261001,dragon,0.041471048513302036,0.36666666666666664,0.06433333333333334,0.30233333333333334
americas,60,deterministic,mean,tcn,20261002,dragon,0.04155798991479743,0.3373333333333334,0.062,0.2753333333333333
americas,60,deterministic,mean,tcn,20260930,teamfight,0.022511969033309567,0.42999999999999994,0.2396666666666667,0.19033333333333335
americas,60,deterministic,mean,tcn,20261001,teamfight,0.023046755627992258,0.43900000000000006,0.23866666666666667,0.2003333333333333
americas,60,deterministic,mean,tcn,20261002,teamfight,0.019710705918304983,0.37,0.1968333333333333,0.17316666666666664
americas,60,deterministic,mean,tcn,20260930,macro,0.0736774038180985,0.49150000000000005,0.23850000000000002,0.253
americas,60,deterministic,mean,tcn,20261001,macro,0.06544625762404475,0.45455555555555555,0.21961111111111112,0.2349444444444444
americas,60,deterministic,mean,tcn,20261002,macro,0.06778647923641733,0.4328888888888889,0.21638888888888888,0.2165
americas,60,deterministic,mean,snapshot,20260930,baron,0.13090128755364805,0.529,0.362,0.16699999999999998
americas,60,deterministic,mean,snapshot,20261001,baron,0.1423973022685469,0.5898333333333333,0.41433333333333333,0.17550000000000002
americas,60,deterministic,mean,snapshot,20261002,baron,0.14224402207234826,0.5783333333333334,0.4046666666666667,0.17366666666666666
americas,60,deterministic,mean,snapshot,20260930,dragon,0.04877412623891497,0.31999999999999995,0.07266666666666667,0.24733333333333335
americas,60,deterministic,mean,snapshot,20261001,dragon,0.03999304468788037,0.28633333333333333,0.06366666666666668,0.22266666666666668
americas,60,deterministic,mean,snapshot,20261002,dragon,0.060554686141540595,0.4145,0.09583333333333333,0.31866666666666665
americas,60,deterministic,mean,snapshot,20260930,teamfight,0.021747988183762862,0.44866666666666666,0.2781666666666667,0.17049999999999998
americas,60,deterministic,mean,snapshot,20261001,teamfight,0.021111337475807273,0.44599999999999995,0.2733333333333333,0.1726666666666667
americas,60,deterministic,mean,snapshot,20261002,teamfight,0.020118162371396554,0.42,0.2565,0.16349999999999998
americas,60,deterministic,mean,snapshot,20260930,macro,0.06714113399210862,0.4325555555555556,0.2376111111111111,0.19494444444444445
americas,60,deterministic,mean,snapshot,20261001,macro,0.06783389481074485,0.4407222222222222,0.2504444444444444,0.19027777777777777
americas,60,deterministic,mean,snapshot,20261002,macro,0.07430562352842847,0.47094444444444444,0.2523333333333333,0.2186111111111111
americas,60,deterministic,mean,current_only,20260930,baron,0.13887185775597793,0.5880000000000001,0.4088333333333333,0.17916666666666667
americas,60,deterministic,mean,current_only,20261001,baron,0.14071122011036175,0.5808333333333333,0.3975,0.18333333333333332
americas,60,deterministic,mean,current_only,20261002,baron,0.1333537706928265,0.5041666666666668,0.33433333333333337,0.16983333333333334
americas,60,deterministic,mean,current_only,20260930,dragon,0.04190575552077899,0.34833333333333333,0.067,0.2813333333333333
americas,60,deterministic,mean,current_only,20261001,dragon,0.04260128673274213,0.3636666666666667,0.07,0.2936666666666667
americas,60,deterministic,mean,current_only,20261002,dragon,0.046426708398539386,0.3643333333333333,0.06833333333333333,0.29600000000000004
americas,60,deterministic,mean,current_only,20260930,teamfight,0.022639299174900682,0.4085,0.248,0.1605
americas,60,deterministic,mean,current_only,20261001,teamfight,0.02210451258021799,0.42183333333333334,0.25483333333333336,0.167
americas,60,deterministic,mean,current_only,20261002,teamfight,0.023301415911174492,0.4065,0.2455,0.16099999999999998
americas,60,deterministic,mean,current_only,20260930,macro,0.06780563748388586,0.4482777777777778,0.24127777777777779,0.207
americas,60,deterministic,mean,current_only,20261001,macro,0.06847233980777395,0.4554444444444445,0.24077777777777779,0.21466666666666667
americas,60,deterministic,mean,current_only,20261002,macro,0.06769396500084679,0.425,0.21605555555555558,0.20894444444444446
americas,60,deterministic,mean,independent,20260930,baron,0.14638258736971183,0.5489999999999999,0.35133333333333333,0.19766666666666666
americas,60,deterministic,mean,independent,20261001,baron,0.1456161863887186,0.5358333333333334,0.33999999999999997,0.1958333333333333
americas,60,deterministic,mean,independent,20261002,baron,0.15649908031882281,0.5841666666666667,0.37283333333333335,0.21133333333333332
americas,60,deterministic,mean,independent,20260930,dragon,0.044774821770126934,0.37933333333333336,0.07266666666666666,0.30666666666666664
americas,60,deterministic,mean,independent,20261001,dragon,0.05581637976004174,0.47,0.098,0.372
americas,60,deterministic,mean,independent,20261002,dragon,0.04260128673274213,0.3513333333333333,0.066,0.2853333333333333
americas,60,deterministic,mean,independent,20260930,teamfight,0.01925231740857696,0.42500000000000004,0.22466666666666668,0.20033333333333334
americas,60,deterministic,mean,independent,20261001,teamfight,0.021747988183762862,0.45433333333333337,0.24516666666666667,0.20916666666666667
americas,60,deterministic,mean,independent,20261002,teamfight,0.018946725068758274,0.3956666666666667,0.20733333333333334,0.18833333333333335
americas,60,deterministic,mean,independent,20260930,macro,0.07013657551613857,0.4511111111111111,0.21622222222222223,0.2348888888888889
americas,60,deterministic,mean,independent,20261001,macro,0.07439351811084106,0.4867222222222223,0.2277222222222222,0.25899999999999995
americas,60,deterministic,mean,independent,20261002,macro,0.07268236404010774,0.4437222222222223,0.21538888888888888,0.22833333333333336
americas,60,deterministic,mean,pcgrad,20260930,baron,0.14653586756591047,0.5700000000000001,0.3666666666666667,0.20333333333333334
americas,60,deterministic,mean,pcgrad,20261001,baron,0.1448497854077253,0.5734999999999999,0.3686666666666667,0.2048333333333333
americas,60,deterministic,mean,pcgrad,20261002,baron,0.15098099325567138,0.609,0.39516666666666667,0.21383333333333332
americas,60,deterministic,mean,pcgrad,20260930,dragon,0.04164493131629282,0.3813333333333333,0.06966666666666665,0.31166666666666665
americas,60,deterministic,mean,pcgrad,20261001,dragon,0.04929577464788733,0.41866666666666663,0.07433333333333333,0.3443333333333334
americas,60,deterministic,mean,pcgrad,20261002,dragon,0.051034602677795166,0.41133333333333333,0.07766666666666666,0.33366666666666667
americas,60,deterministic,mean,pcgrad,20260930,teamfight,0.022461036976673114,0.42233333333333334,0.22116666666666668,0.20116666666666666
americas,60,deterministic,mean,pcgrad,20261001,teamfight,0.023708872364266068,0.4395,0.241,0.1985
americas,60,deterministic,mean,pcgrad,20261002,teamfight,0.021034939390852603,0.393,0.20633333333333337,0.1866666666666667
americas,60,deterministic,mean,pcgrad,20260930,macro,0.07021394528629214,0.45788888888888896,0.21916666666666665,0.2387222222222222
americas,60,deterministic,mean,pcgrad,20261001,macro,0.07261814413995955,0.4772222222222222,0.228,0.24922222222222223
americas,60,deterministic,mean,pcgrad,20261002,macro,0.07435017844143972,0.4711111111111111,0.2263888888888889,0.2447222222222222
americas,60,matched_early_mixture,0.25,leagueews,20260930,baron,0.0652514355315816,0.2591352009744214,0.1629110840438485,0.09622411693057199
americas,60,matched_early_mixture,0.25,leagueews,20261001,baron,0.06895822346466103,0.2564102564102551,0.181623931623931,0.0747863247863244
americas,60,matched_early_mixture,0.25,leagueews,20261002,baron,0.06804397898818511,0.271283783783783,0.16554054054054007,0.10574324324324255
americas,60,matched_early_mixture,0.25,leagueews,20260930,dragon,0.05211743746750246,0.2532310177705973,0.10621970920840079,0.14701130856219716
americas,60,matched_early_mixture,0.25,leagueews,20261001,dragon,0.0535429822316189,0.2513069454817029,0.11557132188200149,0.1357356235997009
americas,60,matched_early_mixture,0.25,leagueews,20261002,dragon,0.05315597287428272,0.2478000000000001,0.10700000000000011,0.14080000000000012
americas,60,matched_early_mixture,0.25,leagueews,20260930,teamfight,0.014248216261552971,0.2599164926931107,0.1784968684759916,0.0814196242171191
americas,60,matched_early_mixture,0.25,leagueews,20261001,teamfight,0.01359626935633963,0.25741525423728695,0.15642655367231578,0.10098870056497124
americas,60,matched_early_mixture,0.25,leagueews,20261002,teamfight,0.014046284677764536,0.25396688513280485,0.17713004484304826,0.07683684028975504
americas,60,matched_early_mixture,0.25,leagueews,20260930,macro,0.04387236308687901,0.2574275704793764,0.1492092205760803,0.10821834990329608
americas,60,matched_early_mixture,0.25,leagueews,20261001,macro,0.04536582501753985,0.2550441520430817,0.1512072690594161,0.1038368829836655
americas,60,matched_early_mixture,0.25,leagueews,20261002,macro,0.04508207884674412,0.2576835563055293,0.1498901951278628,0.10779336117766591
americas,60,matched_early_mixture,0.25,gru,20260930,baron,0.055299369279971436,0.2560844667143891,0.21331424481030864,0.04277022190408045
americas,60,matched_early_mixture,0.25,gru,20261001,baron,0.05506693903351394,0.2591190640055072,0.21180316586373063,0.04731589814177591
americas,60,matched_early_mixture,0.25,gru,20261002,baron,0.043416804341982446,0.2487684729064038,0.20812807881773404,0.040640394088670165
americas,60,matched_early_mixture,0.25,gru,20260930,dragon,0.07648478310471885,0.2595115919629063,0.15294693456980907,0.1065646573930973
americas,60,matched_early_mixture,0.25,gru,20261001,dragon,0.08231230199625972,0.25962398373983747,0.1909024390243902,0.06872154471544668
americas,60,matched_early_mixture,0.25,gru,20261002,dragon,0.07436804360328186,0.26075715236194213,0.1669274783765806,0.09382967398536232
americas,60,matched_early_mixture,0.25,gru,20260930,teamfight,0.01324619014012199,0.23248207171314766,0.16771314741035853,0.06476892430278898
americas,60,matched_early_mixture,0.25,gru,20261001,teamfight,0.01482961488410607,0.23192771084337388,0.1736947791164661,0.05823293172690774
americas,60,matched_early_mixture,0.25,gru,20261002,teamfight,0.014580492069622253,0.23394724220623392,0.18790407673860815,0.04604316546762573
americas,60,matched_early_mixture,0.25,gru,20260930,macro,0.04834344750827075,0.24935937679681439,0.17799144226349206,0.07136793453332224
americas,60,matched_early_mixture,0.25,gru,20261001,macro,0.05073628530462657,0.2502235861962396,0.1921334613348623,0.058090124861376775
americas,60,matched_early_mixture,0.25,gru,20261002,macro,0.04412178000496219,0.2478242891581933,0.18765321131097426,0.0601710778472194
americas,60,matched_early_mixture,0.25,tcn,20260930,baron,0.06735260529530428,0.26574427480916146,0.17962786259542018,0.0861164122137412
americas,60,matched_early_mixture,0.25,tcn,20261001,baron,0.061235053255240014,0.25847989949748745,0.1598618090452264,0.09861809045226168
americas,60,matched_early_mixture,0.25,tcn,20261002,baron,0.06365806944449587,0.2641874462596745,0.1842218400687882,0.07996560619088605
americas,60,matched_early_mixture,0.25,tcn,20260930,dragon,0.05262560616518425,0.25327510917030577,0.10946804287415633,0.1438070662961498
americas,60,matched_early_mixture,0.25,tcn,20261001,dragon,0.05179943023589541,0.25198788337750866,0.11340401363120037,0.1385838697463082
americas,60,matched_early_mixture,0.25,tcn,20261002,dragon,0.05215914355768791,0.25294888597640963,0.10026212319790337,0.15268676277850554
americas,60,matched_early_mixture,0.25,tcn,20260930,teamfight,0.013426728463035248,0.2602519039250144,0.1682776801405974,0.0919742237844168
americas,60,matched_early_mixture,0.25,tcn,20261001,teamfight,0.013987512323503551,0.25600413650465376,0.14387383660806577,0.11213029989658732
americas,60,matched_early_mixture,0.25,tcn,20261002,teamfight,0.01375344574706457,0.2584218455743884,0.161394852479599,0.09702699309479006
americas,60,matched_early_mixture,0.25,tcn,20260930,macro,0.044468313307841255,0.25975709596816055,0.15245786187005797,0.1072992340981026
americas,60,matched_early_mixture,0.25,tcn,20261001,macro,0.04234066527154632,0.2554906397932166,0.13904655309483083,0.11644408669838573
americas,60,matched_early_mixture,0.25,tcn,20261002,macro,0.043190219583082785,0.2585193926034908,0.14862627191543018,0.10989312068806055
americas,60,matched_early_mixture,0.25,snapshot,20260930,baron,0.06652440244642355,0.26365409622886904,0.20334850455136552,0.06030559167750358
americas,60,matched_early_mixture,0.25,snapshot,20261001,baron,0.06678792639763687,0.2654474431818182,0.20028409090909124,0.06516335227272742
americas,60,matched_early_mixture,0.25,snapshot,20261002,baron,0.0643909247529973,0.25521958243340587,0.1920446364290863,0.06317494600432
americas,60,matched_early_mixture,0.25,snapshot,20260930,dragon,0.05236165026519541,0.25287926926131826,0.11268864177918991,0.14019062748212913
americas,60,matched_early_mixture,0.25,snapshot,20261001,dragon,0.052009906404607134,0.2522531749283085,0.10948381810733256,0.1427693568209751
americas,60,matched_early_mixture,0.25,snapshot,20261002,dragon,0.052262123029036836,0.2534189805221721,0.109510982179859,0.1439079983423123
americas,60,matched_early_mixture,0.25,snapshot,20260930,teamfight,0.013719615980999264,0.27448262108262117,0.17896125356125317,0.09552136752136743
americas,60,matched_early_mixture,0.25,snapshot,20261001,teamfight,0.013278974623362636,0.26899829931972824,0.18256760204081662,0.08643069727891185
americas,60,matched_early_mixture,0.25,snapshot,20261002,teamfight,0.013706172755667436,0.29909190672153546,0.18303086419753128,0.1160610425240054
americas,60,matched_early_mixture,0.25,snapshot,20260930,macro,0.04420188956420607,0.2636719955242695,0.16499946663060286,0.09867252889366672
americas,60,matched_early_mixture,0.25,snapshot,20261001,macro,0.04402560247520221,0.2622329724766183,0.16411183701908014,0.09812113545753813
americas,60,matched_early_mixture,0.25,snapshot,20261002,macro,0.04345307351256719,0.2692434898923712,0.16152882760215886,0.10771466229021258
americas,60,matched_early_mixture,0.25,current_only,20260930,baron,0.0638527271760573,0.2615257958287604,0.18139407244786002,0.08013172338090067
americas,60,matched_early_mixture,0.25,current_only,20261001,baron,0.06573918429129397,0.26070391872278603,0.19357764876632771,0.06712626995645828
americas,60,matched_early_mixture,0.25,current_only,20261002,baron,0.07146533012521533,0.25989522700814843,0.17578579743888206,0.08410942956926604
americas,60,matched_early_mixture,0.25,current_only,20260930,dragon,0.05089587730759112,0.25052653748946974,0.10077927548441444,0.1497472620050554
americas,60,matched_early_mixture,0.25,current_only,20261001,dragon,0.05294029057025884,0.25158937920718055,0.11490276738967813,0.13668661181750216
americas,60,matched_early_mixture,0.25,current_only,20261002,dragon,0.053305027286709564,0.2512087026591458,0.10787671232876708,0.1433319903303782
americas,60,matched_early_mixture,0.25,current_only,20260930,teamfight,0.01769031996757849,0.30085759745425505,0.16865552903739017,0.13220206841686505
americas,60,matched_early_mixture,0.25,current_only,20261001,teamfight,0.013384050257109694,0.2839872773536893,0.1534300254452927,0.13055725190839693
americas,60,matched_early_mixture,0.25,current_only,20261002,teamfight,0.015194937270753937,0.2759878048780497,0.16561111111111032,0.11037669376693784
americas,60,matched_early_mixture,0.25,current_only,20260930,macro,0.04414630815040898,0.27096997692416175,0.15027629232322154,0.12069368460094038
americas,60,matched_early_mixture,0.25,current_only,20261001,macro,0.04402117503955417,0.2654268584278853,0.15397014720043287,0.11145671122745245
americas,60,matched_early_mixture,0.25,current_only,20261002,macro,0.04665509822755961,0.2623639115151146,0.14975787362625317,0.1126060378888607
americas,60,matched_early_mixture,0.25,independent,20260930,baron,0.0649834604243384,0.23862275449101836,0.14940119760479054,0.08922155688622767
americas,60,matched_early_mixture,0.25,independent,20261001,baron,0.07147640354653423,0.24674940898345193,0.15248226950354632,0.09426713947990562
americas,60,matched_early_mixture,0.25,independent,20261002,baron,0.06891400360146392,0.2452745274527464,0.162466246624663,0.08280828082808321
americas,60,matched_early_mixture,0.25,independent,20260930,dragon,0.05079644681964504,0.25099364069952296,0.10612082670906235,0.14487281399046192
americas,60,matched_early_mixture,0.25,independent,20261001,dragon,0.052849219276353436,0.25072886297376146,0.11598032069970811,0.1347485422740529
americas,60,matched_early_mixture,0.25,independent,20261002,dragon,0.05236779856630683,0.2551574375678613,0.11816865725660469,0.13698878031125483
americas,60,matched_early_mixture,0.25,independent,20260930,teamfight,0.012785875660550693,0.2616761805915932,0.1668396471198756,0.09483653347171778
americas,60,matched_early_mixture,0.25,independent,20261001,teamfight,0.013423489307791109,0.2572587532023916,0.17036720751494383,0.08689154568744631
americas,60,matched_early_mixture,0.25,independent,20261002,teamfight,0.01361750068567909,0.25458392101551447,0.1751586741889975,0.07942524682651608
americas,60,matched_early_mixture,0.25,independent,20260930,macro,0.042855260968178044,0.25043085859404485,0.14078722381124284,0.10964363478280247
americas,60,matched_early_mixture,0.25,independent,20261001,macro,0.04591637071022626,0.251579008386535,0.14627659923939942,0.10530240914713494
americas,60,matched_early_mixture,0.25,independent,20261002,macro,0.04496643428448328,0.25167196201204073,0.1519311926900884,0.09974076932195138
americas,60,matched_early_mixture,0.25,pcgrad,20260930,baron,0.06669290766657365,0.25479094076655184,0.17639372822299715,0.07839721254355451
americas,60,matched_early_mixture,0.25,pcgrad,20261001,baron,0.06688944948617993,0.2548770144189991,0.17790500424088243,0.07697201017811733
americas,60,matched_early_mixture,0.25,pcgrad,20261002,baron,0.06603012870118638,0.25883652430044074,0.18593519882179696,0.07290132547864525
americas,60,matched_early_mixture,0.25,pcgrad,20260930,dragon,0.05115348173698273,0.25020408163265334,0.10326530612244877,0.1469387755102041
americas,60,matched_early_mixture,0.25,pcgrad,20261001,dragon,0.05203756181846919,0.24812312312312204,0.11139264264264218,0.13673048048047962
americas,60,matched_early_mixture,0.25,pcgrad,20261002,dragon,0.05160303367576521,0.24920223374551248,0.10670123653769453,0.14250099720781834
americas,60,matched_early_mixture,0.25,pcgrad,20260930,teamfight,0.013682901538654684,0.26213735938425103,0.16607460035523972,0.09606275902901136
americas,60,matched_early_mixture,0.25,pcgrad,20261001,teamfight,0.013478361329401218,0.25108401084010934,0.1592140921409221,0.09186991869918776
americas,60,matched_early_mixture,0.25,pcgrad,20261002,teamfight,0.01395978296513913,0.25747508305647837,0.15863787375415292,0.09883720930232563
americas,60,matched_early_mixture,0.25,pcgrad,20260930,macro,0.04384309698073702,0.25571079392781876,0.14857787823356186,0.10713291569425665
americas,60,matched_early_mixture,0.25,pcgrad,20261001,macro,0.04413512421135011,0.2513613827940768,0.14950391300814891,0.10185746978592825
americas,60,matched_early_mixture,0.25,pcgrad,20261002,macro,0.043864315114030245,0.2551712803674772,0.15042476970454813,0.10474651066292974
americas,60,matched_early_mixture,0.5,leagueews,20260930,baron,0.1305028710631632,0.5182704019488428,0.325822168087697,0.1924482338611439
americas,60,matched_early_mixture,0.5,leagueews,20261001,baron,0.13791644692932206,0.5128205128205102,0.363247863247862,0.1495726495726488
americas,60,matched_early_mixture,0.5,leagueews,20261002,baron,0.1361105178918748,0.5415006242197251,0.3319600499375777,0.20954057428214723
americas,60,matched_early_mixture,0.5,leagueews,20260930,dragon,0.10423487493500493,0.5064620355411946,0.21243941841680158,0.2940226171243943
americas,60,matched_early_mixture,0.5,leagueews,20261001,dragon,0.1070859644632377,0.5026138909634056,0.23114264376400273,0.2714712471994016
americas,60,matched_early_mixture,0.5,leagueews,20261002,dragon,0.10631194574856544,0.4956000000000002,0.21400000000000022,0.2816000000000001
americas,60,matched_early_mixture,0.5,leagueews,20260930,teamfight,0.028496432523105946,0.5198329853862216,0.35699373695198333,0.16283924843423833
americas,60,matched_early_mixture,0.5,leagueews,20261001,teamfight,0.02719253871267926,0.5148305084745739,0.3128531073446316,0.20197740112994247
americas,60,matched_early_mixture,0.5,leagueews,20261002,teamfight,0.028092569355529073,0.5079337702656097,0.3542600896860965,0.15367368057951009
americas,60,matched_early_mixture,0.5,leagueews,20260930,macro,0.08774472617375802,0.514855140958753,0.29841844115216065,0.2164366998065922
americas,60,matched_early_mixture,0.5,leagueews,20261001,macro,0.09073165003507967,0.5100883040861632,0.3024145381188321,0.20767376596733092
americas,60,matched_early_mixture,0.5,leagueews,20261002,macro,0.0901716776653231,0.5150114648284451,0.3000733798745581,0.21493808495388578
americas,60,matched_early_mixture,0.5,gru,20260930,baron,0.11059873855994287,0.5121689334287782,0.4266284896206173,0.0855404438081609
americas,60,matched_early_mixture,0.5,gru,20261001,baron,0.11013387806702787,0.5182381280110144,0.42360633172746126,0.09463179628355183
americas,60,matched_early_mixture,0.5,gru,20261002,baron,0.0870304516656448,0.5060770370370371,0.4287970370370367,0.07727999999999986
americas,60,matched_early_mixture,0.5,gru,20260930,dragon,0.14048144842493684,0.5299907264296781,0.30364245234415355,0.22634827408552421
americas,60,matched_early_mixture,0.5,gru,20261001,dragon,0.13678321055510997,0.5145782520325216,0.35401219512195103,0.16056605691056955
americas,60,matched_early_mixture,0.5,gru,20261002,dragon,0.13153034533868568,0.5124285204991069,0.32256827094474144,0.1898602495543674
americas,60,matched_early_mixture,0.5,gru,20260930,teamfight,0.026765505970413852,0.48430810092961657,0.3635962815405037,0.12071181938910987
americas,60,matched_early_mixture,0.5,gru,20261001,teamfight,0.029644617716329986,0.46407070707070547,0.34766868686868574,0.11640202020201991
americas,60,matched_early_mixture,0.5,gru,20261002,teamfight,0.028478190977100824,0.4726420006851657,0.381634806440561,0.09100719424460431
americas,60,matched_early_mixture,0.5,gru,20260930,macro,0.09261523098509784,0.5088225869293577,0.36462240783509153,0.144200179094265
americas,60,matched_early_mixture,0.5,gru,20261001,macro,0.09218723544615594,0.4989623623714139,0.3750957379060327,0.12386662446538042
americas,60,matched_early_mixture,0.5,gru,20261002,macro,0.08234632932714377,0.49704918607376997,0.3776667048074464,0.11938248126632385
americas,60,matched_early_mixture,0.5,tcn,20260930,baron,0.13470521059060855,0.5314885496183229,0.35925572519084037,0.1722328244274824
americas,60,matched_early_mixture,0.5,tcn,20261001,baron,0.12247010651048003,0.5169597989949749,0.3197236180904528,0.19723618090452336
americas,60,matched_early_mixture,0.5,tcn,20261002,baron,0.12731613888899174,0.528374892519349,0.3684436801375764,0.1599312123817721
americas,60,matched_early_mixture,0.5,tcn,20260930,dragon,0.1052512123303685,0.5065502183406115,0.21893608574831266,0.2876141325922996
americas,60,matched_early_mixture,0.5,tcn,20261001,dragon,0.10359886047179082,0.5039757667550168,0.22680802726240074,0.2771677394926162
americas,60,matched_early_mixture,0.5,tcn,20261002,dragon,0.10431828711537582,0.5058977719528193,0.20052424639580674,0.3053735255570111
americas,60,matched_early_mixture,0.5,tcn,20260930,teamfight,0.026853456926070496,0.5205038078500289,0.33655536028119487,0.1839484475688336
americas,60,matched_early_mixture,0.5,tcn,20261001,teamfight,0.027655422041350526,0.5135015511892437,0.2902026887280241,0.22329886246121888
americas,60,matched_early_mixture,0.5,tcn,20261002,teamfight,0.027589508213745357,0.5183088512241049,0.32429504080351773,0.19401381042059032
americas,60,matched_early_mixture,0.5,tcn,20260930,macro,0.08893662661568251,0.5195141919363211,0.30491572374011594,0.2145984681962052
americas,60,matched_early_mixture,0.5,tcn,20261001,macro,0.08457479634120713,0.5114790389797451,0.2789114446936259,0.23256759428611948
americas,60,matched_early_mixture,0.5,tcn,20261002,macro,0.0864079780727043,0.5175271718987577,0.2977543224456336,0.2197728494531245
americas,60,matched_early_mixture,0.5,snapshot,20260930,baron,0.13304880489284693,0.5273081924577377,0.4066970091027309,0.12061118335500716
americas,60,matched_early_mixture,0.5,snapshot,20261001,baron,0.13357585279527373,0.5308948863636364,0.4005681818181825,0.13032670454545484
americas,60,matched_early_mixture,0.5,snapshot,20261002,baron,0.1287818495059946,0.5104391648668117,0.3840892728581726,0.12634989200864
americas,60,matched_early_mixture,0.5,snapshot,20260930,dragon,0.10472330053039082,0.5057585385226365,0.22537728355837988,0.28038125496425825
americas,60,matched_early_mixture,0.5,snapshot,20261001,dragon,0.10401981280921427,0.504506349856617,0.2189676362146651,0.2855387136419502
americas,60,matched_early_mixture,0.5,snapshot,20261002,dragon,0.10452424605807367,0.5068379610443442,0.219021964359718,0.2878159966846246
americas,60,matched_early_mixture,0.5,snapshot,20260930,teamfight,0.027366795259226778,0.5464911680911664,0.3612262108262104,0.1852649572649561
americas,60,matched_early_mixture,0.5,snapshot,20261001,teamfight,0.026629150183043633,0.5387687074829922,0.3654438775510199,0.173324829931972
americas,60,matched_early_mixture,0.5,snapshot,20261002,teamfight,0.0277753674129575,0.5604087791495211,0.36127160493827426,0.19913717421124988
americas,60,matched_early_mixture,0.5,snapshot,20260930,macro,0.0883796335608215,0.5265192996905136,0.33110016782910706,0.19541913186140716
americas,60,matched_early_mixture,0.5,snapshot,20261001,macro,0.08807493859584388,0.5247233145677486,0.3283265651946225,0.1963967493731257
americas,60,matched_early_mixture,0.5,snapshot,20261002,macro,0.08702715432567526,0.5258953016868924,0.3214609473853883,0.2044343543015048
americas,60,matched_early_mixture,0.5,current_only,20260930,baron,0.1277054543521146,0.5230515916575208,0.36278814489572003,0.16026344676180135
americas,60,matched_early_mixture,0.5,current_only,20261001,baron,0.13147836858258793,0.5214078374455721,0.38715529753265543,0.13425253991291655
americas,60,matched_early_mixture,0.5,current_only,20261002,baron,0.14293066025043066,0.5197904540162969,0.3515715948777641,0.16821885913853207
americas,60,matched_early_mixture,0.5,current_only,20260930,dragon,0.10179175461518224,0.5010530749789395,0.20155855096882888,0.2994945240101108
americas,60,matched_early_mixture,0.5,current_only,20261001,dragon,0.10588058114051778,0.503178758414361,0.22980553477935636,0.2733732236350044
americas,60,matched_early_mixture,0.5,current_only,20261002,dragon,0.10661005457341909,0.5024174053182913,0.21575342465753417,0.2866639806607564
americas,60,matched_early_mixture,0.5,current_only,20260930,teamfight,0.03149714463478331,0.5582185338865829,0.3497187644075606,0.20849976947902243
americas,60,matched_early_mixture,0.5,current_only,20261001,teamfight,0.02711334987523594,0.5336692111959285,0.3391806615776076,0.19448854961831996
americas,60,matched_early_mixture,0.5,current_only,20261002,teamfight,0.030994744474285952,0.5328475609756097,0.3426944444444465,0.19015311653116568
americas,60,matched_early_mixture,0.5,current_only,20260930,macro,0.08699811786736006,0.5274410668410144,0.3046884867573698,0.22275258008364487
americas,60,matched_early_mixture,0.5,current_only,20261001,macro,0.08815743319944723,0.5194186023519539,0.3187138312965398,0.20070477105541362
americas,60,matched_early_mixture,0.5,current_only,20261002,macro,0.09351181976604524,0.518351806770066,0.3033398213265816,0.21501198544348474
americas,60,matched_early_mixture,0.5,independent,20260930,baron,0.1299669208486768,0.4772455089820368,0.2988023952095811,0.17844311377245534
americas,60,matched_early_mixture,0.5,independent,20261001,baron,0.14295280709306846,0.49349881796690387,0.30496453900709264,0.18853427895981123
americas,60,matched_early_mixture,0.5,independent,20261002,baron,0.13782800720292784,0.4905490549054928,0.324932493249326,0.16561656165616642
americas,60,matched_early_mixture,0.5,independent,20260930,dragon,0.10159289363929017,0.501987281399046,0.21224165341812495,0.289745627980924
americas,60,matched_early_mixture,0.5,independent,20261001,dragon,0.10569843855270684,0.5014577259475227,0.23196064139941622,0.2694970845481057
americas,60,matched_early_mixture,0.5,independent,20261002,dragon,0.10473559713261367,0.5103148751357228,0.23633731451320952,0.27397756062250983
americas,60,matched_early_mixture,0.5,independent,20260930,teamfight,0.025571751321101382,0.5233523611831865,0.3336792942397512,0.18967306694343558
americas,60,matched_early_mixture,0.5,independent,20261001,teamfight,0.026846978615582218,0.5145175064047832,0.34073441502988766,0.17378309137489262
americas,60,matched_early_mixture,0.5,independent,20261002,teamfight,0.02723500137135818,0.5091678420310295,0.350317348377995,0.1588504936530325
americas,60,matched_early_mixture,0.5,independent,20260930,macro,0.08571052193635613,0.5008617171880898,0.28157444762248574,0.21928726956560496
americas,60,matched_early_mixture,0.5,independent,20261001,macro,0.0918327414204525,0.5031580167730699,0.29255319847879885,0.21060481829426983
americas,60,matched_early_mixture,0.5,independent,20261002,macro,0.08993286856896658,0.5033439240240817,0.30386238538017685,0.19948153864390292
americas,60,matched_early_mixture,0.5,pcgrad,20260930,baron,0.1333858153331473,0.5095818815331037,0.3527874564459943,0.15679442508710903
americas,60,matched_early_mixture,0.5,pcgrad,20261001,baron,0.13377889897235987,0.5097540288379983,0.35581000848176486,0.15394402035623467
americas,60,matched_early_mixture,0.5,pcgrad,20261002,baron,0.13206025740237276,0.5176730486008815,0.3718703976435939,0.1458026509572905
americas,60,matched_early_mixture,0.5,pcgrad,20260930,dragon,0.1023069634739655,0.5004081632653069,0.20653061224489758,0.2938775510204091
americas,60,matched_early_mixture,0.5,pcgrad,20261001,dragon,0.1040751236369386,0.4962462462462443,0.22278528528528452,0.27346096096095934
americas,60,matched_early_mixture,0.5,pcgrad,20261002,dragon,0.10320606735153041,0.4984044674910248,0.21340247307538907,0.2850019944156366
americas,60,matched_early_mixture,0.5,pcgrad,20260930,teamfight,0.02736580307730937,0.5242747187685021,0.33214920071047943,0.19212551805802272
americas,60,matched_early_mixture,0.5,pcgrad,20261001,teamfight,0.026956722658802435,0.5021680216802187,0.3184281842818442,0.18373983739837552
americas,60,matched_early_mixture,0.5,pcgrad,20261002,teamfight,0.02791956593027826,0.5149501661129567,0.31727574750830584,0.19767441860465126
americas,60,matched_early_mixture,0.5,pcgrad,20260930,macro,0.08768619396147405,0.5114215878556375,0.2971557564671237,0.2142658313885136
americas,60,matched_early_mixture,0.5,pcgrad,20261001,macro,0.0882702484227003,0.5027227655881538,0.29900782601629783,0.2037149395718565
americas,60,matched_early_mixture,0.5,pcgrad,20261002,macro,0.08772863022806049,0.5103425607349543,0.30084953940909626,0.20949302132585945
americas,60,matched_early_mixture,0.75,leagueews,20260930,baron,0.195663550521373,0.773892757102842,0.5388963585434153,0.23499639855942295
americas,60,matched_early_mixture,0.75,leagueews,20261001,baron,0.20687467039398347,0.7692307692307648,0.5448717948717929,0.2243589743589729
americas,60,matched_early_mixture,0.75,leagueews,20261002,baron,0.2036014236488363,0.781735797399042,0.5422245037645452,0.23951129363449788
americas,60,matched_early_mixture,0.75,leagueews,20260930,dragon,0.15635231240250652,0.7596930533117918,0.3186591276252026,0.4410339256865908
americas,60,matched_early_mixture,0.75,leagueews,20261001,dragon,0.16062894669485644,0.7539208364451081,0.34671396564600415,0.4072068707991042
americas,60,matched_early_mixture,0.75,leagueews,20261002,dragon,0.15946791862284818,0.7434000000000003,0.32099999999999995,0.4223999999999999
americas,60,matched_early_mixture,0.75,leagueews,20260930,teamfight,0.04274464878465904,0.7797494780793304,0.5354906054279746,0.24425887265135676
americas,60,matched_early_mixture,0.75,leagueews,20261001,teamfight,0.040788808069018856,0.7722457627118656,0.4692796610169476,0.30296610169491395
americas,60,matched_early_mixture,0.75,leagueews,20261002,teamfight,0.04213885403329355,0.7619006553984093,0.5313901345291427,0.23051052086926477
americas,60,matched_early_mixture,0.75,leagueews,20260930,macro,0.13158683723617953,0.7711117628313214,0.4643486971988642,0.30676306563245687
americas,60,matched_early_mixture,0.75,leagueews,20261001,macro,0.1360974750526196,0.7651324561292462,0.45362180717824824,0.31151064895099706
americas,60,matched_early_mixture,0.75,leagueews,20261002,macro,0.135069398768326,0.7623454842658172,0.464871546097896,0.29747393816792084
americas,60,matched_early_mixture,0.75,gru,20260930,baron,0.16589810783991515,0.7682534001431646,0.6399427344309255,0.12831066571224123
americas,60,matched_early_mixture,0.75,gru,20261001,baron,0.16520081710054257,0.7773571920165167,0.6354094975911924,0.1419476944253272
americas,60,matched_early_mixture,0.75,gru,20261002,baron,0.13097077457592507,0.7775585185185164,0.6702785185185172,0.10728000000000032
americas,60,matched_early_mixture,0.75,gru,20260930,dragon,0.18883598725645392,0.7822062146892649,0.46699435028248704,0.31521186440678034
americas,60,matched_early_mixture,0.75,gru,20261001,dragon,0.18694885361552044,0.7666666666666668,0.518000000000001,0.24866666666666318
americas,60,matched_early_mixture,0.75,gru,20261002,dragon,0.1783950152356675,0.7568135472370736,0.4744399286987529,0.28237361853832194
americas,60,matched_early_mixture,0.75,gru,20260930,teamfight,0.040284821800706,0.7361341301460822,0.5594794156706525,0.17665471447543213
americas,60,matched_early_mixture,0.75,gru,20261001,teamfight,0.0426477261151804,0.7229090909090921,0.5562545454545433,0.16665454545454486
americas,60,matched_early_mixture,0.75,gru,20261002,teamfight,0.04212646995574563,0.7112804232804207,0.5758624338624317,0.13541798941798902
americas,60,matched_early_mixture,0.75,gru,20260930,macro,0.13167297229902505,0.7621979149928372,0.5554721667946884,0.20672574819815123
americas,60,matched_early_mixture,0.75,gru,20261001,macro,0.13159913227708114,0.7556443165307586,0.5698880143485789,0.18575630218217842
americas,60,matched_early_mixture,0.75,gru,20261002,macro,0.11716408658911275,0.7485508296786704,0.5735269603599006,0.17502386931877043
americas,60,matched_early_mixture,0.75,tcn,20260930,baron,0.20034242217414958,0.7976805031446517,0.5502339622641519,0.2474465408805034
americas,60,matched_early_mixture,0.75,tcn,20261001,baron,0.18743523035368495,0.769823977823981,0.5258350658350668,0.24398891198891287
americas,60,matched_early_mixture,0.75,tcn,20261002,baron,0.19097420833348736,0.7925623387790238,0.552665520206365,0.23989681857265838
americas,60,matched_early_mixture,0.75,tcn,20260930,dragon,0.1578768184955532,0.759825327510917,0.3284041286224705,0.43142119888844693
americas,60,matched_early_mixture,0.75,tcn,20261001,dragon,0.15539829070768563,0.7559636501325252,0.3402120408936007,0.4157516092389215
americas,60,matched_early_mixture,0.75,tcn,20261002,dragon,0.15647743067306344,0.7588466579292253,0.30078636959370914,0.45806028833551593
americas,60,matched_early_mixture,0.75,tcn,20260930,teamfight,0.040280185389105674,0.7807557117750423,0.5048330404217923,0.2759226713532511
americas,60,matched_early_mixture,0.75,tcn,20261001,teamfight,0.04110878529356404,0.7699822639540944,0.4547344809598332,0.31524778299426065
americas,60,matched_early_mixture,0.75,tcn,20261002,teamfight,0.041425570680425856,0.7781958568738224,0.4871952291274256,0.2910006277463895
americas,60,matched_early_mixture,0.75,tcn,20260930,macro,0.1328331420196028,0.779420514143537,0.4611570437694716,0.31826347037406716
americas,60,matched_early_mixture,0.75,tcn,20261001,macro,0.1279807687849782,0.7652566306368668,0.44026052922950026,0.324996101407365
americas,60,matched_early_mixture,0.75,tcn,20261002,macro,0.12962573656232554,0.7765349511940238,0.44688237297583316,0.3296525782181879
americas,60,matched_early_mixture,0.75,snapshot,20260930,baron,0.1995732073392722,0.7909622886866051,0.6100455136540989,0.18091677503251094
americas,60,matched_early_mixture,0.75,snapshot,20261001,baron,0.2003637791929108,0.7963423295454531,0.6008522727272724,0.19549005681818152
americas,60,matched_early_mixture,0.75,snapshot,20261002,baron,0.19317277425899218,0.7656587473002194,0.5761339092872594,0.1895248380129601
americas,60,matched_early_mixture,0.75,snapshot,20260930,dragon,0.15708495079558632,0.7586378077839563,0.3380659253375696,0.4205718824463855
americas,60,matched_early_mixture,0.75,snapshot,20261001,dragon,0.156029719213822,0.7567595247849219,0.3284514543219985,0.42830807046292246
americas,60,matched_early_mixture,0.75,snapshot,20261002,dragon,0.15678636908711147,0.7602569415665144,0.32853294653957654,0.4317239950269385
americas,60,matched_early_mixture,0.75,snapshot,20260930,teamfight,0.04101397453745411,0.8184997150997131,0.5434911680911662,0.2750085470085456
americas,60,matched_early_mixture,0.75,snapshot,20261001,teamfight,0.03997932574272435,0.8085391156462567,0.5483201530612227,0.2602189625850323
americas,60,matched_early_mixture,0.75,snapshot,20261002,teamfight,0.04175485304715622,0.8210728405090705,0.5399442187923057,0.28112862171676
americas,60,matched_early_mixture,0.75,snapshot,20260930,macro,0.13255737755743754,0.7893666038567582,0.4972008690276115,0.29216573482914737
americas,60,matched_early_mixture,0.75,snapshot,20261001,macro,0.13212427471648572,0.7872136566588773,0.49254129337016456,0.2946723632887121
americas,60,matched_early_mixture,0.75,snapshot,20261002,macro,0.13057133213108663,0.7823295097919347,0.4815370248730472,0.3007924849188862
americas,60,matched_early_mixture,0.75,current_only,20260930,baron,0.1916972859480651,0.7831318944844137,0.5692206235011991,0.21391127098321364
americas,60,matched_early_mixture,0.75,current_only,20261001,baron,0.19721755287388165,0.78211175616836,0.5807329462989845,0.2013788098693761
americas,60,matched_early_mixture,0.75,current_only,20261002,baron,0.21533993607399016,0.7837847439916386,0.564990595611287,0.2187941483803558
americas,60,matched_early_mixture,0.75,current_only,20260930,dragon,0.15268763192277374,0.7515796124684078,0.3023378264532448,0.44924178601516446
americas,60,matched_early_mixture,0.75,current_only,20261001,dragon,0.15882087171077652,0.7547681376215419,0.3447083021690342,0.4100598354525052
americas,60,matched_early_mixture,0.75,current_only,20261002,dragon,0.15991508186012846,0.7536261079774348,0.3236301369863015,0.42999597099113834
americas,60,matched_early_mixture,0.75,current_only,20260930,teamfight,0.04465283146307707,0.8092558782849246,0.5329829414476719,0.2762729368372535
americas,60,matched_early_mixture,0.75,current_only,20261001,teamfight,0.04084264949336202,0.7833511450381703,0.5249312977099221,0.25841984732824363
americas,60,matched_early_mixture,0.75,current_only,20261002,teamfight,0.046794551677817806,0.7897073170731744,0.5197777777777802,0.26992953929539376
americas,60,matched_early_mixture,0.75,current_only,20260930,macro,0.12967924977797196,0.7813224617459152,0.4681804638007052,0.3131419979452105
americas,60,matched_early_mixture,0.75,current_only,20261001,macro,0.13229369135934008,0.773410346276024,0.483457515392647,0.289952830883375
americas,60,matched_early_mixture,0.75,current_only,20261002,macro,0.1406831898706455,0.775706056347416,0.4694661701251229,0.306239886222296
americas,60,matched_early_mixture,0.75,independent,20260930,baron,0.1971878023380169,0.7347151767151777,0.5038932778932774,0.230821898821898
americas,60,matched_early_mixture,0.75,independent,20261001,baron,0.21511416987900958,0.7574694348327562,0.5158408304498284,0.24162860438293043
americas,60,matched_early_mixture,0.75,independent,20261002,baron,0.20667851119386219,0.7360298189563341,0.48998083067092807,0.24604898828541033
americas,60,matched_early_mixture,0.75,independent,20260930,dragon,0.15238934045893449,0.7529809220985708,0.3183624801271874,0.43461844197138355
americas,60,matched_early_mixture,0.75,independent,20261001,dragon,0.15854765782906077,0.7521865889212805,0.34794096209912573,0.4042456268221557
americas,60,matched_early_mixture,0.75,independent,20261002,dragon,0.15710339569892096,0.7654723127035832,0.3545059717698146,0.41096634093376794
americas,60,matched_early_mixture,0.75,independent,20260930,teamfight,0.03835762698165216,0.7850285417747798,0.5005189413596265,0.28450960041515383
americas,60,matched_early_mixture,0.75,independent,20261001,teamfight,0.04027046792337357,0.7717762596071722,0.5111016225448343,0.26067463706233956
americas,60,matched_early_mixture,0.75,independent,20261002,teamfight,0.04085250205703715,0.7637517630465465,0.5254760225670014,0.23827574047955022
americas,60,matched_early_mixture,0.75,independent,20260930,macro,0.1293115899262012,0.757574880196176,0.44092489979336374,0.3166499804028118
americas,60,matched_early_mixture,0.75,independent,20261001,macro,0.13797743187714798,0.7604774277870696,0.4582944716979294,0.30218295608914186
americas,60,matched_early_mixture,0.75,independent,20261002,macro,0.13487813631660675,0.7550846315688213,0.4566542750025813,0.29843035656624284
americas,60,matched_early_mixture,0.75,pcgrad,20260930,baron,0.20007872299972054,0.76437282229965,0.5291811846689888,0.23519163763066145
americas,60,matched_early_mixture,0.75,pcgrad,20261001,baron,0.20066834845853937,0.7646310432569956,0.5337150127226447,0.23091603053434995
americas,60,matched_early_mixture,0.75,pcgrad,20261002,baron,0.19809038610355864,0.7765095729013244,0.5578055964653891,0.2187039764359341
americas,60,matched_early_mixture,0.75,pcgrad,20260930,dragon,0.15346044521094893,0.7506122448979583,0.3097959183673478,0.44081632653061364
americas,60,matched_early_mixture,0.75,pcgrad,20261001,dragon,0.1561126854554076,0.7443693693693652,0.33417792792792694,0.4101914414414397
americas,60,matched_early_mixture,0.75,pcgrad,20261002,dragon,0.15480910102729561,0.7476067012365392,0.3201037096130834,0.4275029916234545
americas,60,matched_early_mixture,0.75,pcgrad,20260930,teamfight,0.041048704615964056,0.7864120781527516,0.49822380106571873,0.28818827708703426
americas,60,matched_early_mixture,0.75,pcgrad,20261001,teamfight,0.04043508398820386,0.753252032520325,0.47764227642276613,0.2756097560975614
americas,60,matched_early_mixture,0.75,pcgrad,20261002,teamfight,0.04187934889541739,0.7724252491694305,0.4759136212624536,0.29651162790697355
americas,60,matched_early_mixture,0.75,pcgrad,20260930,macro,0.13152929094221116,0.7671323817834533,0.4457336347006851,0.3213987470827698
americas,60,matched_early_mixture,0.75,pcgrad,20261001,macro,0.13240537263405028,0.7540841483822286,0.4485117390244459,0.3055724093577837
americas,60,matched_early_mixture,0.75,pcgrad,20261002,macro,0.13159294534209057,0.7655138411024313,0.45127430911364197,0.3142395319887874
americas,60,matched_early_mixture,1.0,leagueews,20260930,baron,0.2608030336598161,1.0286946778711474,0.7636862745098041,0.26500840336134607
americas,60,matched_early_mixture,1.0,leagueews,20261001,baron,0.27072435058081973,1.0226348733234003,0.7543288623944355,0.26830601092896056
americas,60,matched_early_mixture,1.0,leagueews,20261002,baron,0.26804520223543543,1.041489390828198,0.7781074606433932,0.2633819301848033
americas,60,matched_early_mixture,1.0,leagueews,20260930,dragon,0.20846974987000985,1.0129240710823892,0.42487883683360317,0.5880452342487886
americas,60,matched_early_mixture,1.0,leagueews,20261001,dragon,0.2141719289264754,1.0052277819268112,0.46228528752800546,0.5429424943988032
americas,60,matched_early_mixture,1.0,leagueews,20261002,dragon,0.21262389149713087,0.9912000000000004,0.42800000000000044,0.5632000000000001
americas,60,matched_early_mixture,1.0,leagueews,20260930,teamfight,0.05699286504621189,1.0396659707724432,0.7139874739039667,0.32567849686847666
americas,60,matched_early_mixture,1.0,leagueews,20261001,teamfight,0.05425521309075141,1.0279999999999954,0.6332765408196178,0.394723459180379
americas,60,matched_early_mixture,1.0,leagueews,20261002,teamfight,0.056185138711058145,1.0158675405312194,0.708520179372193,0.30734736115902017
americas,60,matched_early_mixture,1.0,leagueews,20260930,macro,0.1754218828586793,1.0270949065753265,0.6341841950824579,0.3929107114928705
americas,60,matched_early_mixture,1.0,leagueews,20261001,macro,0.17971716419934883,1.0186208850834022,0.616630230247353,0.4019906548360475
americas,60,matched_early_mixture,1.0,leagueews,20261002,macro,0.17895141081454147,1.0161856437864725,0.6382092133385289,0.37797643044794116
americas,60,matched_early_mixture,1.0,gru,20260930,baron,0.22048515982897754,1.0257844222960455,0.8599114064230313,0.16587301587301517
americas,60,matched_early_mixture,1.0,gru,20261001,baron,0.2196395201816481,1.036157894736846,0.849751196172251,0.18640669856459385
americas,60,matched_early_mixture,1.0,gru,20261002,baron,0.17145772682253352,1.0241799533799583,0.8953184149184167,0.1288615384615383
americas,60,matched_early_mixture,1.0,gru,20260930,dragon,0.23483940891635544,1.0316765536723138,0.6322485875706186,0.3994279661016937
americas,60,matched_early_mixture,1.0,gru,20261001,dragon,0.2275018780199278,1.012356321839082,0.6839482758620675,0.32840804597701223
americas,60,matched_early_mixture,1.0,gru,20261002,dragon,0.22494139388008733,1.0011318734793206,0.6270725060827257,0.37405936739659484
americas,60,matched_early_mixture,1.0,gru,20260930,teamfight,0.05380413763099776,0.9879601593625501,0.7553625498007953,0.23259760956175296
americas,60,matched_early_mixture,1.0,gru,20261001,teamfight,0.05565083451403086,0.9817474747474702,0.7648404040404013,0.21690707070707002
americas,60,matched_early_mixture,1.0,gru,20261002,teamfight,0.051772692803557695,0.9490149110149075,0.778063011063,0.170951899951898
americas,60,matched_early_mixture,1.0,gru,20260930,macro,0.16970956879211027,1.0151403784436364,0.7491741812648152,0.2659661971788206
americas,60,matched_early_mixture,1.0,gru,20261001,macro,0.16759741090520228,1.0100872304411326,0.7661799586915734,0.2439072717495587
americas,60,matched_early_mixture,1.0,gru,20261002,macro,0.14939060450205952,0.9914422459580622,0.7668179773547141,0.22462426860334372
americas,60,matched_early_mixture,1.0,tcn,20260930,baron,0.2630244989248801,1.0566666666666635,0.783009389671361,0.2736572769953047
americas,60,matched_early_mixture,1.0,tcn,20261001,baron,0.2524114865620007,1.0310505394662117,0.7596536059057357,0.27139693356047756
americas,60,matched_early_mixture,1.0,tcn,20261002,baron,0.257039634739792,1.0560813512581841,0.7901916580489462,0.26588969320923644
americas,60,matched_early_mixture,1.0,tcn,20260930,dragon,0.210502424660737,1.013100436681223,0.43787217149662533,0.5752282651845992
americas,60,matched_early_mixture,1.0,tcn,20261001,dragon,0.20719772094358163,1.0079515335100335,0.45361605452480147,0.5543354789852324
americas,60,matched_early_mixture,1.0,tcn,20261002,dragon,0.20863657423075163,1.0117955439056385,0.4010484927916135,0.6107470511140222
americas,60,matched_early_mixture,1.0,tcn,20260930,teamfight,0.05370691385214099,1.0410076157000578,0.6731107205623897,0.3678968951376672
americas,60,matched_early_mixture,1.0,tcn,20261001,teamfight,0.05424032884732707,1.0249379238393288,0.6465706833594159,0.37836724047991604
americas,60,matched_early_mixture,1.0,tcn,20261002,teamfight,0.05526163314710663,1.0380828625235432,0.650095417451347,0.3879874450721908
americas,60,matched_early_mixture,1.0,tcn,20260930,macro,0.1757446124792527,1.0369249063493147,0.631330760576792,0.4055941457725238
americas,60,matched_early_mixture,1.0,tcn,20261001,macro,0.17128317878430313,1.0213133322718582,0.6199467812633177,0.401366551008542
americas,60,matched_early_mixture,1.0,tcn,20261002,macro,0.1736459473725501,1.0353199192291218,0.6137785227639689,0.42154139646514976
americas,60,matched_early_mixture,1.0,snapshot,20260930,baron,0.26609760978569386,1.0546163849154755,0.8133940182054618,0.24122236671001432
americas,60,matched_early_mixture,1.0,snapshot,20261001,baron,0.26341846353077353,1.0606749740394619,0.8106583592938731,0.2500166147455866
americas,60,matched_early_mixture,1.0,snapshot,20261002,baron,0.25659990856349013,1.027888246628129,0.7859749518304432,0.24191329479768892
americas,60,matched_early_mixture,1.0,snapshot,20260930,dragon,0.20944660106078164,1.011517077045273,0.45075456711675976,0.5607625099285165
americas,60,matched_early_mixture,1.0,snapshot,20261001,dragon,0.20803962561842854,1.009012699713234,0.4379352724293302,0.5710774272839004
americas,60,matched_early_mixture,1.0,snapshot,20261002,dragon,0.20904849211614734,1.0136759220886884,0.438043928719436,0.5756319933692492
americas,60,matched_early_mixture,1.0,snapshot,20260930,teamfight,0.05336592622653777,1.0675307324663783,0.7391061464932741,0.3284245859731014
americas,60,matched_early_mixture,1.0,snapshot,20261001,teamfight,0.053329501302405595,1.0783095238095226,0.7311964285714287,0.3471130952380944
americas,60,matched_early_mixture,1.0,snapshot,20261002,teamfight,0.053236287422959654,1.0635586244245812,0.730642837801244,0.33291578662334187
americas,60,matched_early_mixture,1.0,snapshot,20260930,macro,0.17630337902433776,1.0445547314757089,0.6677515772718318,0.37680315420387744
americas,60,matched_early_mixture,1.0,snapshot,20261001,macro,0.17492919681720254,1.0493323991874062,0.6599300200982107,0.38940237908919384
americas,60,matched_early_mixture,1.0,snapshot,20261002,macro,0.1729615627008657,1.035040931047133,0.6515539061170411,0.3834870249300933
americas,60,matched_early_mixture,1.0,current_only,20260930,baron,0.25534425033918295,1.042915451895045,0.7963032069970849,0.2466122448979584
americas,60,matched_early_mixture,1.0,current_only,20261001,baron,0.26086532040442567,1.0471040339702777,0.791630573248409,0.25547346072186844
americas,60,matched_early_mixture,1.0,current_only,20261002,baron,0.2757069581731991,1.0587756097560987,0.8119999999999988,0.24677560975609616
americas,60,matched_early_mixture,1.0,current_only,20260930,dragon,0.20358350923036447,1.002106149957879,0.40311710193765776,0.5989890480202216
americas,60,matched_early_mixture,1.0,current_only,20261001,dragon,0.21176116228103556,1.006357516828722,0.4596110695587127,0.5467464472700088
americas,60,matched_early_mixture,1.0,current_only,20261002,dragon,0.21322010914683817,1.0048348106365825,0.43150684931506833,0.5733279613215128
americas,60,matched_early_mixture,1.0,current_only,20260930,teamfight,0.056721815288378864,1.062232629727354,0.7361890941073004,0.3260435356200528
americas,60,matched_early_mixture,1.0,current_only,20261001,teamfight,0.054571949111488355,1.033033078880407,0.7106819338422399,0.3223511450381679
americas,60,matched_early_mixture,1.0,current_only,20261002,teamfight,0.05983675092400936,1.033409064830755,0.7122914515203715,0.3211176133103856
americas,60,matched_early_mixture,1.0,current_only,20260930,macro,0.17188319161930876,1.0357514105267593,0.6452031343473477,0.39054827617941096
americas,60,matched_early_mixture,1.0,current_only,20261001,macro,0.17573281059898319,1.0288315432264687,0.6539745255497872,0.3748570176766817
americas,60,matched_early_mixture,1.0,current_only,20261002,macro,0.18292127274801553,1.032339828407812,0.6519327669451462,0.38040706146266484
americas,60,matched_early_mixture,1.0,independent,20260930,baron,0.25900390812364227,0.9834058956916121,0.7213922902494331,0.2620136054421764
americas,60,matched_early_mixture,1.0,independent,20261001,baron,0.27651658920819006,1.0189264069264043,0.7527407407407423,0.2661856661856667
americas,60,matched_early_mixture,1.0,independent,20261002,baron,0.2738916323704263,0.9868285410010661,0.7216102236421735,0.26521831735889423
americas,60,matched_early_mixture,1.0,independent,20260930,dragon,0.20318578727858033,1.003974562798092,0.4244833068362499,0.579491255961848
americas,60,matched_early_mixture,1.0,independent,20261001,dragon,0.2113968771054137,1.0029154518950454,0.46392128279883244,0.5389941690962115
americas,60,matched_early_mixture,1.0,independent,20261002,dragon,0.20947119426522734,1.0206297502714456,0.47267462902641905,0.5479551212450197
americas,60,matched_early_mixture,1.0,independent,20260930,teamfight,0.051143502642202764,1.046704722366373,0.6673585884795024,0.37934613388687116
americas,60,matched_early_mixture,1.0,independent,20261001,teamfight,0.053693957231164435,1.0290350128095667,0.6814688300597753,0.34756618274978524
americas,60,matched_early_mixture,1.0,independent,20261002,teamfight,0.05447000274271636,1.018335684062059,0.70063469675599,0.317700987306065
americas,60,matched_early_mixture,1.0,independent,20260930,macro,0.17111106601480844,1.0113617269520256,0.604411395188395,0.4069503317636318
americas,60,matched_early_mixture,1.0,independent,20261001,macro,0.18053580784825607,1.0169589572103388,0.6327102845331166,0.3842486726772211
americas,60,matched_early_mixture,1.0,independent,20261002,macro,0.17927760979279003,1.0085979917781902,0.6316398498081942,0.37695814196999294
americas,60,matched_early_mixture,1.0,pcgrad,20260930,baron,0.2657646749686997,1.022100840336133,0.7526722689075618,0.2694285714285712
americas,60,matched_early_mixture,1.0,pcgrad,20261001,baron,0.26630635141875314,1.0201500535905679,0.7550986066452312,0.2650514469453387
americas,60,matched_early_mixture,1.0,pcgrad,20261002,baron,0.26197355432397024,1.036640522875819,0.7658344226579518,0.27080610021786644
americas,60,matched_early_mixture,1.0,pcgrad,20260930,dragon,0.204613926947931,1.0008163265306138,0.41306122448979515,0.5877551020408182
americas,60,matched_early_mixture,1.0,pcgrad,20261001,dragon,0.2081502472738772,0.9924924924924886,0.44557057057056904,0.5469219219219187
americas,60,matched_early_mixture,1.0,pcgrad,20261002,dragon,0.20641213470306083,0.9968089349820496,0.42680494615077813,0.5700039888312732
americas,60,matched_early_mixture,1.0,pcgrad,20260930,teamfight,0.05473160615461874,1.0485494375370044,0.6642984014209589,0.38425103611604544
americas,60,matched_early_mixture,1.0,pcgrad,20261001,teamfight,0.05391344531760487,1.0043360433604374,0.6368563685636884,0.36747967479675103
americas,60,matched_early_mixture,1.0,pcgrad,20261002,teamfight,0.05583913186055652,1.0299003322259135,0.6345514950166117,0.39534883720930253
americas,60,matched_early_mixture,1.0,pcgrad,20260930,macro,0.1750367360237498,1.023822201467917,0.6100106316061052,0.4138115698618116
americas,60,matched_early_mixture,1.0,pcgrad,20261001,macro,0.17612334800341176,1.005659529814498,0.6125085152598295,0.3931510145546695
americas,60,matched_early_mixture,1.0,pcgrad,20261002,macro,0.1747416069625292,1.021116596694594,0.6090636212751139,0.41205297541948077
americas,60,matched_early_mixture,mean,leagueews,20260930,baron,0.16305522269398348,0.6449982594743133,0.44782897129619126,0.19716928817812124
americas,60,matched_early_mixture,mean,leagueews,20261001,baron,0.17111842284219658,0.6402741029462327,0.46101811303450535,0.17925598991172664
americas,60,matched_early_mixture,mean,leagueews,20261002,baron,0.16895028069108292,0.659002399057687,0.4544581387215141,0.20454426033617273
americas,60,matched_early_mixture,mean,leagueews,20260930,dragon,0.13029359366875595,0.6330775444264932,0.26554927302100206,0.3675282714054927
americas,60,matched_early_mixture,mean,leagueews,20261001,dragon,0.1338574555790471,0.6282673637042568,0.28892830470500347,0.33933905899925243
americas,60,matched_early_mixture,mean,leagueews,20261002,dragon,0.1328899321857068,0.6195000000000003,0.2675000000000002,0.3520000000000001
americas,60,matched_early_mixture,mean,leagueews,20260930,teamfight,0.03562054065388246,0.6497912317327764,0.446242171189979,0.2035490605427977
americas,60,matched_early_mixture,mean,leagueews,20261001,teamfight,0.033958207307197286,0.6431228813559304,0.3929589657133782,0.2501639156425517
americas,60,matched_early_mixture,mean,leagueews,20261002,teamfight,0.03511571169441133,0.6349172128320109,0.4428251121076201,0.1920921007243875
americas,60,matched_early_mixture,mean,leagueews,20260930,macro,0.10965645233887399,0.6426223452111944,0.3865401385023908,0.25608220670880383
americas,60,matched_early_mixture,mean,leagueews,20261001,macro,0.11297802857614699,0.6372214493354733,0.38096846115096233,0.25625298818451026
americas,60,matched_early_mixture,mean,leagueews,20261002,macro,0.11231864152373368,0.6378065372965661,0.3882610836097114,0.24954545368685344
americas,60,matched_early_mixture,mean,gru,20260930,baron,0.13807034387720174,0.6405728056455944,0.5349492188212206,0.10562358682437444
americas,60,matched_early_mixture,mean,gru,20261001,baron,0.13751028859568312,0.6477180696924711,0.5301425478386588,0.11757552185381219
americas,60,matched_early_mixture,mean,gru,20261002,baron,0.10821893935152145,0.6391459954604789,0.5506305123229261,0.08851548313755217
americas,60,matched_early_mixture,mean,gru,20260930,dragon,0.16016040692561626,0.6508462716885408,0.3889580811917671,0.26188819049677386
americas,60,matched_early_mixture,mean,gru,20261001,dragon,0.15838656104670448,0.638306306069527,0.4367157275021024,0.2015905785674229
americas,60,matched_early_mixture,mean,gru,20261002,dragon,0.1523086995144306,0.6327827733943608,0.39775204602570013,0.23503072736866162
americas,60,matched_early_mixture,mean,gru,20260930,teamfight,0.0335251638855599,0.6102211155378491,0.46153784860557756,0.14868326693227096
americas,60,matched_early_mixture,mean,gru,20261001,teamfight,0.03569319830741183,0.6001637458926604,0.4606146038700241,0.13954914202263563
americas,60,matched_early_mixture,mean,gru,20261002,teamfight,0.0342394614515066,0.591721144296682,0.4808660820261503,0.11085506227052927
americas,60,matched_early_mixture,mean,gru,20260930,macro,0.11058530489612599,0.6338800642906613,0.46181504953952174,0.17206501475113978
americas,60,matched_early_mixture,mean,gru,20261001,macro,0.11053001598326646,0.6287293738848861,0.4758242930702618,0.1529050808146236
americas,60,matched_early_mixture,mean,gru,20261002,macro,0.09825570010581954,0.6212166377171738,0.47641621345825885,0.14480042425891435
americas,60,matched_early_mixture,mean,tcn,20260930,baron,0.16635618424623563,0.6628949985596999,0.46803173493044337,0.19486326362925793
americas,60,matched_early_mixture,mean,tcn,20261001,baron,0.15588796917035141,0.6440785539456637,0.4412685247191204,0.20281002922654387
americas,60,matched_early_mixture,mean,tcn,20261002,baron,0.15974701285169174,0.6603015072040579,0.47388067461541894,0.18642083258863823
americas,60,matched_early_mixture,mean,tcn,20260930,dragon,0.13156401541296073,0.6331877729257643,0.2736701071853912,0.3595176657403739
americas,60,matched_early_mixture,mean,tcn,20261001,dragon,0.12949857558973837,0.629969708443771,0.2835100340780008,0.3464596743657696
americas,60,matched_early_mixture,mean,tcn,20261002,dragon,0.1303978588942197,0.6323722149410231,0.2506553079947582,0.3817169069462637
americas,60,matched_early_mixture,mean,tcn,20260930,teamfight,0.033566821157588106,0.6506297598125359,0.4206942003514935,0.2299355594610422
americas,60,matched_early_mixture,mean,tcn,20261001,teamfight,0.0342480121264363,0.6411064688718302,0.3838454224138348,0.25726104645799575
americas,60,matched_early_mixture,mean,tcn,20261002,teamfight,0.0345075394470856,0.6482523540489646,0.4057451349654724,0.24250721908349016
americas,60,matched_early_mixture,mean,tcn,20260930,macro,0.11049567360559483,0.6489041770993333,0.3874653474891094,0.26143882961022463
americas,60,matched_early_mixture,mean,tcn,20261001,macro,0.1065448522955087,0.6383849104204217,0.36954132707031867,0.26884358335010305
americas,60,matched_early_mixture,mean,tcn,20261002,macro,0.10821747039766567,0.6469753587313486,0.3767603725252165,0.27021498620613066
americas,60,matched_early_mixture,mean,snapshot,20260930,baron,0.16631100611605915,0.6591352405721718,0.5083712613784143,0.150763979193759
americas,60,matched_early_mixture,mean,snapshot,20261001,baron,0.16603650547914872,0.6633399082825924,0.5030907261871048,0.1602491820954876
americas,60,matched_early_mixture,mean,snapshot,20261002,baron,0.16073636427036855,0.6398014353071415,0.48456069260124035,0.15524074270590227
americas,60,matched_early_mixture,mean,snapshot,20260930,dragon,0.13090412566298854,0.632198173153296,0.2817216044479748,0.35047656870532234
americas,60,matched_early_mixture,mean,snapshot,20261001,dragon,0.13002476601151797,0.6306329373207704,0.2737095452683316,0.35692339205243706
americas,60,matched_early_mixture,mean,snapshot,20261002,dragon,0.13065530757259233,0.6335474513054298,0.2737774554496474,0.3597699958557812
americas,60,matched_early_mixture,mean,snapshot,20260930,teamfight,0.033866578001054484,0.6767510591849697,0.45569619474297596,0.22105486444199263
americas,60,matched_early_mixture,mean,snapshot,20261001,teamfight,0.03330423796288406,0.673653911564625,0.456882015306122,0.21677189625850266
americas,60,matched_early_mixture,mean,snapshot,20261002,teamfight,0.034118170159685206,0.686033037701177,0.4537223814323388,0.2323106562688393
americas,60,matched_early_mixture,mean,snapshot,20260930,macro,0.11036056992670072,0.6560281576368124,0.4152630201897883,0.24076513744702466
americas,60,matched_early_mixture,mean,snapshot,20261001,macro,0.10978850315118359,0.6558755857226626,0.4112274289205195,0.24464815680214247
americas,60,matched_early_mixture,mean,snapshot,20261002,macro,0.1085032806675487,0.6531273081045827,0.40402017649440886,0.24910713161017425
americas,60,matched_early_mixture,mean,current_only,20260930,baron,0.15964992945385498,0.652656183466435,0.47742651196046604,0.17522967150596852
americas,60,matched_early_mixture,mean,current_only,20261001,baron,0.1638251065380473,0.652831886576749,0.4882741164615942,0.16455777011515482
americas,60,matched_early_mixture,mean,current_only,20261002,baron,0.17636072115570883,0.6555615086930456,0.476086996981983,0.17947451171106252
americas,60,matched_early_mixture,mean,current_only,20260930,dragon,0.12723969326897788,0.626316343723674,0.25194818871103647,0.37436815501263804
americas,60,matched_early_mixture,mean,current_only,20261001,dragon,0.13235072642564719,0.6289734480179514,0.2872569184741954,0.34171652954375514
americas,60,matched_early_mixture,mean,current_only,20261002,dragon,0.13326256821677382,0.6280217566478636,0.2696917808219178,0.3583299758259464
americas,60,matched_early_mixture,mean,current_only,20260930,teamfight,0.03764052783845443,0.6826411598382791,0.44688658224998073,0.23575457758829843
americas,60,matched_early_mixture,mean,current_only,20261001,teamfight,0.033977999684299,0.6585101781170488,0.4320559796437656,0.22645419847328213
americas,60,matched_early_mixture,mean,current_only,20261002,teamfight,0.038205246086716764,0.6579879369393973,0.43509369621342714,0.22289424072597072
americas,60,matched_early_mixture,mean,current_only,20260930,macro,0.10817671685376244,0.6538712290094627,0.3920870943071611,0.26178413470230166
americas,60,matched_early_mixture,mean,current_only,20261001,macro,0.11005127754933115,0.646771837570583,0.4025290048598517,0.24424283271073075
americas,60,matched_early_mixture,mean,current_only,20261002,macro,0.11594284515306646,0.6471904007601023,0.393624158005776,0.25356624275432654
americas,60,matched_early_mixture,mean,independent,20260930,baron,0.1627855229336686,0.6084973339699613,0.41837229023927053,0.19012504373068934
americas,60,matched_early_mixture,mean,independent,20261001,baron,0.1765149924317006,0.6291610171773792,0.4315070949253024,0.1976539222520785
americas,60,matched_early_mixture,mean,independent,20261002,baron,0.17182803859217005,0.6146704855789099,0.42474744854677265,0.18992303703213853
americas,60,matched_early_mixture,mean,independent,20260930,dragon,0.1269911170491125,0.627484101748808,0.26530206677265616,0.3621820349761544
americas,60,matched_early_mixture,mean,independent,20261001,dragon,0.1321230481908837,0.6268221574344026,0.2899508017492706,0.33687135568513144
americas,60,matched_early_mixture,mean,independent,20261002,dragon,0.1309194964157672,0.6378935939196533,0.295421643141512,0.3424719507781381
americas,60,matched_early_mixture,mean,independent,20260930,teamfight,0.03196468915137675,0.6541904514789831,0.4170991177996889,0.23709133367929458
americas,60,matched_early_mixture,mean,independent,20261001,teamfight,0.033558723269477835,0.6431468830059784,0.42591801878736024,0.21722886421861595
americas,60,matched_early_mixture,mean,independent,20261002,teamfight,0.03404375171419769,0.6364598025387873,0.437896685472496,0.19856311706629096
americas,60,matched_early_mixture,mean,independent,20260930,macro,0.10724710971138596,0.6300572957325842,0.36692449160387186,0.2631328041287128
americas,60,matched_early_mixture,mean,independent,20261001,macro,0.1140655879640207,0.6330433525392535,0.38245863848731104,0.250584714051942
americas,60,matched_early_mixture,mean,independent,20261002,macro,0.11226376224071166,0.6296746273457835,0.3860219257202602,0.24365270162552252
americas,60,matched_early_mixture,mean,pcgrad,20260930,baron,0.1664805302420353,0.6377116212338596,0.4527586595613855,0.18495296167247405
americas,60,matched_early_mixture,mean,pcgrad,20261001,baron,0.16691076208395808,0.6373530350261403,0.4556321580226308,0.18172087700351017
americas,60,matched_early_mixture,mean,pcgrad,20261002,baron,0.16453858163277202,0.6474149171696164,0.47036140389718295,0.17705351327243407
americas,60,matched_early_mixture,mean,pcgrad,20260930,dragon,0.12788370434245705,0.6255102040816332,0.2581632653061223,0.3673469387755113
americas,60,matched_early_mixture,mean,pcgrad,20261001,dragon,0.13009390454617314,0.620307807807805,0.27848160660660565,0.34182620120119933
americas,60,matched_early_mixture,mean,pcgrad,20261002,dragon,0.12900758418941302,0.6230055843637815,0.2667530913442363,0.35625249301954565
americas,60,matched_early_mixture,mean,pcgrad,20260930,teamfight,0.03420725384663671,0.6553433984606273,0.41518650088809916,0.24015689757252845
americas,60,matched_early_mixture,mean,pcgrad,20261001,teamfight,0.0336959033235031,0.6277100271002726,0.39803523035230526,0.22967479674796892
americas,60,matched_early_mixture,mean,pcgrad,20261002,teamfight,0.03489945741284783,0.6436877076411948,0.39659468438538104,0.24709302325581323
americas,60,matched_early_mixture,mean,pcgrad,20260930,macro,0.10952382947704302,0.6395217412587066,0.37536947525186903,0.26415226600683794
americas,60,matched_early_mixture,mean,pcgrad,20261001,macro,0.11023352331787811,0.6284569566447393,0.37738299832718053,0.25107395831755946
americas,60,matched_early_mixture,mean,pcgrad,20261002,macro,0.10948187441167763,0.6380360697248643,0.3779030598756001,0.2601330098492643
