policy,budget,family,seed,event,horizon,region,matches,events,matched,timely,alerts,false,opportunities
deterministic,0.25,leagueews,20260930,baron,30,overall,3000,3241.0,545.0,294.0,921.0,376.0,1091.0
deterministic,0.25,leagueews,20260930,baron,30,europe,1500,1610.0,287.0,149.0,460.0,173.0,558.0
deterministic,0.25,leagueews,20260930,baron,30,americas,1500,1631.0,258.0,145.0,461.0,203.0,533.0
deterministic,0.25,leagueews,20260930,dragon,30,overall,3000,11329.0,547.0,262.0,697.0,150.0,3736.0
deterministic,0.25,leagueews,20260930,dragon,30,europe,1500,5578.0,271.0,135.0,351.0,80.0,1834.0
deterministic,0.25,leagueews,20260930,dragon,30,americas,1500,5751.0,276.0,127.0,346.0,70.0,1902.0
deterministic,0.25,leagueews,20260930,teamfight,30,overall,3000,19795.0,400.0,176.0,772.0,372.0,6648.0
deterministic,0.25,leagueews,20260930,teamfight,30,europe,1500,9978.0,180.0,85.0,359.0,179.0,3351.0
deterministic,0.25,leagueews,20260930,teamfight,30,americas,1500,9817.0,220.0,91.0,413.0,193.0,3297.0
deterministic,0.25,leagueews,20261001,baron,30,overall,3000,3241.0,524.0,283.0,842.0,318.0,1091.0
deterministic,0.25,leagueews,20261001,baron,30,europe,1500,1610.0,280.0,144.0,419.0,139.0,558.0
deterministic,0.25,leagueews,20261001,baron,30,americas,1500,1631.0,244.0,139.0,423.0,179.0,533.0
deterministic,0.25,leagueews,20261001,dragon,30,overall,3000,11329.0,738.0,366.0,950.0,212.0,3736.0
deterministic,0.25,leagueews,20261001,dragon,30,europe,1500,5578.0,353.0,179.0,468.0,115.0,1834.0
deterministic,0.25,leagueews,20261001,dragon,30,americas,1500,5751.0,385.0,187.0,482.0,97.0,1902.0
deterministic,0.25,leagueews,20261001,teamfight,30,overall,3000,19795.0,304.0,117.0,576.0,272.0,6648.0
deterministic,0.25,leagueews,20261001,teamfight,30,europe,1500,9978.0,142.0,56.0,283.0,141.0,3351.0
deterministic,0.25,leagueews,20261001,teamfight,30,americas,1500,9817.0,162.0,61.0,293.0,131.0,3297.0
deterministic,0.25,leagueews,20261002,baron,30,overall,3000,3241.0,532.0,286.0,929.0,397.0,1091.0
deterministic,0.25,leagueews,20261002,baron,30,europe,1500,1610.0,290.0,154.0,473.0,183.0,558.0
deterministic,0.25,leagueews,20261002,baron,30,americas,1500,1631.0,242.0,132.0,456.0,214.0,533.0
deterministic,0.25,leagueews,20261002,dragon,30,overall,3000,11329.0,586.0,286.0,761.0,175.0,3736.0
deterministic,0.25,leagueews,20261002,dragon,30,europe,1500,5578.0,295.0,146.0,385.0,90.0,1834.0
deterministic,0.25,leagueews,20261002,dragon,30,americas,1500,5751.0,291.0,140.0,376.0,85.0,1902.0
deterministic,0.25,leagueews,20261002,teamfight,30,overall,3000,19795.0,361.0,163.0,684.0,323.0,6648.0
deterministic,0.25,leagueews,20261002,teamfight,30,europe,1500,9978.0,171.0,81.0,331.0,160.0,3351.0
deterministic,0.25,leagueews,20261002,teamfight,30,americas,1500,9817.0,190.0,82.0,353.0,163.0,3297.0
deterministic,0.5,leagueews,20260930,baron,30,overall,3000,3241.0,813.0,476.0,1882.0,1069.0,1091.0
deterministic,0.5,leagueews,20260930,baron,30,europe,1500,1610.0,419.0,239.0,923.0,504.0,558.0
deterministic,0.5,leagueews,20260930,baron,30,americas,1500,1631.0,394.0,237.0,959.0,565.0,533.0
deterministic,0.5,leagueews,20260930,dragon,30,overall,3000,11329.0,1069.0,530.0,1445.0,376.0,3736.0
deterministic,0.5,leagueews,20260930,dragon,30,europe,1500,5578.0,520.0,262.0,700.0,180.0,1834.0
deterministic,0.5,leagueews,20260930,dragon,30,americas,1500,5751.0,549.0,268.0,745.0,196.0,1902.0
deterministic,0.5,leagueews,20260930,teamfight,30,overall,3000,19795.0,633.0,289.0,1286.0,653.0,6648.0
deterministic,0.5,leagueews,20260930,teamfight,30,europe,1500,9978.0,286.0,133.0,618.0,332.0,3351.0
deterministic,0.5,leagueews,20260930,teamfight,30,americas,1500,9817.0,347.0,156.0,668.0,321.0,3297.0
deterministic,0.5,leagueews,20261001,baron,30,overall,3000,3241.0,826.0,480.0,1876.0,1050.0,1091.0
deterministic,0.5,leagueews,20261001,baron,30,europe,1500,1610.0,423.0,239.0,909.0,486.0,558.0
deterministic,0.5,leagueews,20261001,baron,30,americas,1500,1631.0,403.0,241.0,967.0,564.0,533.0
deterministic,0.5,leagueews,20261001,dragon,30,overall,3000,11329.0,1298.0,667.0,1791.0,493.0,3736.0
deterministic,0.5,leagueews,20261001,dragon,30,europe,1500,5578.0,620.0,321.0,866.0,246.0,1834.0
deterministic,0.5,leagueews,20261001,dragon,30,americas,1500,5751.0,678.0,346.0,925.0,247.0,1902.0
deterministic,0.5,leagueews,20261001,teamfight,30,overall,3000,19795.0,542.0,247.0,1101.0,559.0,6648.0
deterministic,0.5,leagueews,20261001,teamfight,30,europe,1500,9978.0,252.0,119.0,534.0,282.0,3351.0
deterministic,0.5,leagueews,20261001,teamfight,30,americas,1500,9817.0,290.0,128.0,567.0,277.0,3297.0
deterministic,0.5,leagueews,20261002,baron,30,overall,3000,3241.0,828.0,475.0,1976.0,1148.0,1091.0
deterministic,0.5,leagueews,20261002,baron,30,europe,1500,1610.0,425.0,244.0,950.0,525.0,558.0
deterministic,0.5,leagueews,20261002,baron,30,americas,1500,1631.0,403.0,231.0,1026.0,623.0,533.0
deterministic,0.5,leagueews,20261002,dragon,30,overall,3000,11329.0,1212.0,626.0,1659.0,447.0,3736.0
deterministic,0.5,leagueews,20261002,dragon,30,europe,1500,5578.0,578.0,298.0,797.0,219.0,1834.0
deterministic,0.5,leagueews,20261002,dragon,30,americas,1500,5751.0,634.0,328.0,862.0,228.0,1902.0
deterministic,0.5,leagueews,20261002,teamfight,30,overall,3000,19795.0,594.0,281.0,1175.0,581.0,6648.0
deterministic,0.5,leagueews,20261002,teamfight,30,europe,1500,9978.0,285.0,142.0,585.0,300.0,3351.0
deterministic,0.5,leagueews,20261002,teamfight,30,americas,1500,9817.0,309.0,139.0,590.0,281.0,3297.0
deterministic,0.75,leagueews,20260930,baron,30,overall,3000,3241.0,997.0,604.0,2803.0,1806.0,1091.0
deterministic,0.75,leagueews,20260930,baron,30,europe,1500,1610.0,516.0,308.0,1355.0,839.0,558.0
deterministic,0.75,leagueews,20260930,baron,30,americas,1500,1631.0,481.0,296.0,1448.0,967.0,533.0
deterministic,0.75,leagueews,20260930,dragon,30,overall,3000,11329.0,2272.0,1246.0,3470.0,1198.0,3736.0
deterministic,0.75,leagueews,20260930,dragon,30,europe,1500,5578.0,1116.0,607.0,1725.0,609.0,1834.0
deterministic,0.75,leagueews,20260930,dragon,30,americas,1500,5751.0,1156.0,639.0,1745.0,589.0,1902.0
deterministic,0.75,leagueews,20260930,teamfight,30,overall,3000,19795.0,953.0,469.0,2083.0,1130.0,6648.0
deterministic,0.75,leagueews,20260930,teamfight,30,europe,1500,9978.0,456.0,232.0,1047.0,591.0,3351.0
deterministic,0.75,leagueews,20260930,teamfight,30,americas,1500,9817.0,497.0,237.0,1036.0,539.0,3297.0
deterministic,0.75,leagueews,20261001,baron,30,overall,3000,3241.0,952.0,567.0,2506.0,1554.0,1091.0
deterministic,0.75,leagueews,20261001,baron,30,europe,1500,1610.0,482.0,282.0,1198.0,716.0,558.0
deterministic,0.75,leagueews,20261001,baron,30,americas,1500,1631.0,470.0,285.0,1308.0,838.0,533.0
deterministic,0.75,leagueews,20261001,dragon,30,overall,3000,11329.0,1861.0,1019.0,2744.0,883.0,3736.0
deterministic,0.75,leagueews,20261001,dragon,30,europe,1500,5578.0,909.0,501.0,1360.0,451.0,1834.0
deterministic,0.75,leagueews,20261001,dragon,30,americas,1500,5751.0,952.0,518.0,1384.0,432.0,1902.0
deterministic,0.75,leagueews,20261001,teamfight,30,overall,3000,19795.0,853.0,403.0,1860.0,1007.0,6648.0
deterministic,0.75,leagueews,20261001,teamfight,30,europe,1500,9978.0,409.0,200.0,933.0,524.0,3351.0
deterministic,0.75,leagueews,20261001,teamfight,30,americas,1500,9817.0,444.0,203.0,927.0,483.0,3297.0
deterministic,0.75,leagueews,20261002,baron,30,overall,3000,3241.0,970.0,575.0,2694.0,1724.0,1091.0
deterministic,0.75,leagueews,20261002,baron,30,europe,1500,1610.0,499.0,292.0,1291.0,792.0,558.0
deterministic,0.75,leagueews,20261002,baron,30,americas,1500,1631.0,471.0,283.0,1403.0,932.0,533.0
deterministic,0.75,leagueews,20261002,dragon,30,overall,3000,11329.0,1893.0,1033.0,2762.0,869.0,3736.0
deterministic,0.75,leagueews,20261002,dragon,30,europe,1500,5578.0,926.0,511.0,1363.0,437.0,1834.0
deterministic,0.75,leagueews,20261002,dragon,30,americas,1500,5751.0,967.0,522.0,1399.0,432.0,1902.0
deterministic,0.75,leagueews,20261002,teamfight,30,overall,3000,19795.0,848.0,415.0,1846.0,998.0,6648.0
deterministic,0.75,leagueews,20261002,teamfight,30,europe,1500,9978.0,405.0,203.0,922.0,517.0,3351.0
deterministic,0.75,leagueews,20261002,teamfight,30,americas,1500,9817.0,443.0,212.0,924.0,481.0,3297.0
deterministic,1.0,leagueews,20260930,baron,30,overall,3000,3241.0,1105.0,681.0,3499.0,2394.0,1091.0
deterministic,1.0,leagueews,20260930,baron,30,europe,1500,1610.0,566.0,345.0,1680.0,1114.0,558.0
deterministic,1.0,leagueews,20260930,baron,30,americas,1500,1631.0,539.0,336.0,1819.0,1280.0,533.0
deterministic,1.0,leagueews,20260930,dragon,30,overall,3000,11329.0,2805.0,1590.0,4513.0,1708.0,3736.0
deterministic,1.0,leagueews,20260930,dragon,30,europe,1500,5578.0,1372.0,778.0,2251.0,879.0,1834.0
deterministic,1.0,leagueews,20260930,dragon,30,americas,1500,5751.0,1433.0,812.0,2262.0,829.0,1902.0
deterministic,1.0,leagueews,20260930,teamfight,30,overall,3000,19795.0,1292.0,648.0,3038.0,1746.0,6648.0
deterministic,1.0,leagueews,20260930,teamfight,30,europe,1500,9978.0,629.0,328.0,1507.0,878.0,3351.0
deterministic,1.0,leagueews,20260930,teamfight,30,americas,1500,9817.0,663.0,320.0,1531.0,868.0,3297.0
deterministic,1.0,leagueews,20261001,baron,30,overall,3000,3241.0,1114.0,690.0,3611.0,2497.0,1091.0
deterministic,1.0,leagueews,20261001,baron,30,europe,1500,1610.0,568.0,349.0,1753.0,1185.0,558.0
deterministic,1.0,leagueews,20261001,baron,30,americas,1500,1631.0,546.0,341.0,1858.0,1312.0,533.0
deterministic,1.0,leagueews,20261001,dragon,30,overall,3000,11329.0,2484.0,1400.0,3839.0,1355.0,3736.0
deterministic,1.0,leagueews,20261001,dragon,30,europe,1500,5578.0,1215.0,675.0,1918.0,703.0,1834.0
deterministic,1.0,leagueews,20261001,dragon,30,americas,1500,5751.0,1269.0,725.0,1921.0,652.0,1902.0
deterministic,1.0,leagueews,20261001,teamfight,30,overall,3000,19795.0,1207.0,588.0,2851.0,1644.0,6648.0
deterministic,1.0,leagueews,20261001,teamfight,30,europe,1500,9978.0,594.0,302.0,1425.0,831.0,3351.0
deterministic,1.0,leagueews,20261001,teamfight,30,americas,1500,9817.0,613.0,286.0,1426.0,813.0,3297.0
deterministic,1.0,leagueews,20261002,baron,30,overall,3000,3241.0,1083.0,659.0,3451.0,2368.0,1091.0
deterministic,1.0,leagueews,20261002,baron,30,europe,1500,1610.0,552.0,330.0,1658.0,1106.0,558.0
deterministic,1.0,leagueews,20261002,baron,30,americas,1500,1631.0,531.0,329.0,1793.0,1262.0,533.0
deterministic,1.0,leagueews,20261002,dragon,30,overall,3000,11329.0,2619.0,1488.0,4124.0,1505.0,3736.0
deterministic,1.0,leagueews,20261002,dragon,30,europe,1500,5578.0,1288.0,731.0,2062.0,774.0,1834.0
deterministic,1.0,leagueews,20261002,dragon,30,americas,1500,5751.0,1331.0,757.0,2062.0,731.0,1902.0
deterministic,1.0,leagueews,20261002,teamfight,30,overall,3000,19795.0,1176.0,594.0,2761.0,1585.0,6648.0
deterministic,1.0,leagueews,20261002,teamfight,30,europe,1500,9978.0,578.0,297.0,1380.0,802.0,3351.0
deterministic,1.0,leagueews,20261002,teamfight,30,americas,1500,9817.0,598.0,297.0,1381.0,783.0,3297.0
deterministic,0.25,leagueews,20260930,baron,60,overall,3000,3241.0,614.0,173.0,870.0,256.0,2152.0
deterministic,0.25,leagueews,20260930,baron,60,europe,1500,1610.0,323.0,85.0,441.0,118.0,1048.0
deterministic,0.25,leagueews,20260930,baron,60,americas,1500,1631.0,291.0,88.0,429.0,138.0,1104.0
deterministic,0.25,leagueews,20260930,dragon,60,overall,3000,11329.0,518.0,133.0,559.0,41.0,7555.0
deterministic,0.25,leagueews,20260930,dragon,60,europe,1500,5578.0,262.0,73.0,284.0,22.0,3749.0
deterministic,0.25,leagueews,20260930,dragon,60,americas,1500,5751.0,256.0,60.0,275.0,19.0,3806.0
deterministic,0.25,leagueews,20260930,teamfight,60,overall,3000,19795.0,301.0,101.0,446.0,145.0,13137.0
deterministic,0.25,leagueews,20260930,teamfight,60,europe,1500,9978.0,149.0,50.0,224.0,75.0,6630.0
deterministic,0.25,leagueews,20260930,teamfight,60,americas,1500,9817.0,152.0,51.0,222.0,70.0,6507.0
deterministic,0.25,leagueews,20261001,baron,60,overall,3000,3241.0,514.0,125.0,681.0,167.0,2152.0
deterministic,0.25,leagueews,20261001,baron,60,europe,1500,1610.0,281.0,65.0,346.0,65.0,1048.0
deterministic,0.25,leagueews,20261001,baron,60,americas,1500,1631.0,233.0,60.0,335.0,102.0,1104.0
deterministic,0.25,leagueews,20261001,dragon,60,overall,3000,11329.0,656.0,179.0,718.0,62.0,7555.0
deterministic,0.25,leagueews,20261001,dragon,60,europe,1500,5578.0,329.0,93.0,362.0,33.0,3749.0
deterministic,0.25,leagueews,20261001,dragon,60,americas,1500,5751.0,327.0,86.0,356.0,29.0,3806.0
deterministic,0.25,leagueews,20261001,teamfight,60,overall,3000,19795.0,483.0,185.0,745.0,262.0,13137.0
deterministic,0.25,leagueews,20261001,teamfight,60,europe,1500,9978.0,231.0,92.0,368.0,137.0,6630.0
deterministic,0.25,leagueews,20261001,teamfight,60,americas,1500,9817.0,252.0,93.0,377.0,125.0,6507.0
deterministic,0.25,leagueews,20261002,baron,60,overall,3000,3241.0,530.0,137.0,745.0,215.0,2152.0
deterministic,0.25,leagueews,20261002,baron,60,europe,1500,1610.0,280.0,74.0,374.0,94.0,1048.0
deterministic,0.25,leagueews,20261002,baron,60,americas,1500,1631.0,250.0,63.0,371.0,121.0,1104.0
deterministic,0.25,leagueews,20261002,dragon,60,overall,3000,11329.0,497.0,129.0,537.0,40.0,7555.0
deterministic,0.25,leagueews,20261002,dragon,60,europe,1500,5578.0,255.0,74.0,279.0,24.0,3749.0
deterministic,0.25,leagueews,20261002,dragon,60,americas,1500,5751.0,242.0,55.0,258.0,16.0,3806.0
deterministic,0.25,leagueews,20261002,teamfight,60,overall,3000,19795.0,319.0,106.0,447.0,128.0,13137.0
deterministic,0.25,leagueews,20261002,teamfight,60,europe,1500,9978.0,150.0,52.0,222.0,72.0,6630.0
deterministic,0.25,leagueews,20261002,teamfight,60,americas,1500,9817.0,169.0,54.0,225.0,56.0,6507.0
deterministic,0.5,leagueews,20260930,baron,60,overall,3000,3241.0,927.0,345.0,1582.0,655.0,2152.0
deterministic,0.5,leagueews,20260930,baron,60,europe,1500,1610.0,471.0,170.0,777.0,306.0,1048.0
deterministic,0.5,leagueews,20260930,baron,60,americas,1500,1631.0,456.0,175.0,805.0,349.0,1104.0
deterministic,0.5,leagueews,20260930,dragon,60,overall,3000,11329.0,518.0,133.0,559.0,41.0,7555.0
deterministic,0.5,leagueews,20260930,dragon,60,europe,1500,5578.0,262.0,73.0,284.0,22.0,3749.0
deterministic,0.5,leagueews,20260930,dragon,60,americas,1500,5751.0,256.0,60.0,275.0,19.0,3806.0
deterministic,0.5,leagueews,20260930,teamfight,60,overall,3000,19795.0,813.0,329.0,1285.0,472.0,13137.0
deterministic,0.5,leagueews,20260930,teamfight,60,europe,1500,9978.0,374.0,165.0,603.0,229.0,6630.0
deterministic,0.5,leagueews,20260930,teamfight,60,americas,1500,9817.0,439.0,164.0,682.0,243.0,6507.0
deterministic,0.5,leagueews,20261001,baron,60,overall,3000,3241.0,876.0,301.0,1417.0,541.0,2152.0
deterministic,0.5,leagueews,20261001,baron,60,europe,1500,1610.0,447.0,149.0,696.0,249.0,1048.0
deterministic,0.5,leagueews,20261001,baron,60,americas,1500,1631.0,429.0,152.0,721.0,292.0,1104.0
deterministic,0.5,leagueews,20261001,dragon,60,overall,3000,11329.0,656.0,179.0,718.0,62.0,7555.0
deterministic,0.5,leagueews,20261001,dragon,60,europe,1500,5578.0,329.0,93.0,362.0,33.0,3749.0
deterministic,0.5,leagueews,20261001,dragon,60,americas,1500,5751.0,327.0,86.0,356.0,29.0,3806.0
deterministic,0.5,leagueews,20261001,teamfight,60,overall,3000,19795.0,483.0,185.0,745.0,262.0,13137.0
deterministic,0.5,leagueews,20261001,teamfight,60,europe,1500,9978.0,231.0,92.0,368.0,137.0,6630.0
deterministic,0.5,leagueews,20261001,teamfight,60,americas,1500,9817.0,252.0,93.0,377.0,125.0,6507.0
deterministic,0.5,leagueews,20261002,baron,60,overall,3000,3241.0,1088.0,436.0,1973.0,885.0,2152.0
deterministic,0.5,leagueews,20261002,baron,60,europe,1500,1610.0,556.0,217.0,951.0,395.0,1048.0
deterministic,0.5,leagueews,20261002,baron,60,americas,1500,1631.0,532.0,219.0,1022.0,490.0,1104.0
deterministic,0.5,leagueews,20261002,dragon,60,overall,3000,11329.0,497.0,129.0,537.0,40.0,7555.0
deterministic,0.5,leagueews,20261002,dragon,60,europe,1500,5578.0,255.0,74.0,279.0,24.0,3749.0
deterministic,0.5,leagueews,20261002,dragon,60,americas,1500,5751.0,242.0,55.0,258.0,16.0,3806.0
deterministic,0.5,leagueews,20261002,teamfight,60,overall,3000,19795.0,781.0,329.0,1240.0,459.0,13137.0
deterministic,0.5,leagueews,20261002,teamfight,60,europe,1500,9978.0,384.0,171.0,615.0,231.0,6630.0
deterministic,0.5,leagueews,20261002,teamfight,60,americas,1500,9817.0,397.0,158.0,625.0,228.0,6507.0
deterministic,0.75,leagueews,20260930,baron,60,overall,3000,3241.0,1339.0,601.0,2712.0,1373.0,2152.0
deterministic,0.75,leagueews,20260930,baron,60,europe,1500,1610.0,683.0,299.0,1307.0,624.0,1048.0
deterministic,0.75,leagueews,20260930,baron,60,americas,1500,1631.0,656.0,302.0,1405.0,749.0,1104.0
deterministic,0.75,leagueews,20260930,dragon,60,overall,3000,11329.0,2542.0,1010.0,2944.0,402.0,7555.0
deterministic,0.75,leagueews,20260930,dragon,60,europe,1500,5578.0,1261.0,522.0,1447.0,186.0,3749.0
deterministic,0.75,leagueews,20260930,dragon,60,americas,1500,5751.0,1281.0,488.0,1497.0,216.0,3806.0
deterministic,0.75,leagueews,20260930,teamfight,60,overall,3000,19795.0,1603.0,741.0,2734.0,1131.0,13137.0
deterministic,0.75,leagueews,20260930,teamfight,60,europe,1500,9978.0,793.0,391.0,1343.0,550.0,6630.0
deterministic,0.75,leagueews,20260930,teamfight,60,americas,1500,9817.0,810.0,350.0,1391.0,581.0,6507.0
deterministic,0.75,leagueews,20261001,baron,60,overall,3000,3241.0,1315.0,595.0,2595.0,1280.0,2152.0
deterministic,0.75,leagueews,20261001,baron,60,europe,1500,1610.0,666.0,293.0,1258.0,592.0,1048.0
deterministic,0.75,leagueews,20261001,baron,60,americas,1500,1631.0,649.0,302.0,1337.0,688.0,1104.0
deterministic,0.75,leagueews,20261001,dragon,60,overall,3000,11329.0,2786.0,1145.0,3231.0,445.0,7555.0
deterministic,0.75,leagueews,20261001,dragon,60,europe,1500,5578.0,1376.0,589.0,1592.0,216.0,3749.0
deterministic,0.75,leagueews,20261001,dragon,60,americas,1500,5751.0,1410.0,556.0,1639.0,229.0,3806.0
deterministic,0.75,leagueews,20261001,teamfight,60,overall,3000,19795.0,1168.0,508.0,1961.0,793.0,13137.0
deterministic,0.75,leagueews,20261001,teamfight,60,europe,1500,9978.0,565.0,252.0,956.0,391.0,6630.0
deterministic,0.75,leagueews,20261001,teamfight,60,americas,1500,9817.0,603.0,256.0,1005.0,402.0,6507.0
deterministic,0.75,leagueews,20261002,baron,60,overall,3000,3241.0,1324.0,595.0,2603.0,1279.0,2152.0
deterministic,0.75,leagueews,20261002,baron,60,europe,1500,1610.0,677.0,296.0,1254.0,577.0,1048.0
deterministic,0.75,leagueews,20261002,baron,60,americas,1500,1631.0,647.0,299.0,1349.0,702.0,1104.0
deterministic,0.75,leagueews,20261002,dragon,60,overall,3000,11329.0,2694.0,1123.0,3123.0,429.0,7555.0
deterministic,0.75,leagueews,20261002,dragon,60,europe,1500,5578.0,1341.0,581.0,1548.0,207.0,3749.0
deterministic,0.75,leagueews,20261002,dragon,60,americas,1500,5751.0,1353.0,542.0,1575.0,222.0,3806.0
deterministic,0.75,leagueews,20261002,teamfight,60,overall,3000,19795.0,1533.0,728.0,2660.0,1127.0,13137.0
deterministic,0.75,leagueews,20261002,teamfight,60,europe,1500,9978.0,762.0,375.0,1324.0,562.0,6630.0
deterministic,0.75,leagueews,20261002,teamfight,60,americas,1500,9817.0,771.0,353.0,1336.0,565.0,6507.0
deterministic,1.0,leagueews,20260930,baron,60,overall,3000,3241.0,1552.0,749.0,3422.0,1870.0,2152.0
deterministic,1.0,leagueews,20260930,baron,60,europe,1500,1610.0,792.0,371.0,1667.0,875.0,1048.0
deterministic,1.0,leagueews,20260930,baron,60,americas,1500,1631.0,760.0,378.0,1755.0,995.0,1104.0
deterministic,1.0,leagueews,20260930,dragon,60,overall,3000,11329.0,2542.0,1010.0,2944.0,402.0,7555.0
deterministic,1.0,leagueews,20260930,dragon,60,europe,1500,5578.0,1261.0,522.0,1447.0,186.0,3749.0
deterministic,1.0,leagueews,20260930,dragon,60,americas,1500,5751.0,1281.0,488.0,1497.0,216.0,3806.0
deterministic,1.0,leagueews,20260930,teamfight,60,overall,3000,19795.0,1603.0,741.0,2734.0,1131.0,13137.0
deterministic,1.0,leagueews,20260930,teamfight,60,europe,1500,9978.0,793.0,391.0,1343.0,550.0,6630.0
deterministic,1.0,leagueews,20260930,teamfight,60,americas,1500,9817.0,810.0,350.0,1391.0,581.0,6507.0
deterministic,1.0,leagueews,20261001,baron,60,overall,3000,3241.0,1562.0,768.0,3326.0,1764.0,2152.0
deterministic,1.0,leagueews,20261001,baron,60,europe,1500,1610.0,791.0,382.0,1620.0,829.0,1048.0
deterministic,1.0,leagueews,20261001,baron,60,americas,1500,1631.0,771.0,386.0,1706.0,935.0,1104.0
deterministic,1.0,leagueews,20261001,dragon,60,overall,3000,11329.0,2786.0,1145.0,3231.0,445.0,7555.0
deterministic,1.0,leagueews,20261001,dragon,60,europe,1500,5578.0,1376.0,589.0,1592.0,216.0,3749.0
deterministic,1.0,leagueews,20261001,dragon,60,americas,1500,5751.0,1410.0,556.0,1639.0,229.0,3806.0
deterministic,1.0,leagueews,20261001,teamfight,60,overall,3000,19795.0,2166.0,1046.0,3912.0,1746.0,13137.0
deterministic,1.0,leagueews,20261001,teamfight,60,europe,1500,9978.0,1090.0,542.0,1950.0,860.0,6630.0
deterministic,1.0,leagueews,20261001,teamfight,60,americas,1500,9817.0,1076.0,504.0,1962.0,886.0,6507.0
deterministic,1.0,leagueews,20261002,baron,60,overall,3000,3241.0,1577.0,772.0,3414.0,1837.0,2152.0
deterministic,1.0,leagueews,20261002,baron,60,europe,1500,1610.0,790.0,375.0,1656.0,866.0,1048.0
deterministic,1.0,leagueews,20261002,baron,60,americas,1500,1631.0,787.0,397.0,1758.0,971.0,1104.0
deterministic,1.0,leagueews,20261002,dragon,60,overall,3000,11329.0,2694.0,1123.0,3123.0,429.0,7555.0
deterministic,1.0,leagueews,20261002,dragon,60,europe,1500,5578.0,1341.0,581.0,1548.0,207.0,3749.0
deterministic,1.0,leagueews,20261002,dragon,60,americas,1500,5751.0,1353.0,542.0,1575.0,222.0,3806.0
deterministic,1.0,leagueews,20261002,teamfight,60,overall,3000,19795.0,1533.0,728.0,2660.0,1127.0,13137.0
deterministic,1.0,leagueews,20261002,teamfight,60,europe,1500,9978.0,762.0,375.0,1324.0,562.0,6630.0
deterministic,1.0,leagueews,20261002,teamfight,60,americas,1500,9817.0,771.0,353.0,1336.0,565.0,6507.0
deterministic,0.25,tcn,20260930,baron,30,overall,3000,3241.0,531.0,282.0,953.0,422.0,1091.0
deterministic,0.25,tcn,20260930,baron,30,europe,1500,1610.0,291.0,153.0,479.0,188.0,558.0
deterministic,0.25,tcn,20260930,baron,30,americas,1500,1631.0,240.0,129.0,474.0,234.0,533.0
deterministic,0.25,tcn,20260930,dragon,30,overall,3000,11329.0,597.0,278.0,757.0,160.0,3736.0
deterministic,0.25,tcn,20260930,dragon,30,europe,1500,5578.0,286.0,137.0,373.0,87.0,1834.0
deterministic,0.25,tcn,20260930,dragon,30,americas,1500,5751.0,311.0,141.0,384.0,73.0,1902.0
deterministic,0.25,tcn,20260930,teamfight,30,overall,3000,19795.0,323.0,144.0,594.0,271.0,6648.0
deterministic,0.25,tcn,20260930,teamfight,30,europe,1500,9978.0,153.0,72.0,289.0,136.0,3351.0
deterministic,0.25,tcn,20260930,teamfight,30,americas,1500,9817.0,170.0,72.0,305.0,135.0,3297.0
deterministic,0.25,tcn,20261001,baron,30,overall,3000,3241.0,533.0,284.0,963.0,430.0,1091.0
deterministic,0.25,tcn,20261001,baron,30,europe,1500,1610.0,287.0,150.0,471.0,184.0,558.0
deterministic,0.25,tcn,20261001,baron,30,americas,1500,1631.0,246.0,134.0,492.0,246.0,533.0
deterministic,0.25,tcn,20261001,dragon,30,overall,3000,11329.0,513.0,243.0,649.0,136.0,3736.0
deterministic,0.25,tcn,20261001,dragon,30,europe,1500,5578.0,244.0,119.0,319.0,75.0,1834.0
deterministic,0.25,tcn,20261001,dragon,30,americas,1500,5751.0,269.0,124.0,330.0,61.0,1902.0
deterministic,0.25,tcn,20261001,teamfight,30,overall,3000,19795.0,392.0,176.0,776.0,384.0,6648.0
deterministic,0.25,tcn,20261001,teamfight,30,europe,1500,9978.0,188.0,85.0,377.0,189.0,3351.0
deterministic,0.25,tcn,20261001,teamfight,30,americas,1500,9817.0,204.0,91.0,399.0,195.0,3297.0
deterministic,0.25,tcn,20261002,baron,30,overall,3000,3241.0,520.0,280.0,937.0,417.0,1091.0
deterministic,0.25,tcn,20261002,baron,30,europe,1500,1610.0,273.0,143.0,463.0,190.0,558.0
deterministic,0.25,tcn,20261002,baron,30,americas,1500,1631.0,247.0,137.0,474.0,227.0,533.0
deterministic,0.25,tcn,20261002,dragon,30,overall,3000,11329.0,789.0,405.0,1050.0,261.0,3736.0
deterministic,0.25,tcn,20261002,dragon,30,europe,1500,5578.0,375.0,192.0,521.0,146.0,1834.0
deterministic,0.25,tcn,20261002,dragon,30,americas,1500,5751.0,414.0,213.0,529.0,115.0,1902.0
deterministic,0.25,tcn,20261002,teamfight,30,overall,3000,19795.0,479.0,216.0,931.0,452.0,6648.0
deterministic,0.25,tcn,20261002,teamfight,30,europe,1500,9978.0,225.0,105.0,458.0,233.0,3351.0
deterministic,0.25,tcn,20261002,teamfight,30,americas,1500,9817.0,254.0,111.0,473.0,219.0,3297.0
deterministic,0.5,tcn,20260930,baron,30,overall,3000,3241.0,826.0,482.0,2008.0,1182.0,1091.0
deterministic,0.5,tcn,20260930,baron,30,europe,1500,1610.0,423.0,244.0,965.0,542.0,558.0
deterministic,0.5,tcn,20260930,baron,30,americas,1500,1631.0,403.0,238.0,1043.0,640.0,533.0
deterministic,0.5,tcn,20260930,dragon,30,overall,3000,11329.0,1186.0,619.0,1638.0,452.0,3736.0
deterministic,0.5,tcn,20260930,dragon,30,europe,1500,5578.0,574.0,300.0,803.0,229.0,1834.0
deterministic,0.5,tcn,20260930,dragon,30,americas,1500,5751.0,612.0,319.0,835.0,223.0,1902.0
deterministic,0.5,tcn,20260930,teamfight,30,overall,3000,19795.0,785.0,375.0,1743.0,958.0,6648.0
deterministic,0.5,tcn,20260930,teamfight,30,europe,1500,9978.0,379.0,188.0,866.0,487.0,3351.0
deterministic,0.5,tcn,20260930,teamfight,30,americas,1500,9817.0,406.0,187.0,877.0,471.0,3297.0
deterministic,0.5,tcn,20261001,baron,30,overall,3000,3241.0,776.0,442.0,1772.0,996.0,1091.0
deterministic,0.5,tcn,20261001,baron,30,europe,1500,1610.0,405.0,230.0,862.0,457.0,558.0
deterministic,0.5,tcn,20261001,baron,30,americas,1500,1631.0,371.0,212.0,910.0,539.0,533.0
deterministic,0.5,tcn,20261001,dragon,30,overall,3000,11329.0,1593.0,843.0,2277.0,684.0,3736.0
deterministic,0.5,tcn,20261001,dragon,30,europe,1500,5578.0,753.0,396.0,1099.0,346.0,1834.0
deterministic,0.5,tcn,20261001,dragon,30,americas,1500,5751.0,840.0,447.0,1178.0,338.0,1902.0
deterministic,0.5,tcn,20261001,teamfight,30,overall,3000,19795.0,661.0,313.0,1384.0,723.0,6648.0
deterministic,0.5,tcn,20261001,teamfight,30,europe,1500,9978.0,318.0,156.0,690.0,372.0,3351.0
deterministic,0.5,tcn,20261001,teamfight,30,americas,1500,9817.0,343.0,157.0,694.0,351.0,3297.0
deterministic,0.5,tcn,20261002,baron,30,overall,3000,3241.0,801.0,457.0,1873.0,1072.0,1091.0
deterministic,0.5,tcn,20261002,baron,30,europe,1500,1610.0,407.0,233.0,895.0,488.0,558.0
deterministic,0.5,tcn,20261002,baron,30,americas,1500,1631.0,394.0,224.0,978.0,584.0,533.0
deterministic,0.5,tcn,20261002,dragon,30,overall,3000,11329.0,1502.0,803.0,2142.0,640.0,3736.0
deterministic,0.5,tcn,20261002,dragon,30,europe,1500,5578.0,709.0,380.0,1033.0,324.0,1834.0
deterministic,0.5,tcn,20261002,dragon,30,americas,1500,5751.0,793.0,423.0,1109.0,316.0,1902.0
deterministic,0.5,tcn,20261002,teamfight,30,overall,3000,19795.0,724.0,336.0,1575.0,851.0,6648.0
deterministic,0.5,tcn,20261002,teamfight,30,europe,1500,9978.0,341.0,161.0,782.0,441.0,3351.0
deterministic,0.5,tcn,20261002,teamfight,30,americas,1500,9817.0,383.0,175.0,793.0,410.0,3297.0
deterministic,0.75,tcn,20260930,baron,30,overall,3000,3241.0,993.0,594.0,2893.0,1900.0,1091.0
deterministic,0.75,tcn,20260930,baron,30,europe,1500,1610.0,509.0,305.0,1385.0,876.0,558.0
deterministic,0.75,tcn,20260930,baron,30,americas,1500,1631.0,484.0,289.0,1508.0,1024.0,533.0
deterministic,0.75,tcn,20260930,dragon,30,overall,3000,11329.0,1792.0,961.0,2650.0,858.0,3736.0
deterministic,0.75,tcn,20260930,dragon,30,europe,1500,5578.0,856.0,460.0,1302.0,446.0,1834.0
deterministic,0.75,tcn,20260930,dragon,30,americas,1500,5751.0,936.0,501.0,1348.0,412.0,1902.0
deterministic,0.75,tcn,20260930,teamfight,30,overall,3000,19795.0,785.0,375.0,1743.0,958.0,6648.0
deterministic,0.75,tcn,20260930,teamfight,30,europe,1500,9978.0,379.0,188.0,866.0,487.0,3351.0
deterministic,0.75,tcn,20260930,teamfight,30,americas,1500,9817.0,406.0,187.0,877.0,471.0,3297.0
deterministic,0.75,tcn,20261001,baron,30,overall,3000,3241.0,949.0,563.0,2577.0,1628.0,1091.0
deterministic,0.75,tcn,20261001,baron,30,europe,1500,1610.0,483.0,283.0,1251.0,768.0,558.0
deterministic,0.75,tcn,20261001,baron,30,americas,1500,1631.0,466.0,280.0,1326.0,860.0,533.0
deterministic,0.75,tcn,20261001,dragon,30,overall,3000,11329.0,2148.0,1196.0,3240.0,1092.0,3736.0
deterministic,0.75,tcn,20261001,dragon,30,europe,1500,5578.0,1024.0,571.0,1576.0,552.0,1834.0
deterministic,0.75,tcn,20261001,dragon,30,americas,1500,5751.0,1124.0,625.0,1664.0,540.0,1902.0
deterministic,0.75,tcn,20261001,teamfight,30,overall,3000,19795.0,955.0,459.0,2149.0,1194.0,6648.0
deterministic,0.75,tcn,20261001,teamfight,30,europe,1500,9978.0,456.0,231.0,1058.0,602.0,3351.0
deterministic,0.75,tcn,20261001,teamfight,30,americas,1500,9817.0,499.0,228.0,1091.0,592.0,3297.0
deterministic,0.75,tcn,20261002,baron,30,overall,3000,3241.0,986.0,584.0,2824.0,1838.0,1091.0
deterministic,0.75,tcn,20261002,baron,30,europe,1500,1610.0,506.0,302.0,1375.0,869.0,558.0
deterministic,0.75,tcn,20261002,baron,30,americas,1500,1631.0,480.0,282.0,1449.0,969.0,533.0
deterministic,0.75,tcn,20261002,dragon,30,overall,3000,11329.0,2228.0,1225.0,3385.0,1157.0,3736.0
deterministic,0.75,tcn,20261002,dragon,30,europe,1500,5578.0,1079.0,594.0,1670.0,591.0,1834.0
deterministic,0.75,tcn,20261002,dragon,30,americas,1500,5751.0,1149.0,631.0,1715.0,566.0,1902.0
deterministic,0.75,tcn,20261002,teamfight,30,overall,3000,19795.0,1048.0,502.0,2420.0,1372.0,6648.0
deterministic,0.75,tcn,20261002,teamfight,30,europe,1500,9978.0,510.0,255.0,1210.0,700.0,3351.0
deterministic,0.75,tcn,20261002,teamfight,30,americas,1500,9817.0,538.0,247.0,1210.0,672.0,3297.0
deterministic,1.0,tcn,20260930,baron,30,overall,3000,3241.0,1110.0,673.0,3533.0,2423.0,1091.0
deterministic,1.0,tcn,20260930,baron,30,europe,1500,1610.0,560.0,339.0,1669.0,1109.0,558.0
deterministic,1.0,tcn,20260930,baron,30,americas,1500,1631.0,550.0,334.0,1864.0,1314.0,533.0
deterministic,1.0,tcn,20260930,dragon,30,overall,3000,11329.0,2470.0,1405.0,3830.0,1360.0,3736.0
deterministic,1.0,tcn,20260930,dragon,30,europe,1500,5578.0,1203.0,683.0,1898.0,695.0,1834.0
deterministic,1.0,tcn,20260930,dragon,30,americas,1500,5751.0,1267.0,722.0,1932.0,665.0,1902.0
deterministic,1.0,tcn,20260930,teamfight,30,overall,3000,19795.0,1103.0,544.0,2625.0,1522.0,6648.0
deterministic,1.0,tcn,20260930,teamfight,30,europe,1500,9978.0,540.0,275.0,1307.0,767.0,3351.0
deterministic,1.0,tcn,20260930,teamfight,30,americas,1500,9817.0,563.0,269.0,1318.0,755.0,3297.0
deterministic,1.0,tcn,20261001,baron,30,overall,3000,3241.0,1117.0,680.0,3628.0,2511.0,1091.0
deterministic,1.0,tcn,20261001,baron,30,europe,1500,1610.0,563.0,341.0,1750.0,1187.0,558.0
deterministic,1.0,tcn,20261001,baron,30,americas,1500,1631.0,554.0,339.0,1878.0,1324.0,533.0
deterministic,1.0,tcn,20261001,dragon,30,overall,3000,11329.0,2645.0,1515.0,4194.0,1549.0,3736.0
deterministic,1.0,tcn,20261001,dragon,30,europe,1500,5578.0,1282.0,730.0,2070.0,788.0,1834.0
deterministic,1.0,tcn,20261001,dragon,30,americas,1500,5751.0,1363.0,785.0,2124.0,761.0,1902.0
deterministic,1.0,tcn,20261001,teamfight,30,overall,3000,19795.0,1295.0,637.0,3172.0,1877.0,6648.0
deterministic,1.0,tcn,20261001,teamfight,30,europe,1500,9978.0,629.0,325.0,1567.0,938.0,3351.0
deterministic,1.0,tcn,20261001,teamfight,30,americas,1500,9817.0,666.0,312.0,1605.0,939.0,3297.0
deterministic,1.0,tcn,20261002,baron,30,overall,3000,3241.0,1093.0,663.0,3547.0,2454.0,1091.0
deterministic,1.0,tcn,20261002,baron,30,europe,1500,1610.0,559.0,339.0,1717.0,1158.0,558.0
deterministic,1.0,tcn,20261002,baron,30,americas,1500,1631.0,534.0,324.0,1830.0,1296.0,533.0
deterministic,1.0,tcn,20261002,dragon,30,overall,3000,11329.0,2873.0,1679.0,4667.0,1794.0,3736.0
deterministic,1.0,tcn,20261002,dragon,30,europe,1500,5578.0,1391.0,812.0,2305.0,914.0,1834.0
deterministic,1.0,tcn,20261002,dragon,30,americas,1500,5751.0,1482.0,867.0,2362.0,880.0,1902.0
deterministic,1.0,tcn,20261002,teamfight,30,overall,3000,19795.0,1048.0,502.0,2420.0,1372.0,6648.0
deterministic,1.0,tcn,20261002,teamfight,30,europe,1500,9978.0,510.0,255.0,1210.0,700.0,3351.0
deterministic,1.0,tcn,20261002,teamfight,30,americas,1500,9817.0,538.0,247.0,1210.0,672.0,3297.0
deterministic,0.25,tcn,20260930,baron,60,overall,3000,3241.0,546.0,137.0,777.0,231.0,2152.0
deterministic,0.25,tcn,20260930,baron,60,europe,1500,1610.0,299.0,75.0,398.0,99.0,1048.0
deterministic,0.25,tcn,20260930,baron,60,americas,1500,1631.0,247.0,62.0,379.0,132.0,1104.0
deterministic,0.25,tcn,20260930,dragon,60,overall,3000,11329.0,596.0,171.0,646.0,50.0,7555.0
deterministic,0.25,tcn,20260930,dragon,60,europe,1500,5578.0,285.0,91.0,309.0,24.0,3749.0
deterministic,0.25,tcn,20260930,dragon,60,americas,1500,5751.0,311.0,80.0,337.0,26.0,3806.0
deterministic,0.25,tcn,20260930,teamfight,60,overall,3000,19795.0,260.0,92.0,371.0,111.0,13137.0
deterministic,0.25,tcn,20260930,teamfight,60,europe,1500,9978.0,130.0,47.0,189.0,59.0,6630.0
deterministic,0.25,tcn,20260930,teamfight,60,americas,1500,9817.0,130.0,45.0,182.0,52.0,6507.0
deterministic,0.25,tcn,20261001,baron,60,overall,3000,3241.0,579.0,152.0,881.0,302.0,2152.0
deterministic,0.25,tcn,20261001,baron,60,europe,1500,1610.0,307.0,75.0,435.0,128.0,1048.0
deterministic,0.25,tcn,20261001,baron,60,americas,1500,1631.0,272.0,77.0,446.0,174.0,1104.0
deterministic,0.25,tcn,20261001,dragon,60,overall,3000,11329.0,411.0,103.0,440.0,29.0,7555.0
deterministic,0.25,tcn,20261001,dragon,60,europe,1500,5578.0,202.0,57.0,214.0,12.0,3749.0
deterministic,0.25,tcn,20261001,dragon,60,americas,1500,5751.0,209.0,46.0,226.0,17.0,3806.0
deterministic,0.25,tcn,20261001,teamfight,60,overall,3000,19795.0,269.0,95.0,393.0,124.0,13137.0
deterministic,0.25,tcn,20261001,teamfight,60,europe,1500,9978.0,142.0,54.0,212.0,70.0,6630.0
deterministic,0.25,tcn,20261001,teamfight,60,americas,1500,9817.0,127.0,41.0,181.0,54.0,6507.0
deterministic,0.25,tcn,20261002,baron,60,overall,3000,3241.0,506.0,141.0,703.0,197.0,2152.0
deterministic,0.25,tcn,20261002,baron,60,europe,1500,1610.0,264.0,67.0,353.0,89.0,1048.0
deterministic,0.25,tcn,20261002,baron,60,americas,1500,1631.0,242.0,74.0,350.0,108.0,1104.0
deterministic,0.25,tcn,20261002,dragon,60,overall,3000,11329.0,666.0,204.0,732.0,66.0,7555.0
deterministic,0.25,tcn,20261002,dragon,60,europe,1500,5578.0,333.0,110.0,369.0,36.0,3749.0
deterministic,0.25,tcn,20261002,dragon,60,americas,1500,5751.0,333.0,94.0,363.0,30.0,3806.0
deterministic,0.25,tcn,20261002,teamfight,60,overall,3000,19795.0,184.0,62.0,251.0,67.0,13137.0
deterministic,0.25,tcn,20261002,teamfight,60,europe,1500,9978.0,90.0,29.0,128.0,38.0,6630.0
deterministic,0.25,tcn,20261002,teamfight,60,americas,1500,9817.0,94.0,33.0,123.0,29.0,6507.0
deterministic,0.5,tcn,20260930,baron,60,overall,3000,3241.0,965.0,357.0,1740.0,775.0,2152.0
deterministic,0.5,tcn,20260930,baron,60,europe,1500,1610.0,484.0,170.0,829.0,345.0,1048.0
deterministic,0.5,tcn,20260930,baron,60,americas,1500,1631.0,481.0,187.0,911.0,430.0,1104.0
deterministic,0.5,tcn,20260930,dragon,60,overall,3000,11329.0,596.0,171.0,646.0,50.0,7555.0
deterministic,0.5,tcn,20260930,dragon,60,europe,1500,5578.0,285.0,91.0,309.0,24.0,3749.0
deterministic,0.5,tcn,20260930,dragon,60,americas,1500,5751.0,311.0,80.0,337.0,26.0,3806.0
deterministic,0.5,tcn,20260930,teamfight,60,overall,3000,19795.0,722.0,293.0,1167.0,445.0,13137.0
deterministic,0.5,tcn,20260930,teamfight,60,europe,1500,9978.0,338.0,138.0,545.0,207.0,6630.0
deterministic,0.5,tcn,20260930,teamfight,60,americas,1500,9817.0,384.0,155.0,622.0,238.0,6507.0
deterministic,0.5,tcn,20261001,baron,60,overall,3000,3241.0,896.0,313.0,1561.0,665.0,2152.0
deterministic,0.5,tcn,20261001,baron,60,europe,1500,1610.0,463.0,154.0,763.0,300.0,1048.0
deterministic,0.5,tcn,20261001,baron,60,americas,1500,1631.0,433.0,159.0,798.0,365.0,1104.0
deterministic,0.5,tcn,20261001,dragon,60,overall,3000,11329.0,411.0,103.0,440.0,29.0,7555.0
deterministic,0.5,tcn,20261001,dragon,60,europe,1500,5578.0,202.0,57.0,214.0,12.0,3749.0
deterministic,0.5,tcn,20261001,dragon,60,americas,1500,5751.0,209.0,46.0,226.0,17.0,3806.0
deterministic,0.5,tcn,20261001,teamfight,60,overall,3000,19795.0,786.0,319.0,1261.0,475.0,13137.0
deterministic,0.5,tcn,20261001,teamfight,60,europe,1500,9978.0,380.0,159.0,611.0,231.0,6630.0
deterministic,0.5,tcn,20261001,teamfight,60,americas,1500,9817.0,406.0,160.0,650.0,244.0,6507.0
deterministic,0.5,tcn,20261002,baron,60,overall,3000,3241.0,1001.0,376.0,1819.0,818.0,2152.0
deterministic,0.5,tcn,20261002,baron,60,europe,1500,1610.0,517.0,192.0,878.0,361.0,1048.0
deterministic,0.5,tcn,20261002,baron,60,americas,1500,1631.0,484.0,184.0,941.0,457.0,1104.0
deterministic,0.5,tcn,20261002,dragon,60,overall,3000,11329.0,666.0,204.0,732.0,66.0,7555.0
deterministic,0.5,tcn,20261002,dragon,60,europe,1500,5578.0,333.0,110.0,369.0,36.0,3749.0
deterministic,0.5,tcn,20261002,dragon,60,americas,1500,5751.0,333.0,94.0,363.0,30.0,3806.0
deterministic,0.5,tcn,20261002,teamfight,60,overall,3000,19795.0,608.0,236.0,966.0,358.0,13137.0
deterministic,0.5,tcn,20261002,teamfight,60,europe,1500,9978.0,301.0,125.0,483.0,182.0,6630.0
deterministic,0.5,tcn,20261002,teamfight,60,americas,1500,9817.0,307.0,111.0,483.0,176.0,6507.0
deterministic,0.75,tcn,20260930,baron,60,overall,3000,3241.0,1340.0,600.0,2760.0,1420.0,2152.0
deterministic,0.75,tcn,20260930,baron,60,europe,1500,1610.0,672.0,293.0,1339.0,667.0,1048.0
deterministic,0.75,tcn,20260930,baron,60,americas,1500,1631.0,668.0,307.0,1421.0,753.0,1104.0
deterministic,0.75,tcn,20260930,dragon,60,overall,3000,11329.0,2815.0,1169.0,3292.0,477.0,7555.0
deterministic,0.75,tcn,20260930,dragon,60,europe,1500,5578.0,1396.0,607.0,1630.0,234.0,3749.0
deterministic,0.75,tcn,20260930,dragon,60,americas,1500,5751.0,1419.0,562.0,1662.0,243.0,3806.0
deterministic,0.75,tcn,20260930,teamfight,60,overall,3000,19795.0,1500.0,708.0,2610.0,1110.0,13137.0
deterministic,0.75,tcn,20260930,teamfight,60,europe,1500,9978.0,744.0,366.0,1280.0,536.0,6630.0
deterministic,0.75,tcn,20260930,teamfight,60,americas,1500,9817.0,756.0,342.0,1330.0,574.0,6507.0
deterministic,0.75,tcn,20261001,baron,60,overall,3000,3241.0,1287.0,558.0,2563.0,1276.0,2152.0
deterministic,0.75,tcn,20261001,baron,60,europe,1500,1610.0,658.0,283.0,1256.0,598.0,1048.0
deterministic,0.75,tcn,20261001,baron,60,americas,1500,1631.0,629.0,275.0,1307.0,678.0,1104.0
deterministic,0.75,tcn,20261001,dragon,60,overall,3000,11329.0,2290.0,884.0,2622.0,332.0,7555.0
deterministic,0.75,tcn,20261001,dragon,60,europe,1500,5578.0,1115.0,453.0,1271.0,156.0,3749.0
deterministic,0.75,tcn,20261001,dragon,60,americas,1500,5751.0,1175.0,431.0,1351.0,176.0,3806.0
deterministic,0.75,tcn,20261001,teamfight,60,overall,3000,19795.0,1547.0,720.0,2665.0,1118.0,13137.0
deterministic,0.75,tcn,20261001,teamfight,60,europe,1500,9978.0,760.0,368.0,1311.0,551.0,6630.0
deterministic,0.75,tcn,20261001,teamfight,60,americas,1500,9817.0,787.0,352.0,1354.0,567.0,6507.0
deterministic,0.75,tcn,20261002,baron,60,overall,3000,3241.0,1209.0,504.0,2365.0,1156.0,2152.0
deterministic,0.75,tcn,20261002,baron,60,europe,1500,1610.0,622.0,255.0,1152.0,530.0,1048.0
deterministic,0.75,tcn,20261002,baron,60,americas,1500,1631.0,587.0,249.0,1213.0,626.0,1104.0
deterministic,0.75,tcn,20261002,dragon,60,overall,3000,11329.0,666.0,204.0,732.0,66.0,7555.0
deterministic,0.75,tcn,20261002,dragon,60,europe,1500,5578.0,333.0,110.0,369.0,36.0,3749.0
deterministic,0.75,tcn,20261002,dragon,60,americas,1500,5751.0,333.0,94.0,363.0,30.0,3806.0
deterministic,0.75,tcn,20261002,teamfight,60,overall,3000,19795.0,1383.0,643.0,2340.0,957.0,13137.0
deterministic,0.75,tcn,20261002,teamfight,60,europe,1500,9978.0,677.0,328.0,1146.0,469.0,6630.0
deterministic,0.75,tcn,20261002,teamfight,60,americas,1500,9817.0,706.0,315.0,1194.0,488.0,6507.0
deterministic,1.0,tcn,20260930,baron,60,overall,3000,3241.0,1542.0,736.0,3396.0,1854.0,2152.0
deterministic,1.0,tcn,20260930,baron,60,europe,1500,1610.0,771.0,361.0,1623.0,852.0,1048.0
deterministic,1.0,tcn,20260930,baron,60,americas,1500,1631.0,771.0,375.0,1773.0,1002.0,1104.0
deterministic,1.0,tcn,20260930,dragon,60,overall,3000,11329.0,2815.0,1169.0,3292.0,477.0,7555.0
deterministic,1.0,tcn,20260930,dragon,60,europe,1500,5578.0,1396.0,607.0,1630.0,234.0,3749.0
deterministic,1.0,tcn,20260930,dragon,60,americas,1500,5751.0,1419.0,562.0,1662.0,243.0,3806.0
deterministic,1.0,tcn,20260930,teamfight,60,overall,3000,19795.0,1500.0,708.0,2610.0,1110.0,13137.0
deterministic,1.0,tcn,20260930,teamfight,60,europe,1500,9978.0,744.0,366.0,1280.0,536.0,6630.0
deterministic,1.0,tcn,20260930,teamfight,60,americas,1500,9817.0,756.0,342.0,1330.0,574.0,6507.0
deterministic,1.0,tcn,20261001,baron,60,overall,3000,3241.0,1500.0,702.0,3236.0,1736.0,2152.0
deterministic,1.0,tcn,20261001,baron,60,europe,1500,1610.0,761.0,353.0,1579.0,818.0,1048.0
deterministic,1.0,tcn,20261001,baron,60,americas,1500,1631.0,739.0,349.0,1657.0,918.0,1104.0
deterministic,1.0,tcn,20261001,dragon,60,overall,3000,11329.0,2290.0,884.0,2622.0,332.0,7555.0
deterministic,1.0,tcn,20261001,dragon,60,europe,1500,5578.0,1115.0,453.0,1271.0,156.0,3749.0
deterministic,1.0,tcn,20261001,dragon,60,americas,1500,5751.0,1175.0,431.0,1351.0,176.0,3806.0
deterministic,1.0,tcn,20261001,teamfight,60,overall,3000,19795.0,1547.0,720.0,2665.0,1118.0,13137.0
deterministic,1.0,tcn,20261001,teamfight,60,europe,1500,9978.0,760.0,368.0,1311.0,551.0,6630.0
deterministic,1.0,tcn,20261001,teamfight,60,americas,1500,9817.0,787.0,352.0,1354.0,567.0,6507.0
deterministic,1.0,tcn,20261002,baron,60,overall,3000,3241.0,1667.0,841.0,3804.0,2137.0,2152.0
deterministic,1.0,tcn,20261002,baron,60,europe,1500,1610.0,847.0,421.0,1833.0,986.0,1048.0
deterministic,1.0,tcn,20261002,baron,60,americas,1500,1631.0,820.0,420.0,1971.0,1151.0,1104.0
deterministic,1.0,tcn,20261002,dragon,60,overall,3000,11329.0,3182.0,1398.0,3722.0,540.0,7555.0
deterministic,1.0,tcn,20261002,dragon,60,europe,1500,5578.0,1573.0,724.0,1831.0,258.0,3749.0
deterministic,1.0,tcn,20261002,dragon,60,americas,1500,5751.0,1609.0,674.0,1891.0,282.0,3806.0
deterministic,1.0,tcn,20261002,teamfight,60,overall,3000,19795.0,1383.0,643.0,2340.0,957.0,13137.0
deterministic,1.0,tcn,20261002,teamfight,60,europe,1500,9978.0,677.0,328.0,1146.0,469.0,6630.0
deterministic,1.0,tcn,20261002,teamfight,60,americas,1500,9817.0,706.0,315.0,1194.0,488.0,6507.0
deterministic,0.25,timely_leagueews,20260930,baron,30,overall,3000,3241.0,511.0,273.0,875.0,364.0,1091.0
deterministic,0.25,timely_leagueews,20260930,baron,30,europe,1500,1610.0,272.0,142.0,441.0,169.0,558.0
deterministic,0.25,timely_leagueews,20260930,baron,30,americas,1500,1631.0,239.0,131.0,434.0,195.0,533.0
deterministic,0.25,timely_leagueews,20260930,dragon,30,overall,3000,11329.0,519.0,395.0,821.0,302.0,3736.0
deterministic,0.25,timely_leagueews,20260930,dragon,30,europe,1500,5578.0,236.0,182.0,386.0,150.0,1834.0
deterministic,0.25,timely_leagueews,20260930,dragon,30,americas,1500,5751.0,283.0,213.0,435.0,152.0,1902.0
deterministic,0.25,timely_leagueews,20260930,teamfight,30,overall,3000,19795.0,302.0,190.0,688.0,386.0,6648.0
deterministic,0.25,timely_leagueews,20260930,teamfight,30,europe,1500,9978.0,142.0,93.0,342.0,200.0,3351.0
deterministic,0.25,timely_leagueews,20260930,teamfight,30,americas,1500,9817.0,160.0,97.0,346.0,186.0,3297.0
deterministic,0.25,timely_leagueews,20261001,baron,30,overall,3000,3241.0,584.0,319.0,1036.0,452.0,1091.0
deterministic,0.25,timely_leagueews,20261001,baron,30,europe,1500,1610.0,311.0,167.0,510.0,199.0,558.0
deterministic,0.25,timely_leagueews,20261001,baron,30,americas,1500,1631.0,273.0,152.0,526.0,253.0,533.0
deterministic,0.25,timely_leagueews,20261001,dragon,30,overall,3000,11329.0,491.0,406.0,814.0,323.0,3736.0
deterministic,0.25,timely_leagueews,20261001,dragon,30,europe,1500,5578.0,216.0,185.0,377.0,161.0,1834.0
deterministic,0.25,timely_leagueews,20261001,dragon,30,americas,1500,5751.0,275.0,221.0,437.0,162.0,1902.0
deterministic,0.25,timely_leagueews,20261001,teamfight,30,overall,3000,19795.0,359.0,223.0,871.0,512.0,6648.0
deterministic,0.25,timely_leagueews,20261001,teamfight,30,europe,1500,9978.0,171.0,110.0,417.0,246.0,3351.0
deterministic,0.25,timely_leagueews,20261001,teamfight,30,americas,1500,9817.0,188.0,113.0,454.0,266.0,3297.0
deterministic,0.25,timely_leagueews,20261002,baron,30,overall,3000,3241.0,476.0,246.0,773.0,297.0,1091.0
deterministic,0.25,timely_leagueews,20261002,baron,30,europe,1500,1610.0,263.0,134.0,388.0,125.0,558.0
deterministic,0.25,timely_leagueews,20261002,baron,30,americas,1500,1631.0,213.0,112.0,385.0,172.0,533.0
deterministic,0.25,timely_leagueews,20261002,dragon,30,overall,3000,11329.0,651.0,503.0,1075.0,424.0,3736.0
deterministic,0.25,timely_leagueews,20261002,dragon,30,europe,1500,5578.0,303.0,240.0,509.0,206.0,1834.0
deterministic,0.25,timely_leagueews,20261002,dragon,30,americas,1500,5751.0,348.0,263.0,566.0,218.0,1902.0
deterministic,0.25,timely_leagueews,20261002,teamfight,30,overall,3000,19795.0,253.0,161.0,597.0,344.0,6648.0
deterministic,0.25,timely_leagueews,20261002,teamfight,30,europe,1500,9978.0,128.0,84.0,301.0,173.0,3351.0
deterministic,0.25,timely_leagueews,20261002,teamfight,30,americas,1500,9817.0,125.0,77.0,296.0,171.0,3297.0
deterministic,0.5,timely_leagueews,20260930,baron,30,overall,3000,3241.0,780.0,451.0,1718.0,938.0,1091.0
deterministic,0.5,timely_leagueews,20260930,baron,30,europe,1500,1610.0,403.0,225.0,837.0,434.0,558.0
deterministic,0.5,timely_leagueews,20260930,baron,30,americas,1500,1631.0,377.0,226.0,881.0,504.0,533.0
deterministic,0.5,timely_leagueews,20260930,dragon,30,overall,3000,11329.0,1221.0,825.0,1993.0,772.0,3736.0
deterministic,0.5,timely_leagueews,20260930,dragon,30,europe,1500,5578.0,568.0,380.0,953.0,385.0,1834.0
deterministic,0.5,timely_leagueews,20260930,dragon,30,americas,1500,5751.0,653.0,445.0,1040.0,387.0,1902.0
deterministic,0.5,timely_leagueews,20260930,teamfight,30,overall,3000,19795.0,608.0,368.0,1460.0,852.0,6648.0
deterministic,0.5,timely_leagueews,20260930,teamfight,30,europe,1500,9978.0,292.0,182.0,706.0,414.0,3351.0
deterministic,0.5,timely_leagueews,20260930,teamfight,30,americas,1500,9817.0,316.0,186.0,754.0,438.0,3297.0
deterministic,0.5,timely_leagueews,20261001,baron,30,overall,3000,3241.0,833.0,491.0,1988.0,1155.0,1091.0
deterministic,0.5,timely_leagueews,20261001,baron,30,europe,1500,1610.0,432.0,251.0,968.0,536.0,558.0
deterministic,0.5,timely_leagueews,20261001,baron,30,americas,1500,1631.0,401.0,240.0,1020.0,619.0,533.0
deterministic,0.5,timely_leagueews,20261001,dragon,30,overall,3000,11329.0,1013.0,751.0,1731.0,718.0,3736.0
deterministic,0.5,timely_leagueews,20261001,dragon,30,europe,1500,5578.0,488.0,359.0,850.0,362.0,1834.0
deterministic,0.5,timely_leagueews,20261001,dragon,30,americas,1500,5751.0,525.0,392.0,881.0,356.0,1902.0
deterministic,0.5,timely_leagueews,20261001,teamfight,30,overall,3000,19795.0,720.0,443.0,1862.0,1142.0,6648.0
deterministic,0.5,timely_leagueews,20261001,teamfight,30,europe,1500,9978.0,341.0,220.0,893.0,552.0,3351.0
deterministic,0.5,timely_leagueews,20261001,teamfight,30,americas,1500,9817.0,379.0,223.0,969.0,590.0,3297.0
deterministic,0.5,timely_leagueews,20261002,baron,30,overall,3000,3241.0,801.0,458.0,1848.0,1047.0,1091.0
deterministic,0.5,timely_leagueews,20261002,baron,30,europe,1500,1610.0,413.0,231.0,900.0,487.0,558.0
deterministic,0.5,timely_leagueews,20261002,baron,30,americas,1500,1631.0,388.0,227.0,948.0,560.0,533.0
deterministic,0.5,timely_leagueews,20261002,dragon,30,overall,3000,11329.0,1480.0,1009.0,2474.0,994.0,3736.0
deterministic,0.5,timely_leagueews,20261002,dragon,30,europe,1500,5578.0,693.0,470.0,1193.0,500.0,1834.0
deterministic,0.5,timely_leagueews,20261002,dragon,30,americas,1500,5751.0,787.0,539.0,1281.0,494.0,1902.0
deterministic,0.5,timely_leagueews,20261002,teamfight,30,overall,3000,19795.0,497.0,323.0,1262.0,765.0,6648.0
deterministic,0.5,timely_leagueews,20261002,teamfight,30,europe,1500,9978.0,234.0,149.0,609.0,375.0,3351.0
deterministic,0.5,timely_leagueews,20261002,teamfight,30,americas,1500,9817.0,263.0,174.0,653.0,390.0,3297.0
deterministic,0.75,timely_leagueews,20260930,baron,30,overall,3000,3241.0,975.0,580.0,2667.0,1692.0,1091.0
deterministic,0.75,timely_leagueews,20260930,baron,30,europe,1500,1610.0,500.0,295.0,1303.0,803.0,558.0
deterministic,0.75,timely_leagueews,20260930,baron,30,americas,1500,1631.0,475.0,285.0,1364.0,889.0,533.0
deterministic,0.75,timely_leagueews,20260930,dragon,30,overall,3000,11329.0,1221.0,825.0,1993.0,772.0,3736.0
deterministic,0.75,timely_leagueews,20260930,dragon,30,europe,1500,5578.0,568.0,380.0,953.0,385.0,1834.0
deterministic,0.75,timely_leagueews,20260930,dragon,30,americas,1500,5751.0,653.0,445.0,1040.0,387.0,1902.0
deterministic,0.75,timely_leagueews,20260930,teamfight,30,overall,3000,19795.0,984.0,593.0,2625.0,1641.0,6648.0
deterministic,0.75,timely_leagueews,20260930,teamfight,30,europe,1500,9978.0,472.0,299.0,1272.0,800.0,3351.0
deterministic,0.75,timely_leagueews,20260930,teamfight,30,americas,1500,9817.0,512.0,294.0,1353.0,841.0,3297.0
deterministic,0.75,timely_leagueews,20261001,baron,30,overall,3000,3241.0,971.0,580.0,2679.0,1708.0,1091.0
deterministic,0.75,timely_leagueews,20261001,baron,30,europe,1500,1610.0,503.0,297.0,1302.0,799.0,558.0
deterministic,0.75,timely_leagueews,20261001,baron,30,americas,1500,1631.0,468.0,283.0,1377.0,909.0,533.0
deterministic,0.75,timely_leagueews,20261001,dragon,30,overall,3000,11329.0,1957.0,1308.0,3298.0,1341.0,3736.0
deterministic,0.75,timely_leagueews,20261001,dragon,30,europe,1500,5578.0,944.0,638.0,1623.0,679.0,1834.0
deterministic,0.75,timely_leagueews,20261001,dragon,30,americas,1500,5751.0,1013.0,670.0,1675.0,662.0,1902.0
deterministic,0.75,timely_leagueews,20261001,teamfight,30,overall,3000,19795.0,720.0,443.0,1862.0,1142.0,6648.0
deterministic,0.75,timely_leagueews,20261001,teamfight,30,europe,1500,9978.0,341.0,220.0,893.0,552.0,3351.0
deterministic,0.75,timely_leagueews,20261001,teamfight,30,americas,1500,9817.0,379.0,223.0,969.0,590.0,3297.0
deterministic,0.75,timely_leagueews,20261002,baron,30,overall,3000,3241.0,970.0,578.0,2644.0,1674.0,1091.0
deterministic,0.75,timely_leagueews,20261002,baron,30,europe,1500,1610.0,500.0,296.0,1280.0,780.0,558.0
deterministic,0.75,timely_leagueews,20261002,baron,30,americas,1500,1631.0,470.0,282.0,1364.0,894.0,533.0
deterministic,0.75,timely_leagueews,20261002,dragon,30,overall,3000,11329.0,1480.0,1009.0,2474.0,994.0,3736.0
deterministic,0.75,timely_leagueews,20261002,dragon,30,europe,1500,5578.0,693.0,470.0,1193.0,500.0,1834.0
deterministic,0.75,timely_leagueews,20261002,dragon,30,americas,1500,5751.0,787.0,539.0,1281.0,494.0,1902.0
deterministic,0.75,timely_leagueews,20261002,teamfight,30,overall,3000,19795.0,848.0,525.0,2284.0,1436.0,6648.0
deterministic,0.75,timely_leagueews,20261002,teamfight,30,europe,1500,9978.0,417.0,263.0,1130.0,713.0,3351.0
deterministic,0.75,timely_leagueews,20261002,teamfight,30,americas,1500,9817.0,431.0,262.0,1154.0,723.0,3297.0
deterministic,1.0,timely_leagueews,20260930,baron,30,overall,3000,3241.0,1146.0,707.0,3721.0,2575.0,1091.0
deterministic,1.0,timely_leagueews,20260930,baron,30,europe,1500,1610.0,587.0,361.0,1789.0,1202.0,558.0
deterministic,1.0,timely_leagueews,20260930,baron,30,americas,1500,1631.0,559.0,346.0,1932.0,1373.0,533.0
deterministic,1.0,timely_leagueews,20260930,dragon,30,overall,3000,11329.0,2198.0,1406.0,3652.0,1454.0,3736.0
deterministic,1.0,timely_leagueews,20260930,dragon,30,europe,1500,5578.0,1065.0,686.0,1808.0,743.0,1834.0
deterministic,1.0,timely_leagueews,20260930,dragon,30,americas,1500,5751.0,1133.0,720.0,1844.0,711.0,1902.0
deterministic,1.0,timely_leagueews,20260930,teamfight,30,overall,3000,19795.0,984.0,593.0,2625.0,1641.0,6648.0
deterministic,1.0,timely_leagueews,20260930,teamfight,30,europe,1500,9978.0,472.0,299.0,1272.0,800.0,3351.0
deterministic,1.0,timely_leagueews,20260930,teamfight,30,americas,1500,9817.0,512.0,294.0,1353.0,841.0,3297.0
deterministic,1.0,timely_leagueews,20261001,baron,30,overall,3000,3241.0,1095.0,669.0,3416.0,2321.0,1091.0
deterministic,1.0,timely_leagueews,20261001,baron,30,europe,1500,1610.0,555.0,337.0,1648.0,1093.0,558.0
deterministic,1.0,timely_leagueews,20261001,baron,30,americas,1500,1631.0,540.0,332.0,1768.0,1228.0,533.0
deterministic,1.0,timely_leagueews,20261001,dragon,30,overall,3000,11329.0,1957.0,1308.0,3298.0,1341.0,3736.0
deterministic,1.0,timely_leagueews,20261001,dragon,30,europe,1500,5578.0,944.0,638.0,1623.0,679.0,1834.0
deterministic,1.0,timely_leagueews,20261001,dragon,30,americas,1500,5751.0,1013.0,670.0,1675.0,662.0,1902.0
deterministic,1.0,timely_leagueews,20261001,teamfight,30,overall,3000,19795.0,1177.0,714.0,3313.0,2136.0,6648.0
deterministic,1.0,timely_leagueews,20261001,teamfight,30,europe,1500,9978.0,573.0,361.0,1648.0,1075.0,3351.0
deterministic,1.0,timely_leagueews,20261001,teamfight,30,americas,1500,9817.0,604.0,353.0,1665.0,1061.0,3297.0
deterministic,1.0,timely_leagueews,20261002,baron,30,overall,3000,3241.0,1091.0,663.0,3496.0,2405.0,1091.0
deterministic,1.0,timely_leagueews,20261002,baron,30,europe,1500,1610.0,558.0,337.0,1687.0,1129.0,558.0
deterministic,1.0,timely_leagueews,20261002,baron,30,americas,1500,1631.0,533.0,326.0,1809.0,1276.0,533.0
deterministic,1.0,timely_leagueews,20261002,dragon,30,overall,3000,11329.0,2526.0,1628.0,4278.0,1752.0,3736.0
deterministic,1.0,timely_leagueews,20261002,dragon,30,europe,1500,5578.0,1222.0,790.0,2119.0,897.0,1834.0
deterministic,1.0,timely_leagueews,20261002,dragon,30,americas,1500,5751.0,1304.0,838.0,2159.0,855.0,1902.0
deterministic,1.0,timely_leagueews,20261002,teamfight,30,overall,3000,19795.0,848.0,525.0,2284.0,1436.0,6648.0
deterministic,1.0,timely_leagueews,20261002,teamfight,30,europe,1500,9978.0,417.0,263.0,1130.0,713.0,3351.0
deterministic,1.0,timely_leagueews,20261002,teamfight,30,americas,1500,9817.0,431.0,262.0,1154.0,723.0,3297.0
deterministic,0.25,timely_leagueews,20260930,baron,60,overall,3000,3241.0,139.0,78.0,244.0,105.0,2152.0
deterministic,0.25,timely_leagueews,20260930,baron,60,europe,1500,1610.0,62.0,31.0,119.0,57.0,1048.0
deterministic,0.25,timely_leagueews,20260930,baron,60,americas,1500,1631.0,77.0,47.0,125.0,48.0,1104.0
deterministic,0.25,timely_leagueews,20260930,dragon,60,overall,3000,11329.0,762.0,715.0,1052.0,290.0,7555.0
deterministic,0.25,timely_leagueews,20260930,dragon,60,europe,1500,5578.0,368.0,346.0,503.0,135.0,3749.0
deterministic,0.25,timely_leagueews,20260930,dragon,60,americas,1500,5751.0,394.0,369.0,549.0,155.0,3806.0
deterministic,0.25,timely_leagueews,20260930,teamfight,60,overall,3000,19795.0,297.0,241.0,562.0,265.0,13137.0
deterministic,0.25,timely_leagueews,20260930,teamfight,60,europe,1500,9978.0,147.0,121.0,279.0,132.0,6630.0
deterministic,0.25,timely_leagueews,20260930,teamfight,60,americas,1500,9817.0,150.0,120.0,283.0,133.0,6507.0
deterministic,0.25,timely_leagueews,20261001,baron,60,overall,3000,3241.0,149.0,79.0,251.0,102.0,2152.0
deterministic,0.25,timely_leagueews,20261001,baron,60,europe,1500,1610.0,80.0,45.0,127.0,47.0,1048.0
deterministic,0.25,timely_leagueews,20261001,baron,60,americas,1500,1631.0,69.0,34.0,124.0,55.0,1104.0
deterministic,0.25,timely_leagueews,20261001,dragon,60,overall,3000,11329.0,641.0,608.0,882.0,241.0,7555.0
deterministic,0.25,timely_leagueews,20261001,dragon,60,europe,1500,5578.0,299.0,286.0,404.0,105.0,3749.0
deterministic,0.25,timely_leagueews,20261001,dragon,60,americas,1500,5751.0,342.0,322.0,478.0,136.0,3806.0
deterministic,0.25,timely_leagueews,20261001,teamfight,60,overall,3000,19795.0,308.0,248.0,593.0,285.0,13137.0
deterministic,0.25,timely_leagueews,20261001,teamfight,60,europe,1500,9978.0,154.0,123.0,294.0,140.0,6630.0
deterministic,0.25,timely_leagueews,20261001,teamfight,60,americas,1500,9817.0,154.0,125.0,299.0,145.0,6507.0
deterministic,0.25,timely_leagueews,20261002,baron,60,overall,3000,3241.0,113.0,68.0,221.0,108.0,2152.0
deterministic,0.25,timely_leagueews,20261002,baron,60,europe,1500,1610.0,55.0,35.0,111.0,56.0,1048.0
deterministic,0.25,timely_leagueews,20261002,baron,60,americas,1500,1631.0,58.0,33.0,110.0,52.0,1104.0
deterministic,0.25,timely_leagueews,20261002,dragon,60,overall,3000,11329.0,721.0,688.0,1001.0,280.0,7555.0
deterministic,0.25,timely_leagueews,20261002,dragon,60,europe,1500,5578.0,347.0,330.0,473.0,126.0,3749.0
deterministic,0.25,timely_leagueews,20261002,dragon,60,americas,1500,5751.0,374.0,358.0,528.0,154.0,3806.0
deterministic,0.25,timely_leagueews,20261002,teamfight,60,overall,3000,19795.0,267.0,215.0,521.0,254.0,13137.0
deterministic,0.25,timely_leagueews,20261002,teamfight,60,europe,1500,9978.0,133.0,108.0,249.0,116.0,6630.0
deterministic,0.25,timely_leagueews,20261002,teamfight,60,americas,1500,9817.0,134.0,107.0,272.0,138.0,6507.0
deterministic,0.5,timely_leagueews,20260930,baron,60,overall,3000,3241.0,569.0,317.0,1138.0,569.0,2152.0
deterministic,0.5,timely_leagueews,20260930,baron,60,europe,1500,1610.0,299.0,161.0,578.0,279.0,1048.0
deterministic,0.5,timely_leagueews,20260930,baron,60,americas,1500,1631.0,270.0,156.0,560.0,290.0,1104.0
deterministic,0.5,timely_leagueews,20260930,dragon,60,overall,3000,11329.0,1741.0,1583.0,2484.0,743.0,7555.0
deterministic,0.5,timely_leagueews,20260930,dragon,60,europe,1500,5578.0,851.0,775.0,1217.0,366.0,3749.0
deterministic,0.5,timely_leagueews,20260930,dragon,60,americas,1500,5751.0,890.0,808.0,1267.0,377.0,3806.0
deterministic,0.5,timely_leagueews,20260930,teamfight,60,overall,3000,19795.0,785.0,620.0,1602.0,817.0,13137.0
deterministic,0.5,timely_leagueews,20260930,teamfight,60,europe,1500,9978.0,392.0,318.0,773.0,381.0,6630.0
deterministic,0.5,timely_leagueews,20260930,teamfight,60,americas,1500,9817.0,393.0,302.0,829.0,436.0,6507.0
deterministic,0.5,timely_leagueews,20261001,baron,60,overall,3000,3241.0,638.0,358.0,1362.0,724.0,2152.0
deterministic,0.5,timely_leagueews,20261001,baron,60,europe,1500,1610.0,325.0,180.0,669.0,344.0,1048.0
deterministic,0.5,timely_leagueews,20261001,baron,60,americas,1500,1631.0,313.0,178.0,693.0,380.0,1104.0
deterministic,0.5,timely_leagueews,20261001,dragon,60,overall,3000,11329.0,2398.0,2142.0,3483.0,1085.0,7555.0
deterministic,0.5,timely_leagueews,20261001,dragon,60,europe,1500,5578.0,1164.0,1038.0,1706.0,542.0,3749.0
deterministic,0.5,timely_leagueews,20261001,dragon,60,americas,1500,5751.0,1234.0,1104.0,1777.0,543.0,3806.0
deterministic,0.5,timely_leagueews,20261001,teamfight,60,overall,3000,19795.0,791.0,631.0,1624.0,833.0,13137.0
deterministic,0.5,timely_leagueews,20261001,teamfight,60,europe,1500,9978.0,385.0,311.0,780.0,395.0,6630.0
deterministic,0.5,timely_leagueews,20261001,teamfight,60,americas,1500,9817.0,406.0,320.0,844.0,438.0,6507.0
deterministic,0.5,timely_leagueews,20261002,baron,60,overall,3000,3241.0,542.0,322.0,1286.0,744.0,2152.0
deterministic,0.5,timely_leagueews,20261002,baron,60,europe,1500,1610.0,275.0,164.0,633.0,358.0,1048.0
deterministic,0.5,timely_leagueews,20261002,baron,60,americas,1500,1631.0,267.0,158.0,653.0,386.0,1104.0
deterministic,0.5,timely_leagueews,20261002,dragon,60,overall,3000,11329.0,1726.0,1594.0,2463.0,737.0,7555.0
deterministic,0.5,timely_leagueews,20261002,dragon,60,europe,1500,5578.0,841.0,771.0,1205.0,364.0,3749.0
deterministic,0.5,timely_leagueews,20261002,dragon,60,americas,1500,5751.0,885.0,823.0,1258.0,373.0,3806.0
deterministic,0.5,timely_leagueews,20261002,teamfight,60,overall,3000,19795.0,702.0,552.0,1407.0,705.0,13137.0
deterministic,0.5,timely_leagueews,20261002,teamfight,60,europe,1500,9978.0,342.0,276.0,674.0,332.0,6630.0
deterministic,0.5,timely_leagueews,20261002,teamfight,60,americas,1500,9817.0,360.0,276.0,733.0,373.0,6507.0
deterministic,0.75,timely_leagueews,20260930,baron,60,overall,3000,3241.0,996.0,548.0,2138.0,1142.0,2152.0
deterministic,0.75,timely_leagueews,20260930,baron,60,europe,1500,1610.0,502.0,280.0,1061.0,559.0,1048.0
deterministic,0.75,timely_leagueews,20260930,baron,60,americas,1500,1631.0,494.0,268.0,1077.0,583.0,1104.0
deterministic,0.75,timely_leagueews,20260930,dragon,60,overall,3000,11329.0,2762.0,2396.0,4001.0,1239.0,7555.0
deterministic,0.75,timely_leagueews,20260930,dragon,60,europe,1500,5578.0,1336.0,1166.0,1951.0,615.0,3749.0
deterministic,0.75,timely_leagueews,20260930,dragon,60,americas,1500,5751.0,1426.0,1230.0,2050.0,624.0,3806.0
deterministic,0.75,timely_leagueews,20260930,teamfight,60,overall,3000,19795.0,785.0,620.0,1602.0,817.0,13137.0
deterministic,0.75,timely_leagueews,20260930,teamfight,60,europe,1500,9978.0,392.0,318.0,773.0,381.0,6630.0
deterministic,0.75,timely_leagueews,20260930,teamfight,60,americas,1500,9817.0,393.0,302.0,829.0,436.0,6507.0
deterministic,0.75,timely_leagueews,20261001,baron,60,overall,3000,3241.0,1091.0,616.0,2478.0,1387.0,2152.0
deterministic,0.75,timely_leagueews,20261001,baron,60,europe,1500,1610.0,548.0,313.0,1219.0,671.0,1048.0
deterministic,0.75,timely_leagueews,20261001,baron,60,americas,1500,1631.0,543.0,303.0,1259.0,716.0,1104.0
deterministic,0.75,timely_leagueews,20261001,dragon,60,overall,3000,11329.0,3212.0,2757.0,4763.0,1551.0,7555.0
deterministic,0.75,timely_leagueews,20261001,dragon,60,europe,1500,5578.0,1559.0,1339.0,2336.0,777.0,3749.0
deterministic,0.75,timely_leagueews,20261001,dragon,60,americas,1500,5751.0,1653.0,1418.0,2427.0,774.0,3806.0
deterministic,0.75,timely_leagueews,20261001,teamfight,60,overall,3000,19795.0,791.0,631.0,1624.0,833.0,13137.0
deterministic,0.75,timely_leagueews,20261001,teamfight,60,europe,1500,9978.0,385.0,311.0,780.0,395.0,6630.0
deterministic,0.75,timely_leagueews,20261001,teamfight,60,americas,1500,9817.0,406.0,320.0,844.0,438.0,6507.0
deterministic,0.75,timely_leagueews,20261002,baron,60,overall,3000,3241.0,1060.0,654.0,2583.0,1523.0,2152.0
deterministic,0.75,timely_leagueews,20261002,baron,60,europe,1500,1610.0,535.0,323.0,1276.0,741.0,1048.0
deterministic,0.75,timely_leagueews,20261002,baron,60,americas,1500,1631.0,525.0,331.0,1307.0,782.0,1104.0
deterministic,0.75,timely_leagueews,20261002,dragon,60,overall,3000,11329.0,2754.0,2421.0,4054.0,1300.0,7555.0
deterministic,0.75,timely_leagueews,20261002,dragon,60,europe,1500,5578.0,1333.0,1175.0,1980.0,647.0,3749.0
deterministic,0.75,timely_leagueews,20261002,dragon,60,americas,1500,5751.0,1421.0,1246.0,2074.0,653.0,3806.0
deterministic,0.75,timely_leagueews,20261002,teamfight,60,overall,3000,19795.0,1463.0,1128.0,3177.0,1714.0,13137.0
deterministic,0.75,timely_leagueews,20261002,teamfight,60,europe,1500,9978.0,720.0,560.0,1540.0,820.0,6630.0
deterministic,0.75,timely_leagueews,20261002,teamfight,60,americas,1500,9817.0,743.0,568.0,1637.0,894.0,6507.0
deterministic,1.0,timely_leagueews,20260930,baron,60,overall,3000,3241.0,1356.0,764.0,3145.0,1789.0,2152.0
deterministic,1.0,timely_leagueews,20260930,baron,60,europe,1500,1610.0,688.0,389.0,1543.0,855.0,1048.0
deterministic,1.0,timely_leagueews,20260930,baron,60,americas,1500,1631.0,668.0,375.0,1602.0,934.0,1104.0
deterministic,1.0,timely_leagueews,20260930,dragon,60,overall,3000,11329.0,3639.0,3028.0,5344.0,1705.0,7555.0
deterministic,1.0,timely_leagueews,20260930,dragon,60,europe,1500,5578.0,1772.0,1481.0,2623.0,851.0,3749.0
deterministic,1.0,timely_leagueews,20260930,dragon,60,americas,1500,5751.0,1867.0,1547.0,2721.0,854.0,3806.0
deterministic,1.0,timely_leagueews,20260930,teamfight,60,overall,3000,19795.0,1661.0,1272.0,3609.0,1948.0,13137.0
deterministic,1.0,timely_leagueews,20260930,teamfight,60,europe,1500,9978.0,821.0,634.0,1741.0,920.0,6630.0
deterministic,1.0,timely_leagueews,20260930,teamfight,60,americas,1500,9817.0,840.0,638.0,1868.0,1028.0,6507.0
deterministic,1.0,timely_leagueews,20261001,baron,60,overall,3000,3241.0,1456.0,843.0,3527.0,2071.0,2152.0
deterministic,1.0,timely_leagueews,20261001,baron,60,europe,1500,1610.0,724.0,416.0,1711.0,987.0,1048.0
deterministic,1.0,timely_leagueews,20261001,baron,60,americas,1500,1631.0,732.0,427.0,1816.0,1084.0,1104.0
deterministic,1.0,timely_leagueews,20261001,dragon,60,overall,3000,11329.0,4026.0,3298.0,6033.0,2007.0,7555.0
deterministic,1.0,timely_leagueews,20261001,dragon,60,europe,1500,5578.0,1958.0,1606.0,2964.0,1006.0,3749.0
deterministic,1.0,timely_leagueews,20261001,dragon,60,americas,1500,5751.0,2068.0,1692.0,3069.0,1001.0,3806.0
deterministic,1.0,timely_leagueews,20261001,teamfight,60,overall,3000,19795.0,1668.0,1288.0,3653.0,1985.0,13137.0
deterministic,1.0,timely_leagueews,20261001,teamfight,60,europe,1500,9978.0,821.0,636.0,1765.0,944.0,6630.0
deterministic,1.0,timely_leagueews,20261001,teamfight,60,americas,1500,9817.0,847.0,652.0,1888.0,1041.0,6507.0
deterministic,1.0,timely_leagueews,20261002,baron,60,overall,3000,3241.0,1493.0,914.0,3800.0,2307.0,2152.0
deterministic,1.0,timely_leagueews,20261002,baron,60,europe,1500,1610.0,735.0,441.0,1844.0,1109.0,1048.0
deterministic,1.0,timely_leagueews,20261002,baron,60,americas,1500,1631.0,758.0,473.0,1956.0,1198.0,1104.0
deterministic,1.0,timely_leagueews,20261002,dragon,60,overall,3000,11329.0,3704.0,3079.0,5501.0,1797.0,7555.0
deterministic,1.0,timely_leagueews,20261002,dragon,60,europe,1500,5578.0,1808.0,1509.0,2708.0,900.0,3749.0
deterministic,1.0,timely_leagueews,20261002,dragon,60,americas,1500,5751.0,1896.0,1570.0,2793.0,897.0,3806.0
deterministic,1.0,timely_leagueews,20261002,teamfight,60,overall,3000,19795.0,1463.0,1128.0,3177.0,1714.0,13137.0
deterministic,1.0,timely_leagueews,20261002,teamfight,60,europe,1500,9978.0,720.0,560.0,1540.0,820.0,6630.0
deterministic,1.0,timely_leagueews,20261002,teamfight,60,americas,1500,9817.0,743.0,568.0,1637.0,894.0,6507.0
deterministic,0.25,timely_tcn,20260930,baron,30,overall,3000,3241.0,575.0,308.0,1077.0,502.0,1091.0
deterministic,0.25,timely_tcn,20260930,baron,30,europe,1500,1610.0,303.0,161.0,530.0,227.0,558.0
deterministic,0.25,timely_tcn,20260930,baron,30,americas,1500,1631.0,272.0,147.0,547.0,275.0,533.0
deterministic,0.25,timely_tcn,20260930,dragon,30,overall,3000,11329.0,486.0,390.0,832.0,346.0,3736.0
deterministic,0.25,timely_tcn,20260930,dragon,30,europe,1500,5578.0,230.0,185.0,408.0,178.0,1834.0
deterministic,0.25,timely_tcn,20260930,dragon,30,americas,1500,5751.0,256.0,205.0,424.0,168.0,1902.0
deterministic,0.25,timely_tcn,20260930,teamfight,30,overall,3000,19795.0,352.0,212.0,878.0,526.0,6648.0
deterministic,0.25,timely_tcn,20260930,teamfight,30,europe,1500,9978.0,171.0,103.0,435.0,264.0,3351.0
deterministic,0.25,timely_tcn,20260930,teamfight,30,americas,1500,9817.0,181.0,109.0,443.0,262.0,3297.0
deterministic,0.25,timely_tcn,20261001,baron,30,overall,3000,3241.0,544.0,291.0,949.0,405.0,1091.0
deterministic,0.25,timely_tcn,20261001,baron,30,europe,1500,1610.0,290.0,152.0,475.0,185.0,558.0
deterministic,0.25,timely_tcn,20261001,baron,30,americas,1500,1631.0,254.0,139.0,474.0,220.0,533.0
deterministic,0.25,timely_tcn,20261001,dragon,30,overall,3000,11329.0,347.0,266.0,553.0,206.0,3736.0
deterministic,0.25,timely_tcn,20261001,dragon,30,europe,1500,5578.0,159.0,122.0,262.0,103.0,1834.0
deterministic,0.25,timely_tcn,20261001,dragon,30,americas,1500,5751.0,188.0,144.0,291.0,103.0,1902.0
deterministic,0.25,timely_tcn,20261001,teamfight,30,overall,3000,19795.0,244.0,150.0,603.0,359.0,6648.0
deterministic,0.25,timely_tcn,20261001,teamfight,30,europe,1500,9978.0,121.0,78.0,297.0,176.0,3351.0
deterministic,0.25,timely_tcn,20261001,teamfight,30,americas,1500,9817.0,123.0,72.0,306.0,183.0,3297.0
deterministic,0.25,timely_tcn,20261002,baron,30,overall,3000,3241.0,541.0,291.0,996.0,455.0,1091.0
deterministic,0.25,timely_tcn,20261002,baron,30,europe,1500,1610.0,281.0,149.0,479.0,198.0,558.0
deterministic,0.25,timely_tcn,20261002,baron,30,americas,1500,1631.0,260.0,142.0,517.0,257.0,533.0
deterministic,0.25,timely_tcn,20261002,dragon,30,overall,3000,11329.0,494.0,382.0,863.0,369.0,3736.0
deterministic,0.25,timely_tcn,20261002,dragon,30,europe,1500,5578.0,233.0,181.0,411.0,178.0,1834.0
deterministic,0.25,timely_tcn,20261002,dragon,30,americas,1500,5751.0,261.0,201.0,452.0,191.0,1902.0
deterministic,0.25,timely_tcn,20261002,teamfight,30,overall,3000,19795.0,172.0,109.0,373.0,201.0,6648.0
deterministic,0.25,timely_tcn,20261002,teamfight,30,europe,1500,9978.0,93.0,62.0,202.0,109.0,3351.0
deterministic,0.25,timely_tcn,20261002,teamfight,30,americas,1500,9817.0,79.0,47.0,171.0,92.0,3297.0
deterministic,0.5,timely_tcn,20260930,baron,30,overall,3000,3241.0,774.0,442.0,1894.0,1120.0,1091.0
deterministic,0.5,timely_tcn,20260930,baron,30,europe,1500,1610.0,402.0,225.0,917.0,515.0,558.0
deterministic,0.5,timely_tcn,20260930,baron,30,americas,1500,1631.0,372.0,217.0,977.0,605.0,533.0
deterministic,0.5,timely_tcn,20260930,dragon,30,overall,3000,11329.0,1364.0,921.0,2264.0,900.0,3736.0
deterministic,0.5,timely_tcn,20260930,dragon,30,europe,1500,5578.0,656.0,437.0,1128.0,472.0,1834.0
deterministic,0.5,timely_tcn,20260930,dragon,30,americas,1500,5751.0,708.0,484.0,1136.0,428.0,1902.0
deterministic,0.5,timely_tcn,20260930,teamfight,30,overall,3000,19795.0,352.0,212.0,878.0,526.0,6648.0
deterministic,0.5,timely_tcn,20260930,teamfight,30,europe,1500,9978.0,171.0,103.0,435.0,264.0,3351.0
deterministic,0.5,timely_tcn,20260930,teamfight,30,americas,1500,9817.0,181.0,109.0,443.0,262.0,3297.0
deterministic,0.5,timely_tcn,20261001,baron,30,overall,3000,3241.0,744.0,424.0,1675.0,931.0,1091.0
deterministic,0.5,timely_tcn,20261001,baron,30,europe,1500,1610.0,393.0,224.0,822.0,429.0,558.0
deterministic,0.5,timely_tcn,20261001,baron,30,americas,1500,1631.0,351.0,200.0,853.0,502.0,533.0
deterministic,0.5,timely_tcn,20261001,dragon,30,overall,3000,11329.0,1001.0,674.0,1614.0,613.0,3736.0
deterministic,0.5,timely_tcn,20261001,dragon,30,europe,1500,5578.0,479.0,323.0,795.0,316.0,1834.0
deterministic,0.5,timely_tcn,20261001,dragon,30,americas,1500,5751.0,522.0,351.0,819.0,297.0,1902.0
deterministic,0.5,timely_tcn,20261001,teamfight,30,overall,3000,19795.0,578.0,341.0,1447.0,869.0,6648.0
deterministic,0.5,timely_tcn,20261001,teamfight,30,europe,1500,9978.0,277.0,173.0,695.0,418.0,3351.0
deterministic,0.5,timely_tcn,20261001,teamfight,30,americas,1500,9817.0,301.0,168.0,752.0,451.0,3297.0
deterministic,0.5,timely_tcn,20261002,baron,30,overall,3000,3241.0,813.0,475.0,1946.0,1133.0,1091.0
deterministic,0.5,timely_tcn,20261002,baron,30,europe,1500,1610.0,427.0,249.0,955.0,528.0,558.0
deterministic,0.5,timely_tcn,20261002,baron,30,americas,1500,1631.0,386.0,226.0,991.0,605.0,533.0
deterministic,0.5,timely_tcn,20261002,dragon,30,overall,3000,11329.0,1306.0,905.0,2244.0,938.0,3736.0
deterministic,0.5,timely_tcn,20261002,dragon,30,europe,1500,5578.0,625.0,436.0,1111.0,486.0,1834.0
deterministic,0.5,timely_tcn,20261002,dragon,30,americas,1500,5751.0,681.0,469.0,1133.0,452.0,1902.0
deterministic,0.5,timely_tcn,20261002,teamfight,30,overall,3000,19795.0,399.0,233.0,942.0,543.0,6648.0
deterministic,0.5,timely_tcn,20261002,teamfight,30,europe,1500,9978.0,189.0,116.0,454.0,265.0,3351.0
deterministic,0.5,timely_tcn,20261002,teamfight,30,americas,1500,9817.0,210.0,117.0,488.0,278.0,3297.0
deterministic,0.75,timely_tcn,20260930,baron,30,overall,3000,3241.0,985.0,596.0,2785.0,1800.0,1091.0
deterministic,0.75,timely_tcn,20260930,baron,30,europe,1500,1610.0,506.0,302.0,1347.0,841.0,558.0
deterministic,0.75,timely_tcn,20260930,baron,30,americas,1500,1631.0,479.0,294.0,1438.0,959.0,533.0
deterministic,0.75,timely_tcn,20260930,dragon,30,overall,3000,11329.0,1364.0,921.0,2264.0,900.0,3736.0
deterministic,0.75,timely_tcn,20260930,dragon,30,europe,1500,5578.0,656.0,437.0,1128.0,472.0,1834.0
deterministic,0.75,timely_tcn,20260930,dragon,30,americas,1500,5751.0,708.0,484.0,1136.0,428.0,1902.0
deterministic,0.75,timely_tcn,20260930,teamfight,30,overall,3000,19795.0,735.0,443.0,1927.0,1192.0,6648.0
deterministic,0.75,timely_tcn,20260930,teamfight,30,europe,1500,9978.0,343.0,213.0,935.0,592.0,3351.0
deterministic,0.75,timely_tcn,20260930,teamfight,30,americas,1500,9817.0,392.0,230.0,992.0,600.0,3297.0
deterministic,0.75,timely_tcn,20261001,baron,30,overall,3000,3241.0,925.0,557.0,2589.0,1664.0,1091.0
deterministic,0.75,timely_tcn,20261001,baron,30,europe,1500,1610.0,486.0,293.0,1274.0,788.0,558.0
deterministic,0.75,timely_tcn,20261001,baron,30,americas,1500,1631.0,439.0,264.0,1315.0,876.0,533.0
deterministic,0.75,timely_tcn,20261001,dragon,30,overall,3000,11329.0,2066.0,1260.0,3305.0,1239.0,3736.0
deterministic,0.75,timely_tcn,20261001,dragon,30,europe,1500,5578.0,988.0,608.0,1620.0,632.0,1834.0
deterministic,0.75,timely_tcn,20261001,dragon,30,americas,1500,5751.0,1078.0,652.0,1685.0,607.0,1902.0
deterministic,0.75,timely_tcn,20261001,teamfight,30,overall,3000,19795.0,578.0,341.0,1447.0,869.0,6648.0
deterministic,0.75,timely_tcn,20261001,teamfight,30,europe,1500,9978.0,277.0,173.0,695.0,418.0,3351.0
deterministic,0.75,timely_tcn,20261001,teamfight,30,americas,1500,9817.0,301.0,168.0,752.0,451.0,3297.0
deterministic,0.75,timely_tcn,20261002,baron,30,overall,3000,3241.0,961.0,574.0,2660.0,1699.0,1091.0
deterministic,0.75,timely_tcn,20261002,baron,30,europe,1500,1610.0,494.0,297.0,1299.0,805.0,558.0
deterministic,0.75,timely_tcn,20261002,baron,30,americas,1500,1631.0,467.0,277.0,1361.0,894.0,533.0
deterministic,0.75,timely_tcn,20261002,dragon,30,overall,3000,11329.0,1306.0,905.0,2244.0,938.0,3736.0
deterministic,0.75,timely_tcn,20261002,dragon,30,europe,1500,5578.0,625.0,436.0,1111.0,486.0,1834.0
deterministic,0.75,timely_tcn,20261002,dragon,30,americas,1500,5751.0,681.0,469.0,1133.0,452.0,1902.0
deterministic,0.75,timely_tcn,20261002,teamfight,30,overall,3000,19795.0,728.0,440.0,1888.0,1160.0,6648.0
deterministic,0.75,timely_tcn,20261002,teamfight,30,europe,1500,9978.0,343.0,222.0,914.0,571.0,3351.0
deterministic,0.75,timely_tcn,20261002,teamfight,30,americas,1500,9817.0,385.0,218.0,974.0,589.0,3297.0
deterministic,1.0,timely_tcn,20260930,baron,30,overall,3000,3241.0,1071.0,658.0,3407.0,2336.0,1091.0
deterministic,1.0,timely_tcn,20260930,baron,30,europe,1500,1610.0,546.0,333.0,1635.0,1089.0,558.0
deterministic,1.0,timely_tcn,20260930,baron,30,americas,1500,1631.0,525.0,325.0,1772.0,1247.0,533.0
deterministic,1.0,timely_tcn,20260930,dragon,30,overall,3000,11329.0,2298.0,1458.0,3875.0,1577.0,3736.0
deterministic,1.0,timely_tcn,20260930,dragon,30,europe,1500,5578.0,1100.0,699.0,1903.0,803.0,1834.0
deterministic,1.0,timely_tcn,20260930,dragon,30,americas,1500,5751.0,1198.0,759.0,1972.0,774.0,1902.0
deterministic,1.0,timely_tcn,20260930,teamfight,30,overall,3000,19795.0,1195.0,721.0,3388.0,2193.0,6648.0
deterministic,1.0,timely_tcn,20260930,teamfight,30,europe,1500,9978.0,578.0,361.0,1681.0,1103.0,3351.0
deterministic,1.0,timely_tcn,20260930,teamfight,30,americas,1500,9817.0,617.0,360.0,1707.0,1090.0,3297.0
deterministic,1.0,timely_tcn,20261001,baron,30,overall,3000,3241.0,1112.0,687.0,3692.0,2580.0,1091.0
deterministic,1.0,timely_tcn,20261001,baron,30,europe,1500,1610.0,572.0,350.0,1794.0,1222.0,558.0
deterministic,1.0,timely_tcn,20261001,baron,30,americas,1500,1631.0,540.0,337.0,1898.0,1358.0,533.0
deterministic,1.0,timely_tcn,20261001,dragon,30,overall,3000,11329.0,2066.0,1260.0,3305.0,1239.0,3736.0
deterministic,1.0,timely_tcn,20261001,dragon,30,europe,1500,5578.0,988.0,608.0,1620.0,632.0,1834.0
deterministic,1.0,timely_tcn,20261001,dragon,30,americas,1500,5751.0,1078.0,652.0,1685.0,607.0,1902.0
deterministic,1.0,timely_tcn,20261001,teamfight,30,overall,3000,19795.0,1041.0,616.0,2888.0,1847.0,6648.0
deterministic,1.0,timely_tcn,20261001,teamfight,30,europe,1500,9978.0,500.0,304.0,1415.0,915.0,3351.0
deterministic,1.0,timely_tcn,20261001,teamfight,30,americas,1500,9817.0,541.0,312.0,1473.0,932.0,3297.0
deterministic,1.0,timely_tcn,20261002,baron,30,overall,3000,3241.0,1089.0,667.0,3432.0,2343.0,1091.0
deterministic,1.0,timely_tcn,20261002,baron,30,europe,1500,1610.0,558.0,340.0,1664.0,1106.0,558.0
deterministic,1.0,timely_tcn,20261002,baron,30,americas,1500,1631.0,531.0,327.0,1768.0,1237.0,533.0
deterministic,1.0,timely_tcn,20261002,dragon,30,overall,3000,11329.0,2483.0,1581.0,4254.0,1771.0,3736.0
deterministic,1.0,timely_tcn,20261002,dragon,30,europe,1500,5578.0,1196.0,771.0,2094.0,898.0,1834.0
deterministic,1.0,timely_tcn,20261002,dragon,30,americas,1500,5751.0,1287.0,810.0,2160.0,873.0,1902.0
deterministic,1.0,timely_tcn,20261002,teamfight,30,overall,3000,19795.0,1204.0,719.0,3420.0,2216.0,6648.0
deterministic,1.0,timely_tcn,20261002,teamfight,30,europe,1500,9978.0,569.0,347.0,1696.0,1127.0,3351.0
deterministic,1.0,timely_tcn,20261002,teamfight,30,americas,1500,9817.0,635.0,372.0,1724.0,1089.0,3297.0
deterministic,0.25,timely_tcn,20260930,baron,60,overall,3000,3241.0,369.0,189.0,783.0,414.0,2152.0
deterministic,0.25,timely_tcn,20260930,baron,60,europe,1500,1610.0,193.0,103.0,386.0,193.0,1048.0
deterministic,0.25,timely_tcn,20260930,baron,60,americas,1500,1631.0,176.0,86.0,397.0,221.0,1104.0
deterministic,0.25,timely_tcn,20260930,dragon,60,overall,3000,11329.0,721.0,674.0,980.0,259.0,7555.0
deterministic,0.25,timely_tcn,20260930,dragon,60,europe,1500,5578.0,347.0,329.0,457.0,110.0,3749.0
deterministic,0.25,timely_tcn,20260930,dragon,60,americas,1500,5751.0,374.0,345.0,523.0,149.0,3806.0
deterministic,0.25,timely_tcn,20260930,teamfight,60,overall,3000,19795.0,342.0,284.0,667.0,325.0,13137.0
deterministic,0.25,timely_tcn,20260930,teamfight,60,europe,1500,9978.0,166.0,140.0,321.0,155.0,6630.0
deterministic,0.25,timely_tcn,20260930,teamfight,60,americas,1500,9817.0,176.0,144.0,346.0,170.0,6507.0
deterministic,0.25,timely_tcn,20261001,baron,60,overall,3000,3241.0,329.0,163.0,683.0,354.0,2152.0
deterministic,0.25,timely_tcn,20261001,baron,60,europe,1500,1610.0,171.0,90.0,335.0,164.0,1048.0
deterministic,0.25,timely_tcn,20261001,baron,60,americas,1500,1631.0,158.0,73.0,348.0,190.0,1104.0
deterministic,0.25,timely_tcn,20261001,dragon,60,overall,3000,11329.0,1373.0,1227.0,1880.0,507.0,7555.0
deterministic,0.25,timely_tcn,20261001,dragon,60,europe,1500,5578.0,667.0,597.0,898.0,231.0,3749.0
deterministic,0.25,timely_tcn,20261001,dragon,60,americas,1500,5751.0,706.0,630.0,982.0,276.0,3806.0
deterministic,0.25,timely_tcn,20261001,teamfight,60,overall,3000,19795.0,255.0,211.0,482.0,227.0,13137.0
deterministic,0.25,timely_tcn,20261001,teamfight,60,europe,1500,9978.0,117.0,99.0,222.0,105.0,6630.0
deterministic,0.25,timely_tcn,20261001,teamfight,60,americas,1500,9817.0,138.0,112.0,260.0,122.0,6507.0
deterministic,0.25,timely_tcn,20261002,baron,60,overall,3000,3241.0,219.0,112.0,491.0,272.0,2152.0
deterministic,0.25,timely_tcn,20261002,baron,60,europe,1500,1610.0,114.0,62.0,243.0,129.0,1048.0
deterministic,0.25,timely_tcn,20261002,baron,60,americas,1500,1631.0,105.0,50.0,248.0,143.0,1104.0
deterministic,0.25,timely_tcn,20261002,dragon,60,overall,3000,11329.0,579.0,547.0,785.0,206.0,7555.0
deterministic,0.25,timely_tcn,20261002,dragon,60,europe,1500,5578.0,276.0,262.0,361.0,85.0,3749.0
deterministic,0.25,timely_tcn,20261002,dragon,60,americas,1500,5751.0,303.0,285.0,424.0,121.0,3806.0
deterministic,0.25,timely_tcn,20261002,teamfight,60,overall,3000,19795.0,272.0,219.0,521.0,249.0,13137.0
deterministic,0.25,timely_tcn,20261002,teamfight,60,europe,1500,9978.0,131.0,108.0,248.0,117.0,6630.0
deterministic,0.25,timely_tcn,20261002,teamfight,60,americas,1500,9817.0,141.0,111.0,273.0,132.0,6507.0
deterministic,0.5,timely_tcn,20260930,baron,60,overall,3000,3241.0,762.0,413.0,1707.0,945.0,2152.0
deterministic,0.5,timely_tcn,20260930,baron,60,europe,1500,1610.0,387.0,214.0,838.0,451.0,1048.0
deterministic,0.5,timely_tcn,20260930,baron,60,americas,1500,1631.0,375.0,199.0,869.0,494.0,1104.0
deterministic,0.5,timely_tcn,20260930,dragon,60,overall,3000,11329.0,1740.0,1573.0,2450.0,710.0,7555.0
deterministic,0.5,timely_tcn,20260930,dragon,60,europe,1500,5578.0,863.0,777.0,1215.0,352.0,3749.0
deterministic,0.5,timely_tcn,20260930,dragon,60,americas,1500,5751.0,877.0,796.0,1235.0,358.0,3806.0
deterministic,0.5,timely_tcn,20260930,teamfight,60,overall,3000,19795.0,858.0,690.0,1846.0,988.0,13137.0
deterministic,0.5,timely_tcn,20260930,teamfight,60,europe,1500,9978.0,422.0,340.0,879.0,457.0,6630.0
deterministic,0.5,timely_tcn,20260930,teamfight,60,americas,1500,9817.0,436.0,350.0,967.0,531.0,6507.0
deterministic,0.5,timely_tcn,20261001,baron,60,overall,3000,3241.0,698.0,370.0,1500.0,802.0,2152.0
deterministic,0.5,timely_tcn,20261001,baron,60,europe,1500,1610.0,353.0,194.0,727.0,374.0,1048.0
deterministic,0.5,timely_tcn,20261001,baron,60,americas,1500,1631.0,345.0,176.0,773.0,428.0,1104.0
deterministic,0.5,timely_tcn,20261001,dragon,60,overall,3000,11329.0,2424.0,2079.0,3414.0,990.0,7555.0
deterministic,0.5,timely_tcn,20261001,dragon,60,europe,1500,5578.0,1189.0,1017.0,1683.0,494.0,3749.0
deterministic,0.5,timely_tcn,20261001,dragon,60,americas,1500,5751.0,1235.0,1062.0,1731.0,496.0,3806.0
deterministic,0.5,timely_tcn,20261001,teamfight,60,overall,3000,19795.0,714.0,556.0,1480.0,766.0,13137.0
deterministic,0.5,timely_tcn,20261001,teamfight,60,europe,1500,9978.0,358.0,282.0,706.0,348.0,6630.0
deterministic,0.5,timely_tcn,20261001,teamfight,60,americas,1500,9817.0,356.0,274.0,774.0,418.0,6507.0
deterministic,0.5,timely_tcn,20261002,baron,60,overall,3000,3241.0,628.0,358.0,1470.0,842.0,2152.0
deterministic,0.5,timely_tcn,20261002,baron,60,europe,1500,1610.0,324.0,194.0,733.0,409.0,1048.0
deterministic,0.5,timely_tcn,20261002,baron,60,americas,1500,1631.0,304.0,164.0,737.0,433.0,1104.0
deterministic,0.5,timely_tcn,20261002,dragon,60,overall,3000,11329.0,2464.0,2201.0,3615.0,1151.0,7555.0
deterministic,0.5,timely_tcn,20261002,dragon,60,europe,1500,5578.0,1213.0,1074.0,1794.0,581.0,3749.0
deterministic,0.5,timely_tcn,20261002,dragon,60,americas,1500,5751.0,1251.0,1127.0,1821.0,570.0,3806.0
deterministic,0.5,timely_tcn,20261002,teamfight,60,overall,3000,19795.0,778.0,626.0,1639.0,861.0,13137.0
deterministic,0.5,timely_tcn,20261002,teamfight,60,europe,1500,9978.0,385.0,312.0,787.0,402.0,6630.0
deterministic,0.5,timely_tcn,20261002,teamfight,60,americas,1500,9817.0,393.0,314.0,852.0,459.0,6507.0
deterministic,0.75,timely_tcn,20260930,baron,60,overall,3000,3241.0,1172.0,626.0,2718.0,1546.0,2152.0
deterministic,0.75,timely_tcn,20260930,baron,60,europe,1500,1610.0,589.0,318.0,1311.0,722.0,1048.0
deterministic,0.75,timely_tcn,20260930,baron,60,americas,1500,1631.0,583.0,308.0,1407.0,824.0,1104.0
deterministic,0.75,timely_tcn,20260930,dragon,60,overall,3000,11329.0,2672.0,2339.0,3933.0,1261.0,7555.0
deterministic,0.75,timely_tcn,20260930,dragon,60,europe,1500,5578.0,1296.0,1131.0,1928.0,632.0,3749.0
deterministic,0.75,timely_tcn,20260930,dragon,60,americas,1500,5751.0,1376.0,1208.0,2005.0,629.0,3806.0
deterministic,0.75,timely_tcn,20260930,teamfight,60,overall,3000,19795.0,858.0,690.0,1846.0,988.0,13137.0
deterministic,0.75,timely_tcn,20260930,teamfight,60,europe,1500,9978.0,422.0,340.0,879.0,457.0,6630.0
deterministic,0.75,timely_tcn,20260930,teamfight,60,americas,1500,9817.0,436.0,350.0,967.0,531.0,6507.0
deterministic,0.75,timely_tcn,20261001,baron,60,overall,3000,3241.0,1092.0,578.0,2465.0,1373.0,2152.0
deterministic,0.75,timely_tcn,20261001,baron,60,europe,1500,1610.0,560.0,291.0,1200.0,640.0,1048.0
deterministic,0.75,timely_tcn,20261001,baron,60,americas,1500,1631.0,532.0,287.0,1265.0,733.0,1104.0
deterministic,0.75,timely_tcn,20261001,dragon,60,overall,3000,11329.0,3340.0,2753.0,4811.0,1471.0,7555.0
deterministic,0.75,timely_tcn,20261001,dragon,60,europe,1500,5578.0,1644.0,1360.0,2372.0,728.0,3749.0
deterministic,0.75,timely_tcn,20261001,dragon,60,americas,1500,5751.0,1696.0,1393.0,2439.0,743.0,3806.0
deterministic,0.75,timely_tcn,20261001,teamfight,60,overall,3000,19795.0,714.0,556.0,1480.0,766.0,13137.0
deterministic,0.75,timely_tcn,20261001,teamfight,60,europe,1500,9978.0,358.0,282.0,706.0,348.0,6630.0
deterministic,0.75,timely_tcn,20261001,teamfight,60,americas,1500,9817.0,356.0,274.0,774.0,418.0,6507.0
deterministic,0.75,timely_tcn,20261002,baron,60,overall,3000,3241.0,1126.0,639.0,2742.0,1616.0,2152.0
deterministic,0.75,timely_tcn,20261002,baron,60,europe,1500,1610.0,570.0,323.0,1344.0,774.0,1048.0
deterministic,0.75,timely_tcn,20261002,baron,60,americas,1500,1631.0,556.0,316.0,1398.0,842.0,1104.0
deterministic,0.75,timely_tcn,20261002,dragon,60,overall,3000,11329.0,3305.0,2823.0,4914.0,1609.0,7555.0
deterministic,0.75,timely_tcn,20261002,dragon,60,europe,1500,5578.0,1611.0,1377.0,2420.0,809.0,3749.0
deterministic,0.75,timely_tcn,20261002,dragon,60,americas,1500,5751.0,1694.0,1446.0,2494.0,800.0,3806.0
deterministic,0.75,timely_tcn,20261002,teamfight,60,overall,3000,19795.0,778.0,626.0,1639.0,861.0,13137.0
deterministic,0.75,timely_tcn,20261002,teamfight,60,europe,1500,9978.0,385.0,312.0,787.0,402.0,6630.0
deterministic,0.75,timely_tcn,20261002,teamfight,60,americas,1500,9817.0,393.0,314.0,852.0,459.0,6507.0
deterministic,1.0,timely_tcn,20260930,baron,60,overall,3000,3241.0,1561.0,845.0,3764.0,2203.0,2152.0
deterministic,1.0,timely_tcn,20260930,baron,60,europe,1500,1610.0,774.0,415.0,1789.0,1015.0,1048.0
deterministic,1.0,timely_tcn,20260930,baron,60,americas,1500,1631.0,787.0,430.0,1975.0,1188.0,1104.0
deterministic,1.0,timely_tcn,20260930,dragon,60,overall,3000,11329.0,3493.0,2938.0,5225.0,1732.0,7555.0
deterministic,1.0,timely_tcn,20260930,dragon,60,europe,1500,5578.0,1712.0,1440.0,2582.0,870.0,3749.0
deterministic,1.0,timely_tcn,20260930,dragon,60,americas,1500,5751.0,1781.0,1498.0,2643.0,862.0,3806.0
deterministic,1.0,timely_tcn,20260930,teamfight,60,overall,3000,19795.0,1718.0,1332.0,3881.0,2163.0,13137.0
deterministic,1.0,timely_tcn,20260930,teamfight,60,europe,1500,9978.0,851.0,654.0,1880.0,1029.0,6630.0
deterministic,1.0,timely_tcn,20260930,teamfight,60,americas,1500,9817.0,867.0,678.0,2001.0,1134.0,6507.0
deterministic,1.0,timely_tcn,20261001,baron,60,overall,3000,3241.0,1471.0,807.0,3509.0,2038.0,2152.0
deterministic,1.0,timely_tcn,20261001,baron,60,europe,1500,1610.0,745.0,407.0,1709.0,964.0,1048.0
deterministic,1.0,timely_tcn,20261001,baron,60,americas,1500,1631.0,726.0,400.0,1800.0,1074.0,1104.0
deterministic,1.0,timely_tcn,20261001,dragon,60,overall,3000,11329.0,4239.0,3335.0,6165.0,1926.0,7555.0
deterministic,1.0,timely_tcn,20261001,dragon,60,europe,1500,5578.0,2082.0,1642.0,3057.0,975.0,3749.0
deterministic,1.0,timely_tcn,20261001,dragon,60,americas,1500,5751.0,2157.0,1693.0,3108.0,951.0,3806.0
deterministic,1.0,timely_tcn,20261001,teamfight,60,overall,3000,19795.0,1599.0,1235.0,3518.0,1919.0,13137.0
deterministic,1.0,timely_tcn,20261001,teamfight,60,europe,1500,9978.0,804.0,619.0,1690.0,886.0,6630.0
deterministic,1.0,timely_tcn,20261001,teamfight,60,americas,1500,9817.0,795.0,616.0,1828.0,1033.0,6507.0
deterministic,1.0,timely_tcn,20261002,baron,60,overall,3000,3241.0,1126.0,639.0,2742.0,1616.0,2152.0
deterministic,1.0,timely_tcn,20261002,baron,60,europe,1500,1610.0,570.0,323.0,1344.0,774.0,1048.0
deterministic,1.0,timely_tcn,20261002,baron,60,americas,1500,1631.0,556.0,316.0,1398.0,842.0,1104.0
deterministic,1.0,timely_tcn,20261002,dragon,60,overall,3000,11329.0,4162.0,3360.0,6249.0,2087.0,7555.0
deterministic,1.0,timely_tcn,20261002,dragon,60,europe,1500,5578.0,2034.0,1641.0,3083.0,1049.0,3749.0
deterministic,1.0,timely_tcn,20261002,dragon,60,americas,1500,5751.0,2128.0,1719.0,3166.0,1038.0,3806.0
deterministic,1.0,timely_tcn,20261002,teamfight,60,overall,3000,19795.0,1667.0,1291.0,3662.0,1995.0,13137.0
deterministic,1.0,timely_tcn,20261002,teamfight,60,europe,1500,9978.0,852.0,650.0,1805.0,953.0,6630.0
deterministic,1.0,timely_tcn,20261002,teamfight,60,americas,1500,9817.0,815.0,641.0,1857.0,1042.0,6507.0
regional_deterministic,0.25,leagueews,20260930,baron,30,overall,3000,3241.0,545.0,294.0,921.0,376.0,1091.0
regional_deterministic,0.25,leagueews,20260930,baron,30,europe,1500,1610.0,287.0,149.0,460.0,173.0,558.0
regional_deterministic,0.25,leagueews,20260930,baron,30,americas,1500,1631.0,258.0,145.0,461.0,203.0,533.0
regional_deterministic,0.25,leagueews,20260930,dragon,30,overall,3000,11329.0,547.0,262.0,697.0,150.0,3736.0
regional_deterministic,0.25,leagueews,20260930,dragon,30,europe,1500,5578.0,271.0,135.0,351.0,80.0,1834.0
regional_deterministic,0.25,leagueews,20260930,dragon,30,americas,1500,5751.0,276.0,127.0,346.0,70.0,1902.0
regional_deterministic,0.25,leagueews,20260930,teamfight,30,overall,3000,19795.0,400.0,176.0,772.0,372.0,6648.0
regional_deterministic,0.25,leagueews,20260930,teamfight,30,europe,1500,9978.0,180.0,85.0,359.0,179.0,3351.0
regional_deterministic,0.25,leagueews,20260930,teamfight,30,americas,1500,9817.0,220.0,91.0,413.0,193.0,3297.0
regional_deterministic,0.25,leagueews,20261001,baron,30,overall,3000,3241.0,561.0,304.0,939.0,378.0,1091.0
regional_deterministic,0.25,leagueews,20261001,baron,30,europe,1500,1610.0,317.0,165.0,516.0,199.0,558.0
regional_deterministic,0.25,leagueews,20261001,baron,30,americas,1500,1631.0,244.0,139.0,423.0,179.0,533.0
regional_deterministic,0.25,leagueews,20261001,dragon,30,overall,3000,11329.0,738.0,366.0,950.0,212.0,3736.0
regional_deterministic,0.25,leagueews,20261001,dragon,30,europe,1500,5578.0,353.0,179.0,468.0,115.0,1834.0
regional_deterministic,0.25,leagueews,20261001,dragon,30,americas,1500,5751.0,385.0,187.0,482.0,97.0,1902.0
regional_deterministic,0.25,leagueews,20261001,teamfight,30,overall,3000,19795.0,304.0,117.0,576.0,272.0,6648.0
regional_deterministic,0.25,leagueews,20261001,teamfight,30,europe,1500,9978.0,142.0,56.0,283.0,141.0,3351.0
regional_deterministic,0.25,leagueews,20261001,teamfight,30,americas,1500,9817.0,162.0,61.0,293.0,131.0,3297.0
regional_deterministic,0.25,leagueews,20261002,baron,30,overall,3000,3241.0,532.0,286.0,929.0,397.0,1091.0
regional_deterministic,0.25,leagueews,20261002,baron,30,europe,1500,1610.0,290.0,154.0,473.0,183.0,558.0
regional_deterministic,0.25,leagueews,20261002,baron,30,americas,1500,1631.0,242.0,132.0,456.0,214.0,533.0
regional_deterministic,0.25,leagueews,20261002,dragon,30,overall,3000,11329.0,586.0,286.0,761.0,175.0,3736.0
regional_deterministic,0.25,leagueews,20261002,dragon,30,europe,1500,5578.0,295.0,146.0,385.0,90.0,1834.0
regional_deterministic,0.25,leagueews,20261002,dragon,30,americas,1500,5751.0,291.0,140.0,376.0,85.0,1902.0
regional_deterministic,0.25,leagueews,20261002,teamfight,30,overall,3000,19795.0,361.0,163.0,684.0,323.0,6648.0
regional_deterministic,0.25,leagueews,20261002,teamfight,30,europe,1500,9978.0,171.0,81.0,331.0,160.0,3351.0
regional_deterministic,0.25,leagueews,20261002,teamfight,30,americas,1500,9817.0,190.0,82.0,353.0,163.0,3297.0
regional_deterministic,0.5,leagueews,20260930,baron,30,overall,3000,3241.0,813.0,476.0,1882.0,1069.0,1091.0
regional_deterministic,0.5,leagueews,20260930,baron,30,europe,1500,1610.0,419.0,239.0,923.0,504.0,558.0
regional_deterministic,0.5,leagueews,20260930,baron,30,americas,1500,1631.0,394.0,237.0,959.0,565.0,533.0
regional_deterministic,0.5,leagueews,20260930,dragon,30,overall,3000,11329.0,1362.0,702.0,1900.0,538.0,3736.0
regional_deterministic,0.5,leagueews,20260930,dragon,30,europe,1500,5578.0,520.0,262.0,700.0,180.0,1834.0
regional_deterministic,0.5,leagueews,20260930,dragon,30,americas,1500,5751.0,842.0,440.0,1200.0,358.0,1902.0
regional_deterministic,0.5,leagueews,20260930,teamfight,30,overall,3000,19795.0,633.0,289.0,1286.0,653.0,6648.0
regional_deterministic,0.5,leagueews,20260930,teamfight,30,europe,1500,9978.0,286.0,133.0,618.0,332.0,3351.0
regional_deterministic,0.5,leagueews,20260930,teamfight,30,americas,1500,9817.0,347.0,156.0,668.0,321.0,3297.0
regional_deterministic,0.5,leagueews,20261001,baron,30,overall,3000,3241.0,826.0,480.0,1876.0,1050.0,1091.0
regional_deterministic,0.5,leagueews,20261001,baron,30,europe,1500,1610.0,423.0,239.0,909.0,486.0,558.0
regional_deterministic,0.5,leagueews,20261001,baron,30,americas,1500,1631.0,403.0,241.0,967.0,564.0,533.0
regional_deterministic,0.5,leagueews,20261001,dragon,30,overall,3000,11329.0,1298.0,667.0,1791.0,493.0,3736.0
regional_deterministic,0.5,leagueews,20261001,dragon,30,europe,1500,5578.0,620.0,321.0,866.0,246.0,1834.0
regional_deterministic,0.5,leagueews,20261001,dragon,30,americas,1500,5751.0,678.0,346.0,925.0,247.0,1902.0
regional_deterministic,0.5,leagueews,20261001,teamfight,30,overall,3000,19795.0,696.0,322.0,1461.0,765.0,6648.0
regional_deterministic,0.5,leagueews,20261001,teamfight,30,europe,1500,9978.0,252.0,119.0,534.0,282.0,3351.0
regional_deterministic,0.5,leagueews,20261001,teamfight,30,americas,1500,9817.0,444.0,203.0,927.0,483.0,3297.0
regional_deterministic,0.5,leagueews,20261002,baron,30,overall,3000,3241.0,828.0,475.0,1976.0,1148.0,1091.0
regional_deterministic,0.5,leagueews,20261002,baron,30,europe,1500,1610.0,425.0,244.0,950.0,525.0,558.0
regional_deterministic,0.5,leagueews,20261002,baron,30,americas,1500,1631.0,403.0,231.0,1026.0,623.0,533.0
regional_deterministic,0.5,leagueews,20261002,dragon,30,overall,3000,11329.0,1212.0,626.0,1659.0,447.0,3736.0
regional_deterministic,0.5,leagueews,20261002,dragon,30,europe,1500,5578.0,578.0,298.0,797.0,219.0,1834.0
regional_deterministic,0.5,leagueews,20261002,dragon,30,americas,1500,5751.0,634.0,328.0,862.0,228.0,1902.0
regional_deterministic,0.5,leagueews,20261002,teamfight,30,overall,3000,19795.0,728.0,354.0,1509.0,781.0,6648.0
regional_deterministic,0.5,leagueews,20261002,teamfight,30,europe,1500,9978.0,285.0,142.0,585.0,300.0,3351.0
regional_deterministic,0.5,leagueews,20261002,teamfight,30,americas,1500,9817.0,443.0,212.0,924.0,481.0,3297.0
regional_deterministic,0.75,leagueews,20260930,baron,30,overall,3000,3241.0,997.0,604.0,2803.0,1806.0,1091.0
regional_deterministic,0.75,leagueews,20260930,baron,30,europe,1500,1610.0,516.0,308.0,1355.0,839.0,558.0
regional_deterministic,0.75,leagueews,20260930,baron,30,americas,1500,1631.0,481.0,296.0,1448.0,967.0,533.0
regional_deterministic,0.75,leagueews,20260930,dragon,30,overall,3000,11329.0,2272.0,1246.0,3470.0,1198.0,3736.0
regional_deterministic,0.75,leagueews,20260930,dragon,30,europe,1500,5578.0,1116.0,607.0,1725.0,609.0,1834.0
regional_deterministic,0.75,leagueews,20260930,dragon,30,americas,1500,5751.0,1156.0,639.0,1745.0,589.0,1902.0
regional_deterministic,0.75,leagueews,20260930,teamfight,30,overall,3000,19795.0,953.0,469.0,2083.0,1130.0,6648.0
regional_deterministic,0.75,leagueews,20260930,teamfight,30,europe,1500,9978.0,456.0,232.0,1047.0,591.0,3351.0
regional_deterministic,0.75,leagueews,20260930,teamfight,30,americas,1500,9817.0,497.0,237.0,1036.0,539.0,3297.0
regional_deterministic,0.75,leagueews,20261001,baron,30,overall,3000,3241.0,986.0,595.0,2669.0,1683.0,1091.0
regional_deterministic,0.75,leagueews,20261001,baron,30,europe,1500,1610.0,516.0,310.0,1361.0,845.0,558.0
regional_deterministic,0.75,leagueews,20261001,baron,30,americas,1500,1631.0,470.0,285.0,1308.0,838.0,533.0
regional_deterministic,0.75,leagueews,20261001,dragon,30,overall,3000,11329.0,1861.0,1019.0,2744.0,883.0,3736.0
regional_deterministic,0.75,leagueews,20261001,dragon,30,europe,1500,5578.0,909.0,501.0,1360.0,451.0,1834.0
regional_deterministic,0.75,leagueews,20261001,dragon,30,americas,1500,5751.0,952.0,518.0,1384.0,432.0,1902.0
regional_deterministic,0.75,leagueews,20261001,teamfight,30,overall,3000,19795.0,853.0,403.0,1860.0,1007.0,6648.0
regional_deterministic,0.75,leagueews,20261001,teamfight,30,europe,1500,9978.0,409.0,200.0,933.0,524.0,3351.0
regional_deterministic,0.75,leagueews,20261001,teamfight,30,americas,1500,9817.0,444.0,203.0,927.0,483.0,3297.0
regional_deterministic,0.75,leagueews,20261002,baron,30,overall,3000,3241.0,970.0,575.0,2694.0,1724.0,1091.0
regional_deterministic,0.75,leagueews,20261002,baron,30,europe,1500,1610.0,499.0,292.0,1291.0,792.0,558.0
regional_deterministic,0.75,leagueews,20261002,baron,30,americas,1500,1631.0,471.0,283.0,1403.0,932.0,533.0
regional_deterministic,0.75,leagueews,20261002,dragon,30,overall,3000,11329.0,1893.0,1033.0,2762.0,869.0,3736.0
regional_deterministic,0.75,leagueews,20261002,dragon,30,europe,1500,5578.0,926.0,511.0,1363.0,437.0,1834.0
regional_deterministic,0.75,leagueews,20261002,dragon,30,americas,1500,5751.0,967.0,522.0,1399.0,432.0,1902.0
regional_deterministic,0.75,leagueews,20261002,teamfight,30,overall,3000,19795.0,1003.0,500.0,2303.0,1300.0,6648.0
regional_deterministic,0.75,leagueews,20261002,teamfight,30,europe,1500,9978.0,405.0,203.0,922.0,517.0,3351.0
regional_deterministic,0.75,leagueews,20261002,teamfight,30,americas,1500,9817.0,598.0,297.0,1381.0,783.0,3297.0
regional_deterministic,1.0,leagueews,20260930,baron,30,overall,3000,3241.0,1125.0,699.0,3696.0,2571.0,1091.0
regional_deterministic,1.0,leagueews,20260930,baron,30,europe,1500,1610.0,586.0,363.0,1877.0,1291.0,558.0
regional_deterministic,1.0,leagueews,20260930,baron,30,americas,1500,1631.0,539.0,336.0,1819.0,1280.0,533.0
regional_deterministic,1.0,leagueews,20260930,dragon,30,overall,3000,11329.0,2805.0,1590.0,4513.0,1708.0,3736.0
regional_deterministic,1.0,leagueews,20260930,dragon,30,europe,1500,5578.0,1372.0,778.0,2251.0,879.0,1834.0
regional_deterministic,1.0,leagueews,20260930,dragon,30,americas,1500,5751.0,1433.0,812.0,2262.0,829.0,1902.0
regional_deterministic,1.0,leagueews,20260930,teamfight,30,overall,3000,19795.0,1292.0,648.0,3038.0,1746.0,6648.0
regional_deterministic,1.0,leagueews,20260930,teamfight,30,europe,1500,9978.0,629.0,328.0,1507.0,878.0,3351.0
regional_deterministic,1.0,leagueews,20260930,teamfight,30,americas,1500,9817.0,663.0,320.0,1531.0,868.0,3297.0
regional_deterministic,1.0,leagueews,20261001,baron,30,overall,3000,3241.0,1114.0,690.0,3611.0,2497.0,1091.0
regional_deterministic,1.0,leagueews,20261001,baron,30,europe,1500,1610.0,568.0,349.0,1753.0,1185.0,558.0
regional_deterministic,1.0,leagueews,20261001,baron,30,americas,1500,1631.0,546.0,341.0,1858.0,1312.0,533.0
regional_deterministic,1.0,leagueews,20261001,dragon,30,overall,3000,11329.0,2484.0,1400.0,3839.0,1355.0,3736.0
regional_deterministic,1.0,leagueews,20261001,dragon,30,europe,1500,5578.0,1215.0,675.0,1918.0,703.0,1834.0
regional_deterministic,1.0,leagueews,20261001,dragon,30,americas,1500,5751.0,1269.0,725.0,1921.0,652.0,1902.0
regional_deterministic,1.0,leagueews,20261001,teamfight,30,overall,3000,19795.0,1207.0,588.0,2851.0,1644.0,6648.0
regional_deterministic,1.0,leagueews,20261001,teamfight,30,europe,1500,9978.0,594.0,302.0,1425.0,831.0,3351.0
regional_deterministic,1.0,leagueews,20261001,teamfight,30,americas,1500,9817.0,613.0,286.0,1426.0,813.0,3297.0
regional_deterministic,1.0,leagueews,20261002,baron,30,overall,3000,3241.0,1114.0,683.0,3657.0,2543.0,1091.0
regional_deterministic,1.0,leagueews,20261002,baron,30,europe,1500,1610.0,583.0,354.0,1864.0,1281.0,558.0
regional_deterministic,1.0,leagueews,20261002,baron,30,americas,1500,1631.0,531.0,329.0,1793.0,1262.0,533.0
regional_deterministic,1.0,leagueews,20261002,dragon,30,overall,3000,11329.0,2619.0,1488.0,4124.0,1505.0,3736.0
regional_deterministic,1.0,leagueews,20261002,dragon,30,europe,1500,5578.0,1288.0,731.0,2062.0,774.0,1834.0
regional_deterministic,1.0,leagueews,20261002,dragon,30,americas,1500,5751.0,1331.0,757.0,2062.0,731.0,1902.0
regional_deterministic,1.0,leagueews,20261002,teamfight,30,overall,3000,19795.0,1176.0,594.0,2761.0,1585.0,6648.0
regional_deterministic,1.0,leagueews,20261002,teamfight,30,europe,1500,9978.0,578.0,297.0,1380.0,802.0,3351.0
regional_deterministic,1.0,leagueews,20261002,teamfight,30,americas,1500,9817.0,598.0,297.0,1381.0,783.0,3297.0
regional_deterministic,0.25,leagueews,20260930,baron,60,overall,3000,3241.0,614.0,173.0,870.0,256.0,2152.0
regional_deterministic,0.25,leagueews,20260930,baron,60,europe,1500,1610.0,323.0,85.0,441.0,118.0,1048.0
regional_deterministic,0.25,leagueews,20260930,baron,60,americas,1500,1631.0,291.0,88.0,429.0,138.0,1104.0
regional_deterministic,0.25,leagueews,20260930,dragon,60,overall,3000,11329.0,518.0,133.0,559.0,41.0,7555.0
regional_deterministic,0.25,leagueews,20260930,dragon,60,europe,1500,5578.0,262.0,73.0,284.0,22.0,3749.0
regional_deterministic,0.25,leagueews,20260930,dragon,60,americas,1500,5751.0,256.0,60.0,275.0,19.0,3806.0
regional_deterministic,0.25,leagueews,20260930,teamfight,60,overall,3000,19795.0,301.0,101.0,446.0,145.0,13137.0
regional_deterministic,0.25,leagueews,20260930,teamfight,60,europe,1500,9978.0,149.0,50.0,224.0,75.0,6630.0
regional_deterministic,0.25,leagueews,20260930,teamfight,60,americas,1500,9817.0,152.0,51.0,222.0,70.0,6507.0
regional_deterministic,0.25,leagueews,20261001,baron,60,overall,3000,3241.0,514.0,125.0,681.0,167.0,2152.0
regional_deterministic,0.25,leagueews,20261001,baron,60,europe,1500,1610.0,281.0,65.0,346.0,65.0,1048.0
regional_deterministic,0.25,leagueews,20261001,baron,60,americas,1500,1631.0,233.0,60.0,335.0,102.0,1104.0
regional_deterministic,0.25,leagueews,20261001,dragon,60,overall,3000,11329.0,656.0,179.0,718.0,62.0,7555.0
regional_deterministic,0.25,leagueews,20261001,dragon,60,europe,1500,5578.0,329.0,93.0,362.0,33.0,3749.0
regional_deterministic,0.25,leagueews,20261001,dragon,60,americas,1500,5751.0,327.0,86.0,356.0,29.0,3806.0
regional_deterministic,0.25,leagueews,20261001,teamfight,60,overall,3000,19795.0,483.0,185.0,745.0,262.0,13137.0
regional_deterministic,0.25,leagueews,20261001,teamfight,60,europe,1500,9978.0,231.0,92.0,368.0,137.0,6630.0
regional_deterministic,0.25,leagueews,20261001,teamfight,60,americas,1500,9817.0,252.0,93.0,377.0,125.0,6507.0
regional_deterministic,0.25,leagueews,20261002,baron,60,overall,3000,3241.0,530.0,137.0,745.0,215.0,2152.0
regional_deterministic,0.25,leagueews,20261002,baron,60,europe,1500,1610.0,280.0,74.0,374.0,94.0,1048.0
regional_deterministic,0.25,leagueews,20261002,baron,60,americas,1500,1631.0,250.0,63.0,371.0,121.0,1104.0
regional_deterministic,0.25,leagueews,20261002,dragon,60,overall,3000,11329.0,497.0,129.0,537.0,40.0,7555.0
regional_deterministic,0.25,leagueews,20261002,dragon,60,europe,1500,5578.0,255.0,74.0,279.0,24.0,3749.0
regional_deterministic,0.25,leagueews,20261002,dragon,60,americas,1500,5751.0,242.0,55.0,258.0,16.0,3806.0
regional_deterministic,0.25,leagueews,20261002,teamfight,60,overall,3000,19795.0,319.0,106.0,447.0,128.0,13137.0
regional_deterministic,0.25,leagueews,20261002,teamfight,60,europe,1500,9978.0,150.0,52.0,222.0,72.0,6630.0
regional_deterministic,0.25,leagueews,20261002,teamfight,60,americas,1500,9817.0,169.0,54.0,225.0,56.0,6507.0
regional_deterministic,0.5,leagueews,20260930,baron,60,overall,3000,3241.0,927.0,345.0,1582.0,655.0,2152.0
regional_deterministic,0.5,leagueews,20260930,baron,60,europe,1500,1610.0,471.0,170.0,777.0,306.0,1048.0
regional_deterministic,0.5,leagueews,20260930,baron,60,americas,1500,1631.0,456.0,175.0,805.0,349.0,1104.0
regional_deterministic,0.5,leagueews,20260930,dragon,60,overall,3000,11329.0,518.0,133.0,559.0,41.0,7555.0
regional_deterministic,0.5,leagueews,20260930,dragon,60,europe,1500,5578.0,262.0,73.0,284.0,22.0,3749.0
regional_deterministic,0.5,leagueews,20260930,dragon,60,americas,1500,5751.0,256.0,60.0,275.0,19.0,3806.0
regional_deterministic,0.5,leagueews,20260930,teamfight,60,overall,3000,19795.0,813.0,329.0,1285.0,472.0,13137.0
regional_deterministic,0.5,leagueews,20260930,teamfight,60,europe,1500,9978.0,374.0,165.0,603.0,229.0,6630.0
regional_deterministic,0.5,leagueews,20260930,teamfight,60,americas,1500,9817.0,439.0,164.0,682.0,243.0,6507.0
regional_deterministic,0.5,leagueews,20261001,baron,60,overall,3000,3241.0,978.0,361.0,1661.0,683.0,2152.0
regional_deterministic,0.5,leagueews,20261001,baron,60,europe,1500,1610.0,549.0,209.0,940.0,391.0,1048.0
regional_deterministic,0.5,leagueews,20261001,baron,60,americas,1500,1631.0,429.0,152.0,721.0,292.0,1104.0
regional_deterministic,0.5,leagueews,20261001,dragon,60,overall,3000,11329.0,656.0,179.0,718.0,62.0,7555.0
regional_deterministic,0.5,leagueews,20261001,dragon,60,europe,1500,5578.0,329.0,93.0,362.0,33.0,3749.0
regional_deterministic,0.5,leagueews,20261001,dragon,60,americas,1500,5751.0,327.0,86.0,356.0,29.0,3806.0
regional_deterministic,0.5,leagueews,20261001,teamfight,60,overall,3000,19795.0,834.0,348.0,1373.0,539.0,13137.0
regional_deterministic,0.5,leagueews,20261001,teamfight,60,europe,1500,9978.0,231.0,92.0,368.0,137.0,6630.0
regional_deterministic,0.5,leagueews,20261001,teamfight,60,americas,1500,9817.0,603.0,256.0,1005.0,402.0,6507.0
regional_deterministic,0.5,leagueews,20261002,baron,60,overall,3000,3241.0,1088.0,436.0,1973.0,885.0,2152.0
regional_deterministic,0.5,leagueews,20261002,baron,60,europe,1500,1610.0,556.0,217.0,951.0,395.0,1048.0
regional_deterministic,0.5,leagueews,20261002,baron,60,americas,1500,1631.0,532.0,219.0,1022.0,490.0,1104.0
regional_deterministic,0.5,leagueews,20261002,dragon,60,overall,3000,11329.0,497.0,129.0,537.0,40.0,7555.0
regional_deterministic,0.5,leagueews,20261002,dragon,60,europe,1500,5578.0,255.0,74.0,279.0,24.0,3749.0
regional_deterministic,0.5,leagueews,20261002,dragon,60,americas,1500,5751.0,242.0,55.0,258.0,16.0,3806.0
regional_deterministic,0.5,leagueews,20261002,teamfight,60,overall,3000,19795.0,781.0,329.0,1240.0,459.0,13137.0
regional_deterministic,0.5,leagueews,20261002,teamfight,60,europe,1500,9978.0,384.0,171.0,615.0,231.0,6630.0
regional_deterministic,0.5,leagueews,20261002,teamfight,60,americas,1500,9817.0,397.0,158.0,625.0,228.0,6507.0
regional_deterministic,0.75,leagueews,20260930,baron,60,overall,3000,3241.0,1339.0,601.0,2712.0,1373.0,2152.0
regional_deterministic,0.75,leagueews,20260930,baron,60,europe,1500,1610.0,683.0,299.0,1307.0,624.0,1048.0
regional_deterministic,0.75,leagueews,20260930,baron,60,americas,1500,1631.0,656.0,302.0,1405.0,749.0,1104.0
regional_deterministic,0.75,leagueews,20260930,dragon,60,overall,3000,11329.0,2542.0,1010.0,2944.0,402.0,7555.0
regional_deterministic,0.75,leagueews,20260930,dragon,60,europe,1500,5578.0,1261.0,522.0,1447.0,186.0,3749.0
regional_deterministic,0.75,leagueews,20260930,dragon,60,americas,1500,5751.0,1281.0,488.0,1497.0,216.0,3806.0
regional_deterministic,0.75,leagueews,20260930,teamfight,60,overall,3000,19795.0,1603.0,741.0,2734.0,1131.0,13137.0
regional_deterministic,0.75,leagueews,20260930,teamfight,60,europe,1500,9978.0,793.0,391.0,1343.0,550.0,6630.0
regional_deterministic,0.75,leagueews,20260930,teamfight,60,americas,1500,9817.0,810.0,350.0,1391.0,581.0,6507.0
regional_deterministic,0.75,leagueews,20261001,baron,60,overall,3000,3241.0,1315.0,595.0,2595.0,1280.0,2152.0
regional_deterministic,0.75,leagueews,20261001,baron,60,europe,1500,1610.0,666.0,293.0,1258.0,592.0,1048.0
regional_deterministic,0.75,leagueews,20261001,baron,60,americas,1500,1631.0,649.0,302.0,1337.0,688.0,1104.0
regional_deterministic,0.75,leagueews,20261001,dragon,60,overall,3000,11329.0,2786.0,1145.0,3231.0,445.0,7555.0
regional_deterministic,0.75,leagueews,20261001,dragon,60,europe,1500,5578.0,1376.0,589.0,1592.0,216.0,3749.0
regional_deterministic,0.75,leagueews,20261001,dragon,60,americas,1500,5751.0,1410.0,556.0,1639.0,229.0,3806.0
regional_deterministic,0.75,leagueews,20261001,teamfight,60,overall,3000,19795.0,1168.0,508.0,1961.0,793.0,13137.0
regional_deterministic,0.75,leagueews,20261001,teamfight,60,europe,1500,9978.0,565.0,252.0,956.0,391.0,6630.0
regional_deterministic,0.75,leagueews,20261001,teamfight,60,americas,1500,9817.0,603.0,256.0,1005.0,402.0,6507.0
regional_deterministic,0.75,leagueews,20261002,baron,60,overall,3000,3241.0,1324.0,595.0,2603.0,1279.0,2152.0
regional_deterministic,0.75,leagueews,20261002,baron,60,europe,1500,1610.0,677.0,296.0,1254.0,577.0,1048.0
regional_deterministic,0.75,leagueews,20261002,baron,60,americas,1500,1631.0,647.0,299.0,1349.0,702.0,1104.0
regional_deterministic,0.75,leagueews,20261002,dragon,60,overall,3000,11329.0,2694.0,1123.0,3123.0,429.0,7555.0
regional_deterministic,0.75,leagueews,20261002,dragon,60,europe,1500,5578.0,1341.0,581.0,1548.0,207.0,3749.0
regional_deterministic,0.75,leagueews,20261002,dragon,60,americas,1500,5751.0,1353.0,542.0,1575.0,222.0,3806.0
regional_deterministic,0.75,leagueews,20261002,teamfight,60,overall,3000,19795.0,1533.0,728.0,2660.0,1127.0,13137.0
regional_deterministic,0.75,leagueews,20261002,teamfight,60,europe,1500,9978.0,762.0,375.0,1324.0,562.0,6630.0
regional_deterministic,0.75,leagueews,20261002,teamfight,60,americas,1500,9817.0,771.0,353.0,1336.0,565.0,6507.0
regional_deterministic,1.0,leagueews,20260930,baron,60,overall,3000,3241.0,1552.0,749.0,3422.0,1870.0,2152.0
regional_deterministic,1.0,leagueews,20260930,baron,60,europe,1500,1610.0,792.0,371.0,1667.0,875.0,1048.0
regional_deterministic,1.0,leagueews,20260930,baron,60,americas,1500,1631.0,760.0,378.0,1755.0,995.0,1104.0
regional_deterministic,1.0,leagueews,20260930,dragon,60,overall,3000,11329.0,2542.0,1010.0,2944.0,402.0,7555.0
regional_deterministic,1.0,leagueews,20260930,dragon,60,europe,1500,5578.0,1261.0,522.0,1447.0,186.0,3749.0
regional_deterministic,1.0,leagueews,20260930,dragon,60,americas,1500,5751.0,1281.0,488.0,1497.0,216.0,3806.0
regional_deterministic,1.0,leagueews,20260930,teamfight,60,overall,3000,19795.0,1603.0,741.0,2734.0,1131.0,13137.0
regional_deterministic,1.0,leagueews,20260930,teamfight,60,europe,1500,9978.0,793.0,391.0,1343.0,550.0,6630.0
regional_deterministic,1.0,leagueews,20260930,teamfight,60,americas,1500,9817.0,810.0,350.0,1391.0,581.0,6507.0
regional_deterministic,1.0,leagueews,20261001,baron,60,overall,3000,3241.0,1562.0,768.0,3326.0,1764.0,2152.0
regional_deterministic,1.0,leagueews,20261001,baron,60,europe,1500,1610.0,791.0,382.0,1620.0,829.0,1048.0
regional_deterministic,1.0,leagueews,20261001,baron,60,americas,1500,1631.0,771.0,386.0,1706.0,935.0,1104.0
regional_deterministic,1.0,leagueews,20261001,dragon,60,overall,3000,11329.0,2786.0,1145.0,3231.0,445.0,7555.0
regional_deterministic,1.0,leagueews,20261001,dragon,60,europe,1500,5578.0,1376.0,589.0,1592.0,216.0,3749.0
regional_deterministic,1.0,leagueews,20261001,dragon,60,americas,1500,5751.0,1410.0,556.0,1639.0,229.0,3806.0
regional_deterministic,1.0,leagueews,20261001,teamfight,60,overall,3000,19795.0,2166.0,1046.0,3912.0,1746.0,13137.0
regional_deterministic,1.0,leagueews,20261001,teamfight,60,europe,1500,9978.0,1090.0,542.0,1950.0,860.0,6630.0
regional_deterministic,1.0,leagueews,20261001,teamfight,60,americas,1500,9817.0,1076.0,504.0,1962.0,886.0,6507.0
regional_deterministic,1.0,leagueews,20261002,baron,60,overall,3000,3241.0,1577.0,772.0,3414.0,1837.0,2152.0
regional_deterministic,1.0,leagueews,20261002,baron,60,europe,1500,1610.0,790.0,375.0,1656.0,866.0,1048.0
regional_deterministic,1.0,leagueews,20261002,baron,60,americas,1500,1631.0,787.0,397.0,1758.0,971.0,1104.0
regional_deterministic,1.0,leagueews,20261002,dragon,60,overall,3000,11329.0,2694.0,1123.0,3123.0,429.0,7555.0
regional_deterministic,1.0,leagueews,20261002,dragon,60,europe,1500,5578.0,1341.0,581.0,1548.0,207.0,3749.0
regional_deterministic,1.0,leagueews,20261002,dragon,60,americas,1500,5751.0,1353.0,542.0,1575.0,222.0,3806.0
regional_deterministic,1.0,leagueews,20261002,teamfight,60,overall,3000,19795.0,1533.0,728.0,2660.0,1127.0,13137.0
regional_deterministic,1.0,leagueews,20261002,teamfight,60,europe,1500,9978.0,762.0,375.0,1324.0,562.0,6630.0
regional_deterministic,1.0,leagueews,20261002,teamfight,60,americas,1500,9817.0,771.0,353.0,1336.0,565.0,6507.0
regional_deterministic,0.25,tcn,20260930,baron,30,overall,3000,3241.0,559.0,296.0,1022.0,463.0,1091.0
regional_deterministic,0.25,tcn,20260930,baron,30,europe,1500,1610.0,319.0,167.0,548.0,229.0,558.0
regional_deterministic,0.25,tcn,20260930,baron,30,americas,1500,1631.0,240.0,129.0,474.0,234.0,533.0
regional_deterministic,0.25,tcn,20260930,dragon,30,overall,3000,11329.0,597.0,278.0,757.0,160.0,3736.0
regional_deterministic,0.25,tcn,20260930,dragon,30,europe,1500,5578.0,286.0,137.0,373.0,87.0,1834.0
regional_deterministic,0.25,tcn,20260930,dragon,30,americas,1500,5751.0,311.0,141.0,384.0,73.0,1902.0
regional_deterministic,0.25,tcn,20260930,teamfight,30,overall,3000,19795.0,323.0,144.0,594.0,271.0,6648.0
regional_deterministic,0.25,tcn,20260930,teamfight,30,europe,1500,9978.0,153.0,72.0,289.0,136.0,3351.0
regional_deterministic,0.25,tcn,20260930,teamfight,30,americas,1500,9817.0,170.0,72.0,305.0,135.0,3297.0
regional_deterministic,0.25,tcn,20261001,baron,30,overall,3000,3241.0,533.0,284.0,963.0,430.0,1091.0
regional_deterministic,0.25,tcn,20261001,baron,30,europe,1500,1610.0,287.0,150.0,471.0,184.0,558.0
regional_deterministic,0.25,tcn,20261001,baron,30,americas,1500,1631.0,246.0,134.0,492.0,246.0,533.0
regional_deterministic,0.25,tcn,20261001,dragon,30,overall,3000,11329.0,513.0,243.0,649.0,136.0,3736.0
regional_deterministic,0.25,tcn,20261001,dragon,30,europe,1500,5578.0,244.0,119.0,319.0,75.0,1834.0
regional_deterministic,0.25,tcn,20261001,dragon,30,americas,1500,5751.0,269.0,124.0,330.0,61.0,1902.0
regional_deterministic,0.25,tcn,20261001,teamfight,30,overall,3000,19795.0,392.0,176.0,776.0,384.0,6648.0
regional_deterministic,0.25,tcn,20261001,teamfight,30,europe,1500,9978.0,188.0,85.0,377.0,189.0,3351.0
regional_deterministic,0.25,tcn,20261001,teamfight,30,americas,1500,9817.0,204.0,91.0,399.0,195.0,3297.0
regional_deterministic,0.25,tcn,20261002,baron,30,overall,3000,3241.0,520.0,280.0,937.0,417.0,1091.0
regional_deterministic,0.25,tcn,20261002,baron,30,europe,1500,1610.0,273.0,143.0,463.0,190.0,558.0
regional_deterministic,0.25,tcn,20261002,baron,30,americas,1500,1631.0,247.0,137.0,474.0,227.0,533.0
regional_deterministic,0.25,tcn,20261002,dragon,30,overall,3000,11329.0,789.0,405.0,1050.0,261.0,3736.0
regional_deterministic,0.25,tcn,20261002,dragon,30,europe,1500,5578.0,375.0,192.0,521.0,146.0,1834.0
regional_deterministic,0.25,tcn,20261002,dragon,30,americas,1500,5751.0,414.0,213.0,529.0,115.0,1902.0
regional_deterministic,0.25,tcn,20261002,teamfight,30,overall,3000,19795.0,479.0,216.0,931.0,452.0,6648.0
regional_deterministic,0.25,tcn,20261002,teamfight,30,europe,1500,9978.0,225.0,105.0,458.0,233.0,3351.0
regional_deterministic,0.25,tcn,20261002,teamfight,30,americas,1500,9817.0,254.0,111.0,473.0,219.0,3297.0
regional_deterministic,0.5,tcn,20260930,baron,30,overall,3000,3241.0,826.0,482.0,2008.0,1182.0,1091.0
regional_deterministic,0.5,tcn,20260930,baron,30,europe,1500,1610.0,423.0,244.0,965.0,542.0,558.0
regional_deterministic,0.5,tcn,20260930,baron,30,americas,1500,1631.0,403.0,238.0,1043.0,640.0,533.0
regional_deterministic,0.5,tcn,20260930,dragon,30,overall,3000,11329.0,1186.0,619.0,1638.0,452.0,3736.0
regional_deterministic,0.5,tcn,20260930,dragon,30,europe,1500,5578.0,574.0,300.0,803.0,229.0,1834.0
regional_deterministic,0.5,tcn,20260930,dragon,30,americas,1500,5751.0,612.0,319.0,835.0,223.0,1902.0
regional_deterministic,0.5,tcn,20260930,teamfight,30,overall,3000,19795.0,785.0,375.0,1743.0,958.0,6648.0
regional_deterministic,0.5,tcn,20260930,teamfight,30,europe,1500,9978.0,379.0,188.0,866.0,487.0,3351.0
regional_deterministic,0.5,tcn,20260930,teamfight,30,americas,1500,9817.0,406.0,187.0,877.0,471.0,3297.0
regional_deterministic,0.5,tcn,20261001,baron,30,overall,3000,3241.0,803.0,463.0,1884.0,1081.0,1091.0
regional_deterministic,0.5,tcn,20261001,baron,30,europe,1500,1610.0,432.0,251.0,974.0,542.0,558.0
regional_deterministic,0.5,tcn,20261001,baron,30,americas,1500,1631.0,371.0,212.0,910.0,539.0,533.0
regional_deterministic,0.5,tcn,20261001,dragon,30,overall,3000,11329.0,1593.0,843.0,2277.0,684.0,3736.0
regional_deterministic,0.5,tcn,20261001,dragon,30,europe,1500,5578.0,753.0,396.0,1099.0,346.0,1834.0
regional_deterministic,0.5,tcn,20261001,dragon,30,americas,1500,5751.0,840.0,447.0,1178.0,338.0,1902.0
regional_deterministic,0.5,tcn,20261001,teamfight,30,overall,3000,19795.0,661.0,313.0,1384.0,723.0,6648.0
regional_deterministic,0.5,tcn,20261001,teamfight,30,europe,1500,9978.0,318.0,156.0,690.0,372.0,3351.0
regional_deterministic,0.5,tcn,20261001,teamfight,30,americas,1500,9817.0,343.0,157.0,694.0,351.0,3297.0
regional_deterministic,0.5,tcn,20261002,baron,30,overall,3000,3241.0,801.0,457.0,1873.0,1072.0,1091.0
regional_deterministic,0.5,tcn,20261002,baron,30,europe,1500,1610.0,407.0,233.0,895.0,488.0,558.0
regional_deterministic,0.5,tcn,20261002,baron,30,americas,1500,1631.0,394.0,224.0,978.0,584.0,533.0
regional_deterministic,0.5,tcn,20261002,dragon,30,overall,3000,11329.0,1502.0,803.0,2142.0,640.0,3736.0
regional_deterministic,0.5,tcn,20261002,dragon,30,europe,1500,5578.0,709.0,380.0,1033.0,324.0,1834.0
regional_deterministic,0.5,tcn,20261002,dragon,30,americas,1500,5751.0,793.0,423.0,1109.0,316.0,1902.0
regional_deterministic,0.5,tcn,20261002,teamfight,30,overall,3000,19795.0,724.0,336.0,1575.0,851.0,6648.0
regional_deterministic,0.5,tcn,20261002,teamfight,30,europe,1500,9978.0,341.0,161.0,782.0,441.0,3351.0
regional_deterministic,0.5,tcn,20261002,teamfight,30,americas,1500,9817.0,383.0,175.0,793.0,410.0,3297.0
regional_deterministic,0.75,tcn,20260930,baron,30,overall,3000,3241.0,993.0,594.0,2893.0,1900.0,1091.0
regional_deterministic,0.75,tcn,20260930,baron,30,europe,1500,1610.0,509.0,305.0,1385.0,876.0,558.0
regional_deterministic,0.75,tcn,20260930,baron,30,americas,1500,1631.0,484.0,289.0,1508.0,1024.0,533.0
regional_deterministic,0.75,tcn,20260930,dragon,30,overall,3000,11329.0,1792.0,961.0,2650.0,858.0,3736.0
regional_deterministic,0.75,tcn,20260930,dragon,30,europe,1500,5578.0,856.0,460.0,1302.0,446.0,1834.0
regional_deterministic,0.75,tcn,20260930,dragon,30,americas,1500,5751.0,936.0,501.0,1348.0,412.0,1902.0
regional_deterministic,0.75,tcn,20260930,teamfight,30,overall,3000,19795.0,942.0,457.0,2184.0,1242.0,6648.0
regional_deterministic,0.75,tcn,20260930,teamfight,30,europe,1500,9978.0,379.0,188.0,866.0,487.0,3351.0
regional_deterministic,0.75,tcn,20260930,teamfight,30,americas,1500,9817.0,563.0,269.0,1318.0,755.0,3297.0
regional_deterministic,0.75,tcn,20261001,baron,30,overall,3000,3241.0,978.0,584.0,2730.0,1752.0,1091.0
regional_deterministic,0.75,tcn,20261001,baron,30,europe,1500,1610.0,512.0,304.0,1404.0,892.0,558.0
regional_deterministic,0.75,tcn,20261001,baron,30,americas,1500,1631.0,466.0,280.0,1326.0,860.0,533.0
regional_deterministic,0.75,tcn,20261001,dragon,30,overall,3000,11329.0,2148.0,1196.0,3240.0,1092.0,3736.0
regional_deterministic,0.75,tcn,20261001,dragon,30,europe,1500,5578.0,1024.0,571.0,1576.0,552.0,1834.0
regional_deterministic,0.75,tcn,20261001,dragon,30,americas,1500,5751.0,1124.0,625.0,1664.0,540.0,1902.0
regional_deterministic,0.75,tcn,20261001,teamfight,30,overall,3000,19795.0,955.0,459.0,2149.0,1194.0,6648.0
regional_deterministic,0.75,tcn,20261001,teamfight,30,europe,1500,9978.0,456.0,231.0,1058.0,602.0,3351.0
regional_deterministic,0.75,tcn,20261001,teamfight,30,americas,1500,9817.0,499.0,228.0,1091.0,592.0,3297.0
regional_deterministic,0.75,tcn,20261002,baron,30,overall,3000,3241.0,986.0,584.0,2824.0,1838.0,1091.0
regional_deterministic,0.75,tcn,20261002,baron,30,europe,1500,1610.0,506.0,302.0,1375.0,869.0,558.0
regional_deterministic,0.75,tcn,20261002,baron,30,americas,1500,1631.0,480.0,282.0,1449.0,969.0,533.0
regional_deterministic,0.75,tcn,20261002,dragon,30,overall,3000,11329.0,2228.0,1225.0,3385.0,1157.0,3736.0
regional_deterministic,0.75,tcn,20261002,dragon,30,europe,1500,5578.0,1079.0,594.0,1670.0,591.0,1834.0
regional_deterministic,0.75,tcn,20261002,dragon,30,americas,1500,5751.0,1149.0,631.0,1715.0,566.0,1902.0
regional_deterministic,0.75,tcn,20261002,teamfight,30,overall,3000,19795.0,1048.0,502.0,2420.0,1372.0,6648.0
regional_deterministic,0.75,tcn,20261002,teamfight,30,europe,1500,9978.0,510.0,255.0,1210.0,700.0,3351.0
regional_deterministic,0.75,tcn,20261002,teamfight,30,americas,1500,9817.0,538.0,247.0,1210.0,672.0,3297.0
regional_deterministic,1.0,tcn,20260930,baron,30,overall,3000,3241.0,1136.0,692.0,3709.0,2573.0,1091.0
regional_deterministic,1.0,tcn,20260930,baron,30,europe,1500,1610.0,586.0,358.0,1845.0,1259.0,558.0
regional_deterministic,1.0,tcn,20260930,baron,30,americas,1500,1631.0,550.0,334.0,1864.0,1314.0,533.0
regional_deterministic,1.0,tcn,20260930,dragon,30,overall,3000,11329.0,2470.0,1405.0,3830.0,1360.0,3736.0
regional_deterministic,1.0,tcn,20260930,dragon,30,europe,1500,5578.0,1203.0,683.0,1898.0,695.0,1834.0
regional_deterministic,1.0,tcn,20260930,dragon,30,americas,1500,5751.0,1267.0,722.0,1932.0,665.0,1902.0
regional_deterministic,1.0,tcn,20260930,teamfight,30,overall,3000,19795.0,1103.0,544.0,2625.0,1522.0,6648.0
regional_deterministic,1.0,tcn,20260930,teamfight,30,europe,1500,9978.0,540.0,275.0,1307.0,767.0,3351.0
regional_deterministic,1.0,tcn,20260930,teamfight,30,americas,1500,9817.0,563.0,269.0,1318.0,755.0,3297.0
regional_deterministic,1.0,tcn,20261001,baron,30,overall,3000,3241.0,1117.0,680.0,3628.0,2511.0,1091.0
regional_deterministic,1.0,tcn,20261001,baron,30,europe,1500,1610.0,563.0,341.0,1750.0,1187.0,558.0
regional_deterministic,1.0,tcn,20261001,baron,30,americas,1500,1631.0,554.0,339.0,1878.0,1324.0,533.0
regional_deterministic,1.0,tcn,20261001,dragon,30,overall,3000,11329.0,2645.0,1515.0,4194.0,1549.0,3736.0
regional_deterministic,1.0,tcn,20261001,dragon,30,europe,1500,5578.0,1282.0,730.0,2070.0,788.0,1834.0
regional_deterministic,1.0,tcn,20261001,dragon,30,americas,1500,5751.0,1363.0,785.0,2124.0,761.0,1902.0
regional_deterministic,1.0,tcn,20261001,teamfight,30,overall,3000,19795.0,1295.0,637.0,3172.0,1877.0,6648.0
regional_deterministic,1.0,tcn,20261001,teamfight,30,europe,1500,9978.0,629.0,325.0,1567.0,938.0,3351.0
regional_deterministic,1.0,tcn,20261001,teamfight,30,americas,1500,9817.0,666.0,312.0,1605.0,939.0,3297.0
regional_deterministic,1.0,tcn,20261002,baron,30,overall,3000,3241.0,1093.0,663.0,3547.0,2454.0,1091.0
regional_deterministic,1.0,tcn,20261002,baron,30,europe,1500,1610.0,559.0,339.0,1717.0,1158.0,558.0
regional_deterministic,1.0,tcn,20261002,baron,30,americas,1500,1631.0,534.0,324.0,1830.0,1296.0,533.0
regional_deterministic,1.0,tcn,20261002,dragon,30,overall,3000,11329.0,2873.0,1679.0,4667.0,1794.0,3736.0
regional_deterministic,1.0,tcn,20261002,dragon,30,europe,1500,5578.0,1391.0,812.0,2305.0,914.0,1834.0
regional_deterministic,1.0,tcn,20261002,dragon,30,americas,1500,5751.0,1482.0,867.0,2362.0,880.0,1902.0
regional_deterministic,1.0,tcn,20261002,teamfight,30,overall,3000,19795.0,1251.0,615.0,3029.0,1778.0,6648.0
regional_deterministic,1.0,tcn,20261002,teamfight,30,europe,1500,9978.0,510.0,255.0,1210.0,700.0,3351.0
regional_deterministic,1.0,tcn,20261002,teamfight,30,americas,1500,9817.0,741.0,360.0,1819.0,1078.0,3297.0
regional_deterministic,0.25,tcn,20260930,baron,60,overall,3000,3241.0,546.0,137.0,777.0,231.0,2152.0
regional_deterministic,0.25,tcn,20260930,baron,60,europe,1500,1610.0,299.0,75.0,398.0,99.0,1048.0
regional_deterministic,0.25,tcn,20260930,baron,60,americas,1500,1631.0,247.0,62.0,379.0,132.0,1104.0
regional_deterministic,0.25,tcn,20260930,dragon,60,overall,3000,11329.0,596.0,171.0,646.0,50.0,7555.0
regional_deterministic,0.25,tcn,20260930,dragon,60,europe,1500,5578.0,285.0,91.0,309.0,24.0,3749.0
regional_deterministic,0.25,tcn,20260930,dragon,60,americas,1500,5751.0,311.0,80.0,337.0,26.0,3806.0
regional_deterministic,0.25,tcn,20260930,teamfight,60,overall,3000,19795.0,260.0,92.0,371.0,111.0,13137.0
regional_deterministic,0.25,tcn,20260930,teamfight,60,europe,1500,9978.0,130.0,47.0,189.0,59.0,6630.0
regional_deterministic,0.25,tcn,20260930,teamfight,60,americas,1500,9817.0,130.0,45.0,182.0,52.0,6507.0
regional_deterministic,0.25,tcn,20261001,baron,60,overall,3000,3241.0,579.0,152.0,881.0,302.0,2152.0
regional_deterministic,0.25,tcn,20261001,baron,60,europe,1500,1610.0,307.0,75.0,435.0,128.0,1048.0
regional_deterministic,0.25,tcn,20261001,baron,60,americas,1500,1631.0,272.0,77.0,446.0,174.0,1104.0
regional_deterministic,0.25,tcn,20261001,dragon,60,overall,3000,11329.0,411.0,103.0,440.0,29.0,7555.0
regional_deterministic,0.25,tcn,20261001,dragon,60,europe,1500,5578.0,202.0,57.0,214.0,12.0,3749.0
regional_deterministic,0.25,tcn,20261001,dragon,60,americas,1500,5751.0,209.0,46.0,226.0,17.0,3806.0
regional_deterministic,0.25,tcn,20261001,teamfight,60,overall,3000,19795.0,269.0,95.0,393.0,124.0,13137.0
regional_deterministic,0.25,tcn,20261001,teamfight,60,europe,1500,9978.0,142.0,54.0,212.0,70.0,6630.0
regional_deterministic,0.25,tcn,20261001,teamfight,60,americas,1500,9817.0,127.0,41.0,181.0,54.0,6507.0
regional_deterministic,0.25,tcn,20261002,baron,60,overall,3000,3241.0,506.0,141.0,703.0,197.0,2152.0
regional_deterministic,0.25,tcn,20261002,baron,60,europe,1500,1610.0,264.0,67.0,353.0,89.0,1048.0
regional_deterministic,0.25,tcn,20261002,baron,60,americas,1500,1631.0,242.0,74.0,350.0,108.0,1104.0
regional_deterministic,0.25,tcn,20261002,dragon,60,overall,3000,11329.0,666.0,204.0,732.0,66.0,7555.0
regional_deterministic,0.25,tcn,20261002,dragon,60,europe,1500,5578.0,333.0,110.0,369.0,36.0,3749.0
regional_deterministic,0.25,tcn,20261002,dragon,60,americas,1500,5751.0,333.0,94.0,363.0,30.0,3806.0
regional_deterministic,0.25,tcn,20261002,teamfight,60,overall,3000,19795.0,397.0,140.0,611.0,214.0,13137.0
regional_deterministic,0.25,tcn,20261002,teamfight,60,europe,1500,9978.0,90.0,29.0,128.0,38.0,6630.0
regional_deterministic,0.25,tcn,20261002,teamfight,60,americas,1500,9817.0,307.0,111.0,483.0,176.0,6507.0
regional_deterministic,0.5,tcn,20260930,baron,60,overall,3000,3241.0,965.0,357.0,1740.0,775.0,2152.0
regional_deterministic,0.5,tcn,20260930,baron,60,europe,1500,1610.0,484.0,170.0,829.0,345.0,1048.0
regional_deterministic,0.5,tcn,20260930,baron,60,americas,1500,1631.0,481.0,187.0,911.0,430.0,1104.0
regional_deterministic,0.5,tcn,20260930,dragon,60,overall,3000,11329.0,596.0,171.0,646.0,50.0,7555.0
regional_deterministic,0.5,tcn,20260930,dragon,60,europe,1500,5578.0,285.0,91.0,309.0,24.0,3749.0
regional_deterministic,0.5,tcn,20260930,dragon,60,americas,1500,5751.0,311.0,80.0,337.0,26.0,3806.0
regional_deterministic,0.5,tcn,20260930,teamfight,60,overall,3000,19795.0,722.0,293.0,1167.0,445.0,13137.0
regional_deterministic,0.5,tcn,20260930,teamfight,60,europe,1500,9978.0,338.0,138.0,545.0,207.0,6630.0
regional_deterministic,0.5,tcn,20260930,teamfight,60,americas,1500,9817.0,384.0,155.0,622.0,238.0,6507.0
regional_deterministic,0.5,tcn,20261001,baron,60,overall,3000,3241.0,995.0,376.0,1787.0,792.0,2152.0
regional_deterministic,0.5,tcn,20261001,baron,60,europe,1500,1610.0,562.0,217.0,989.0,427.0,1048.0
regional_deterministic,0.5,tcn,20261001,baron,60,americas,1500,1631.0,433.0,159.0,798.0,365.0,1104.0
regional_deterministic,0.5,tcn,20261001,dragon,60,overall,3000,11329.0,411.0,103.0,440.0,29.0,7555.0
regional_deterministic,0.5,tcn,20261001,dragon,60,europe,1500,5578.0,202.0,57.0,214.0,12.0,3749.0
regional_deterministic,0.5,tcn,20261001,dragon,60,americas,1500,5751.0,209.0,46.0,226.0,17.0,3806.0
regional_deterministic,0.5,tcn,20261001,teamfight,60,overall,3000,19795.0,786.0,319.0,1261.0,475.0,13137.0
regional_deterministic,0.5,tcn,20261001,teamfight,60,europe,1500,9978.0,380.0,159.0,611.0,231.0,6630.0
regional_deterministic,0.5,tcn,20261001,teamfight,60,americas,1500,9817.0,406.0,160.0,650.0,244.0,6507.0
regional_deterministic,0.5,tcn,20261002,baron,60,overall,3000,3241.0,1001.0,376.0,1819.0,818.0,2152.0
regional_deterministic,0.5,tcn,20261002,baron,60,europe,1500,1610.0,517.0,192.0,878.0,361.0,1048.0
regional_deterministic,0.5,tcn,20261002,baron,60,americas,1500,1631.0,484.0,184.0,941.0,457.0,1104.0
regional_deterministic,0.5,tcn,20261002,dragon,60,overall,3000,11329.0,666.0,204.0,732.0,66.0,7555.0
regional_deterministic,0.5,tcn,20261002,dragon,60,europe,1500,5578.0,333.0,110.0,369.0,36.0,3749.0
regional_deterministic,0.5,tcn,20261002,dragon,60,americas,1500,5751.0,333.0,94.0,363.0,30.0,3806.0
regional_deterministic,0.5,tcn,20261002,teamfight,60,overall,3000,19795.0,608.0,236.0,966.0,358.0,13137.0
regional_deterministic,0.5,tcn,20261002,teamfight,60,europe,1500,9978.0,301.0,125.0,483.0,182.0,6630.0
regional_deterministic,0.5,tcn,20261002,teamfight,60,americas,1500,9817.0,307.0,111.0,483.0,176.0,6507.0
regional_deterministic,0.75,tcn,20260930,baron,60,overall,3000,3241.0,1340.0,600.0,2760.0,1420.0,2152.0
regional_deterministic,0.75,tcn,20260930,baron,60,europe,1500,1610.0,672.0,293.0,1339.0,667.0,1048.0
regional_deterministic,0.75,tcn,20260930,baron,60,americas,1500,1631.0,668.0,307.0,1421.0,753.0,1104.0
regional_deterministic,0.75,tcn,20260930,dragon,60,overall,3000,11329.0,2815.0,1169.0,3292.0,477.0,7555.0
regional_deterministic,0.75,tcn,20260930,dragon,60,europe,1500,5578.0,1396.0,607.0,1630.0,234.0,3749.0
regional_deterministic,0.75,tcn,20260930,dragon,60,americas,1500,5751.0,1419.0,562.0,1662.0,243.0,3806.0
regional_deterministic,0.75,tcn,20260930,teamfight,60,overall,3000,19795.0,1500.0,708.0,2610.0,1110.0,13137.0
regional_deterministic,0.75,tcn,20260930,teamfight,60,europe,1500,9978.0,744.0,366.0,1280.0,536.0,6630.0
regional_deterministic,0.75,tcn,20260930,teamfight,60,americas,1500,9817.0,756.0,342.0,1330.0,574.0,6507.0
regional_deterministic,0.75,tcn,20261001,baron,60,overall,3000,3241.0,1287.0,558.0,2563.0,1276.0,2152.0
regional_deterministic,0.75,tcn,20261001,baron,60,europe,1500,1610.0,658.0,283.0,1256.0,598.0,1048.0
regional_deterministic,0.75,tcn,20261001,baron,60,americas,1500,1631.0,629.0,275.0,1307.0,678.0,1104.0
regional_deterministic,0.75,tcn,20261001,dragon,60,overall,3000,11329.0,2290.0,884.0,2622.0,332.0,7555.0
regional_deterministic,0.75,tcn,20261001,dragon,60,europe,1500,5578.0,1115.0,453.0,1271.0,156.0,3749.0
regional_deterministic,0.75,tcn,20261001,dragon,60,americas,1500,5751.0,1175.0,431.0,1351.0,176.0,3806.0
regional_deterministic,0.75,tcn,20261001,teamfight,60,overall,3000,19795.0,1547.0,720.0,2665.0,1118.0,13137.0
regional_deterministic,0.75,tcn,20261001,teamfight,60,europe,1500,9978.0,760.0,368.0,1311.0,551.0,6630.0
regional_deterministic,0.75,tcn,20261001,teamfight,60,americas,1500,9817.0,787.0,352.0,1354.0,567.0,6507.0
regional_deterministic,0.75,tcn,20261002,baron,60,overall,3000,3241.0,1323.0,587.0,2689.0,1366.0,2152.0
regional_deterministic,0.75,tcn,20261002,baron,60,europe,1500,1610.0,736.0,338.0,1476.0,740.0,1048.0
regional_deterministic,0.75,tcn,20261002,baron,60,americas,1500,1631.0,587.0,249.0,1213.0,626.0,1104.0
regional_deterministic,0.75,tcn,20261002,dragon,60,overall,3000,11329.0,1906.0,818.0,2194.0,288.0,7555.0
regional_deterministic,0.75,tcn,20261002,dragon,60,europe,1500,5578.0,1573.0,724.0,1831.0,258.0,3749.0
regional_deterministic,0.75,tcn,20261002,dragon,60,americas,1500,5751.0,333.0,94.0,363.0,30.0,3806.0
regional_deterministic,0.75,tcn,20261002,teamfight,60,overall,3000,19795.0,1383.0,643.0,2340.0,957.0,13137.0
regional_deterministic,0.75,tcn,20261002,teamfight,60,europe,1500,9978.0,677.0,328.0,1146.0,469.0,6630.0
regional_deterministic,0.75,tcn,20261002,teamfight,60,americas,1500,9817.0,706.0,315.0,1194.0,488.0,6507.0
regional_deterministic,1.0,tcn,20260930,baron,60,overall,3000,3241.0,1645.0,811.0,3732.0,2087.0,2152.0
regional_deterministic,1.0,tcn,20260930,baron,60,europe,1500,1610.0,874.0,436.0,1959.0,1085.0,1048.0
regional_deterministic,1.0,tcn,20260930,baron,60,americas,1500,1631.0,771.0,375.0,1773.0,1002.0,1104.0
regional_deterministic,1.0,tcn,20260930,dragon,60,overall,3000,11329.0,2815.0,1169.0,3292.0,477.0,7555.0
regional_deterministic,1.0,tcn,20260930,dragon,60,europe,1500,5578.0,1396.0,607.0,1630.0,234.0,3749.0
regional_deterministic,1.0,tcn,20260930,dragon,60,americas,1500,5751.0,1419.0,562.0,1662.0,243.0,3806.0
regional_deterministic,1.0,tcn,20260930,teamfight,60,overall,3000,19795.0,1500.0,708.0,2610.0,1110.0,13137.0
regional_deterministic,1.0,tcn,20260930,teamfight,60,europe,1500,9978.0,744.0,366.0,1280.0,536.0,6630.0
regional_deterministic,1.0,tcn,20260930,teamfight,60,americas,1500,9817.0,756.0,342.0,1330.0,574.0,6507.0
regional_deterministic,1.0,tcn,20261001,baron,60,overall,3000,3241.0,1599.0,779.0,3565.0,1966.0,2152.0
regional_deterministic,1.0,tcn,20261001,baron,60,europe,1500,1610.0,860.0,430.0,1908.0,1048.0,1048.0
regional_deterministic,1.0,tcn,20261001,baron,60,americas,1500,1631.0,739.0,349.0,1657.0,918.0,1104.0
regional_deterministic,1.0,tcn,20261001,dragon,60,overall,3000,11329.0,3269.0,1468.0,3885.0,616.0,7555.0
regional_deterministic,1.0,tcn,20261001,dragon,60,europe,1500,5578.0,2094.0,1037.0,2534.0,440.0,3749.0
regional_deterministic,1.0,tcn,20261001,dragon,60,americas,1500,5751.0,1175.0,431.0,1351.0,176.0,3806.0
regional_deterministic,1.0,tcn,20261001,teamfight,60,overall,3000,19795.0,1547.0,720.0,2665.0,1118.0,13137.0
regional_deterministic,1.0,tcn,20261001,teamfight,60,europe,1500,9978.0,760.0,368.0,1311.0,551.0,6630.0
regional_deterministic,1.0,tcn,20261001,teamfight,60,americas,1500,9817.0,787.0,352.0,1354.0,567.0,6507.0
regional_deterministic,1.0,tcn,20261002,baron,60,overall,3000,3241.0,1667.0,841.0,3804.0,2137.0,2152.0
regional_deterministic,1.0,tcn,20261002,baron,60,europe,1500,1610.0,847.0,421.0,1833.0,986.0,1048.0
regional_deterministic,1.0,tcn,20261002,baron,60,americas,1500,1631.0,820.0,420.0,1971.0,1151.0,1104.0
regional_deterministic,1.0,tcn,20261002,dragon,60,overall,3000,11329.0,3182.0,1398.0,3722.0,540.0,7555.0
regional_deterministic,1.0,tcn,20261002,dragon,60,europe,1500,5578.0,1573.0,724.0,1831.0,258.0,3749.0
regional_deterministic,1.0,tcn,20261002,dragon,60,americas,1500,5751.0,1609.0,674.0,1891.0,282.0,3806.0
regional_deterministic,1.0,tcn,20261002,teamfight,60,overall,3000,19795.0,1383.0,643.0,2340.0,957.0,13137.0
regional_deterministic,1.0,tcn,20261002,teamfight,60,europe,1500,9978.0,677.0,328.0,1146.0,469.0,6630.0
regional_deterministic,1.0,tcn,20261002,teamfight,60,americas,1500,9817.0,706.0,315.0,1194.0,488.0,6507.0
regional_deterministic,0.25,timely_leagueews,20260930,baron,30,overall,3000,3241.0,511.0,273.0,875.0,364.0,1091.0
regional_deterministic,0.25,timely_leagueews,20260930,baron,30,europe,1500,1610.0,272.0,142.0,441.0,169.0,558.0
regional_deterministic,0.25,timely_leagueews,20260930,baron,30,americas,1500,1631.0,239.0,131.0,434.0,195.0,533.0
regional_deterministic,0.25,timely_leagueews,20260930,dragon,30,overall,3000,11329.0,519.0,395.0,821.0,302.0,3736.0
regional_deterministic,0.25,timely_leagueews,20260930,dragon,30,europe,1500,5578.0,236.0,182.0,386.0,150.0,1834.0
regional_deterministic,0.25,timely_leagueews,20260930,dragon,30,americas,1500,5751.0,283.0,213.0,435.0,152.0,1902.0
regional_deterministic,0.25,timely_leagueews,20260930,teamfight,30,overall,3000,19795.0,302.0,190.0,688.0,386.0,6648.0
regional_deterministic,0.25,timely_leagueews,20260930,teamfight,30,europe,1500,9978.0,142.0,93.0,342.0,200.0,3351.0
regional_deterministic,0.25,timely_leagueews,20260930,teamfight,30,americas,1500,9817.0,160.0,97.0,346.0,186.0,3297.0
regional_deterministic,0.25,timely_leagueews,20261001,baron,30,overall,3000,3241.0,584.0,319.0,1036.0,452.0,1091.0
regional_deterministic,0.25,timely_leagueews,20261001,baron,30,europe,1500,1610.0,311.0,167.0,510.0,199.0,558.0
regional_deterministic,0.25,timely_leagueews,20261001,baron,30,americas,1500,1631.0,273.0,152.0,526.0,253.0,533.0
regional_deterministic,0.25,timely_leagueews,20261001,dragon,30,overall,3000,11329.0,491.0,406.0,814.0,323.0,3736.0
regional_deterministic,0.25,timely_leagueews,20261001,dragon,30,europe,1500,5578.0,216.0,185.0,377.0,161.0,1834.0
regional_deterministic,0.25,timely_leagueews,20261001,dragon,30,americas,1500,5751.0,275.0,221.0,437.0,162.0,1902.0
regional_deterministic,0.25,timely_leagueews,20261001,teamfight,30,overall,3000,19795.0,359.0,223.0,871.0,512.0,6648.0
regional_deterministic,0.25,timely_leagueews,20261001,teamfight,30,europe,1500,9978.0,171.0,110.0,417.0,246.0,3351.0
regional_deterministic,0.25,timely_leagueews,20261001,teamfight,30,americas,1500,9817.0,188.0,113.0,454.0,266.0,3297.0
regional_deterministic,0.25,timely_leagueews,20261002,baron,30,overall,3000,3241.0,476.0,246.0,773.0,297.0,1091.0
regional_deterministic,0.25,timely_leagueews,20261002,baron,30,europe,1500,1610.0,263.0,134.0,388.0,125.0,558.0
regional_deterministic,0.25,timely_leagueews,20261002,baron,30,americas,1500,1631.0,213.0,112.0,385.0,172.0,533.0
regional_deterministic,0.25,timely_leagueews,20261002,dragon,30,overall,3000,11329.0,651.0,503.0,1075.0,424.0,3736.0
regional_deterministic,0.25,timely_leagueews,20261002,dragon,30,europe,1500,5578.0,303.0,240.0,509.0,206.0,1834.0
regional_deterministic,0.25,timely_leagueews,20261002,dragon,30,americas,1500,5751.0,348.0,263.0,566.0,218.0,1902.0
regional_deterministic,0.25,timely_leagueews,20261002,teamfight,30,overall,3000,19795.0,253.0,161.0,597.0,344.0,6648.0
regional_deterministic,0.25,timely_leagueews,20261002,teamfight,30,europe,1500,9978.0,128.0,84.0,301.0,173.0,3351.0
regional_deterministic,0.25,timely_leagueews,20261002,teamfight,30,americas,1500,9817.0,125.0,77.0,296.0,171.0,3297.0
regional_deterministic,0.5,timely_leagueews,20260930,baron,30,overall,3000,3241.0,811.0,474.0,1853.0,1042.0,1091.0
regional_deterministic,0.5,timely_leagueews,20260930,baron,30,europe,1500,1610.0,434.0,248.0,972.0,538.0,558.0
regional_deterministic,0.5,timely_leagueews,20260930,baron,30,americas,1500,1631.0,377.0,226.0,881.0,504.0,533.0
regional_deterministic,0.5,timely_leagueews,20260930,dragon,30,overall,3000,11329.0,1221.0,825.0,1993.0,772.0,3736.0
regional_deterministic,0.5,timely_leagueews,20260930,dragon,30,europe,1500,5578.0,568.0,380.0,953.0,385.0,1834.0
regional_deterministic,0.5,timely_leagueews,20260930,dragon,30,americas,1500,5751.0,653.0,445.0,1040.0,387.0,1902.0
regional_deterministic,0.5,timely_leagueews,20260930,teamfight,30,overall,3000,19795.0,608.0,368.0,1460.0,852.0,6648.0
regional_deterministic,0.5,timely_leagueews,20260930,teamfight,30,europe,1500,9978.0,292.0,182.0,706.0,414.0,3351.0
regional_deterministic,0.5,timely_leagueews,20260930,teamfight,30,americas,1500,9817.0,316.0,186.0,754.0,438.0,3297.0
regional_deterministic,0.5,timely_leagueews,20261001,baron,30,overall,3000,3241.0,833.0,491.0,1988.0,1155.0,1091.0
regional_deterministic,0.5,timely_leagueews,20261001,baron,30,europe,1500,1610.0,432.0,251.0,968.0,536.0,558.0
regional_deterministic,0.5,timely_leagueews,20261001,baron,30,americas,1500,1631.0,401.0,240.0,1020.0,619.0,533.0
regional_deterministic,0.5,timely_leagueews,20261001,dragon,30,overall,3000,11329.0,1013.0,751.0,1731.0,718.0,3736.0
regional_deterministic,0.5,timely_leagueews,20261001,dragon,30,europe,1500,5578.0,488.0,359.0,850.0,362.0,1834.0
regional_deterministic,0.5,timely_leagueews,20261001,dragon,30,americas,1500,5751.0,525.0,392.0,881.0,356.0,1902.0
regional_deterministic,0.5,timely_leagueews,20261001,teamfight,30,overall,3000,19795.0,720.0,443.0,1862.0,1142.0,6648.0
regional_deterministic,0.5,timely_leagueews,20261001,teamfight,30,europe,1500,9978.0,341.0,220.0,893.0,552.0,3351.0
regional_deterministic,0.5,timely_leagueews,20261001,teamfight,30,americas,1500,9817.0,379.0,223.0,969.0,590.0,3297.0
regional_deterministic,0.5,timely_leagueews,20261002,baron,30,overall,3000,3241.0,801.0,458.0,1848.0,1047.0,1091.0
regional_deterministic,0.5,timely_leagueews,20261002,baron,30,europe,1500,1610.0,413.0,231.0,900.0,487.0,558.0
regional_deterministic,0.5,timely_leagueews,20261002,baron,30,americas,1500,1631.0,388.0,227.0,948.0,560.0,533.0
regional_deterministic,0.5,timely_leagueews,20261002,dragon,30,overall,3000,11329.0,1480.0,1009.0,2474.0,994.0,3736.0
regional_deterministic,0.5,timely_leagueews,20261002,dragon,30,europe,1500,5578.0,693.0,470.0,1193.0,500.0,1834.0
regional_deterministic,0.5,timely_leagueews,20261002,dragon,30,americas,1500,5751.0,787.0,539.0,1281.0,494.0,1902.0
regional_deterministic,0.5,timely_leagueews,20261002,teamfight,30,overall,3000,19795.0,497.0,323.0,1262.0,765.0,6648.0
regional_deterministic,0.5,timely_leagueews,20261002,teamfight,30,europe,1500,9978.0,234.0,149.0,609.0,375.0,3351.0
regional_deterministic,0.5,timely_leagueews,20261002,teamfight,30,americas,1500,9817.0,263.0,174.0,653.0,390.0,3297.0
regional_deterministic,0.75,timely_leagueews,20260930,baron,30,overall,3000,3241.0,1006.0,603.0,2797.0,1791.0,1091.0
regional_deterministic,0.75,timely_leagueews,20260930,baron,30,europe,1500,1610.0,531.0,318.0,1433.0,902.0,558.0
regional_deterministic,0.75,timely_leagueews,20260930,baron,30,americas,1500,1631.0,475.0,285.0,1364.0,889.0,533.0
regional_deterministic,0.75,timely_leagueews,20260930,dragon,30,overall,3000,11329.0,1701.0,1100.0,2797.0,1096.0,3736.0
regional_deterministic,0.75,timely_leagueews,20260930,dragon,30,europe,1500,5578.0,568.0,380.0,953.0,385.0,1834.0
regional_deterministic,0.75,timely_leagueews,20260930,dragon,30,americas,1500,5751.0,1133.0,720.0,1844.0,711.0,1902.0
regional_deterministic,0.75,timely_leagueews,20260930,teamfight,30,overall,3000,19795.0,984.0,593.0,2625.0,1641.0,6648.0
regional_deterministic,0.75,timely_leagueews,20260930,teamfight,30,europe,1500,9978.0,472.0,299.0,1272.0,800.0,3351.0
regional_deterministic,0.75,timely_leagueews,20260930,teamfight,30,americas,1500,9817.0,512.0,294.0,1353.0,841.0,3297.0
regional_deterministic,0.75,timely_leagueews,20261001,baron,30,overall,3000,3241.0,971.0,580.0,2679.0,1708.0,1091.0
regional_deterministic,0.75,timely_leagueews,20261001,baron,30,europe,1500,1610.0,503.0,297.0,1302.0,799.0,558.0
regional_deterministic,0.75,timely_leagueews,20261001,baron,30,americas,1500,1631.0,468.0,283.0,1377.0,909.0,533.0
regional_deterministic,0.75,timely_leagueews,20261001,dragon,30,overall,3000,11329.0,1957.0,1308.0,3298.0,1341.0,3736.0
regional_deterministic,0.75,timely_leagueews,20261001,dragon,30,europe,1500,5578.0,944.0,638.0,1623.0,679.0,1834.0
regional_deterministic,0.75,timely_leagueews,20261001,dragon,30,americas,1500,5751.0,1013.0,670.0,1675.0,662.0,1902.0
regional_deterministic,0.75,timely_leagueews,20261001,teamfight,30,overall,3000,19795.0,720.0,443.0,1862.0,1142.0,6648.0
regional_deterministic,0.75,timely_leagueews,20261001,teamfight,30,europe,1500,9978.0,341.0,220.0,893.0,552.0,3351.0
regional_deterministic,0.75,timely_leagueews,20261001,teamfight,30,americas,1500,9817.0,379.0,223.0,969.0,590.0,3297.0
regional_deterministic,0.75,timely_leagueews,20261002,baron,30,overall,3000,3241.0,970.0,578.0,2644.0,1674.0,1091.0
regional_deterministic,0.75,timely_leagueews,20261002,baron,30,europe,1500,1610.0,500.0,296.0,1280.0,780.0,558.0
regional_deterministic,0.75,timely_leagueews,20261002,baron,30,americas,1500,1631.0,470.0,282.0,1364.0,894.0,533.0
regional_deterministic,0.75,timely_leagueews,20261002,dragon,30,overall,3000,11329.0,1480.0,1009.0,2474.0,994.0,3736.0
regional_deterministic,0.75,timely_leagueews,20261002,dragon,30,europe,1500,5578.0,693.0,470.0,1193.0,500.0,1834.0
regional_deterministic,0.75,timely_leagueews,20261002,dragon,30,americas,1500,5751.0,787.0,539.0,1281.0,494.0,1902.0
regional_deterministic,0.75,timely_leagueews,20261002,teamfight,30,overall,3000,19795.0,848.0,525.0,2284.0,1436.0,6648.0
regional_deterministic,0.75,timely_leagueews,20261002,teamfight,30,europe,1500,9978.0,417.0,263.0,1130.0,713.0,3351.0
regional_deterministic,0.75,timely_leagueews,20261002,teamfight,30,americas,1500,9817.0,431.0,262.0,1154.0,723.0,3297.0
regional_deterministic,1.0,timely_leagueews,20260930,baron,30,overall,3000,3241.0,1146.0,707.0,3721.0,2575.0,1091.0
regional_deterministic,1.0,timely_leagueews,20260930,baron,30,europe,1500,1610.0,587.0,361.0,1789.0,1202.0,558.0
regional_deterministic,1.0,timely_leagueews,20260930,baron,30,americas,1500,1631.0,559.0,346.0,1932.0,1373.0,533.0
regional_deterministic,1.0,timely_leagueews,20260930,dragon,30,overall,3000,11329.0,2198.0,1406.0,3652.0,1454.0,3736.0
regional_deterministic,1.0,timely_leagueews,20260930,dragon,30,europe,1500,5578.0,1065.0,686.0,1808.0,743.0,1834.0
regional_deterministic,1.0,timely_leagueews,20260930,dragon,30,americas,1500,5751.0,1133.0,720.0,1844.0,711.0,1902.0
regional_deterministic,1.0,timely_leagueews,20260930,teamfight,30,overall,3000,19795.0,984.0,593.0,2625.0,1641.0,6648.0
regional_deterministic,1.0,timely_leagueews,20260930,teamfight,30,europe,1500,9978.0,472.0,299.0,1272.0,800.0,3351.0
regional_deterministic,1.0,timely_leagueews,20260930,teamfight,30,americas,1500,9817.0,512.0,294.0,1353.0,841.0,3297.0
regional_deterministic,1.0,timely_leagueews,20261001,baron,30,overall,3000,3241.0,1123.0,689.0,3602.0,2479.0,1091.0
regional_deterministic,1.0,timely_leagueews,20261001,baron,30,europe,1500,1610.0,583.0,357.0,1834.0,1251.0,558.0
regional_deterministic,1.0,timely_leagueews,20261001,baron,30,americas,1500,1631.0,540.0,332.0,1768.0,1228.0,533.0
regional_deterministic,1.0,timely_leagueews,20261001,dragon,30,overall,3000,11329.0,1957.0,1308.0,3298.0,1341.0,3736.0
regional_deterministic,1.0,timely_leagueews,20261001,dragon,30,europe,1500,5578.0,944.0,638.0,1623.0,679.0,1834.0
regional_deterministic,1.0,timely_leagueews,20261001,dragon,30,americas,1500,5751.0,1013.0,670.0,1675.0,662.0,1902.0
regional_deterministic,1.0,timely_leagueews,20261001,teamfight,30,overall,3000,19795.0,1177.0,714.0,3313.0,2136.0,6648.0
regional_deterministic,1.0,timely_leagueews,20261001,teamfight,30,europe,1500,9978.0,573.0,361.0,1648.0,1075.0,3351.0
regional_deterministic,1.0,timely_leagueews,20261001,teamfight,30,americas,1500,9817.0,604.0,353.0,1665.0,1061.0,3297.0
regional_deterministic,1.0,timely_leagueews,20261002,baron,30,overall,3000,3241.0,1091.0,663.0,3496.0,2405.0,1091.0
regional_deterministic,1.0,timely_leagueews,20261002,baron,30,europe,1500,1610.0,558.0,337.0,1687.0,1129.0,558.0
regional_deterministic,1.0,timely_leagueews,20261002,baron,30,americas,1500,1631.0,533.0,326.0,1809.0,1276.0,533.0
regional_deterministic,1.0,timely_leagueews,20261002,dragon,30,overall,3000,11329.0,2526.0,1628.0,4278.0,1752.0,3736.0
regional_deterministic,1.0,timely_leagueews,20261002,dragon,30,europe,1500,5578.0,1222.0,790.0,2119.0,897.0,1834.0
regional_deterministic,1.0,timely_leagueews,20261002,dragon,30,americas,1500,5751.0,1304.0,838.0,2159.0,855.0,1902.0
regional_deterministic,1.0,timely_leagueews,20261002,teamfight,30,overall,3000,19795.0,848.0,525.0,2284.0,1436.0,6648.0
regional_deterministic,1.0,timely_leagueews,20261002,teamfight,30,europe,1500,9978.0,417.0,263.0,1130.0,713.0,3351.0
regional_deterministic,1.0,timely_leagueews,20261002,teamfight,30,americas,1500,9817.0,431.0,262.0,1154.0,723.0,3297.0
regional_deterministic,0.25,timely_leagueews,20260930,baron,60,overall,3000,3241.0,376.0,208.0,703.0,327.0,2152.0
regional_deterministic,0.25,timely_leagueews,20260930,baron,60,europe,1500,1610.0,299.0,161.0,578.0,279.0,1048.0
regional_deterministic,0.25,timely_leagueews,20260930,baron,60,americas,1500,1631.0,77.0,47.0,125.0,48.0,1104.0
regional_deterministic,0.25,timely_leagueews,20260930,dragon,60,overall,3000,11329.0,762.0,715.0,1052.0,290.0,7555.0
regional_deterministic,0.25,timely_leagueews,20260930,dragon,60,europe,1500,5578.0,368.0,346.0,503.0,135.0,3749.0
regional_deterministic,0.25,timely_leagueews,20260930,dragon,60,americas,1500,5751.0,394.0,369.0,549.0,155.0,3806.0
regional_deterministic,0.25,timely_leagueews,20260930,teamfight,60,overall,3000,19795.0,297.0,241.0,562.0,265.0,13137.0
regional_deterministic,0.25,timely_leagueews,20260930,teamfight,60,europe,1500,9978.0,147.0,121.0,279.0,132.0,6630.0
regional_deterministic,0.25,timely_leagueews,20260930,teamfight,60,americas,1500,9817.0,150.0,120.0,283.0,133.0,6507.0
regional_deterministic,0.25,timely_leagueews,20261001,baron,60,overall,3000,3241.0,149.0,79.0,251.0,102.0,2152.0
regional_deterministic,0.25,timely_leagueews,20261001,baron,60,europe,1500,1610.0,80.0,45.0,127.0,47.0,1048.0
regional_deterministic,0.25,timely_leagueews,20261001,baron,60,americas,1500,1631.0,69.0,34.0,124.0,55.0,1104.0
regional_deterministic,0.25,timely_leagueews,20261001,dragon,60,overall,3000,11329.0,641.0,608.0,882.0,241.0,7555.0
regional_deterministic,0.25,timely_leagueews,20261001,dragon,60,europe,1500,5578.0,299.0,286.0,404.0,105.0,3749.0
regional_deterministic,0.25,timely_leagueews,20261001,dragon,60,americas,1500,5751.0,342.0,322.0,478.0,136.0,3806.0
regional_deterministic,0.25,timely_leagueews,20261001,teamfight,60,overall,3000,19795.0,308.0,248.0,593.0,285.0,13137.0
regional_deterministic,0.25,timely_leagueews,20261001,teamfight,60,europe,1500,9978.0,154.0,123.0,294.0,140.0,6630.0
regional_deterministic,0.25,timely_leagueews,20261001,teamfight,60,americas,1500,9817.0,154.0,125.0,299.0,145.0,6507.0
regional_deterministic,0.25,timely_leagueews,20261002,baron,60,overall,3000,3241.0,113.0,68.0,221.0,108.0,2152.0
regional_deterministic,0.25,timely_leagueews,20261002,baron,60,europe,1500,1610.0,55.0,35.0,111.0,56.0,1048.0
regional_deterministic,0.25,timely_leagueews,20261002,baron,60,americas,1500,1631.0,58.0,33.0,110.0,52.0,1104.0
regional_deterministic,0.25,timely_leagueews,20261002,dragon,60,overall,3000,11329.0,721.0,688.0,1001.0,280.0,7555.0
regional_deterministic,0.25,timely_leagueews,20261002,dragon,60,europe,1500,5578.0,347.0,330.0,473.0,126.0,3749.0
regional_deterministic,0.25,timely_leagueews,20261002,dragon,60,americas,1500,5751.0,374.0,358.0,528.0,154.0,3806.0
regional_deterministic,0.25,timely_leagueews,20261002,teamfight,60,overall,3000,19795.0,476.0,383.0,946.0,470.0,13137.0
regional_deterministic,0.25,timely_leagueews,20261002,teamfight,60,europe,1500,9978.0,342.0,276.0,674.0,332.0,6630.0
regional_deterministic,0.25,timely_leagueews,20261002,teamfight,60,americas,1500,9817.0,134.0,107.0,272.0,138.0,6507.0
regional_deterministic,0.5,timely_leagueews,20260930,baron,60,overall,3000,3241.0,772.0,436.0,1621.0,849.0,2152.0
regional_deterministic,0.5,timely_leagueews,20260930,baron,60,europe,1500,1610.0,502.0,280.0,1061.0,559.0,1048.0
regional_deterministic,0.5,timely_leagueews,20260930,baron,60,americas,1500,1631.0,270.0,156.0,560.0,290.0,1104.0
regional_deterministic,0.5,timely_leagueews,20260930,dragon,60,overall,3000,11329.0,1741.0,1583.0,2484.0,743.0,7555.0
regional_deterministic,0.5,timely_leagueews,20260930,dragon,60,europe,1500,5578.0,851.0,775.0,1217.0,366.0,3749.0
regional_deterministic,0.5,timely_leagueews,20260930,dragon,60,americas,1500,5751.0,890.0,808.0,1267.0,377.0,3806.0
regional_deterministic,0.5,timely_leagueews,20260930,teamfight,60,overall,3000,19795.0,785.0,620.0,1602.0,817.0,13137.0
regional_deterministic,0.5,timely_leagueews,20260930,teamfight,60,europe,1500,9978.0,392.0,318.0,773.0,381.0,6630.0
regional_deterministic,0.5,timely_leagueews,20260930,teamfight,60,americas,1500,9817.0,393.0,302.0,829.0,436.0,6507.0
regional_deterministic,0.5,timely_leagueews,20261001,baron,60,overall,3000,3241.0,638.0,358.0,1362.0,724.0,2152.0
regional_deterministic,0.5,timely_leagueews,20261001,baron,60,europe,1500,1610.0,325.0,180.0,669.0,344.0,1048.0
regional_deterministic,0.5,timely_leagueews,20261001,baron,60,americas,1500,1631.0,313.0,178.0,693.0,380.0,1104.0
regional_deterministic,0.5,timely_leagueews,20261001,dragon,60,overall,3000,11329.0,2398.0,2142.0,3483.0,1085.0,7555.0
regional_deterministic,0.5,timely_leagueews,20261001,dragon,60,europe,1500,5578.0,1164.0,1038.0,1706.0,542.0,3749.0
regional_deterministic,0.5,timely_leagueews,20261001,dragon,60,americas,1500,5751.0,1234.0,1104.0,1777.0,543.0,3806.0
regional_deterministic,0.5,timely_leagueews,20261001,teamfight,60,overall,3000,19795.0,791.0,631.0,1624.0,833.0,13137.0
regional_deterministic,0.5,timely_leagueews,20261001,teamfight,60,europe,1500,9978.0,385.0,311.0,780.0,395.0,6630.0
regional_deterministic,0.5,timely_leagueews,20261001,teamfight,60,americas,1500,9817.0,406.0,320.0,844.0,438.0,6507.0
regional_deterministic,0.5,timely_leagueews,20261002,baron,60,overall,3000,3241.0,542.0,322.0,1286.0,744.0,2152.0
regional_deterministic,0.5,timely_leagueews,20261002,baron,60,europe,1500,1610.0,275.0,164.0,633.0,358.0,1048.0
regional_deterministic,0.5,timely_leagueews,20261002,baron,60,americas,1500,1631.0,267.0,158.0,653.0,386.0,1104.0
regional_deterministic,0.5,timely_leagueews,20261002,dragon,60,overall,3000,11329.0,1726.0,1594.0,2463.0,737.0,7555.0
regional_deterministic,0.5,timely_leagueews,20261002,dragon,60,europe,1500,5578.0,841.0,771.0,1205.0,364.0,3749.0
regional_deterministic,0.5,timely_leagueews,20261002,dragon,60,americas,1500,5751.0,885.0,823.0,1258.0,373.0,3806.0
regional_deterministic,0.5,timely_leagueews,20261002,teamfight,60,overall,3000,19795.0,702.0,552.0,1407.0,705.0,13137.0
regional_deterministic,0.5,timely_leagueews,20261002,teamfight,60,europe,1500,9978.0,342.0,276.0,674.0,332.0,6630.0
regional_deterministic,0.5,timely_leagueews,20261002,teamfight,60,americas,1500,9817.0,360.0,276.0,733.0,373.0,6507.0
regional_deterministic,0.75,timely_leagueews,20260930,baron,60,overall,3000,3241.0,1182.0,657.0,2620.0,1438.0,2152.0
regional_deterministic,0.75,timely_leagueews,20260930,baron,60,europe,1500,1610.0,688.0,389.0,1543.0,855.0,1048.0
regional_deterministic,0.75,timely_leagueews,20260930,baron,60,americas,1500,1631.0,494.0,268.0,1077.0,583.0,1104.0
regional_deterministic,0.75,timely_leagueews,20260930,dragon,60,overall,3000,11329.0,2762.0,2396.0,4001.0,1239.0,7555.0
regional_deterministic,0.75,timely_leagueews,20260930,dragon,60,europe,1500,5578.0,1336.0,1166.0,1951.0,615.0,3749.0
regional_deterministic,0.75,timely_leagueews,20260930,dragon,60,americas,1500,5751.0,1426.0,1230.0,2050.0,624.0,3806.0
regional_deterministic,0.75,timely_leagueews,20260930,teamfight,60,overall,3000,19795.0,1214.0,936.0,2570.0,1356.0,13137.0
regional_deterministic,0.75,timely_leagueews,20260930,teamfight,60,europe,1500,9978.0,821.0,634.0,1741.0,920.0,6630.0
regional_deterministic,0.75,timely_leagueews,20260930,teamfight,60,americas,1500,9817.0,393.0,302.0,829.0,436.0,6507.0
regional_deterministic,0.75,timely_leagueews,20261001,baron,60,overall,3000,3241.0,1091.0,616.0,2478.0,1387.0,2152.0
regional_deterministic,0.75,timely_leagueews,20261001,baron,60,europe,1500,1610.0,548.0,313.0,1219.0,671.0,1048.0
regional_deterministic,0.75,timely_leagueews,20261001,baron,60,americas,1500,1631.0,543.0,303.0,1259.0,716.0,1104.0
regional_deterministic,0.75,timely_leagueews,20261001,dragon,60,overall,3000,11329.0,3212.0,2757.0,4763.0,1551.0,7555.0
regional_deterministic,0.75,timely_leagueews,20261001,dragon,60,europe,1500,5578.0,1559.0,1339.0,2336.0,777.0,3749.0
regional_deterministic,0.75,timely_leagueews,20261001,dragon,60,americas,1500,5751.0,1653.0,1418.0,2427.0,774.0,3806.0
regional_deterministic,0.75,timely_leagueews,20261001,teamfight,60,overall,3000,19795.0,791.0,631.0,1624.0,833.0,13137.0
regional_deterministic,0.75,timely_leagueews,20261001,teamfight,60,europe,1500,9978.0,385.0,311.0,780.0,395.0,6630.0
regional_deterministic,0.75,timely_leagueews,20261001,teamfight,60,americas,1500,9817.0,406.0,320.0,844.0,438.0,6507.0
regional_deterministic,0.75,timely_leagueews,20261002,baron,60,overall,3000,3241.0,1060.0,654.0,2583.0,1523.0,2152.0
regional_deterministic,0.75,timely_leagueews,20261002,baron,60,europe,1500,1610.0,535.0,323.0,1276.0,741.0,1048.0
regional_deterministic,0.75,timely_leagueews,20261002,baron,60,americas,1500,1631.0,525.0,331.0,1307.0,782.0,1104.0
regional_deterministic,0.75,timely_leagueews,20261002,dragon,60,overall,3000,11329.0,2754.0,2421.0,4054.0,1300.0,7555.0
regional_deterministic,0.75,timely_leagueews,20261002,dragon,60,europe,1500,5578.0,1333.0,1175.0,1980.0,647.0,3749.0
regional_deterministic,0.75,timely_leagueews,20261002,dragon,60,americas,1500,5751.0,1421.0,1246.0,2074.0,653.0,3806.0
regional_deterministic,0.75,timely_leagueews,20261002,teamfight,60,overall,3000,19795.0,1463.0,1128.0,3177.0,1714.0,13137.0
regional_deterministic,0.75,timely_leagueews,20261002,teamfight,60,europe,1500,9978.0,720.0,560.0,1540.0,820.0,6630.0
regional_deterministic,0.75,timely_leagueews,20261002,teamfight,60,americas,1500,9817.0,743.0,568.0,1637.0,894.0,6507.0
regional_deterministic,1.0,timely_leagueews,20260930,baron,60,overall,3000,3241.0,1356.0,764.0,3145.0,1789.0,2152.0
regional_deterministic,1.0,timely_leagueews,20260930,baron,60,europe,1500,1610.0,688.0,389.0,1543.0,855.0,1048.0
regional_deterministic,1.0,timely_leagueews,20260930,baron,60,americas,1500,1631.0,668.0,375.0,1602.0,934.0,1104.0
regional_deterministic,1.0,timely_leagueews,20260930,dragon,60,overall,3000,11329.0,3639.0,3028.0,5344.0,1705.0,7555.0
regional_deterministic,1.0,timely_leagueews,20260930,dragon,60,europe,1500,5578.0,1772.0,1481.0,2623.0,851.0,3749.0
regional_deterministic,1.0,timely_leagueews,20260930,dragon,60,americas,1500,5751.0,1867.0,1547.0,2721.0,854.0,3806.0
regional_deterministic,1.0,timely_leagueews,20260930,teamfight,60,overall,3000,19795.0,1661.0,1272.0,3609.0,1948.0,13137.0
regional_deterministic,1.0,timely_leagueews,20260930,teamfight,60,europe,1500,9978.0,821.0,634.0,1741.0,920.0,6630.0
regional_deterministic,1.0,timely_leagueews,20260930,teamfight,60,americas,1500,9817.0,840.0,638.0,1868.0,1028.0,6507.0
regional_deterministic,1.0,timely_leagueews,20261001,baron,60,overall,3000,3241.0,1456.0,843.0,3527.0,2071.0,2152.0
regional_deterministic,1.0,timely_leagueews,20261001,baron,60,europe,1500,1610.0,724.0,416.0,1711.0,987.0,1048.0
regional_deterministic,1.0,timely_leagueews,20261001,baron,60,americas,1500,1631.0,732.0,427.0,1816.0,1084.0,1104.0
regional_deterministic,1.0,timely_leagueews,20261001,dragon,60,overall,3000,11329.0,4026.0,3298.0,6033.0,2007.0,7555.0
regional_deterministic,1.0,timely_leagueews,20261001,dragon,60,europe,1500,5578.0,1958.0,1606.0,2964.0,1006.0,3749.0
regional_deterministic,1.0,timely_leagueews,20261001,dragon,60,americas,1500,5751.0,2068.0,1692.0,3069.0,1001.0,3806.0
regional_deterministic,1.0,timely_leagueews,20261001,teamfight,60,overall,3000,19795.0,1668.0,1288.0,3653.0,1985.0,13137.0
regional_deterministic,1.0,timely_leagueews,20261001,teamfight,60,europe,1500,9978.0,821.0,636.0,1765.0,944.0,6630.0
regional_deterministic,1.0,timely_leagueews,20261001,teamfight,60,americas,1500,9817.0,847.0,652.0,1888.0,1041.0,6507.0
regional_deterministic,1.0,timely_leagueews,20261002,baron,60,overall,3000,3241.0,1493.0,914.0,3800.0,2307.0,2152.0
regional_deterministic,1.0,timely_leagueews,20261002,baron,60,europe,1500,1610.0,735.0,441.0,1844.0,1109.0,1048.0
regional_deterministic,1.0,timely_leagueews,20261002,baron,60,americas,1500,1631.0,758.0,473.0,1956.0,1198.0,1104.0
regional_deterministic,1.0,timely_leagueews,20261002,dragon,60,overall,3000,11329.0,3704.0,3079.0,5501.0,1797.0,7555.0
regional_deterministic,1.0,timely_leagueews,20261002,dragon,60,europe,1500,5578.0,1808.0,1509.0,2708.0,900.0,3749.0
regional_deterministic,1.0,timely_leagueews,20261002,dragon,60,americas,1500,5751.0,1896.0,1570.0,2793.0,897.0,3806.0
regional_deterministic,1.0,timely_leagueews,20261002,teamfight,60,overall,3000,19795.0,1463.0,1128.0,3177.0,1714.0,13137.0
regional_deterministic,1.0,timely_leagueews,20261002,teamfight,60,europe,1500,9978.0,720.0,560.0,1540.0,820.0,6630.0
regional_deterministic,1.0,timely_leagueews,20261002,teamfight,60,americas,1500,9817.0,743.0,568.0,1637.0,894.0,6507.0
regional_deterministic,0.25,timely_tcn,20260930,baron,30,overall,3000,3241.0,575.0,308.0,1077.0,502.0,1091.0
regional_deterministic,0.25,timely_tcn,20260930,baron,30,europe,1500,1610.0,303.0,161.0,530.0,227.0,558.0
regional_deterministic,0.25,timely_tcn,20260930,baron,30,americas,1500,1631.0,272.0,147.0,547.0,275.0,533.0
regional_deterministic,0.25,timely_tcn,20260930,dragon,30,overall,3000,11329.0,486.0,390.0,832.0,346.0,3736.0
regional_deterministic,0.25,timely_tcn,20260930,dragon,30,europe,1500,5578.0,230.0,185.0,408.0,178.0,1834.0
regional_deterministic,0.25,timely_tcn,20260930,dragon,30,americas,1500,5751.0,256.0,205.0,424.0,168.0,1902.0
regional_deterministic,0.25,timely_tcn,20260930,teamfight,30,overall,3000,19795.0,352.0,212.0,878.0,526.0,6648.0
regional_deterministic,0.25,timely_tcn,20260930,teamfight,30,europe,1500,9978.0,171.0,103.0,435.0,264.0,3351.0
regional_deterministic,0.25,timely_tcn,20260930,teamfight,30,americas,1500,9817.0,181.0,109.0,443.0,262.0,3297.0
regional_deterministic,0.25,timely_tcn,20261001,baron,30,overall,3000,3241.0,544.0,291.0,949.0,405.0,1091.0
regional_deterministic,0.25,timely_tcn,20261001,baron,30,europe,1500,1610.0,290.0,152.0,475.0,185.0,558.0
regional_deterministic,0.25,timely_tcn,20261001,baron,30,americas,1500,1631.0,254.0,139.0,474.0,220.0,533.0
regional_deterministic,0.25,timely_tcn,20261001,dragon,30,overall,3000,11329.0,347.0,266.0,553.0,206.0,3736.0
regional_deterministic,0.25,timely_tcn,20261001,dragon,30,europe,1500,5578.0,159.0,122.0,262.0,103.0,1834.0
regional_deterministic,0.25,timely_tcn,20261001,dragon,30,americas,1500,5751.0,188.0,144.0,291.0,103.0,1902.0
regional_deterministic,0.25,timely_tcn,20261001,teamfight,30,overall,3000,19795.0,244.0,150.0,603.0,359.0,6648.0
regional_deterministic,0.25,timely_tcn,20261001,teamfight,30,europe,1500,9978.0,121.0,78.0,297.0,176.0,3351.0
regional_deterministic,0.25,timely_tcn,20261001,teamfight,30,americas,1500,9817.0,123.0,72.0,306.0,183.0,3297.0
regional_deterministic,0.25,timely_tcn,20261002,baron,30,overall,3000,3241.0,541.0,291.0,996.0,455.0,1091.0
regional_deterministic,0.25,timely_tcn,20261002,baron,30,europe,1500,1610.0,281.0,149.0,479.0,198.0,558.0
regional_deterministic,0.25,timely_tcn,20261002,baron,30,americas,1500,1631.0,260.0,142.0,517.0,257.0,533.0
regional_deterministic,0.25,timely_tcn,20261002,dragon,30,overall,3000,11329.0,494.0,382.0,863.0,369.0,3736.0
regional_deterministic,0.25,timely_tcn,20261002,dragon,30,europe,1500,5578.0,233.0,181.0,411.0,178.0,1834.0
regional_deterministic,0.25,timely_tcn,20261002,dragon,30,americas,1500,5751.0,261.0,201.0,452.0,191.0,1902.0
regional_deterministic,0.25,timely_tcn,20261002,teamfight,30,overall,3000,19795.0,303.0,179.0,690.0,387.0,6648.0
regional_deterministic,0.25,timely_tcn,20261002,teamfight,30,europe,1500,9978.0,93.0,62.0,202.0,109.0,3351.0
regional_deterministic,0.25,timely_tcn,20261002,teamfight,30,americas,1500,9817.0,210.0,117.0,488.0,278.0,3297.0
regional_deterministic,0.5,timely_tcn,20260930,baron,30,overall,3000,3241.0,774.0,442.0,1894.0,1120.0,1091.0
regional_deterministic,0.5,timely_tcn,20260930,baron,30,europe,1500,1610.0,402.0,225.0,917.0,515.0,558.0
regional_deterministic,0.5,timely_tcn,20260930,baron,30,americas,1500,1631.0,372.0,217.0,977.0,605.0,533.0
regional_deterministic,0.5,timely_tcn,20260930,dragon,30,overall,3000,11329.0,1364.0,921.0,2264.0,900.0,3736.0
regional_deterministic,0.5,timely_tcn,20260930,dragon,30,europe,1500,5578.0,656.0,437.0,1128.0,472.0,1834.0
regional_deterministic,0.5,timely_tcn,20260930,dragon,30,americas,1500,5751.0,708.0,484.0,1136.0,428.0,1902.0
regional_deterministic,0.5,timely_tcn,20260930,teamfight,30,overall,3000,19795.0,352.0,212.0,878.0,526.0,6648.0
regional_deterministic,0.5,timely_tcn,20260930,teamfight,30,europe,1500,9978.0,171.0,103.0,435.0,264.0,3351.0
regional_deterministic,0.5,timely_tcn,20260930,teamfight,30,americas,1500,9817.0,181.0,109.0,443.0,262.0,3297.0
regional_deterministic,0.5,timely_tcn,20261001,baron,30,overall,3000,3241.0,774.0,449.0,1814.0,1040.0,1091.0
regional_deterministic,0.5,timely_tcn,20261001,baron,30,europe,1500,1610.0,423.0,249.0,961.0,538.0,558.0
regional_deterministic,0.5,timely_tcn,20261001,baron,30,americas,1500,1631.0,351.0,200.0,853.0,502.0,533.0
regional_deterministic,0.5,timely_tcn,20261001,dragon,30,overall,3000,11329.0,1001.0,674.0,1614.0,613.0,3736.0
regional_deterministic,0.5,timely_tcn,20261001,dragon,30,europe,1500,5578.0,479.0,323.0,795.0,316.0,1834.0
regional_deterministic,0.5,timely_tcn,20261001,dragon,30,americas,1500,5751.0,522.0,351.0,819.0,297.0,1902.0
regional_deterministic,0.5,timely_tcn,20261001,teamfight,30,overall,3000,19795.0,578.0,341.0,1447.0,869.0,6648.0
regional_deterministic,0.5,timely_tcn,20261001,teamfight,30,europe,1500,9978.0,277.0,173.0,695.0,418.0,3351.0
regional_deterministic,0.5,timely_tcn,20261001,teamfight,30,americas,1500,9817.0,301.0,168.0,752.0,451.0,3297.0
regional_deterministic,0.5,timely_tcn,20261002,baron,30,overall,3000,3241.0,813.0,475.0,1946.0,1133.0,1091.0
regional_deterministic,0.5,timely_tcn,20261002,baron,30,europe,1500,1610.0,427.0,249.0,955.0,528.0,558.0
regional_deterministic,0.5,timely_tcn,20261002,baron,30,americas,1500,1631.0,386.0,226.0,991.0,605.0,533.0
regional_deterministic,0.5,timely_tcn,20261002,dragon,30,overall,3000,11329.0,1306.0,905.0,2244.0,938.0,3736.0
regional_deterministic,0.5,timely_tcn,20261002,dragon,30,europe,1500,5578.0,625.0,436.0,1111.0,486.0,1834.0
regional_deterministic,0.5,timely_tcn,20261002,dragon,30,americas,1500,5751.0,681.0,469.0,1133.0,452.0,1902.0
regional_deterministic,0.5,timely_tcn,20261002,teamfight,30,overall,3000,19795.0,399.0,233.0,942.0,543.0,6648.0
regional_deterministic,0.5,timely_tcn,20261002,teamfight,30,europe,1500,9978.0,189.0,116.0,454.0,265.0,3351.0
regional_deterministic,0.5,timely_tcn,20261002,teamfight,30,americas,1500,9817.0,210.0,117.0,488.0,278.0,3297.0
regional_deterministic,0.75,timely_tcn,20260930,baron,30,overall,3000,3241.0,985.0,596.0,2785.0,1800.0,1091.0
regional_deterministic,0.75,timely_tcn,20260930,baron,30,europe,1500,1610.0,506.0,302.0,1347.0,841.0,558.0
regional_deterministic,0.75,timely_tcn,20260930,baron,30,americas,1500,1631.0,479.0,294.0,1438.0,959.0,533.0
regional_deterministic,0.75,timely_tcn,20260930,dragon,30,overall,3000,11329.0,1364.0,921.0,2264.0,900.0,3736.0
regional_deterministic,0.75,timely_tcn,20260930,dragon,30,europe,1500,5578.0,656.0,437.0,1128.0,472.0,1834.0
regional_deterministic,0.75,timely_tcn,20260930,dragon,30,americas,1500,5751.0,708.0,484.0,1136.0,428.0,1902.0
regional_deterministic,0.75,timely_tcn,20260930,teamfight,30,overall,3000,19795.0,735.0,443.0,1927.0,1192.0,6648.0
regional_deterministic,0.75,timely_tcn,20260930,teamfight,30,europe,1500,9978.0,343.0,213.0,935.0,592.0,3351.0
regional_deterministic,0.75,timely_tcn,20260930,teamfight,30,americas,1500,9817.0,392.0,230.0,992.0,600.0,3297.0
regional_deterministic,0.75,timely_tcn,20261001,baron,30,overall,3000,3241.0,951.0,574.0,2755.0,1804.0,1091.0
regional_deterministic,0.75,timely_tcn,20261001,baron,30,europe,1500,1610.0,512.0,310.0,1440.0,928.0,558.0
regional_deterministic,0.75,timely_tcn,20261001,baron,30,americas,1500,1631.0,439.0,264.0,1315.0,876.0,533.0
regional_deterministic,0.75,timely_tcn,20261001,dragon,30,overall,3000,11329.0,2066.0,1260.0,3305.0,1239.0,3736.0
regional_deterministic,0.75,timely_tcn,20261001,dragon,30,europe,1500,5578.0,988.0,608.0,1620.0,632.0,1834.0
regional_deterministic,0.75,timely_tcn,20261001,dragon,30,americas,1500,5751.0,1078.0,652.0,1685.0,607.0,1902.0
regional_deterministic,0.75,timely_tcn,20261001,teamfight,30,overall,3000,19795.0,578.0,341.0,1447.0,869.0,6648.0
regional_deterministic,0.75,timely_tcn,20261001,teamfight,30,europe,1500,9978.0,277.0,173.0,695.0,418.0,3351.0
regional_deterministic,0.75,timely_tcn,20261001,teamfight,30,americas,1500,9817.0,301.0,168.0,752.0,451.0,3297.0
regional_deterministic,0.75,timely_tcn,20261002,baron,30,overall,3000,3241.0,961.0,574.0,2660.0,1699.0,1091.0
regional_deterministic,0.75,timely_tcn,20261002,baron,30,europe,1500,1610.0,494.0,297.0,1299.0,805.0,558.0
regional_deterministic,0.75,timely_tcn,20261002,baron,30,americas,1500,1631.0,467.0,277.0,1361.0,894.0,533.0
regional_deterministic,0.75,timely_tcn,20261002,dragon,30,overall,3000,11329.0,1306.0,905.0,2244.0,938.0,3736.0
regional_deterministic,0.75,timely_tcn,20261002,dragon,30,europe,1500,5578.0,625.0,436.0,1111.0,486.0,1834.0
regional_deterministic,0.75,timely_tcn,20261002,dragon,30,americas,1500,5751.0,681.0,469.0,1133.0,452.0,1902.0
regional_deterministic,0.75,timely_tcn,20261002,teamfight,30,overall,3000,19795.0,728.0,440.0,1888.0,1160.0,6648.0
regional_deterministic,0.75,timely_tcn,20261002,teamfight,30,europe,1500,9978.0,343.0,222.0,914.0,571.0,3351.0
regional_deterministic,0.75,timely_tcn,20261002,teamfight,30,americas,1500,9817.0,385.0,218.0,974.0,589.0,3297.0
regional_deterministic,1.0,timely_tcn,20260930,baron,30,overall,3000,3241.0,1096.0,677.0,3573.0,2477.0,1091.0
regional_deterministic,1.0,timely_tcn,20260930,baron,30,europe,1500,1610.0,571.0,352.0,1801.0,1230.0,558.0
regional_deterministic,1.0,timely_tcn,20260930,baron,30,americas,1500,1631.0,525.0,325.0,1772.0,1247.0,533.0
regional_deterministic,1.0,timely_tcn,20260930,dragon,30,overall,3000,11329.0,2298.0,1458.0,3875.0,1577.0,3736.0
regional_deterministic,1.0,timely_tcn,20260930,dragon,30,europe,1500,5578.0,1100.0,699.0,1903.0,803.0,1834.0
regional_deterministic,1.0,timely_tcn,20260930,dragon,30,americas,1500,5751.0,1198.0,759.0,1972.0,774.0,1902.0
regional_deterministic,1.0,timely_tcn,20260930,teamfight,30,overall,3000,19795.0,1195.0,721.0,3388.0,2193.0,6648.0
regional_deterministic,1.0,timely_tcn,20260930,teamfight,30,europe,1500,9978.0,578.0,361.0,1681.0,1103.0,3351.0
regional_deterministic,1.0,timely_tcn,20260930,teamfight,30,americas,1500,9817.0,617.0,360.0,1707.0,1090.0,3297.0
regional_deterministic,1.0,timely_tcn,20261001,baron,30,overall,3000,3241.0,1112.0,687.0,3692.0,2580.0,1091.0
regional_deterministic,1.0,timely_tcn,20261001,baron,30,europe,1500,1610.0,572.0,350.0,1794.0,1222.0,558.0
regional_deterministic,1.0,timely_tcn,20261001,baron,30,americas,1500,1631.0,540.0,337.0,1898.0,1358.0,533.0
regional_deterministic,1.0,timely_tcn,20261001,dragon,30,overall,3000,11329.0,2066.0,1260.0,3305.0,1239.0,3736.0
regional_deterministic,1.0,timely_tcn,20261001,dragon,30,europe,1500,5578.0,988.0,608.0,1620.0,632.0,1834.0
regional_deterministic,1.0,timely_tcn,20261001,dragon,30,americas,1500,5751.0,1078.0,652.0,1685.0,607.0,1902.0
regional_deterministic,1.0,timely_tcn,20261001,teamfight,30,overall,3000,19795.0,1041.0,616.0,2888.0,1847.0,6648.0
regional_deterministic,1.0,timely_tcn,20261001,teamfight,30,europe,1500,9978.0,500.0,304.0,1415.0,915.0,3351.0
regional_deterministic,1.0,timely_tcn,20261001,teamfight,30,americas,1500,9817.0,541.0,312.0,1473.0,932.0,3297.0
regional_deterministic,1.0,timely_tcn,20261002,baron,30,overall,3000,3241.0,1123.0,689.0,3643.0,2520.0,1091.0
regional_deterministic,1.0,timely_tcn,20261002,baron,30,europe,1500,1610.0,592.0,362.0,1875.0,1283.0,558.0
regional_deterministic,1.0,timely_tcn,20261002,baron,30,americas,1500,1631.0,531.0,327.0,1768.0,1237.0,533.0
regional_deterministic,1.0,timely_tcn,20261002,dragon,30,overall,3000,11329.0,2483.0,1581.0,4254.0,1771.0,3736.0
regional_deterministic,1.0,timely_tcn,20261002,dragon,30,europe,1500,5578.0,1196.0,771.0,2094.0,898.0,1834.0
regional_deterministic,1.0,timely_tcn,20261002,dragon,30,americas,1500,5751.0,1287.0,810.0,2160.0,873.0,1902.0
regional_deterministic,1.0,timely_tcn,20261002,teamfight,30,overall,3000,19795.0,1204.0,719.0,3420.0,2216.0,6648.0
regional_deterministic,1.0,timely_tcn,20261002,teamfight,30,europe,1500,9978.0,569.0,347.0,1696.0,1127.0,3351.0
regional_deterministic,1.0,timely_tcn,20261002,teamfight,30,americas,1500,9817.0,635.0,372.0,1724.0,1089.0,3297.0
regional_deterministic,0.25,timely_tcn,20260930,baron,60,overall,3000,3241.0,369.0,189.0,783.0,414.0,2152.0
regional_deterministic,0.25,timely_tcn,20260930,baron,60,europe,1500,1610.0,193.0,103.0,386.0,193.0,1048.0
regional_deterministic,0.25,timely_tcn,20260930,baron,60,americas,1500,1631.0,176.0,86.0,397.0,221.0,1104.0
regional_deterministic,0.25,timely_tcn,20260930,dragon,60,overall,3000,11329.0,721.0,674.0,980.0,259.0,7555.0
regional_deterministic,0.25,timely_tcn,20260930,dragon,60,europe,1500,5578.0,347.0,329.0,457.0,110.0,3749.0
regional_deterministic,0.25,timely_tcn,20260930,dragon,60,americas,1500,5751.0,374.0,345.0,523.0,149.0,3806.0
regional_deterministic,0.25,timely_tcn,20260930,teamfight,60,overall,3000,19795.0,342.0,284.0,667.0,325.0,13137.0
regional_deterministic,0.25,timely_tcn,20260930,teamfight,60,europe,1500,9978.0,166.0,140.0,321.0,155.0,6630.0
regional_deterministic,0.25,timely_tcn,20260930,teamfight,60,americas,1500,9817.0,176.0,144.0,346.0,170.0,6507.0
regional_deterministic,0.25,timely_tcn,20261001,baron,60,overall,3000,3241.0,329.0,163.0,683.0,354.0,2152.0
regional_deterministic,0.25,timely_tcn,20261001,baron,60,europe,1500,1610.0,171.0,90.0,335.0,164.0,1048.0
regional_deterministic,0.25,timely_tcn,20261001,baron,60,americas,1500,1631.0,158.0,73.0,348.0,190.0,1104.0
regional_deterministic,0.25,timely_tcn,20261001,dragon,60,overall,3000,11329.0,1373.0,1227.0,1880.0,507.0,7555.0
regional_deterministic,0.25,timely_tcn,20261001,dragon,60,europe,1500,5578.0,667.0,597.0,898.0,231.0,3749.0
regional_deterministic,0.25,timely_tcn,20261001,dragon,60,americas,1500,5751.0,706.0,630.0,982.0,276.0,3806.0
regional_deterministic,0.25,timely_tcn,20261001,teamfight,60,overall,3000,19795.0,255.0,211.0,482.0,227.0,13137.0
regional_deterministic,0.25,timely_tcn,20261001,teamfight,60,europe,1500,9978.0,117.0,99.0,222.0,105.0,6630.0
regional_deterministic,0.25,timely_tcn,20261001,teamfight,60,americas,1500,9817.0,138.0,112.0,260.0,122.0,6507.0
regional_deterministic,0.25,timely_tcn,20261002,baron,60,overall,3000,3241.0,219.0,112.0,491.0,272.0,2152.0
regional_deterministic,0.25,timely_tcn,20261002,baron,60,europe,1500,1610.0,114.0,62.0,243.0,129.0,1048.0
regional_deterministic,0.25,timely_tcn,20261002,baron,60,americas,1500,1631.0,105.0,50.0,248.0,143.0,1104.0
regional_deterministic,0.25,timely_tcn,20261002,dragon,60,overall,3000,11329.0,579.0,547.0,785.0,206.0,7555.0
regional_deterministic,0.25,timely_tcn,20261002,dragon,60,europe,1500,5578.0,276.0,262.0,361.0,85.0,3749.0
regional_deterministic,0.25,timely_tcn,20261002,dragon,60,americas,1500,5751.0,303.0,285.0,424.0,121.0,3806.0
regional_deterministic,0.25,timely_tcn,20261002,teamfight,60,overall,3000,19795.0,272.0,219.0,521.0,249.0,13137.0
regional_deterministic,0.25,timely_tcn,20261002,teamfight,60,europe,1500,9978.0,131.0,108.0,248.0,117.0,6630.0
regional_deterministic,0.25,timely_tcn,20261002,teamfight,60,americas,1500,9817.0,141.0,111.0,273.0,132.0,6507.0
regional_deterministic,0.5,timely_tcn,20260930,baron,60,overall,3000,3241.0,762.0,413.0,1707.0,945.0,2152.0
regional_deterministic,0.5,timely_tcn,20260930,baron,60,europe,1500,1610.0,387.0,214.0,838.0,451.0,1048.0
regional_deterministic,0.5,timely_tcn,20260930,baron,60,americas,1500,1631.0,375.0,199.0,869.0,494.0,1104.0
regional_deterministic,0.5,timely_tcn,20260930,dragon,60,overall,3000,11329.0,1740.0,1573.0,2450.0,710.0,7555.0
regional_deterministic,0.5,timely_tcn,20260930,dragon,60,europe,1500,5578.0,863.0,777.0,1215.0,352.0,3749.0
regional_deterministic,0.5,timely_tcn,20260930,dragon,60,americas,1500,5751.0,877.0,796.0,1235.0,358.0,3806.0
regional_deterministic,0.5,timely_tcn,20260930,teamfight,60,overall,3000,19795.0,858.0,690.0,1846.0,988.0,13137.0
regional_deterministic,0.5,timely_tcn,20260930,teamfight,60,europe,1500,9978.0,422.0,340.0,879.0,457.0,6630.0
regional_deterministic,0.5,timely_tcn,20260930,teamfight,60,americas,1500,9817.0,436.0,350.0,967.0,531.0,6507.0
regional_deterministic,0.5,timely_tcn,20261001,baron,60,overall,3000,3241.0,698.0,370.0,1500.0,802.0,2152.0
regional_deterministic,0.5,timely_tcn,20261001,baron,60,europe,1500,1610.0,353.0,194.0,727.0,374.0,1048.0
regional_deterministic,0.5,timely_tcn,20261001,baron,60,americas,1500,1631.0,345.0,176.0,773.0,428.0,1104.0
regional_deterministic,0.5,timely_tcn,20261001,dragon,60,overall,3000,11329.0,2424.0,2079.0,3414.0,990.0,7555.0
regional_deterministic,0.5,timely_tcn,20261001,dragon,60,europe,1500,5578.0,1189.0,1017.0,1683.0,494.0,3749.0
regional_deterministic,0.5,timely_tcn,20261001,dragon,60,americas,1500,5751.0,1235.0,1062.0,1731.0,496.0,3806.0
regional_deterministic,0.5,timely_tcn,20261001,teamfight,60,overall,3000,19795.0,714.0,556.0,1480.0,766.0,13137.0
regional_deterministic,0.5,timely_tcn,20261001,teamfight,60,europe,1500,9978.0,358.0,282.0,706.0,348.0,6630.0
regional_deterministic,0.5,timely_tcn,20261001,teamfight,60,americas,1500,9817.0,356.0,274.0,774.0,418.0,6507.0
regional_deterministic,0.5,timely_tcn,20261002,baron,60,overall,3000,3241.0,628.0,358.0,1470.0,842.0,2152.0
regional_deterministic,0.5,timely_tcn,20261002,baron,60,europe,1500,1610.0,324.0,194.0,733.0,409.0,1048.0
regional_deterministic,0.5,timely_tcn,20261002,baron,60,americas,1500,1631.0,304.0,164.0,737.0,433.0,1104.0
regional_deterministic,0.5,timely_tcn,20261002,dragon,60,overall,3000,11329.0,2464.0,2201.0,3615.0,1151.0,7555.0
regional_deterministic,0.5,timely_tcn,20261002,dragon,60,europe,1500,5578.0,1213.0,1074.0,1794.0,581.0,3749.0
regional_deterministic,0.5,timely_tcn,20261002,dragon,60,americas,1500,5751.0,1251.0,1127.0,1821.0,570.0,3806.0
regional_deterministic,0.5,timely_tcn,20261002,teamfight,60,overall,3000,19795.0,778.0,626.0,1639.0,861.0,13137.0
regional_deterministic,0.5,timely_tcn,20261002,teamfight,60,europe,1500,9978.0,385.0,312.0,787.0,402.0,6630.0
regional_deterministic,0.5,timely_tcn,20261002,teamfight,60,americas,1500,9817.0,393.0,314.0,852.0,459.0,6507.0
regional_deterministic,0.75,timely_tcn,20260930,baron,60,overall,3000,3241.0,1172.0,626.0,2718.0,1546.0,2152.0
regional_deterministic,0.75,timely_tcn,20260930,baron,60,europe,1500,1610.0,589.0,318.0,1311.0,722.0,1048.0
regional_deterministic,0.75,timely_tcn,20260930,baron,60,americas,1500,1631.0,583.0,308.0,1407.0,824.0,1104.0
regional_deterministic,0.75,timely_tcn,20260930,dragon,60,overall,3000,11329.0,2672.0,2339.0,3933.0,1261.0,7555.0
regional_deterministic,0.75,timely_tcn,20260930,dragon,60,europe,1500,5578.0,1296.0,1131.0,1928.0,632.0,3749.0
regional_deterministic,0.75,timely_tcn,20260930,dragon,60,americas,1500,5751.0,1376.0,1208.0,2005.0,629.0,3806.0
regional_deterministic,0.75,timely_tcn,20260930,teamfight,60,overall,3000,19795.0,858.0,690.0,1846.0,988.0,13137.0
regional_deterministic,0.75,timely_tcn,20260930,teamfight,60,europe,1500,9978.0,422.0,340.0,879.0,457.0,6630.0
regional_deterministic,0.75,timely_tcn,20260930,teamfight,60,americas,1500,9817.0,436.0,350.0,967.0,531.0,6507.0
regional_deterministic,0.75,timely_tcn,20261001,baron,60,overall,3000,3241.0,1092.0,578.0,2465.0,1373.0,2152.0
regional_deterministic,0.75,timely_tcn,20261001,baron,60,europe,1500,1610.0,560.0,291.0,1200.0,640.0,1048.0
regional_deterministic,0.75,timely_tcn,20261001,baron,60,americas,1500,1631.0,532.0,287.0,1265.0,733.0,1104.0
regional_deterministic,0.75,timely_tcn,20261001,dragon,60,overall,3000,11329.0,3340.0,2753.0,4811.0,1471.0,7555.0
regional_deterministic,0.75,timely_tcn,20261001,dragon,60,europe,1500,5578.0,1644.0,1360.0,2372.0,728.0,3749.0
regional_deterministic,0.75,timely_tcn,20261001,dragon,60,americas,1500,5751.0,1696.0,1393.0,2439.0,743.0,3806.0
regional_deterministic,0.75,timely_tcn,20261001,teamfight,60,overall,3000,19795.0,1160.0,893.0,2464.0,1304.0,13137.0
regional_deterministic,0.75,timely_tcn,20261001,teamfight,60,europe,1500,9978.0,804.0,619.0,1690.0,886.0,6630.0
regional_deterministic,0.75,timely_tcn,20261001,teamfight,60,americas,1500,9817.0,356.0,274.0,774.0,418.0,6507.0
regional_deterministic,0.75,timely_tcn,20261002,baron,60,overall,3000,3241.0,1126.0,639.0,2742.0,1616.0,2152.0
regional_deterministic,0.75,timely_tcn,20261002,baron,60,europe,1500,1610.0,570.0,323.0,1344.0,774.0,1048.0
regional_deterministic,0.75,timely_tcn,20261002,baron,60,americas,1500,1631.0,556.0,316.0,1398.0,842.0,1104.0
regional_deterministic,0.75,timely_tcn,20261002,dragon,60,overall,3000,11329.0,3305.0,2823.0,4914.0,1609.0,7555.0
regional_deterministic,0.75,timely_tcn,20261002,dragon,60,europe,1500,5578.0,1611.0,1377.0,2420.0,809.0,3749.0
regional_deterministic,0.75,timely_tcn,20261002,dragon,60,americas,1500,5751.0,1694.0,1446.0,2494.0,800.0,3806.0
regional_deterministic,0.75,timely_tcn,20261002,teamfight,60,overall,3000,19795.0,778.0,626.0,1639.0,861.0,13137.0
regional_deterministic,0.75,timely_tcn,20261002,teamfight,60,europe,1500,9978.0,385.0,312.0,787.0,402.0,6630.0
regional_deterministic,0.75,timely_tcn,20261002,teamfight,60,americas,1500,9817.0,393.0,314.0,852.0,459.0,6507.0
regional_deterministic,1.0,timely_tcn,20260930,baron,60,overall,3000,3241.0,1561.0,845.0,3764.0,2203.0,2152.0
regional_deterministic,1.0,timely_tcn,20260930,baron,60,europe,1500,1610.0,774.0,415.0,1789.0,1015.0,1048.0
regional_deterministic,1.0,timely_tcn,20260930,baron,60,americas,1500,1631.0,787.0,430.0,1975.0,1188.0,1104.0
regional_deterministic,1.0,timely_tcn,20260930,dragon,60,overall,3000,11329.0,3493.0,2938.0,5225.0,1732.0,7555.0
regional_deterministic,1.0,timely_tcn,20260930,dragon,60,europe,1500,5578.0,1712.0,1440.0,2582.0,870.0,3749.0
regional_deterministic,1.0,timely_tcn,20260930,dragon,60,americas,1500,5751.0,1781.0,1498.0,2643.0,862.0,3806.0
regional_deterministic,1.0,timely_tcn,20260930,teamfight,60,overall,3000,19795.0,1718.0,1332.0,3881.0,2163.0,13137.0
regional_deterministic,1.0,timely_tcn,20260930,teamfight,60,europe,1500,9978.0,851.0,654.0,1880.0,1029.0,6630.0
regional_deterministic,1.0,timely_tcn,20260930,teamfight,60,americas,1500,9817.0,867.0,678.0,2001.0,1134.0,6507.0
regional_deterministic,1.0,timely_tcn,20261001,baron,60,overall,3000,3241.0,1471.0,807.0,3509.0,2038.0,2152.0
regional_deterministic,1.0,timely_tcn,20261001,baron,60,europe,1500,1610.0,745.0,407.0,1709.0,964.0,1048.0
regional_deterministic,1.0,timely_tcn,20261001,baron,60,americas,1500,1631.0,726.0,400.0,1800.0,1074.0,1104.0
regional_deterministic,1.0,timely_tcn,20261001,dragon,60,overall,3000,11329.0,4239.0,3335.0,6165.0,1926.0,7555.0
regional_deterministic,1.0,timely_tcn,20261001,dragon,60,europe,1500,5578.0,2082.0,1642.0,3057.0,975.0,3749.0
regional_deterministic,1.0,timely_tcn,20261001,dragon,60,americas,1500,5751.0,2157.0,1693.0,3108.0,951.0,3806.0
regional_deterministic,1.0,timely_tcn,20261001,teamfight,60,overall,3000,19795.0,1599.0,1235.0,3518.0,1919.0,13137.0
regional_deterministic,1.0,timely_tcn,20261001,teamfight,60,europe,1500,9978.0,804.0,619.0,1690.0,886.0,6630.0
regional_deterministic,1.0,timely_tcn,20261001,teamfight,60,americas,1500,9817.0,795.0,616.0,1828.0,1033.0,6507.0
regional_deterministic,1.0,timely_tcn,20261002,baron,60,overall,3000,3241.0,1357.0,771.0,3367.0,2010.0,2152.0
regional_deterministic,1.0,timely_tcn,20261002,baron,60,europe,1500,1610.0,801.0,455.0,1969.0,1168.0,1048.0
regional_deterministic,1.0,timely_tcn,20261002,baron,60,americas,1500,1631.0,556.0,316.0,1398.0,842.0,1104.0
regional_deterministic,1.0,timely_tcn,20261002,dragon,60,overall,3000,11329.0,4162.0,3360.0,6249.0,2087.0,7555.0
regional_deterministic,1.0,timely_tcn,20261002,dragon,60,europe,1500,5578.0,2034.0,1641.0,3083.0,1049.0,3749.0
regional_deterministic,1.0,timely_tcn,20261002,dragon,60,americas,1500,5751.0,2128.0,1719.0,3166.0,1038.0,3806.0
regional_deterministic,1.0,timely_tcn,20261002,teamfight,60,overall,3000,19795.0,1667.0,1291.0,3662.0,1995.0,13137.0
regional_deterministic,1.0,timely_tcn,20261002,teamfight,60,europe,1500,9978.0,852.0,650.0,1805.0,953.0,6630.0
regional_deterministic,1.0,timely_tcn,20261002,teamfight,60,americas,1500,9817.0,815.0,641.0,1857.0,1042.0,6507.0
matched_early_mixture,0.25,leagueews,20260930,baron,30,overall,3000,3241.0,575.822776320202,313.2657763399287,1066.754591363696,490.93181504349724,1091.0
matched_early_mixture,0.25,leagueews,20260930,baron,30,europe,1500,1610.0,301.6816720257231,159.37620578778137,535.7331189710596,234.0514469453375,558.0
matched_early_mixture,0.25,leagueews,20260930,baron,30,americas,1500,1631.0,274.14110429447896,153.88957055214746,531.0214723926396,256.8803680981604,533.0
matched_early_mixture,0.25,leagueews,20260930,dragon,30,overall,3000,11329.0,824.4186715782223,438.96914930356087,1221.0055254978881,396.58685391965236,3736.0
matched_early_mixture,0.25,leagueews,20260930,dragon,30,europe,1500,5578.0,382.19178082191956,207.87671232876613,590.7534246575397,208.5616438356154,1834.0
matched_early_mixture,0.25,leagueews,20260930,dragon,30,americas,1500,5751.0,442.2268907563051,231.0924369747888,630.252100840334,188.0252100840333,1902.0
matched_early_mixture,0.25,leagueews,20260930,teamfight,30,overall,3000,19795.0,472.156016958861,219.08953851023176,1006.8395527183992,534.6835357595343,6648.0
matched_early_mixture,0.25,leagueews,20260930,teamfight,30,europe,1500,9978.0,208.68187274909897,106.11284513805496,473.8235294117689,265.14165666266456,3351.0
matched_early_mixture,0.25,leagueews,20260930,teamfight,30,americas,1500,9817.0,263.47414420975826,112.97669337217712,533.0160233066239,269.54187909686607,3297.0
matched_early_mixture,0.25,leagueews,20261001,baron,30,overall,3000,3241.0,600.792931975089,329.8270168493219,1067.6603099502759,466.8673779751859,1091.0
matched_early_mixture,0.25,leagueews,20261001,baron,30,europe,1500,1610.0,317.390334572491,167.76208178438662,539.9070631970277,222.51672862453563,558.0
matched_early_mixture,0.25,leagueews,20261001,baron,30,americas,1500,1631.0,283.4025974025974,162.06493506493504,527.7532467532471,244.35064935064926,533.0
matched_early_mixture,0.25,leagueews,20261001,dragon,30,overall,3000,11329.0,907.9111295681128,466.408845514949,1252.1490863787487,344.2379568106312,3736.0
matched_early_mixture,0.25,leagueews,20261001,dragon,30,europe,1500,5578.0,415.178571428568,214.9553571428579,579.9107142857109,164.73214285714326,1834.0
matched_early_mixture,0.25,leagueews,20261001,dragon,30,americas,1500,5751.0,492.73255813953784,251.45348837209426,672.2383720930272,179.50581395348897,1902.0
matched_early_mixture,0.25,leagueews,20261001,teamfight,30,overall,3000,19795.0,414.0853903559139,186.67345962495168,907.1047646383519,493.0193742824349,6648.0
matched_early_mixture,0.25,leagueews,20261001,teamfight,30,europe,1500,9978.0,201.9230769230769,95.35256410256436,427.8846153846136,225.96153846153845,3351.0
matched_early_mixture,0.25,leagueews,20261001,teamfight,30,americas,1500,9817.0,212.16231343283513,91.32089552238827,479.22014925373384,267.0578358208951,3297.0
matched_early_mixture,0.25,leagueews,20261002,baron,30,overall,3000,3241.0,572.0927948456031,309.88783688221883,1055.8340143003015,483.7412194547025,1091.0
matched_early_mixture,0.25,leagueews,20261002,baron,30,europe,1500,1610.0,309.64335664335647,166.78671328671336,533.2272727272709,223.58391608391628,558.0
matched_early_mixture,0.25,leagueews,20261002,baron,30,americas,1500,1631.0,262.44943820224705,143.10112359550558,522.6067415730347,260.1573033707863,533.0
matched_early_mixture,0.25,leagueews,20261002,dragon,30,overall,3000,11329.0,951.7830611047693,488.6823108037146,1292.0795998394385,340.29653873467595,3736.0
matched_early_mixture,0.25,leagueews,20261002,dragon,30,europe,1500,5578.0,441.58992805755156,224.73381294964065,598.4100719424416,156.8201438848923,1834.0
matched_early_mixture,0.25,leagueews,20261002,dragon,30,americas,1500,5751.0,510.1931330472074,263.948497854076,693.6695278970004,183.47639484978484,1902.0
matched_early_mixture,0.25,leagueews,20261002,teamfight,30,overall,3000,19795.0,437.0762355003172,213.8115720054442,919.5669161083828,482.49068060806286,6648.0
matched_early_mixture,0.25,leagueews,20261002,teamfight,30,europe,1500,9978.0,219.82599580712838,108.9266247379453,448.32914046121397,228.5031446540886,3351.0
matched_early_mixture,0.25,leagueews,20261002,teamfight,30,americas,1500,9817.0,217.25023969319412,104.88494726749789,471.2377756471687,253.98753595398085,3297.0
matched_early_mixture,0.5,leagueews,20260930,baron,30,overall,3000,3241.0,843.6358423925506,496.0533920462376,2035.1099032154543,1191.474060822901,1091.0
matched_early_mixture,0.5,leagueews,20260930,baron,30,europe,1500,1610.0,438.5660749506914,252.72781065088736,1016.4122287968438,577.8461538461565,558.0
matched_early_mixture,0.5,leagueews,20260930,baron,30,americas,1500,1631.0,405.0697674418607,243.3255813953488,1018.697674418607,613.6279069767455,533.0
matched_early_mixture,0.5,leagueews,20260930,dragon,30,overall,3000,11329.0,1639.7286943872216,876.8861680203728,2439.3829555098046,799.6542611225666,3736.0
matched_early_mixture,0.5,leagueews,20260930,dragon,30,europe,1500,5578.0,764.3835616438391,415.75342465753226,1181.5068493150793,417.1232876712308,1834.0
matched_early_mixture,0.5,leagueews,20260930,dragon,30,americas,1500,5751.0,875.3451327433673,461.13274336283337,1257.876106194699,382.53097345132875,1902.0
matched_early_mixture,0.5,leagueews,20260930,teamfight,30,overall,3000,19795.0,845.47005488283,408.50321366711484,1948.862173857134,1103.3921189743035,6648.0
matched_early_mixture,0.5,leagueews,20260930,teamfight,30,europe,1500,9978.0,408.5618247298923,207.8535414165668,937.0588235294008,528.4969987995196,3351.0
matched_early_mixture,0.5,leagueews,20260930,teamfight,30,americas,1500,9817.0,436.90823015295257,200.64967225054687,1011.8033503277411,574.8951201748,3297.0
matched_early_mixture,0.5,leagueews,20261001,baron,30,overall,3000,3241.0,846.0474308300409,493.9011857707512,2001.3109354413552,1155.2635046113314,1091.0
matched_early_mixture,0.5,leagueews,20261001,baron,30,europe,1500,1610.0,441.65612648221304,252.5968379446642,1000.383399209488,558.7272727272714,558.0
matched_early_mixture,0.5,leagueews,20261001,baron,30,americas,1500,1631.0,404.39130434782635,241.30434782608674,1000.927536231888,596.5362318840597,533.0
matched_early_mixture,0.5,leagueews,20261001,dragon,30,overall,3000,11329.0,1675.440583129191,903.0627892205795,2429.352176148582,753.9115930193875,3736.0
matched_early_mixture,0.5,leagueews,20261001,dragon,30,europe,1500,5578.0,797.7022653721715,431.6796116504861,1169.7540453074496,372.05177993527536,1834.0
matched_early_mixture,0.5,leagueews,20261001,dragon,30,americas,1500,5751.0,877.7383177570069,471.38317757009213,1259.5981308411242,381.85981308411095,1902.0
matched_early_mixture,0.5,leagueews,20261001,teamfight,30,overall,3000,19795.0,786.8320895522473,373.55119307918903,1844.971907976078,1058.1398184238215,6648.0
matched_early_mixture,0.5,leagueews,20261001,teamfight,30,europe,1500,9978.0,392.99999999999966,191.7452229299364,892.3375796178378,499.33757961783334,3351.0
matched_early_mixture,0.5,leagueews,20261001,teamfight,30,americas,1500,9817.0,393.83208955223716,181.805970149253,952.6343283582206,558.8022388059699,3297.0
matched_early_mixture,0.5,leagueews,20261002,baron,30,overall,3000,3241.0,839.346013986014,483.08906293706303,2023.609174825178,1184.2631608391632,1091.0
matched_early_mixture,0.5,leagueews,20261002,baron,30,europe,1500,1610.0,432.36000000000035,249.15199999999996,977.7839999999986,545.4240000000009,558.0
matched_early_mixture,0.5,leagueews,20261002,baron,30,americas,1500,1631.0,406.9860139860137,233.93706293706282,1045.8251748251778,638.8391608391611,533.0
matched_early_mixture,0.5,leagueews,20261002,dragon,30,overall,3000,11329.0,1674.8331771321448,901.6145966709411,2442.4139683461467,767.5807912140192,3736.0
matched_early_mixture,0.5,leagueews,20261002,dragon,30,europe,1500,5578.0,797.0909090909146,431.61459667093743,1187.352112676066,390.2612035851494,1834.0
matched_early_mixture,0.5,leagueews,20261002,dragon,30,americas,1500,5751.0,877.7422680412415,470.0000000000016,1255.0618556701027,377.3195876288662,1902.0
matched_early_mixture,0.5,leagueews,20261002,teamfight,30,overall,3000,19795.0,815.1313680204462,407.59572384407966,1841.477872610974,1026.3465045905027,6648.0
matched_early_mixture,0.5,leagueews,20261002,teamfight,30,europe,1500,9978.0,401.2128637059736,203.47779479326167,900.3215926493074,499.1087289433406,3351.0
matched_early_mixture,0.5,leagueews,20261002,teamfight,30,americas,1500,9817.0,413.9185043144814,204.11792905081603,941.1562799616463,527.2377756471765,3297.0
matched_early_mixture,0.75,leagueews,20260930,baron,30,overall,3000,3241.0,1011.8746438746443,613.484330484331,2905.6524216524253,1893.7777777777644,1091.0
matched_early_mixture,0.75,leagueews,20260930,baron,30,europe,1500,1610.0,530.2820512820516,317.07692307692275,1454.2820512820444,924.0000000000035,558.0
matched_early_mixture,0.75,leagueews,20260930,baron,30,americas,1500,1631.0,481.5925925925927,296.4074074074073,1451.3703703703661,969.7777777777754,533.0
matched_early_mixture,0.75,leagueews,20260930,dragon,30,overall,3000,11329.0,2351.380984400217,1296.5638784292676,3622.4363905325426,1271.0554061323355,3736.0
matched_early_mixture,0.75,leagueews,20260930,dragon,30,europe,1500,5578.0,1138.7218934911268,622.1775147928996,1771.6863905325386,632.9644970414206,1834.0
matched_early_mixture,0.75,leagueews,20260930,dragon,30,americas,1500,5751.0,1212.6590909090964,674.3863636363643,1850.7500000000127,638.0909090909106,1902.0
matched_early_mixture,0.75,leagueews,20260930,teamfight,30,overall,3000,19795.0,1181.6756494294823,584.3226511289178,2844.2573440155184,1662.5816945860838,6648.0
matched_early_mixture,0.75,leagueews,20260930,teamfight,30,europe,1500,9978.0,571.333333333333,296.00000000000006,1353.6666666666692,782.3333333333318,3351.0
matched_early_mixture,0.75,leagueews,20260930,teamfight,30,americas,1500,9817.0,610.3423160961443,288.3226511289144,1490.590677348889,880.2483612527392,3297.0
matched_early_mixture,0.75,leagueews,20261001,baron,30,overall,3000,3241.0,1014.4486736900582,614.6391782235189,2881.7388647501043,1867.2901910600401,1091.0
matched_early_mixture,0.75,leagueews,20261001,baron,30,europe,1500,1610.0,525.6782334384864,317.2586750788645,1433.9589905362732,908.2807570977905,558.0
matched_early_mixture,0.75,leagueews,20261001,baron,30,americas,1500,1631.0,488.7704402515725,297.3805031446542,1447.7798742138282,959.0094339622651,533.0
matched_early_mixture,0.75,leagueews,20261001,dragon,30,overall,3000,11329.0,2295.331720811984,1288.5223298067187,3576.3084077909098,1280.9766869789476,3736.0
matched_early_mixture,0.75,leagueews,20261001,dragon,30,europe,1500,5578.0,1136.060869565212,630.1130434782597,1774.0521739130304,637.9913043478251,1834.0
matched_early_mixture,0.75,leagueews,20261001,dragon,30,americas,1500,5751.0,1159.2708512467714,658.4092863284608,1802.256233877903,642.985382631127,1902.0
matched_early_mixture,0.75,leagueews,20261001,teamfight,30,overall,3000,19795.0,1127.7411433240106,551.2662140763438,2739.9875593814045,1612.2464160573952,6648.0
matched_early_mixture,0.75,leagueews,20261001,teamfight,30,europe,1500,9978.0,552.2392776523709,278.97516930022556,1313.9390519187323,761.6997742663683,3351.0
matched_early_mixture,0.75,leagueews,20261001,teamfight,30,americas,1500,9817.0,575.5018656716388,272.29104477611975,1426.0485074626756,850.5466417910428,3297.0
matched_early_mixture,0.75,leagueews,20261002,baron,30,overall,3000,3241.0,1009.6777137367902,600.2990714056996,2921.8428327462884,1912.1651190094972,1091.0
matched_early_mixture,0.75,leagueews,20261002,baron,30,europe,1500,1610.0,523.8333333333331,308.55555555555543,1442.7592592592628,918.9259259259251,558.0
matched_early_mixture,0.75,leagueews,20261002,baron,30,americas,1500,1631.0,485.8443804034589,291.74351585014443,1479.0835734870245,993.2391930835707,533.0
matched_early_mixture,0.75,leagueews,20261002,dragon,30,overall,3000,11329.0,2354.731645569602,1322.7489748618325,3648.6148333035467,1293.8831877340037,3736.0
matched_early_mixture,0.75,leagueews,20261002,dragon,30,europe,1500,5578.0,1138.0000000000055,639.5211267605664,1794.7464788732498,656.7464788732428,1834.0
matched_early_mixture,0.75,leagueews,20261002,dragon,30,americas,1500,5751.0,1216.731645569623,683.2278481012676,1853.8683544303728,637.1367088607605,1902.0
matched_early_mixture,0.75,leagueews,20261002,teamfight,30,overall,3000,19795.0,1177.4830307613117,594.3697139916,2769.7853126012765,1592.3022818399604,6648.0
matched_early_mixture,0.75,leagueews,20261002,teamfight,30,europe,1500,9978.0,569.4747320061265,292.4900459418078,1356.8683001531283,787.3935681470114,3351.0
matched_early_mixture,0.75,leagueews,20261002,teamfight,30,americas,1500,9817.0,608.0082987551875,301.87966804979294,1412.9170124481443,804.9087136929506,3297.0
matched_early_mixture,1.0,leagueews,20260930,baron,30,overall,3000,3241.0,1131.998788612961,699.296573505235,3762.1003720688377,2630.101583455886,1091.0
matched_early_mixture,1.0,leagueews,20260930,baron,30,europe,1500,1610.0,588.384615384615,362.58791208791183,1876.1318681318608,1287.747252747247,558.0
matched_early_mixture,1.0,leagueews,20260930,baron,30,americas,1500,1631.0,543.6141732283471,336.7086614173228,1885.968503936996,1342.3543307086582,533.0
matched_early_mixture,1.0,leagueews,20260930,dragon,30,overall,3000,11329.0,2911.524228163629,1667.9909499922446,4747.662512282169,1836.1382841185318,3736.0
matched_early_mixture,1.0,leagueews,20260930,dragon,30,europe,1500,5578.0,1413.4258675078913,808.64668769716,2346.7444794952885,933.3186119873802,1834.0
matched_early_mixture,1.0,leagueews,20260930,dragon,30,americas,1500,5751.0,1498.0983606557324,859.3442622950805,2400.918032786873,902.8196721311461,1902.0
matched_early_mixture,1.0,leagueews,20260930,teamfight,30,overall,3000,19795.0,1504.7445295293637,754.3701319993132,3765.684777278303,2260.940247748974,6648.0
matched_early_mixture,1.0,leagueews,20260930,teamfight,30,europe,1500,9978.0,720.9681274900427,378.3745019920326,1796.306772908378,1075.3386454183333,3351.0
matched_early_mixture,1.0,leagueews,20260930,teamfight,30,americas,1500,9817.0,783.7764020393241,375.9956300072825,1969.378004369971,1185.6016023306527,3297.0
matched_early_mixture,1.0,leagueews,20261001,baron,30,overall,3000,3241.0,1130.613667177366,701.843423510399,3748.5552731546463,2617.941605977289,1091.0
matched_early_mixture,1.0,leagueews,20261001,baron,30,europe,1500,1610.0,583.3570634037825,360.06229143492783,1879.500556173536,1296.1434927697512,558.0
matched_early_mixture,1.0,leagueews,20261001,baron,30,americas,1500,1631.0,547.2566037735838,341.7811320754715,1869.0547169811189,1321.798113207537,533.0
matched_early_mixture,1.0,leagueews,20261001,dragon,30,overall,3000,11329.0,2837.265883252113,1651.4931371612395,4661.67551988788,1824.4096366357758,3736.0
matched_early_mixture,1.0,leagueews,20261001,dragon,30,europe,1500,5578.0,1408.1111111111068,810.2592592592582,2314.8148148148043,906.7037037037019,1834.0
matched_early_mixture,1.0,leagueews,20261001,dragon,30,americas,1500,5751.0,1429.1547721410152,841.2338779019716,2346.8607050730825,917.7059329320662,1902.0
matched_early_mixture,1.0,leagueews,20261001,teamfight,30,overall,3000,19795.0,1449.2191799913853,718.4688188936485,3646.151990472059,2196.9328104806928,6648.0
matched_early_mixture,1.0,leagueews,20261001,teamfight,30,europe,1500,9978.0,692.0475382003376,355.6926994906625,1746.6893039049055,1054.6417657045768,3351.0
matched_early_mixture,1.0,leagueews,20261001,teamfight,30,americas,1500,9817.0,757.1716417910498,362.7761194029868,1899.4626865671796,1142.291044776128,3297.0
matched_early_mixture,1.0,leagueews,20261002,baron,30,overall,3000,3241.0,1129.8867266702923,691.8846248949105,3775.692844073009,2645.8061174027066,1091.0
matched_early_mixture,1.0,leagueews,20261002,baron,30,europe,1500,1610.0,583.694945848375,354.4873646209383,1869.487364620954,1285.7924187725682,558.0
matched_early_mixture,1.0,leagueews,20261002,baron,30,americas,1500,1631.0,546.191780821918,337.39726027397285,1906.2054794520425,1360.013698630129,533.0
matched_early_mixture,1.0,leagueews,20261002,dragon,30,overall,3000,11329.0,2915.392885286471,1692.9759371833725,4770.309917820504,1854.9170325340347,3736.0
matched_early_mixture,1.0,leagueews,20261002,dragon,30,europe,1500,5578.0,1409.7553191489321,816.452127659576,2349.0744680850867,939.3191489361731,1834.0
matched_early_mixture,1.0,leagueews,20261002,dragon,30,americas,1500,5751.0,1505.6375661375585,876.5238095238096,2421.235449735423,915.5978835978838,1902.0
matched_early_mixture,1.0,leagueews,20261002,teamfight,30,overall,3000,19795.0,1469.2385415176193,745.3696920557686,3698.7697572376287,2229.5312157199446,6648.0
matched_early_mixture,1.0,leagueews,20261002,teamfight,30,europe,1500,9978.0,704.8505747126418,367.2452107279691,1787.1494252873472,1082.2988505747076,3351.0
matched_early_mixture,1.0,leagueews,20261002,teamfight,30,americas,1500,9817.0,764.3879668049784,378.1244813278004,1911.6203319502047,1147.2323651452264,3297.0
matched_early_mixture,0.25,leagueews,20260930,baron,60,overall,3000,3241.0,530.5464229978718,223.6125913520087,988.7802365636496,458.23381356577477,2152.0
matched_early_mixture,0.25,leagueews,20260930,baron,60,europe,1500,1610.0,279.78515625,117.1875,493.65234375,213.8671875,1048.0
matched_early_mixture,0.25,leagueews,20260930,baron,60,americas,1500,1631.0,250.76126674786624,106.4250913520093,495.12789281364394,244.36662606577198,1104.0
matched_early_mixture,0.25,leagueews,20260930,dragon,60,overall,3000,11329.0,1034.1103251003356,603.1294447312706,1357.5120538614058,323.40172876105254,7555.0
matched_early_mixture,0.25,leagueews,20260930,dragon,60,europe,1500,5578.0,513.8659793814348,303.4020618556657,677.9381443298962,164.07216494845252,3749.0
matched_early_mixture,0.25,leagueews,20260930,dragon,60,americas,1500,5751.0,520.2443457189032,299.72738287560617,679.5739095314975,159.32956381260124,3806.0
matched_early_mixture,0.25,leagueews,20260930,teamfight,60,overall,3000,19795.0,542.6440885974579,289.95608394205044,1037.545031224683,494.9009426272259,13137.0
matched_early_mixture,0.25,leagueews,20260930,teamfight,60,europe,1500,9978.0,280.63991323210263,150.0813449023852,507.7955531453384,227.15563991323017,6630.0
matched_early_mixture,0.25,leagueews,20260930,teamfight,60,americas,1500,9817.0,262.00417536534115,139.87473903966432,529.7494780793328,267.74530271398504,6507.0
matched_early_mixture,0.25,leagueews,20261001,baron,60,overall,3000,3241.0,503.9922763803383,218.81414605295075,975.3766134363208,471.3843370559787,2152.0
matched_early_mixture,0.25,leagueews,20261001,baron,60,europe,1500,1610.0,279.341926729986,106.3432835820894,478.29036635007185,198.94843962008076,1048.0
matched_early_mixture,0.25,leagueews,20261001,baron,60,americas,1500,1631.0,224.6503496503481,112.47086247086185,497.08624708624353,272.435897435896,1104.0
matched_early_mixture,0.25,leagueews,20261001,dragon,60,overall,3000,11329.0,1019.7093787968369,619.4928549931486,1368.29598274498,348.5866039481469,7555.0
matched_early_mixture,0.25,leagueews,20261001,dragon,60,europe,1500,5578.0,508.1802525832361,311.56716417910354,683.4098737083893,175.22962112514298,3749.0
matched_early_mixture,0.25,leagueews,20261001,dragon,60,americas,1500,5751.0,511.5291262135988,307.9256908140431,684.8861090365955,173.35698282300297,3806.0
matched_early_mixture,0.25,leagueews,20261001,teamfight,60,overall,3000,19795.0,551.8888972150993,276.5111518338854,1024.8225380129536,472.93364079785755,13137.0
matched_early_mixture,0.25,leagueews,20261001,teamfight,60,europe,1500,9978.0,266.9312700964619,143.03657556270164,505.22508038584726,238.2938102893892,6630.0
matched_early_mixture,0.25,leagueews,20261001,teamfight,60,americas,1500,9817.0,284.95762711864256,133.47457627118592,519.5974576271158,234.63983050847338,6507.0
matched_early_mixture,0.25,leagueews,20261002,baron,60,overall,3000,3241.0,536.5504305567426,227.6989726319375,1012.384900673539,475.83447011680596,2152.0
matched_early_mixture,0.25,leagueews,20261002,baron,60,europe,1500,1610.0,266.9558359621466,116.71924290220839,494.47949526814205,227.52365930599453,1048.0
matched_early_mixture,0.25,leagueews,20261002,baron,60,americas,1500,1631.0,269.59459459459265,110.97972972972993,517.9054054054058,248.31081081080944,1104.0
matched_early_mixture,0.25,leagueews,20261002,dragon,60,overall,3000,11329.0,1036.3455937112055,618.4844435250158,1366.8911046751996,330.5455109640049,7555.0
matched_early_mixture,0.25,leagueews,20261002,dragon,60,europe,1500,5578.0,519.4455937112125,312.78444352503357,689.4911046752194,170.045510964007,3749.0
matched_early_mixture,0.25,leagueews,20261002,dragon,60,americas,1500,5751.0,516.8999999999999,305.70000000000147,677.4000000000003,160.50000000000148,3806.0
matched_early_mixture,0.25,leagueews,20261002,teamfight,60,overall,3000,19795.0,535.1845705241924,289.6131377336573,1030.8740418178684,495.6894712936742,13137.0
matched_early_mixture,0.25,leagueews,20261002,teamfight,60,europe,1500,9978.0,282.0369334079488,151.7207610520428,512.031337437048,229.99440402910116,6630.0
matched_early_mixture,0.25,leagueews,20261002,teamfight,60,americas,1500,9817.0,253.14763711624548,137.89237668161505,518.8427043808215,265.6950672645724,6507.0
matched_early_mixture,0.5,leagueews,20260930,baron,60,overall,3000,3241.0,1061.0928459957436,447.2251827040174,1977.5604731272992,916.4676271315495,2152.0
matched_early_mixture,0.5,leagueews,20260930,baron,60,europe,1500,1610.0,559.5703125,234.375,987.3046875,427.734375,1048.0
matched_early_mixture,0.5,leagueews,20260930,baron,60,americas,1500,1631.0,501.5225334957325,212.8501827040186,990.2557856272879,488.73325213154396,1104.0
matched_early_mixture,0.5,leagueews,20260930,dragon,60,overall,3000,11329.0,2068.220650200671,1206.2588894625412,2715.0241077228116,646.8034575221051,7555.0
matched_early_mixture,0.5,leagueews,20260930,dragon,60,europe,1500,5578.0,1027.7319587628697,606.8041237113314,1355.8762886597924,328.14432989690505,3749.0
matched_early_mixture,0.5,leagueews,20260930,dragon,60,americas,1500,5751.0,1040.4886914378064,599.4547657512123,1359.147819062995,318.6591276252025,3806.0
matched_early_mixture,0.5,leagueews,20260930,teamfight,60,overall,3000,19795.0,1085.2881771949158,579.912167884101,2075.0900624493665,989.8018852544519,13137.0
matched_early_mixture,0.5,leagueews,20260930,teamfight,60,europe,1500,9978.0,561.2798264642054,300.1626898047706,1015.591106290677,454.3112798264604,6630.0
matched_early_mixture,0.5,leagueews,20260930,teamfight,60,americas,1500,9817.0,524.0083507306823,279.74947807932864,1059.4989561586656,535.4906054279701,6507.0
matched_early_mixture,0.5,leagueews,20261001,baron,60,overall,3000,3241.0,1004.8285962964027,438.62842022069304,1951.914983442869,947.0863871464674,2152.0
matched_early_mixture,0.5,leagueews,20261001,baron,60,europe,1500,1610.0,555.5278969957075,213.6866952789705,957.7424892703837,402.21459227467824,1048.0
matched_early_mixture,0.5,leagueews,20261001,baron,60,americas,1500,1631.0,449.3006993006962,224.9417249417237,994.1724941724871,544.871794871792,1104.0
matched_early_mixture,0.5,leagueews,20261001,dragon,60,overall,3000,11329.0,2039.4187575936737,1238.9857099862973,2736.5919654899594,697.1732078962938,7555.0
matched_early_mixture,0.5,leagueews,20261001,dragon,60,europe,1500,5578.0,1016.3605051664722,623.1343283582071,1366.8197474167787,350.45924225028597,3749.0
matched_early_mixture,0.5,leagueews,20261001,dragon,60,americas,1500,5751.0,1023.0582524271974,615.8513816280862,1369.7722180731903,346.7139656460058,3806.0
matched_early_mixture,0.5,leagueews,20261001,teamfight,60,overall,3000,19795.0,1103.7777944301986,553.0223036677708,2049.645076025907,945.8672815957151,13137.0
matched_early_mixture,0.5,leagueews,20261001,teamfight,60,europe,1500,9978.0,533.8625401929238,286.0731511254033,1010.4501607716946,476.5876205787784,6630.0
matched_early_mixture,0.5,leagueews,20261001,teamfight,60,americas,1500,9817.0,569.9152542372851,266.94915254237185,1039.1949152542315,469.2796610169468,6507.0
matched_early_mixture,0.5,leagueews,20261002,baron,60,overall,3000,3241.0,1070.2187880291626,455.4347404860653,2023.206181547504,952.9873935183571,2152.0
matched_early_mixture,0.5,leagueews,20261002,baron,60,europe,1500,1610.0,533.9116719242932,233.43848580441679,988.9589905362841,455.04731861198906,1048.0
matched_early_mixture,0.5,leagueews,20261002,baron,60,americas,1500,1631.0,536.3071161048687,221.99625468164783,1034.247191011236,497.9400749063666,1104.0
matched_early_mixture,0.5,leagueews,20261002,dragon,60,overall,3000,11329.0,2072.691187422411,1236.9688870500315,2733.782209350399,661.0910219280098,7555.0
matched_early_mixture,0.5,leagueews,20261002,dragon,60,europe,1500,5578.0,1038.891187422425,625.5688870500671,1378.9822093504388,340.091021928014,3749.0
matched_early_mixture,0.5,leagueews,20261002,dragon,60,americas,1500,5751.0,1033.7999999999997,611.4000000000029,1354.8000000000006,321.00000000000296,3806.0
matched_early_mixture,0.5,leagueews,20261002,teamfight,60,overall,3000,19795.0,1070.3691410483848,579.2262754673146,2061.7480836357367,991.3789425873484,13137.0
matched_early_mixture,0.5,leagueews,20261002,teamfight,60,europe,1500,9978.0,564.0738668158976,303.4415221040856,1024.062674874096,459.9888080582023,6630.0
matched_early_mixture,0.5,leagueews,20261002,teamfight,60,americas,1500,9817.0,506.29527423249095,275.7847533632301,1037.685408761643,531.3901345291448,6507.0
matched_early_mixture,0.75,leagueews,20260930,baron,60,overall,3000,3241.0,1423.90867044493,663.8946927608239,3015.8035958569835,1591.8949254120403,2152.0
matched_early_mixture,0.75,leagueews,20260930,baron,60,europe,1500,1610.0,752.2868217054261,344.7674418604655,1535.837209302331,783.5503875968989,1048.0
matched_early_mixture,0.75,leagueews,20260930,baron,60,americas,1500,1631.0,671.6218487394934,319.1272509003592,1479.9663865546324,808.3445378151214,1104.0
matched_early_mixture,0.75,leagueews,20260930,dragon,60,overall,3000,11329.0,3102.330975301044,1809.388334193844,4072.5361615841916,970.2051862831565,7555.0
matched_early_mixture,0.75,leagueews,20260930,dragon,60,europe,1500,5578.0,1541.597938144336,910.2061855670138,2033.8144329896843,492.2164948453554,3749.0
matched_early_mixture,0.75,leagueews,20260930,dragon,60,americas,1500,5751.0,1560.733037156671,899.182148626799,2038.7217285944753,477.98869143780405,3806.0
matched_early_mixture,0.75,leagueews,20260930,teamfight,60,overall,3000,19795.0,1627.9322657923353,869.8682518261473,3112.6350936740064,1484.702827881648,13137.0
matched_early_mixture,0.75,leagueews,20260930,teamfight,60,europe,1500,9978.0,841.9197396963048,450.24403470715777,1523.3866594359959,681.4669197396921,6630.0
matched_early_mixture,0.75,leagueews,20260930,teamfight,60,americas,1500,9817.0,786.0125260960306,419.62421711899907,1589.248434237997,803.2359081419597,6507.0
matched_early_mixture,0.75,leagueews,20261001,baron,60,overall,3000,3241.0,1418.3923444975999,686.262789841735,2976.4247331616034,1558.0323886639587,2152.0
matched_early_mixture,0.75,leagueews,20261001,baron,60,europe,1500,1610.0,744.4412955465584,348.85020242914993,1485.1659919028284,740.7246963562742,1048.0
matched_early_mixture,0.75,leagueews,20261001,baron,60,americas,1500,1631.0,673.9510489510451,337.4125874125861,1491.2587412587316,817.307692307688,1104.0
matched_early_mixture,0.75,leagueews,20261001,dragon,60,overall,3000,11329.0,3059.1281363904727,1858.4785649794278,4104.887948234933,1045.7598118444434,7555.0
matched_early_mixture,0.75,leagueews,20261001,dragon,60,europe,1500,5578.0,1524.5407577497474,934.7014925373295,2050.2296211251714,525.6888633754297,3749.0
matched_early_mixture,0.75,leagueews,20261001,dragon,60,americas,1500,5751.0,1534.5873786407703,923.7770724421141,2054.6583271097807,520.0709484690102,3806.0
matched_early_mixture,0.75,leagueews,20261001,teamfight,60,overall,3000,19795.0,1655.6666916453362,829.5334555016489,3074.4676140389597,1418.8009223935944,13137.0
matched_early_mixture,0.75,leagueews,20261001,teamfight,60,europe,1500,9978.0,800.7938102893756,429.10972668809796,1515.675241157546,714.8814308681566,6630.0
matched_early_mixture,0.75,leagueews,20261001,teamfight,60,americas,1500,9817.0,854.8728813559273,400.42372881355726,1558.79237288137,703.9194915254201,6507.0
matched_early_mixture,0.75,leagueews,20261002,baron,60,overall,3000,3241.0,1436.6562986646047,677.9967407632025,2993.6943965932765,1557.0380979286947,2152.0
matched_early_mixture,0.75,leagueews,20261002,baron,60,europe,1500,1610.0,745.3154362416133,345.9228187919478,1489.0167785234987,743.7013422818842,1048.0
matched_early_mixture,0.75,leagueews,20261002,baron,60,americas,1500,1631.0,691.3408624230003,332.07392197125216,1504.6776180698082,813.3367556468211,1104.0
matched_early_mixture,0.75,leagueews,20261002,dragon,60,overall,3000,11329.0,3109.036781133593,1855.4533305751306,4100.673314025624,991.6365328920284,7555.0
matched_early_mixture,0.75,leagueews,20261002,dragon,60,europe,1500,5578.0,1558.3367811336552,938.3533305751008,2068.4733140256553,510.1365328920113,3749.0
matched_early_mixture,0.75,leagueews,20261002,dragon,60,americas,1500,5751.0,1550.7000000000053,917.100000000005,2032.1999999999987,481.4999999999952,3806.0
matched_early_mixture,0.75,leagueews,20261002,teamfight,60,overall,3000,19795.0,1605.553711572556,868.8394132009712,3092.6221254536185,1487.0684138809995,13137.0
matched_early_mixture,0.75,leagueews,20261002,teamfight,60,europe,1500,9978.0,846.110800223848,455.1622831561311,1536.0940123111277,689.9832120873036,6630.0
matched_early_mixture,0.75,leagueews,20261002,teamfight,60,americas,1500,9817.0,759.4429113487333,413.6771300448404,1556.528113142444,797.0852017937141,6507.0
matched_early_mixture,1.0,leagueews,20260930,baron,60,overall,3000,3241.0,1706.0531993361542,869.4826005637409,3961.7769684676064,2255.723769131466,2152.0
matched_early_mixture,1.0,leagueews,20260930,baron,60,europe,1500,1610.0,883.1708463949857,444.11285266457776,1993.3652037617603,1110.1943573667745,1048.0
matched_early_mixture,1.0,leagueews,20260930,baron,60,americas,1500,1631.0,822.882352941181,425.36974789916087,1968.4117647058706,1145.5294117647088,1104.0
matched_early_mixture,1.0,leagueews,20260930,dragon,60,overall,3000,11329.0,4136.441300401342,2412.5177789250824,5430.048215445623,1293.6069150442102,7555.0
matched_early_mixture,1.0,leagueews,20260930,dragon,60,europe,1500,5578.0,2055.4639175257394,1213.6082474226628,2711.752577319585,656.2886597938101,3749.0
matched_early_mixture,1.0,leagueews,20260930,dragon,60,americas,1500,5751.0,2080.977382875613,1198.9095315024247,2718.29563812599,637.318255250405,3806.0
matched_early_mixture,1.0,leagueews,20260930,teamfight,60,overall,3000,19795.0,2170.5763543898315,1159.824335768202,4150.180124898733,1979.6037705089038,13137.0
matched_early_mixture,1.0,leagueews,20260930,teamfight,60,europe,1500,9978.0,1122.5596529284107,600.3253796095412,2031.182212581354,908.6225596529208,6630.0
matched_early_mixture,1.0,leagueews,20260930,teamfight,60,americas,1500,9817.0,1048.0167014613646,559.4989561586573,2118.997912317331,1070.9812108559402,6507.0
matched_early_mixture,1.0,leagueews,20261001,baron,60,overall,3000,3241.0,1737.311107866448,893.8233752567725,3977.9361582148767,2240.6250503484293,2152.0
matched_early_mixture,1.0,leagueews,20261001,baron,60,europe,1500,1610.0,893.3006756756728,452.27195945945857,2002.4324324324432,1109.1317567567528,1048.0
matched_early_mixture,1.0,leagueews,20261001,baron,60,americas,1500,1631.0,844.0104321907569,441.5514157973165,1975.5037257824267,1131.4932935916518,1104.0
matched_early_mixture,1.0,leagueews,20261001,dragon,60,overall,3000,11329.0,4078.8375151873474,2477.9714199725945,5473.183930979919,1394.3464157925875,7555.0
matched_early_mixture,1.0,leagueews,20261001,dragon,60,europe,1500,5578.0,2032.7210103329444,1246.2686567164142,2733.6394948335574,700.9184845005719,3749.0
matched_early_mixture,1.0,leagueews,20261001,dragon,60,americas,1500,5751.0,2046.1165048543949,1231.7027632561724,2739.5444361463806,693.4279312920116,3806.0
matched_early_mixture,1.0,leagueews,20261001,teamfight,60,overall,3000,19795.0,2192.433696068299,1104.769729162702,4095.5237484552413,1903.0900523869566,13137.0
matched_early_mixture,1.0,leagueews,20261001,teamfight,60,europe,1500,9978.0,1067.7250803858476,572.1463022508066,2020.9003215433893,953.1752411575568,6630.0
matched_early_mixture,1.0,leagueews,20261001,teamfight,60,americas,1500,9817.0,1124.708615682473,532.6234269119058,2074.623426911891,949.9148112294226,6507.0
matched_early_mixture,1.0,leagueews,20261002,baron,60,overall,3000,3241.0,1724.801599988966,890.6968255171314,3994.9342674641457,2270.132667475144,2152.0
matched_early_mixture,1.0,leagueews,20261002,baron,60,europe,1500,1610.0,892.5469798657705,453.5151006711402,1995.5184563758337,1102.9714765100641,1048.0
matched_early_mixture,1.0,leagueews,20261002,baron,60,americas,1500,1631.0,832.2546201231976,437.181724845994,1999.4158110882765,1167.1611909650833,1104.0
matched_early_mixture,1.0,leagueews,20261002,dragon,60,overall,3000,11329.0,4145.382374844822,2473.937774100063,5467.564418700798,1322.1820438560196,7555.0
matched_early_mixture,1.0,leagueews,20261002,dragon,60,europe,1500,5578.0,2077.78237484485,1251.1377741001343,2757.9644187008776,680.182043856028,3749.0
matched_early_mixture,1.0,leagueews,20261002,dragon,60,americas,1500,5751.0,2067.5999999999995,1222.8000000000059,2709.6000000000013,642.0000000000059,3806.0
matched_early_mixture,1.0,leagueews,20261002,teamfight,60,overall,3000,19795.0,2140.7382820967696,1158.4525509346292,4123.4961672714735,1982.7578851746969,13137.0
matched_early_mixture,1.0,leagueews,20261002,teamfight,60,europe,1500,9978.0,1128.1477336317953,606.8830442081712,2048.125349748192,919.9776161164046,6630.0
matched_early_mixture,1.0,leagueews,20261002,teamfight,60,americas,1500,9817.0,1012.5905484649819,551.5695067264602,2075.370817523286,1062.7802690582896,6507.0
matched_early_mixture,0.25,tcn,20260930,baron,30,overall,3000,3241.0,590.7204433497551,314.5845648604273,1097.6116584564907,506.8912151067331,1091.0
matched_early_mixture,0.25,tcn,20260930,baron,30,europe,1500,1610.0,319.892857142857,167.6190476190475,551.404761904762,231.5119047619044,558.0
matched_early_mixture,0.25,tcn,20260930,baron,30,americas,1500,1631.0,270.8275862068971,146.9655172413793,546.2068965517261,275.3793103448282,533.0
matched_early_mixture,0.25,tcn,20260930,dragon,30,overall,3000,11329.0,815.9448160535193,448.9950877926454,1226.9836956521724,411.0388795986649,3736.0
matched_early_mixture,0.25,tcn,20260930,dragon,30,europe,1500,5578.0,377.194816053516,214.15133779264346,595.1086956521805,217.91387959866327,1834.0
matched_early_mixture,0.25,tcn,20260930,dragon,30,americas,1500,5751.0,438.75,234.84375,631.875,193.125,1902.0
matched_early_mixture,0.25,tcn,20260930,teamfight,30,overall,3000,19795.0,464.6501397063207,217.9811545092446,931.0778788419361,466.42773913560563,6648.0
matched_early_mixture,0.25,tcn,20260930,teamfight,30,europe,1500,9978.0,208.9887640449442,104.49438202247175,427.2471910112382,218.2584269662924,3351.0
matched_early_mixture,0.25,tcn,20260930,teamfight,30,americas,1500,9817.0,255.66137566137562,113.48677248677247,503.83068783068774,248.1693121693121,3297.0
matched_early_mixture,0.25,tcn,20261001,baron,30,overall,3000,3241.0,578.147328176403,311.1088290210722,1098.9617675824675,520.8144394060641,1091.0
matched_early_mixture,0.25,tcn,20261001,baron,30,europe,1500,1610.0,312.3067484662575,164.2392638036809,554.4110429447848,242.10429447852727,558.0
matched_early_mixture,0.25,tcn,20261001,baron,30,americas,1500,1631.0,265.8405797101449,146.86956521739125,544.5507246376824,278.71014492753625,533.0
matched_early_mixture,0.25,tcn,20261001,dragon,30,overall,3000,11329.0,888.5080372821749,462.41223152775984,1235.1165743617448,346.60853707956204,3736.0
matched_early_mixture,0.25,tcn,20261001,dragon,30,europe,1500,5578.0,420.45454545454254,213.34090909090847,578.7272727272681,158.2727272727271,1834.0
matched_early_mixture,0.25,tcn,20261001,dragon,30,americas,1500,5751.0,468.0534918276417,249.07132243684836,656.3893016344736,188.3358098068342,1902.0
matched_early_mixture,0.25,tcn,20261001,teamfight,30,overall,3000,19795.0,385.36243430834253,187.22380912248462,920.9081761649855,535.5457418566356,6648.0
matched_early_mixture,0.25,tcn,20261001,teamfight,30,europe,1500,9978.0,177.34962406014955,91.63533834586467,441.8233082706728,264.4736842105244,3351.0
matched_early_mixture,0.25,tcn,20261001,teamfight,30,americas,1500,9817.0,208.01281024819716,95.58847077662156,479.08486789430964,271.07205764611444,3297.0
matched_early_mixture,0.25,tcn,20261002,baron,30,overall,3000,3241.0,566.6818181818192,307.3173076923076,1085.0673076923138,518.3854895104903,1091.0
matched_early_mixture,0.25,tcn,20261002,baron,30,europe,1500,1610.0,296.4999999999998,158.1468531468528,535.1468531468548,238.64685314685212,558.0
matched_early_mixture,0.25,tcn,20261002,baron,30,americas,1500,1631.0,270.1818181818183,149.17045454545456,549.9204545454543,279.7386363636368,533.0
matched_early_mixture,0.25,tcn,20261002,dragon,30,overall,3000,11329.0,886.4383490072959,468.2925686405167,1252.4427426587151,366.00439365141875,3736.0
matched_early_mixture,0.25,tcn,20261002,dragon,30,europe,1500,5578.0,420.3333333333287,219.66404199474923,600.6010498687587,180.26771653543224,1834.0
matched_early_mixture,0.25,tcn,20261002,dragon,30,americas,1500,5751.0,466.1050156739839,248.62852664576926,651.8416927899646,185.7366771159881,1902.0
matched_early_mixture,0.25,tcn,20261002,teamfight,30,overall,3000,19795.0,440.6946879834991,202.59480832043982,934.9107787519415,494.2160907684396,6648.0
matched_early_mixture,0.25,tcn,20261002,teamfight,30,europe,1500,9978.0,225.8375451263538,105.4043321299639,460.33935018050283,234.50180505415165,3351.0
matched_early_mixture,0.25,tcn,20261002,teamfight,30,americas,1500,9817.0,214.85714285714226,97.19047619047595,474.57142857143435,259.71428571428515,3297.0
matched_early_mixture,0.5,tcn,20260930,baron,30,overall,3000,3241.0,833.7112006446393,485.55890410958995,2046.8017727639142,1213.0905721192562,1091.0
matched_early_mixture,0.5,tcn,20260930,baron,30,europe,1500,1610.0,429.82352941176515,246.99999999999977,998.7058823529394,568.8823529411779,558.0
matched_early_mixture,0.5,tcn,20260930,baron,30,americas,1500,1631.0,403.8876712328773,238.55890410958932,1048.0958904109539,644.2082191780819,533.0
matched_early_mixture,0.5,tcn,20260930,dragon,30,overall,3000,11329.0,1631.8896321070386,897.9901755852908,2453.967391304345,822.0777591973298,3736.0
matched_early_mixture,0.5,tcn,20260930,dragon,30,europe,1500,5578.0,754.389632107032,428.3026755852869,1190.217391304361,435.82775919732654,1834.0
matched_early_mixture,0.5,tcn,20260930,dragon,30,americas,1500,5751.0,877.5,469.6875,1263.75,386.25,1902.0
matched_early_mixture,0.5,tcn,20260930,teamfight,30,overall,3000,19795.0,802.9836248522812,390.8430153364804,1835.4943356447698,1032.5107107924828,6648.0
matched_early_mixture,0.5,tcn,20260930,teamfight,30,europe,1500,9978.0,376.88567293777186,190.6497829232993,860.111432706219,483.22575976845286,3351.0
matched_early_mixture,0.5,tcn,20260930,teamfight,30,americas,1500,9817.0,426.0979519145175,200.19323241317943,975.3829029385524,549.284951024046,3297.0
matched_early_mixture,0.5,tcn,20261001,baron,30,overall,3000,3241.0,827.9890688259103,477.3931174089065,2031.4134952766306,1203.424426450735,1091.0
matched_early_mixture,0.5,tcn,20261001,baron,30,europe,1500,1610.0,436.82105263157825,250.79999999999967,1026.3122807017508,589.4912280701733,558.0
matched_early_mixture,0.5,tcn,20261001,baron,30,americas,1500,1631.0,391.16801619433215,226.593117408907,1005.1012145748995,613.9331983805674,533.0
matched_early_mixture,0.5,tcn,20261001,dragon,30,overall,3000,11329.0,1687.8865234331251,914.9366477081875,2465.9997033072864,778.1131798741551,3736.0
matched_early_mixture,0.5,tcn,20261001,dragon,30,europe,1500,5578.0,783.8626760563444,426.5598591549289,1172.1936619718488,388.3309859154922,1834.0
matched_early_mixture,0.5,tcn,20261001,dragon,30,americas,1500,5751.0,904.0238473767795,488.3767885532594,1293.8060413354308,389.78219395866483,1902.0
matched_early_mixture,0.5,tcn,20261001,teamfight,30,overall,3000,19795.0,753.9650607704119,369.2314453066204,1832.9076253483788,1078.9425645779668,6648.0
matched_early_mixture,0.5,tcn,20261001,teamfight,30,europe,1500,9978.0,354.6992481202991,183.27067669172934,883.6466165413456,528.9473684210488,3351.0
matched_early_mixture,0.5,tcn,20261001,teamfight,30,americas,1500,9817.0,399.2658126501202,185.96076861489126,949.2610088070395,549.9951961569247,3297.0
matched_early_mixture,0.5,tcn,20261002,baron,30,overall,3000,3241.0,844.8615384615372,485.9384615384616,2042.9692307692374,1198.1076923076907,1091.0
matched_early_mixture,0.5,tcn,20261002,baron,30,europe,1500,1610.0,440.46153846153874,255.53846153846158,1013.7692307692271,573.3076923076919,558.0
matched_early_mixture,0.5,tcn,20261002,baron,30,americas,1500,1631.0,404.3999999999998,230.40000000000006,1029.199999999998,624.7999999999987,533.0
matched_early_mixture,0.5,tcn,20261002,dragon,30,overall,3000,11329.0,1650.2303030302778,906.5852063946534,2471.1937962299867,820.9634931997106,3736.0
matched_early_mixture,0.5,tcn,20261002,dragon,30,europe,1500,5578.0,753.6666666666641,423.0761154855595,1185.9028871390979,432.2362204724357,1834.0
matched_early_mixture,0.5,tcn,20261002,dragon,30,americas,1500,5751.0,896.5636363636331,483.50909090909244,1285.290909090901,388.72727272727394,1902.0
matched_early_mixture,0.5,tcn,20261002,teamfight,30,overall,3000,19795.0,800.9333333333439,376.1555555555536,1844.6666666666981,1043.7333333333536,6648.0
matched_early_mixture,0.5,tcn,20261002,teamfight,30,europe,1500,9978.0,378.9333333333319,182.93333333333285,898.666666666676,519.7333333333303,3351.0
matched_early_mixture,0.5,tcn,20261002,teamfight,30,americas,1500,9817.0,421.9999999999976,193.22222222222135,946.0000000000081,523.9999999999974,3297.0
matched_early_mixture,0.75,tcn,20260930,baron,30,overall,3000,3241.0,1004.071686491081,603.0762531860668,2978.3787524780623,1974.3070659869709,1091.0
matched_early_mixture,0.75,tcn,20260930,baron,30,europe,1500,1610.0,517.1931818181822,312.11363636363654,1454.8522727272673,937.6590909090932,558.0
matched_early_mixture,0.75,tcn,20260930,baron,30,americas,1500,1631.0,486.8785046728968,290.96261682243005,1523.5264797507868,1036.6479750778851,533.0
matched_early_mixture,0.75,tcn,20260930,dragon,30,overall,3000,11329.0,2347.7276773271715,1330.4982842112559,3627.5969202897845,1279.8692429626506,3736.0
matched_early_mixture,0.75,tcn,20260930,dragon,30,europe,1500,5578.0,1131.5844481605284,642.4540133779224,1785.3260869564976,653.741638795983,1834.0
matched_early_mixture,0.75,tcn,20260930,dragon,30,americas,1500,5751.0,1216.1432291666663,688.0442708333322,1842.270833333344,626.1276041666662,1902.0
matched_early_mixture,0.75,tcn,20260930,teamfight,30,overall,3000,19795.0,1125.0738370062609,556.9390690379927,2738.8151452397733,1613.7413082334667,6648.0
matched_early_mixture,0.75,tcn,20260930,teamfight,30,europe,1500,9978.0,535.3516642547044,272.59623733719235,1294.2648335745307,758.913169319825,3351.0
matched_early_mixture,0.75,tcn,20260930,teamfight,30,americas,1500,9817.0,589.7221727515551,284.3428317008004,1444.55031166519,854.8281389136177,3297.0
matched_early_mixture,0.75,tcn,20261001,baron,30,overall,3000,3241.0,1004.7755749405226,604.1297911710278,2905.2677768966623,1900.4922019561175,1091.0
matched_early_mixture,0.75,tcn,20261001,baron,30,europe,1500,1610.0,520.2371134020624,309.9759450171821,1459.8831615120316,939.6460481099685,558.0
matched_early_mixture,0.75,tcn,20261001,baron,30,americas,1500,1631.0,484.5384615384608,294.15384615384625,1445.3846153846084,960.8461538461498,533.0
matched_early_mixture,0.75,tcn,20261001,dragon,30,overall,3000,11329.0,2340.531524693567,1322.9484127391086,3626.61585722344,1286.084332529864,3736.0
matched_early_mixture,0.75,tcn,20261001,dragon,30,europe,1500,5578.0,1124.7032258064514,633.061290322579,1768.8193548387214,644.1161290322557,1834.0
matched_early_mixture,0.75,tcn,20261001,dragon,30,americas,1500,5751.0,1215.8282988871108,689.8871224165314,1857.7965023847137,641.9682034976132,1902.0
matched_early_mixture,0.75,tcn,20261001,teamfight,30,overall,3000,19795.0,1122.567687232488,551.2390814907567,2744.907074531801,1622.3393872993133,6648.0
matched_early_mixture,0.75,tcn,20261001,teamfight,30,europe,1500,9978.0,532.0488721804552,274.9060150375939,1325.4699248120223,793.4210526315812,3351.0
matched_early_mixture,0.75,tcn,20261001,teamfight,30,americas,1500,9817.0,590.5188150520369,276.333066453161,1419.437149719781,828.9183346677266,3297.0
matched_early_mixture,0.75,tcn,20261002,baron,30,overall,3000,3241.0,1013.8574608055214,603.9805234273045,3007.7909866104046,1993.9335258048836,1091.0
matched_early_mixture,0.75,tcn,20261002,baron,30,europe,1500,1610.0,527.1686390532541,316.7781065088757,1511.5976331360916,984.4289940828431,558.0
matched_early_mixture,0.75,tcn,20261002,baron,30,americas,1500,1631.0,486.68882175226537,287.20241691842904,1496.1933534743155,1009.5045317220549,533.0
matched_early_mixture,0.75,tcn,20261002,dragon,30,overall,3000,11329.0,2316.1084905660496,1314.2617738820395,3641.850950824572,1325.7424602585063,3736.0
matched_early_mixture,0.75,tcn,20261002,dragon,30,europe,1500,5578.0,1086.999999999993,626.4881889763781,1771.204724409449,684.204724409447,1834.0
matched_early_mixture,0.75,tcn,20261002,dragon,30,americas,1500,5751.0,1229.1084905660423,687.7735849056619,1870.6462264150935,641.5377358490591,1902.0
matched_early_mixture,0.75,tcn,20261002,teamfight,30,overall,3000,19795.0,1125.5537729965768,550.4620985344545,2758.8607733084073,1633.3070003118328,6648.0
matched_early_mixture,0.75,tcn,20261002,teamfight,30,europe,1500,9978.0,521.183333333332,265.18333333333266,1336.1666666666767,814.9833333333414,3351.0
matched_early_mixture,0.75,tcn,20261002,teamfight,30,americas,1500,9817.0,604.3704396632342,285.2787652011232,1422.6941066417269,818.3236669784781,3297.0
matched_early_mixture,1.0,tcn,20260930,baron,30,overall,3000,3241.0,1147.554338549075,700.1416785206261,3793.208819345642,2645.6544807965756,1091.0
matched_early_mixture,1.0,tcn,20260930,baron,30,europe,1500,1610.0,587.2648648648649,358.9837837837838,1856.735135135128,1269.4702702702675,558.0
matched_early_mixture,1.0,tcn,20260930,baron,30,americas,1500,1631.0,560.2894736842107,341.15789473684214,1936.4736842105315,1376.184210526318,533.0
matched_early_mixture,1.0,tcn,20260930,dragon,30,overall,3000,11329.0,2915.57808021632,1699.0944930148712,4753.934673276272,1838.356593059938,3736.0
matched_early_mixture,1.0,tcn,20260930,dragon,30,europe,1500,5578.0,1412.3257142857094,824.5771428571409,2344.44571428571,932.119999999998,1834.0
matched_early_mixture,1.0,tcn,20260930,dragon,30,americas,1500,5751.0,1503.2523659306037,874.5173501577272,2409.488958990542,906.2365930599348,1902.0
matched_early_mixture,1.0,tcn,20260930,teamfight,30,overall,3000,19795.0,1426.8561626827482,721.7233368498829,3657.4530667506833,2230.5969040678833,6648.0
matched_early_mixture,1.0,tcn,20260930,teamfight,30,europe,1500,9978.0,673.5097690941378,353.23090586145605,1743.7353463587897,1070.225577264652,3351.0
matched_early_mixture,1.0,tcn,20260930,teamfight,30,americas,1500,9817.0,753.3463935886076,368.49243098842476,1913.7177203918295,1160.3713268032172,3297.0
matched_early_mixture,1.0,tcn,20261001,baron,30,overall,3000,3241.0,1135.9500721594318,694.156723799639,3786.8858583729316,2650.9357862135016,1091.0
matched_early_mixture,1.0,tcn,20261001,baron,30,europe,1500,1610.0,579.9259757738887,353.5181695827722,1888.9340511440173,1309.0080753701207,558.0
matched_early_mixture,1.0,tcn,20261001,baron,30,americas,1500,1631.0,556.0240963855421,340.63855421686736,1897.9518072289213,1341.9277108433776,533.0
matched_early_mixture,1.0,tcn,20261001,dragon,30,overall,3000,11329.0,2884.8360843407822,1688.157961795649,4735.719311018647,1850.8832266779118,3736.0
matched_early_mixture,1.0,tcn,20261001,dragon,30,europe,1500,5578.0,1396.6084724005123,815.2400513478751,2330.9730423619862,934.3645699614797,1834.0
matched_early_mixture,1.0,tcn,20261001,dragon,30,americas,1500,5751.0,1488.227611940303,872.9179104477619,2404.7462686567146,916.5186567164183,1902.0
matched_early_mixture,1.0,tcn,20261001,teamfight,30,overall,3000,19795.0,1446.964760156511,727.9630694169342,3667.3536544128874,2220.388894256323,6648.0
matched_early_mixture,1.0,tcn,20261001,teamfight,30,europe,1500,9978.0,689.3604294478523,361.89417177914294,1770.1134969325196,1080.7530674846585,3351.0
matched_early_mixture,1.0,tcn,20261001,teamfight,30,americas,1500,9817.0,757.6043307086607,366.0688976377962,1897.2401574802996,1139.6358267716462,3297.0
matched_early_mixture,1.0,tcn,20261002,baron,30,overall,3000,3241.0,1126.5321777669844,684.7266711189366,3815.659613866793,2689.1274360998095,1091.0
matched_early_mixture,1.0,tcn,20261002,baron,30,europe,1500,1610.0,580.8563535911602,353.25414364640886,1888.0497237568993,1307.1933701657408,558.0
matched_early_mixture,1.0,tcn,20261002,baron,30,americas,1500,1631.0,545.6758241758246,331.47252747252753,1927.6098901098944,1381.9340659340694,533.0
matched_early_mixture,1.0,tcn,20261002,dragon,30,overall,3000,11329.0,2925.8333874458876,1716.9852272727217,4788.084983766241,1862.251596320341,3736.0
matched_early_mixture,1.0,tcn,20261002,dragon,30,europe,1500,5578.0,1411.0095238095194,827.4000000000017,2352.457142857135,941.4476190476206,1834.0
matched_early_mixture,1.0,tcn,20261002,dragon,30,americas,1500,5751.0,1514.823863636363,889.5852272727246,2435.6278409090846,920.803977272723,1902.0
matched_early_mixture,1.0,tcn,20261002,teamfight,30,overall,3000,19795.0,1418.6456813221184,719.7092921733769,3679.75647022135,2261.110788899289,6648.0
matched_early_mixture,1.0,tcn,20261002,teamfight,30,europe,1500,9978.0,663.4333333333371,347.4333333333326,1773.6666666666763,1110.2333333333438,3351.0
matched_early_mixture,1.0,tcn,20261002,teamfight,30,americas,1500,9817.0,755.2123479887778,372.27595884003637,1906.0898035547455,1150.8774555659609,3297.0
matched_early_mixture,0.25,tcn,20260930,baron,60,overall,3000,3241.0,492.29304921554416,220.27923491503338,1013.1167526564124,520.8237034408685,2152.0
matched_early_mixture,0.25,tcn,20260930,baron,60,europe,1500,1610.0,253.26633165828972,110.4271356783914,504.6482412060267,251.38190954773728,1048.0
matched_early_mixture,0.25,tcn,20260930,baron,60,americas,1500,1631.0,239.02671755725373,109.85209923664158,508.46851145038625,269.44179389313126,1104.0
matched_early_mixture,0.25,tcn,20260930,dragon,60,overall,3000,11329.0,1024.7616701776094,604.4643771850062,1359.3770409404603,334.61537076285003,7555.0
matched_early_mixture,0.25,tcn,20260930,dragon,60,europe,1500,5578.0,506.40120967741876,301.8145161290343,676.8145161290298,170.41330645161437,3749.0
matched_early_mixture,0.25,tcn,20260930,dragon,60,americas,1500,5751.0,518.3604605002082,302.64986105597796,682.5625248114364,164.20206431123452,3806.0
matched_early_mixture,0.25,tcn,20260930,teamfight,60,overall,3000,19795.0,544.4075872289203,280.6763747325868,1025.0575900825945,480.65000285366744,13137.0
matched_early_mixture,0.25,tcn,20260930,teamfight,60,europe,1500,9978.0,274.63605823068065,148.86618141097424,502.86954087345714,228.2334826427753,6630.0
matched_early_mixture,0.25,tcn,20260930,teamfight,60,americas,1500,9817.0,269.7715289982405,131.81019332161756,522.1880492091351,252.41652021089467,6507.0
matched_early_mixture,0.25,tcn,20261001,baron,60,overall,3000,3241.0,488.8276899701214,211.67758131875576,987.6997954298702,498.87210545973073,2152.0
matched_early_mixture,0.25,tcn,20261001,baron,60,europe,1500,1610.0,241.0261824324305,111.80320945945911,500.1055743243194,259.0793918918902,1048.0
matched_early_mixture,0.25,tcn,20261001,baron,60,americas,1500,1631.0,247.8015075376903,99.87437185929639,487.5942211055314,239.79271356784014,1104.0
matched_early_mixture,0.25,tcn,20261001,dragon,60,overall,3000,11329.0,993.0899880184618,597.8458547473166,1352.8027500382877,359.712762019837,7555.0
matched_early_mixture,0.25,tcn,20261001,dragon,60,europe,1500,5578.0,487.31566011235975,299.94733146067455,676.9224016853874,189.6067415730333,3749.0
matched_early_mixture,0.25,tcn,20261001,dragon,60,americas,1500,5751.0,505.7743279060983,297.89852328663346,675.8803483529001,170.10602044679976,3806.0
matched_early_mixture,0.25,tcn,20261001,teamfight,60,overall,3000,19795.0,570.6459934598588,274.9505436149715,1005.172964588176,434.5269711283217,13137.0
matched_early_mixture,0.25,tcn,20261001,teamfight,60,europe,1500,9978.0,265.1351351351381,137.63513513513627,483.851351351357,218.71621621621836,6630.0
matched_early_mixture,0.25,tcn,20261001,teamfight,60,americas,1500,9817.0,305.5108583247157,137.3154084798341,521.3216132368185,215.8107549120981,6507.0
matched_early_mixture,0.25,tcn,20261002,baron,60,overall,3000,3241.0,479.5113194412505,220.9704887131407,1012.3135804686435,532.8022610274005,2152.0
matched_early_mixture,0.25,tcn,20261002,baron,60,europe,1500,1610.0,255.73659889094105,117.14417744916801,512.206099815161,256.4695009242134,1048.0
matched_early_mixture,0.25,tcn,20261002,baron,60,americas,1500,1631.0,223.77472055030242,103.82631126397298,500.1074806534857,276.33276010318286,1104.0
matched_early_mixture,0.25,tcn,20261002,dragon,60,overall,3000,11329.0,1027.9846472865627,599.880429044715,1353.001674675998,325.0170273894477,7555.0
matched_early_mixture,0.25,tcn,20261002,dragon,60,europe,1500,5578.0,498.9872685185126,299.91319444444116,673.611111111113,174.62384259259113,3749.0
matched_early_mixture,0.25,tcn,20261002,dragon,60,americas,1500,5751.0,528.9973787680298,299.9672346002669,679.3905635648864,150.39318479685625,3806.0
matched_early_mixture,0.25,tcn,20261002,teamfight,60,overall,3000,19795.0,534.21095321254,275.7428085454078,1028.3524122598146,494.14145904726917,13137.0
matched_early_mixture,0.25,tcn,20261002,teamfight,60,europe,1500,9978.0,253.65288667142008,140.72523164647114,505.7020669992894,252.0491803278703,6630.0
matched_early_mixture,0.25,tcn,20261002,teamfight,60,americas,1500,9817.0,280.5580665411183,135.01757689893253,522.6503452605145,242.0922787193985,6507.0
matched_early_mixture,0.5,tcn,20260930,baron,60,overall,3000,3241.0,984.5860984310883,440.5584698300668,2026.2335053128247,1041.647406881737,2152.0
matched_early_mixture,0.5,tcn,20260930,baron,60,europe,1500,1610.0,506.53266331657943,220.8542713567828,1009.2964824120534,502.76381909547456,1048.0
matched_early_mixture,0.5,tcn,20260930,baron,60,americas,1500,1631.0,478.05343511450747,219.70419847328316,1016.9370229007725,538.8835877862625,1104.0
matched_early_mixture,0.5,tcn,20260930,dragon,60,overall,3000,11329.0,2049.523340355219,1208.9287543700125,2718.7540818809207,669.2307415257001,7555.0
matched_early_mixture,0.5,tcn,20260930,dragon,60,europe,1500,5578.0,1012.8024193548375,603.6290322580686,1353.6290322580596,340.82661290322875,3749.0
matched_early_mixture,0.5,tcn,20260930,dragon,60,americas,1500,5751.0,1036.7209210004164,605.2997221119559,1365.125049622873,328.40412862246905,3806.0
matched_early_mixture,0.5,tcn,20260930,teamfight,60,overall,3000,19795.0,1088.8151744578406,561.3527494651736,2050.115180165189,961.3000057073349,13137.0
matched_early_mixture,0.5,tcn,20260930,teamfight,60,europe,1500,9978.0,549.2721164613612,297.73236282194847,1005.7390817469143,456.46696528555054,6630.0
matched_early_mixture,0.5,tcn,20260930,teamfight,60,americas,1500,9817.0,539.543057996481,263.6203866432351,1044.3760984182702,504.83304042178935,6507.0
matched_early_mixture,0.5,tcn,20261001,baron,60,overall,3000,3241.0,977.6553799402428,423.3551626375115,1975.3995908597403,997.7442109194615,2152.0
matched_early_mixture,0.5,tcn,20261001,baron,60,europe,1500,1610.0,482.052364864861,223.60641891891822,1000.2111486486388,518.1587837837804,1048.0
matched_early_mixture,0.5,tcn,20261001,baron,60,americas,1500,1631.0,495.6030150753806,199.74874371859278,975.1884422110628,479.5854271356803,1104.0
matched_early_mixture,0.5,tcn,20261001,dragon,60,overall,3000,11329.0,1986.1799760369236,1195.6917094946332,2705.6055000765755,719.425524039674,7555.0
matched_early_mixture,0.5,tcn,20261001,dragon,60,europe,1500,5578.0,974.6313202247195,599.8946629213491,1353.8448033707748,379.21348314606666,3749.0
matched_early_mixture,0.5,tcn,20261001,dragon,60,americas,1500,5751.0,1011.5486558121966,595.7970465732669,1351.7606967058002,340.2120408935995,3806.0
matched_early_mixture,0.5,tcn,20261001,teamfight,60,overall,3000,19795.0,1136.7118421420519,546.76354845021,2009.4483076665426,872.7364655244776,13137.0
matched_early_mixture,0.5,tcn,20261001,teamfight,60,europe,1500,9978.0,530.2702702702762,275.27027027027253,967.702702702714,437.4324324324367,6630.0
matched_early_mixture,0.5,tcn,20261001,teamfight,60,americas,1500,9817.0,606.4415718717651,271.4932781799381,1041.7456049638045,435.30403309203405,6507.0
matched_early_mixture,0.5,tcn,20261002,baron,60,overall,3000,3241.0,958.022638882501,441.9409774262814,2023.627160937287,1065.604522054801,2152.0
matched_early_mixture,0.5,tcn,20261002,baron,60,europe,1500,1610.0,510.4731977818821,234.28835489833602,1023.4121996303221,512.9390018484268,1048.0
matched_early_mixture,0.5,tcn,20261002,baron,60,americas,1500,1631.0,447.54944110060484,207.65262252794597,1000.2149613069714,552.6655202063657,1104.0
matched_early_mixture,0.5,tcn,20261002,dragon,60,overall,3000,11329.0,2055.9692945731254,1199.76085808943,2706.003349351996,650.0340547788954,7555.0
matched_early_mixture,0.5,tcn,20261002,dragon,60,europe,1500,5578.0,997.9745370370252,599.8263888888823,1347.222222222226,349.24768518518226,3749.0
matched_early_mixture,0.5,tcn,20261002,dragon,60,americas,1500,5751.0,1057.9947575360595,599.9344692005338,1358.7811271297728,300.7863695937125,3806.0
matched_early_mixture,0.5,tcn,20261002,teamfight,60,overall,3000,19795.0,1069.1726911080607,552.2966654272864,2059.713612969079,990.5409218610107,13137.0
matched_early_mixture,0.5,tcn,20261002,teamfight,60,europe,1500,9978.0,507.3057733428403,281.4504632929424,1011.4041339985789,504.09836065574075,6630.0
matched_early_mixture,0.5,tcn,20261002,teamfight,60,americas,1500,9817.0,561.8669177652238,270.8462021343393,1048.3094789704878,486.4425612052766,6507.0
matched_early_mixture,0.75,tcn,20260930,baron,60,overall,3000,3241.0,1426.6243371290807,658.7012218435714,3024.9224170891885,1598.2980799600984,2152.0
matched_early_mixture,0.75,tcn,20260930,baron,60,europe,1500,1610.0,728.6960352422911,331.9427312775332,1501.6431718061683,772.9471365638773,1048.0
matched_early_mixture,0.75,tcn,20260930,baron,60,americas,1500,1631.0,697.9283018867931,326.75849056603806,1523.2792452830117,825.3509433962279,1104.0
matched_early_mixture,0.75,tcn,20260930,dragon,60,overall,3000,11329.0,3074.285010532771,1813.3931315549837,4078.131122821284,1003.8461122885391,7555.0
matched_early_mixture,0.75,tcn,20260930,dragon,60,europe,1500,5578.0,1519.2036290322355,905.4435483870869,2030.443548387065,511.2399193548396,3749.0
matched_early_mixture,0.75,tcn,20260930,dragon,60,americas,1500,5751.0,1555.0813815005922,907.9495831679329,2047.6875744343006,492.6061929337105,3806.0
matched_early_mixture,0.75,tcn,20260930,teamfight,60,overall,3000,19795.0,1633.2227616867824,842.0291241977742,3075.172770247813,1441.9500085610252,13137.0
matched_early_mixture,0.75,tcn,20260930,teamfight,60,europe,1500,9978.0,823.9081746920406,446.5985442329193,1508.6086226203854,684.7004479283253,6630.0
matched_early_mixture,0.75,tcn,20260930,teamfight,60,americas,1500,9817.0,809.3145869947343,395.4305799648515,1566.5641476274122,757.2495606326949,6507.0
matched_early_mixture,0.75,tcn,20261001,baron,60,overall,3000,3241.0,1394.7687759875453,641.1164890852397,2960.7595504158053,1565.9907744282903,2152.0
matched_early_mixture,0.75,tcn,20261001,baron,60,europe,1500,1610.0,723.0785472972997,335.40962837837566,1500.3167229729859,777.238175675676,1048.0
matched_early_mixture,0.75,tcn,20261001,baron,60,americas,1500,1631.0,671.6902286902308,305.70686070686014,1460.4428274428396,788.7525987526017,1104.0
matched_early_mixture,0.75,tcn,20261001,dragon,60,overall,3000,11329.0,2979.2699640553387,1793.537564241902,4058.408250114858,1079.1382860594933,7555.0
matched_early_mixture,0.75,tcn,20261001,dragon,60,europe,1500,5578.0,1461.9469803370525,899.8419943820064,2030.7672050561546,568.8202247190983,3749.0
matched_early_mixture,0.75,tcn,20261001,dragon,60,americas,1500,5751.0,1517.3229837183185,893.6955698599149,2027.641045058727,510.31806134040244,3806.0
matched_early_mixture,0.75,tcn,20261001,teamfight,60,overall,3000,19795.0,1671.8420251237433,816.4703506323239,3010.0923952121334,1338.2503700884154,13137.0
matched_early_mixture,0.75,tcn,20261001,teamfight,60,europe,1500,9978.0,795.405405405413,412.90540540540616,1451.5540540540756,656.1486486486531,6630.0
matched_early_mixture,0.75,tcn,20261001,teamfight,60,americas,1500,9817.0,876.4366197183033,403.5649452269166,1558.5383411580704,682.1017214397449,6507.0
matched_early_mixture,0.75,tcn,20261002,baron,60,overall,3000,3241.0,1421.1792190023189,659.6572445322759,3027.4381875287704,1606.2589685264497,2152.0
matched_early_mixture,0.75,tcn,20261002,baron,60,europe,1500,1610.0,749.8550573514106,348.17831074035587,1527.1157455683103,777.2606882168984,1048.0
matched_early_mixture,0.75,tcn,20261002,baron,60,americas,1500,1631.0,671.3241616509066,311.4789337919184,1500.3224419604564,828.9982803095484,1104.0
matched_early_mixture,0.75,tcn,20261002,dragon,60,overall,3000,11329.0,3083.953941859635,1799.6412871341379,4059.0050240279843,975.0510821683572,7555.0
matched_early_mixture,0.75,tcn,20261002,dragon,60,europe,1500,5578.0,1496.96180555557,899.7395833333408,2020.8333333333378,523.8715277777732,3749.0
matched_early_mixture,0.75,tcn,20261002,dragon,60,americas,1500,5751.0,1586.992136304057,899.9017038007988,2038.1716906946153,451.17955439056715,3806.0
matched_early_mixture,0.75,tcn,20261002,teamfight,60,overall,3000,19795.0,1604.1344290036004,828.8505223091507,3091.0748136783277,1486.940384674767,13137.0
matched_early_mixture,0.75,tcn,20261002,teamfight,60,europe,1500,9978.0,760.9586600142554,422.17569493941375,1517.1062009978716,756.1475409836055,6630.0
matched_early_mixture,0.75,tcn,20261002,teamfight,60,americas,1500,9817.0,843.1757689893145,406.6748273697386,1573.9686126804713,730.7928436911384,6507.0
matched_early_mixture,1.0,tcn,20260930,baron,60,overall,3000,3241.0,1720.428422788977,870.2307955843149,3996.374939728423,2275.9465169394525,2152.0
matched_early_mixture,1.0,tcn,20260930,baron,60,europe,1500,1610.0,880.9495495495474,441.2378378378392,1982.3819819819694,1101.4324324324286,1048.0
matched_early_mixture,1.0,tcn,20260930,baron,60,americas,1500,1631.0,839.4788732394362,428.99295774647976,2013.9929577464682,1174.5140845070393,1104.0
matched_early_mixture,1.0,tcn,20260930,dragon,60,overall,3000,11329.0,4099.046680710438,2417.857508740025,5437.508163761841,1338.4614830514001,7555.0
matched_early_mixture,1.0,tcn,20260930,dragon,60,europe,1500,5578.0,2025.604838709675,1207.2580645161372,2707.2580645161192,681.6532258064575,3749.0
matched_early_mixture,1.0,tcn,20260930,dragon,60,americas,1500,5751.0,2073.441842000833,1210.5994442239119,2730.250099245746,656.8082572449381,3806.0
matched_early_mixture,1.0,tcn,20260930,teamfight,60,overall,3000,19795.0,2177.630348915681,1122.7054989303472,4100.230360330378,1922.6000114146698,13137.0
matched_early_mixture,1.0,tcn,20260930,teamfight,60,europe,1500,9978.0,1098.5442329227226,595.4647256438969,2011.4781634938286,912.9339305711012,6630.0
matched_early_mixture,1.0,tcn,20260930,teamfight,60,americas,1500,9817.0,1079.086115992962,527.2407732864702,2088.7521968365404,1009.6660808435787,6507.0
matched_early_mixture,1.0,tcn,20261001,baron,60,overall,3000,3241.0,1699.3238045062424,857.040204775914,3949.477661991545,2250.153857485259,2152.0
matched_early_mixture,1.0,tcn,20261001,baron,60,europe,1500,1610.0,880.5452695829141,445.3570701932846,1991.2187182095647,1110.6734486266587,1048.0
matched_early_mixture,1.0,tcn,20261001,baron,60,americas,1500,1631.0,818.7785349233405,411.6831345826229,1958.2589437819336,1139.4804088586043,1104.0
matched_early_mixture,1.0,tcn,20261001,dragon,60,overall,3000,11329.0,3972.359952073847,2391.3834189892664,5411.211000153151,1438.851048079348,7555.0
matched_early_mixture,1.0,tcn,20261001,dragon,60,europe,1500,5578.0,1949.262640449439,1199.7893258426982,2707.6896067415496,758.4269662921333,3749.0
matched_early_mixture,1.0,tcn,20261001,dragon,60,americas,1500,5751.0,2023.0973116243931,1191.5940931465339,2703.5213934116005,680.424081787199,3806.0
matched_early_mixture,1.0,tcn,20261001,teamfight,60,overall,3000,19795.0,2160.5687095546327,1083.0178488347547,4005.2895994586324,1844.7208899039852,13137.0
matched_early_mixture,1.0,tcn,20261001,teamfight,60,europe,1500,9978.0,1060.5405405405525,550.5405405405451,1935.405405405428,874.8648648648734,6630.0
matched_early_mixture,1.0,tcn,20261001,teamfight,60,americas,1500,9817.0,1100.028169014081,532.4773082942098,2069.8841940531843,969.8560250391239,6507.0
matched_early_mixture,1.0,tcn,20261002,baron,60,overall,3000,3241.0,1688.7502299555792,856.1742928528759,3976.246267602578,2287.4960376469407,2152.0
matched_early_mixture,1.0,tcn,20261002,baron,60,europe,1500,1610.0,870.6840458811228,436.94264859228144,1972.8925964546538,1102.2085505735092,1048.0
matched_early_mixture,1.0,tcn,20261002,baron,60,americas,1500,1631.0,818.0661840744507,419.231644260601,2003.3536711478564,1185.2874870734115,1104.0
matched_early_mixture,1.0,tcn,20261002,dragon,60,overall,3000,11329.0,4111.938589146251,2399.52171617886,5412.006698703992,1300.0681095577909,7555.0
matched_early_mixture,1.0,tcn,20261002,dragon,60,europe,1500,5578.0,1995.9490740740505,1199.6527777777646,2694.444444444452,698.4953703703645,3749.0
matched_early_mixture,1.0,tcn,20261002,dragon,60,americas,1500,5751.0,2115.989515072119,1199.8689384010677,2717.5622542595456,601.572739187425,3806.0
matched_early_mixture,1.0,tcn,20261002,teamfight,60,overall,3000,19795.0,2139.096166899158,1105.4043791910458,4122.436014387701,1983.3398474885373,13137.0
matched_early_mixture,1.0,tcn,20261002,teamfight,60,europe,1500,9978.0,1014.6115466856807,562.9009265858848,2022.8082679971578,1008.1967213114815,6630.0
matched_early_mixture,1.0,tcn,20261002,teamfight,60,americas,1500,9817.0,1124.4846202134358,542.5034526051454,2099.627746390487,975.1431261770205,6507.0
matched_early_mixture,0.25,timely_leagueews,20260930,baron,30,overall,3000,3241.0,582.1243654822329,322.016497461929,1063.8134517766478,481.68908629441586,1091.0
matched_early_mixture,0.25,timely_leagueews,20260930,baron,30,europe,1500,1610.0,305.6243654822335,164.76649746192908,528.5634517766489,222.9390862944167,558.0
matched_early_mixture,0.25,timely_leagueews,20260930,baron,30,americas,1500,1631.0,276.5,157.25,535.25,258.75,533.0
matched_early_mixture,0.25,timely_leagueews,20260930,dragon,30,overall,3000,11329.0,882.799781673406,617.7919476016184,1428.4842034290184,545.6844217556039,3736.0
matched_early_mixture,0.25,timely_leagueews,20260930,dragon,30,europe,1500,5578.0,409.63218390804843,285.5517241379311,682.5344827586207,272.9022988505745,1834.0
matched_early_mixture,0.25,timely_leagueews,20260930,dragon,30,americas,1500,5751.0,473.1675977653623,332.2402234636867,745.9497206703896,272.78212290502745,1902.0
matched_early_mixture,0.25,timely_leagueews,20260930,teamfight,30,overall,3000,19795.0,413.4595153594849,254.76644651796894,969.7730979857632,556.3135826262726,6648.0
matched_early_mixture,0.25,timely_leagueews,20260930,teamfight,30,europe,1500,9978.0,193.59235668789853,123.61146496815273,467.19745222930146,273.6050955414021,3351.0
matched_early_mixture,0.25,timely_leagueews,20260930,teamfight,30,americas,1500,9817.0,219.86715867158682,131.15498154981532,502.57564575645483,282.7084870848707,3297.0
matched_early_mixture,0.25,timely_leagueews,20261001,baron,30,overall,3000,3241.0,594.3185636777308,326.5049005308908,1099.3737529899029,505.0551893121755,1091.0
matched_early_mixture,0.25,timely_leagueews,20261001,baron,30,europe,1500,1610.0,311.2775800711742,168.5622775800713,539.5622775800695,228.2846975088971,558.0
matched_early_mixture,0.25,timely_leagueews,20261001,baron,30,americas,1500,1631.0,283.0409836065572,157.94262295081953,559.8114754098369,276.7704918032784,533.0
matched_early_mixture,0.25,timely_leagueews,20261001,dragon,30,overall,3000,11329.0,832.8197394877144,631.686336218199,1414.284989946678,581.465250458954,3736.0
matched_early_mixture,0.25,timely_leagueews,20261001,dragon,30,europe,1500,5578.0,399.28315412186237,302.24731182795614,695.7240143369148,296.44086021505285,1834.0
matched_early_mixture,0.25,timely_leagueews,20261001,dragon,30,americas,1500,5751.0,433.5365853658527,329.4390243902434,718.5609756097537,285.0243902439019,1902.0
matched_early_mixture,0.25,timely_leagueews,20261001,teamfight,30,overall,3000,19795.0,379.1323890149199,239.9904830410004,939.8251351002366,560.692746085317,6648.0
matched_early_mixture,0.25,timely_leagueews,20261001,teamfight,30,europe,1500,9978.0,179.33962264150895,120.18696397941699,451.49571183533544,272.1560891938242,3351.0
matched_early_mixture,0.25,timely_leagueews,20261001,teamfight,30,americas,1500,9817.0,199.79276637341232,119.80351906158396,488.3294232649021,288.5366568914955,3297.0
matched_early_mixture,0.25,timely_leagueews,20261002,baron,30,overall,3000,3241.0,568.6901561699955,305.6734511008703,1038.2902585765542,469.6001024065538,1091.0
matched_early_mixture,0.25,timely_leagueews,20261002,baron,30,europe,1500,1610.0,307.9603174603176,164.2460317460318,512.253968253968,204.2936507936511,558.0
matched_early_mixture,0.25,timely_leagueews,20261002,baron,30,americas,1500,1631.0,260.7298387096765,141.4274193548387,526.0362903225812,265.3064516129021,533.0
matched_early_mixture,0.25,timely_leagueews,20261002,dragon,30,overall,3000,11329.0,846.6993135376821,622.6484674329515,1404.6190453384445,557.9197318007677,3736.0
matched_early_mixture,0.25,timely_leagueews,20261002,dragon,30,europe,1500,5578.0,389.96551724138243,291.2873563218406,661.5241379310409,271.5586206896566,1834.0
matched_early_mixture,0.25,timely_leagueews,20261002,dragon,30,americas,1500,5751.0,456.7337962962934,331.3611111111106,743.094907407408,286.36111111111154,1902.0
matched_early_mixture,0.25,timely_leagueews,20261002,teamfight,30,overall,3000,19795.0,391.59587834539457,252.85821465712922,980.3035528577699,588.7076745123816,6648.0
matched_early_mixture,0.25,timely_leagueews,20261002,teamfight,30,europe,1500,9978.0,188.90296495956807,121.24797843665772,483.31536388140205,294.4123989218318,3351.0
matched_early_mixture,0.25,timely_leagueews,20261002,teamfight,30,americas,1500,9817.0,202.69291338582622,131.61023622047236,496.9881889763749,294.29527559054986,3297.0
matched_early_mixture,0.5,timely_leagueews,20260930,baron,30,overall,3000,3241.0,844.1916968514905,495.05161971521204,2038.9829156340227,1194.7912187825343,1091.0
matched_early_mixture,0.5,timely_leagueews,20260930,baron,30,europe,1500,1610.0,439.94845360824706,251.84536082474278,1009.0412371133972,569.0927835051533,558.0
matched_early_mixture,0.5,timely_leagueews,20260930,baron,30,americas,1500,1631.0,404.243243243244,243.20625889046988,1029.9416785206304,625.698435277386,533.0
matched_early_mixture,0.5,timely_leagueews,20260930,dragon,30,overall,3000,11329.0,1568.8326921432867,1029.9131743181924,2599.4376164828736,1030.604924339564,3736.0
matched_early_mixture,0.5,timely_leagueews,20260930,dragon,30,europe,1500,5578.0,742.6190476190397,485.6761904761878,1269.3047619047575,526.6857142857112,1834.0
matched_early_mixture,0.5,timely_leagueews,20260930,dragon,30,americas,1500,5751.0,826.2136445242352,544.2369838420128,1330.1328545780893,503.9192100538626,1902.0
matched_early_mixture,0.5,timely_leagueews,20260930,teamfight,30,overall,3000,19795.0,759.7404255319101,458.0457446808506,1929.4782505910073,1169.737825059091,6648.0
matched_early_mixture,0.5,timely_leagueews,20260930,teamfight,30,europe,1500,9978.0,356.9999999999993,224.2500000000003,910.3888888888814,553.388888888886,3351.0
matched_early_mixture,0.5,timely_leagueews,20260930,teamfight,30,americas,1500,9817.0,402.7404255319157,233.7957446808515,1019.08936170212,616.348936170212,3297.0
matched_early_mixture,0.5,timely_leagueews,20261001,baron,30,overall,3000,3241.0,829.8005512402912,485.1721373089449,2018.1914620395903,1188.390910799299,1091.0
matched_early_mixture,0.5,timely_leagueews,20261001,baron,30,europe,1500,1610.0,436.8461538461542,254.23076923076945,993.6442307692238,556.7980769230769,558.0
matched_early_mixture,0.5,timely_leagueews,20261001,baron,30,americas,1500,1631.0,392.9543973941364,230.94136807817566,1024.547231270365,631.5928338762222,533.0
matched_early_mixture,0.5,timely_leagueews,20261001,dragon,30,overall,3000,11329.0,1496.3005348245645,1036.2968330206581,2548.432659093286,1052.1321242686893,3736.0
matched_early_mixture,0.5,timely_leagueews,20261001,dragon,30,europe,1500,5578.0,732.8090737240022,508.784499054818,1264.9943289224843,532.1852551984853,1834.0
matched_early_mixture,0.5,timely_leagueews,20261001,dragon,30,americas,1500,5751.0,763.491461100565,527.512333965842,1283.43833017077,519.9468690702059,1902.0
matched_early_mixture,0.5,timely_leagueews,20261001,teamfight,30,overall,3000,19795.0,700.0867379267071,431.913609139626,1847.37792976526,1147.2911918385316,6648.0
matched_early_mixture,0.5,timely_leagueews,20261001,teamfight,30,europe,1500,9978.0,347.80130293159704,224.13355048859918,915.1335504886068,567.332247557006,3351.0
matched_early_mixture,0.5,timely_leagueews,20261001,teamfight,30,americas,1500,9817.0,352.28543499511244,207.7800586510269,932.2443792766279,579.958944281522,3297.0
matched_early_mixture,0.5,timely_leagueews,20261002,baron,30,overall,3000,3241.0,833.008749736456,481.05998313303854,1984.8975332068178,1151.888783470379,1091.0
matched_early_mixture,0.5,timely_leagueews,20261002,baron,30,europe,1500,1610.0,433.2614379084965,246.39869281045748,971.7254901960806,538.4640522875814,558.0
matched_early_mixture,0.5,timely_leagueews,20261002,baron,30,americas,1500,1631.0,399.74731182795756,234.66129032258053,1013.1720430107596,613.4247311827994,533.0
matched_early_mixture,0.5,timely_leagueews,20261002,dragon,30,overall,3000,11329.0,1552.479220382146,1051.7497324840763,2598.7236585986993,1046.2444382165588,3736.0
matched_early_mixture,0.5,timely_leagueews,20261002,dragon,30,europe,1500,5578.0,724.3168000000004,488.94399999999683,1247.819199999996,523.5023999999974,1834.0
matched_early_mixture,0.5,timely_leagueews,20261002,dragon,30,americas,1500,5751.0,828.1624203821624,562.8057324840771,1350.9044585987133,522.7420382165619,1902.0
matched_early_mixture,0.5,timely_leagueews,20261002,teamfight,30,overall,3000,19795.0,716.6135440180577,449.33911641405945,1901.51022250885,1184.8966784908032,6648.0
matched_early_mixture,0.5,timely_leagueews,20261002,teamfight,30,europe,1500,9978.0,348.01354401805764,220.024830699774,933.595936794586,585.5823927765233,3351.0
matched_early_mixture,0.5,timely_leagueews,20261002,teamfight,30,americas,1500,9817.0,368.60000000000065,229.31428571428597,967.9142857142782,599.3142857142846,3297.0
matched_early_mixture,0.75,timely_leagueews,20260930,baron,30,overall,3000,3241.0,1021.1565390894223,616.643550650614,2940.0459869972674,1918.8894479078308,1091.0
matched_early_mixture,0.75,timely_leagueews,20260930,baron,30,europe,1500,1610.0,535.8322147651006,322.22818791946304,1466.8255033557086,930.9932885906037,558.0
matched_early_mixture,0.75,timely_leagueews,20260930,baron,30,americas,1500,1631.0,485.32432432432284,294.4153627311522,1473.2204836415397,987.8961593172047,533.0
matched_early_mixture,0.75,timely_leagueews,20260930,dragon,30,overall,3000,11329.0,2204.3554671134953,1404.275827398395,3709.371279616426,1505.0158125028884,3736.0
matched_early_mixture,0.75,timely_leagueews,20260930,dragon,30,europe,1500,5578.0,1055.9307359307422,675.2865800865846,1836.8372294372093,780.9064935064994,1834.0
matched_early_mixture,0.75,timely_leagueews,20260930,dragon,30,americas,1500,5751.0,1148.4247311827949,728.9892473118297,1872.534050179189,724.1093189964181,1902.0
matched_early_mixture,0.75,timely_leagueews,20260930,teamfight,30,overall,3000,19795.0,1053.0250138484992,634.1999030605172,2851.215638415721,1798.1906245672455,6648.0
matched_early_mixture,0.75,timely_leagueews,20260930,teamfight,30,europe,1500,9978.0,498.3253012048184,314.2228915662646,1364.5963855421844,866.271084337355,3351.0
matched_early_mixture,0.75,timely_leagueews,20260930,teamfight,30,americas,1500,9817.0,554.6997126436762,319.977011494252,1486.6192528735562,931.9195402298805,3297.0
matched_early_mixture,0.75,timely_leagueews,20261001,baron,30,overall,3000,3241.0,1005.5083938862465,603.9393635680294,2906.0915810573406,1900.5831871711314,1091.0
matched_early_mixture,0.75,timely_leagueews,20261001,baron,30,europe,1500,1610.0,523.3846153846158,311.923076923077,1451.5769230769295,928.1923076923115,558.0
matched_early_mixture,0.75,timely_leagueews,20261001,baron,30,americas,1500,1631.0,482.1237785016298,292.0162866449517,1454.5146579804486,972.3908794788316,533.0
matched_early_mixture,0.75,timely_leagueews,20261001,dragon,30,overall,3000,11329.0,2148.855500798565,1418.957721868037,3665.2905273503175,1516.4350265517992,3736.0
matched_early_mixture,0.75,timely_leagueews,20261001,dragon,30,europe,1500,5578.0,1054.1258992805806,703.2338129496433,1822.910071942434,768.7841726618745,1834.0
matched_early_mixture,0.75,timely_leagueews,20261001,dragon,30,americas,1500,5751.0,1094.7296015180307,715.7239089184108,1842.3804554079504,747.6508538899484,1902.0
matched_early_mixture,0.75,timely_leagueews,20261001,teamfight,30,overall,3000,19795.0,994.2732176233224,606.0057839082191,2752.408520956147,1758.1353033327944,6648.0
matched_early_mixture,0.75,timely_leagueews,20261001,teamfight,30,europe,1500,9978.0,489.49511400651386,310.24918566775233,1376.2491856677552,886.7540716612327,3351.0
matched_early_mixture,0.75,timely_leagueews,20261001,teamfight,30,americas,1500,9817.0,504.778103616811,295.7565982404682,1376.1593352883585,871.3812316715484,3297.0
matched_early_mixture,0.75,timely_leagueews,20261002,baron,30,overall,3000,3241.0,997.2586731588536,593.7060255629935,2893.0172448772796,1895.7585717183906,1091.0
matched_early_mixture,0.75,timely_leagueews,20261002,baron,30,europe,1500,1610.0,520.2264150943397,308.64150943396226,1451.0817610062868,930.855345911948,558.0
matched_early_mixture,0.75,timely_leagueews,20261002,baron,30,americas,1500,1631.0,477.0322580645153,285.0645161290324,1441.9354838709592,964.9032258064462,533.0
matched_early_mixture,0.75,timely_leagueews,20261002,dragon,30,overall,3000,11329.0,2178.597373248409,1422.292726114656,3678.6070980891736,1500.0097248407717,3736.0
matched_early_mixture,0.75,timely_leagueews,20261002,dragon,30,europe,1500,5578.0,1041.716800000012,680.9440000000033,1803.4192000000285,761.7024000000058,1834.0
matched_early_mixture,0.75,timely_leagueews,20261002,dragon,30,americas,1500,5751.0,1136.8805732484113,741.3487261146531,1875.1878980891581,738.3073248407683,1902.0
matched_early_mixture,0.75,timely_leagueews,20261002,teamfight,30,overall,3000,19795.0,1004.2736452061093,621.6401420410673,2802.6824558694857,1798.4088106633894,6648.0
matched_early_mixture,0.75,timely_leagueews,20261002,teamfight,30,europe,1500,9978.0,484.2941176470605,304.80392156862825,1365.1895424836619,880.8954248365977,3351.0
matched_early_mixture,0.75,timely_leagueews,20261002,teamfight,30,americas,1500,9817.0,519.9795275590534,316.8362204724403,1437.4929133858345,917.5133858267675,3297.0
matched_early_mixture,1.0,timely_leagueews,20260930,baron,30,overall,3000,3241.0,1155.9970404379292,714.6840261345578,3811.225781387933,2655.2287409500077,1091.0
matched_early_mixture,1.0,timely_leagueews,20260930,baron,30,europe,1500,1610.0,596.0514285714289,367.9942857142859,1869.9142857142886,1273.8628571428594,558.0
matched_early_mixture,1.0,timely_leagueews,20260930,baron,30,americas,1500,1631.0,559.9456118665023,346.6897404202723,1941.3114956736536,1381.3658838071576,533.0
matched_early_mixture,1.0,timely_leagueews,20260930,dragon,30,overall,3000,11329.0,2822.102639296187,1771.305571847492,4840.075790159678,2017.9731508634557,3736.0
matched_early_mixture,1.0,timely_leagueews,20260930,dragon,30,europe,1500,5578.0,1369.242424242423,864.896969696976,2404.369696969699,1035.1272727272801,1834.0
matched_early_mixture,1.0,timely_leagueews,20260930,dragon,30,americas,1500,5751.0,1452.8602150537558,906.4086021505351,2435.706093189945,982.8458781361971,1902.0
matched_early_mixture,1.0,timely_leagueews,20260930,teamfight,30,overall,3000,19795.0,1324.6221783686535,795.5197514194729,3751.5324227946326,2426.9102444259947,6648.0
matched_early_mixture,1.0,timely_leagueews,20260930,teamfight,30,europe,1500,9978.0,628.2198795180749,389.33584337349487,1821.4864457831468,1193.266566265069,3351.0
matched_early_mixture,1.0,timely_leagueews,20260930,teamfight,30,americas,1500,9817.0,696.4022988505757,406.1839080459784,1930.0459770115074,1233.643678160923,3297.0
matched_early_mixture,1.0,timely_leagueews,20261001,baron,30,overall,3000,3241.0,1136.3657913975876,697.5497136590717,3746.453088826578,2610.0872974290023,1091.0
matched_early_mixture,1.0,timely_leagueews,20261001,baron,30,europe,1500,1610.0,588.9399293286218,361.2738515901062,1879.056537102462,1290.1166077738444,558.0
matched_early_mixture,1.0,timely_leagueews,20261001,baron,30,americas,1500,1631.0,547.4258620689657,336.27586206896535,1867.3965517241363,1319.970689655177,533.0
matched_early_mixture,1.0,timely_leagueews,20261001,dragon,30,overall,3000,11329.0,2797.7645045254176,1795.3437572522732,4800.896321652329,2003.1318171269572,3736.0
matched_early_mixture,1.0,timely_leagueews,20261001,dragon,30,europe,1500,5578.0,1371.7967625899328,891.4082733812975,2399.5737410071856,1027.7769784172697,1834.0
matched_early_mixture,1.0,timely_leagueews,20261001,dragon,30,americas,1500,5751.0,1425.9677419354916,903.9354838709689,2401.3225806451837,975.3548387096787,1902.0
matched_early_mixture,1.0,timely_leagueews,20261001,teamfight,30,overall,3000,19795.0,1276.872162047005,774.756325005701,3658.0190468640917,2381.1468848170625,6648.0
matched_early_mixture,1.0,timely_leagueews,20261001,teamfight,30,europe,1500,9978.0,630.7715565509507,396.00783874580134,1839.0772676371848,1208.305711086225,3351.0
matched_early_mixture,1.0,timely_leagueews,20261001,teamfight,30,americas,1500,9817.0,646.1006054960425,378.7484862598967,1818.9417792268475,1172.8411737308,3297.0
matched_early_mixture,1.0,timely_leagueews,20261002,baron,30,overall,3000,3241.0,1128.6395061135267,688.1987556751308,3756.6874054144932,2628.047899300967,1091.0
matched_early_mixture,1.0,timely_leagueews,20261002,baron,30,europe,1500,1610.0,583.8274760383383,355.61980830670944,1878.003194888172,1294.1757188498354,558.0
matched_early_mixture,1.0,timely_leagueews,20261002,baron,30,americas,1500,1631.0,544.8120300751887,332.5789473684215,1878.6842105263217,1333.8721804511329,533.0
matched_early_mixture,1.0,timely_leagueews,20261002,dragon,30,overall,3000,11329.0,2774.0288618242244,1775.1780075352594,4772.654534302993,1998.6256724787436,3736.0
matched_early_mixture,1.0,timely_leagueews,20261002,dragon,30,europe,1500,5578.0,1338.8217821782087,861.3762376237627,2353.9801980197667,1015.1584158415847,1834.0
matched_early_mixture,1.0,timely_leagueews,20261002,dragon,30,americas,1500,5751.0,1435.2070796460207,913.801769911501,2418.6743362832026,983.4672566371637,1902.0
matched_early_mixture,1.0,timely_leagueews,20261002,teamfight,30,overall,3000,19795.0,1277.9593793422828,790.9054268951667,3712.135134578732,2434.175755236458,6648.0
matched_early_mixture,1.0,timely_leagueews,20261002,teamfight,30,europe,1500,9978.0,605.617647058824,380.17156862745173,1789.2091503267877,1183.5915032679688,3351.0
matched_early_mixture,1.0,timely_leagueews,20261002,teamfight,30,americas,1500,9817.0,672.3417322834653,410.7338582677176,1922.9259842519575,1250.5842519684995,3297.0
matched_early_mixture,0.25,timely_leagueews,20260930,baron,60,overall,3000,3241.0,563.8606943637124,307.72614232765676,1132.1628015320478,568.3021071683353,2152.0
matched_early_mixture,0.25,timely_leagueews,20260930,baron,60,europe,1500,1610.0,301.9250720461098,162.7146974063397,584.9596541786784,283.03458213256454,1048.0
matched_early_mixture,0.25,timely_leagueews,20260930,baron,60,americas,1500,1631.0,261.93562231759614,145.01144492131655,547.2031473533658,285.26752503576597,1104.0
matched_early_mixture,0.25,timely_leagueews,20260930,dragon,60,overall,3000,11329.0,1429.1456972552428,1306.4868472713044,2027.6761252096994,598.5304279544553,7555.0
matched_early_mixture,0.25,timely_leagueews,20260930,dragon,60,europe,1500,5578.0,691.6262626262653,633.4444444444456,981.4040404040484,289.77777777777686,3749.0
matched_early_mixture,0.25,timely_leagueews,20260930,dragon,60,americas,1500,5751.0,737.5194346289767,673.0424028268552,1046.272084805657,308.7526501766784,3806.0
matched_early_mixture,0.25,timely_leagueews,20260930,teamfight,60,overall,3000,19795.0,626.2081658596787,497.9884840440459,1258.099680320053,631.8915144603793,13137.0
matched_early_mixture,0.25,timely_leagueews,20260930,teamfight,60,europe,1500,9978.0,336.09395973154284,273.0469798657713,660.2751677852362,324.18120805369045,6630.0
matched_early_mixture,0.25,timely_leagueews,20260930,teamfight,60,americas,1500,9817.0,290.11420612813424,224.94150417827285,597.8245125348226,307.710306406686,6507.0
matched_early_mixture,0.25,timely_leagueews,20261001,baron,60,overall,3000,3241.0,512.2629913260895,286.0791201062748,1075.7728764554076,563.5098851293253,2152.0
matched_early_mixture,0.25,timely_leagueews,20261001,baron,60,europe,1500,1610.0,266.63612565445095,147.84031413612598,539.8848167539271,273.2486910994772,1048.0
matched_early_mixture,0.25,timely_leagueews,20261001,baron,60,americas,1500,1631.0,245.6268656716419,138.23880597014931,535.8880597014881,290.26119402985023,1104.0
matched_early_mixture,0.25,timely_leagueews,20261001,dragon,60,overall,3000,11329.0,1405.2427797833961,1299.862364620937,2000.5078219013283,595.2650421179264,7555.0
matched_early_mixture,0.25,timely_leagueews,20261001,dragon,60,europe,1500,5578.0,654.9927797833861,595.4873646209327,939.8411552346431,284.8483754512644,3749.0
matched_early_mixture,0.25,timely_leagueews,20261001,dragon,60,americas,1500,5751.0,750.2500000000025,704.3750000000019,1060.6666666666702,310.4166666666667,3806.0
matched_early_mixture,0.25,timely_leagueews,20261001,teamfight,60,overall,3000,19795.0,607.5688571913723,486.48638704930244,1231.0719043036852,623.5030471123167,13137.0
matched_early_mixture,0.25,timely_leagueews,20261001,teamfight,60,europe,1500,9978.0,320.74834437086145,258.7086092715234,644.8211920529791,324.0728476821198,6630.0
matched_early_mixture,0.25,timely_leagueews,20261001,teamfight,60,americas,1500,9817.0,286.82051282051356,227.77777777777823,586.2507122507113,299.4301994302002,6507.0
matched_early_mixture,0.25,timely_leagueews,20261002,baron,60,overall,3000,3241.0,455.8730526773451,271.02536772697573,1072.552554162743,616.6795014854025,2152.0
matched_early_mixture,0.25,timely_leagueews,20261002,baron,60,europe,1500,1610.0,229.21621621621517,137.15405405405406,524.367567567568,295.15135135135057,1048.0
matched_early_mixture,0.25,timely_leagueews,20261002,baron,60,americas,1500,1631.0,226.6568364611257,133.8713136729221,548.1849865951789,321.5281501340491,1104.0
matched_early_mixture,0.25,timely_leagueews,20261002,dragon,60,overall,3000,11329.0,1402.0939196525403,1302.113773848292,1991.4580425003687,589.3641228478366,7555.0
matched_early_mixture,0.25,timely_leagueews,20261002,dragon,60,europe,1500,5578.0,675.2605863192176,623.0423452768723,959.4104234527678,284.14983713355014,3749.0
matched_early_mixture,0.25,timely_leagueews,20261002,dragon,60,americas,1500,5751.0,726.8333333333321,679.0714285714283,1032.0476190476124,305.2142857142872,3806.0
matched_early_mixture,0.25,timely_leagueews,20261002,teamfight,60,overall,3000,19795.0,639.7994871794895,505.5043589743576,1281.3392307692466,641.5397435897464,13137.0
matched_early_mixture,0.25,timely_leagueews,20261002,teamfight,60,europe,1500,9978.0,346.8461538461543,279.64102564102666,685.1025641025677,338.2564102564104,6630.0
matched_early_mixture,0.25,timely_leagueews,20261002,teamfight,60,americas,1500,9817.0,292.953333333334,225.86333333333423,596.236666666668,303.2833333333341,6507.0
matched_early_mixture,0.5,timely_leagueews,20260930,baron,60,overall,3000,3241.0,1003.226748872585,552.7031183053398,2159.303319462896,1156.0765705903336,2152.0
matched_early_mixture,0.5,timely_leagueews,20260930,baron,60,europe,1500,1610.0,517.578680203047,289.12944162436617,1101.3705583756366,583.7918781725908,1048.0
matched_early_mixture,0.5,timely_leagueews,20260930,baron,60,americas,1500,1631.0,485.64806866952716,263.5736766809724,1057.9327610872785,572.2846924177406,1104.0
matched_early_mixture,0.5,timely_leagueews,20260930,dragon,60,overall,3000,11329.0,2502.0224818077177,2177.746158559909,3626.238330141725,1124.2158483339622,7555.0
matched_early_mixture,0.5,timely_leagueews,20260930,dragon,60,europe,1500,5578.0,1234.8428571428544,1084.448571428573,1797.9085714285522,563.0657142857161,3749.0
matched_early_mixture,0.5,timely_leagueews,20260930,dragon,60,americas,1500,5751.0,1267.1796246648605,1093.297587131354,1828.3297587131017,561.1501340482573,3806.0
matched_early_mixture,0.5,timely_leagueews,20260930,teamfight,60,overall,3000,19795.0,1137.1826484018297,881.704718417046,2406.981735159839,1269.7990867579936,13137.0
matched_early_mixture,0.5,timely_leagueews,20260930,teamfight,60,europe,1500,9978.0,592.4611872146141,465.6590563165919,1225.322678843236,632.8614916286181,6630.0
matched_early_mixture,0.5,timely_leagueews,20260930,teamfight,60,americas,1500,9817.0,544.7214611872154,416.04566210045823,1181.6590563165842,636.9375951293749,6507.0
matched_early_mixture,0.5,timely_leagueews,20261001,baron,60,overall,3000,3241.0,918.322099922095,517.22534837463,2073.4190626489644,1155.0969627268455,2152.0
matched_early_mixture,0.5,timely_leagueews,20261001,baron,60,europe,1500,1610.0,468.2566371681399,264.7332490518325,1043.1188369153049,574.8621997471546,1048.0
matched_early_mixture,0.5,timely_leagueews,20261001,baron,60,americas,1500,1631.0,450.06546275394874,252.49209932279976,1030.300225733628,580.2347629796822,1104.0
matched_early_mixture,0.5,timely_leagueews,20261001,dragon,60,overall,3000,11329.0,2511.5881256179873,2227.8939780592414,3661.8742407835225,1150.286115165499,7555.0
matched_early_mixture,0.5,timely_leagueews,20261001,dragon,60,europe,1500,5578.0,1225.0567823343881,1084.5268138801284,1803.3817034700405,578.3249211356454,3749.0
matched_early_mixture,0.5,timely_leagueews,20261001,dragon,60,americas,1500,5751.0,1286.5313432835812,1143.3671641791038,1858.4925373134315,571.9611940298503,3806.0
matched_early_mixture,0.5,timely_leagueews,20261001,teamfight,60,overall,3000,19795.0,1102.5862665967138,864.2238468057628,2341.9701723233225,1239.3839057266216,13137.0
matched_early_mixture,0.5,timely_leagueews,20261001,teamfight,60,europe,1500,9978.0,566.7707736389718,446.4942693409766,1190.6518624641922,623.8810888252193,6630.0
matched_early_mixture,0.5,timely_leagueews,20261001,teamfight,60,americas,1500,9817.0,535.8154929577447,417.72957746478795,1151.3183098591448,615.5028169014056,6507.0
matched_early_mixture,0.5,timely_leagueews,20261002,baron,60,overall,3000,3241.0,864.5123931623974,528.0991025641022,2092.8896581196586,1228.377264957268,2152.0
matched_early_mixture,0.5,timely_leagueews,20261002,baron,60,europe,1500,1610.0,447.1777777777786,269.29333333333375,1058.8088888888913,611.6311111111123,1048.0
matched_early_mixture,0.5,timely_leagueews,20261002,baron,60,americas,1500,1631.0,417.3346153846139,258.8057692307686,1034.0807692307756,616.7461538461541,1104.0
matched_early_mixture,0.5,timely_leagueews,20261002,dragon,60,overall,3000,11329.0,2485.3513330940973,2204.48965260041,3637.5784270263707,1152.227093932296,7555.0
matched_early_mixture,0.5,timely_leagueews,20261002,dragon,60,europe,1500,5578.0,1192.244094488185,1059.4199475065557,1758.2808398950185,566.0367454068244,3749.0
matched_early_mixture,0.5,timely_leagueews,20261002,dragon,60,americas,1500,5751.0,1293.1072386059095,1145.0697050938425,1879.2975871313854,586.1903485254728,3806.0
matched_early_mixture,0.5,timely_leagueews,20261002,teamfight,60,overall,3000,19795.0,1112.9932755153345,862.7716189039726,2360.9927727501254,1247.9994972347843,13137.0
matched_early_mixture,0.5,timely_leagueews,20261002,teamfight,60,europe,1500,9978.0,574.0096153846151,450.3141025641015,1205.5352564102598,631.5256410256428,6630.0
matched_early_mixture,0.5,timely_leagueews,20261002,teamfight,60,americas,1500,9817.0,538.9836601307203,412.4575163398708,1155.4575163398608,616.4738562091502,6507.0
matched_early_mixture,0.75,timely_leagueews,20260930,baron,60,overall,3000,3241.0,1337.137699236033,752.3719612381745,3088.1033508832443,1750.9656516472432,2152.0
matched_early_mixture,0.75,timely_leagueews,20260930,baron,60,europe,1500,1610.0,693.2236180904541,392.183417085428,1558.7763819095353,865.5527638190993,1048.0
matched_early_mixture,0.75,timely_leagueews,20260930,baron,60,americas,1500,1631.0,643.9140811455865,360.1885441527445,1529.3269689737472,885.4128878281683,1104.0
matched_early_mixture,0.75,timely_leagueews,20260930,dragon,60,overall,3000,11329.0,3460.054483169476,2895.028820375319,5073.9612153708595,1613.9067322013682,7555.0
matched_early_mixture,0.75,timely_leagueews,20260930,dragon,60,europe,1500,5578.0,1701.7555555555589,1430.2500000000007,2514.7333333333486,812.9777777777757,3749.0
matched_early_mixture,0.75,timely_leagueews,20260930,dragon,60,americas,1500,5751.0,1758.2989276139351,1464.7788203753332,2559.2278820375077,800.9289544235999,3806.0
matched_early_mixture,0.75,timely_leagueews,20260930,teamfight,60,overall,3000,19795.0,1634.8735990037285,1251.2738993480302,3549.073482610105,1914.1998836063988,13137.0
matched_early_mixture,0.75,timely_leagueews,20260930,teamfight,60,europe,1500,9978.0,835.0151515151452,643.4474153297645,1774.3778966131729,939.3627450980315,6630.0
matched_early_mixture,0.75,timely_leagueews,20260930,teamfight,60,americas,1500,9817.0,799.8584474885909,607.8264840182674,1774.695585996963,974.8371385083813,6507.0
matched_early_mixture,0.75,timely_leagueews,20261001,baron,60,overall,3000,3241.0,1285.7707679132177,735.6169405815446,3047.6621671220387,1761.8913992088383,2152.0
matched_early_mixture,0.75,timely_leagueews,20261001,baron,60,europe,1500,1610.0,657.415929203543,376.61694058154376,1537.113780025276,879.6978508217493,1048.0
matched_early_mixture,0.75,timely_leagueews,20261001,baron,60,americas,1500,1631.0,628.3548387096771,358.9999999999991,1510.5483870967837,882.1935483870993,1104.0
matched_early_mixture,0.75,timely_leagueews,20261001,dragon,60,overall,3000,11329.0,3434.9024975984753,2905.284367258211,5111.191347725723,1676.2888501272441,7555.0
matched_early_mixture,0.75,timely_leagueews,20261001,dragon,60,europe,1500,5578.0,1683.8333333333314,1422.535087719297,2532.4795321637393,848.6461988304084,3749.0
matched_early_mixture,0.75,timely_leagueews,20261001,dragon,60,americas,1500,5751.0,1751.0691642651402,1482.7492795389117,2578.7118155619783,827.642651296832,3806.0
matched_early_mixture,0.75,timely_leagueews,20261001,teamfight,60,overall,3000,19795.0,1569.7494894870601,1214.1819766737947,3422.5691674401587,1852.8196779530958,13137.0
matched_early_mixture,0.75,timely_leagueews,20261001,teamfight,60,europe,1500,9978.0,801.0114613180549,621.1002865329535,1719.84240687678,918.8309455587436,6630.0
matched_early_mixture,0.75,timely_leagueews,20261001,teamfight,60,americas,1500,9817.0,768.738028169011,593.081690140844,1702.7267605633824,933.9887323943611,6507.0
matched_early_mixture,0.75,timely_leagueews,20261002,baron,60,overall,3000,3241.0,1234.6742078345837,758.5396459764437,3074.9137564613757,1840.2395486268097,2152.0
matched_early_mixture,0.75,timely_leagueews,20261002,baron,60,europe,1500,1610.0,633.4547461368655,381.0883002207499,1555.6114790286922,922.1567328918329,1048.0
matched_early_mixture,0.75,timely_leagueews,20261002,baron,60,americas,1500,1631.0,601.2194616977225,377.4513457556939,1519.302277432703,918.0828157349878,1104.0
matched_early_mixture,0.75,timely_leagueews,20261002,dragon,60,overall,3000,11329.0,3450.187965785928,2903.08214769649,5114.296536246634,1664.1085704607167,7555.0
matched_early_mixture,0.75,timely_leagueews,20261002,dragon,60,europe,1500,5578.0,1675.4119241192518,1415.7696476964818,2504.7913279133086,829.3794037940356,3749.0
matched_early_mixture,0.75,timely_leagueews,20261002,dragon,60,americas,1500,5751.0,1774.7760416666717,1487.3125000000023,2609.5052083333285,834.7291666666645,3806.0
matched_early_mixture,0.75,timely_leagueews,20261002,teamfight,60,overall,3000,19795.0,1572.5374027167347,1206.4339299885412,3427.7002900513785,1855.1628873347227,13137.0
matched_early_mixture,0.75,timely_leagueews,20261002,teamfight,60,europe,1500,9978.0,802.0669856459365,618.4727272727288,1722.214354066998,920.1473684210575,6630.0
matched_early_mixture,0.75,timely_leagueews,20261002,teamfight,60,americas,1500,9817.0,770.4704170708103,587.9612027158133,1705.4859359844684,935.0155189136831,6507.0
matched_early_mixture,1.0,timely_leagueews,20260930,baron,60,overall,3000,3241.0,1628.964540444156,937.7996714340999,3980.984591069519,2352.0200506253436,2152.0
matched_early_mixture,1.0,timely_leagueews,20260930,baron,60,europe,1500,1610.0,833.1419597989982,477.45351758794106,1981.3580402009916,1148.2160804020125,1048.0
matched_early_mixture,1.0,timely_leagueews,20260930,baron,60,americas,1500,1631.0,795.8225806451669,460.346153846156,1999.6265508685046,1203.8039702233355,1104.0
matched_early_mixture,1.0,timely_leagueews,20260930,dragon,60,overall,3000,11329.0,4321.419408525199,3436.440576701893,6366.7595392368485,2045.3401307116221,7555.0
matched_early_mixture,1.0,timely_leagueews,20260930,dragon,60,europe,1500,5578.0,2123.2332613390795,1688.453563714896,3159.092872570172,1035.859611231098,3749.0
matched_early_mixture,1.0,timely_leagueews,20260930,dragon,60,americas,1500,5751.0,2198.1861471861566,1747.987012987021,3207.6666666666497,1009.4805194805238,3806.0
matched_early_mixture,1.0,timely_leagueews,20260930,teamfight,60,overall,3000,19795.0,2054.021598389637,1547.6864729244048,4548.967351197011,2494.9457528073976,13137.0
matched_early_mixture,1.0,timely_leagueews,20260930,teamfight,60,europe,1500,9978.0,1045.2424242424293,785.158645276296,2275.046345811038,1229.803921568627,6630.0
matched_early_mixture,1.0,timely_leagueews,20260930,teamfight,60,americas,1500,9817.0,1008.7791741472092,762.5278276481096,2273.9210053860006,1265.1418312387782,6507.0
matched_early_mixture,1.0,timely_leagueews,20261001,baron,60,overall,3000,3241.0,1609.3429891055696,942.0834394746927,4025.4257855491524,2416.0827964435484,2152.0
matched_early_mixture,1.0,timely_leagueews,20261001,baron,60,europe,1500,1610.0,825.3549222797951,478.9533678756487,2028.2849740932552,1202.9300518134742,1048.0
matched_early_mixture,1.0,timely_leagueews,20261001,baron,60,americas,1500,1631.0,783.9880668257746,463.1300715990467,1997.1408114558556,1213.1527446300727,1104.0
matched_early_mixture,1.0,timely_leagueews,20261001,dragon,60,overall,3000,11329.0,4293.3161255628875,3448.4479733816897,6423.196477784461,2129.8803522215367,7555.0
matched_early_mixture,1.0,timely_leagueews,20261001,dragon,60,europe,1500,5578.0,2109.9259259259175,1691.1666666666626,3189.2962962962615,1079.3703703703754,3749.0
matched_early_mixture,1.0,timely_leagueews,20261001,dragon,60,americas,1500,5751.0,2183.390199637003,1757.2813067150548,3233.9001814881694,1050.5099818511815,3806.0
matched_early_mixture,1.0,timely_leagueews,20261001,teamfight,60,overall,3000,19795.0,2004.984305317328,1527.9181818181858,4473.1517551900615,2468.1674498728144,13137.0
matched_early_mixture,1.0,timely_leagueews,20261001,teamfight,60,europe,1500,9978.0,1021.034305317329,776.3181818181837,2244.4939965694607,1223.4596912521463,6630.0
matched_early_mixture,1.0,timely_leagueews,20261001,teamfight,60,americas,1500,9817.0,983.9500000000063,751.6000000000043,2228.6577586206986,1244.7077586207,6507.0
matched_early_mixture,1.0,timely_leagueews,20261002,baron,60,overall,3000,3241.0,1560.2760646108586,958.4468918257486,4024.665358066849,2464.3892934559835,2152.0
matched_early_mixture,1.0,timely_leagueews,20261002,baron,60,europe,1500,1610.0,783.3333333333348,473.22222222222166,2003.4671201813974,1220.133786848073,1048.0
matched_early_mixture,1.0,timely_leagueews,20261002,baron,60,americas,1500,1631.0,776.9427312775344,485.224669603525,2021.1982378854477,1244.2555066079276,1104.0
matched_early_mixture,1.0,timely_leagueews,20261002,dragon,60,overall,3000,11329.0,4309.30058464048,3434.436047595241,6407.020158323861,2097.719573683331,7555.0
matched_early_mixture,1.0,timely_leagueews,20261002,dragon,60,europe,1500,5578.0,2123.082742316794,1695.4775413711616,3192.198581560305,1069.115839243495,3749.0
matched_early_mixture,1.0,timely_leagueews,20261002,dragon,60,americas,1500,5751.0,2186.21784232364,1738.958506224058,3214.8215767634993,1028.60373443983,3806.0
matched_early_mixture,1.0,timely_leagueews,20261002,teamfight,60,overall,3000,19795.0,2012.43525819222,1522.8346001234513,4461.755580822244,2449.3203226300598,13137.0
matched_early_mixture,1.0,timely_leagueews,20261002,teamfight,60,europe,1500,9978.0,1031.7320574162773,782.1090909090958,2232.142583732056,1200.410526315797,6630.0
matched_early_mixture,1.0,timely_leagueews,20261002,teamfight,60,americas,1500,9817.0,980.7032007759431,740.7255092143535,2229.612997090218,1248.909796314259,6507.0
matched_early_mixture,0.25,timely_tcn,20260930,baron,30,overall,3000,3241.0,584.8549035369775,314.34841083353956,1113.889098441749,529.0341949047748,1091.0
matched_early_mixture,0.25,timely_tcn,20260930,baron,30,europe,1500,1610.0,308.72990353697776,164.70418006430862,552.3987138263676,243.66881028938917,558.0
matched_early_mixture,0.25,timely_tcn,20260930,baron,30,americas,1500,1631.0,276.1249999999999,149.64423076923072,561.4903846153849,285.3653846153843,533.0
matched_early_mixture,0.25,timely_tcn,20260930,dragon,30,overall,3000,11329.0,798.5079905005786,579.1593225963642,1340.9805967208472,542.4726062202457,3736.0
matched_early_mixture,0.25,timely_tcn,20260930,dragon,30,europe,1500,5578.0,375.417943107219,271.0218818380736,653.7768052516368,278.3588621444192,1834.0
matched_early_mixture,0.25,timely_tcn,20260930,dragon,30,americas,1500,5751.0,423.09004739336143,308.1374407582921,687.2037914691881,264.1137440758283,1902.0
matched_early_mixture,0.25,timely_tcn,20260930,teamfight,30,overall,3000,19795.0,370.54607604585107,222.66494679135835,926.3912520887692,555.8451760429203,6648.0
matched_early_mixture,0.25,timely_tcn,20260930,teamfight,30,europe,1500,9978.0,171.44675324675384,103.28571428571425,436.2987012987053,264.85194805194976,3351.0
matched_early_mixture,0.25,timely_tcn,20260930,teamfight,30,americas,1500,9817.0,199.09932279909745,119.37923250564306,490.09255079006607,290.9932279909709,3297.0
matched_early_mixture,0.25,timely_tcn,20261001,baron,30,overall,3000,3241.0,587.500678426052,320.1668928086842,1094.3731343283553,506.87245590230816,1091.0
matched_early_mixture,0.25,timely_tcn,20261001,baron,30,europe,1500,1610.0,316.54545454545496,170.1818181818183,559.0000000000016,242.45454545454587,558.0
matched_early_mixture,0.25,timely_tcn,20261001,baron,30,americas,1500,1631.0,270.9552238805972,149.98507462686575,535.3731343283586,264.41791044776164,533.0
matched_early_mixture,0.25,timely_tcn,20261001,dragon,30,overall,3000,11329.0,842.169623833667,574.8346098743649,1355.5294247299971,513.3598008963316,3736.0
matched_early_mixture,0.25,timely_tcn,20261001,dragon,30,europe,1500,5578.0,391.89398280802004,268.28653295128794,649.914040114608,258.0200573065891,1834.0
matched_early_mixture,0.25,timely_tcn,20261001,dragon,30,americas,1500,5751.0,450.2756410256406,306.5480769230766,705.6153846153895,255.33974358974334,1902.0
matched_early_mixture,0.25,timely_tcn,20261001,teamfight,30,overall,3000,19795.0,387.74257407390394,230.12484823770373,969.9571543758477,582.2145803019504,6648.0
matched_early_mixture,0.25,timely_tcn,20261001,teamfight,30,europe,1500,9978.0,180.02599653379593,112.43500866551132,451.689774696709,271.6637781629125,3351.0
matched_early_mixture,0.25,timely_tcn,20261001,teamfight,30,americas,1500,9817.0,207.71657754010621,117.6898395721923,518.2673796791465,310.55080213903744,3297.0
matched_early_mixture,0.25,timely_tcn,20261002,baron,30,overall,3000,3241.0,567.1730165844903,307.75885253249584,1086.9663827879892,519.7933662034934,1091.0
matched_early_mixture,0.25,timely_tcn,20261002,baron,30,europe,1500,1610.0,300.2164948453597,161.23711340206165,545.6185567010286,245.40206185566907,558.0
matched_early_mixture,0.25,timely_tcn,20261002,baron,30,americas,1500,1631.0,266.95652173913027,146.52173913043475,541.3478260869555,274.39130434782555,533.0
matched_early_mixture,0.25,timely_tcn,20261002,dragon,30,overall,3000,11329.0,781.2608831819501,566.9930428168731,1351.1794550579125,569.9185718759765,3736.0
matched_early_mixture,0.25,timely_tcn,20261002,dragon,30,europe,1500,5578.0,369.38709677419166,269.7211981566824,654.548387096767,285.1612903225807,1834.0
matched_early_mixture,0.25,timely_tcn,20261002,dragon,30,americas,1500,5751.0,411.8737864077688,297.271844660195,696.6310679611622,284.75728155339857,1902.0
matched_early_mixture,0.25,timely_tcn,20261002,teamfight,30,overall,3000,19795.0,416.1474216098501,243.2542424395917,993.1273744997693,576.979952889928,6648.0
matched_early_mixture,0.25,timely_tcn,20261002,teamfight,30,europe,1500,9978.0,186.51315789473688,114.4736842105266,448.02631578947575,261.51315789473654,3351.0
matched_early_mixture,0.25,timely_tcn,20261002,teamfight,30,americas,1500,9817.0,229.6342637151095,128.78055822906606,545.1010587103004,315.4667949951876,3297.0
matched_early_mixture,0.5,timely_tcn,20260930,baron,30,overall,3000,3241.0,814.1426217228474,471.3115874387774,2070.0503601267746,1255.9077384039222,1091.0
matched_early_mixture,0.5,timely_tcn,20260930,baron,30,europe,1500,1610.0,428.23999999999927,244.42769230769204,1025.4923076923037,597.2523076923055,558.0
matched_early_mixture,0.5,timely_tcn,20260930,baron,30,americas,1500,1631.0,385.90262172284577,226.88389513108575,1044.5580524344634,658.6554307116122,533.0
matched_early_mixture,0.5,timely_tcn,20260930,dragon,30,overall,3000,11329.0,1523.8950191360761,1012.486831095081,2539.1872728020962,1015.2922536660354,3736.0
matched_early_mixture,0.5,timely_tcn,20260930,dragon,30,europe,1500,5578.0,716.619926199264,472.7712177121782,1233.8118081180846,517.1918819188205,1834.0
matched_early_mixture,0.5,timely_tcn,20260930,dragon,30,americas,1500,5751.0,807.2750929368059,539.715613382898,1305.375464684024,498.1003717472097,1902.0
matched_early_mixture,0.5,timely_tcn,20260930,teamfight,30,overall,3000,19795.0,716.6902817272984,432.2344405030633,1878.1333587405636,1161.44307701327,6648.0
matched_early_mixture,0.5,timely_tcn,20260930,teamfight,30,europe,1500,9978.0,338.9792207792198,210.4285714285712,923.3116883116842,584.3324675324652,3351.0
matched_early_mixture,0.5,timely_tcn,20260930,teamfight,30,americas,1500,9817.0,377.71106094808204,221.80586907449245,954.8216704288869,577.1106094808124,3297.0
matched_early_mixture,0.5,timely_tcn,20261001,baron,30,overall,3000,3241.0,815.2085150571125,476.34967116649256,2025.3003115264999,1210.0917964693704,1091.0
matched_early_mixture,0.5,timely_tcn,20261001,baron,30,europe,1500,1610.0,436.8888888888888,256.1851851851854,1032.6666666666708,595.7777777777784,558.0
matched_early_mixture,0.5,timely_tcn,20261001,baron,30,americas,1500,1631.0,378.3196261682232,220.16448598130788,992.6336448598065,614.3140186915849,533.0
matched_early_mixture,0.5,timely_tcn,20261001,dragon,30,overall,3000,11329.0,1564.3542001479507,990.0926506976923,2531.8508711512286,967.4966710032949,3736.0
matched_early_mixture,0.5,timely_tcn,20261001,dragon,30,europe,1500,5578.0,723.4566210045639,466.4520547945158,1216.150684931498,492.6940639269359,1834.0
matched_early_mixture,0.5,timely_tcn,20261001,dragon,30,americas,1500,5751.0,840.897579143394,523.6405959031674,1315.7001862197485,474.802607076351,1902.0
matched_early_mixture,0.5,timely_tcn,20261001,teamfight,30,overall,3000,19795.0,715.8415735627749,422.8962630024384,1875.5602528430686,1159.7186792802856,6648.0
matched_early_mixture,0.5,timely_tcn,20261001,teamfight,30,europe,1500,9978.0,341.4056761268769,210.8347245409009,902.9465776293878,561.5409015025025,3351.0
matched_early_mixture,0.5,timely_tcn,20261001,teamfight,30,americas,1500,9817.0,374.43589743589683,212.06153846153887,972.6136752136681,598.1777777777751,3297.0
matched_early_mixture,0.5,timely_tcn,20261002,baron,30,overall,3000,3241.0,834.8774925224335,489.133973080757,2053.3493270189583,1218.4718344965158,1091.0
matched_early_mixture,0.5,timely_tcn,20261002,baron,30,europe,1500,1610.0,439.70588235294105,256.9411764705883,1018.5294117647036,578.8235294117634,558.0
matched_early_mixture,0.5,timely_tcn,20261002,baron,30,americas,1500,1631.0,395.1716101694911,232.19279661016984,1034.8199152542425,639.6483050847463,533.0
matched_early_mixture,0.5,timely_tcn,20261002,dragon,30,overall,3000,11329.0,1483.7637306838512,1006.8843096740213,2547.3347613918595,1063.5710307080276,3736.0
matched_early_mixture,0.5,timely_tcn,20261002,dragon,30,europe,1500,5578.0,702.3667157584742,481.39027982327264,1244.18998527247,541.823269513995,1834.0
matched_early_mixture,0.5,timely_tcn,20261002,dragon,30,americas,1500,5751.0,781.3970149253759,525.4940298507478,1303.1447761194079,521.7477611940317,1902.0
matched_early_mixture,0.5,timely_tcn,20261002,teamfight,30,overall,3000,19795.0,720.4123656560841,438.9515860603149,1888.4322465511866,1168.0198808951004,6648.0
matched_early_mixture,0.5,timely_tcn,20261002,teamfight,30,europe,1500,9978.0,337.3854166666669,218.1354166666664,897.2291666666641,559.8437500000009,3351.0
matched_early_mixture,0.5,timely_tcn,20261002,teamfight,30,americas,1500,9817.0,383.0269489894127,220.8161693936476,991.2030798845182,608.176130895095,3297.0
matched_early_mixture,0.75,timely_tcn,20260930,baron,30,overall,3000,3241.0,1004.25834727867,610.5756235556617,2949.121762690266,1944.8634154115985,1091.0
matched_early_mixture,0.75,timely_tcn,20260930,baron,30,europe,1500,1610.0,528.4680851063828,319.78723404255305,1467.7659574468114,939.297872340427,558.0
matched_early_mixture,0.75,timely_tcn,20260930,baron,30,americas,1500,1631.0,475.79026217228386,290.7883895131088,1481.3558052434535,1005.565543071164,533.0
matched_early_mixture,0.75,timely_tcn,20260930,dragon,30,overall,3000,11329.0,2172.633342021161,1385.442049959534,3658.109514533812,1485.476172512657,3736.0
matched_early_mixture,0.75,timely_tcn,20260930,dragon,30,europe,1500,5578.0,1023.8154981549767,654.0442804428051,1770.0202952029645,746.2047970479695,1834.0
matched_early_mixture,0.75,timely_tcn,20260930,dragon,30,americas,1500,5751.0,1148.8178438661737,731.3977695167298,1888.0892193308468,739.2713754646848,1902.0
matched_early_mixture,0.75,timely_tcn,20260930,teamfight,30,overall,3000,19795.0,1006.9184835324713,607.6647634584012,2790.615658480679,1783.697174948191,6648.0
matched_early_mixture,0.75,timely_tcn,20260930,teamfight,30,europe,1500,9978.0,488.2871621621615,304.50000000000006,1396.2094594594673,907.9222972972939,3351.0
matched_early_mixture,0.75,timely_tcn,20260930,teamfight,30,americas,1500,9817.0,518.6313213703112,303.1647634584019,1394.4061990211987,875.7748776509,3297.0
matched_early_mixture,0.75,timely_tcn,20261001,baron,30,overall,3000,3241.0,988.7044972715294,601.3916703255344,2938.3979301260943,1949.6934328545653,1091.0
matched_early_mixture,0.75,timely_tcn,20261001,baron,30,europe,1500,1610.0,522.0671140939596,316.04026845637577,1494.3624161073867,972.2953020134224,558.0
matched_early_mixture,0.75,timely_tcn,20261001,baron,30,americas,1500,1631.0,466.63738317756975,285.3514018691586,1444.0355140187016,977.3981308411202,533.0
matched_early_mixture,0.75,timely_tcn,20261001,dragon,30,overall,3000,11329.0,2237.828410625134,1381.3926182132539,3679.2604408439934,1441.4320302188974,3736.0
matched_early_mixture,0.75,timely_tcn,20261001,dragon,30,europe,1500,5578.0,1050.8538812785512,658.5753424657561,1780.191780821923,729.3378995433834,1834.0
matched_early_mixture,0.75,timely_tcn,20261001,dragon,30,americas,1500,5751.0,1186.9745293466146,722.8172757475074,1899.0686600221263,712.0941306755244,1902.0
matched_early_mixture,0.75,timely_tcn,20261001,teamfight,30,overall,3000,19795.0,1009.2954068747042,597.215641453703,2788.490992109372,1779.195585234666,6648.0
matched_early_mixture,0.75,timely_tcn,20261001,teamfight,30,europe,1500,9978.0,481.013355592653,292.84641068447417,1353.697829716203,872.6844741235411,3351.0
matched_early_mixture,0.75,timely_tcn,20261001,teamfight,30,americas,1500,9817.0,528.2820512820487,304.36923076923057,1434.7931623931645,906.5111111111046,3297.0
matched_early_mixture,0.75,timely_tcn,20261002,baron,30,overall,3000,3241.0,1010.1741774676,610.801744765703,2937.896560319046,1927.7223828514477,1091.0
matched_early_mixture,0.75,timely_tcn,20261002,baron,30,europe,1500,1610.0,522.0470588235295,315.8441176470588,1458.955882352952,936.908823529417,558.0
matched_early_mixture,0.75,timely_tcn,20261002,baron,30,americas,1500,1631.0,488.1271186440666,294.95762711864404,1478.9406779660962,990.8135593220358,533.0
matched_early_mixture,0.75,timely_tcn,20261002,dragon,30,overall,3000,11329.0,2138.2962961334456,1382.7572461697307,3665.0421559360543,1526.7458598025937,3736.0
matched_early_mixture,0.75,timely_tcn,20261002,dragon,30,europe,1500,5578.0,1017.720176730479,666.4050073637692,1787.0839469808334,769.3637702503652,1834.0
matched_early_mixture,0.75,timely_tcn,20261002,dragon,30,americas,1500,5751.0,1120.5761194029885,716.3522388059738,1877.9582089552111,757.3820895522427,1902.0
matched_early_mixture,0.75,timely_tcn,20261002,teamfight,30,overall,3000,19795.0,1011.0099568443655,607.634038622745,2806.63090751033,1795.6209506659459,6648.0
matched_early_mixture,0.75,timely_tcn,20261002,teamfight,30,europe,1500,9978.0,474.59032258064406,294.7822580645163,1369.3258064516117,894.7354838709721,3351.0
matched_early_mixture,0.75,timely_tcn,20261002,teamfight,30,americas,1500,9817.0,536.4196342637132,312.8517805582287,1437.3051010587026,900.8854667949959,3297.0
matched_early_mixture,1.0,timely_tcn,20260930,baron,30,overall,3000,3241.0,1123.631760857838,692.6376787159433,3761.2532202589437,2637.621459401127,1091.0
matched_early_mixture,1.0,timely_tcn,20260930,baron,30,europe,1500,1610.0,580.539772727273,357.8068181818182,1875.244318181821,1294.7045454545475,558.0
matched_early_mixture,1.0,timely_tcn,20260930,baron,30,americas,1500,1631.0,543.0919881305633,334.8308605341244,1886.0089020771593,1342.9169139465928,533.0
matched_early_mixture,1.0,timely_tcn,20260930,dragon,30,overall,3000,11329.0,2749.8284703802146,1737.1456945073335,4758.624377304854,2008.7959069245705,3736.0
matched_early_mixture,1.0,timely_tcn,20260930,dragon,30,europe,1500,5578.0,1329.5977011494213,843.2413793103442,2337.3448275862074,1007.7471264367805,1834.0
matched_early_mixture,1.0,timely_tcn,20260930,dragon,30,americas,1500,5751.0,1420.2307692307613,893.9043151969946,2421.2795497185753,1001.0487804877994,1902.0
matched_early_mixture,1.0,timely_tcn,20260930,teamfight,30,overall,3000,19795.0,1281.2487729218224,772.6940407729081,3691.6910243916136,2410.4422514698153,6648.0
matched_early_mixture,1.0,timely_tcn,20260930,teamfight,30,europe,1500,9978.0,627.2103113833615,391.11944869831814,1859.3588565594869,1232.1485451761184,3351.0
matched_early_mixture,1.0,timely_tcn,20260930,teamfight,30,americas,1500,9817.0,654.038461538462,381.5745920745918,1832.3321678321602,1178.293706293705,3297.0
matched_early_mixture,1.0,timely_tcn,20261001,baron,30,overall,3000,3241.0,1127.118342348237,697.5796055255055,3805.282338626373,2678.1639962781505,1091.0
matched_early_mixture,1.0,timely_tcn,20261001,baron,30,europe,1500,1610.0,585.2734225621413,359.13575525812615,1891.7208413001954,1306.4474187380483,558.0
matched_early_mixture,1.0,timely_tcn,20261001,baron,30,americas,1500,1631.0,541.8449197860963,338.44385026737973,1913.5614973261997,1371.7165775401058,533.0
matched_early_mixture,1.0,timely_tcn,20261001,dragon,30,overall,3000,11329.0,2845.12600312505,1755.4095935921318,4793.135423777646,1948.0094206526162,3736.0
matched_early_mixture,1.0,timely_tcn,20261001,dragon,30,europe,1500,5578.0,1378.2511415524934,850.6986301369806,2344.2328767122935,965.9817351598109,1834.0
matched_early_mixture,1.0,timely_tcn,20261001,dragon,30,americas,1500,5751.0,1466.8748615725438,904.710963455145,2448.9025470653687,982.0276854927959,1902.0
matched_early_mixture,1.0,timely_tcn,20261001,teamfight,30,overall,3000,19795.0,1268.13777454389,756.3274692106604,3689.740102945523,2421.6023284016555,6648.0
matched_early_mixture,1.0,timely_tcn,20261001,teamfight,30,europe,1500,9978.0,610.8617511520756,372.308755760369,1814.4009216589996,1203.5391705069203,3351.0
matched_early_mixture,1.0,timely_tcn,20261001,teamfight,30,americas,1500,9817.0,657.2760233918117,384.0187134502924,1875.3391812865561,1218.063157894735,3297.0
matched_early_mixture,1.0,timely_tcn,20261002,baron,30,overall,3000,3241.0,1141.7301948051947,701.6564935064939,3818.099188311706,2676.3689935064995,1091.0
matched_early_mixture,1.0,timely_tcn,20261002,baron,30,europe,1500,1610.0,592.8909090909091,362.76363636363635,1888.5545454545447,1295.6636363636387,558.0
matched_early_mixture,1.0,timely_tcn,20261002,baron,30,americas,1500,1631.0,548.8392857142861,338.89285714285717,1929.5446428571345,1380.705357142852,533.0
matched_early_mixture,1.0,timely_tcn,20261002,dragon,30,overall,3000,11329.0,2736.2346916073852,1736.4136003044464,4759.562266912528,2023.3275753051842,3736.0
matched_early_mixture,1.0,timely_tcn,20261002,dragon,30,europe,1500,5578.0,1317.283050847459,845.5932203389839,2331.0406779661043,1013.7576271186452,1834.0
matched_early_mixture,1.0,timely_tcn,20261002,dragon,30,americas,1500,5751.0,1418.9516407599347,890.8203799654553,2428.5215889464616,1009.5699481865245,1902.0
matched_early_mixture,1.0,timely_tcn,20261002,teamfight,30,overall,3000,19795.0,1283.8180312256768,767.8244367097888,3711.017818699348,2427.1997874736767,6648.0
matched_early_mixture,1.0,timely_tcn,20261002,teamfight,30,europe,1500,9978.0,606.5367965367957,370.35064935065014,1828.0692640692419,1221.5324675324553,3351.0
matched_early_mixture,1.0,timely_tcn,20261002,teamfight,30,americas,1500,9817.0,677.2812346888834,397.47378735913964,1882.9485546301062,1205.667319941217,3297.0
matched_early_mixture,0.25,timely_tcn,20260930,baron,60,overall,3000,3241.0,471.94576275809135,250.4891034558006,1049.4927310912806,577.5469683331937,2152.0
matched_early_mixture,0.25,timely_tcn,20260930,baron,60,europe,1500,1610.0,239.4801980198027,132.42574257425758,518.5643564356393,279.0841584158419,1048.0
matched_early_mixture,0.25,timely_tcn,20260930,baron,60,americas,1500,1631.0,232.46556473829207,118.06336088154274,530.9283746556475,298.46280991735546,1104.0
matched_early_mixture,0.25,timely_tcn,20260930,dragon,60,overall,3000,11329.0,1451.2979416362657,1318.2417926003081,2033.6235669619596,582.3256253256889,7555.0
matched_early_mixture,0.25,timely_tcn,20260930,dragon,60,europe,1500,5578.0,718.7236842105201,651.7368421052581,1003.0592105263055,284.33552631578965,3749.0
matched_early_mixture,0.25,timely_tcn,20260930,dragon,60,americas,1500,5751.0,732.5742574257408,666.5049504950492,1030.564356435638,297.9900990099006,3806.0
matched_early_mixture,0.25,timely_tcn,20260930,teamfight,60,overall,3000,19795.0,591.377857027072,480.0544658777758,1233.7512562814097,642.3733992543364,13137.0
matched_early_mixture,0.25,timely_tcn,20260930,teamfight,60,europe,1500,9978.0,304.3225806451613,248.06451612903192,622.5000000000005,318.17741935483906,6630.0
matched_early_mixture,0.25,timely_tcn,20260930,teamfight,60,americas,1500,9817.0,287.0552763819086,231.98994974874316,611.2512562814063,324.1959798994959,6507.0
matched_early_mixture,0.25,timely_tcn,20261001,baron,60,overall,3000,3241.0,484.57700751700423,255.46960983176155,1029.8103925545947,545.2333850375863,2152.0
matched_early_mixture,0.25,timely_tcn,20261001,baron,60,europe,1500,1610.0,260.74482758620667,141.28275862068952,528.2965517241373,267.55172413793076,1048.0
matched_early_mixture,0.25,timely_tcn,20261001,baron,60,americas,1500,1631.0,223.83217993079495,114.18685121107282,501.51384083045116,277.6816608996537,1104.0
matched_early_mixture,0.25,timely_tcn,20261001,dragon,60,overall,3000,11329.0,1480.2134786118002,1314.0217917675654,2035.6920903955186,555.4786117836934,7555.0
matched_early_mixture,0.25,timely_tcn,20261001,dragon,60,europe,1500,5578.0,711.237288135598,632.5932203389857,964.5254237288257,253.28813559321972,3749.0
matched_early_mixture,0.25,timely_tcn,20261001,dragon,60,americas,1500,5751.0,768.9761904761825,681.4285714285658,1071.1666666666563,302.19047619047564,3806.0
matched_early_mixture,0.25,timely_tcn,20261001,teamfight,60,overall,3000,19795.0,589.069138408761,460.9226810924942,1207.197915292246,618.1287768834927,13137.0
matched_early_mixture,0.25,timely_tcn,20261001,teamfight,60,europe,1500,9978.0,300.93706293706396,237.3566433566439,593.2167832167835,292.27972027972123,6630.0
matched_early_mixture,0.25,timely_tcn,20261001,teamfight,60,americas,1500,9817.0,288.13207547169844,223.56603773584922,613.9811320754711,325.84905660377433,6507.0
matched_early_mixture,0.25,timely_tcn,20261002,baron,60,overall,3000,3241.0,443.9216093862299,243.74786375462932,1041.7136977797127,597.792088393477,2152.0
matched_early_mixture,0.25,timely_tcn,20261002,baron,60,europe,1500,1610.0,228.42066420664176,127.4907749077489,519.2656826568335,290.84501845018514,1048.0
matched_early_mixture,0.25,timely_tcn,20261002,baron,60,americas,1500,1631.0,215.5009451795833,116.25708884688055,522.4480151228713,306.9470699432881,1104.0
matched_early_mixture,0.25,timely_tcn,20261002,dragon,60,overall,3000,11329.0,1459.98667998668,1334.4458874458858,2069.789876789881,609.8031968031956,7555.0
matched_early_mixture,0.25,timely_tcn,20261002,dragon,60,europe,1500,5578.0,700.0489510489458,637.0209790209747,987.1818181818089,287.13286713286766,3749.0
matched_early_mixture,0.25,timely_tcn,20261002,dragon,60,americas,1500,5751.0,759.9377289377276,697.4249084249082,1082.6080586080539,322.67032967033015,3806.0
matched_early_mixture,0.25,timely_tcn,20261002,teamfight,60,overall,3000,19795.0,581.3249384558017,467.75239089892125,1200.6216187989473,619.2966803431559,13137.0
matched_early_mixture,0.25,timely_tcn,20261002,teamfight,60,europe,1500,9978.0,308.07428571428625,250.2171428571431,623.7599999999989,315.6857142857148,6630.0
matched_early_mixture,0.25,timely_tcn,20261002,teamfight,60,americas,1500,9817.0,273.2506527415144,217.53524804177508,576.8616187989592,303.6109660574418,6507.0
matched_early_mixture,0.5,timely_tcn,20260930,baron,60,overall,3000,3241.0,901.3943719081947,485.2931230232765,2047.4211337279983,1146.0267618198,2152.0
matched_early_mixture,0.5,timely_tcn,20260930,baron,60,europe,1500,1610.0,469.1694915254255,256.3050847457623,1030.4067796610138,561.2372881355942,1048.0
matched_early_mixture,0.5,timely_tcn,20260930,baron,60,americas,1500,1631.0,432.2248803827761,228.98803827751144,1017.0143540669833,584.7894736842113,1104.0
matched_early_mixture,0.5,timely_tcn,20260930,dragon,60,overall,3000,11329.0,2504.6219621453656,2201.396981314827,3667.1402397191105,1162.5182775737542,7555.0
matched_early_mixture,0.5,timely_tcn,20260930,dragon,60,europe,1500,5578.0,1222.7994269341016,1071.154727793695,1807.4641833811072,584.6647564469895,3749.0
matched_early_mixture,0.5,timely_tcn,20260930,dragon,60,americas,1500,5751.0,1281.8225352112645,1130.2422535211279,1859.6760563380133,577.8535211267632,3806.0
matched_early_mixture,0.5,timely_tcn,20260930,teamfight,60,overall,3000,19795.0,1072.9026766961263,849.9500805939466,2353.4410198798396,1280.5383431836954,13137.0
matched_early_mixture,0.5,timely_tcn,20260930,teamfight,60,europe,1500,9978.0,545.6101694915221,430.4745762711847,1167.4237288135566,621.8135593220298,6630.0
matched_early_mixture,0.5,timely_tcn,20260930,teamfight,60,americas,1500,9817.0,527.2925072046139,419.47550432276927,1186.0172910662754,658.7247838616728,6507.0
matched_early_mixture,0.5,timely_tcn,20261001,baron,60,overall,3000,3241.0,900.5767246522158,486.88009163146927,2028.5091846230969,1127.9324599708966,2152.0
matched_early_mixture,0.5,timely_tcn,20261001,baron,60,europe,1500,1610.0,467.6969432314396,258.71615720524227,1024.2960698690063,556.599126637556,1048.0
matched_early_mixture,0.5,timely_tcn,20261001,baron,60,americas,1500,1631.0,432.8797814207651,228.1639344262288,1004.2131147541024,571.3333333333343,1104.0
matched_early_mixture,0.5,timely_tcn,20261001,dragon,60,overall,3000,11329.0,2587.3671717171756,2198.8574436674307,3663.3624242424767,1075.9952525252452,7555.0
matched_early_mixture,0.5,timely_tcn,20261001,dragon,60,europe,1500,5578.0,1260.3999999999878,1070.8246153846076,1791.119999999977,530.7199999999999,3749.0
matched_early_mixture,0.5,timely_tcn,20261001,dragon,60,americas,1500,5751.0,1326.967171717167,1128.032828282826,1872.242424242414,545.2752525252548,3806.0
matched_early_mixture,0.5,timely_tcn,20261001,teamfight,60,overall,3000,19795.0,1089.8473592222238,844.1020260492091,2343.3518875581217,1253.5045283359257,13137.0
matched_early_mixture,0.5,timely_tcn,20261001,teamfight,60,europe,1500,9978.0,558.5014836795287,433.50000000000233,1148.3620178041624,589.8605341246325,6630.0
matched_early_mixture,0.5,timely_tcn,20261001,teamfight,60,americas,1500,9817.0,531.3458755426943,410.602026049206,1194.9898697539863,663.6439942112917,6507.0
matched_early_mixture,0.5,timely_tcn,20261002,baron,60,overall,3000,3241.0,857.8188832301539,481.2831874599757,2065.9272590040073,1208.1083757738425,2152.0
matched_early_mixture,0.5,timely_tcn,20261002,baron,60,europe,1500,1610.0,438.752767527676,247.8782287822882,1027.1070110701123,588.3542435424364,1048.0
matched_early_mixture,0.5,timely_tcn,20261002,baron,60,americas,1500,1631.0,419.0661157024812,233.40495867768547,1038.8202479338825,619.7541322314058,1104.0
matched_early_mixture,0.5,timely_tcn,20261002,dragon,60,overall,3000,11329.0,2509.8244701348685,2235.2778420038444,3686.2830443160087,1176.4585741811106,7555.0
matched_early_mixture,0.5,timely_tcn,20261002,dragon,60,europe,1500,5578.0,1244.0578034681996,1097.644508670514,1842.8497109826449,598.7919075144472,3749.0
matched_early_mixture,0.5,timely_tcn,20261002,dragon,60,americas,1500,5751.0,1265.7666666666626,1137.6333333333314,1843.4333333333234,577.6666666666683,3806.0
matched_early_mixture,0.5,timely_tcn,20261002,teamfight,60,overall,3000,19795.0,1078.6964576642022,849.7387003677358,2318.5605595121815,1239.8641018479739,13137.0
matched_early_mixture,0.5,timely_tcn,20261002,teamfight,60,europe,1500,9978.0,566.2741702741706,443.20057720057713,1182.1544011544088,615.8802308802324,6630.0
matched_early_mixture,0.5,timely_tcn,20261002,teamfight,60,americas,1500,9817.0,512.4222873900324,406.5381231671573,1136.4061583577693,623.9838709677445,6507.0
matched_early_mixture,0.75,timely_tcn,20260930,baron,60,overall,3000,3241.0,1277.384287925699,689.1660216718287,3019.7414860681047,1742.35719814242,2152.0
matched_early_mixture,0.75,timely_tcn,20260930,baron,60,europe,1500,1610.0,661.2960526315828,359.90131578947484,1515.947368421066,854.6513157894801,1048.0
matched_early_mixture,0.75,timely_tcn,20260930,baron,60,americas,1500,1631.0,616.0882352941165,329.26470588235276,1503.7941176470529,887.7058823529406,1104.0
matched_early_mixture,0.75,timely_tcn,20260930,dragon,60,overall,3000,11329.0,3390.639670041215,2864.042838395185,5063.829958755084,1673.1902887139115,7555.0
matched_early_mixture,0.75,timely_tcn,20260930,dragon,60,europe,1500,5578.0,1687.2380952380852,1421.6071428571363,2543.0714285714093,855.8333333333311,3749.0
matched_early_mixture,0.75,timely_tcn,20260930,dragon,60,americas,1500,5751.0,1703.4015748031595,1442.4356955380638,2520.7585301837225,817.3569553805793,3806.0
matched_early_mixture,0.75,timely_tcn,20260930,teamfight,60,overall,3000,19795.0,1533.0163019586746,1193.4970693107944,3442.3492770966855,1909.332975137986,13137.0
matched_early_mixture,0.75,timely_tcn,20260930,teamfight,60,europe,1500,9978.0,772.8347457627063,596.7881355932171,1697.6144067796672,924.779661016942,6630.0
matched_early_mixture,0.75,timely_tcn,20260930,teamfight,60,americas,1500,9817.0,760.1815561959613,596.7089337175769,1744.734870316989,984.5533141210306,6507.0
matched_early_mixture,0.75,timely_tcn,20261001,baron,60,overall,3000,3241.0,1273.1596565618229,701.5605868826833,3012.1708351792304,1739.0111786173918,2152.0
matched_early_mixture,0.75,timely_tcn,20261001,baron,60,europe,1500,1610.0,656.343231441044,365.15720524017433,1513.2698689956396,856.9266375545806,1048.0
matched_early_mixture,0.75,timely_tcn,20261001,baron,60,americas,1500,1631.0,616.816425120772,336.4033816425122,1498.90096618357,882.0845410627995,1104.0
matched_early_mixture,0.75,timely_tcn,20261001,dragon,60,overall,3000,11329.0,3510.9276439348914,2863.4911266881286,5071.124365056908,1560.1967211220044,7555.0
matched_early_mixture,0.75,timely_tcn,20261001,dragon,60,europe,1500,5578.0,1751.1138014527794,1428.963680387406,2539.5181598062873,788.4043583535083,3749.0
matched_early_mixture,0.75,timely_tcn,20261001,dragon,60,americas,1500,5751.0,1759.8138424821018,1434.527446300715,2531.6062052506063,771.7923627684933,3806.0
matched_early_mixture,0.75,timely_tcn,20261001,teamfight,60,overall,3000,19795.0,1575.9867938129034,1216.8642018785858,3462.6295609492486,1886.642767136402,13137.0
matched_early_mixture,0.75,timely_tcn,20261001,teamfight,60,europe,1500,9978.0,806.399239543735,620.6615969581803,1695.642585551329,889.2433460076153,6630.0
matched_early_mixture,0.75,timely_tcn,20261001,teamfight,60,americas,1500,9817.0,769.587554269178,596.2026049204073,1766.986975397982,997.399421128803,6507.0
matched_early_mixture,0.75,timely_tcn,20261002,baron,60,overall,3000,3241.0,1239.1393538648374,705.3755204572338,3069.5380932444627,1830.398739379625,2152.0
matched_early_mixture,0.75,timely_tcn,20261002,baron,60,europe,1500,1610.0,636.7438524590152,361.13934426229457,1524.5840163934529,887.8401639344243,1048.0
matched_early_mixture,0.75,timely_tcn,20261002,baron,60,americas,1500,1631.0,602.3955014058096,344.2361761949382,1544.9540768509994,942.5585754451745,1104.0
matched_early_mixture,0.75,timely_tcn,20261002,dragon,60,overall,3000,11329.0,3398.024179620048,2881.206966033397,5059.2274035693845,1661.203223949334,7555.0
matched_early_mixture,0.75,timely_tcn,20261002,dragon,60,europe,1500,5578.0,1673.666666666655,1416.1111111111059,2518.2222222222103,844.5555555555565,3749.0
matched_early_mixture,0.75,timely_tcn,20261002,dragon,60,americas,1500,5751.0,1724.3575129533724,1465.0958549222796,2541.0051813471646,816.6476683937796,3806.0
matched_early_mixture,0.75,timely_tcn,20261002,teamfight,60,overall,3000,19795.0,1563.4402085369786,1212.4411860540918,3422.0289996741476,1858.5887911371647,13137.0
matched_early_mixture,0.75,timely_tcn,20261002,teamfight,60,europe,1500,9978.0,818.9797979798045,626.1010101010139,1733.0202020201968,914.0404040404123,6630.0
matched_early_mixture,0.75,timely_tcn,20261002,teamfight,60,americas,1500,9817.0,744.4604105571862,586.3401759530785,1689.0087976539537,944.548387096778,6507.0
matched_early_mixture,1.0,timely_tcn,20260930,baron,60,overall,3000,3241.0,1614.0280572755362,895.1499613003132,3989.6669891640404,2375.638931888533,2152.0
matched_early_mixture,1.0,timely_tcn,20260930,baron,60,europe,1500,1610.0,825.6052631578965,455.13157894736935,1981.736842105243,1156.1315789473676,1048.0
matched_early_mixture,1.0,timely_tcn,20260930,baron,60,americas,1500,1631.0,788.4227941176509,440.01838235294315,2007.9301470588355,1219.5073529411836,1104.0
matched_early_mixture,1.0,timely_tcn,20260930,dragon,60,overall,3000,11329.0,4208.400721659511,3368.9881232514053,6312.597250536857,2104.196528877228,7555.0
matched_early_mixture,1.0,timely_tcn,20260930,dragon,60,europe,1500,5578.0,2082.395408163282,1669.1198979591907,3157.0637755102093,1074.6683673469386,3749.0
matched_early_mixture,1.0,timely_tcn,20260930,dragon,60,americas,1500,5751.0,2126.0053134962736,1699.8682252922383,3155.533475026536,1029.5281615302931,3806.0
matched_early_mixture,1.0,timely_tcn,20260930,teamfight,60,overall,3000,19795.0,1963.4027901647805,1504.368835119717,4489.609027806377,2526.20623764167,13137.0
matched_early_mixture,1.0,timely_tcn,20260930,teamfight,60,europe,1500,9978.0,997.1984282907598,757.9096267190534,2228.2180746561808,1231.0196463654186,6630.0
matched_early_mixture,1.0,timely_tcn,20260930,teamfight,60,americas,1500,9817.0,966.2043618739967,746.4592084006493,2261.390953150255,1295.1865912762644,6507.0
matched_early_mixture,1.0,timely_tcn,20261001,baron,60,overall,3000,3241.0,1637.6707848574622,914.0946036400777,4002.978461309566,2365.3076764521406,2152.0
matched_early_mixture,1.0,timely_tcn,20261001,baron,60,europe,1500,1610.0,844.9895196506601,471.59825327510725,2002.2436681222612,1157.254148471618,1048.0
matched_early_mixture,1.0,timely_tcn,20261001,baron,60,americas,1500,1631.0,792.6812652068156,442.4963503649643,2000.73479318736,1208.0535279805417,1104.0
matched_early_mixture,1.0,timely_tcn,20261001,dragon,60,overall,3000,11329.0,4321.568075040525,3381.904623733378,6289.422201122938,1967.8541260824816,7555.0
matched_early_mixture,1.0,timely_tcn,20261001,dragon,60,europe,1500,5578.0,2148.4724409448927,1679.3287401574858,3157.700787401592,1009.2283464566942,3749.0
matched_early_mixture,1.0,timely_tcn,20261001,dragon,60,americas,1500,5751.0,2173.095634095644,1702.5758835758884,3131.721413721429,958.6257796257802,3806.0
matched_early_mixture,1.0,timely_tcn,20261001,teamfight,60,overall,3000,19795.0,2020.4372213318684,1528.0974688118602,4519.912299629568,2499.4750782976607,13137.0
matched_early_mixture,1.0,timely_tcn,20261001,teamfight,60,europe,1500,9978.0,1031.3279467680575,776.43631178707,2224.634980988596,1193.3070342205278,6630.0
matched_early_mixture,1.0,timely_tcn,20261001,teamfight,60,americas,1500,9817.0,989.1092745638293,751.6611570247994,2295.277318640943,1306.168044077139,6507.0
matched_early_mixture,1.0,timely_tcn,20261002,baron,60,overall,3000,3241.0,1568.773225569992,899.9314001503282,4038.312568782629,2469.539343212676,2152.0
matched_early_mixture,1.0,timely_tcn,20261002,baron,60,europe,1500,1610.0,811.0356435643571,461.15445544554495,2001.3247524752494,1190.2891089108925,1048.0
matched_early_mixture,1.0,timely_tcn,20261002,baron,60,americas,1500,1631.0,757.7375820056278,438.77694470477934,2036.9878163074234,1279.2502343017904,1104.0
matched_early_mixture,1.0,timely_tcn,20261002,dragon,60,overall,3000,11329.0,4244.0862026862005,3407.230311355308,6368.481807081939,2124.3956043956146,7555.0
matched_early_mixture,1.0,timely_tcn,20261002,dragon,60,europe,1500,5578.0,2096.7846153846385,1677.1826923077026,3174.3230769230863,1077.5384615384626,3749.0
matched_early_mixture,1.0,timely_tcn,20261002,dragon,60,americas,1500,5751.0,2147.3015873015834,1730.0476190476168,3194.158730158724,1046.8571428571413,3806.0
matched_early_mixture,1.0,timely_tcn,20261002,teamfight,60,overall,3000,19795.0,2002.0622291694924,1525.2998695120255,4460.7097458203125,2458.6475166508035,13137.0
matched_early_mixture,1.0,timely_tcn,20261002,teamfight,60,europe,1500,9978.0,1039.6593720266403,782.1370123691727,2245.766888677441,1206.1075166508065,6630.0
matched_early_mixture,1.0,timely_tcn,20261002,teamfight,60,americas,1500,9817.0,962.402857142852,743.1628571428546,2214.9428571428566,1252.5399999999968,6507.0
dense_deterministic,0.25,leagueews,20260930,baron,30,overall,3000,3241.0,573.0,311.0,1018.0,445.0,1091.0
dense_deterministic,0.25,leagueews,20260930,baron,30,europe,1500,1610.0,304.0,160.0,508.0,204.0,558.0
dense_deterministic,0.25,leagueews,20260930,baron,30,americas,1500,1631.0,269.0,151.0,510.0,241.0,533.0
dense_deterministic,0.25,leagueews,20260930,dragon,30,overall,3000,11329.0,827.0,401.0,1101.0,274.0,3736.0
dense_deterministic,0.25,leagueews,20260930,dragon,30,europe,1500,5578.0,409.0,208.0,542.0,133.0,1834.0
dense_deterministic,0.25,leagueews,20260930,dragon,30,americas,1500,5751.0,418.0,193.0,559.0,141.0,1902.0
dense_deterministic,0.25,leagueews,20260930,teamfight,30,overall,3000,19795.0,473.0,213.0,924.0,451.0,6648.0
dense_deterministic,0.25,leagueews,20260930,teamfight,30,europe,1500,9978.0,210.0,99.0,426.0,216.0,3351.0
dense_deterministic,0.25,leagueews,20260930,teamfight,30,americas,1500,9817.0,263.0,114.0,498.0,235.0,3297.0
dense_deterministic,0.25,leagueews,20261001,baron,30,overall,3000,3241.0,591.0,321.0,1020.0,429.0,1091.0
dense_deterministic,0.25,leagueews,20261001,baron,30,europe,1500,1610.0,313.0,164.0,501.0,188.0,558.0
dense_deterministic,0.25,leagueews,20261001,baron,30,americas,1500,1631.0,278.0,157.0,519.0,241.0,533.0
dense_deterministic,0.25,leagueews,20261001,dragon,30,overall,3000,11329.0,897.0,437.0,1173.0,276.0,3736.0
dense_deterministic,0.25,leagueews,20261001,dragon,30,europe,1500,5578.0,432.0,216.0,579.0,147.0,1834.0
dense_deterministic,0.25,leagueews,20261001,dragon,30,americas,1500,5751.0,465.0,221.0,594.0,129.0,1902.0
dense_deterministic,0.25,leagueews,20261001,teamfight,30,overall,3000,19795.0,442.0,192.0,869.0,427.0,6648.0
dense_deterministic,0.25,leagueews,20261001,teamfight,30,europe,1500,9978.0,216.0,97.0,432.0,216.0,3351.0
dense_deterministic,0.25,leagueews,20261001,teamfight,30,americas,1500,9817.0,226.0,95.0,437.0,211.0,3297.0
dense_deterministic,0.25,leagueews,20261002,baron,30,overall,3000,3241.0,567.0,309.0,1045.0,478.0,1091.0
dense_deterministic,0.25,leagueews,20261002,baron,30,europe,1500,1610.0,307.0,167.0,524.0,217.0,558.0
dense_deterministic,0.25,leagueews,20261002,baron,30,americas,1500,1631.0,260.0,142.0,521.0,261.0,533.0
dense_deterministic,0.25,leagueews,20261002,dragon,30,overall,3000,11329.0,863.0,440.0,1140.0,277.0,3736.0
dense_deterministic,0.25,leagueews,20261002,dragon,30,europe,1500,5578.0,423.0,223.0,567.0,144.0,1834.0
dense_deterministic,0.25,leagueews,20261002,dragon,30,americas,1500,5751.0,440.0,217.0,573.0,133.0,1902.0
dense_deterministic,0.25,leagueews,20261002,teamfight,30,overall,3000,19795.0,447.0,206.0,857.0,410.0,6648.0
dense_deterministic,0.25,leagueews,20261002,teamfight,30,europe,1500,9978.0,214.0,103.0,420.0,206.0,3351.0
dense_deterministic,0.25,leagueews,20261002,teamfight,30,americas,1500,9817.0,233.0,103.0,437.0,204.0,3297.0
dense_deterministic,0.5,leagueews,20260930,baron,30,overall,3000,3241.0,846.0,495.0,2004.0,1158.0,1091.0
dense_deterministic,0.5,leagueews,20260930,baron,30,europe,1500,1610.0,433.0,248.0,975.0,542.0,558.0
dense_deterministic,0.5,leagueews,20260930,baron,30,americas,1500,1631.0,413.0,247.0,1029.0,616.0,533.0
dense_deterministic,0.5,leagueews,20260930,dragon,30,overall,3000,11329.0,1591.0,837.0,2276.0,685.0,3736.0
dense_deterministic,0.5,leagueews,20260930,dragon,30,europe,1500,5578.0,772.0,410.0,1117.0,345.0,1834.0
dense_deterministic,0.5,leagueews,20260930,dragon,30,americas,1500,5751.0,819.0,427.0,1159.0,340.0,1902.0
dense_deterministic,0.5,leagueews,20260930,teamfight,30,overall,3000,19795.0,814.0,397.0,1746.0,932.0,6648.0
dense_deterministic,0.5,leagueews,20260930,teamfight,30,europe,1500,9978.0,376.0,186.0,857.0,481.0,3351.0
dense_deterministic,0.5,leagueews,20260930,teamfight,30,americas,1500,9817.0,438.0,211.0,889.0,451.0,3297.0
dense_deterministic,0.5,leagueews,20261001,baron,30,overall,3000,3241.0,836.0,487.0,1940.0,1104.0,1091.0
dense_deterministic,0.5,leagueews,20261001,baron,30,europe,1500,1610.0,428.0,242.0,937.0,509.0,558.0
dense_deterministic,0.5,leagueews,20261001,baron,30,americas,1500,1631.0,408.0,245.0,1003.0,595.0,533.0
dense_deterministic,0.5,leagueews,20261001,dragon,30,overall,3000,11329.0,1593.0,845.0,2276.0,683.0,3736.0
dense_deterministic,0.5,leagueews,20261001,dragon,30,europe,1500,5578.0,774.0,411.0,1117.0,343.0,1834.0
dense_deterministic,0.5,leagueews,20261001,dragon,30,americas,1500,5751.0,819.0,434.0,1159.0,340.0,1902.0
dense_deterministic,0.5,leagueews,20261001,teamfight,30,overall,3000,19795.0,813.0,387.0,1762.0,949.0,6648.0
dense_deterministic,0.5,leagueews,20261001,teamfight,30,europe,1500,9978.0,385.0,190.0,871.0,486.0,3351.0
dense_deterministic,0.5,leagueews,20261001,teamfight,30,americas,1500,9817.0,428.0,197.0,891.0,463.0,3297.0
dense_deterministic,0.5,leagueews,20261002,baron,30,overall,3000,3241.0,838.0,483.0,2016.0,1178.0,1091.0
dense_deterministic,0.5,leagueews,20261002,baron,30,europe,1500,1610.0,430.0,247.0,960.0,530.0,558.0
dense_deterministic,0.5,leagueews,20261002,baron,30,americas,1500,1631.0,408.0,236.0,1056.0,648.0,533.0
dense_deterministic,0.5,leagueews,20261002,dragon,30,overall,3000,11329.0,1617.0,867.0,2291.0,674.0,3736.0
dense_deterministic,0.5,leagueews,20261002,dragon,30,europe,1500,5578.0,776.0,423.0,1118.0,342.0,1834.0
dense_deterministic,0.5,leagueews,20261002,dragon,30,americas,1500,5751.0,841.0,444.0,1173.0,332.0,1902.0
dense_deterministic,0.5,leagueews,20261002,teamfight,30,overall,3000,19795.0,822.0,403.0,1772.0,950.0,6648.0
dense_deterministic,0.5,leagueews,20261002,teamfight,30,europe,1500,9978.0,391.0,196.0,883.0,492.0,3351.0
dense_deterministic,0.5,leagueews,20261002,teamfight,30,americas,1500,9817.0,431.0,207.0,889.0,458.0,3297.0
dense_deterministic,0.75,leagueews,20260930,baron,30,overall,3000,3241.0,997.0,604.0,2803.0,1806.0,1091.0
dense_deterministic,0.75,leagueews,20260930,baron,30,europe,1500,1610.0,516.0,308.0,1355.0,839.0,558.0
dense_deterministic,0.75,leagueews,20260930,baron,30,americas,1500,1631.0,481.0,296.0,1448.0,967.0,533.0
dense_deterministic,0.75,leagueews,20260930,dragon,30,overall,3000,11329.0,2272.0,1246.0,3470.0,1198.0,3736.0
dense_deterministic,0.75,leagueews,20260930,dragon,30,europe,1500,5578.0,1116.0,607.0,1725.0,609.0,1834.0
dense_deterministic,0.75,leagueews,20260930,dragon,30,americas,1500,5751.0,1156.0,639.0,1745.0,589.0,1902.0
dense_deterministic,0.75,leagueews,20260930,teamfight,30,overall,3000,19795.0,1203.0,597.0,2753.0,1550.0,6648.0
dense_deterministic,0.75,leagueews,20260930,teamfight,30,europe,1500,9978.0,585.0,306.0,1375.0,790.0,3351.0
dense_deterministic,0.75,leagueews,20260930,teamfight,30,americas,1500,9817.0,618.0,291.0,1378.0,760.0,3297.0
dense_deterministic,0.75,leagueews,20261001,baron,30,overall,3000,3241.0,998.0,606.0,2765.0,1767.0,1091.0
dense_deterministic,0.75,leagueews,20261001,baron,30,europe,1500,1610.0,509.0,305.0,1329.0,820.0,558.0
dense_deterministic,0.75,leagueews,20261001,baron,30,americas,1500,1631.0,489.0,301.0,1436.0,947.0,533.0
dense_deterministic,0.75,leagueews,20261001,dragon,30,overall,3000,11329.0,2280.0,1271.0,3488.0,1208.0,3736.0
dense_deterministic,0.75,leagueews,20261001,dragon,30,europe,1500,5578.0,1122.0,620.0,1748.0,626.0,1834.0
dense_deterministic,0.75,leagueews,20261001,dragon,30,americas,1500,5751.0,1158.0,651.0,1740.0,582.0,1902.0
dense_deterministic,0.75,leagueews,20261001,teamfight,30,overall,3000,19795.0,1108.0,533.0,2539.0,1431.0,6648.0
dense_deterministic,0.75,leagueews,20261001,teamfight,30,europe,1500,9978.0,542.0,274.0,1269.0,727.0,3351.0
dense_deterministic,0.75,leagueews,20261001,teamfight,30,americas,1500,9817.0,566.0,259.0,1270.0,704.0,3297.0
dense_deterministic,0.75,leagueews,20261002,baron,30,overall,3000,3241.0,990.0,587.0,2833.0,1843.0,1091.0
dense_deterministic,0.75,leagueews,20261002,baron,30,europe,1500,1610.0,509.0,299.0,1351.0,842.0,558.0
dense_deterministic,0.75,leagueews,20261002,baron,30,americas,1500,1631.0,481.0,288.0,1482.0,1001.0,533.0
dense_deterministic,0.75,leagueews,20261002,dragon,30,overall,3000,11329.0,2340.0,1312.0,3590.0,1250.0,3736.0
dense_deterministic,0.75,leagueews,20261002,dragon,30,europe,1500,5578.0,1148.0,644.0,1792.0,644.0,1834.0
dense_deterministic,0.75,leagueews,20261002,dragon,30,americas,1500,5751.0,1192.0,668.0,1798.0,606.0,1902.0
dense_deterministic,0.75,leagueews,20261002,teamfight,30,overall,3000,19795.0,1140.0,572.0,2649.0,1509.0,6648.0
dense_deterministic,0.75,leagueews,20261002,teamfight,30,europe,1500,9978.0,557.0,283.0,1315.0,758.0,3351.0
dense_deterministic,0.75,leagueews,20261002,teamfight,30,americas,1500,9817.0,583.0,289.0,1334.0,751.0,3297.0
dense_deterministic,1.0,leagueews,20260930,baron,30,overall,3000,3241.0,1123.0,692.0,3635.0,2512.0,1091.0
dense_deterministic,1.0,leagueews,20260930,baron,30,europe,1500,1610.0,571.0,349.0,1745.0,1174.0,558.0
dense_deterministic,1.0,leagueews,20260930,baron,30,americas,1500,1631.0,552.0,343.0,1890.0,1338.0,533.0
dense_deterministic,1.0,leagueews,20260930,dragon,30,overall,3000,11329.0,2861.0,1627.0,4626.0,1765.0,3736.0
dense_deterministic,1.0,leagueews,20260930,dragon,30,europe,1500,5578.0,1399.0,797.0,2311.0,912.0,1834.0
dense_deterministic,1.0,leagueews,20260930,dragon,30,americas,1500,5751.0,1462.0,830.0,2315.0,853.0,1902.0
dense_deterministic,1.0,leagueews,20260930,teamfight,30,overall,3000,19795.0,1444.0,720.0,3512.0,2068.0,6648.0
dense_deterministic,1.0,leagueews,20260930,teamfight,30,europe,1500,9978.0,704.0,367.0,1751.0,1047.0,3351.0
dense_deterministic,1.0,leagueews,20260930,teamfight,30,americas,1500,9817.0,740.0,353.0,1761.0,1021.0,3297.0
dense_deterministic,1.0,leagueews,20261001,baron,30,overall,3000,3241.0,1114.0,690.0,3611.0,2497.0,1091.0
dense_deterministic,1.0,leagueews,20261001,baron,30,europe,1500,1610.0,568.0,349.0,1753.0,1185.0,558.0
dense_deterministic,1.0,leagueews,20261001,baron,30,americas,1500,1631.0,546.0,341.0,1858.0,1312.0,533.0
dense_deterministic,1.0,leagueews,20261001,dragon,30,overall,3000,11329.0,2894.0,1678.0,4642.0,1748.0,3736.0
dense_deterministic,1.0,leagueews,20261001,dragon,30,europe,1500,5578.0,1414.0,815.0,2329.0,915.0,1834.0
dense_deterministic,1.0,leagueews,20261001,dragon,30,americas,1500,5751.0,1480.0,863.0,2313.0,833.0,1902.0
dense_deterministic,1.0,leagueews,20261001,teamfight,30,overall,3000,19795.0,1383.0,689.0,3371.0,1988.0,6648.0
dense_deterministic,1.0,leagueews,20261001,teamfight,30,europe,1500,9978.0,679.0,352.0,1670.0,991.0,3351.0
dense_deterministic,1.0,leagueews,20261001,teamfight,30,americas,1500,9817.0,704.0,337.0,1701.0,997.0,3297.0
dense_deterministic,1.0,leagueews,20261002,baron,30,overall,3000,3241.0,1117.0,680.0,3661.0,2544.0,1091.0
dense_deterministic,1.0,leagueews,20261002,baron,30,europe,1500,1610.0,571.0,343.0,1767.0,1196.0,558.0
dense_deterministic,1.0,leagueews,20261002,baron,30,americas,1500,1631.0,546.0,337.0,1894.0,1348.0,533.0
dense_deterministic,1.0,leagueews,20261002,dragon,30,overall,3000,11329.0,2884.0,1668.0,4672.0,1788.0,3736.0
dense_deterministic,1.0,leagueews,20261002,dragon,30,europe,1500,5578.0,1409.0,811.0,2333.0,924.0,1834.0
dense_deterministic,1.0,leagueews,20261002,dragon,30,americas,1500,5751.0,1475.0,857.0,2339.0,864.0,1902.0
dense_deterministic,1.0,leagueews,20261002,teamfight,30,overall,3000,19795.0,1393.0,707.0,3463.0,2070.0,6648.0
dense_deterministic,1.0,leagueews,20261002,teamfight,30,europe,1500,9978.0,685.0,357.0,1719.0,1034.0,3351.0
dense_deterministic,1.0,leagueews,20261002,teamfight,30,americas,1500,9817.0,708.0,350.0,1744.0,1036.0,3297.0
dense_deterministic,0.25,leagueews,20260930,baron,60,overall,3000,3241.0,626.0,177.0,905.0,279.0,2152.0
dense_deterministic,0.25,leagueews,20260930,baron,60,europe,1500,1610.0,329.0,88.0,459.0,130.0,1048.0
dense_deterministic,0.25,leagueews,20260930,baron,60,americas,1500,1631.0,297.0,89.0,446.0,149.0,1104.0
dense_deterministic,0.25,leagueews,20260930,dragon,60,overall,3000,11329.0,845.0,258.0,917.0,72.0,7555.0
dense_deterministic,0.25,leagueews,20260930,dragon,60,europe,1500,5578.0,406.0,134.0,440.0,34.0,3749.0
dense_deterministic,0.25,leagueews,20260930,dragon,60,americas,1500,5751.0,439.0,124.0,477.0,38.0,3806.0
dense_deterministic,0.25,leagueews,20260930,teamfight,60,overall,3000,19795.0,624.0,230.0,974.0,350.0,13137.0
dense_deterministic,0.25,leagueews,20260930,teamfight,60,europe,1500,9978.0,290.0,117.0,463.0,173.0,6630.0
dense_deterministic,0.25,leagueews,20260930,teamfight,60,americas,1500,9817.0,334.0,113.0,511.0,177.0,6507.0
dense_deterministic,0.25,leagueews,20261001,baron,60,overall,3000,3241.0,629.0,180.0,900.0,271.0,2152.0
dense_deterministic,0.25,leagueews,20261001,baron,60,europe,1500,1610.0,338.0,91.0,456.0,118.0,1048.0
dense_deterministic,0.25,leagueews,20261001,baron,60,americas,1500,1631.0,291.0,89.0,444.0,153.0,1104.0
dense_deterministic,0.25,leagueews,20261001,dragon,60,overall,3000,11329.0,850.0,250.0,928.0,78.0,7555.0
dense_deterministic,0.25,leagueews,20261001,dragon,60,europe,1500,5578.0,417.0,134.0,457.0,40.0,3749.0
dense_deterministic,0.25,leagueews,20261001,dragon,60,americas,1500,5751.0,433.0,116.0,471.0,38.0,3806.0
dense_deterministic,0.25,leagueews,20261001,teamfight,60,overall,3000,19795.0,530.0,205.0,841.0,311.0,13137.0
dense_deterministic,0.25,leagueews,20261001,teamfight,60,europe,1500,9978.0,255.0,103.0,412.0,157.0,6630.0
dense_deterministic,0.25,leagueews,20261001,teamfight,60,americas,1500,9817.0,275.0,102.0,429.0,154.0,6507.0
dense_deterministic,0.25,leagueews,20261002,baron,60,overall,3000,3241.0,619.0,180.0,921.0,302.0,2152.0
dense_deterministic,0.25,leagueews,20261002,baron,60,europe,1500,1610.0,326.0,95.0,455.0,129.0,1048.0
dense_deterministic,0.25,leagueews,20261002,baron,60,americas,1500,1631.0,293.0,85.0,466.0,173.0,1104.0
dense_deterministic,0.25,leagueews,20261002,dragon,60,overall,3000,11329.0,873.0,274.0,947.0,74.0,7555.0
dense_deterministic,0.25,leagueews,20261002,dragon,60,europe,1500,5578.0,434.0,146.0,470.0,36.0,3749.0
dense_deterministic,0.25,leagueews,20261002,dragon,60,americas,1500,5751.0,439.0,128.0,477.0,38.0,3806.0
dense_deterministic,0.25,leagueews,20261002,teamfight,60,overall,3000,19795.0,566.0,223.0,868.0,302.0,13137.0
dense_deterministic,0.25,leagueews,20261002,teamfight,60,europe,1500,9978.0,266.0,113.0,425.0,159.0,6630.0
dense_deterministic,0.25,leagueews,20261002,teamfight,60,americas,1500,9817.0,300.0,110.0,443.0,143.0,6507.0
dense_deterministic,0.5,leagueews,20260930,baron,60,overall,3000,3241.0,1035.0,413.0,1863.0,828.0,2152.0
dense_deterministic,0.5,leagueews,20260930,baron,60,europe,1500,1610.0,522.0,203.0,901.0,379.0,1048.0
dense_deterministic,0.5,leagueews,20260930,baron,60,americas,1500,1631.0,513.0,210.0,962.0,449.0,1104.0
dense_deterministic,0.5,leagueews,20260930,dragon,60,overall,3000,11329.0,1890.0,674.0,2141.0,251.0,7555.0
dense_deterministic,0.5,leagueews,20260930,dragon,60,europe,1500,5578.0,919.0,344.0,1038.0,119.0,3749.0
dense_deterministic,0.5,leagueews,20260930,dragon,60,americas,1500,5751.0,971.0,330.0,1103.0,132.0,3806.0
dense_deterministic,0.5,leagueews,20260930,teamfight,60,overall,3000,19795.0,1168.0,510.0,1910.0,742.0,13137.0
dense_deterministic,0.5,leagueews,20260930,teamfight,60,europe,1500,9978.0,556.0,253.0,913.0,357.0,6630.0
dense_deterministic,0.5,leagueews,20260930,teamfight,60,americas,1500,9817.0,612.0,257.0,997.0,385.0,6507.0
dense_deterministic,0.5,leagueews,20261001,baron,60,overall,3000,3241.0,1058.0,420.0,1880.0,822.0,2152.0
dense_deterministic,0.5,leagueews,20261001,baron,60,europe,1500,1610.0,541.0,201.0,919.0,378.0,1048.0
dense_deterministic,0.5,leagueews,20261001,baron,60,americas,1500,1631.0,517.0,219.0,961.0,444.0,1104.0
dense_deterministic,0.5,leagueews,20261001,dragon,60,overall,3000,11329.0,1921.0,706.0,2180.0,259.0,7555.0
dense_deterministic,0.5,leagueews,20261001,dragon,60,europe,1500,5578.0,932.0,361.0,1047.0,115.0,3749.0
dense_deterministic,0.5,leagueews,20261001,dragon,60,americas,1500,5751.0,989.0,345.0,1133.0,144.0,3806.0
dense_deterministic,0.5,leagueews,20261001,teamfight,60,overall,3000,19795.0,1084.0,466.0,1810.0,726.0,13137.0
dense_deterministic,0.5,leagueews,20261001,teamfight,60,europe,1500,9978.0,519.0,234.0,882.0,363.0,6630.0
dense_deterministic,0.5,leagueews,20261001,teamfight,60,americas,1500,9817.0,565.0,232.0,928.0,363.0,6507.0
dense_deterministic,0.5,leagueews,20261002,baron,60,overall,3000,3241.0,1088.0,436.0,1973.0,885.0,2152.0
dense_deterministic,0.5,leagueews,20261002,baron,60,europe,1500,1610.0,556.0,217.0,951.0,395.0,1048.0
dense_deterministic,0.5,leagueews,20261002,baron,60,americas,1500,1631.0,532.0,219.0,1022.0,490.0,1104.0
dense_deterministic,0.5,leagueews,20261002,dragon,60,overall,3000,11329.0,1980.0,763.0,2238.0,258.0,7555.0
dense_deterministic,0.5,leagueews,20261002,dragon,60,europe,1500,5578.0,963.0,389.0,1083.0,120.0,3749.0
dense_deterministic,0.5,leagueews,20261002,dragon,60,americas,1500,5751.0,1017.0,374.0,1155.0,138.0,3806.0
dense_deterministic,0.5,leagueews,20261002,teamfight,60,overall,3000,19795.0,1124.0,511.0,1875.0,751.0,13137.0
dense_deterministic,0.5,leagueews,20261002,teamfight,60,europe,1500,9978.0,545.0,258.0,908.0,363.0,6630.0
dense_deterministic,0.5,leagueews,20261002,teamfight,60,americas,1500,9817.0,579.0,253.0,967.0,388.0,6507.0
dense_deterministic,0.75,leagueews,20260930,baron,60,overall,3000,3241.0,1386.0,634.0,2856.0,1470.0,2152.0
dense_deterministic,0.75,leagueews,20260930,baron,60,europe,1500,1610.0,707.0,313.0,1378.0,671.0,1048.0
dense_deterministic,0.75,leagueews,20260930,baron,60,americas,1500,1631.0,679.0,321.0,1478.0,799.0,1104.0
dense_deterministic,0.75,leagueews,20260930,dragon,60,overall,3000,11329.0,2975.0,1237.0,3479.0,504.0,7555.0
dense_deterministic,0.75,leagueews,20260930,dragon,60,europe,1500,5578.0,1470.0,633.0,1709.0,239.0,3749.0
dense_deterministic,0.75,leagueews,20260930,dragon,60,americas,1500,5751.0,1505.0,604.0,1770.0,265.0,3806.0
dense_deterministic,0.75,leagueews,20260930,teamfight,60,overall,3000,19795.0,1701.0,804.0,2923.0,1222.0,13137.0
dense_deterministic,0.75,leagueews,20260930,teamfight,60,europe,1500,9978.0,851.0,427.0,1442.0,591.0,6630.0
dense_deterministic,0.75,leagueews,20260930,teamfight,60,americas,1500,9817.0,850.0,377.0,1481.0,631.0,6507.0
dense_deterministic,0.75,leagueews,20261001,baron,60,overall,3000,3241.0,1363.0,630.0,2773.0,1410.0,2152.0
dense_deterministic,0.75,leagueews,20261001,baron,60,europe,1500,1610.0,686.0,307.0,1341.0,655.0,1048.0
dense_deterministic,0.75,leagueews,20261001,baron,60,americas,1500,1631.0,677.0,323.0,1432.0,755.0,1104.0
dense_deterministic,0.75,leagueews,20261001,dragon,60,overall,3000,11329.0,2998.0,1267.0,3505.0,507.0,7555.0
dense_deterministic,0.75,leagueews,20261001,dragon,60,europe,1500,5578.0,1487.0,657.0,1742.0,255.0,3749.0
dense_deterministic,0.75,leagueews,20261001,dragon,60,americas,1500,5751.0,1511.0,610.0,1763.0,252.0,3806.0
dense_deterministic,0.75,leagueews,20261001,teamfight,60,overall,3000,19795.0,1626.0,753.0,2818.0,1192.0,13137.0
dense_deterministic,0.75,leagueews,20261001,teamfight,60,europe,1500,9978.0,796.0,375.0,1380.0,584.0,6630.0
dense_deterministic,0.75,leagueews,20261001,teamfight,60,americas,1500,9817.0,830.0,378.0,1438.0,608.0,6507.0
dense_deterministic,0.75,leagueews,20261002,baron,60,overall,3000,3241.0,1406.0,654.0,2824.0,1418.0,2152.0
dense_deterministic,0.75,leagueews,20261002,baron,60,europe,1500,1610.0,709.0,318.0,1353.0,644.0,1048.0
dense_deterministic,0.75,leagueews,20261002,baron,60,americas,1500,1631.0,697.0,336.0,1471.0,774.0,1104.0
dense_deterministic,0.75,leagueews,20261002,dragon,60,overall,3000,11329.0,2918.0,1240.0,3407.0,489.0,7555.0
dense_deterministic,0.75,leagueews,20261002,dragon,60,europe,1500,5578.0,1452.0,648.0,1689.0,237.0,3749.0
dense_deterministic,0.75,leagueews,20261002,dragon,60,americas,1500,5751.0,1466.0,592.0,1718.0,252.0,3806.0
dense_deterministic,0.75,leagueews,20261002,teamfight,60,overall,3000,19795.0,1663.0,803.0,2888.0,1225.0,13137.0
dense_deterministic,0.75,leagueews,20261002,teamfight,60,europe,1500,9978.0,829.0,420.0,1441.0,612.0,6630.0
dense_deterministic,0.75,leagueews,20261002,teamfight,60,americas,1500,9817.0,834.0,383.0,1447.0,613.0,6507.0
dense_deterministic,1.0,leagueews,20260930,baron,60,overall,3000,3241.0,1648.0,816.0,3710.0,2062.0,2152.0
dense_deterministic,1.0,leagueews,20260930,baron,60,europe,1500,1610.0,829.0,399.0,1789.0,960.0,1048.0
dense_deterministic,1.0,leagueews,20260930,baron,60,americas,1500,1631.0,819.0,417.0,1921.0,1102.0,1104.0
dense_deterministic,1.0,leagueews,20260930,dragon,60,overall,3000,11329.0,4016.0,1874.0,4810.0,794.0,7555.0
dense_deterministic,1.0,leagueews,20260930,dragon,60,europe,1500,5578.0,1999.0,963.0,2394.0,395.0,3749.0
dense_deterministic,1.0,leagueews,20260930,dragon,60,americas,1500,5751.0,2017.0,911.0,2416.0,399.0,3806.0
dense_deterministic,1.0,leagueews,20260930,teamfight,60,overall,3000,19795.0,2260.0,1118.0,4005.0,1745.0,13137.0
dense_deterministic,1.0,leagueews,20260930,teamfight,60,europe,1500,9978.0,1153.0,600.0,2011.0,858.0,6630.0
dense_deterministic,1.0,leagueews,20260930,teamfight,60,americas,1500,9817.0,1107.0,518.0,1994.0,887.0,6507.0
dense_deterministic,1.0,leagueews,20261001,baron,60,overall,3000,3241.0,1678.0,846.0,3701.0,2023.0,2152.0
dense_deterministic,1.0,leagueews,20261001,baron,60,europe,1500,1610.0,852.0,420.0,1806.0,954.0,1048.0
dense_deterministic,1.0,leagueews,20261001,baron,60,americas,1500,1631.0,826.0,426.0,1895.0,1069.0,1104.0
dense_deterministic,1.0,leagueews,20261001,dragon,60,overall,3000,11329.0,3979.0,1867.0,4764.0,785.0,7555.0
dense_deterministic,1.0,leagueews,20261001,dragon,60,europe,1500,5578.0,1986.0,967.0,2385.0,399.0,3749.0
dense_deterministic,1.0,leagueews,20261001,dragon,60,americas,1500,5751.0,1993.0,900.0,2379.0,386.0,3806.0
dense_deterministic,1.0,leagueews,20261001,teamfight,60,overall,3000,19795.0,2166.0,1046.0,3912.0,1746.0,13137.0
dense_deterministic,1.0,leagueews,20261001,teamfight,60,europe,1500,9978.0,1090.0,542.0,1950.0,860.0,6630.0
dense_deterministic,1.0,leagueews,20261001,teamfight,60,americas,1500,9817.0,1076.0,504.0,1962.0,886.0,6507.0
dense_deterministic,1.0,leagueews,20261002,baron,60,overall,3000,3241.0,1677.0,848.0,3774.0,2097.0,2152.0
dense_deterministic,1.0,leagueews,20261002,baron,60,europe,1500,1610.0,844.0,420.0,1831.0,987.0,1048.0
dense_deterministic,1.0,leagueews,20261002,baron,60,americas,1500,1631.0,833.0,428.0,1943.0,1110.0,1104.0
dense_deterministic,1.0,leagueews,20261002,dragon,60,overall,3000,11329.0,4089.0,1980.0,4900.0,811.0,7555.0
dense_deterministic,1.0,leagueews,20261002,dragon,60,europe,1500,5578.0,2034.0,1019.0,2450.0,416.0,3749.0
dense_deterministic,1.0,leagueews,20261002,dragon,60,americas,1500,5751.0,2055.0,961.0,2450.0,395.0,3806.0
dense_deterministic,1.0,leagueews,20261002,teamfight,60,overall,3000,19795.0,2169.0,1075.0,3928.0,1759.0,13137.0
dense_deterministic,1.0,leagueews,20261002,teamfight,60,europe,1500,9978.0,1102.0,566.0,1965.0,863.0,6630.0
dense_deterministic,1.0,leagueews,20261002,teamfight,60,americas,1500,9817.0,1067.0,509.0,1963.0,896.0,6507.0
dense_deterministic,0.25,tcn,20260930,baron,30,overall,3000,3241.0,577.0,309.0,1056.0,479.0,1091.0
dense_deterministic,0.25,tcn,20260930,baron,30,europe,1500,1610.0,307.0,161.0,524.0,217.0,558.0
dense_deterministic,0.25,tcn,20260930,baron,30,americas,1500,1631.0,270.0,148.0,532.0,262.0,533.0
dense_deterministic,0.25,tcn,20260930,dragon,30,overall,3000,11329.0,862.0,428.0,1164.0,302.0,3736.0
dense_deterministic,0.25,tcn,20260930,dragon,30,europe,1500,5578.0,414.0,203.0,569.0,155.0,1834.0
dense_deterministic,0.25,tcn,20260930,dragon,30,americas,1500,5751.0,448.0,225.0,595.0,147.0,1902.0
dense_deterministic,0.25,tcn,20260930,teamfight,30,overall,3000,19795.0,427.0,198.0,843.0,416.0,6648.0
dense_deterministic,0.25,tcn,20260930,teamfight,30,europe,1500,9978.0,205.0,101.0,405.0,200.0,3351.0
dense_deterministic,0.25,tcn,20260930,teamfight,30,americas,1500,9817.0,222.0,97.0,438.0,216.0,3297.0
dense_deterministic,0.25,tcn,20261001,baron,30,overall,3000,3241.0,566.0,308.0,1058.0,492.0,1091.0
dense_deterministic,0.25,tcn,20261001,baron,30,europe,1500,1610.0,300.0,157.0,514.0,214.0,558.0
dense_deterministic,0.25,tcn,20261001,baron,30,americas,1500,1631.0,266.0,151.0,544.0,278.0,533.0
dense_deterministic,0.25,tcn,20261001,dragon,30,overall,3000,11329.0,852.0,424.0,1151.0,299.0,3736.0
dense_deterministic,0.25,tcn,20261001,dragon,30,europe,1500,5578.0,408.0,205.0,563.0,155.0,1834.0
dense_deterministic,0.25,tcn,20261001,dragon,30,americas,1500,5751.0,444.0,219.0,588.0,144.0,1902.0
dense_deterministic,0.25,tcn,20261001,teamfight,30,overall,3000,19795.0,421.0,188.0,836.0,415.0,6648.0
dense_deterministic,0.25,tcn,20261001,teamfight,30,europe,1500,9978.0,206.0,94.0,412.0,206.0,3351.0
dense_deterministic,0.25,tcn,20261001,teamfight,30,americas,1500,9817.0,215.0,94.0,424.0,209.0,3297.0
dense_deterministic,0.25,tcn,20261002,baron,30,overall,3000,3241.0,554.0,303.0,1026.0,472.0,1091.0
dense_deterministic,0.25,tcn,20261002,baron,30,europe,1500,1610.0,287.0,152.0,497.0,210.0,558.0
dense_deterministic,0.25,tcn,20261002,baron,30,americas,1500,1631.0,267.0,151.0,529.0,262.0,533.0
dense_deterministic,0.25,tcn,20261002,dragon,30,overall,3000,11329.0,855.0,442.0,1149.0,294.0,3736.0
dense_deterministic,0.25,tcn,20261002,dragon,30,europe,1500,5578.0,409.0,211.0,567.0,158.0,1834.0
dense_deterministic,0.25,tcn,20261002,dragon,30,americas,1500,5751.0,446.0,231.0,582.0,136.0,1902.0
dense_deterministic,0.25,tcn,20261002,teamfight,30,overall,3000,19795.0,479.0,216.0,931.0,452.0,6648.0
dense_deterministic,0.25,tcn,20261002,teamfight,30,europe,1500,9978.0,225.0,105.0,458.0,233.0,3351.0
dense_deterministic,0.25,tcn,20261002,teamfight,30,americas,1500,9817.0,254.0,111.0,473.0,219.0,3297.0
dense_deterministic,0.5,tcn,20260930,baron,30,overall,3000,3241.0,826.0,482.0,2008.0,1182.0,1091.0
dense_deterministic,0.5,tcn,20260930,baron,30,europe,1500,1610.0,423.0,244.0,965.0,542.0,558.0
dense_deterministic,0.5,tcn,20260930,baron,30,americas,1500,1631.0,403.0,238.0,1043.0,640.0,533.0
dense_deterministic,0.5,tcn,20260930,dragon,30,overall,3000,11329.0,1589.0,841.0,2289.0,700.0,3736.0
dense_deterministic,0.5,tcn,20260930,dragon,30,europe,1500,5578.0,765.0,405.0,1138.0,373.0,1834.0
dense_deterministic,0.5,tcn,20260930,dragon,30,americas,1500,5751.0,824.0,436.0,1151.0,327.0,1902.0
dense_deterministic,0.5,tcn,20260930,teamfight,30,overall,3000,19795.0,785.0,375.0,1743.0,958.0,6648.0
dense_deterministic,0.5,tcn,20260930,teamfight,30,europe,1500,9978.0,379.0,188.0,866.0,487.0,3351.0
dense_deterministic,0.5,tcn,20260930,teamfight,30,americas,1500,9817.0,406.0,187.0,877.0,471.0,3297.0
dense_deterministic,0.5,tcn,20261001,baron,30,overall,3000,3241.0,804.0,459.0,1894.0,1090.0,1091.0
dense_deterministic,0.5,tcn,20261001,baron,30,europe,1500,1610.0,415.0,237.0,922.0,507.0,558.0
dense_deterministic,0.5,tcn,20261001,baron,30,americas,1500,1631.0,389.0,222.0,972.0,583.0,533.0
dense_deterministic,0.5,tcn,20261001,dragon,30,overall,3000,11329.0,1651.0,880.0,2375.0,724.0,3736.0
dense_deterministic,0.5,tcn,20261001,dragon,30,europe,1500,5578.0,783.0,418.0,1146.0,363.0,1834.0
dense_deterministic,0.5,tcn,20261001,dragon,30,americas,1500,5751.0,868.0,462.0,1229.0,361.0,1902.0
dense_deterministic,0.5,tcn,20261001,teamfight,30,overall,3000,19795.0,806.0,383.0,1732.0,926.0,6648.0
dense_deterministic,0.5,tcn,20261001,teamfight,30,europe,1500,9978.0,391.0,195.0,868.0,477.0,3351.0
dense_deterministic,0.5,tcn,20261001,teamfight,30,americas,1500,9817.0,415.0,188.0,864.0,449.0,3297.0
dense_deterministic,0.5,tcn,20261002,baron,30,overall,3000,3241.0,823.0,469.0,1974.0,1151.0,1091.0
dense_deterministic,0.5,tcn,20261002,baron,30,europe,1500,1610.0,423.0,243.0,952.0,529.0,558.0
dense_deterministic,0.5,tcn,20261002,baron,30,americas,1500,1631.0,400.0,226.0,1022.0,622.0,533.0
dense_deterministic,0.5,tcn,20261002,dragon,30,overall,3000,11329.0,1647.0,891.0,2385.0,738.0,3736.0
dense_deterministic,0.5,tcn,20261002,dragon,30,europe,1500,5578.0,786.0,427.0,1159.0,373.0,1834.0
dense_deterministic,0.5,tcn,20261002,dragon,30,americas,1500,5751.0,861.0,464.0,1226.0,365.0,1902.0
dense_deterministic,0.5,tcn,20261002,teamfight,30,overall,3000,19795.0,810.0,391.0,1785.0,975.0,6648.0
dense_deterministic,0.5,tcn,20261002,teamfight,30,europe,1500,9978.0,384.0,188.0,888.0,504.0,3351.0
dense_deterministic,0.5,tcn,20261002,teamfight,30,americas,1500,9817.0,426.0,203.0,897.0,471.0,3297.0
dense_deterministic,0.75,tcn,20260930,baron,30,overall,3000,3241.0,993.0,594.0,2893.0,1900.0,1091.0
dense_deterministic,0.75,tcn,20260930,baron,30,europe,1500,1610.0,509.0,305.0,1385.0,876.0,558.0
dense_deterministic,0.75,tcn,20260930,baron,30,americas,1500,1631.0,484.0,289.0,1508.0,1024.0,533.0
dense_deterministic,0.75,tcn,20260930,dragon,30,overall,3000,11329.0,2347.0,1321.0,3606.0,1259.0,3736.0
dense_deterministic,0.75,tcn,20260930,dragon,30,europe,1500,5578.0,1139.0,640.0,1785.0,646.0,1834.0
dense_deterministic,0.75,tcn,20260930,dragon,30,americas,1500,5751.0,1208.0,681.0,1821.0,613.0,1902.0
dense_deterministic,0.75,tcn,20260930,teamfight,30,overall,3000,19795.0,1068.0,528.0,2524.0,1456.0,6648.0
dense_deterministic,0.75,tcn,20260930,teamfight,30,europe,1500,9978.0,523.0,267.0,1260.0,737.0,3351.0
dense_deterministic,0.75,tcn,20260930,teamfight,30,americas,1500,9817.0,545.0,261.0,1264.0,719.0,3297.0
dense_deterministic,0.75,tcn,20261001,baron,30,overall,3000,3241.0,991.0,594.0,2787.0,1796.0,1091.0
dense_deterministic,0.75,tcn,20261001,baron,30,europe,1500,1610.0,501.0,296.0,1350.0,849.0,558.0
dense_deterministic,0.75,tcn,20261001,baron,30,americas,1500,1631.0,490.0,298.0,1437.0,947.0,533.0
dense_deterministic,0.75,tcn,20261001,dragon,30,overall,3000,11329.0,2302.0,1284.0,3523.0,1221.0,3736.0
dense_deterministic,0.75,tcn,20261001,dragon,30,europe,1500,5578.0,1103.0,614.0,1723.0,620.0,1834.0
dense_deterministic,0.75,tcn,20261001,dragon,30,americas,1500,5751.0,1199.0,670.0,1800.0,601.0,1902.0
dense_deterministic,0.75,tcn,20261001,teamfight,30,overall,3000,19795.0,1126.0,560.0,2645.0,1519.0,6648.0
dense_deterministic,0.75,tcn,20261001,teamfight,30,europe,1500,9978.0,539.0,283.0,1318.0,779.0,3351.0
dense_deterministic,0.75,tcn,20261001,teamfight,30,americas,1500,9817.0,587.0,277.0,1327.0,740.0,3297.0
dense_deterministic,0.75,tcn,20261002,baron,30,overall,3000,3241.0,994.0,588.0,2879.0,1885.0,1091.0
dense_deterministic,0.75,tcn,20261002,baron,30,europe,1500,1610.0,510.0,304.0,1398.0,888.0,558.0
dense_deterministic,0.75,tcn,20261002,baron,30,americas,1500,1631.0,484.0,284.0,1481.0,997.0,533.0
dense_deterministic,0.75,tcn,20261002,dragon,30,overall,3000,11329.0,2310.0,1282.0,3545.0,1235.0,3736.0
dense_deterministic,0.75,tcn,20261002,dragon,30,europe,1500,5578.0,1119.0,620.0,1752.0,633.0,1834.0
dense_deterministic,0.75,tcn,20261002,dragon,30,americas,1500,5751.0,1191.0,662.0,1793.0,602.0,1902.0
dense_deterministic,0.75,tcn,20261002,teamfight,30,overall,3000,19795.0,1079.0,524.0,2523.0,1444.0,6648.0
dense_deterministic,0.75,tcn,20261002,teamfight,30,europe,1500,9978.0,529.0,269.0,1262.0,733.0,3351.0
dense_deterministic,0.75,tcn,20261002,teamfight,30,americas,1500,9817.0,550.0,255.0,1261.0,711.0,3297.0
dense_deterministic,1.0,tcn,20260930,baron,30,overall,3000,3241.0,1133.0,688.0,3698.0,2565.0,1091.0
dense_deterministic,1.0,tcn,20260930,baron,30,europe,1500,1610.0,574.0,348.0,1751.0,1177.0,558.0
dense_deterministic,1.0,tcn,20260930,baron,30,americas,1500,1631.0,559.0,340.0,1947.0,1388.0,533.0
dense_deterministic,1.0,tcn,20260930,dragon,30,overall,3000,11329.0,2862.0,1661.0,4641.0,1779.0,3736.0
dense_deterministic,1.0,tcn,20260930,dragon,30,europe,1500,5578.0,1409.0,818.0,2322.0,913.0,1834.0
dense_deterministic,1.0,tcn,20260930,dragon,30,americas,1500,5751.0,1453.0,843.0,2319.0,866.0,1902.0
dense_deterministic,1.0,tcn,20260930,teamfight,30,overall,3000,19795.0,1404.0,705.0,3472.0,2068.0,6648.0
dense_deterministic,1.0,tcn,20260930,teamfight,30,europe,1500,9978.0,688.0,362.0,1718.0,1030.0,3351.0
dense_deterministic,1.0,tcn,20260930,teamfight,30,americas,1500,9817.0,716.0,343.0,1754.0,1038.0,3297.0
dense_deterministic,1.0,tcn,20261001,baron,30,overall,3000,3241.0,1120.0,682.0,3665.0,2545.0,1091.0
dense_deterministic,1.0,tcn,20261001,baron,30,europe,1500,1610.0,565.0,342.0,1770.0,1205.0,558.0
dense_deterministic,1.0,tcn,20261001,baron,30,americas,1500,1631.0,555.0,340.0,1895.0,1340.0,533.0
dense_deterministic,1.0,tcn,20261001,dragon,30,overall,3000,11329.0,2863.0,1663.0,4648.0,1785.0,3736.0
dense_deterministic,1.0,tcn,20261001,dragon,30,europe,1500,5578.0,1395.0,809.0,2313.0,918.0,1834.0
dense_deterministic,1.0,tcn,20261001,dragon,30,americas,1500,5751.0,1468.0,854.0,2335.0,867.0,1902.0
dense_deterministic,1.0,tcn,20261001,teamfight,30,overall,3000,19795.0,1421.0,705.0,3537.0,2116.0,6648.0
dense_deterministic,1.0,tcn,20261001,teamfight,30,europe,1500,9978.0,692.0,360.0,1744.0,1052.0,3351.0
dense_deterministic,1.0,tcn,20261001,teamfight,30,americas,1500,9817.0,729.0,345.0,1793.0,1064.0,3297.0
dense_deterministic,1.0,tcn,20261002,baron,30,overall,3000,3241.0,1113.0,676.0,3725.0,2612.0,1091.0
dense_deterministic,1.0,tcn,20261002,baron,30,europe,1500,1610.0,568.0,345.0,1788.0,1220.0,558.0
dense_deterministic,1.0,tcn,20261002,baron,30,americas,1500,1631.0,545.0,331.0,1937.0,1392.0,533.0
dense_deterministic,1.0,tcn,20261002,dragon,30,overall,3000,11329.0,2873.0,1679.0,4667.0,1794.0,3736.0
dense_deterministic,1.0,tcn,20261002,dragon,30,europe,1500,5578.0,1391.0,812.0,2305.0,914.0,1834.0
dense_deterministic,1.0,tcn,20261002,dragon,30,americas,1500,5751.0,1482.0,867.0,2362.0,880.0,1902.0
dense_deterministic,1.0,tcn,20261002,teamfight,30,overall,3000,19795.0,1402.0,706.0,3475.0,2073.0,6648.0
dense_deterministic,1.0,tcn,20261002,teamfight,30,europe,1500,9978.0,679.0,357.0,1711.0,1032.0,3351.0
dense_deterministic,1.0,tcn,20261002,teamfight,30,americas,1500,9817.0,723.0,349.0,1764.0,1041.0,3297.0
dense_deterministic,0.25,tcn,20260930,baron,60,overall,3000,3241.0,610.0,173.0,915.0,305.0,2152.0
dense_deterministic,0.25,tcn,20260930,baron,60,europe,1500,1610.0,331.0,91.0,463.0,132.0,1048.0
dense_deterministic,0.25,tcn,20260930,baron,60,americas,1500,1631.0,279.0,82.0,452.0,173.0,1104.0
dense_deterministic,0.25,tcn,20260930,dragon,60,overall,3000,11329.0,792.0,240.0,856.0,64.0,7555.0
dense_deterministic,0.25,tcn,20260930,dragon,60,europe,1500,5578.0,397.0,135.0,432.0,35.0,3749.0
dense_deterministic,0.25,tcn,20260930,dragon,60,americas,1500,5751.0,395.0,105.0,424.0,29.0,3806.0
dense_deterministic,0.25,tcn,20260930,teamfight,60,overall,3000,19795.0,558.0,217.0,866.0,308.0,13137.0
dense_deterministic,0.25,tcn,20260930,teamfight,60,europe,1500,9978.0,264.0,103.0,415.0,151.0,6630.0
dense_deterministic,0.25,tcn,20260930,teamfight,60,americas,1500,9817.0,294.0,114.0,451.0,157.0,6507.0
dense_deterministic,0.25,tcn,20261001,baron,60,overall,3000,3241.0,593.0,156.0,913.0,320.0,2152.0
dense_deterministic,0.25,tcn,20261001,baron,60,europe,1500,1610.0,316.0,76.0,450.0,134.0,1048.0
dense_deterministic,0.25,tcn,20261001,baron,60,americas,1500,1631.0,277.0,80.0,463.0,186.0,1104.0
dense_deterministic,0.25,tcn,20261001,dragon,60,overall,3000,11329.0,916.0,285.0,1008.0,92.0,7555.0
dense_deterministic,0.25,tcn,20261001,dragon,60,europe,1500,5578.0,440.0,147.0,488.0,48.0,3749.0
dense_deterministic,0.25,tcn,20261001,dragon,60,americas,1500,5751.0,476.0,138.0,520.0,44.0,3806.0
dense_deterministic,0.25,tcn,20261001,teamfight,60,overall,3000,19795.0,560.0,221.0,870.0,310.0,13137.0
dense_deterministic,0.25,tcn,20261001,teamfight,60,europe,1500,9978.0,267.0,108.0,429.0,162.0,6630.0
dense_deterministic,0.25,tcn,20261001,teamfight,60,americas,1500,9817.0,293.0,113.0,441.0,148.0,6507.0
dense_deterministic,0.25,tcn,20261002,baron,60,overall,3000,3241.0,615.0,193.0,915.0,300.0,2152.0
dense_deterministic,0.25,tcn,20261002,baron,60,europe,1500,1610.0,317.0,97.0,447.0,130.0,1048.0
dense_deterministic,0.25,tcn,20261002,baron,60,americas,1500,1631.0,298.0,96.0,468.0,170.0,1104.0
dense_deterministic,0.25,tcn,20261002,dragon,60,overall,3000,11329.0,884.0,277.0,987.0,103.0,7555.0
dense_deterministic,0.25,tcn,20261002,dragon,60,europe,1500,5578.0,431.0,146.0,482.0,51.0,3749.0
dense_deterministic,0.25,tcn,20261002,dragon,60,americas,1500,5751.0,453.0,131.0,505.0,52.0,3806.0
dense_deterministic,0.25,tcn,20261002,teamfight,60,overall,3000,19795.0,547.0,209.0,857.0,310.0,13137.0
dense_deterministic,0.25,tcn,20261002,teamfight,60,europe,1500,9978.0,270.0,110.0,426.0,156.0,6630.0
dense_deterministic,0.25,tcn,20261002,teamfight,60,americas,1500,9817.0,277.0,99.0,431.0,154.0,6507.0
dense_deterministic,0.5,tcn,20260930,baron,60,overall,3000,3241.0,1013.0,389.0,1863.0,850.0,2152.0
dense_deterministic,0.5,tcn,20260930,baron,60,europe,1500,1610.0,510.0,185.0,892.0,382.0,1048.0
dense_deterministic,0.5,tcn,20260930,baron,60,americas,1500,1631.0,503.0,204.0,971.0,468.0,1104.0
dense_deterministic,0.5,tcn,20260930,dragon,60,overall,3000,11329.0,1914.0,722.0,2159.0,245.0,7555.0
dense_deterministic,0.5,tcn,20260930,dragon,60,europe,1500,5578.0,935.0,371.0,1048.0,113.0,3749.0
dense_deterministic,0.5,tcn,20260930,dragon,60,americas,1500,5751.0,979.0,351.0,1111.0,132.0,3806.0
dense_deterministic,0.5,tcn,20260930,teamfight,60,overall,3000,19795.0,1055.0,467.0,1780.0,725.0,13137.0
dense_deterministic,0.5,tcn,20260930,teamfight,60,europe,1500,9978.0,500.0,226.0,847.0,347.0,6630.0
dense_deterministic,0.5,tcn,20260930,teamfight,60,americas,1500,9817.0,555.0,241.0,933.0,378.0,6507.0
dense_deterministic,0.5,tcn,20261001,baron,60,overall,3000,3241.0,1037.0,396.0,1885.0,848.0,2152.0
dense_deterministic,0.5,tcn,20261001,baron,60,europe,1500,1610.0,537.0,201.0,923.0,386.0,1048.0
dense_deterministic,0.5,tcn,20261001,baron,60,americas,1500,1631.0,500.0,195.0,962.0,462.0,1104.0
dense_deterministic,0.5,tcn,20261001,dragon,60,overall,3000,11329.0,1893.0,686.0,2142.0,249.0,7555.0
dense_deterministic,0.5,tcn,20261001,dragon,60,europe,1500,5578.0,917.0,348.0,1035.0,118.0,3749.0
dense_deterministic,0.5,tcn,20261001,dragon,60,americas,1500,5751.0,976.0,338.0,1107.0,131.0,3806.0
dense_deterministic,0.5,tcn,20261001,teamfight,60,overall,3000,19795.0,1047.0,458.0,1726.0,679.0,13137.0
dense_deterministic,0.5,tcn,20261001,teamfight,60,europe,1500,9978.0,491.0,217.0,826.0,335.0,6630.0
dense_deterministic,0.5,tcn,20261001,teamfight,60,americas,1500,9817.0,556.0,241.0,900.0,344.0,6507.0
dense_deterministic,0.5,tcn,20261002,baron,60,overall,3000,3241.0,1024.0,389.0,1877.0,853.0,2152.0
dense_deterministic,0.5,tcn,20261002,baron,60,europe,1500,1610.0,531.0,200.0,912.0,381.0,1048.0
dense_deterministic,0.5,tcn,20261002,baron,60,americas,1500,1631.0,493.0,189.0,965.0,472.0,1104.0
dense_deterministic,0.5,tcn,20261002,dragon,60,overall,3000,11329.0,1891.0,701.0,2141.0,250.0,7555.0
dense_deterministic,0.5,tcn,20261002,dragon,60,europe,1500,5578.0,924.0,364.0,1043.0,119.0,3749.0
dense_deterministic,0.5,tcn,20261002,dragon,60,americas,1500,5751.0,967.0,337.0,1098.0,131.0,3806.0
dense_deterministic,0.5,tcn,20261002,teamfight,60,overall,3000,19795.0,1119.0,508.0,1871.0,752.0,13137.0
dense_deterministic,0.5,tcn,20261002,teamfight,60,europe,1500,9978.0,542.0,258.0,905.0,363.0,6630.0
dense_deterministic,0.5,tcn,20261002,teamfight,60,americas,1500,9817.0,577.0,250.0,966.0,389.0,6507.0
dense_deterministic,0.75,tcn,20260930,baron,60,overall,3000,3241.0,1402.0,641.0,2952.0,1550.0,2152.0
dense_deterministic,0.75,tcn,20260930,baron,60,europe,1500,1610.0,702.0,312.0,1425.0,723.0,1048.0
dense_deterministic,0.75,tcn,20260930,baron,60,americas,1500,1631.0,700.0,329.0,1527.0,827.0,1104.0
dense_deterministic,0.75,tcn,20260930,dragon,60,overall,3000,11329.0,2815.0,1169.0,3292.0,477.0,7555.0
dense_deterministic,0.75,tcn,20260930,dragon,60,europe,1500,5578.0,1396.0,607.0,1630.0,234.0,3749.0
dense_deterministic,0.75,tcn,20260930,dragon,60,americas,1500,5751.0,1419.0,562.0,1662.0,243.0,3806.0
dense_deterministic,0.75,tcn,20260930,teamfight,60,overall,3000,19795.0,1584.0,757.0,2785.0,1201.0,13137.0
dense_deterministic,0.75,tcn,20260930,teamfight,60,europe,1500,9978.0,789.0,392.0,1368.0,579.0,6630.0
dense_deterministic,0.75,tcn,20260930,teamfight,60,americas,1500,9817.0,795.0,365.0,1417.0,622.0,6507.0
dense_deterministic,0.75,tcn,20261001,baron,60,overall,3000,3241.0,1362.0,608.0,2766.0,1404.0,2152.0
dense_deterministic,0.75,tcn,20261001,baron,60,europe,1500,1610.0,692.0,309.0,1340.0,648.0,1048.0
dense_deterministic,0.75,tcn,20261001,baron,60,americas,1500,1631.0,670.0,299.0,1426.0,756.0,1104.0
dense_deterministic,0.75,tcn,20261001,dragon,60,overall,3000,11329.0,2893.0,1211.0,3371.0,478.0,7555.0
dense_deterministic,0.75,tcn,20261001,dragon,60,europe,1500,5578.0,1419.0,625.0,1645.0,226.0,3749.0
dense_deterministic,0.75,tcn,20261001,dragon,60,americas,1500,5751.0,1474.0,586.0,1726.0,252.0,3806.0
dense_deterministic,0.75,tcn,20261001,teamfight,60,overall,3000,19795.0,1547.0,720.0,2665.0,1118.0,13137.0
dense_deterministic,0.75,tcn,20261001,teamfight,60,europe,1500,9978.0,760.0,368.0,1311.0,551.0,6630.0
dense_deterministic,0.75,tcn,20261001,teamfight,60,americas,1500,9817.0,787.0,352.0,1354.0,567.0,6507.0
dense_deterministic,0.75,tcn,20261002,baron,60,overall,3000,3241.0,1375.0,619.0,2864.0,1489.0,2152.0
dense_deterministic,0.75,tcn,20261002,baron,60,europe,1500,1610.0,708.0,315.0,1394.0,686.0,1048.0
dense_deterministic,0.75,tcn,20261002,baron,60,americas,1500,1631.0,667.0,304.0,1470.0,803.0,1104.0
dense_deterministic,0.75,tcn,20261002,dragon,60,overall,3000,11329.0,2922.0,1252.0,3399.0,477.0,7555.0
dense_deterministic,0.75,tcn,20261002,dragon,60,europe,1500,5578.0,1443.0,645.0,1669.0,226.0,3749.0
dense_deterministic,0.75,tcn,20261002,dragon,60,americas,1500,5751.0,1479.0,607.0,1730.0,251.0,3806.0
dense_deterministic,0.75,tcn,20261002,teamfight,60,overall,3000,19795.0,1678.0,822.0,2896.0,1218.0,13137.0
dense_deterministic,0.75,tcn,20261002,teamfight,60,europe,1500,9978.0,830.0,430.0,1435.0,605.0,6630.0
dense_deterministic,0.75,tcn,20261002,teamfight,60,americas,1500,9817.0,848.0,392.0,1461.0,613.0,6507.0
dense_deterministic,1.0,tcn,20260930,baron,60,overall,3000,3241.0,1661.0,828.0,3789.0,2128.0,2152.0
dense_deterministic,1.0,tcn,20260930,baron,60,europe,1500,1610.0,830.0,409.0,1813.0,983.0,1048.0
dense_deterministic,1.0,tcn,20260930,baron,60,americas,1500,1631.0,831.0,419.0,1976.0,1145.0,1104.0
dense_deterministic,1.0,tcn,20260930,dragon,60,overall,3000,11329.0,4147.0,1965.0,4972.0,825.0,7555.0
dense_deterministic,1.0,tcn,20260930,dragon,60,europe,1500,5578.0,2066.0,1018.0,2484.0,418.0,3749.0
dense_deterministic,1.0,tcn,20260930,dragon,60,americas,1500,5751.0,2081.0,947.0,2488.0,407.0,3806.0
dense_deterministic,1.0,tcn,20260930,teamfight,60,overall,3000,19795.0,2073.0,1028.0,3752.0,1679.0,13137.0
dense_deterministic,1.0,tcn,20260930,teamfight,60,europe,1500,9978.0,1053.0,549.0,1877.0,824.0,6630.0
dense_deterministic,1.0,tcn,20260930,teamfight,60,americas,1500,9817.0,1020.0,479.0,1875.0,855.0,6507.0
dense_deterministic,1.0,tcn,20261001,baron,60,overall,3000,3241.0,1659.0,832.0,3801.0,2142.0,2152.0
dense_deterministic,1.0,tcn,20261001,baron,60,europe,1500,1610.0,836.0,412.0,1843.0,1007.0,1048.0
dense_deterministic,1.0,tcn,20261001,baron,60,americas,1500,1631.0,823.0,420.0,1958.0,1135.0,1104.0
dense_deterministic,1.0,tcn,20261001,dragon,60,overall,3000,11329.0,4009.0,1866.0,4813.0,804.0,7555.0
dense_deterministic,1.0,tcn,20261001,dragon,60,europe,1500,5578.0,1998.0,972.0,2402.0,404.0,3749.0
dense_deterministic,1.0,tcn,20261001,dragon,60,americas,1500,5751.0,2011.0,894.0,2411.0,400.0,3806.0
dense_deterministic,1.0,tcn,20261001,teamfight,60,overall,3000,19795.0,2144.0,1037.0,3896.0,1752.0,13137.0
dense_deterministic,1.0,tcn,20261001,teamfight,60,europe,1500,9978.0,1072.0,543.0,1919.0,847.0,6630.0
dense_deterministic,1.0,tcn,20261001,teamfight,60,americas,1500,9817.0,1072.0,494.0,1977.0,905.0,6507.0
dense_deterministic,1.0,tcn,20261002,baron,60,overall,3000,3241.0,1667.0,841.0,3804.0,2137.0,2152.0
dense_deterministic,1.0,tcn,20261002,baron,60,europe,1500,1610.0,847.0,421.0,1833.0,986.0,1048.0
dense_deterministic,1.0,tcn,20261002,baron,60,americas,1500,1631.0,820.0,420.0,1971.0,1151.0,1104.0
dense_deterministic,1.0,tcn,20261002,dragon,60,overall,3000,11329.0,3895.0,1830.0,4649.0,754.0,7555.0
dense_deterministic,1.0,tcn,20261002,dragon,60,europe,1500,5578.0,1928.0,937.0,2289.0,361.0,3749.0
dense_deterministic,1.0,tcn,20261002,dragon,60,americas,1500,5751.0,1967.0,893.0,2360.0,393.0,3806.0
dense_deterministic,1.0,tcn,20261002,teamfight,60,overall,3000,19795.0,2092.0,1046.0,3728.0,1636.0,13137.0
dense_deterministic,1.0,tcn,20261002,teamfight,60,europe,1500,9978.0,1061.0,558.0,1870.0,809.0,6630.0
dense_deterministic,1.0,tcn,20261002,teamfight,60,americas,1500,9817.0,1031.0,488.0,1858.0,827.0,6507.0
dense_deterministic,0.25,timely_leagueews,20260930,baron,30,overall,3000,3241.0,589.0,329.0,1072.0,483.0,1091.0
dense_deterministic,0.25,timely_leagueews,20260930,baron,30,europe,1500,1610.0,310.0,170.0,534.0,224.0,558.0
dense_deterministic,0.25,timely_leagueews,20260930,baron,30,americas,1500,1631.0,279.0,159.0,538.0,259.0,533.0
dense_deterministic,0.25,timely_leagueews,20260930,dragon,30,overall,3000,11329.0,875.0,630.0,1427.0,552.0,3736.0
dense_deterministic,0.25,timely_leagueews,20260930,dragon,30,europe,1500,5578.0,402.0,287.0,674.0,272.0,1834.0
dense_deterministic,0.25,timely_leagueews,20260930,dragon,30,americas,1500,5751.0,473.0,343.0,753.0,280.0,1902.0
dense_deterministic,0.25,timely_leagueews,20260930,teamfight,30,overall,3000,19795.0,409.0,252.0,967.0,558.0,6648.0
dense_deterministic,0.25,timely_leagueews,20260930,teamfight,30,europe,1500,9978.0,187.0,117.0,462.0,275.0,3351.0
dense_deterministic,0.25,timely_leagueews,20260930,teamfight,30,americas,1500,9817.0,222.0,135.0,505.0,283.0,3297.0
dense_deterministic,0.25,timely_leagueews,20261001,baron,30,overall,3000,3241.0,590.0,323.0,1057.0,467.0,1091.0
dense_deterministic,0.25,timely_leagueews,20261001,baron,30,europe,1500,1610.0,313.0,169.0,520.0,207.0,558.0
dense_deterministic,0.25,timely_leagueews,20261001,baron,30,americas,1500,1631.0,277.0,154.0,537.0,260.0,533.0
dense_deterministic,0.25,timely_leagueews,20261001,dragon,30,overall,3000,11329.0,772.0,593.0,1320.0,548.0,3736.0
dense_deterministic,0.25,timely_leagueews,20261001,dragon,30,europe,1500,5578.0,365.0,276.0,625.0,260.0,1834.0
dense_deterministic,0.25,timely_leagueews,20261001,dragon,30,americas,1500,5751.0,407.0,317.0,695.0,288.0,1902.0
dense_deterministic,0.25,timely_leagueews,20261001,teamfight,30,overall,3000,19795.0,379.0,234.0,941.0,562.0,6648.0
dense_deterministic,0.25,timely_leagueews,20261001,teamfight,30,europe,1500,9978.0,181.0,116.0,453.0,272.0,3351.0
dense_deterministic,0.25,timely_leagueews,20261001,teamfight,30,americas,1500,9817.0,198.0,118.0,488.0,290.0,3297.0
dense_deterministic,0.25,timely_leagueews,20261002,baron,30,overall,3000,3241.0,566.0,307.0,999.0,433.0,1091.0
dense_deterministic,0.25,timely_leagueews,20261002,baron,30,europe,1500,1610.0,302.0,163.0,488.0,186.0,558.0
dense_deterministic,0.25,timely_leagueews,20261002,baron,30,americas,1500,1631.0,264.0,144.0,511.0,247.0,533.0
dense_deterministic,0.25,timely_leagueews,20261002,dragon,30,overall,3000,11329.0,811.0,603.0,1333.0,522.0,3736.0
dense_deterministic,0.25,timely_leagueews,20261002,dragon,30,europe,1500,5578.0,383.0,286.0,634.0,251.0,1834.0
dense_deterministic,0.25,timely_leagueews,20261002,dragon,30,americas,1500,5751.0,428.0,317.0,699.0,271.0,1902.0
dense_deterministic,0.25,timely_leagueews,20261002,teamfight,30,overall,3000,19795.0,358.0,232.0,885.0,527.0,6648.0
dense_deterministic,0.25,timely_leagueews,20261002,teamfight,30,europe,1500,9978.0,172.0,111.0,421.0,249.0,3351.0
dense_deterministic,0.25,timely_leagueews,20261002,teamfight,30,americas,1500,9817.0,186.0,121.0,464.0,278.0,3297.0
dense_deterministic,0.5,timely_leagueews,20260930,baron,30,overall,3000,3241.0,833.0,490.0,1946.0,1113.0,1091.0
dense_deterministic,0.5,timely_leagueews,20260930,baron,30,europe,1500,1610.0,430.0,245.0,949.0,519.0,558.0
dense_deterministic,0.5,timely_leagueews,20260930,baron,30,americas,1500,1631.0,403.0,245.0,997.0,594.0,533.0
dense_deterministic,0.5,timely_leagueews,20260930,dragon,30,overall,3000,11329.0,1506.0,1007.0,2464.0,958.0,3736.0
dense_deterministic,0.5,timely_leagueews,20260930,dragon,30,europe,1500,5578.0,706.0,474.0,1193.0,487.0,1834.0
dense_deterministic,0.5,timely_leagueews,20260930,dragon,30,americas,1500,5751.0,800.0,533.0,1271.0,471.0,1902.0
dense_deterministic,0.5,timely_leagueews,20260930,teamfight,30,overall,3000,19795.0,733.0,445.0,1865.0,1132.0,6648.0
dense_deterministic,0.5,timely_leagueews,20260930,teamfight,30,europe,1500,9978.0,341.0,215.0,909.0,568.0,3351.0
dense_deterministic,0.5,timely_leagueews,20260930,teamfight,30,americas,1500,9817.0,392.0,230.0,956.0,564.0,3297.0
dense_deterministic,0.5,timely_leagueews,20261001,baron,30,overall,3000,3241.0,840.0,497.0,2028.0,1188.0,1091.0
dense_deterministic,0.5,timely_leagueews,20261001,baron,30,europe,1500,1610.0,435.0,254.0,987.0,552.0,558.0
dense_deterministic,0.5,timely_leagueews,20261001,baron,30,americas,1500,1631.0,405.0,243.0,1041.0,636.0,533.0
dense_deterministic,0.5,timely_leagueews,20261001,dragon,30,overall,3000,11329.0,1424.0,988.0,2419.0,995.0,3736.0
dense_deterministic,0.5,timely_leagueews,20261001,dragon,30,europe,1500,5578.0,677.0,466.0,1183.0,506.0,1834.0
dense_deterministic,0.5,timely_leagueews,20261001,dragon,30,americas,1500,5751.0,747.0,522.0,1236.0,489.0,1902.0
dense_deterministic,0.5,timely_leagueews,20261001,teamfight,30,overall,3000,19795.0,720.0,443.0,1862.0,1142.0,6648.0
dense_deterministic,0.5,timely_leagueews,20261001,teamfight,30,europe,1500,9978.0,341.0,220.0,893.0,552.0,3351.0
dense_deterministic,0.5,timely_leagueews,20261001,teamfight,30,americas,1500,9817.0,379.0,223.0,969.0,590.0,3297.0
dense_deterministic,0.5,timely_leagueews,20261002,baron,30,overall,3000,3241.0,815.0,465.0,1925.0,1110.0,1091.0
dense_deterministic,0.5,timely_leagueews,20261002,baron,30,europe,1500,1610.0,419.0,234.0,939.0,520.0,558.0
dense_deterministic,0.5,timely_leagueews,20261002,baron,30,americas,1500,1631.0,396.0,231.0,986.0,590.0,533.0
dense_deterministic,0.5,timely_leagueews,20261002,dragon,30,overall,3000,11329.0,1480.0,1009.0,2474.0,994.0,3736.0
dense_deterministic,0.5,timely_leagueews,20261002,dragon,30,europe,1500,5578.0,693.0,470.0,1193.0,500.0,1834.0
dense_deterministic,0.5,timely_leagueews,20261002,dragon,30,americas,1500,5751.0,787.0,539.0,1281.0,494.0,1902.0
dense_deterministic,0.5,timely_leagueews,20261002,teamfight,30,overall,3000,19795.0,684.0,432.0,1812.0,1128.0,6648.0
dense_deterministic,0.5,timely_leagueews,20261002,teamfight,30,europe,1500,9978.0,330.0,210.0,875.0,545.0,3351.0
dense_deterministic,0.5,timely_leagueews,20261002,teamfight,30,americas,1500,9817.0,354.0,222.0,937.0,583.0,3297.0
dense_deterministic,0.75,timely_leagueews,20260930,baron,30,overall,3000,3241.0,1015.0,610.0,2850.0,1835.0,1091.0
dense_deterministic,0.75,timely_leagueews,20260930,baron,30,europe,1500,1610.0,519.0,309.0,1375.0,856.0,558.0
dense_deterministic,0.75,timely_leagueews,20260930,baron,30,americas,1500,1631.0,496.0,301.0,1475.0,979.0,533.0
dense_deterministic,0.75,timely_leagueews,20260930,dragon,30,overall,3000,11329.0,2114.0,1362.0,3498.0,1384.0,3736.0
dense_deterministic,0.75,timely_leagueews,20260930,dragon,30,europe,1500,5578.0,1014.0,660.0,1719.0,705.0,1834.0
dense_deterministic,0.75,timely_leagueews,20260930,dragon,30,americas,1500,5751.0,1100.0,702.0,1779.0,679.0,1902.0
dense_deterministic,0.75,timely_leagueews,20260930,teamfight,30,overall,3000,19795.0,1033.0,622.0,2766.0,1733.0,6648.0
dense_deterministic,0.75,timely_leagueews,20260930,teamfight,30,europe,1500,9978.0,497.0,312.0,1345.0,848.0,3351.0
dense_deterministic,0.75,timely_leagueews,20260930,teamfight,30,americas,1500,9817.0,536.0,310.0,1421.0,885.0,3297.0
dense_deterministic,0.75,timely_leagueews,20261001,baron,30,overall,3000,3241.0,993.0,594.0,2835.0,1842.0,1091.0
dense_deterministic,0.75,timely_leagueews,20261001,baron,30,europe,1500,1610.0,512.0,303.0,1373.0,861.0,558.0
dense_deterministic,0.75,timely_leagueews,20261001,baron,30,americas,1500,1631.0,481.0,291.0,1462.0,981.0,533.0
dense_deterministic,0.75,timely_leagueews,20261001,dragon,30,overall,3000,11329.0,2153.0,1425.0,3629.0,1476.0,3736.0
dense_deterministic,0.75,timely_leagueews,20261001,dragon,30,europe,1500,5578.0,1047.0,698.0,1796.0,749.0,1834.0
dense_deterministic,0.75,timely_leagueews,20261001,dragon,30,americas,1500,5751.0,1106.0,727.0,1833.0,727.0,1902.0
dense_deterministic,0.75,timely_leagueews,20261001,teamfight,30,overall,3000,19795.0,984.0,604.0,2676.0,1692.0,6648.0
dense_deterministic,0.75,timely_leagueews,20261001,teamfight,30,europe,1500,9978.0,474.0,302.0,1316.0,842.0,3351.0
dense_deterministic,0.75,timely_leagueews,20261001,teamfight,30,americas,1500,9817.0,510.0,302.0,1360.0,850.0,3297.0
dense_deterministic,0.75,timely_leagueews,20261002,baron,30,overall,3000,3241.0,985.0,588.0,2772.0,1787.0,1091.0
dense_deterministic,0.75,timely_leagueews,20261002,baron,30,europe,1500,1610.0,507.0,299.0,1340.0,833.0,558.0
dense_deterministic,0.75,timely_leagueews,20261002,baron,30,americas,1500,1631.0,478.0,289.0,1432.0,954.0,533.0
dense_deterministic,0.75,timely_leagueews,20261002,dragon,30,overall,3000,11329.0,2109.0,1377.0,3526.0,1417.0,3736.0
dense_deterministic,0.75,timely_leagueews,20261002,dragon,30,europe,1500,5578.0,998.0,654.0,1719.0,721.0,1834.0
dense_deterministic,0.75,timely_leagueews,20261002,dragon,30,americas,1500,5751.0,1111.0,723.0,1807.0,696.0,1902.0
dense_deterministic,0.75,timely_leagueews,20261002,teamfight,30,overall,3000,19795.0,976.0,604.0,2680.0,1704.0,6648.0
dense_deterministic,0.75,timely_leagueews,20261002,teamfight,30,europe,1500,9978.0,474.0,296.0,1320.0,846.0,3351.0
dense_deterministic,0.75,timely_leagueews,20261002,teamfight,30,americas,1500,9817.0,502.0,308.0,1360.0,858.0,3297.0
dense_deterministic,1.0,timely_leagueews,20260930,baron,30,overall,3000,3241.0,1146.0,707.0,3721.0,2575.0,1091.0
dense_deterministic,1.0,timely_leagueews,20260930,baron,30,europe,1500,1610.0,587.0,361.0,1789.0,1202.0,558.0
dense_deterministic,1.0,timely_leagueews,20260930,baron,30,americas,1500,1631.0,559.0,346.0,1932.0,1373.0,533.0
dense_deterministic,1.0,timely_leagueews,20260930,dragon,30,overall,3000,11329.0,2705.0,1700.0,4565.0,1860.0,3736.0
dense_deterministic,1.0,timely_leagueews,20260930,dragon,30,europe,1500,5578.0,1326.0,838.0,2273.0,947.0,1834.0
dense_deterministic,1.0,timely_leagueews,20260930,dragon,30,americas,1500,5751.0,1379.0,862.0,2292.0,913.0,1902.0
dense_deterministic,1.0,timely_leagueews,20260930,teamfight,30,overall,3000,19795.0,1324.0,793.0,3743.0,2419.0,6648.0
dense_deterministic,1.0,timely_leagueews,20260930,teamfight,30,europe,1500,9978.0,629.0,388.0,1820.0,1191.0,3351.0
dense_deterministic,1.0,timely_leagueews,20260930,teamfight,30,americas,1500,9817.0,695.0,405.0,1923.0,1228.0,3297.0
dense_deterministic,1.0,timely_leagueews,20261001,baron,30,overall,3000,3241.0,1121.0,687.0,3599.0,2478.0,1091.0
dense_deterministic,1.0,timely_leagueews,20261001,baron,30,europe,1500,1610.0,569.0,347.0,1738.0,1169.0,558.0
dense_deterministic,1.0,timely_leagueews,20261001,baron,30,americas,1500,1631.0,552.0,340.0,1861.0,1309.0,533.0
dense_deterministic,1.0,timely_leagueews,20261001,dragon,30,overall,3000,11329.0,2800.0,1794.0,4783.0,1983.0,3736.0
dense_deterministic,1.0,timely_leagueews,20261001,dragon,30,europe,1500,5578.0,1376.0,896.0,2397.0,1021.0,1834.0
dense_deterministic,1.0,timely_leagueews,20261001,dragon,30,americas,1500,5751.0,1424.0,898.0,2386.0,962.0,1902.0
dense_deterministic,1.0,timely_leagueews,20261001,teamfight,30,overall,3000,19795.0,1247.0,755.0,3532.0,2285.0,6648.0
dense_deterministic,1.0,timely_leagueews,20261001,teamfight,30,europe,1500,9978.0,610.0,386.0,1761.0,1151.0,3351.0
dense_deterministic,1.0,timely_leagueews,20261001,teamfight,30,americas,1500,9817.0,637.0,369.0,1771.0,1134.0,3297.0
dense_deterministic,1.0,timely_leagueews,20261002,baron,30,overall,3000,3241.0,1109.0,671.0,3600.0,2491.0,1091.0
dense_deterministic,1.0,timely_leagueews,20261002,baron,30,europe,1500,1610.0,568.0,343.0,1738.0,1170.0,558.0
dense_deterministic,1.0,timely_leagueews,20261002,baron,30,americas,1500,1631.0,541.0,328.0,1862.0,1321.0,533.0
dense_deterministic,1.0,timely_leagueews,20261002,dragon,30,overall,3000,11329.0,2756.0,1759.0,4676.0,1920.0,3736.0
dense_deterministic,1.0,timely_leagueews,20261002,dragon,30,europe,1500,5578.0,1342.0,865.0,2321.0,979.0,1834.0
dense_deterministic,1.0,timely_leagueews,20261002,dragon,30,americas,1500,5751.0,1414.0,894.0,2355.0,941.0,1902.0
dense_deterministic,1.0,timely_leagueews,20261002,teamfight,30,overall,3000,19795.0,1253.0,777.0,3624.0,2371.0,6648.0
dense_deterministic,1.0,timely_leagueews,20261002,teamfight,30,europe,1500,9978.0,594.0,371.0,1745.0,1151.0,3351.0
dense_deterministic,1.0,timely_leagueews,20261002,teamfight,30,americas,1500,9817.0,659.0,406.0,1879.0,1220.0,3297.0
dense_deterministic,0.25,timely_leagueews,20260930,baron,60,overall,3000,3241.0,525.0,294.0,1039.0,514.0,2152.0
dense_deterministic,0.25,timely_leagueews,20260930,baron,60,europe,1500,1610.0,274.0,147.0,527.0,253.0,1048.0
dense_deterministic,0.25,timely_leagueews,20260930,baron,60,americas,1500,1631.0,251.0,147.0,512.0,261.0,1104.0
dense_deterministic,0.25,timely_leagueews,20260930,dragon,60,overall,3000,11329.0,1328.0,1230.0,1888.0,560.0,7555.0
dense_deterministic,0.25,timely_leagueews,20260930,dragon,60,europe,1500,5578.0,661.0,614.0,933.0,272.0,3749.0
dense_deterministic,0.25,timely_leagueews,20260930,dragon,60,americas,1500,5751.0,667.0,616.0,955.0,288.0,3806.0
dense_deterministic,0.25,timely_leagueews,20260930,teamfight,60,overall,3000,19795.0,542.0,425.0,1066.0,524.0,13137.0
dense_deterministic,0.25,timely_leagueews,20260930,teamfight,60,europe,1500,9978.0,274.0,220.0,520.0,246.0,6630.0
dense_deterministic,0.25,timely_leagueews,20260930,teamfight,60,americas,1500,9817.0,268.0,205.0,546.0,278.0,6507.0
dense_deterministic,0.25,timely_leagueews,20261001,baron,60,overall,3000,3241.0,494.0,267.0,997.0,503.0,2152.0
dense_deterministic,0.25,timely_leagueews,20261001,baron,60,europe,1500,1610.0,246.0,133.0,478.0,232.0,1048.0
dense_deterministic,0.25,timely_leagueews,20261001,baron,60,americas,1500,1631.0,248.0,134.0,519.0,271.0,1104.0
dense_deterministic,0.25,timely_leagueews,20261001,dragon,60,overall,3000,11329.0,1328.0,1244.0,1878.0,550.0,7555.0
dense_deterministic,0.25,timely_leagueews,20261001,dragon,60,europe,1500,5578.0,638.0,597.0,901.0,263.0,3749.0
dense_deterministic,0.25,timely_leagueews,20261001,dragon,60,americas,1500,5751.0,690.0,647.0,977.0,287.0,3806.0
dense_deterministic,0.25,timely_leagueews,20261001,teamfight,60,overall,3000,19795.0,572.0,455.0,1126.0,554.0,13137.0
dense_deterministic,0.25,timely_leagueews,20261001,teamfight,60,europe,1500,9978.0,279.0,220.0,537.0,258.0,6630.0
dense_deterministic,0.25,timely_leagueews,20261001,teamfight,60,americas,1500,9817.0,293.0,235.0,589.0,296.0,6507.0
dense_deterministic,0.25,timely_leagueews,20261002,baron,60,overall,3000,3241.0,452.0,270.0,1027.0,575.0,2152.0
dense_deterministic,0.25,timely_leagueews,20261002,baron,60,europe,1500,1610.0,222.0,132.0,502.0,280.0,1048.0
dense_deterministic,0.25,timely_leagueews,20261002,baron,60,americas,1500,1631.0,230.0,138.0,525.0,295.0,1104.0
dense_deterministic,0.25,timely_leagueews,20261002,dragon,60,overall,3000,11329.0,1304.0,1222.0,1851.0,547.0,7555.0
dense_deterministic,0.25,timely_leagueews,20261002,dragon,60,europe,1500,5578.0,634.0,591.0,895.0,261.0,3749.0
dense_deterministic,0.25,timely_leagueews,20261002,dragon,60,americas,1500,5751.0,670.0,631.0,956.0,286.0,3806.0
dense_deterministic,0.25,timely_leagueews,20261002,teamfight,60,overall,3000,19795.0,551.0,434.0,1071.0,520.0,13137.0
dense_deterministic,0.25,timely_leagueews,20261002,teamfight,60,europe,1500,9978.0,278.0,223.0,520.0,242.0,6630.0
dense_deterministic,0.25,timely_leagueews,20261002,teamfight,60,americas,1500,9817.0,273.0,211.0,551.0,278.0,6507.0
dense_deterministic,0.5,timely_leagueews,20260930,baron,60,overall,3000,3241.0,952.0,522.0,2050.0,1098.0,2152.0
dense_deterministic,0.5,timely_leagueews,20260930,baron,60,europe,1500,1610.0,473.0,262.0,1005.0,532.0,1048.0
dense_deterministic,0.5,timely_leagueews,20260930,baron,60,americas,1500,1631.0,479.0,260.0,1045.0,566.0,1104.0
dense_deterministic,0.5,timely_leagueews,20260930,dragon,60,overall,3000,11329.0,2465.0,2175.0,3544.0,1079.0,7555.0
dense_deterministic,0.5,timely_leagueews,20260930,dragon,60,europe,1500,5578.0,1193.0,1054.0,1729.0,536.0,3749.0
dense_deterministic,0.5,timely_leagueews,20260930,dragon,60,americas,1500,5751.0,1272.0,1121.0,1815.0,543.0,3806.0
dense_deterministic,0.5,timely_leagueews,20260930,teamfight,60,overall,3000,19795.0,1058.0,838.0,2253.0,1195.0,13137.0
dense_deterministic,0.5,timely_leagueews,20260930,teamfight,60,europe,1500,9978.0,518.0,417.0,1080.0,562.0,6630.0
dense_deterministic,0.5,timely_leagueews,20260930,teamfight,60,americas,1500,9817.0,540.0,421.0,1173.0,633.0,6507.0
dense_deterministic,0.5,timely_leagueews,20261001,baron,60,overall,3000,3241.0,882.0,497.0,1922.0,1040.0,2152.0
dense_deterministic,0.5,timely_leagueews,20261001,baron,60,europe,1500,1610.0,452.0,260.0,950.0,498.0,1048.0
dense_deterministic,0.5,timely_leagueews,20261001,baron,60,americas,1500,1631.0,430.0,237.0,972.0,542.0,1104.0
dense_deterministic,0.5,timely_leagueews,20261001,dragon,60,overall,3000,11329.0,2481.0,2206.0,3602.0,1121.0,7555.0
dense_deterministic,0.5,timely_leagueews,20261001,dragon,60,europe,1500,5578.0,1200.0,1067.0,1760.0,560.0,3749.0
dense_deterministic,0.5,timely_leagueews,20261001,dragon,60,americas,1500,5751.0,1281.0,1139.0,1842.0,561.0,3806.0
dense_deterministic,0.5,timely_leagueews,20261001,teamfight,60,overall,3000,19795.0,1017.0,812.0,2136.0,1119.0,13137.0
dense_deterministic,0.5,timely_leagueews,20261001,teamfight,60,europe,1500,9978.0,500.0,406.0,1035.0,535.0,6630.0
dense_deterministic,0.5,timely_leagueews,20261001,teamfight,60,americas,1500,9817.0,517.0,406.0,1101.0,584.0,6507.0
dense_deterministic,0.5,timely_leagueews,20261002,baron,60,overall,3000,3241.0,865.0,524.0,2071.0,1206.0,2152.0
dense_deterministic,0.5,timely_leagueews,20261002,baron,60,europe,1500,1610.0,434.0,263.0,1015.0,581.0,1048.0
dense_deterministic,0.5,timely_leagueews,20261002,baron,60,americas,1500,1631.0,431.0,261.0,1056.0,625.0,1104.0
dense_deterministic,0.5,timely_leagueews,20261002,dragon,60,overall,3000,11329.0,2442.0,2187.0,3564.0,1122.0,7555.0
dense_deterministic,0.5,timely_leagueews,20261002,dragon,60,europe,1500,5578.0,1190.0,1061.0,1751.0,561.0,3749.0
dense_deterministic,0.5,timely_leagueews,20261002,dragon,60,americas,1500,5751.0,1252.0,1126.0,1813.0,561.0,3806.0
dense_deterministic,0.5,timely_leagueews,20261002,teamfight,60,overall,3000,19795.0,1049.0,827.0,2178.0,1129.0,13137.0
dense_deterministic,0.5,timely_leagueews,20261002,teamfight,60,europe,1500,9978.0,514.0,412.0,1043.0,529.0,6630.0
dense_deterministic,0.5,timely_leagueews,20261002,teamfight,60,americas,1500,9817.0,535.0,415.0,1135.0,600.0,6507.0
dense_deterministic,0.75,timely_leagueews,20260930,baron,60,overall,3000,3241.0,1302.0,728.0,2972.0,1670.0,2152.0
dense_deterministic,0.75,timely_leagueews,20260930,baron,60,europe,1500,1610.0,663.0,374.0,1457.0,794.0,1048.0
dense_deterministic,0.75,timely_leagueews,20260930,baron,60,americas,1500,1631.0,639.0,354.0,1515.0,876.0,1104.0
dense_deterministic,0.75,timely_leagueews,20260930,dragon,60,overall,3000,11329.0,3478.0,2916.0,5097.0,1619.0,7555.0
dense_deterministic,0.75,timely_leagueews,20260930,dragon,60,europe,1500,5578.0,1675.0,1411.0,2491.0,816.0,3749.0
dense_deterministic,0.75,timely_leagueews,20260930,dragon,60,americas,1500,5751.0,1803.0,1505.0,2606.0,803.0,3806.0
dense_deterministic,0.75,timely_leagueews,20260930,teamfight,60,overall,3000,19795.0,1544.0,1184.0,3346.0,1802.0,13137.0
dense_deterministic,0.75,timely_leagueews,20260930,teamfight,60,europe,1500,9978.0,755.0,585.0,1604.0,849.0,6630.0
dense_deterministic,0.75,timely_leagueews,20260930,teamfight,60,americas,1500,9817.0,789.0,599.0,1742.0,953.0,6507.0
dense_deterministic,0.75,timely_leagueews,20261001,baron,60,overall,3000,3241.0,1240.0,709.0,2886.0,1646.0,2152.0
dense_deterministic,0.75,timely_leagueews,20261001,baron,60,europe,1500,1610.0,625.0,355.0,1419.0,794.0,1048.0
dense_deterministic,0.75,timely_leagueews,20261001,baron,60,americas,1500,1631.0,615.0,354.0,1467.0,852.0,1104.0
dense_deterministic,0.75,timely_leagueews,20261001,dragon,60,overall,3000,11329.0,3381.0,2873.0,5045.0,1664.0,7555.0
dense_deterministic,0.75,timely_leagueews,20261001,dragon,60,europe,1500,5578.0,1633.0,1390.0,2471.0,838.0,3749.0
dense_deterministic,0.75,timely_leagueews,20261001,dragon,60,americas,1500,5751.0,1748.0,1483.0,2574.0,826.0,3806.0
dense_deterministic,0.75,timely_leagueews,20261001,teamfight,60,overall,3000,19795.0,1471.0,1153.0,3177.0,1706.0,13137.0
dense_deterministic,0.75,timely_leagueews,20261001,teamfight,60,europe,1500,9978.0,720.0,563.0,1534.0,814.0,6630.0
dense_deterministic,0.75,timely_leagueews,20261001,teamfight,60,americas,1500,9817.0,751.0,590.0,1643.0,892.0,6507.0
dense_deterministic,0.75,timely_leagueews,20261002,baron,60,overall,3000,3241.0,1209.0,733.0,2955.0,1746.0,2152.0
dense_deterministic,0.75,timely_leagueews,20261002,baron,60,europe,1500,1610.0,612.0,363.0,1472.0,860.0,1048.0
dense_deterministic,0.75,timely_leagueews,20261002,baron,60,americas,1500,1631.0,597.0,370.0,1483.0,886.0,1104.0
dense_deterministic,0.75,timely_leagueews,20261002,dragon,60,overall,3000,11329.0,3428.0,2900.0,5094.0,1666.0,7555.0
dense_deterministic,0.75,timely_leagueews,20261002,dragon,60,europe,1500,5578.0,1676.0,1423.0,2514.0,838.0,3749.0
dense_deterministic,0.75,timely_leagueews,20261002,dragon,60,americas,1500,5751.0,1752.0,1477.0,2580.0,828.0,3806.0
dense_deterministic,0.75,timely_leagueews,20261002,teamfight,60,overall,3000,19795.0,1463.0,1128.0,3177.0,1714.0,13137.0
dense_deterministic,0.75,timely_leagueews,20261002,teamfight,60,europe,1500,9978.0,720.0,560.0,1540.0,820.0,6630.0
dense_deterministic,0.75,timely_leagueews,20261002,teamfight,60,americas,1500,9817.0,743.0,568.0,1637.0,894.0,6507.0
dense_deterministic,1.0,timely_leagueews,20260930,baron,60,overall,3000,3241.0,1610.0,924.0,3825.0,2215.0,2152.0
dense_deterministic,1.0,timely_leagueews,20260930,baron,60,europe,1500,1610.0,790.0,449.0,1851.0,1061.0,1048.0
dense_deterministic,1.0,timely_leagueews,20260930,baron,60,americas,1500,1631.0,820.0,475.0,1974.0,1154.0,1104.0
dense_deterministic,1.0,timely_leagueews,20260930,dragon,60,overall,3000,11329.0,4312.0,3436.0,6351.0,2039.0,7555.0
dense_deterministic,1.0,timely_leagueews,20260930,dragon,60,europe,1500,5578.0,2090.0,1673.0,3117.0,1027.0,3749.0
dense_deterministic,1.0,timely_leagueews,20260930,dragon,60,americas,1500,5751.0,2222.0,1763.0,3234.0,1012.0,3806.0
dense_deterministic,1.0,timely_leagueews,20260930,teamfight,60,overall,3000,19795.0,1992.0,1507.0,4368.0,2376.0,13137.0
dense_deterministic,1.0,timely_leagueews,20260930,teamfight,60,europe,1500,9978.0,1006.0,758.0,2131.0,1125.0,6630.0
dense_deterministic,1.0,timely_leagueews,20260930,teamfight,60,americas,1500,9817.0,986.0,749.0,2237.0,1251.0,6507.0
dense_deterministic,1.0,timely_leagueews,20261001,baron,60,overall,3000,3241.0,1545.0,903.0,3765.0,2220.0,2152.0
dense_deterministic,1.0,timely_leagueews,20261001,baron,60,europe,1500,1610.0,766.0,441.0,1823.0,1057.0,1048.0
dense_deterministic,1.0,timely_leagueews,20261001,baron,60,americas,1500,1631.0,779.0,462.0,1942.0,1163.0,1104.0
dense_deterministic,1.0,timely_leagueews,20261001,dragon,60,overall,3000,11329.0,4192.0,3399.0,6294.0,2102.0,7555.0
dense_deterministic,1.0,timely_leagueews,20261001,dragon,60,europe,1500,5578.0,2040.0,1662.0,3105.0,1065.0,3749.0
dense_deterministic,1.0,timely_leagueews,20261001,dragon,60,americas,1500,5751.0,2152.0,1737.0,3189.0,1037.0,3806.0
dense_deterministic,1.0,timely_leagueews,20261001,teamfight,60,overall,3000,19795.0,1906.0,1447.0,4203.0,2297.0,13137.0
dense_deterministic,1.0,timely_leagueews,20261001,teamfight,60,europe,1500,9978.0,955.0,728.0,2055.0,1100.0,6630.0
dense_deterministic,1.0,timely_leagueews,20261001,teamfight,60,americas,1500,9817.0,951.0,719.0,2148.0,1197.0,6507.0
dense_deterministic,1.0,timely_leagueews,20261002,baron,60,overall,3000,3241.0,1493.0,914.0,3800.0,2307.0,2152.0
dense_deterministic,1.0,timely_leagueews,20261002,baron,60,europe,1500,1610.0,735.0,441.0,1844.0,1109.0,1048.0
dense_deterministic,1.0,timely_leagueews,20261002,baron,60,americas,1500,1631.0,758.0,473.0,1956.0,1198.0,1104.0
dense_deterministic,1.0,timely_leagueews,20261002,dragon,60,overall,3000,11329.0,4252.0,3410.0,6311.0,2059.0,7555.0
dense_deterministic,1.0,timely_leagueews,20261002,dragon,60,europe,1500,5578.0,2059.0,1667.0,3101.0,1042.0,3749.0
dense_deterministic,1.0,timely_leagueews,20261002,dragon,60,americas,1500,5751.0,2193.0,1743.0,3210.0,1017.0,3806.0
dense_deterministic,1.0,timely_leagueews,20261002,teamfight,60,overall,3000,19795.0,1889.0,1432.0,4168.0,2279.0,13137.0
dense_deterministic,1.0,timely_leagueews,20261002,teamfight,60,europe,1500,9978.0,951.0,722.0,2044.0,1093.0,6630.0
dense_deterministic,1.0,timely_leagueews,20261002,teamfight,60,americas,1500,9817.0,938.0,710.0,2124.0,1186.0,6507.0
dense_deterministic,0.25,timely_tcn,20260930,baron,30,overall,3000,3241.0,575.0,308.0,1077.0,502.0,1091.0
dense_deterministic,0.25,timely_tcn,20260930,baron,30,europe,1500,1610.0,303.0,161.0,530.0,227.0,558.0
dense_deterministic,0.25,timely_tcn,20260930,baron,30,americas,1500,1631.0,272.0,147.0,547.0,275.0,533.0
dense_deterministic,0.25,timely_tcn,20260930,dragon,30,overall,3000,11329.0,734.0,554.0,1252.0,518.0,3736.0
dense_deterministic,0.25,timely_tcn,20260930,dragon,30,europe,1500,5578.0,345.0,253.0,617.0,272.0,1834.0
dense_deterministic,0.25,timely_tcn,20260930,dragon,30,americas,1500,5751.0,389.0,301.0,635.0,246.0,1902.0
dense_deterministic,0.25,timely_tcn,20260930,teamfight,30,overall,3000,19795.0,352.0,212.0,878.0,526.0,6648.0
dense_deterministic,0.25,timely_tcn,20260930,teamfight,30,europe,1500,9978.0,171.0,103.0,435.0,264.0,3351.0
dense_deterministic,0.25,timely_tcn,20260930,teamfight,30,americas,1500,9817.0,181.0,109.0,443.0,262.0,3297.0
dense_deterministic,0.25,timely_tcn,20261001,baron,30,overall,3000,3241.0,570.0,310.0,1039.0,469.0,1091.0
dense_deterministic,0.25,timely_tcn,20261001,baron,30,europe,1500,1610.0,300.0,160.0,512.0,212.0,558.0
dense_deterministic,0.25,timely_tcn,20261001,baron,30,americas,1500,1631.0,270.0,150.0,527.0,257.0,533.0
dense_deterministic,0.25,timely_tcn,20261001,dragon,30,overall,3000,11329.0,828.0,566.0,1328.0,500.0,3736.0
dense_deterministic,0.25,timely_tcn,20261001,dragon,30,europe,1500,5578.0,391.0,266.0,646.0,255.0,1834.0
dense_deterministic,0.25,timely_tcn,20261001,dragon,30,americas,1500,5751.0,437.0,300.0,682.0,245.0,1902.0
dense_deterministic,0.25,timely_tcn,20261001,teamfight,30,overall,3000,19795.0,348.0,207.0,878.0,530.0,6648.0
dense_deterministic,0.25,timely_tcn,20261001,teamfight,30,europe,1500,9978.0,171.0,111.0,423.0,252.0,3351.0
dense_deterministic,0.25,timely_tcn,20261001,teamfight,30,americas,1500,9817.0,177.0,96.0,455.0,278.0,3297.0
dense_deterministic,0.25,timely_tcn,20261002,baron,30,overall,3000,3241.0,552.0,299.0,1029.0,477.0,1091.0
dense_deterministic,0.25,timely_tcn,20261002,baron,30,europe,1500,1610.0,287.0,154.0,501.0,214.0,558.0
dense_deterministic,0.25,timely_tcn,20261002,baron,30,americas,1500,1631.0,265.0,145.0,528.0,263.0,533.0
dense_deterministic,0.25,timely_tcn,20261002,dragon,30,overall,3000,11329.0,764.0,570.0,1344.0,580.0,3736.0
dense_deterministic,0.25,timely_tcn,20261002,dragon,30,europe,1500,5578.0,371.0,270.0,678.0,307.0,1834.0
dense_deterministic,0.25,timely_tcn,20261002,dragon,30,americas,1500,5751.0,393.0,300.0,666.0,273.0,1902.0
dense_deterministic,0.25,timely_tcn,20261002,teamfight,30,overall,3000,19795.0,360.0,210.0,859.0,499.0,6648.0
dense_deterministic,0.25,timely_tcn,20261002,teamfight,30,europe,1500,9978.0,171.0,106.0,418.0,247.0,3351.0
dense_deterministic,0.25,timely_tcn,20261002,teamfight,30,americas,1500,9817.0,189.0,104.0,441.0,252.0,3297.0
dense_deterministic,0.5,timely_tcn,20260930,baron,30,overall,3000,3241.0,804.0,459.0,2002.0,1198.0,1091.0
dense_deterministic,0.5,timely_tcn,20260930,baron,30,europe,1500,1610.0,420.0,235.0,975.0,555.0,558.0
dense_deterministic,0.5,timely_tcn,20260930,baron,30,americas,1500,1631.0,384.0,224.0,1027.0,643.0,533.0
dense_deterministic,0.5,timely_tcn,20260930,dragon,30,overall,3000,11329.0,1464.0,980.0,2435.0,971.0,3736.0
dense_deterministic,0.5,timely_tcn,20260930,dragon,30,europe,1500,5578.0,693.0,461.0,1209.0,516.0,1834.0
dense_deterministic,0.5,timely_tcn,20260930,dragon,30,americas,1500,5751.0,771.0,519.0,1226.0,455.0,1902.0
dense_deterministic,0.5,timely_tcn,20260930,teamfight,30,overall,3000,19795.0,699.0,426.0,1795.0,1096.0,6648.0
dense_deterministic,0.5,timely_tcn,20260930,teamfight,30,europe,1500,9978.0,329.0,204.0,870.0,541.0,3351.0
dense_deterministic,0.5,timely_tcn,20260930,teamfight,30,americas,1500,9817.0,370.0,222.0,925.0,555.0,3297.0
dense_deterministic,0.5,timely_tcn,20261001,baron,30,overall,3000,3241.0,797.0,464.0,1916.0,1119.0,1091.0
dense_deterministic,0.5,timely_tcn,20261001,baron,30,europe,1500,1610.0,422.0,248.0,935.0,513.0,558.0
dense_deterministic,0.5,timely_tcn,20261001,baron,30,americas,1500,1631.0,375.0,216.0,981.0,606.0,533.0
dense_deterministic,0.5,timely_tcn,20261001,dragon,30,overall,3000,11329.0,1517.0,965.0,2436.0,919.0,3736.0
dense_deterministic,0.5,timely_tcn,20261001,dragon,30,europe,1500,5578.0,725.0,461.0,1197.0,472.0,1834.0
dense_deterministic,0.5,timely_tcn,20261001,dragon,30,americas,1500,5751.0,792.0,504.0,1239.0,447.0,1902.0
dense_deterministic,0.5,timely_tcn,20261001,teamfight,30,overall,3000,19795.0,714.0,427.0,1834.0,1120.0,6648.0
dense_deterministic,0.5,timely_tcn,20261001,teamfight,30,europe,1500,9978.0,340.0,212.0,893.0,553.0,3351.0
dense_deterministic,0.5,timely_tcn,20261001,teamfight,30,americas,1500,9817.0,374.0,215.0,941.0,567.0,3297.0
dense_deterministic,0.5,timely_tcn,20261002,baron,30,overall,3000,3241.0,827.0,483.0,2011.0,1184.0,1091.0
dense_deterministic,0.5,timely_tcn,20261002,baron,30,europe,1500,1610.0,430.0,251.0,984.0,554.0,558.0
dense_deterministic,0.5,timely_tcn,20261002,baron,30,americas,1500,1631.0,397.0,232.0,1027.0,630.0,533.0
dense_deterministic,0.5,timely_tcn,20261002,dragon,30,overall,3000,11329.0,1415.0,972.0,2425.0,1010.0,3736.0
dense_deterministic,0.5,timely_tcn,20261002,dragon,30,europe,1500,5578.0,683.0,473.0,1206.0,523.0,1834.0
dense_deterministic,0.5,timely_tcn,20261002,dragon,30,americas,1500,5751.0,732.0,499.0,1219.0,487.0,1902.0
dense_deterministic,0.5,timely_tcn,20261002,teamfight,30,overall,3000,19795.0,686.0,415.0,1770.0,1084.0,6648.0
dense_deterministic,0.5,timely_tcn,20261002,teamfight,30,europe,1500,9978.0,328.0,214.0,857.0,529.0,3351.0
dense_deterministic,0.5,timely_tcn,20261002,teamfight,30,americas,1500,9817.0,358.0,201.0,913.0,555.0,3297.0
dense_deterministic,0.75,timely_tcn,20260930,baron,30,overall,3000,3241.0,1001.0,607.0,2894.0,1893.0,1091.0
dense_deterministic,0.75,timely_tcn,20260930,baron,30,europe,1500,1610.0,513.0,308.0,1392.0,879.0,558.0
dense_deterministic,0.75,timely_tcn,20260930,baron,30,americas,1500,1631.0,488.0,299.0,1502.0,1014.0,533.0
dense_deterministic,0.75,timely_tcn,20260930,dragon,30,overall,3000,11329.0,2132.0,1357.0,3566.0,1434.0,3736.0
dense_deterministic,0.75,timely_tcn,20260930,dragon,30,europe,1500,5578.0,1022.0,650.0,1752.0,730.0,1834.0
dense_deterministic,0.75,timely_tcn,20260930,dragon,30,americas,1500,5751.0,1110.0,707.0,1814.0,704.0,1902.0
dense_deterministic,0.75,timely_tcn,20260930,teamfight,30,overall,3000,19795.0,950.0,566.0,2621.0,1671.0,6648.0
dense_deterministic,0.75,timely_tcn,20260930,teamfight,30,europe,1500,9978.0,450.0,276.0,1284.0,834.0,3351.0
dense_deterministic,0.75,timely_tcn,20260930,teamfight,30,americas,1500,9817.0,500.0,290.0,1337.0,837.0,3297.0
dense_deterministic,0.75,timely_tcn,20261001,baron,30,overall,3000,3241.0,966.0,583.0,2790.0,1824.0,1091.0
dense_deterministic,0.75,timely_tcn,20261001,baron,30,europe,1500,1610.0,504.0,304.0,1374.0,870.0,558.0
dense_deterministic,0.75,timely_tcn,20261001,baron,30,americas,1500,1631.0,462.0,279.0,1416.0,954.0,533.0
dense_deterministic,0.75,timely_tcn,20261001,dragon,30,overall,3000,11329.0,2157.0,1322.0,3464.0,1307.0,3736.0
dense_deterministic,0.75,timely_tcn,20261001,dragon,30,europe,1500,5578.0,1031.0,637.0,1700.0,669.0,1834.0
dense_deterministic,0.75,timely_tcn,20261001,dragon,30,americas,1500,5751.0,1126.0,685.0,1764.0,638.0,1902.0
dense_deterministic,0.75,timely_tcn,20261001,teamfight,30,overall,3000,19795.0,994.0,589.0,2727.0,1733.0,6648.0
dense_deterministic,0.75,timely_tcn,20261001,teamfight,30,europe,1500,9978.0,476.0,289.0,1332.0,856.0,3351.0
dense_deterministic,0.75,timely_tcn,20261001,teamfight,30,americas,1500,9817.0,518.0,300.0,1395.0,877.0,3297.0
dense_deterministic,0.75,timely_tcn,20261002,baron,30,overall,3000,3241.0,1003.0,605.0,2865.0,1862.0,1091.0
dense_deterministic,0.75,timely_tcn,20261002,baron,30,europe,1500,1610.0,511.0,308.0,1398.0,887.0,558.0
dense_deterministic,0.75,timely_tcn,20261002,baron,30,americas,1500,1631.0,492.0,297.0,1467.0,975.0,533.0
dense_deterministic,0.75,timely_tcn,20261002,dragon,30,overall,3000,11329.0,2013.0,1318.0,3410.0,1397.0,3736.0
dense_deterministic,0.75,timely_tcn,20261002,dragon,30,europe,1500,5578.0,960.0,633.0,1674.0,714.0,1834.0
dense_deterministic,0.75,timely_tcn,20261002,dragon,30,americas,1500,5751.0,1053.0,685.0,1736.0,683.0,1902.0
dense_deterministic,0.75,timely_tcn,20261002,teamfight,30,overall,3000,19795.0,991.0,598.0,2714.0,1723.0,6648.0
dense_deterministic,0.75,timely_tcn,20261002,teamfight,30,europe,1500,9978.0,469.0,292.0,1337.0,868.0,3351.0
dense_deterministic,0.75,timely_tcn,20261002,teamfight,30,americas,1500,9817.0,522.0,306.0,1377.0,855.0,3297.0
dense_deterministic,1.0,timely_tcn,20260930,baron,30,overall,3000,3241.0,1107.0,682.0,3616.0,2509.0,1091.0
dense_deterministic,1.0,timely_tcn,20260930,baron,30,europe,1500,1610.0,564.0,347.0,1739.0,1175.0,558.0
dense_deterministic,1.0,timely_tcn,20260930,baron,30,americas,1500,1631.0,543.0,335.0,1877.0,1334.0,533.0
dense_deterministic,1.0,timely_tcn,20260930,dragon,30,overall,3000,11329.0,2723.0,1723.0,4664.0,1941.0,3736.0
dense_deterministic,1.0,timely_tcn,20260930,dragon,30,europe,1500,5578.0,1316.0,840.0,2307.0,991.0,1834.0
dense_deterministic,1.0,timely_tcn,20260930,dragon,30,americas,1500,5751.0,1407.0,883.0,2357.0,950.0,1902.0
dense_deterministic,1.0,timely_tcn,20260930,teamfight,30,overall,3000,19795.0,1252.0,751.0,3571.0,2319.0,6648.0
dense_deterministic,1.0,timely_tcn,20260930,teamfight,30,europe,1500,9978.0,614.0,384.0,1782.0,1168.0,3351.0
dense_deterministic,1.0,timely_tcn,20260930,teamfight,30,americas,1500,9817.0,638.0,367.0,1789.0,1151.0,3297.0
dense_deterministic,1.0,timely_tcn,20261001,baron,30,overall,3000,3241.0,1112.0,687.0,3692.0,2580.0,1091.0
dense_deterministic,1.0,timely_tcn,20261001,baron,30,europe,1500,1610.0,572.0,350.0,1794.0,1222.0,558.0
dense_deterministic,1.0,timely_tcn,20261001,baron,30,americas,1500,1631.0,540.0,337.0,1898.0,1358.0,533.0
dense_deterministic,1.0,timely_tcn,20261001,dragon,30,overall,3000,11329.0,2776.0,1690.0,4580.0,1804.0,3736.0
dense_deterministic,1.0,timely_tcn,20261001,dragon,30,europe,1500,5578.0,1348.0,824.0,2274.0,926.0,1834.0
dense_deterministic,1.0,timely_tcn,20261001,dragon,30,americas,1500,5751.0,1428.0,866.0,2306.0,878.0,1902.0
dense_deterministic,1.0,timely_tcn,20261001,teamfight,30,overall,3000,19795.0,1278.0,754.0,3655.0,2377.0,6648.0
dense_deterministic,1.0,timely_tcn,20261001,teamfight,30,europe,1500,9978.0,627.0,377.0,1810.0,1183.0,3351.0
dense_deterministic,1.0,timely_tcn,20261001,teamfight,30,americas,1500,9817.0,651.0,377.0,1845.0,1194.0,3297.0
dense_deterministic,1.0,timely_tcn,20261002,baron,30,overall,3000,3241.0,1129.0,690.0,3732.0,2603.0,1091.0
dense_deterministic,1.0,timely_tcn,20261002,baron,30,europe,1500,1610.0,582.0,353.0,1822.0,1240.0,558.0
dense_deterministic,1.0,timely_tcn,20261002,baron,30,americas,1500,1631.0,547.0,337.0,1910.0,1363.0,533.0
dense_deterministic,1.0,timely_tcn,20261002,dragon,30,overall,3000,11329.0,2703.0,1722.0,4657.0,1954.0,3736.0
dense_deterministic,1.0,timely_tcn,20261002,dragon,30,europe,1500,5578.0,1311.0,847.0,2306.0,995.0,1834.0
dense_deterministic,1.0,timely_tcn,20261002,dragon,30,americas,1500,5751.0,1392.0,875.0,2351.0,959.0,1902.0
dense_deterministic,1.0,timely_tcn,20261002,teamfight,30,overall,3000,19795.0,1261.0,753.0,3604.0,2343.0,6648.0
dense_deterministic,1.0,timely_tcn,20261002,teamfight,30,europe,1500,9978.0,602.0,367.0,1793.0,1191.0,3351.0
dense_deterministic,1.0,timely_tcn,20261002,teamfight,30,americas,1500,9817.0,659.0,386.0,1811.0,1152.0,3297.0
dense_deterministic,0.25,timely_tcn,20260930,baron,60,overall,3000,3241.0,432.0,225.0,947.0,515.0,2152.0
dense_deterministic,0.25,timely_tcn,20260930,baron,60,europe,1500,1610.0,226.0,123.0,469.0,243.0,1048.0
dense_deterministic,0.25,timely_tcn,20260930,baron,60,americas,1500,1631.0,206.0,102.0,478.0,272.0,1104.0
dense_deterministic,0.25,timely_tcn,20260930,dragon,60,overall,3000,11329.0,1408.0,1289.0,1964.0,556.0,7555.0
dense_deterministic,0.25,timely_tcn,20260930,dragon,60,europe,1500,5578.0,683.0,628.0,952.0,269.0,3749.0
dense_deterministic,0.25,timely_tcn,20260930,dragon,60,americas,1500,5751.0,725.0,661.0,1012.0,287.0,3806.0
dense_deterministic,0.25,timely_tcn,20260930,teamfight,60,overall,3000,19795.0,485.0,385.0,1015.0,530.0,13137.0
dense_deterministic,0.25,timely_tcn,20260930,teamfight,60,europe,1500,9978.0,244.0,197.0,496.0,252.0,6630.0
dense_deterministic,0.25,timely_tcn,20260930,teamfight,60,americas,1500,9817.0,241.0,188.0,519.0,278.0,6507.0
dense_deterministic,0.25,timely_tcn,20261001,baron,60,overall,3000,3241.0,452.0,233.0,938.0,486.0,2152.0
dense_deterministic,0.25,timely_tcn,20261001,baron,60,europe,1500,1610.0,235.0,129.0,466.0,231.0,1048.0
dense_deterministic,0.25,timely_tcn,20261001,baron,60,americas,1500,1631.0,217.0,104.0,472.0,255.0,1104.0
dense_deterministic,0.25,timely_tcn,20261001,dragon,60,overall,3000,11329.0,1473.0,1315.0,2016.0,543.0,7555.0
dense_deterministic,0.25,timely_tcn,20261001,dragon,60,europe,1500,5578.0,717.0,640.0,970.0,253.0,3749.0
dense_deterministic,0.25,timely_tcn,20261001,dragon,60,americas,1500,5751.0,756.0,675.0,1046.0,290.0,3806.0
dense_deterministic,0.25,timely_tcn,20261001,teamfight,60,overall,3000,19795.0,587.0,464.0,1190.0,603.0,13137.0
dense_deterministic,0.25,timely_tcn,20261001,teamfight,60,europe,1500,9978.0,296.0,239.0,581.0,285.0,6630.0
dense_deterministic,0.25,timely_tcn,20261001,teamfight,60,americas,1500,9817.0,291.0,225.0,609.0,318.0,6507.0
dense_deterministic,0.25,timely_tcn,20261002,baron,60,overall,3000,3241.0,400.0,226.0,910.0,510.0,2152.0
dense_deterministic,0.25,timely_tcn,20261002,baron,60,europe,1500,1610.0,200.0,117.0,453.0,253.0,1048.0
dense_deterministic,0.25,timely_tcn,20261002,baron,60,americas,1500,1631.0,200.0,109.0,457.0,257.0,1104.0
dense_deterministic,0.25,timely_tcn,20261002,dragon,60,overall,3000,11329.0,1405.0,1287.0,1968.0,563.0,7555.0
dense_deterministic,0.25,timely_tcn,20261002,dragon,60,europe,1500,5578.0,686.0,623.0,948.0,262.0,3749.0
dense_deterministic,0.25,timely_tcn,20261002,dragon,60,americas,1500,5751.0,719.0,664.0,1020.0,301.0,3806.0
dense_deterministic,0.25,timely_tcn,20261002,teamfight,60,overall,3000,19795.0,532.0,421.0,1089.0,557.0,13137.0
dense_deterministic,0.25,timely_tcn,20261002,teamfight,60,europe,1500,9978.0,264.0,213.0,527.0,263.0,6630.0
dense_deterministic,0.25,timely_tcn,20261002,teamfight,60,americas,1500,9817.0,268.0,208.0,562.0,294.0,6507.0
dense_deterministic,0.5,timely_tcn,20260930,baron,60,overall,3000,3241.0,890.0,482.0,2016.0,1126.0,2152.0
dense_deterministic,0.5,timely_tcn,20260930,baron,60,europe,1500,1610.0,448.0,242.0,976.0,528.0,1048.0
dense_deterministic,0.5,timely_tcn,20260930,baron,60,americas,1500,1631.0,442.0,240.0,1040.0,598.0,1104.0
dense_deterministic,0.5,timely_tcn,20260930,dragon,60,overall,3000,11329.0,2486.0,2190.0,3631.0,1145.0,7555.0
dense_deterministic,0.5,timely_tcn,20260930,dragon,60,europe,1500,5578.0,1203.0,1056.0,1774.0,571.0,3749.0
dense_deterministic,0.5,timely_tcn,20260930,dragon,60,americas,1500,5751.0,1283.0,1134.0,1857.0,574.0,3806.0
dense_deterministic,0.5,timely_tcn,20260930,teamfight,60,overall,3000,19795.0,1006.0,800.0,2192.0,1186.0,13137.0
dense_deterministic,0.5,timely_tcn,20260930,teamfight,60,europe,1500,9978.0,498.0,395.0,1045.0,547.0,6630.0
dense_deterministic,0.5,timely_tcn,20260930,teamfight,60,americas,1500,9817.0,508.0,405.0,1147.0,639.0,6507.0
dense_deterministic,0.5,timely_tcn,20261001,baron,60,overall,3000,3241.0,854.0,450.0,1894.0,1040.0,2152.0
dense_deterministic,0.5,timely_tcn,20261001,baron,60,europe,1500,1610.0,433.0,230.0,924.0,491.0,1048.0
dense_deterministic,0.5,timely_tcn,20261001,baron,60,americas,1500,1631.0,421.0,220.0,970.0,549.0,1104.0
dense_deterministic,0.5,timely_tcn,20261001,dragon,60,overall,3000,11329.0,2529.0,2164.0,3571.0,1042.0,7555.0
dense_deterministic,0.5,timely_tcn,20261001,dragon,60,europe,1500,5578.0,1245.0,1065.0,1760.0,515.0,3749.0
dense_deterministic,0.5,timely_tcn,20261001,dragon,60,americas,1500,5751.0,1284.0,1099.0,1811.0,527.0,3806.0
dense_deterministic,0.5,timely_tcn,20261001,teamfight,60,overall,3000,19795.0,1000.0,777.0,2138.0,1138.0,13137.0
dense_deterministic,0.5,timely_tcn,20261001,teamfight,60,europe,1500,9978.0,495.0,387.0,1039.0,544.0,6630.0
dense_deterministic,0.5,timely_tcn,20261001,teamfight,60,americas,1500,9817.0,505.0,390.0,1099.0,594.0,6507.0
dense_deterministic,0.5,timely_tcn,20261002,baron,60,overall,3000,3241.0,845.0,478.0,1985.0,1140.0,2152.0
dense_deterministic,0.5,timely_tcn,20261002,baron,60,europe,1500,1610.0,427.0,250.0,973.0,546.0,1048.0
dense_deterministic,0.5,timely_tcn,20261002,baron,60,americas,1500,1631.0,418.0,228.0,1012.0,594.0,1104.0
dense_deterministic,0.5,timely_tcn,20261002,dragon,60,overall,3000,11329.0,2464.0,2201.0,3615.0,1151.0,7555.0
dense_deterministic,0.5,timely_tcn,20261002,dragon,60,europe,1500,5578.0,1213.0,1074.0,1794.0,581.0,3749.0
dense_deterministic,0.5,timely_tcn,20261002,dragon,60,americas,1500,5751.0,1251.0,1127.0,1821.0,570.0,3806.0
dense_deterministic,0.5,timely_tcn,20261002,teamfight,60,overall,3000,19795.0,992.0,782.0,2122.0,1130.0,13137.0
dense_deterministic,0.5,timely_tcn,20261002,teamfight,60,europe,1500,9978.0,504.0,399.0,1019.0,515.0,6630.0
dense_deterministic,0.5,timely_tcn,20261002,teamfight,60,americas,1500,9817.0,488.0,383.0,1103.0,615.0,6507.0
dense_deterministic,0.75,timely_tcn,20260930,baron,60,overall,3000,3241.0,1244.0,659.0,2900.0,1656.0,2152.0
dense_deterministic,0.75,timely_tcn,20260930,baron,60,europe,1500,1610.0,627.0,334.0,1401.0,774.0,1048.0
dense_deterministic,0.75,timely_tcn,20260930,baron,60,americas,1500,1631.0,617.0,325.0,1499.0,882.0,1104.0
dense_deterministic,0.75,timely_tcn,20260930,dragon,60,overall,3000,11329.0,3344.0,2838.0,4986.0,1642.0,7555.0
dense_deterministic,0.75,timely_tcn,20260930,dragon,60,europe,1500,5578.0,1637.0,1386.0,2460.0,823.0,3749.0
dense_deterministic,0.75,timely_tcn,20260930,dragon,60,americas,1500,5751.0,1707.0,1452.0,2526.0,819.0,3806.0
dense_deterministic,0.75,timely_tcn,20260930,teamfight,60,overall,3000,19795.0,1467.0,1148.0,3217.0,1750.0,13137.0
dense_deterministic,0.75,timely_tcn,20260930,teamfight,60,europe,1500,9978.0,734.0,569.0,1552.0,818.0,6630.0
dense_deterministic,0.75,timely_tcn,20260930,teamfight,60,americas,1500,9817.0,733.0,579.0,1665.0,932.0,6507.0
dense_deterministic,0.75,timely_tcn,20261001,baron,60,overall,3000,3241.0,1248.0,661.0,2865.0,1617.0,2152.0
dense_deterministic,0.75,timely_tcn,20261001,baron,60,europe,1500,1610.0,636.0,333.0,1404.0,768.0,1048.0
dense_deterministic,0.75,timely_tcn,20261001,baron,60,americas,1500,1631.0,612.0,328.0,1461.0,849.0,1104.0
dense_deterministic,0.75,timely_tcn,20261001,dragon,60,overall,3000,11329.0,3412.0,2803.0,4932.0,1520.0,7555.0
dense_deterministic,0.75,timely_tcn,20261001,dragon,60,europe,1500,5578.0,1676.0,1384.0,2432.0,756.0,3749.0
dense_deterministic,0.75,timely_tcn,20261001,dragon,60,americas,1500,5751.0,1736.0,1419.0,2500.0,764.0,3806.0
dense_deterministic,0.75,timely_tcn,20261001,teamfight,60,overall,3000,19795.0,1482.0,1148.0,3258.0,1776.0,13137.0
dense_deterministic,0.75,timely_tcn,20261001,teamfight,60,europe,1500,9978.0,742.0,572.0,1564.0,822.0,6630.0
dense_deterministic,0.75,timely_tcn,20261001,teamfight,60,americas,1500,9817.0,740.0,576.0,1694.0,954.0,6507.0
dense_deterministic,0.75,timely_tcn,20261002,baron,60,overall,3000,3241.0,1173.0,665.0,2871.0,1698.0,2152.0
dense_deterministic,0.75,timely_tcn,20261002,baron,60,europe,1500,1610.0,591.0,335.0,1404.0,813.0,1048.0
dense_deterministic,0.75,timely_tcn,20261002,baron,60,americas,1500,1631.0,582.0,330.0,1467.0,885.0,1104.0
dense_deterministic,0.75,timely_tcn,20261002,dragon,60,overall,3000,11329.0,3305.0,2823.0,4914.0,1609.0,7555.0
dense_deterministic,0.75,timely_tcn,20261002,dragon,60,europe,1500,5578.0,1611.0,1377.0,2420.0,809.0,3749.0
dense_deterministic,0.75,timely_tcn,20261002,dragon,60,americas,1500,5751.0,1694.0,1446.0,2494.0,800.0,3806.0
dense_deterministic,0.75,timely_tcn,20261002,teamfight,60,overall,3000,19795.0,1472.0,1145.0,3198.0,1726.0,13137.0
dense_deterministic,0.75,timely_tcn,20261002,teamfight,60,europe,1500,9978.0,748.0,577.0,1570.0,822.0,6630.0
dense_deterministic,0.75,timely_tcn,20261002,teamfight,60,americas,1500,9817.0,724.0,568.0,1628.0,904.0,6507.0
dense_deterministic,1.0,timely_tcn,20260930,baron,60,overall,3000,3241.0,1589.0,864.0,3861.0,2272.0,2152.0
dense_deterministic,1.0,timely_tcn,20260930,baron,60,europe,1500,1610.0,787.0,425.0,1835.0,1048.0,1048.0
dense_deterministic,1.0,timely_tcn,20260930,baron,60,americas,1500,1631.0,802.0,439.0,2026.0,1224.0,1104.0
dense_deterministic,1.0,timely_tcn,20260930,dragon,60,overall,3000,11329.0,4143.0,3335.0,6219.0,2076.0,7555.0
dense_deterministic,1.0,timely_tcn,20260930,dragon,60,europe,1500,5578.0,2028.0,1636.0,3065.0,1037.0,3749.0
dense_deterministic,1.0,timely_tcn,20260930,dragon,60,americas,1500,5751.0,2115.0,1699.0,3154.0,1039.0,3806.0
dense_deterministic,1.0,timely_tcn,20260930,teamfight,60,overall,3000,19795.0,1932.0,1480.0,4411.0,2479.0,13137.0
dense_deterministic,1.0,timely_tcn,20260930,teamfight,60,europe,1500,9978.0,957.0,722.0,2147.0,1190.0,6630.0
dense_deterministic,1.0,timely_tcn,20260930,teamfight,60,americas,1500,9817.0,975.0,758.0,2264.0,1289.0,6507.0
dense_deterministic,1.0,timely_tcn,20261001,baron,60,overall,3000,3241.0,1583.0,879.0,3831.0,2248.0,2152.0
dense_deterministic,1.0,timely_tcn,20261001,baron,60,europe,1500,1610.0,792.0,437.0,1856.0,1064.0,1048.0
dense_deterministic,1.0,timely_tcn,20261001,baron,60,americas,1500,1631.0,791.0,442.0,1975.0,1184.0,1104.0
dense_deterministic,1.0,timely_tcn,20261001,dragon,60,overall,3000,11329.0,4239.0,3335.0,6165.0,1926.0,7555.0
dense_deterministic,1.0,timely_tcn,20261001,dragon,60,europe,1500,5578.0,2082.0,1642.0,3057.0,975.0,3749.0
dense_deterministic,1.0,timely_tcn,20261001,dragon,60,americas,1500,5751.0,2157.0,1693.0,3108.0,951.0,3806.0
dense_deterministic,1.0,timely_tcn,20261001,teamfight,60,overall,3000,19795.0,1967.0,1494.0,4340.0,2373.0,13137.0
dense_deterministic,1.0,timely_tcn,20261001,teamfight,60,europe,1500,9978.0,971.0,734.0,2075.0,1104.0,6630.0
dense_deterministic,1.0,timely_tcn,20261001,teamfight,60,americas,1500,9817.0,996.0,760.0,2265.0,1269.0,6507.0
dense_deterministic,1.0,timely_tcn,20261002,baron,60,overall,3000,3241.0,1510.0,863.0,3797.0,2287.0,2152.0
dense_deterministic,1.0,timely_tcn,20261002,baron,60,europe,1500,1610.0,756.0,430.0,1846.0,1090.0,1048.0
dense_deterministic,1.0,timely_tcn,20261002,baron,60,americas,1500,1631.0,754.0,433.0,1951.0,1197.0,1104.0
dense_deterministic,1.0,timely_tcn,20261002,dragon,60,overall,3000,11329.0,4162.0,3360.0,6249.0,2087.0,7555.0
dense_deterministic,1.0,timely_tcn,20261002,dragon,60,europe,1500,5578.0,2034.0,1641.0,3083.0,1049.0,3749.0
dense_deterministic,1.0,timely_tcn,20261002,dragon,60,americas,1500,5751.0,2128.0,1719.0,3166.0,1038.0,3806.0
dense_deterministic,1.0,timely_tcn,20261002,teamfight,60,overall,3000,19795.0,1899.0,1447.0,4182.0,2283.0,13137.0
dense_deterministic,1.0,timely_tcn,20261002,teamfight,60,europe,1500,9978.0,962.0,721.0,2065.0,1103.0,6630.0
dense_deterministic,1.0,timely_tcn,20261002,teamfight,60,americas,1500,9817.0,937.0,726.0,2117.0,1180.0,6507.0
dense_regional_deterministic,0.25,leagueews,20260930,baron,30,overall,3000,3241.0,578.0,314.0,1029.0,451.0,1091.0
dense_regional_deterministic,0.25,leagueews,20260930,baron,30,europe,1500,1610.0,304.0,160.0,508.0,204.0,558.0
dense_regional_deterministic,0.25,leagueews,20260930,baron,30,americas,1500,1631.0,274.0,154.0,521.0,247.0,533.0
dense_regional_deterministic,0.25,leagueews,20260930,dragon,30,overall,3000,11329.0,864.0,420.0,1145.0,281.0,3736.0
dense_regional_deterministic,0.25,leagueews,20260930,dragon,30,europe,1500,5578.0,409.0,208.0,542.0,133.0,1834.0
dense_regional_deterministic,0.25,leagueews,20260930,dragon,30,americas,1500,5751.0,455.0,212.0,603.0,148.0,1902.0
dense_regional_deterministic,0.25,leagueews,20260930,teamfight,30,overall,3000,19795.0,490.0,224.0,950.0,460.0,6648.0
dense_regional_deterministic,0.25,leagueews,20260930,teamfight,30,europe,1500,9978.0,210.0,99.0,426.0,216.0,3351.0
dense_regional_deterministic,0.25,leagueews,20260930,teamfight,30,americas,1500,9817.0,280.0,125.0,524.0,244.0,3297.0
dense_regional_deterministic,0.25,leagueews,20261001,baron,30,overall,3000,3241.0,587.0,319.0,1013.0,426.0,1091.0
dense_regional_deterministic,0.25,leagueews,20261001,baron,30,europe,1500,1610.0,309.0,162.0,494.0,185.0,558.0
dense_regional_deterministic,0.25,leagueews,20261001,baron,30,americas,1500,1631.0,278.0,157.0,519.0,241.0,533.0
dense_regional_deterministic,0.25,leagueews,20261001,dragon,30,overall,3000,11329.0,923.0,450.0,1214.0,291.0,3736.0
dense_regional_deterministic,0.25,leagueews,20261001,dragon,30,europe,1500,5578.0,432.0,216.0,579.0,147.0,1834.0
dense_regional_deterministic,0.25,leagueews,20261001,dragon,30,americas,1500,5751.0,491.0,234.0,635.0,144.0,1902.0
dense_regional_deterministic,0.25,leagueews,20261001,teamfight,30,overall,3000,19795.0,459.0,203.0,903.0,444.0,6648.0
dense_regional_deterministic,0.25,leagueews,20261001,teamfight,30,europe,1500,9978.0,216.0,97.0,432.0,216.0,3351.0
dense_regional_deterministic,0.25,leagueews,20261001,teamfight,30,americas,1500,9817.0,243.0,106.0,471.0,228.0,3297.0
dense_regional_deterministic,0.25,leagueews,20261002,baron,30,overall,3000,3241.0,567.0,309.0,1045.0,478.0,1091.0
dense_regional_deterministic,0.25,leagueews,20261002,baron,30,europe,1500,1610.0,307.0,167.0,524.0,217.0,558.0
dense_regional_deterministic,0.25,leagueews,20261002,baron,30,americas,1500,1631.0,260.0,142.0,521.0,261.0,533.0
dense_regional_deterministic,0.25,leagueews,20261002,dragon,30,overall,3000,11329.0,908.0,465.0,1199.0,291.0,3736.0
dense_regional_deterministic,0.25,leagueews,20261002,dragon,30,europe,1500,5578.0,423.0,223.0,567.0,144.0,1834.0
dense_regional_deterministic,0.25,leagueews,20261002,dragon,30,americas,1500,5751.0,485.0,242.0,632.0,147.0,1902.0
dense_regional_deterministic,0.25,leagueews,20261002,teamfight,30,overall,3000,19795.0,455.0,208.0,874.0,419.0,6648.0
dense_regional_deterministic,0.25,leagueews,20261002,teamfight,30,europe,1500,9978.0,214.0,103.0,420.0,206.0,3351.0
dense_regional_deterministic,0.25,leagueews,20261002,teamfight,30,americas,1500,9817.0,241.0,105.0,454.0,213.0,3297.0
dense_regional_deterministic,0.5,leagueews,20260930,baron,30,overall,3000,3241.0,848.0,495.0,2031.0,1183.0,1091.0
dense_regional_deterministic,0.5,leagueews,20260930,baron,30,europe,1500,1610.0,435.0,248.0,1002.0,567.0,558.0
dense_regional_deterministic,0.5,leagueews,20260930,baron,30,americas,1500,1631.0,413.0,247.0,1029.0,616.0,533.0
dense_regional_deterministic,0.5,leagueews,20260930,dragon,30,overall,3000,11329.0,1614.0,850.0,2317.0,703.0,3736.0
dense_regional_deterministic,0.5,leagueews,20260930,dragon,30,europe,1500,5578.0,772.0,410.0,1117.0,345.0,1834.0
dense_regional_deterministic,0.5,leagueews,20260930,dragon,30,americas,1500,5751.0,842.0,440.0,1200.0,358.0,1902.0
dense_regional_deterministic,0.5,leagueews,20260930,teamfight,30,overall,3000,19795.0,824.0,401.0,1771.0,947.0,6648.0
dense_regional_deterministic,0.5,leagueews,20260930,teamfight,30,europe,1500,9978.0,376.0,186.0,857.0,481.0,3351.0
dense_regional_deterministic,0.5,leagueews,20260930,teamfight,30,americas,1500,9817.0,448.0,215.0,914.0,466.0,3297.0
dense_regional_deterministic,0.5,leagueews,20261001,baron,30,overall,3000,3241.0,851.0,499.0,1993.0,1142.0,1091.0
dense_regional_deterministic,0.5,leagueews,20261001,baron,30,europe,1500,1610.0,443.0,254.0,990.0,547.0,558.0
dense_regional_deterministic,0.5,leagueews,20261001,baron,30,americas,1500,1631.0,408.0,245.0,1003.0,595.0,533.0
dense_regional_deterministic,0.5,leagueews,20261001,dragon,30,overall,3000,11329.0,1651.0,882.0,2364.0,713.0,3736.0
dense_regional_deterministic,0.5,leagueews,20261001,dragon,30,europe,1500,5578.0,774.0,411.0,1117.0,343.0,1834.0
dense_regional_deterministic,0.5,leagueews,20261001,dragon,30,americas,1500,5751.0,877.0,471.0,1247.0,370.0,1902.0
dense_regional_deterministic,0.5,leagueews,20261001,teamfight,30,overall,3000,19795.0,829.0,393.0,1798.0,969.0,6648.0
dense_regional_deterministic,0.5,leagueews,20261001,teamfight,30,europe,1500,9978.0,385.0,190.0,871.0,486.0,3351.0
dense_regional_deterministic,0.5,leagueews,20261001,teamfight,30,americas,1500,9817.0,444.0,203.0,927.0,483.0,3297.0
dense_regional_deterministic,0.5,leagueews,20261002,baron,30,overall,3000,3241.0,841.0,486.0,2034.0,1193.0,1091.0
dense_regional_deterministic,0.5,leagueews,20261002,baron,30,europe,1500,1610.0,433.0,250.0,978.0,545.0,558.0
dense_regional_deterministic,0.5,leagueews,20261002,baron,30,americas,1500,1631.0,408.0,236.0,1056.0,648.0,533.0
dense_regional_deterministic,0.5,leagueews,20261002,dragon,30,overall,3000,11329.0,1648.0,883.0,2340.0,692.0,3736.0
dense_regional_deterministic,0.5,leagueews,20261002,dragon,30,europe,1500,5578.0,776.0,423.0,1118.0,342.0,1834.0
dense_regional_deterministic,0.5,leagueews,20261002,dragon,30,americas,1500,5751.0,872.0,460.0,1222.0,350.0,1902.0
dense_regional_deterministic,0.5,leagueews,20261002,teamfight,30,overall,3000,19795.0,834.0,408.0,1807.0,973.0,6648.0
dense_regional_deterministic,0.5,leagueews,20261002,teamfight,30,europe,1500,9978.0,391.0,196.0,883.0,492.0,3351.0
dense_regional_deterministic,0.5,leagueews,20261002,teamfight,30,americas,1500,9817.0,443.0,212.0,924.0,481.0,3297.0
dense_regional_deterministic,0.75,leagueews,20260930,baron,30,overall,3000,3241.0,1014.0,616.0,2891.0,1877.0,1091.0
dense_regional_deterministic,0.75,leagueews,20260930,baron,30,europe,1500,1610.0,533.0,320.0,1443.0,910.0,558.0
dense_regional_deterministic,0.75,leagueews,20260930,baron,30,americas,1500,1631.0,481.0,296.0,1448.0,967.0,533.0
dense_regional_deterministic,0.75,leagueews,20260930,dragon,30,overall,3000,11329.0,2298.0,1261.0,3528.0,1230.0,3736.0
dense_regional_deterministic,0.75,leagueews,20260930,dragon,30,europe,1500,5578.0,1116.0,607.0,1725.0,609.0,1834.0
dense_regional_deterministic,0.75,leagueews,20260930,dragon,30,americas,1500,5751.0,1182.0,654.0,1803.0,621.0,1902.0
dense_regional_deterministic,0.75,leagueews,20260930,teamfight,30,overall,3000,19795.0,1220.0,608.0,2799.0,1579.0,6648.0
dense_regional_deterministic,0.75,leagueews,20260930,teamfight,30,europe,1500,9978.0,585.0,306.0,1375.0,790.0,3351.0
dense_regional_deterministic,0.75,leagueews,20260930,teamfight,30,americas,1500,9817.0,635.0,302.0,1424.0,789.0,3297.0
dense_regional_deterministic,0.75,leagueews,20261001,baron,30,overall,3000,3241.0,1012.0,615.0,2854.0,1842.0,1091.0
dense_regional_deterministic,0.75,leagueews,20261001,baron,30,europe,1500,1610.0,523.0,314.0,1418.0,895.0,558.0
dense_regional_deterministic,0.75,leagueews,20261001,baron,30,americas,1500,1631.0,489.0,301.0,1436.0,947.0,533.0
dense_regional_deterministic,0.75,leagueews,20261001,dragon,30,overall,3000,11329.0,2319.0,1299.0,3550.0,1231.0,3736.0
dense_regional_deterministic,0.75,leagueews,20261001,dragon,30,europe,1500,5578.0,1122.0,620.0,1748.0,626.0,1834.0
dense_regional_deterministic,0.75,leagueews,20261001,dragon,30,americas,1500,5751.0,1197.0,679.0,1802.0,605.0,1902.0
dense_regional_deterministic,0.75,leagueews,20261001,teamfight,30,overall,3000,19795.0,1139.0,550.0,2647.0,1508.0,6648.0
dense_regional_deterministic,0.75,leagueews,20261001,teamfight,30,europe,1500,9978.0,542.0,274.0,1269.0,727.0,3351.0
dense_regional_deterministic,0.75,leagueews,20261001,teamfight,30,americas,1500,9817.0,597.0,276.0,1378.0,781.0,3297.0
dense_regional_deterministic,0.75,leagueews,20261002,baron,30,overall,3000,3241.0,1001.0,593.0,2921.0,1920.0,1091.0
dense_regional_deterministic,0.75,leagueews,20261002,baron,30,europe,1500,1610.0,520.0,305.0,1439.0,919.0,558.0
dense_regional_deterministic,0.75,leagueews,20261002,baron,30,americas,1500,1631.0,481.0,288.0,1482.0,1001.0,533.0
dense_regional_deterministic,0.75,leagueews,20261002,dragon,30,overall,3000,11329.0,2340.0,1312.0,3590.0,1250.0,3736.0
dense_regional_deterministic,0.75,leagueews,20261002,dragon,30,europe,1500,5578.0,1148.0,644.0,1792.0,644.0,1834.0
dense_regional_deterministic,0.75,leagueews,20261002,dragon,30,americas,1500,5751.0,1192.0,668.0,1798.0,606.0,1902.0
dense_regional_deterministic,0.75,leagueews,20261002,teamfight,30,overall,3000,19795.0,1155.0,580.0,2696.0,1541.0,6648.0
dense_regional_deterministic,0.75,leagueews,20261002,teamfight,30,europe,1500,9978.0,557.0,283.0,1315.0,758.0,3351.0
dense_regional_deterministic,0.75,leagueews,20261002,teamfight,30,americas,1500,9817.0,598.0,297.0,1381.0,783.0,3297.0
dense_regional_deterministic,1.0,leagueews,20260930,baron,30,overall,3000,3241.0,1138.0,706.0,3747.0,2609.0,1091.0
dense_regional_deterministic,1.0,leagueews,20260930,baron,30,europe,1500,1610.0,586.0,363.0,1857.0,1271.0,558.0
dense_regional_deterministic,1.0,leagueews,20260930,baron,30,americas,1500,1631.0,552.0,343.0,1890.0,1338.0,533.0
dense_regional_deterministic,1.0,leagueews,20260930,dragon,30,overall,3000,11329.0,2892.0,1653.0,4677.0,1785.0,3736.0
dense_regional_deterministic,1.0,leagueews,20260930,dragon,30,europe,1500,5578.0,1399.0,797.0,2311.0,912.0,1834.0
dense_regional_deterministic,1.0,leagueews,20260930,dragon,30,americas,1500,5751.0,1493.0,856.0,2366.0,873.0,1902.0
dense_regional_deterministic,1.0,leagueews,20260930,teamfight,30,overall,3000,19795.0,1482.0,737.0,3642.0,2160.0,6648.0
dense_regional_deterministic,1.0,leagueews,20260930,teamfight,30,europe,1500,9978.0,704.0,367.0,1751.0,1047.0,3351.0
dense_regional_deterministic,1.0,leagueews,20260930,teamfight,30,americas,1500,9817.0,778.0,370.0,1891.0,1113.0,3297.0
dense_regional_deterministic,1.0,leagueews,20261001,baron,30,overall,3000,3241.0,1133.0,701.0,3735.0,2602.0,1091.0
dense_regional_deterministic,1.0,leagueews,20261001,baron,30,europe,1500,1610.0,587.0,360.0,1877.0,1290.0,558.0
dense_regional_deterministic,1.0,leagueews,20261001,baron,30,americas,1500,1631.0,546.0,341.0,1858.0,1312.0,533.0
dense_regional_deterministic,1.0,leagueews,20261001,dragon,30,overall,3000,11329.0,2907.0,1688.0,4693.0,1786.0,3736.0
dense_regional_deterministic,1.0,leagueews,20261001,dragon,30,europe,1500,5578.0,1414.0,815.0,2329.0,915.0,1834.0
dense_regional_deterministic,1.0,leagueews,20261001,dragon,30,americas,1500,5751.0,1493.0,873.0,2364.0,871.0,1902.0
dense_regional_deterministic,1.0,leagueews,20261001,teamfight,30,overall,3000,19795.0,1429.0,712.0,3502.0,2073.0,6648.0
dense_regional_deterministic,1.0,leagueews,20261001,teamfight,30,europe,1500,9978.0,679.0,352.0,1670.0,991.0,3351.0
dense_regional_deterministic,1.0,leagueews,20261001,teamfight,30,americas,1500,9817.0,750.0,360.0,1832.0,1082.0,3297.0
dense_regional_deterministic,1.0,leagueews,20261002,baron,30,overall,3000,3241.0,1129.0,691.0,3758.0,2629.0,1091.0
dense_regional_deterministic,1.0,leagueews,20261002,baron,30,europe,1500,1610.0,583.0,354.0,1864.0,1281.0,558.0
dense_regional_deterministic,1.0,leagueews,20261002,baron,30,americas,1500,1631.0,546.0,337.0,1894.0,1348.0,533.0
dense_regional_deterministic,1.0,leagueews,20261002,dragon,30,overall,3000,11329.0,2911.0,1685.0,4721.0,1810.0,3736.0
dense_regional_deterministic,1.0,leagueews,20261002,dragon,30,europe,1500,5578.0,1409.0,811.0,2333.0,924.0,1834.0
dense_regional_deterministic,1.0,leagueews,20261002,dragon,30,americas,1500,5751.0,1502.0,874.0,2388.0,886.0,1902.0
dense_regional_deterministic,1.0,leagueews,20261002,teamfight,30,overall,3000,19795.0,1435.0,727.0,3598.0,2163.0,6648.0
dense_regional_deterministic,1.0,leagueews,20261002,teamfight,30,europe,1500,9978.0,685.0,357.0,1719.0,1034.0,3351.0
dense_regional_deterministic,1.0,leagueews,20261002,teamfight,30,americas,1500,9817.0,750.0,370.0,1879.0,1129.0,3297.0
dense_regional_deterministic,0.25,leagueews,20260930,baron,60,overall,3000,3241.0,634.0,182.0,918.0,284.0,2152.0
dense_regional_deterministic,0.25,leagueews,20260930,baron,60,europe,1500,1610.0,337.0,93.0,472.0,135.0,1048.0
dense_regional_deterministic,0.25,leagueews,20260930,baron,60,americas,1500,1631.0,297.0,89.0,446.0,149.0,1104.0
dense_regional_deterministic,0.25,leagueews,20260930,dragon,60,overall,3000,11329.0,845.0,258.0,917.0,72.0,7555.0
dense_regional_deterministic,0.25,leagueews,20260930,dragon,60,europe,1500,5578.0,406.0,134.0,440.0,34.0,3749.0
dense_regional_deterministic,0.25,leagueews,20260930,dragon,60,americas,1500,5751.0,439.0,124.0,477.0,38.0,3806.0
dense_regional_deterministic,0.25,leagueews,20260930,teamfight,60,overall,3000,19795.0,624.0,230.0,974.0,350.0,13137.0
dense_regional_deterministic,0.25,leagueews,20260930,teamfight,60,europe,1500,9978.0,290.0,117.0,463.0,173.0,6630.0
dense_regional_deterministic,0.25,leagueews,20260930,teamfight,60,americas,1500,9817.0,334.0,113.0,511.0,177.0,6507.0
dense_regional_deterministic,0.25,leagueews,20261001,baron,60,overall,3000,3241.0,638.0,185.0,917.0,279.0,2152.0
dense_regional_deterministic,0.25,leagueews,20261001,baron,60,europe,1500,1610.0,347.0,96.0,473.0,126.0,1048.0
dense_regional_deterministic,0.25,leagueews,20261001,baron,60,americas,1500,1631.0,291.0,89.0,444.0,153.0,1104.0
dense_regional_deterministic,0.25,leagueews,20261001,dragon,60,overall,3000,11329.0,850.0,250.0,928.0,78.0,7555.0
dense_regional_deterministic,0.25,leagueews,20261001,dragon,60,europe,1500,5578.0,417.0,134.0,457.0,40.0,3749.0
dense_regional_deterministic,0.25,leagueews,20261001,dragon,60,americas,1500,5751.0,433.0,116.0,471.0,38.0,3806.0
dense_regional_deterministic,0.25,leagueews,20261001,teamfight,60,overall,3000,19795.0,557.0,218.0,892.0,335.0,13137.0
dense_regional_deterministic,0.25,leagueews,20261001,teamfight,60,europe,1500,9978.0,282.0,116.0,463.0,181.0,6630.0
dense_regional_deterministic,0.25,leagueews,20261001,teamfight,60,americas,1500,9817.0,275.0,102.0,429.0,154.0,6507.0
dense_regional_deterministic,0.25,leagueews,20261002,baron,60,overall,3000,3241.0,619.0,180.0,921.0,302.0,2152.0
dense_regional_deterministic,0.25,leagueews,20261002,baron,60,europe,1500,1610.0,326.0,95.0,455.0,129.0,1048.0
dense_regional_deterministic,0.25,leagueews,20261002,baron,60,americas,1500,1631.0,293.0,85.0,466.0,173.0,1104.0
dense_regional_deterministic,0.25,leagueews,20261002,dragon,60,overall,3000,11329.0,873.0,274.0,947.0,74.0,7555.0
dense_regional_deterministic,0.25,leagueews,20261002,dragon,60,europe,1500,5578.0,434.0,146.0,470.0,36.0,3749.0
dense_regional_deterministic,0.25,leagueews,20261002,dragon,60,americas,1500,5751.0,439.0,128.0,477.0,38.0,3806.0
dense_regional_deterministic,0.25,leagueews,20261002,teamfight,60,overall,3000,19795.0,592.0,235.0,917.0,325.0,13137.0
dense_regional_deterministic,0.25,leagueews,20261002,teamfight,60,europe,1500,9978.0,266.0,113.0,425.0,159.0,6630.0
dense_regional_deterministic,0.25,leagueews,20261002,teamfight,60,americas,1500,9817.0,326.0,122.0,492.0,166.0,6507.0
dense_regional_deterministic,0.5,leagueews,20260930,baron,60,overall,3000,3241.0,1061.0,435.0,1920.0,859.0,2152.0
dense_regional_deterministic,0.5,leagueews,20260930,baron,60,europe,1500,1610.0,548.0,225.0,958.0,410.0,1048.0
dense_regional_deterministic,0.5,leagueews,20260930,baron,60,americas,1500,1631.0,513.0,210.0,962.0,449.0,1104.0
dense_regional_deterministic,0.5,leagueews,20260930,dragon,60,overall,3000,11329.0,1890.0,674.0,2141.0,251.0,7555.0
dense_regional_deterministic,0.5,leagueews,20260930,dragon,60,europe,1500,5578.0,919.0,344.0,1038.0,119.0,3749.0
dense_regional_deterministic,0.5,leagueews,20260930,dragon,60,americas,1500,5751.0,971.0,330.0,1103.0,132.0,3806.0
dense_regional_deterministic,0.5,leagueews,20260930,teamfight,60,overall,3000,19795.0,1168.0,510.0,1910.0,742.0,13137.0
dense_regional_deterministic,0.5,leagueews,20260930,teamfight,60,europe,1500,9978.0,556.0,253.0,913.0,357.0,6630.0
dense_regional_deterministic,0.5,leagueews,20260930,teamfight,60,americas,1500,9817.0,612.0,257.0,997.0,385.0,6507.0
dense_regional_deterministic,0.5,leagueews,20261001,baron,60,overall,3000,3241.0,1066.0,428.0,1901.0,835.0,2152.0
dense_regional_deterministic,0.5,leagueews,20261001,baron,60,europe,1500,1610.0,549.0,209.0,940.0,391.0,1048.0
dense_regional_deterministic,0.5,leagueews,20261001,baron,60,americas,1500,1631.0,517.0,219.0,961.0,444.0,1104.0
dense_regional_deterministic,0.5,leagueews,20261001,dragon,60,overall,3000,11329.0,1921.0,706.0,2180.0,259.0,7555.0
dense_regional_deterministic,0.5,leagueews,20261001,dragon,60,europe,1500,5578.0,932.0,361.0,1047.0,115.0,3749.0
dense_regional_deterministic,0.5,leagueews,20261001,dragon,60,americas,1500,5751.0,989.0,345.0,1133.0,144.0,3806.0
dense_regional_deterministic,0.5,leagueews,20261001,teamfight,60,overall,3000,19795.0,1122.0,490.0,1887.0,765.0,13137.0
dense_regional_deterministic,0.5,leagueews,20261001,teamfight,60,europe,1500,9978.0,519.0,234.0,882.0,363.0,6630.0
dense_regional_deterministic,0.5,leagueews,20261001,teamfight,60,americas,1500,9817.0,603.0,256.0,1005.0,402.0,6507.0
dense_regional_deterministic,0.5,leagueews,20261002,baron,60,overall,3000,3241.0,1096.0,442.0,1993.0,897.0,2152.0
dense_regional_deterministic,0.5,leagueews,20261002,baron,60,europe,1500,1610.0,564.0,223.0,971.0,407.0,1048.0
dense_regional_deterministic,0.5,leagueews,20261002,baron,60,americas,1500,1631.0,532.0,219.0,1022.0,490.0,1104.0
dense_regional_deterministic,0.5,leagueews,20261002,dragon,60,overall,3000,11329.0,1980.0,763.0,2238.0,258.0,7555.0
dense_regional_deterministic,0.5,leagueews,20261002,dragon,60,europe,1500,5578.0,963.0,389.0,1083.0,120.0,3749.0
dense_regional_deterministic,0.5,leagueews,20261002,dragon,60,americas,1500,5751.0,1017.0,374.0,1155.0,138.0,3806.0
dense_regional_deterministic,0.5,leagueews,20261002,teamfight,60,overall,3000,19795.0,1124.0,511.0,1875.0,751.0,13137.0
dense_regional_deterministic,0.5,leagueews,20261002,teamfight,60,europe,1500,9978.0,545.0,258.0,908.0,363.0,6630.0
dense_regional_deterministic,0.5,leagueews,20261002,teamfight,60,americas,1500,9817.0,579.0,253.0,967.0,388.0,6507.0
dense_regional_deterministic,0.75,leagueews,20260930,baron,60,overall,3000,3241.0,1424.0,660.0,2984.0,1560.0,2152.0
dense_regional_deterministic,0.75,leagueews,20260930,baron,60,europe,1500,1610.0,745.0,339.0,1506.0,761.0,1048.0
dense_regional_deterministic,0.75,leagueews,20260930,baron,60,americas,1500,1631.0,679.0,321.0,1478.0,799.0,1104.0
dense_regional_deterministic,0.75,leagueews,20260930,dragon,60,overall,3000,11329.0,2975.0,1237.0,3479.0,504.0,7555.0
dense_regional_deterministic,0.75,leagueews,20260930,dragon,60,europe,1500,5578.0,1470.0,633.0,1709.0,239.0,3749.0
dense_regional_deterministic,0.75,leagueews,20260930,dragon,60,americas,1500,5751.0,1505.0,604.0,1770.0,265.0,3806.0
dense_regional_deterministic,0.75,leagueews,20260930,teamfight,60,overall,3000,19795.0,1747.0,828.0,3015.0,1268.0,13137.0
dense_regional_deterministic,0.75,leagueews,20260930,teamfight,60,europe,1500,9978.0,851.0,427.0,1442.0,591.0,6630.0
dense_regional_deterministic,0.75,leagueews,20260930,teamfight,60,americas,1500,9817.0,896.0,401.0,1573.0,677.0,6507.0
dense_regional_deterministic,0.75,leagueews,20261001,baron,60,overall,3000,3241.0,1403.0,664.0,2887.0,1484.0,2152.0
dense_regional_deterministic,0.75,leagueews,20261001,baron,60,europe,1500,1610.0,726.0,341.0,1455.0,729.0,1048.0
dense_regional_deterministic,0.75,leagueews,20261001,baron,60,americas,1500,1631.0,677.0,323.0,1432.0,755.0,1104.0
dense_regional_deterministic,0.75,leagueews,20261001,dragon,60,overall,3000,11329.0,2998.0,1267.0,3505.0,507.0,7555.0
dense_regional_deterministic,0.75,leagueews,20261001,dragon,60,europe,1500,5578.0,1487.0,657.0,1742.0,255.0,3749.0
dense_regional_deterministic,0.75,leagueews,20261001,dragon,60,americas,1500,5751.0,1511.0,610.0,1763.0,252.0,3806.0
dense_regional_deterministic,0.75,leagueews,20261001,teamfight,60,overall,3000,19795.0,1667.0,776.0,2892.0,1225.0,13137.0
dense_regional_deterministic,0.75,leagueews,20261001,teamfight,60,europe,1500,9978.0,796.0,375.0,1380.0,584.0,6630.0
dense_regional_deterministic,0.75,leagueews,20261001,teamfight,60,americas,1500,9817.0,871.0,401.0,1512.0,641.0,6507.0
dense_regional_deterministic,0.75,leagueews,20261002,baron,60,overall,3000,3241.0,1435.0,676.0,2945.0,1510.0,2152.0
dense_regional_deterministic,0.75,leagueews,20261002,baron,60,europe,1500,1610.0,738.0,340.0,1474.0,736.0,1048.0
dense_regional_deterministic,0.75,leagueews,20261002,baron,60,americas,1500,1631.0,697.0,336.0,1471.0,774.0,1104.0
dense_regional_deterministic,0.75,leagueews,20261002,dragon,60,overall,3000,11329.0,3040.0,1312.0,3553.0,513.0,7555.0
dense_regional_deterministic,0.75,leagueews,20261002,dragon,60,europe,1500,5578.0,1574.0,720.0,1835.0,261.0,3749.0
dense_regional_deterministic,0.75,leagueews,20261002,dragon,60,americas,1500,5751.0,1466.0,592.0,1718.0,252.0,3806.0
dense_regional_deterministic,0.75,leagueews,20261002,teamfight,60,overall,3000,19795.0,1663.0,803.0,2888.0,1225.0,13137.0
dense_regional_deterministic,0.75,leagueews,20261002,teamfight,60,europe,1500,9978.0,829.0,420.0,1441.0,612.0,6630.0
dense_regional_deterministic,0.75,leagueews,20261002,teamfight,60,americas,1500,9817.0,834.0,383.0,1447.0,613.0,6507.0
dense_regional_deterministic,1.0,leagueews,20260930,baron,60,overall,3000,3241.0,1688.0,848.0,3869.0,2181.0,2152.0
dense_regional_deterministic,1.0,leagueews,20260930,baron,60,europe,1500,1610.0,869.0,431.0,1948.0,1079.0,1048.0
dense_regional_deterministic,1.0,leagueews,20260930,baron,60,americas,1500,1631.0,819.0,417.0,1921.0,1102.0,1104.0
dense_regional_deterministic,1.0,leagueews,20260930,dragon,60,overall,3000,11329.0,4112.0,1935.0,4943.0,831.0,7555.0
dense_regional_deterministic,1.0,leagueews,20260930,dragon,60,europe,1500,5578.0,2095.0,1024.0,2527.0,432.0,3749.0
dense_regional_deterministic,1.0,leagueews,20260930,dragon,60,americas,1500,5751.0,2017.0,911.0,2416.0,399.0,3806.0
dense_regional_deterministic,1.0,leagueews,20260930,teamfight,60,overall,3000,19795.0,2260.0,1118.0,4005.0,1745.0,13137.0
dense_regional_deterministic,1.0,leagueews,20260930,teamfight,60,europe,1500,9978.0,1153.0,600.0,2011.0,858.0,6630.0
dense_regional_deterministic,1.0,leagueews,20260930,teamfight,60,americas,1500,9817.0,1107.0,518.0,1994.0,887.0,6507.0
dense_regional_deterministic,1.0,leagueews,20261001,baron,60,overall,3000,3241.0,1710.0,873.0,3848.0,2138.0,2152.0
dense_regional_deterministic,1.0,leagueews,20261001,baron,60,europe,1500,1610.0,884.0,447.0,1953.0,1069.0,1048.0
dense_regional_deterministic,1.0,leagueews,20261001,baron,60,americas,1500,1631.0,826.0,426.0,1895.0,1069.0,1104.0
dense_regional_deterministic,1.0,leagueews,20261001,dragon,60,overall,3000,11329.0,4078.0,1929.0,4896.0,818.0,7555.0
dense_regional_deterministic,1.0,leagueews,20261001,dragon,60,europe,1500,5578.0,2085.0,1029.0,2517.0,432.0,3749.0
dense_regional_deterministic,1.0,leagueews,20261001,dragon,60,americas,1500,5751.0,1993.0,900.0,2379.0,386.0,3806.0
dense_regional_deterministic,1.0,leagueews,20261001,teamfight,60,overall,3000,19795.0,2166.0,1046.0,3912.0,1746.0,13137.0
dense_regional_deterministic,1.0,leagueews,20261001,teamfight,60,europe,1500,9978.0,1090.0,542.0,1950.0,860.0,6630.0
dense_regional_deterministic,1.0,leagueews,20261001,teamfight,60,americas,1500,9817.0,1076.0,504.0,1962.0,886.0,6507.0
dense_regional_deterministic,1.0,leagueews,20261002,baron,60,overall,3000,3241.0,1724.0,882.0,3926.0,2202.0,2152.0
dense_regional_deterministic,1.0,leagueews,20261002,baron,60,europe,1500,1610.0,891.0,454.0,1983.0,1092.0,1048.0
dense_regional_deterministic,1.0,leagueews,20261002,baron,60,americas,1500,1631.0,833.0,428.0,1943.0,1110.0,1104.0
dense_regional_deterministic,1.0,leagueews,20261002,dragon,60,overall,3000,11329.0,4185.0,2048.0,5025.0,840.0,7555.0
dense_regional_deterministic,1.0,leagueews,20261002,dragon,60,europe,1500,5578.0,2130.0,1087.0,2575.0,445.0,3749.0
dense_regional_deterministic,1.0,leagueews,20261002,dragon,60,americas,1500,5751.0,2055.0,961.0,2450.0,395.0,3806.0
dense_regional_deterministic,1.0,leagueews,20261002,teamfight,60,overall,3000,19795.0,2169.0,1075.0,3928.0,1759.0,13137.0
dense_regional_deterministic,1.0,leagueews,20261002,teamfight,60,europe,1500,9978.0,1102.0,566.0,1965.0,863.0,6630.0
dense_regional_deterministic,1.0,leagueews,20261002,teamfight,60,americas,1500,9817.0,1067.0,509.0,1963.0,896.0,6507.0
dense_regional_deterministic,0.25,tcn,20260930,baron,30,overall,3000,3241.0,589.0,315.0,1080.0,491.0,1091.0
dense_regional_deterministic,0.25,tcn,20260930,baron,30,europe,1500,1610.0,319.0,167.0,548.0,229.0,558.0
dense_regional_deterministic,0.25,tcn,20260930,baron,30,americas,1500,1631.0,270.0,148.0,532.0,262.0,533.0
dense_regional_deterministic,0.25,tcn,20260930,dragon,30,overall,3000,11329.0,862.0,428.0,1164.0,302.0,3736.0
dense_regional_deterministic,0.25,tcn,20260930,dragon,30,europe,1500,5578.0,414.0,203.0,569.0,155.0,1834.0
dense_regional_deterministic,0.25,tcn,20260930,dragon,30,americas,1500,5751.0,448.0,225.0,595.0,147.0,1902.0
dense_regional_deterministic,0.25,tcn,20260930,teamfight,30,overall,3000,19795.0,449.0,206.0,890.0,441.0,6648.0
dense_regional_deterministic,0.25,tcn,20260930,teamfight,30,europe,1500,9978.0,205.0,101.0,405.0,200.0,3351.0
dense_regional_deterministic,0.25,tcn,20260930,teamfight,30,americas,1500,9817.0,244.0,105.0,485.0,241.0,3297.0
dense_regional_deterministic,0.25,tcn,20261001,baron,30,overall,3000,3241.0,575.0,315.0,1089.0,514.0,1091.0
dense_regional_deterministic,0.25,tcn,20261001,baron,30,europe,1500,1610.0,309.0,164.0,545.0,236.0,558.0
dense_regional_deterministic,0.25,tcn,20261001,baron,30,americas,1500,1631.0,266.0,151.0,544.0,278.0,533.0
dense_regional_deterministic,0.25,tcn,20261001,dragon,30,overall,3000,11329.0,885.0,440.0,1203.0,318.0,3736.0
dense_regional_deterministic,0.25,tcn,20261001,dragon,30,europe,1500,5578.0,408.0,205.0,563.0,155.0,1834.0
dense_regional_deterministic,0.25,tcn,20261001,dragon,30,americas,1500,5751.0,477.0,235.0,640.0,163.0,1902.0
dense_regional_deterministic,0.25,tcn,20261001,teamfight,30,overall,3000,19795.0,447.0,202.0,890.0,443.0,6648.0
dense_regional_deterministic,0.25,tcn,20261001,teamfight,30,europe,1500,9978.0,206.0,94.0,412.0,206.0,3351.0
dense_regional_deterministic,0.25,tcn,20261001,teamfight,30,americas,1500,9817.0,241.0,108.0,478.0,237.0,3297.0
dense_regional_deterministic,0.25,tcn,20261002,baron,30,overall,3000,3241.0,558.0,305.0,1040.0,482.0,1091.0
dense_regional_deterministic,0.25,tcn,20261002,baron,30,europe,1500,1610.0,287.0,152.0,497.0,210.0,558.0
dense_regional_deterministic,0.25,tcn,20261002,baron,30,americas,1500,1631.0,271.0,153.0,543.0,272.0,533.0
dense_regional_deterministic,0.25,tcn,20261002,dragon,30,overall,3000,11329.0,881.0,455.0,1193.0,312.0,3736.0
dense_regional_deterministic,0.25,tcn,20261002,dragon,30,europe,1500,5578.0,409.0,211.0,567.0,158.0,1834.0
dense_regional_deterministic,0.25,tcn,20261002,dragon,30,americas,1500,5751.0,472.0,244.0,626.0,154.0,1902.0
dense_regional_deterministic,0.25,tcn,20261002,teamfight,30,overall,3000,19795.0,491.0,221.0,959.0,468.0,6648.0
dense_regional_deterministic,0.25,tcn,20261002,teamfight,30,europe,1500,9978.0,225.0,105.0,458.0,233.0,3351.0
dense_regional_deterministic,0.25,tcn,20261002,teamfight,30,americas,1500,9817.0,266.0,116.0,501.0,235.0,3297.0
dense_regional_deterministic,0.5,tcn,20260930,baron,30,overall,3000,3241.0,828.0,484.0,2018.0,1190.0,1091.0
dense_regional_deterministic,0.5,tcn,20260930,baron,30,europe,1500,1610.0,428.0,248.0,986.0,558.0,558.0
dense_regional_deterministic,0.5,tcn,20260930,baron,30,americas,1500,1631.0,400.0,236.0,1032.0,632.0,533.0
dense_regional_deterministic,0.5,tcn,20260930,dragon,30,overall,3000,11329.0,1616.0,856.0,2344.0,728.0,3736.0
dense_regional_deterministic,0.5,tcn,20260930,dragon,30,europe,1500,5578.0,765.0,405.0,1138.0,373.0,1834.0
dense_regional_deterministic,0.5,tcn,20260930,dragon,30,americas,1500,5751.0,851.0,451.0,1206.0,355.0,1902.0
dense_regional_deterministic,0.5,tcn,20260930,teamfight,30,overall,3000,19795.0,808.0,385.0,1797.0,989.0,6648.0
dense_regional_deterministic,0.5,tcn,20260930,teamfight,30,europe,1500,9978.0,379.0,188.0,866.0,487.0,3351.0
dense_regional_deterministic,0.5,tcn,20260930,teamfight,30,americas,1500,9817.0,429.0,197.0,931.0,502.0,3297.0
dense_regional_deterministic,0.5,tcn,20261001,baron,30,overall,3000,3241.0,823.0,474.0,1975.0,1152.0,1091.0
dense_regional_deterministic,0.5,tcn,20261001,baron,30,europe,1500,1610.0,434.0,252.0,1003.0,569.0,558.0
dense_regional_deterministic,0.5,tcn,20261001,baron,30,americas,1500,1631.0,389.0,222.0,972.0,583.0,533.0
dense_regional_deterministic,0.5,tcn,20261001,dragon,30,overall,3000,11329.0,1674.0,896.0,2414.0,740.0,3736.0
dense_regional_deterministic,0.5,tcn,20261001,dragon,30,europe,1500,5578.0,783.0,418.0,1146.0,363.0,1834.0
dense_regional_deterministic,0.5,tcn,20261001,dragon,30,americas,1500,5751.0,891.0,478.0,1268.0,377.0,1902.0
dense_regional_deterministic,0.5,tcn,20261001,teamfight,30,overall,3000,19795.0,841.0,398.0,1826.0,985.0,6648.0
dense_regional_deterministic,0.5,tcn,20261001,teamfight,30,europe,1500,9978.0,391.0,195.0,868.0,477.0,3351.0
dense_regional_deterministic,0.5,tcn,20261001,teamfight,30,americas,1500,9817.0,450.0,203.0,958.0,508.0,3297.0
dense_regional_deterministic,0.5,tcn,20261002,baron,30,overall,3000,3241.0,841.0,484.0,2037.0,1196.0,1091.0
dense_regional_deterministic,0.5,tcn,20261002,baron,30,europe,1500,1610.0,441.0,258.0,1015.0,574.0,558.0
dense_regional_deterministic,0.5,tcn,20261002,baron,30,americas,1500,1631.0,400.0,226.0,1022.0,622.0,533.0
dense_regional_deterministic,0.5,tcn,20261002,dragon,30,overall,3000,11329.0,1675.0,905.0,2432.0,757.0,3736.0
dense_regional_deterministic,0.5,tcn,20261002,dragon,30,europe,1500,5578.0,786.0,427.0,1159.0,373.0,1834.0
dense_regional_deterministic,0.5,tcn,20261002,dragon,30,americas,1500,5751.0,889.0,478.0,1273.0,384.0,1902.0
dense_regional_deterministic,0.5,tcn,20261002,teamfight,30,overall,3000,19795.0,829.0,397.0,1828.0,999.0,6648.0
dense_regional_deterministic,0.5,tcn,20261002,teamfight,30,europe,1500,9978.0,384.0,188.0,888.0,504.0,3351.0
dense_regional_deterministic,0.5,tcn,20261002,teamfight,30,americas,1500,9817.0,445.0,209.0,940.0,495.0,3297.0
dense_regional_deterministic,0.75,tcn,20260930,baron,30,overall,3000,3241.0,1002.0,601.0,2948.0,1946.0,1091.0
dense_regional_deterministic,0.75,tcn,20260930,baron,30,europe,1500,1610.0,519.0,313.0,1459.0,940.0,558.0
dense_regional_deterministic,0.75,tcn,20260930,baron,30,americas,1500,1631.0,483.0,288.0,1489.0,1006.0,533.0
dense_regional_deterministic,0.75,tcn,20260930,dragon,30,overall,3000,11329.0,2347.0,1321.0,3606.0,1259.0,3736.0
dense_regional_deterministic,0.75,tcn,20260930,dragon,30,europe,1500,5578.0,1139.0,640.0,1785.0,646.0,1834.0
dense_regional_deterministic,0.75,tcn,20260930,dragon,30,americas,1500,5751.0,1208.0,681.0,1821.0,613.0,1902.0
dense_regional_deterministic,0.75,tcn,20260930,teamfight,30,overall,3000,19795.0,1107.0,546.0,2632.0,1525.0,6648.0
dense_regional_deterministic,0.75,tcn,20260930,teamfight,30,europe,1500,9978.0,523.0,267.0,1260.0,737.0,3351.0
dense_regional_deterministic,0.75,tcn,20260930,teamfight,30,americas,1500,9817.0,584.0,279.0,1372.0,788.0,3297.0
dense_regional_deterministic,0.75,tcn,20261001,baron,30,overall,3000,3241.0,1010.0,609.0,2883.0,1873.0,1091.0
dense_regional_deterministic,0.75,tcn,20261001,baron,30,europe,1500,1610.0,520.0,311.0,1446.0,926.0,558.0
dense_regional_deterministic,0.75,tcn,20261001,baron,30,americas,1500,1631.0,490.0,298.0,1437.0,947.0,533.0
dense_regional_deterministic,0.75,tcn,20261001,dragon,30,overall,3000,11329.0,2302.0,1284.0,3523.0,1221.0,3736.0
dense_regional_deterministic,0.75,tcn,20261001,dragon,30,europe,1500,5578.0,1103.0,614.0,1723.0,620.0,1834.0
dense_regional_deterministic,0.75,tcn,20261001,dragon,30,americas,1500,5751.0,1199.0,670.0,1800.0,601.0,1902.0
dense_regional_deterministic,0.75,tcn,20261001,teamfight,30,overall,3000,19795.0,1145.0,571.0,2702.0,1557.0,6648.0
dense_regional_deterministic,0.75,tcn,20261001,teamfight,30,europe,1500,9978.0,539.0,283.0,1318.0,779.0,3351.0
dense_regional_deterministic,0.75,tcn,20261001,teamfight,30,americas,1500,9817.0,606.0,288.0,1384.0,778.0,3297.0
dense_regional_deterministic,0.75,tcn,20261002,baron,30,overall,3000,3241.0,1010.0,598.0,2982.0,1972.0,1091.0
dense_regional_deterministic,0.75,tcn,20261002,baron,30,europe,1500,1610.0,526.0,314.0,1501.0,975.0,558.0
dense_regional_deterministic,0.75,tcn,20261002,baron,30,americas,1500,1631.0,484.0,284.0,1481.0,997.0,533.0
dense_regional_deterministic,0.75,tcn,20261002,dragon,30,overall,3000,11329.0,2348.0,1310.0,3610.0,1262.0,3736.0
dense_regional_deterministic,0.75,tcn,20261002,dragon,30,europe,1500,5578.0,1119.0,620.0,1752.0,633.0,1834.0
dense_regional_deterministic,0.75,tcn,20261002,dragon,30,americas,1500,5751.0,1229.0,690.0,1858.0,629.0,1902.0
dense_regional_deterministic,0.75,tcn,20261002,teamfight,30,overall,3000,19795.0,1122.0,550.0,2648.0,1526.0,6648.0
dense_regional_deterministic,0.75,tcn,20261002,teamfight,30,europe,1500,9978.0,529.0,269.0,1262.0,733.0,3351.0
dense_regional_deterministic,0.75,tcn,20261002,teamfight,30,americas,1500,9817.0,593.0,281.0,1386.0,793.0,3297.0
dense_regional_deterministic,1.0,tcn,20260930,baron,30,overall,3000,3241.0,1145.0,698.0,3792.0,2647.0,1091.0
dense_regional_deterministic,1.0,tcn,20260930,baron,30,europe,1500,1610.0,586.0,358.0,1845.0,1259.0,558.0
dense_regional_deterministic,1.0,tcn,20260930,baron,30,americas,1500,1631.0,559.0,340.0,1947.0,1388.0,533.0
dense_regional_deterministic,1.0,tcn,20260930,dragon,30,overall,3000,11329.0,2892.0,1677.0,4692.0,1800.0,3736.0
dense_regional_deterministic,1.0,tcn,20260930,dragon,30,europe,1500,5578.0,1409.0,818.0,2322.0,913.0,1834.0
dense_regional_deterministic,1.0,tcn,20260930,dragon,30,americas,1500,5751.0,1483.0,859.0,2370.0,887.0,1902.0
dense_regional_deterministic,1.0,tcn,20260930,teamfight,30,overall,3000,19795.0,1440.0,728.0,3606.0,2166.0,6648.0
dense_regional_deterministic,1.0,tcn,20260930,teamfight,30,europe,1500,9978.0,688.0,362.0,1718.0,1030.0,3351.0
dense_regional_deterministic,1.0,tcn,20260930,teamfight,30,americas,1500,9817.0,752.0,366.0,1888.0,1136.0,3297.0
dense_regional_deterministic,1.0,tcn,20261001,baron,30,overall,3000,3241.0,1135.0,693.0,3758.0,2623.0,1091.0
dense_regional_deterministic,1.0,tcn,20261001,baron,30,europe,1500,1610.0,580.0,353.0,1863.0,1283.0,558.0
dense_regional_deterministic,1.0,tcn,20261001,baron,30,americas,1500,1631.0,555.0,340.0,1895.0,1340.0,533.0
dense_regional_deterministic,1.0,tcn,20261001,dragon,30,overall,3000,11329.0,2882.0,1674.0,4687.0,1805.0,3736.0
dense_regional_deterministic,1.0,tcn,20261001,dragon,30,europe,1500,5578.0,1395.0,809.0,2313.0,918.0,1834.0
dense_regional_deterministic,1.0,tcn,20261001,dragon,30,americas,1500,5751.0,1487.0,865.0,2374.0,887.0,1902.0
dense_regional_deterministic,1.0,tcn,20261001,teamfight,30,overall,3000,19795.0,1439.0,716.0,3592.0,2153.0,6648.0
dense_regional_deterministic,1.0,tcn,20261001,teamfight,30,europe,1500,9978.0,692.0,360.0,1744.0,1052.0,3351.0
dense_regional_deterministic,1.0,tcn,20261001,teamfight,30,americas,1500,9817.0,747.0,356.0,1848.0,1101.0,3297.0
dense_regional_deterministic,1.0,tcn,20261002,baron,30,overall,3000,3241.0,1120.0,679.0,3807.0,2687.0,1091.0
dense_regional_deterministic,1.0,tcn,20261002,baron,30,europe,1500,1610.0,575.0,348.0,1870.0,1295.0,558.0
dense_regional_deterministic,1.0,tcn,20261002,baron,30,americas,1500,1631.0,545.0,331.0,1937.0,1392.0,533.0
dense_regional_deterministic,1.0,tcn,20261002,dragon,30,overall,3000,11329.0,2895.0,1698.0,4714.0,1819.0,3736.0
dense_regional_deterministic,1.0,tcn,20261002,dragon,30,europe,1500,5578.0,1391.0,812.0,2305.0,914.0,1834.0
dense_regional_deterministic,1.0,tcn,20261002,dragon,30,americas,1500,5751.0,1504.0,886.0,2409.0,905.0,1902.0
dense_regional_deterministic,1.0,tcn,20261002,teamfight,30,overall,3000,19795.0,1440.0,725.0,3597.0,2157.0,6648.0
dense_regional_deterministic,1.0,tcn,20261002,teamfight,30,europe,1500,9978.0,679.0,357.0,1711.0,1032.0,3351.0
dense_regional_deterministic,1.0,tcn,20261002,teamfight,30,americas,1500,9817.0,761.0,368.0,1886.0,1125.0,3297.0
dense_regional_deterministic,0.25,tcn,20260930,baron,60,overall,3000,3241.0,625.0,178.0,943.0,318.0,2152.0
dense_regional_deterministic,0.25,tcn,20260930,baron,60,europe,1500,1610.0,346.0,96.0,491.0,145.0,1048.0
dense_regional_deterministic,0.25,tcn,20260930,baron,60,americas,1500,1631.0,279.0,82.0,452.0,173.0,1104.0
dense_regional_deterministic,0.25,tcn,20260930,dragon,60,overall,3000,11329.0,895.0,271.0,971.0,76.0,7555.0
dense_regional_deterministic,0.25,tcn,20260930,dragon,60,europe,1500,5578.0,500.0,166.0,547.0,47.0,3749.0
dense_regional_deterministic,0.25,tcn,20260930,dragon,60,americas,1500,5751.0,395.0,105.0,424.0,29.0,3806.0
dense_regional_deterministic,0.25,tcn,20260930,teamfight,60,overall,3000,19795.0,582.0,226.0,910.0,328.0,13137.0
dense_regional_deterministic,0.25,tcn,20260930,teamfight,60,europe,1500,9978.0,264.0,103.0,415.0,151.0,6630.0
dense_regional_deterministic,0.25,tcn,20260930,teamfight,60,americas,1500,9817.0,318.0,123.0,495.0,177.0,6507.0
dense_regional_deterministic,0.25,tcn,20261001,baron,60,overall,3000,3241.0,603.0,162.0,937.0,334.0,2152.0
dense_regional_deterministic,0.25,tcn,20261001,baron,60,europe,1500,1610.0,326.0,82.0,474.0,148.0,1048.0
dense_regional_deterministic,0.25,tcn,20261001,baron,60,americas,1500,1631.0,277.0,80.0,463.0,186.0,1104.0
dense_regional_deterministic,0.25,tcn,20261001,dragon,60,overall,3000,11329.0,916.0,285.0,1008.0,92.0,7555.0
dense_regional_deterministic,0.25,tcn,20261001,dragon,60,europe,1500,5578.0,440.0,147.0,488.0,48.0,3749.0
dense_regional_deterministic,0.25,tcn,20261001,dragon,60,americas,1500,5751.0,476.0,138.0,520.0,44.0,3806.0
dense_regional_deterministic,0.25,tcn,20261001,teamfight,60,overall,3000,19795.0,586.0,232.0,917.0,331.0,13137.0
dense_regional_deterministic,0.25,tcn,20261001,teamfight,60,europe,1500,9978.0,267.0,108.0,429.0,162.0,6630.0
dense_regional_deterministic,0.25,tcn,20261001,teamfight,60,americas,1500,9817.0,319.0,124.0,488.0,169.0,6507.0
dense_regional_deterministic,0.25,tcn,20261002,baron,60,overall,3000,3241.0,615.0,193.0,915.0,300.0,2152.0
dense_regional_deterministic,0.25,tcn,20261002,baron,60,europe,1500,1610.0,317.0,97.0,447.0,130.0,1048.0
dense_regional_deterministic,0.25,tcn,20261002,baron,60,americas,1500,1631.0,298.0,96.0,468.0,170.0,1104.0
dense_regional_deterministic,0.25,tcn,20261002,dragon,60,overall,3000,11329.0,884.0,277.0,987.0,103.0,7555.0
dense_regional_deterministic,0.25,tcn,20261002,dragon,60,europe,1500,5578.0,431.0,146.0,482.0,51.0,3749.0
dense_regional_deterministic,0.25,tcn,20261002,dragon,60,americas,1500,5751.0,453.0,131.0,505.0,52.0,3806.0
dense_regional_deterministic,0.25,tcn,20261002,teamfight,60,overall,3000,19795.0,577.0,221.0,909.0,332.0,13137.0
dense_regional_deterministic,0.25,tcn,20261002,teamfight,60,europe,1500,9978.0,270.0,110.0,426.0,156.0,6630.0
dense_regional_deterministic,0.25,tcn,20261002,teamfight,60,americas,1500,9817.0,307.0,111.0,483.0,176.0,6507.0
dense_regional_deterministic,0.5,tcn,20260930,baron,60,overall,3000,3241.0,1052.0,411.0,1947.0,895.0,2152.0
dense_regional_deterministic,0.5,tcn,20260930,baron,60,europe,1500,1610.0,549.0,207.0,976.0,427.0,1048.0
dense_regional_deterministic,0.5,tcn,20260930,baron,60,americas,1500,1631.0,503.0,204.0,971.0,468.0,1104.0
dense_regional_deterministic,0.5,tcn,20260930,dragon,60,overall,3000,11329.0,1914.0,722.0,2159.0,245.0,7555.0
dense_regional_deterministic,0.5,tcn,20260930,dragon,60,europe,1500,5578.0,935.0,371.0,1048.0,113.0,3749.0
dense_regional_deterministic,0.5,tcn,20260930,dragon,60,americas,1500,5751.0,979.0,351.0,1111.0,132.0,3806.0
dense_regional_deterministic,0.5,tcn,20260930,teamfight,60,overall,3000,19795.0,1095.0,486.0,1854.0,759.0,13137.0
dense_regional_deterministic,0.5,tcn,20260930,teamfight,60,europe,1500,9978.0,500.0,226.0,847.0,347.0,6630.0
dense_regional_deterministic,0.5,tcn,20260930,teamfight,60,americas,1500,9817.0,595.0,260.0,1007.0,412.0,6507.0
dense_regional_deterministic,0.5,tcn,20261001,baron,60,overall,3000,3241.0,1062.0,412.0,1951.0,889.0,2152.0
dense_regional_deterministic,0.5,tcn,20261001,baron,60,europe,1500,1610.0,562.0,217.0,989.0,427.0,1048.0
dense_regional_deterministic,0.5,tcn,20261001,baron,60,americas,1500,1631.0,500.0,195.0,962.0,462.0,1104.0
dense_regional_deterministic,0.5,tcn,20261001,dragon,60,overall,3000,11329.0,1978.0,726.0,2251.0,273.0,7555.0
dense_regional_deterministic,0.5,tcn,20261001,dragon,60,europe,1500,5578.0,1002.0,388.0,1144.0,142.0,3749.0
dense_regional_deterministic,0.5,tcn,20261001,dragon,60,americas,1500,5751.0,976.0,338.0,1107.0,131.0,3806.0
dense_regional_deterministic,0.5,tcn,20261001,teamfight,60,overall,3000,19795.0,1112.0,484.0,1860.0,748.0,13137.0
dense_regional_deterministic,0.5,tcn,20261001,teamfight,60,europe,1500,9978.0,491.0,217.0,826.0,335.0,6630.0
dense_regional_deterministic,0.5,tcn,20261001,teamfight,60,americas,1500,9817.0,621.0,267.0,1034.0,413.0,6507.0
dense_regional_deterministic,0.5,tcn,20261002,baron,60,overall,3000,3241.0,1053.0,410.0,1953.0,900.0,2152.0
dense_regional_deterministic,0.5,tcn,20261002,baron,60,europe,1500,1610.0,560.0,221.0,988.0,428.0,1048.0
dense_regional_deterministic,0.5,tcn,20261002,baron,60,americas,1500,1631.0,493.0,189.0,965.0,472.0,1104.0
dense_regional_deterministic,0.5,tcn,20261002,dragon,60,overall,3000,11329.0,2014.0,763.0,2286.0,272.0,7555.0
dense_regional_deterministic,0.5,tcn,20261002,dragon,60,europe,1500,5578.0,1047.0,426.0,1188.0,141.0,3749.0
dense_regional_deterministic,0.5,tcn,20261002,dragon,60,americas,1500,5751.0,967.0,337.0,1098.0,131.0,3806.0
dense_regional_deterministic,0.5,tcn,20261002,teamfight,60,overall,3000,19795.0,1155.0,527.0,1937.0,782.0,13137.0
dense_regional_deterministic,0.5,tcn,20261002,teamfight,60,europe,1500,9978.0,542.0,258.0,905.0,363.0,6630.0
dense_regional_deterministic,0.5,tcn,20261002,teamfight,60,americas,1500,9817.0,613.0,269.0,1032.0,419.0,6507.0
dense_regional_deterministic,0.75,tcn,20260930,baron,60,overall,3000,3241.0,1429.0,662.0,3015.0,1586.0,2152.0
dense_regional_deterministic,0.75,tcn,20260930,baron,60,europe,1500,1610.0,729.0,333.0,1488.0,759.0,1048.0
dense_regional_deterministic,0.75,tcn,20260930,baron,60,americas,1500,1631.0,700.0,329.0,1527.0,827.0,1104.0
dense_regional_deterministic,0.75,tcn,20260930,dragon,60,overall,3000,11329.0,2929.0,1232.0,3437.0,508.0,7555.0
dense_regional_deterministic,0.75,tcn,20260930,dragon,60,europe,1500,5578.0,1510.0,670.0,1775.0,265.0,3749.0
dense_regional_deterministic,0.75,tcn,20260930,dragon,60,americas,1500,5751.0,1419.0,562.0,1662.0,243.0,3806.0
dense_regional_deterministic,0.75,tcn,20260930,teamfight,60,overall,3000,19795.0,1635.0,780.0,2879.0,1244.0,13137.0
dense_regional_deterministic,0.75,tcn,20260930,teamfight,60,europe,1500,9978.0,789.0,392.0,1368.0,579.0,6630.0
dense_regional_deterministic,0.75,tcn,20260930,teamfight,60,americas,1500,9817.0,846.0,388.0,1511.0,665.0,6507.0
dense_regional_deterministic,0.75,tcn,20261001,baron,60,overall,3000,3241.0,1400.0,638.0,2889.0,1489.0,2152.0
dense_regional_deterministic,0.75,tcn,20261001,baron,60,europe,1500,1610.0,730.0,339.0,1463.0,733.0,1048.0
dense_regional_deterministic,0.75,tcn,20261001,baron,60,americas,1500,1631.0,670.0,299.0,1426.0,756.0,1104.0
dense_regional_deterministic,0.75,tcn,20261001,dragon,60,overall,3000,11329.0,2985.0,1259.0,3492.0,507.0,7555.0
dense_regional_deterministic,0.75,tcn,20261001,dragon,60,europe,1500,5578.0,1511.0,673.0,1766.0,255.0,3749.0
dense_regional_deterministic,0.75,tcn,20261001,dragon,60,americas,1500,5751.0,1474.0,586.0,1726.0,252.0,3806.0
dense_regional_deterministic,0.75,tcn,20261001,teamfight,60,overall,3000,19795.0,1656.0,778.0,2884.0,1228.0,13137.0
dense_regional_deterministic,0.75,tcn,20261001,teamfight,60,europe,1500,9978.0,760.0,368.0,1311.0,551.0,6630.0
dense_regional_deterministic,0.75,tcn,20261001,teamfight,60,americas,1500,9817.0,896.0,410.0,1573.0,677.0,6507.0
dense_regional_deterministic,0.75,tcn,20261002,baron,60,overall,3000,3241.0,1410.0,648.0,2973.0,1563.0,2152.0
dense_regional_deterministic,0.75,tcn,20261002,baron,60,europe,1500,1610.0,743.0,344.0,1503.0,760.0,1048.0
dense_regional_deterministic,0.75,tcn,20261002,baron,60,americas,1500,1631.0,667.0,304.0,1470.0,803.0,1104.0
dense_regional_deterministic,0.75,tcn,20261002,dragon,60,overall,3000,11329.0,3052.0,1331.0,3561.0,509.0,7555.0
dense_regional_deterministic,0.75,tcn,20261002,dragon,60,europe,1500,5578.0,1573.0,724.0,1831.0,258.0,3749.0
dense_regional_deterministic,0.75,tcn,20261002,dragon,60,americas,1500,5751.0,1479.0,607.0,1730.0,251.0,3806.0
dense_regional_deterministic,0.75,tcn,20261002,teamfight,60,overall,3000,19795.0,1721.0,849.0,2977.0,1256.0,13137.0
dense_regional_deterministic,0.75,tcn,20261002,teamfight,60,europe,1500,9978.0,830.0,430.0,1435.0,605.0,6630.0
dense_regional_deterministic,0.75,tcn,20261002,teamfight,60,americas,1500,9817.0,891.0,419.0,1542.0,651.0,6507.0
dense_regional_deterministic,1.0,tcn,20260930,baron,60,overall,3000,3241.0,1714.0,861.0,3961.0,2247.0,2152.0
dense_regional_deterministic,1.0,tcn,20260930,baron,60,europe,1500,1610.0,883.0,442.0,1985.0,1102.0,1048.0
dense_regional_deterministic,1.0,tcn,20260930,baron,60,americas,1500,1631.0,831.0,419.0,1976.0,1145.0,1104.0
dense_regional_deterministic,1.0,tcn,20260930,dragon,60,overall,3000,11329.0,4228.0,2026.0,5090.0,862.0,7555.0
dense_regional_deterministic,1.0,tcn,20260930,dragon,60,europe,1500,5578.0,2147.0,1079.0,2602.0,455.0,3749.0
dense_regional_deterministic,1.0,tcn,20260930,dragon,60,americas,1500,5751.0,2081.0,947.0,2488.0,407.0,3806.0
dense_regional_deterministic,1.0,tcn,20260930,teamfight,60,overall,3000,19795.0,2115.0,1052.0,3867.0,1752.0,13137.0
dense_regional_deterministic,1.0,tcn,20260930,teamfight,60,europe,1500,9978.0,1053.0,549.0,1877.0,824.0,6630.0
dense_regional_deterministic,1.0,tcn,20260930,teamfight,60,americas,1500,9817.0,1062.0,503.0,1990.0,928.0,6507.0
dense_regional_deterministic,1.0,tcn,20261001,baron,60,overall,3000,3241.0,1698.0,860.0,3941.0,2243.0,2152.0
dense_regional_deterministic,1.0,tcn,20261001,baron,60,europe,1500,1610.0,875.0,440.0,1983.0,1108.0,1048.0
dense_regional_deterministic,1.0,tcn,20261001,baron,60,americas,1500,1631.0,823.0,420.0,1958.0,1135.0,1104.0
dense_regional_deterministic,1.0,tcn,20261001,dragon,60,overall,3000,11329.0,4105.0,1931.0,4945.0,840.0,7555.0
dense_regional_deterministic,1.0,tcn,20261001,dragon,60,europe,1500,5578.0,2094.0,1037.0,2534.0,440.0,3749.0
dense_regional_deterministic,1.0,tcn,20261001,dragon,60,americas,1500,5751.0,2011.0,894.0,2411.0,400.0,3806.0
dense_regional_deterministic,1.0,tcn,20261001,teamfight,60,overall,3000,19795.0,2196.0,1068.0,3998.0,1802.0,13137.0
dense_regional_deterministic,1.0,tcn,20261001,teamfight,60,europe,1500,9978.0,1072.0,543.0,1919.0,847.0,6630.0
dense_regional_deterministic,1.0,tcn,20261001,teamfight,60,americas,1500,9817.0,1124.0,525.0,2079.0,955.0,6507.0
dense_regional_deterministic,1.0,tcn,20261002,baron,60,overall,3000,3241.0,1704.0,866.0,3944.0,2240.0,2152.0
dense_regional_deterministic,1.0,tcn,20261002,baron,60,europe,1500,1610.0,884.0,446.0,1973.0,1089.0,1048.0
dense_regional_deterministic,1.0,tcn,20261002,baron,60,americas,1500,1631.0,820.0,420.0,1971.0,1151.0,1104.0
dense_regional_deterministic,1.0,tcn,20261002,dragon,60,overall,3000,11329.0,4129.0,1986.0,4970.0,841.0,7555.0
dense_regional_deterministic,1.0,tcn,20261002,dragon,60,europe,1500,5578.0,2162.0,1093.0,2610.0,448.0,3749.0
dense_regional_deterministic,1.0,tcn,20261002,dragon,60,americas,1500,5751.0,1967.0,893.0,2360.0,393.0,3806.0
dense_regional_deterministic,1.0,tcn,20261002,teamfight,60,overall,3000,19795.0,2137.0,1069.0,3849.0,1712.0,13137.0
dense_regional_deterministic,1.0,tcn,20261002,teamfight,60,europe,1500,9978.0,1061.0,558.0,1870.0,809.0,6630.0
dense_regional_deterministic,1.0,tcn,20261002,teamfight,60,americas,1500,9817.0,1076.0,511.0,1979.0,903.0,6507.0
dense_regional_deterministic,0.25,timely_leagueews,20260930,baron,30,overall,3000,3241.0,589.0,329.0,1072.0,483.0,1091.0
dense_regional_deterministic,0.25,timely_leagueews,20260930,baron,30,europe,1500,1610.0,310.0,170.0,534.0,224.0,558.0
dense_regional_deterministic,0.25,timely_leagueews,20260930,baron,30,americas,1500,1631.0,279.0,159.0,538.0,259.0,533.0
dense_regional_deterministic,0.25,timely_leagueews,20260930,dragon,30,overall,3000,11329.0,875.0,630.0,1427.0,552.0,3736.0
dense_regional_deterministic,0.25,timely_leagueews,20260930,dragon,30,europe,1500,5578.0,402.0,287.0,674.0,272.0,1834.0
dense_regional_deterministic,0.25,timely_leagueews,20260930,dragon,30,americas,1500,5751.0,473.0,343.0,753.0,280.0,1902.0
dense_regional_deterministic,0.25,timely_leagueews,20260930,teamfight,30,overall,3000,19795.0,409.0,252.0,967.0,558.0,6648.0
dense_regional_deterministic,0.25,timely_leagueews,20260930,teamfight,30,europe,1500,9978.0,187.0,117.0,462.0,275.0,3351.0
dense_regional_deterministic,0.25,timely_leagueews,20260930,teamfight,30,americas,1500,9817.0,222.0,135.0,505.0,283.0,3297.0
dense_regional_deterministic,0.25,timely_leagueews,20261001,baron,30,overall,3000,3241.0,597.0,327.0,1076.0,479.0,1091.0
dense_regional_deterministic,0.25,timely_leagueews,20261001,baron,30,europe,1500,1610.0,313.0,169.0,520.0,207.0,558.0
dense_regional_deterministic,0.25,timely_leagueews,20261001,baron,30,americas,1500,1631.0,284.0,158.0,556.0,272.0,533.0
dense_regional_deterministic,0.25,timely_leagueews,20261001,dragon,30,overall,3000,11329.0,801.0,609.0,1369.0,568.0,3736.0
dense_regional_deterministic,0.25,timely_leagueews,20261001,dragon,30,europe,1500,5578.0,365.0,276.0,625.0,260.0,1834.0
dense_regional_deterministic,0.25,timely_leagueews,20261001,dragon,30,americas,1500,5751.0,436.0,333.0,744.0,308.0,1902.0
dense_regional_deterministic,0.25,timely_leagueews,20261001,teamfight,30,overall,3000,19795.0,379.0,234.0,941.0,562.0,6648.0
dense_regional_deterministic,0.25,timely_leagueews,20261001,teamfight,30,europe,1500,9978.0,181.0,116.0,453.0,272.0,3351.0
dense_regional_deterministic,0.25,timely_leagueews,20261001,teamfight,30,americas,1500,9817.0,198.0,118.0,488.0,290.0,3297.0
dense_regional_deterministic,0.25,timely_leagueews,20261002,baron,30,overall,3000,3241.0,568.0,308.0,1016.0,448.0,1091.0
dense_regional_deterministic,0.25,timely_leagueews,20261002,baron,30,europe,1500,1610.0,304.0,164.0,505.0,201.0,558.0
dense_regional_deterministic,0.25,timely_leagueews,20261002,baron,30,americas,1500,1631.0,264.0,144.0,511.0,247.0,533.0
dense_regional_deterministic,0.25,timely_leagueews,20261002,dragon,30,overall,3000,11329.0,843.0,625.0,1382.0,539.0,3736.0
dense_regional_deterministic,0.25,timely_leagueews,20261002,dragon,30,europe,1500,5578.0,383.0,286.0,634.0,251.0,1834.0
dense_regional_deterministic,0.25,timely_leagueews,20261002,dragon,30,americas,1500,5751.0,460.0,339.0,748.0,288.0,1902.0
dense_regional_deterministic,0.25,timely_leagueews,20261002,teamfight,30,overall,3000,19795.0,371.0,239.0,909.0,538.0,6648.0
dense_regional_deterministic,0.25,timely_leagueews,20261002,teamfight,30,europe,1500,9978.0,185.0,118.0,445.0,260.0,3351.0
dense_regional_deterministic,0.25,timely_leagueews,20261002,teamfight,30,americas,1500,9817.0,186.0,121.0,464.0,278.0,3297.0
dense_regional_deterministic,0.5,timely_leagueews,20260930,baron,30,overall,3000,3241.0,837.0,493.0,1969.0,1132.0,1091.0
dense_regional_deterministic,0.5,timely_leagueews,20260930,baron,30,europe,1500,1610.0,434.0,248.0,972.0,538.0,558.0
dense_regional_deterministic,0.5,timely_leagueews,20260930,baron,30,americas,1500,1631.0,403.0,245.0,997.0,594.0,533.0
dense_regional_deterministic,0.5,timely_leagueews,20260930,dragon,30,overall,3000,11329.0,1506.0,1007.0,2464.0,958.0,3736.0
dense_regional_deterministic,0.5,timely_leagueews,20260930,dragon,30,europe,1500,5578.0,706.0,474.0,1193.0,487.0,1834.0
dense_regional_deterministic,0.5,timely_leagueews,20260930,dragon,30,americas,1500,5751.0,800.0,533.0,1271.0,471.0,1902.0
dense_regional_deterministic,0.5,timely_leagueews,20260930,teamfight,30,overall,3000,19795.0,733.0,445.0,1865.0,1132.0,6648.0
dense_regional_deterministic,0.5,timely_leagueews,20260930,teamfight,30,europe,1500,9978.0,341.0,215.0,909.0,568.0,3351.0
dense_regional_deterministic,0.5,timely_leagueews,20260930,teamfight,30,americas,1500,9817.0,392.0,230.0,956.0,564.0,3297.0
dense_regional_deterministic,0.5,timely_leagueews,20261001,baron,30,overall,3000,3241.0,840.0,497.0,2028.0,1188.0,1091.0
dense_regional_deterministic,0.5,timely_leagueews,20261001,baron,30,europe,1500,1610.0,435.0,254.0,987.0,552.0,558.0
dense_regional_deterministic,0.5,timely_leagueews,20261001,baron,30,americas,1500,1631.0,405.0,243.0,1041.0,636.0,533.0
dense_regional_deterministic,0.5,timely_leagueews,20261001,dragon,30,overall,3000,11329.0,1463.0,1006.0,2491.0,1028.0,3736.0
dense_regional_deterministic,0.5,timely_leagueews,20261001,dragon,30,europe,1500,5578.0,677.0,466.0,1183.0,506.0,1834.0
dense_regional_deterministic,0.5,timely_leagueews,20261001,dragon,30,americas,1500,5751.0,786.0,540.0,1308.0,522.0,1902.0
dense_regional_deterministic,0.5,timely_leagueews,20261001,teamfight,30,overall,3000,19795.0,720.0,443.0,1862.0,1142.0,6648.0
dense_regional_deterministic,0.5,timely_leagueews,20261001,teamfight,30,europe,1500,9978.0,341.0,220.0,893.0,552.0,3351.0
dense_regional_deterministic,0.5,timely_leagueews,20261001,teamfight,30,americas,1500,9817.0,379.0,223.0,969.0,590.0,3297.0
dense_regional_deterministic,0.5,timely_leagueews,20261002,baron,30,overall,3000,3241.0,815.0,467.0,1924.0,1109.0,1091.0
dense_regional_deterministic,0.5,timely_leagueews,20261002,baron,30,europe,1500,1610.0,422.0,237.0,952.0,530.0,558.0
dense_regional_deterministic,0.5,timely_leagueews,20261002,baron,30,americas,1500,1631.0,393.0,230.0,972.0,579.0,533.0
dense_regional_deterministic,0.5,timely_leagueews,20261002,dragon,30,overall,3000,11329.0,1480.0,1009.0,2474.0,994.0,3736.0
dense_regional_deterministic,0.5,timely_leagueews,20261002,dragon,30,europe,1500,5578.0,693.0,470.0,1193.0,500.0,1834.0
dense_regional_deterministic,0.5,timely_leagueews,20261002,dragon,30,americas,1500,5751.0,787.0,539.0,1281.0,494.0,1902.0
dense_regional_deterministic,0.5,timely_leagueews,20261002,teamfight,30,overall,3000,19795.0,684.0,432.0,1812.0,1128.0,6648.0
dense_regional_deterministic,0.5,timely_leagueews,20261002,teamfight,30,europe,1500,9978.0,330.0,210.0,875.0,545.0,3351.0
dense_regional_deterministic,0.5,timely_leagueews,20261002,teamfight,30,americas,1500,9817.0,354.0,222.0,937.0,583.0,3297.0
dense_regional_deterministic,0.75,timely_leagueews,20260930,baron,30,overall,3000,3241.0,1037.0,628.0,2948.0,1911.0,1091.0
dense_regional_deterministic,0.75,timely_leagueews,20260930,baron,30,europe,1500,1610.0,541.0,327.0,1473.0,932.0,558.0
dense_regional_deterministic,0.75,timely_leagueews,20260930,baron,30,americas,1500,1631.0,496.0,301.0,1475.0,979.0,533.0
dense_regional_deterministic,0.75,timely_leagueews,20260930,dragon,30,overall,3000,11329.0,2147.0,1380.0,3563.0,1416.0,3736.0
dense_regional_deterministic,0.75,timely_leagueews,20260930,dragon,30,europe,1500,5578.0,1014.0,660.0,1719.0,705.0,1834.0
dense_regional_deterministic,0.75,timely_leagueews,20260930,dragon,30,americas,1500,5751.0,1133.0,720.0,1844.0,711.0,1902.0
dense_regional_deterministic,0.75,timely_leagueews,20260930,teamfight,30,overall,3000,19795.0,1033.0,622.0,2766.0,1733.0,6648.0
dense_regional_deterministic,0.75,timely_leagueews,20260930,teamfight,30,europe,1500,9978.0,497.0,312.0,1345.0,848.0,3351.0
dense_regional_deterministic,0.75,timely_leagueews,20260930,teamfight,30,americas,1500,9817.0,536.0,310.0,1421.0,885.0,3297.0
dense_regional_deterministic,0.75,timely_leagueews,20261001,baron,30,overall,3000,3241.0,1008.0,606.0,2918.0,1910.0,1091.0
dense_regional_deterministic,0.75,timely_leagueews,20261001,baron,30,europe,1500,1610.0,527.0,315.0,1456.0,929.0,558.0
dense_regional_deterministic,0.75,timely_leagueews,20261001,baron,30,americas,1500,1631.0,481.0,291.0,1462.0,981.0,533.0
dense_regional_deterministic,0.75,timely_leagueews,20261001,dragon,30,overall,3000,11329.0,2153.0,1425.0,3629.0,1476.0,3736.0
dense_regional_deterministic,0.75,timely_leagueews,20261001,dragon,30,europe,1500,5578.0,1047.0,698.0,1796.0,749.0,1834.0
dense_regional_deterministic,0.75,timely_leagueews,20261001,dragon,30,americas,1500,5751.0,1106.0,727.0,1833.0,727.0,1902.0
dense_regional_deterministic,0.75,timely_leagueews,20261001,teamfight,30,overall,3000,19795.0,1005.0,613.0,2754.0,1749.0,6648.0
dense_regional_deterministic,0.75,timely_leagueews,20261001,teamfight,30,europe,1500,9978.0,474.0,302.0,1316.0,842.0,3351.0
dense_regional_deterministic,0.75,timely_leagueews,20261001,teamfight,30,americas,1500,9817.0,531.0,311.0,1438.0,907.0,3297.0
dense_regional_deterministic,0.75,timely_leagueews,20261002,baron,30,overall,3000,3241.0,996.0,596.0,2877.0,1881.0,1091.0
dense_regional_deterministic,0.75,timely_leagueews,20261002,baron,30,europe,1500,1610.0,518.0,307.0,1445.0,927.0,558.0
dense_regional_deterministic,0.75,timely_leagueews,20261002,baron,30,americas,1500,1631.0,478.0,289.0,1432.0,954.0,533.0
dense_regional_deterministic,0.75,timely_leagueews,20261002,dragon,30,overall,3000,11329.0,2109.0,1377.0,3526.0,1417.0,3736.0
dense_regional_deterministic,0.75,timely_leagueews,20261002,dragon,30,europe,1500,5578.0,998.0,654.0,1719.0,721.0,1834.0
dense_regional_deterministic,0.75,timely_leagueews,20261002,dragon,30,americas,1500,5751.0,1111.0,723.0,1807.0,696.0,1902.0
dense_regional_deterministic,0.75,timely_leagueews,20261002,teamfight,30,overall,3000,19795.0,976.0,604.0,2680.0,1704.0,6648.0
dense_regional_deterministic,0.75,timely_leagueews,20261002,teamfight,30,europe,1500,9978.0,474.0,296.0,1320.0,846.0,3351.0
dense_regional_deterministic,0.75,timely_leagueews,20261002,teamfight,30,americas,1500,9817.0,502.0,308.0,1360.0,858.0,3297.0
dense_regional_deterministic,1.0,timely_leagueews,20260930,baron,30,overall,3000,3241.0,1151.0,712.0,3768.0,2617.0,1091.0
dense_regional_deterministic,1.0,timely_leagueews,20260930,baron,30,europe,1500,1610.0,592.0,366.0,1836.0,1244.0,558.0
dense_regional_deterministic,1.0,timely_leagueews,20260930,baron,30,americas,1500,1631.0,559.0,346.0,1932.0,1373.0,533.0
dense_regional_deterministic,1.0,timely_leagueews,20260930,dragon,30,overall,3000,11329.0,2739.0,1723.0,4631.0,1892.0,3736.0
dense_regional_deterministic,1.0,timely_leagueews,20260930,dragon,30,europe,1500,5578.0,1326.0,838.0,2273.0,947.0,1834.0
dense_regional_deterministic,1.0,timely_leagueews,20260930,dragon,30,americas,1500,5751.0,1413.0,885.0,2358.0,945.0,1902.0
dense_regional_deterministic,1.0,timely_leagueews,20260930,teamfight,30,overall,3000,19795.0,1324.0,793.0,3743.0,2419.0,6648.0
dense_regional_deterministic,1.0,timely_leagueews,20260930,teamfight,30,europe,1500,9978.0,629.0,388.0,1820.0,1191.0,3351.0
dense_regional_deterministic,1.0,timely_leagueews,20260930,teamfight,30,americas,1500,9817.0,695.0,405.0,1923.0,1228.0,3297.0
dense_regional_deterministic,1.0,timely_leagueews,20261001,baron,30,overall,3000,3241.0,1137.0,699.0,3714.0,2577.0,1091.0
dense_regional_deterministic,1.0,timely_leagueews,20261001,baron,30,europe,1500,1610.0,585.0,359.0,1853.0,1268.0,558.0
dense_regional_deterministic,1.0,timely_leagueews,20261001,baron,30,americas,1500,1631.0,552.0,340.0,1861.0,1309.0,533.0
dense_regional_deterministic,1.0,timely_leagueews,20261001,dragon,30,overall,3000,11329.0,2800.0,1794.0,4783.0,1983.0,3736.0
dense_regional_deterministic,1.0,timely_leagueews,20261001,dragon,30,europe,1500,5578.0,1376.0,896.0,2397.0,1021.0,1834.0
dense_regional_deterministic,1.0,timely_leagueews,20261001,dragon,30,americas,1500,5751.0,1424.0,898.0,2386.0,962.0,1902.0
dense_regional_deterministic,1.0,timely_leagueews,20261001,teamfight,30,overall,3000,19795.0,1277.0,774.0,3635.0,2358.0,6648.0
dense_regional_deterministic,1.0,timely_leagueews,20261001,teamfight,30,europe,1500,9978.0,640.0,405.0,1864.0,1224.0,3351.0
dense_regional_deterministic,1.0,timely_leagueews,20261001,teamfight,30,americas,1500,9817.0,637.0,369.0,1771.0,1134.0,3297.0
dense_regional_deterministic,1.0,timely_leagueews,20261002,baron,30,overall,3000,3241.0,1126.0,681.0,3713.0,2587.0,1091.0
dense_regional_deterministic,1.0,timely_leagueews,20261002,baron,30,europe,1500,1610.0,585.0,353.0,1851.0,1266.0,558.0
dense_regional_deterministic,1.0,timely_leagueews,20261002,baron,30,americas,1500,1631.0,541.0,328.0,1862.0,1321.0,533.0
dense_regional_deterministic,1.0,timely_leagueews,20261002,dragon,30,overall,3000,11329.0,2756.0,1759.0,4676.0,1920.0,3736.0
dense_regional_deterministic,1.0,timely_leagueews,20261002,dragon,30,europe,1500,5578.0,1342.0,865.0,2321.0,979.0,1834.0
dense_regional_deterministic,1.0,timely_leagueews,20261002,dragon,30,americas,1500,5751.0,1414.0,894.0,2355.0,941.0,1902.0
dense_regional_deterministic,1.0,timely_leagueews,20261002,teamfight,30,overall,3000,19795.0,1253.0,777.0,3624.0,2371.0,6648.0
dense_regional_deterministic,1.0,timely_leagueews,20261002,teamfight,30,europe,1500,9978.0,594.0,371.0,1745.0,1151.0,3351.0
dense_regional_deterministic,1.0,timely_leagueews,20261002,teamfight,30,americas,1500,9817.0,659.0,406.0,1879.0,1220.0,3297.0
dense_regional_deterministic,0.25,timely_leagueews,20260930,baron,60,overall,3000,3241.0,550.0,308.0,1090.0,540.0,2152.0
dense_regional_deterministic,0.25,timely_leagueews,20260930,baron,60,europe,1500,1610.0,299.0,161.0,578.0,279.0,1048.0
dense_regional_deterministic,0.25,timely_leagueews,20260930,baron,60,americas,1500,1631.0,251.0,147.0,512.0,261.0,1104.0
dense_regional_deterministic,0.25,timely_leagueews,20260930,dragon,60,overall,3000,11329.0,1397.0,1292.0,1975.0,578.0,7555.0
dense_regional_deterministic,0.25,timely_leagueews,20260930,dragon,60,europe,1500,5578.0,661.0,614.0,933.0,272.0,3749.0
dense_regional_deterministic,0.25,timely_leagueews,20260930,dragon,60,americas,1500,5751.0,736.0,678.0,1042.0,306.0,3806.0
dense_regional_deterministic,0.25,timely_leagueews,20260930,teamfight,60,overall,3000,19795.0,609.0,481.0,1200.0,591.0,13137.0
dense_regional_deterministic,0.25,timely_leagueews,20260930,teamfight,60,europe,1500,9978.0,341.0,276.0,654.0,313.0,6630.0
dense_regional_deterministic,0.25,timely_leagueews,20260930,teamfight,60,americas,1500,9817.0,268.0,205.0,546.0,278.0,6507.0
dense_regional_deterministic,0.25,timely_leagueews,20261001,baron,60,overall,3000,3241.0,520.0,283.0,1054.0,534.0,2152.0
dense_regional_deterministic,0.25,timely_leagueews,20261001,baron,60,europe,1500,1610.0,272.0,149.0,535.0,263.0,1048.0
dense_regional_deterministic,0.25,timely_leagueews,20261001,baron,60,americas,1500,1631.0,248.0,134.0,519.0,271.0,1104.0
dense_regional_deterministic,0.25,timely_leagueews,20261001,dragon,60,overall,3000,11329.0,1363.0,1277.0,1934.0,571.0,7555.0
dense_regional_deterministic,0.25,timely_leagueews,20261001,dragon,60,europe,1500,5578.0,638.0,597.0,901.0,263.0,3749.0
dense_regional_deterministic,0.25,timely_leagueews,20261001,dragon,60,americas,1500,5751.0,725.0,680.0,1033.0,308.0,3806.0
dense_regional_deterministic,0.25,timely_leagueews,20261001,teamfight,60,overall,3000,19795.0,589.0,471.0,1167.0,578.0,13137.0
dense_regional_deterministic,0.25,timely_leagueews,20261001,teamfight,60,europe,1500,9978.0,296.0,236.0,578.0,282.0,6630.0
dense_regional_deterministic,0.25,timely_leagueews,20261001,teamfight,60,americas,1500,9817.0,293.0,235.0,589.0,296.0,6507.0
dense_regional_deterministic,0.25,timely_leagueews,20261002,baron,60,overall,3000,3241.0,452.0,270.0,1027.0,575.0,2152.0
dense_regional_deterministic,0.25,timely_leagueews,20261002,baron,60,europe,1500,1610.0,222.0,132.0,502.0,280.0,1048.0
dense_regional_deterministic,0.25,timely_leagueews,20261002,baron,60,americas,1500,1631.0,230.0,138.0,525.0,295.0,1104.0
dense_regional_deterministic,0.25,timely_leagueews,20261002,dragon,60,overall,3000,11329.0,1360.0,1272.0,1926.0,566.0,7555.0
dense_regional_deterministic,0.25,timely_leagueews,20261002,dragon,60,europe,1500,5578.0,634.0,591.0,895.0,261.0,3749.0
dense_regional_deterministic,0.25,timely_leagueews,20261002,dragon,60,americas,1500,5751.0,726.0,681.0,1031.0,305.0,3806.0
dense_regional_deterministic,0.25,timely_leagueews,20261002,teamfight,60,overall,3000,19795.0,615.0,487.0,1225.0,610.0,13137.0
dense_regional_deterministic,0.25,timely_leagueews,20261002,teamfight,60,europe,1500,9978.0,342.0,276.0,674.0,332.0,6630.0
dense_regional_deterministic,0.25,timely_leagueews,20261002,teamfight,60,americas,1500,9817.0,273.0,211.0,551.0,278.0,6507.0
dense_regional_deterministic,0.5,timely_leagueews,20260930,baron,60,overall,3000,3241.0,981.0,540.0,2106.0,1125.0,2152.0
dense_regional_deterministic,0.5,timely_leagueews,20260930,baron,60,europe,1500,1610.0,502.0,280.0,1061.0,559.0,1048.0
dense_regional_deterministic,0.5,timely_leagueews,20260930,baron,60,americas,1500,1631.0,479.0,260.0,1045.0,566.0,1104.0
dense_regional_deterministic,0.5,timely_leagueews,20260930,dragon,60,overall,3000,11329.0,2465.0,2175.0,3544.0,1079.0,7555.0
dense_regional_deterministic,0.5,timely_leagueews,20260930,dragon,60,europe,1500,5578.0,1193.0,1054.0,1729.0,536.0,3749.0
dense_regional_deterministic,0.5,timely_leagueews,20260930,dragon,60,americas,1500,5751.0,1272.0,1121.0,1815.0,543.0,3806.0
dense_regional_deterministic,0.5,timely_leagueews,20260930,teamfight,60,overall,3000,19795.0,1092.0,864.0,2341.0,1249.0,13137.0
dense_regional_deterministic,0.5,timely_leagueews,20260930,teamfight,60,europe,1500,9978.0,552.0,443.0,1168.0,616.0,6630.0
dense_regional_deterministic,0.5,timely_leagueews,20260930,teamfight,60,americas,1500,9817.0,540.0,421.0,1173.0,633.0,6507.0
dense_regional_deterministic,0.5,timely_leagueews,20261001,baron,60,overall,3000,3241.0,900.0,505.0,1982.0,1082.0,2152.0
dense_regional_deterministic,0.5,timely_leagueews,20261001,baron,60,europe,1500,1610.0,470.0,268.0,1010.0,540.0,1048.0
dense_regional_deterministic,0.5,timely_leagueews,20261001,baron,60,americas,1500,1631.0,430.0,237.0,972.0,542.0,1104.0
dense_regional_deterministic,0.5,timely_leagueews,20261001,dragon,60,overall,3000,11329.0,2481.0,2206.0,3602.0,1121.0,7555.0
dense_regional_deterministic,0.5,timely_leagueews,20261001,dragon,60,europe,1500,5578.0,1200.0,1067.0,1760.0,560.0,3749.0
dense_regional_deterministic,0.5,timely_leagueews,20261001,dragon,60,americas,1500,5751.0,1281.0,1139.0,1842.0,561.0,3806.0
dense_regional_deterministic,0.5,timely_leagueews,20261001,teamfight,60,overall,3000,19795.0,1057.0,838.0,2219.0,1162.0,13137.0
dense_regional_deterministic,0.5,timely_leagueews,20261001,teamfight,60,europe,1500,9978.0,540.0,432.0,1118.0,578.0,6630.0
dense_regional_deterministic,0.5,timely_leagueews,20261001,teamfight,60,americas,1500,9817.0,517.0,406.0,1101.0,584.0,6507.0
dense_regional_deterministic,0.5,timely_leagueews,20261002,baron,60,overall,3000,3241.0,865.0,524.0,2071.0,1206.0,2152.0
dense_regional_deterministic,0.5,timely_leagueews,20261002,baron,60,europe,1500,1610.0,434.0,263.0,1015.0,581.0,1048.0
dense_regional_deterministic,0.5,timely_leagueews,20261002,baron,60,americas,1500,1631.0,431.0,261.0,1056.0,625.0,1104.0
dense_regional_deterministic,0.5,timely_leagueews,20261002,dragon,60,overall,3000,11329.0,2442.0,2187.0,3564.0,1122.0,7555.0
dense_regional_deterministic,0.5,timely_leagueews,20261002,dragon,60,europe,1500,5578.0,1190.0,1061.0,1751.0,561.0,3749.0
dense_regional_deterministic,0.5,timely_leagueews,20261002,dragon,60,americas,1500,5751.0,1252.0,1126.0,1813.0,561.0,3806.0
dense_regional_deterministic,0.5,timely_leagueews,20261002,teamfight,60,overall,3000,19795.0,1087.0,858.0,2259.0,1172.0,13137.0
dense_regional_deterministic,0.5,timely_leagueews,20261002,teamfight,60,europe,1500,9978.0,552.0,443.0,1124.0,572.0,6630.0
dense_regional_deterministic,0.5,timely_leagueews,20261002,teamfight,60,americas,1500,9817.0,535.0,415.0,1135.0,600.0,6507.0
dense_regional_deterministic,0.75,timely_leagueews,20260930,baron,60,overall,3000,3241.0,1327.0,743.0,3058.0,1731.0,2152.0
dense_regional_deterministic,0.75,timely_leagueews,20260930,baron,60,europe,1500,1610.0,688.0,389.0,1543.0,855.0,1048.0
dense_regional_deterministic,0.75,timely_leagueews,20260930,baron,60,americas,1500,1631.0,639.0,354.0,1515.0,876.0,1104.0
dense_regional_deterministic,0.75,timely_leagueews,20260930,dragon,60,overall,3000,11329.0,3478.0,2916.0,5097.0,1619.0,7555.0
dense_regional_deterministic,0.75,timely_leagueews,20260930,dragon,60,europe,1500,5578.0,1675.0,1411.0,2491.0,816.0,3749.0
dense_regional_deterministic,0.75,timely_leagueews,20260930,dragon,60,americas,1500,5751.0,1803.0,1505.0,2606.0,803.0,3806.0
dense_regional_deterministic,0.75,timely_leagueews,20260930,teamfight,60,overall,3000,19795.0,1610.0,1233.0,3483.0,1873.0,13137.0
dense_regional_deterministic,0.75,timely_leagueews,20260930,teamfight,60,europe,1500,9978.0,821.0,634.0,1741.0,920.0,6630.0
dense_regional_deterministic,0.75,timely_leagueews,20260930,teamfight,60,americas,1500,9817.0,789.0,599.0,1742.0,953.0,6507.0
dense_regional_deterministic,0.75,timely_leagueews,20261001,baron,60,overall,3000,3241.0,1272.0,727.0,2994.0,1722.0,2152.0
dense_regional_deterministic,0.75,timely_leagueews,20261001,baron,60,europe,1500,1610.0,657.0,373.0,1527.0,870.0,1048.0
dense_regional_deterministic,0.75,timely_leagueews,20261001,baron,60,americas,1500,1631.0,615.0,354.0,1467.0,852.0,1104.0
dense_regional_deterministic,0.75,timely_leagueews,20261001,dragon,60,overall,3000,11329.0,3381.0,2873.0,5045.0,1664.0,7555.0
dense_regional_deterministic,0.75,timely_leagueews,20261001,dragon,60,europe,1500,5578.0,1633.0,1390.0,2471.0,838.0,3749.0
dense_regional_deterministic,0.75,timely_leagueews,20261001,dragon,60,americas,1500,5751.0,1748.0,1483.0,2574.0,826.0,3806.0
dense_regional_deterministic,0.75,timely_leagueews,20261001,teamfight,60,overall,3000,19795.0,1524.0,1191.0,3295.0,1771.0,13137.0
dense_regional_deterministic,0.75,timely_leagueews,20261001,teamfight,60,europe,1500,9978.0,773.0,601.0,1652.0,879.0,6630.0
dense_regional_deterministic,0.75,timely_leagueews,20261001,teamfight,60,americas,1500,9817.0,751.0,590.0,1643.0,892.0,6507.0
dense_regional_deterministic,0.75,timely_leagueews,20261002,baron,60,overall,3000,3241.0,1242.0,751.0,3060.0,1818.0,2152.0
dense_regional_deterministic,0.75,timely_leagueews,20261002,baron,60,europe,1500,1610.0,645.0,381.0,1577.0,932.0,1048.0
dense_regional_deterministic,0.75,timely_leagueews,20261002,baron,60,americas,1500,1631.0,597.0,370.0,1483.0,886.0,1104.0
dense_regional_deterministic,0.75,timely_leagueews,20261002,dragon,60,overall,3000,11329.0,3428.0,2900.0,5094.0,1666.0,7555.0
dense_regional_deterministic,0.75,timely_leagueews,20261002,dragon,60,europe,1500,5578.0,1676.0,1423.0,2514.0,838.0,3749.0
dense_regional_deterministic,0.75,timely_leagueews,20261002,dragon,60,americas,1500,5751.0,1752.0,1477.0,2580.0,828.0,3806.0
dense_regional_deterministic,0.75,timely_leagueews,20261002,teamfight,60,overall,3000,19795.0,1511.0,1162.0,3312.0,1801.0,13137.0
dense_regional_deterministic,0.75,timely_leagueews,20261002,teamfight,60,europe,1500,9978.0,768.0,594.0,1675.0,907.0,6630.0
dense_regional_deterministic,0.75,timely_leagueews,20261002,teamfight,60,americas,1500,9817.0,743.0,568.0,1637.0,894.0,6507.0
dense_regional_deterministic,1.0,timely_leagueews,20260930,baron,60,overall,3000,3241.0,1637.0,936.0,3907.0,2270.0,2152.0
dense_regional_deterministic,1.0,timely_leagueews,20260930,baron,60,europe,1500,1610.0,817.0,461.0,1933.0,1116.0,1048.0
dense_regional_deterministic,1.0,timely_leagueews,20260930,baron,60,americas,1500,1631.0,820.0,475.0,1974.0,1154.0,1104.0
dense_regional_deterministic,1.0,timely_leagueews,20260930,dragon,60,overall,3000,11329.0,4312.0,3436.0,6351.0,2039.0,7555.0
dense_regional_deterministic,1.0,timely_leagueews,20260930,dragon,60,europe,1500,5578.0,2090.0,1673.0,3117.0,1027.0,3749.0
dense_regional_deterministic,1.0,timely_leagueews,20260930,dragon,60,americas,1500,5751.0,2222.0,1763.0,3234.0,1012.0,3806.0
dense_regional_deterministic,1.0,timely_leagueews,20260930,teamfight,60,overall,3000,19795.0,1992.0,1507.0,4368.0,2376.0,13137.0
dense_regional_deterministic,1.0,timely_leagueews,20260930,teamfight,60,europe,1500,9978.0,1006.0,758.0,2131.0,1125.0,6630.0
dense_regional_deterministic,1.0,timely_leagueews,20260930,teamfight,60,americas,1500,9817.0,986.0,749.0,2237.0,1251.0,6507.0
dense_regional_deterministic,1.0,timely_leagueews,20261001,baron,60,overall,3000,3241.0,1599.0,934.0,3972.0,2373.0,2152.0
dense_regional_deterministic,1.0,timely_leagueews,20261001,baron,60,europe,1500,1610.0,820.0,472.0,2030.0,1210.0,1048.0
dense_regional_deterministic,1.0,timely_leagueews,20261001,baron,60,americas,1500,1631.0,779.0,462.0,1942.0,1163.0,1104.0
dense_regional_deterministic,1.0,timely_leagueews,20261001,dragon,60,overall,3000,11329.0,4248.0,3438.0,6383.0,2135.0,7555.0
dense_regional_deterministic,1.0,timely_leagueews,20261001,dragon,60,europe,1500,5578.0,2096.0,1701.0,3194.0,1098.0,3749.0
dense_regional_deterministic,1.0,timely_leagueews,20261001,dragon,60,americas,1500,5751.0,2152.0,1737.0,3189.0,1037.0,3806.0
dense_regional_deterministic,1.0,timely_leagueews,20261001,teamfight,60,overall,3000,19795.0,1958.0,1484.0,4329.0,2371.0,13137.0
dense_regional_deterministic,1.0,timely_leagueews,20261001,teamfight,60,europe,1500,9978.0,1007.0,765.0,2181.0,1174.0,6630.0
dense_regional_deterministic,1.0,timely_leagueews,20261001,teamfight,60,americas,1500,9817.0,951.0,719.0,2148.0,1197.0,6507.0
dense_regional_deterministic,1.0,timely_leagueews,20261002,baron,60,overall,3000,3241.0,1541.0,946.0,3958.0,2417.0,2152.0
dense_regional_deterministic,1.0,timely_leagueews,20261002,baron,60,europe,1500,1610.0,783.0,473.0,2002.0,1219.0,1048.0
dense_regional_deterministic,1.0,timely_leagueews,20261002,baron,60,americas,1500,1631.0,758.0,473.0,1956.0,1198.0,1104.0
dense_regional_deterministic,1.0,timely_leagueews,20261002,dragon,60,overall,3000,11329.0,4252.0,3410.0,6311.0,2059.0,7555.0
dense_regional_deterministic,1.0,timely_leagueews,20261002,dragon,60,europe,1500,5578.0,2059.0,1667.0,3101.0,1042.0,3749.0
dense_regional_deterministic,1.0,timely_leagueews,20261002,dragon,60,americas,1500,5751.0,2193.0,1743.0,3210.0,1017.0,3806.0
dense_regional_deterministic,1.0,timely_leagueews,20261002,teamfight,60,overall,3000,19795.0,1960.0,1480.0,4307.0,2347.0,13137.0
dense_regional_deterministic,1.0,timely_leagueews,20261002,teamfight,60,europe,1500,9978.0,1022.0,770.0,2183.0,1161.0,6630.0
dense_regional_deterministic,1.0,timely_leagueews,20261002,teamfight,60,americas,1500,9817.0,938.0,710.0,2124.0,1186.0,6507.0
dense_regional_deterministic,0.25,timely_tcn,20260930,baron,30,overall,3000,3241.0,577.0,309.0,1086.0,509.0,1091.0
dense_regional_deterministic,0.25,timely_tcn,20260930,baron,30,europe,1500,1610.0,305.0,162.0,539.0,234.0,558.0
dense_regional_deterministic,0.25,timely_tcn,20260930,baron,30,americas,1500,1631.0,272.0,147.0,547.0,275.0,533.0
dense_regional_deterministic,0.25,timely_tcn,20260930,dragon,30,overall,3000,11329.0,776.0,581.0,1320.0,544.0,3736.0
dense_regional_deterministic,0.25,timely_tcn,20260930,dragon,30,europe,1500,5578.0,387.0,280.0,685.0,298.0,1834.0
dense_regional_deterministic,0.25,timely_tcn,20260930,dragon,30,americas,1500,5751.0,389.0,301.0,635.0,246.0,1902.0
dense_regional_deterministic,0.25,timely_tcn,20260930,teamfight,30,overall,3000,19795.0,377.0,224.0,931.0,554.0,6648.0
dense_regional_deterministic,0.25,timely_tcn,20260930,teamfight,30,europe,1500,9978.0,171.0,103.0,435.0,264.0,3351.0
dense_regional_deterministic,0.25,timely_tcn,20260930,teamfight,30,americas,1500,9817.0,206.0,121.0,496.0,290.0,3297.0
dense_regional_deterministic,0.25,timely_tcn,20261001,baron,30,overall,3000,3241.0,586.0,319.0,1082.0,496.0,1091.0
dense_regional_deterministic,0.25,timely_tcn,20261001,baron,30,europe,1500,1610.0,316.0,169.0,555.0,239.0,558.0
dense_regional_deterministic,0.25,timely_tcn,20261001,baron,30,americas,1500,1631.0,270.0,150.0,527.0,257.0,533.0
dense_regional_deterministic,0.25,timely_tcn,20261001,dragon,30,overall,3000,11329.0,828.0,566.0,1328.0,500.0,3736.0
dense_regional_deterministic,0.25,timely_tcn,20261001,dragon,30,europe,1500,5578.0,391.0,266.0,646.0,255.0,1834.0
dense_regional_deterministic,0.25,timely_tcn,20261001,dragon,30,americas,1500,5751.0,437.0,300.0,682.0,245.0,1902.0
dense_regional_deterministic,0.25,timely_tcn,20261001,teamfight,30,overall,3000,19795.0,385.0,232.0,967.0,582.0,6648.0
dense_regional_deterministic,0.25,timely_tcn,20261001,teamfight,30,europe,1500,9978.0,171.0,111.0,423.0,252.0,3351.0
dense_regional_deterministic,0.25,timely_tcn,20261001,teamfight,30,americas,1500,9817.0,214.0,121.0,544.0,330.0,3297.0
dense_regional_deterministic,0.25,timely_tcn,20261002,baron,30,overall,3000,3241.0,566.0,308.0,1072.0,506.0,1091.0
dense_regional_deterministic,0.25,timely_tcn,20261002,baron,30,europe,1500,1610.0,301.0,163.0,544.0,243.0,558.0
dense_regional_deterministic,0.25,timely_tcn,20261002,baron,30,americas,1500,1631.0,265.0,145.0,528.0,263.0,533.0
dense_regional_deterministic,0.25,timely_tcn,20261002,dragon,30,overall,3000,11329.0,764.0,570.0,1344.0,580.0,3736.0
dense_regional_deterministic,0.25,timely_tcn,20261002,dragon,30,europe,1500,5578.0,371.0,270.0,678.0,307.0,1834.0
dense_regional_deterministic,0.25,timely_tcn,20261002,dragon,30,americas,1500,5751.0,393.0,300.0,666.0,273.0,1902.0
dense_regional_deterministic,0.25,timely_tcn,20261002,teamfight,30,overall,3000,19795.0,390.0,226.0,931.0,541.0,6648.0
dense_regional_deterministic,0.25,timely_tcn,20261002,teamfight,30,europe,1500,9978.0,171.0,106.0,418.0,247.0,3351.0
dense_regional_deterministic,0.25,timely_tcn,20261002,teamfight,30,americas,1500,9817.0,219.0,120.0,513.0,294.0,3297.0
dense_regional_deterministic,0.5,timely_tcn,20260930,baron,30,overall,3000,3241.0,817.0,467.0,2041.0,1224.0,1091.0
dense_regional_deterministic,0.5,timely_tcn,20260930,baron,30,europe,1500,1610.0,433.0,243.0,1014.0,581.0,558.0
dense_regional_deterministic,0.5,timely_tcn,20260930,baron,30,americas,1500,1631.0,384.0,224.0,1027.0,643.0,533.0
dense_regional_deterministic,0.5,timely_tcn,20260930,dragon,30,overall,3000,11329.0,1464.0,980.0,2435.0,971.0,3736.0
dense_regional_deterministic,0.5,timely_tcn,20260930,dragon,30,europe,1500,5578.0,693.0,461.0,1209.0,516.0,1834.0
dense_regional_deterministic,0.5,timely_tcn,20260930,dragon,30,americas,1500,5751.0,771.0,519.0,1226.0,455.0,1902.0
dense_regional_deterministic,0.5,timely_tcn,20260930,teamfight,30,overall,3000,19795.0,699.0,426.0,1795.0,1096.0,6648.0
dense_regional_deterministic,0.5,timely_tcn,20260930,teamfight,30,europe,1500,9978.0,329.0,204.0,870.0,541.0,3351.0
dense_regional_deterministic,0.5,timely_tcn,20260930,teamfight,30,americas,1500,9817.0,370.0,222.0,925.0,555.0,3297.0
dense_regional_deterministic,0.5,timely_tcn,20261001,baron,30,overall,3000,3241.0,807.0,469.0,1996.0,1189.0,1091.0
dense_regional_deterministic,0.5,timely_tcn,20261001,baron,30,europe,1500,1610.0,432.0,253.0,1015.0,583.0,558.0
dense_regional_deterministic,0.5,timely_tcn,20261001,baron,30,americas,1500,1631.0,375.0,216.0,981.0,606.0,533.0
dense_regional_deterministic,0.5,timely_tcn,20261001,dragon,30,overall,3000,11329.0,1574.0,991.0,2524.0,950.0,3736.0
dense_regional_deterministic,0.5,timely_tcn,20261001,dragon,30,europe,1500,5578.0,725.0,461.0,1197.0,472.0,1834.0
dense_regional_deterministic,0.5,timely_tcn,20261001,dragon,30,americas,1500,5751.0,849.0,530.0,1327.0,478.0,1902.0
dense_regional_deterministic,0.5,timely_tcn,20261001,teamfight,30,overall,3000,19795.0,714.0,427.0,1834.0,1120.0,6648.0
dense_regional_deterministic,0.5,timely_tcn,20261001,teamfight,30,europe,1500,9978.0,340.0,212.0,893.0,553.0,3351.0
dense_regional_deterministic,0.5,timely_tcn,20261001,teamfight,30,americas,1500,9817.0,374.0,215.0,941.0,567.0,3297.0
dense_regional_deterministic,0.5,timely_tcn,20261002,baron,30,overall,3000,3241.0,836.0,491.0,2047.0,1211.0,1091.0
dense_regional_deterministic,0.5,timely_tcn,20261002,baron,30,europe,1500,1610.0,439.0,259.0,1020.0,581.0,558.0
dense_regional_deterministic,0.5,timely_tcn,20261002,baron,30,americas,1500,1631.0,397.0,232.0,1027.0,630.0,533.0
dense_regional_deterministic,0.5,timely_tcn,20261002,dragon,30,overall,3000,11329.0,1415.0,972.0,2425.0,1010.0,3736.0
dense_regional_deterministic,0.5,timely_tcn,20261002,dragon,30,europe,1500,5578.0,683.0,473.0,1206.0,523.0,1834.0
dense_regional_deterministic,0.5,timely_tcn,20261002,dragon,30,americas,1500,5751.0,732.0,499.0,1219.0,487.0,1902.0
dense_regional_deterministic,0.5,timely_tcn,20261002,teamfight,30,overall,3000,19795.0,686.0,415.0,1770.0,1084.0,6648.0
dense_regional_deterministic,0.5,timely_tcn,20261002,teamfight,30,europe,1500,9978.0,328.0,214.0,857.0,529.0,3351.0
dense_regional_deterministic,0.5,timely_tcn,20261002,teamfight,30,americas,1500,9817.0,358.0,201.0,913.0,555.0,3297.0
dense_regional_deterministic,0.75,timely_tcn,20260930,baron,30,overall,3000,3241.0,1015.0,617.0,2967.0,1952.0,1091.0
dense_regional_deterministic,0.75,timely_tcn,20260930,baron,30,europe,1500,1610.0,527.0,318.0,1465.0,938.0,558.0
dense_regional_deterministic,0.75,timely_tcn,20260930,baron,30,americas,1500,1631.0,488.0,299.0,1502.0,1014.0,533.0
dense_regional_deterministic,0.75,timely_tcn,20260930,dragon,30,overall,3000,11329.0,2132.0,1357.0,3566.0,1434.0,3736.0
dense_regional_deterministic,0.75,timely_tcn,20260930,dragon,30,europe,1500,5578.0,1022.0,650.0,1752.0,730.0,1834.0
dense_regional_deterministic,0.75,timely_tcn,20260930,dragon,30,americas,1500,5751.0,1110.0,707.0,1814.0,704.0,1902.0
dense_regional_deterministic,0.75,timely_tcn,20260930,teamfight,30,overall,3000,19795.0,973.0,581.0,2700.0,1727.0,6648.0
dense_regional_deterministic,0.75,timely_tcn,20260930,teamfight,30,europe,1500,9978.0,473.0,291.0,1363.0,890.0,3351.0
dense_regional_deterministic,0.75,timely_tcn,20260930,teamfight,30,americas,1500,9817.0,500.0,290.0,1337.0,837.0,3297.0
dense_regional_deterministic,0.75,timely_tcn,20261001,baron,30,overall,3000,3241.0,979.0,591.0,2887.0,1908.0,1091.0
dense_regional_deterministic,0.75,timely_tcn,20261001,baron,30,europe,1500,1610.0,517.0,312.0,1471.0,954.0,558.0
dense_regional_deterministic,0.75,timely_tcn,20261001,baron,30,americas,1500,1631.0,462.0,279.0,1416.0,954.0,533.0
dense_regional_deterministic,0.75,timely_tcn,20261001,dragon,30,overall,3000,11329.0,2195.0,1340.0,3530.0,1335.0,3736.0
dense_regional_deterministic,0.75,timely_tcn,20261001,dragon,30,europe,1500,5578.0,1031.0,637.0,1700.0,669.0,1834.0
dense_regional_deterministic,0.75,timely_tcn,20261001,dragon,30,americas,1500,5751.0,1164.0,703.0,1830.0,666.0,1902.0
dense_regional_deterministic,0.75,timely_tcn,20261001,teamfight,30,overall,3000,19795.0,994.0,589.0,2727.0,1733.0,6648.0
dense_regional_deterministic,0.75,timely_tcn,20261001,teamfight,30,europe,1500,9978.0,476.0,289.0,1332.0,856.0,3351.0
dense_regional_deterministic,0.75,timely_tcn,20261001,teamfight,30,americas,1500,9817.0,518.0,300.0,1395.0,877.0,3297.0
dense_regional_deterministic,0.75,timely_tcn,20261002,baron,30,overall,3000,3241.0,1019.0,613.0,2934.0,1915.0,1091.0
dense_regional_deterministic,0.75,timely_tcn,20261002,baron,30,europe,1500,1610.0,527.0,316.0,1467.0,940.0,558.0
dense_regional_deterministic,0.75,timely_tcn,20261002,baron,30,americas,1500,1631.0,492.0,297.0,1467.0,975.0,533.0
dense_regional_deterministic,0.75,timely_tcn,20261002,dragon,30,overall,3000,11329.0,2073.0,1352.0,3509.0,1436.0,3736.0
dense_regional_deterministic,0.75,timely_tcn,20261002,dragon,30,europe,1500,5578.0,960.0,633.0,1674.0,714.0,1834.0
dense_regional_deterministic,0.75,timely_tcn,20261002,dragon,30,americas,1500,5751.0,1113.0,719.0,1835.0,722.0,1902.0
dense_regional_deterministic,0.75,timely_tcn,20261002,teamfight,30,overall,3000,19795.0,991.0,598.0,2714.0,1723.0,6648.0
dense_regional_deterministic,0.75,timely_tcn,20261002,teamfight,30,europe,1500,9978.0,469.0,292.0,1337.0,868.0,3351.0
dense_regional_deterministic,0.75,timely_tcn,20261002,teamfight,30,americas,1500,9817.0,522.0,306.0,1377.0,855.0,3297.0
dense_regional_deterministic,1.0,timely_tcn,20260930,baron,30,overall,3000,3241.0,1125.0,695.0,3743.0,2618.0,1091.0
dense_regional_deterministic,1.0,timely_tcn,20260930,baron,30,europe,1500,1610.0,582.0,360.0,1866.0,1284.0,558.0
dense_regional_deterministic,1.0,timely_tcn,20260930,baron,30,americas,1500,1631.0,543.0,335.0,1877.0,1334.0,533.0
dense_regional_deterministic,1.0,timely_tcn,20260930,dragon,30,overall,3000,11329.0,2723.0,1723.0,4664.0,1941.0,3736.0
dense_regional_deterministic,1.0,timely_tcn,20260930,dragon,30,europe,1500,5578.0,1316.0,840.0,2307.0,991.0,1834.0
dense_regional_deterministic,1.0,timely_tcn,20260930,dragon,30,americas,1500,5751.0,1407.0,883.0,2357.0,950.0,1902.0
dense_regional_deterministic,1.0,timely_tcn,20260930,teamfight,30,overall,3000,19795.0,1252.0,751.0,3571.0,2319.0,6648.0
dense_regional_deterministic,1.0,timely_tcn,20260930,teamfight,30,europe,1500,9978.0,614.0,384.0,1782.0,1168.0,3351.0
dense_regional_deterministic,1.0,timely_tcn,20260930,teamfight,30,americas,1500,9817.0,638.0,367.0,1789.0,1151.0,3297.0
dense_regional_deterministic,1.0,timely_tcn,20261001,baron,30,overall,3000,3241.0,1122.0,692.0,3744.0,2622.0,1091.0
dense_regional_deterministic,1.0,timely_tcn,20261001,baron,30,europe,1500,1610.0,588.0,360.0,1889.0,1301.0,558.0
dense_regional_deterministic,1.0,timely_tcn,20261001,baron,30,americas,1500,1631.0,534.0,332.0,1855.0,1321.0,533.0
dense_regional_deterministic,1.0,timely_tcn,20261001,dragon,30,overall,3000,11329.0,2776.0,1690.0,4580.0,1804.0,3736.0
dense_regional_deterministic,1.0,timely_tcn,20261001,dragon,30,europe,1500,5578.0,1348.0,824.0,2274.0,926.0,1834.0
dense_regional_deterministic,1.0,timely_tcn,20261001,dragon,30,americas,1500,5751.0,1428.0,866.0,2306.0,878.0,1902.0
dense_regional_deterministic,1.0,timely_tcn,20261001,teamfight,30,overall,3000,19795.0,1278.0,754.0,3655.0,2377.0,6648.0
dense_regional_deterministic,1.0,timely_tcn,20261001,teamfight,30,europe,1500,9978.0,627.0,377.0,1810.0,1183.0,3351.0
dense_regional_deterministic,1.0,timely_tcn,20261001,teamfight,30,americas,1500,9817.0,651.0,377.0,1845.0,1194.0,3297.0
dense_regional_deterministic,1.0,timely_tcn,20261002,baron,30,overall,3000,3241.0,1139.0,699.0,3785.0,2646.0,1091.0
dense_regional_deterministic,1.0,timely_tcn,20261002,baron,30,europe,1500,1610.0,592.0,362.0,1875.0,1283.0,558.0
dense_regional_deterministic,1.0,timely_tcn,20261002,baron,30,americas,1500,1631.0,547.0,337.0,1910.0,1363.0,533.0
dense_regional_deterministic,1.0,timely_tcn,20261002,dragon,30,overall,3000,11329.0,2703.0,1722.0,4657.0,1954.0,3736.0
dense_regional_deterministic,1.0,timely_tcn,20261002,dragon,30,europe,1500,5578.0,1311.0,847.0,2306.0,995.0,1834.0
dense_regional_deterministic,1.0,timely_tcn,20261002,dragon,30,americas,1500,5751.0,1392.0,875.0,2351.0,959.0,1902.0
dense_regional_deterministic,1.0,timely_tcn,20261002,teamfight,30,overall,3000,19795.0,1261.0,753.0,3604.0,2343.0,6648.0
dense_regional_deterministic,1.0,timely_tcn,20261002,teamfight,30,europe,1500,9978.0,602.0,367.0,1793.0,1191.0,3351.0
dense_regional_deterministic,1.0,timely_tcn,20261002,teamfight,30,americas,1500,9817.0,659.0,386.0,1811.0,1152.0,3297.0
dense_regional_deterministic,0.25,timely_tcn,20260930,baron,60,overall,3000,3241.0,450.0,233.0,983.0,533.0,2152.0
dense_regional_deterministic,0.25,timely_tcn,20260930,baron,60,europe,1500,1610.0,244.0,131.0,505.0,261.0,1048.0
dense_regional_deterministic,0.25,timely_tcn,20260930,baron,60,americas,1500,1631.0,206.0,102.0,478.0,272.0,1104.0
dense_regional_deterministic,0.25,timely_tcn,20260930,dragon,60,overall,3000,11329.0,1408.0,1289.0,1964.0,556.0,7555.0
dense_regional_deterministic,0.25,timely_tcn,20260930,dragon,60,europe,1500,5578.0,683.0,628.0,952.0,269.0,3749.0
dense_regional_deterministic,0.25,timely_tcn,20260930,dragon,60,americas,1500,5751.0,725.0,661.0,1012.0,287.0,3806.0
dense_regional_deterministic,0.25,timely_tcn,20260930,teamfight,60,overall,3000,19795.0,539.0,427.0,1117.0,578.0,13137.0
dense_regional_deterministic,0.25,timely_tcn,20260930,teamfight,60,europe,1500,9978.0,298.0,239.0,598.0,300.0,6630.0
dense_regional_deterministic,0.25,timely_tcn,20260930,teamfight,60,americas,1500,9817.0,241.0,188.0,519.0,278.0,6507.0
dense_regional_deterministic,0.25,timely_tcn,20261001,baron,60,overall,3000,3241.0,463.0,236.0,968.0,505.0,2152.0
dense_regional_deterministic,0.25,timely_tcn,20261001,baron,60,europe,1500,1610.0,246.0,132.0,496.0,250.0,1048.0
dense_regional_deterministic,0.25,timely_tcn,20261001,baron,60,americas,1500,1631.0,217.0,104.0,472.0,255.0,1104.0
dense_regional_deterministic,0.25,timely_tcn,20261001,dragon,60,overall,3000,11329.0,1473.0,1315.0,2016.0,543.0,7555.0
dense_regional_deterministic,0.25,timely_tcn,20261001,dragon,60,europe,1500,5578.0,717.0,640.0,970.0,253.0,3749.0
dense_regional_deterministic,0.25,timely_tcn,20261001,dragon,60,americas,1500,5751.0,756.0,675.0,1046.0,290.0,3806.0
dense_regional_deterministic,0.25,timely_tcn,20261001,teamfight,60,overall,3000,19795.0,587.0,464.0,1190.0,603.0,13137.0
dense_regional_deterministic,0.25,timely_tcn,20261001,teamfight,60,europe,1500,9978.0,296.0,239.0,581.0,285.0,6630.0
dense_regional_deterministic,0.25,timely_tcn,20261001,teamfight,60,americas,1500,9817.0,291.0,225.0,609.0,318.0,6507.0
dense_regional_deterministic,0.25,timely_tcn,20261002,baron,60,overall,3000,3241.0,400.0,226.0,910.0,510.0,2152.0
dense_regional_deterministic,0.25,timely_tcn,20261002,baron,60,europe,1500,1610.0,200.0,117.0,453.0,253.0,1048.0
dense_regional_deterministic,0.25,timely_tcn,20261002,baron,60,americas,1500,1631.0,200.0,109.0,457.0,257.0,1104.0
dense_regional_deterministic,0.25,timely_tcn,20261002,dragon,60,overall,3000,11329.0,1439.0,1315.0,2027.0,588.0,7555.0
dense_regional_deterministic,0.25,timely_tcn,20261002,dragon,60,europe,1500,5578.0,686.0,623.0,948.0,262.0,3749.0
dense_regional_deterministic,0.25,timely_tcn,20261002,dragon,60,americas,1500,5751.0,753.0,692.0,1079.0,326.0,3806.0
dense_regional_deterministic,0.25,timely_tcn,20261002,teamfight,60,overall,3000,19795.0,565.0,450.0,1145.0,580.0,13137.0
dense_regional_deterministic,0.25,timely_tcn,20261002,teamfight,60,europe,1500,9978.0,297.0,242.0,583.0,286.0,6630.0
dense_regional_deterministic,0.25,timely_tcn,20261002,teamfight,60,americas,1500,9817.0,268.0,208.0,562.0,294.0,6507.0
dense_regional_deterministic,0.5,timely_tcn,20260930,baron,60,overall,3000,3241.0,912.0,494.0,2065.0,1153.0,2152.0
dense_regional_deterministic,0.5,timely_tcn,20260930,baron,60,europe,1500,1610.0,470.0,254.0,1025.0,555.0,1048.0
dense_regional_deterministic,0.5,timely_tcn,20260930,baron,60,americas,1500,1631.0,442.0,240.0,1040.0,598.0,1104.0
dense_regional_deterministic,0.5,timely_tcn,20260930,dragon,60,overall,3000,11329.0,2486.0,2190.0,3631.0,1145.0,7555.0
dense_regional_deterministic,0.5,timely_tcn,20260930,dragon,60,europe,1500,5578.0,1203.0,1056.0,1774.0,571.0,3749.0
dense_regional_deterministic,0.5,timely_tcn,20260930,dragon,60,americas,1500,5751.0,1283.0,1134.0,1857.0,574.0,3806.0
dense_regional_deterministic,0.5,timely_tcn,20260930,teamfight,60,overall,3000,19795.0,1050.0,834.0,2300.0,1250.0,13137.0
dense_regional_deterministic,0.5,timely_tcn,20260930,teamfight,60,europe,1500,9978.0,542.0,429.0,1153.0,611.0,6630.0
dense_regional_deterministic,0.5,timely_tcn,20260930,teamfight,60,americas,1500,9817.0,508.0,405.0,1147.0,639.0,6507.0
dense_regional_deterministic,0.5,timely_tcn,20261001,baron,60,overall,3000,3241.0,909.0,477.0,1987.0,1078.0,2152.0
dense_regional_deterministic,0.5,timely_tcn,20261001,baron,60,europe,1500,1610.0,488.0,257.0,1017.0,529.0,1048.0
dense_regional_deterministic,0.5,timely_tcn,20261001,baron,60,americas,1500,1631.0,421.0,220.0,970.0,549.0,1104.0
dense_regional_deterministic,0.5,timely_tcn,20261001,dragon,60,overall,3000,11329.0,2588.0,2210.0,3658.0,1070.0,7555.0
dense_regional_deterministic,0.5,timely_tcn,20261001,dragon,60,europe,1500,5578.0,1245.0,1065.0,1760.0,515.0,3749.0
dense_regional_deterministic,0.5,timely_tcn,20261001,dragon,60,americas,1500,5751.0,1343.0,1145.0,1898.0,555.0,3806.0
dense_regional_deterministic,0.5,timely_tcn,20261001,teamfight,60,overall,3000,19795.0,1056.0,821.0,2246.0,1190.0,13137.0
dense_regional_deterministic,0.5,timely_tcn,20261001,teamfight,60,europe,1500,9978.0,551.0,431.0,1147.0,596.0,6630.0
dense_regional_deterministic,0.5,timely_tcn,20261001,teamfight,60,americas,1500,9817.0,505.0,390.0,1099.0,594.0,6507.0
dense_regional_deterministic,0.5,timely_tcn,20261002,baron,60,overall,3000,3241.0,845.0,478.0,1985.0,1140.0,2152.0
dense_regional_deterministic,0.5,timely_tcn,20261002,baron,60,europe,1500,1610.0,427.0,250.0,973.0,546.0,1048.0
dense_regional_deterministic,0.5,timely_tcn,20261002,baron,60,americas,1500,1631.0,418.0,228.0,1012.0,594.0,1104.0
dense_regional_deterministic,0.5,timely_tcn,20261002,dragon,60,overall,3000,11329.0,2464.0,2201.0,3615.0,1151.0,7555.0
dense_regional_deterministic,0.5,timely_tcn,20261002,dragon,60,europe,1500,5578.0,1213.0,1074.0,1794.0,581.0,3749.0
dense_regional_deterministic,0.5,timely_tcn,20261002,dragon,60,americas,1500,5751.0,1251.0,1127.0,1821.0,570.0,3806.0
dense_regional_deterministic,0.5,timely_tcn,20261002,teamfight,60,overall,3000,19795.0,1035.0,816.0,2223.0,1188.0,13137.0
dense_regional_deterministic,0.5,timely_tcn,20261002,teamfight,60,europe,1500,9978.0,547.0,433.0,1120.0,573.0,6630.0
dense_regional_deterministic,0.5,timely_tcn,20261002,teamfight,60,americas,1500,9817.0,488.0,383.0,1103.0,615.0,6507.0
dense_regional_deterministic,0.75,timely_tcn,20260930,baron,60,overall,3000,3241.0,1278.0,677.0,2990.0,1712.0,2152.0
dense_regional_deterministic,0.75,timely_tcn,20260930,baron,60,europe,1500,1610.0,661.0,352.0,1491.0,830.0,1048.0
dense_regional_deterministic,0.75,timely_tcn,20260930,baron,60,americas,1500,1631.0,617.0,325.0,1499.0,882.0,1104.0
dense_regional_deterministic,0.75,timely_tcn,20260930,dragon,60,overall,3000,11329.0,3385.0,2872.0,5052.0,1667.0,7555.0
dense_regional_deterministic,0.75,timely_tcn,20260930,dragon,60,europe,1500,5578.0,1678.0,1420.0,2526.0,848.0,3749.0
dense_regional_deterministic,0.75,timely_tcn,20260930,dragon,60,americas,1500,5751.0,1707.0,1452.0,2526.0,819.0,3806.0
dense_regional_deterministic,0.75,timely_tcn,20260930,teamfight,60,overall,3000,19795.0,1496.0,1173.0,3322.0,1826.0,13137.0
dense_regional_deterministic,0.75,timely_tcn,20260930,teamfight,60,europe,1500,9978.0,763.0,594.0,1657.0,894.0,6630.0
dense_regional_deterministic,0.75,timely_tcn,20260930,teamfight,60,americas,1500,9817.0,733.0,579.0,1665.0,932.0,6507.0
dense_regional_deterministic,0.75,timely_tcn,20261001,baron,60,overall,3000,3241.0,1289.0,690.0,2967.0,1678.0,2152.0
dense_regional_deterministic,0.75,timely_tcn,20261001,baron,60,europe,1500,1610.0,677.0,362.0,1506.0,829.0,1048.0
dense_regional_deterministic,0.75,timely_tcn,20261001,baron,60,americas,1500,1631.0,612.0,328.0,1461.0,849.0,1104.0
dense_regional_deterministic,0.75,timely_tcn,20261001,dragon,60,overall,3000,11329.0,3453.0,2832.0,4998.0,1545.0,7555.0
dense_regional_deterministic,0.75,timely_tcn,20261001,dragon,60,europe,1500,5578.0,1717.0,1413.0,2498.0,781.0,3749.0
dense_regional_deterministic,0.75,timely_tcn,20261001,dragon,60,americas,1500,5751.0,1736.0,1419.0,2500.0,764.0,3806.0
dense_regional_deterministic,0.75,timely_tcn,20261001,teamfight,60,overall,3000,19795.0,1544.0,1195.0,3384.0,1840.0,13137.0
dense_regional_deterministic,0.75,timely_tcn,20261001,teamfight,60,europe,1500,9978.0,804.0,619.0,1690.0,886.0,6630.0
dense_regional_deterministic,0.75,timely_tcn,20261001,teamfight,60,americas,1500,9817.0,740.0,576.0,1694.0,954.0,6507.0
dense_regional_deterministic,0.75,timely_tcn,20261002,baron,60,overall,3000,3241.0,1199.0,678.0,2937.0,1738.0,2152.0
dense_regional_deterministic,0.75,timely_tcn,20261002,baron,60,europe,1500,1610.0,617.0,348.0,1470.0,853.0,1048.0
dense_regional_deterministic,0.75,timely_tcn,20261002,baron,60,americas,1500,1631.0,582.0,330.0,1467.0,885.0,1104.0
dense_regional_deterministic,0.75,timely_tcn,20261002,dragon,60,overall,3000,11329.0,3345.0,2848.0,4977.0,1632.0,7555.0
dense_regional_deterministic,0.75,timely_tcn,20261002,dragon,60,europe,1500,5578.0,1651.0,1402.0,2483.0,832.0,3749.0
dense_regional_deterministic,0.75,timely_tcn,20261002,dragon,60,americas,1500,5751.0,1694.0,1446.0,2494.0,800.0,3806.0
dense_regional_deterministic,0.75,timely_tcn,20261002,teamfight,60,overall,3000,19795.0,1520.0,1176.0,3315.0,1795.0,13137.0
dense_regional_deterministic,0.75,timely_tcn,20261002,teamfight,60,europe,1500,9978.0,796.0,608.0,1687.0,891.0,6630.0
dense_regional_deterministic,0.75,timely_tcn,20261002,teamfight,60,americas,1500,9817.0,724.0,568.0,1628.0,904.0,6507.0
dense_regional_deterministic,1.0,timely_tcn,20260930,baron,60,overall,3000,3241.0,1620.0,886.0,3950.0,2330.0,2152.0
dense_regional_deterministic,1.0,timely_tcn,20260930,baron,60,europe,1500,1610.0,818.0,447.0,1924.0,1106.0,1048.0
dense_regional_deterministic,1.0,timely_tcn,20260930,baron,60,americas,1500,1631.0,802.0,439.0,2026.0,1224.0,1104.0
dense_regional_deterministic,1.0,timely_tcn,20260930,dragon,60,overall,3000,11329.0,4180.0,3357.0,6289.0,2109.0,7555.0
dense_regional_deterministic,1.0,timely_tcn,20260930,dragon,60,europe,1500,5578.0,2065.0,1658.0,3135.0,1070.0,3749.0
dense_regional_deterministic,1.0,timely_tcn,20260930,dragon,60,americas,1500,5751.0,2115.0,1699.0,3154.0,1039.0,3806.0
dense_regional_deterministic,1.0,timely_tcn,20260930,teamfight,60,overall,3000,19795.0,1932.0,1480.0,4411.0,2479.0,13137.0
dense_regional_deterministic,1.0,timely_tcn,20260930,teamfight,60,europe,1500,9978.0,957.0,722.0,2147.0,1190.0,6630.0
dense_regional_deterministic,1.0,timely_tcn,20260930,teamfight,60,americas,1500,9817.0,975.0,758.0,2264.0,1289.0,6507.0
dense_regional_deterministic,1.0,timely_tcn,20261001,baron,60,overall,3000,3241.0,1633.0,915.0,3953.0,2320.0,2152.0
dense_regional_deterministic,1.0,timely_tcn,20261001,baron,60,europe,1500,1610.0,842.0,473.0,1978.0,1136.0,1048.0
dense_regional_deterministic,1.0,timely_tcn,20261001,baron,60,americas,1500,1631.0,791.0,442.0,1975.0,1184.0,1104.0
dense_regional_deterministic,1.0,timely_tcn,20261001,dragon,60,overall,3000,11329.0,4289.0,3363.0,6240.0,1951.0,7555.0
dense_regional_deterministic,1.0,timely_tcn,20261001,dragon,60,europe,1500,5578.0,2132.0,1670.0,3132.0,1000.0,3749.0
dense_regional_deterministic,1.0,timely_tcn,20261001,dragon,60,americas,1500,5751.0,2157.0,1693.0,3108.0,951.0,3806.0
dense_regional_deterministic,1.0,timely_tcn,20261001,teamfight,60,overall,3000,19795.0,1967.0,1494.0,4340.0,2373.0,13137.0
dense_regional_deterministic,1.0,timely_tcn,20261001,teamfight,60,europe,1500,9978.0,971.0,734.0,2075.0,1104.0,6630.0
dense_regional_deterministic,1.0,timely_tcn,20261001,teamfight,60,americas,1500,9817.0,996.0,760.0,2265.0,1269.0,6507.0
dense_regional_deterministic,1.0,timely_tcn,20261002,baron,60,overall,3000,3241.0,1555.0,888.0,3920.0,2365.0,2152.0
dense_regional_deterministic,1.0,timely_tcn,20261002,baron,60,europe,1500,1610.0,801.0,455.0,1969.0,1168.0,1048.0
dense_regional_deterministic,1.0,timely_tcn,20261002,baron,60,americas,1500,1631.0,754.0,433.0,1951.0,1197.0,1104.0
dense_regional_deterministic,1.0,timely_tcn,20261002,dragon,60,overall,3000,11329.0,4218.0,3395.0,6327.0,2109.0,7555.0
dense_regional_deterministic,1.0,timely_tcn,20261002,dragon,60,europe,1500,5578.0,2090.0,1676.0,3161.0,1071.0,3749.0
dense_regional_deterministic,1.0,timely_tcn,20261002,dragon,60,americas,1500,5751.0,2128.0,1719.0,3166.0,1038.0,3806.0
dense_regional_deterministic,1.0,timely_tcn,20261002,teamfight,60,overall,3000,19795.0,1954.0,1489.0,4314.0,2360.0,13137.0
dense_regional_deterministic,1.0,timely_tcn,20261002,teamfight,60,europe,1500,9978.0,1017.0,763.0,2197.0,1180.0,6630.0
dense_regional_deterministic,1.0,timely_tcn,20261002,teamfight,60,americas,1500,9817.0,937.0,726.0,2117.0,1180.0,6507.0
