region,horizon,policy,budget,family,seed,event,timely_recall,false_plus_late_per_match,false_per_match,late_per_match
overall,30,deterministic,0.25,leagueews,20260930,baron,0.09071274298056156,0.209,0.12533333333333332,0.08366666666666667
overall,30,deterministic,0.25,leagueews,20261001,baron,0.08731872878741129,0.18633333333333332,0.106,0.08033333333333334
overall,30,deterministic,0.25,leagueews,20261002,baron,0.08824436902190681,0.21433333333333332,0.13233333333333333,0.082
overall,30,deterministic,0.25,leagueews,20260930,dragon,0.02312648954011828,0.145,0.05,0.095
overall,30,deterministic,0.25,leagueews,20261001,dragon,0.03230647012092859,0.19466666666666665,0.07066666666666667,0.124
overall,30,deterministic,0.25,leagueews,20261002,dragon,0.02524494659722835,0.15833333333333333,0.058333333333333334,0.1
overall,30,deterministic,0.25,leagueews,20260930,teamfight,0.008891134124778984,0.19866666666666666,0.124,0.07466666666666667
overall,30,deterministic,0.25,leagueews,20261001,teamfight,0.005910583480676939,0.153,0.09066666666666667,0.06233333333333333
overall,30,deterministic,0.25,leagueews,20261002,teamfight,0.008234402626925992,0.17366666666666666,0.10766666666666666,0.066
overall,30,deterministic,0.25,leagueews,20260930,macro,0.040910122215152944,0.1842222222222222,0.09977777777777778,0.08444444444444445
overall,30,deterministic,0.25,leagueews,20261001,macro,0.041845260796338934,0.17800000000000002,0.0891111111111111,0.08888888888888889
overall,30,deterministic,0.25,leagueews,20261002,macro,0.04057457274868705,0.1821111111111111,0.09944444444444445,0.08266666666666667
overall,30,deterministic,0.25,tcn,20260930,baron,0.08701018204257945,0.22366666666666668,0.14066666666666666,0.083
overall,30,deterministic,0.25,tcn,20261001,baron,0.08762727553224313,0.22633333333333333,0.14333333333333334,0.083
overall,30,deterministic,0.25,tcn,20261002,baron,0.08639308855291576,0.219,0.139,0.08
overall,30,deterministic,0.25,tcn,20260930,dragon,0.024538794244858327,0.15966666666666668,0.05333333333333334,0.10633333333333334
overall,30,deterministic,0.25,tcn,20261001,dragon,0.021449377703239472,0.13533333333333333,0.04533333333333334,0.09
overall,30,deterministic,0.25,tcn,20261002,dragon,0.035748962838732454,0.215,0.087,0.128
overall,30,deterministic,0.25,tcn,20260930,teamfight,0.0072745642839100785,0.15,0.09033333333333333,0.059666666666666666
overall,30,deterministic,0.25,tcn,20261001,teamfight,0.008891134124778984,0.2,0.128,0.072
overall,30,deterministic,0.25,tcn,20261002,teamfight,0.010911846425865117,0.23833333333333334,0.15066666666666667,0.08766666666666667
overall,30,deterministic,0.25,tcn,20260930,macro,0.03960784685711595,0.17777777777777778,0.09477777777777778,0.083
overall,30,deterministic,0.25,tcn,20261001,macro,0.039322595786753865,0.18722222222222226,0.10555555555555556,0.08166666666666667
overall,30,deterministic,0.25,tcn,20261002,macro,0.044351299272504446,0.22411111111111112,0.12555555555555556,0.09855555555555556
overall,30,deterministic,0.25,timely_leagueews,20260930,baron,0.08423326133909287,0.20066666666666666,0.12133333333333333,0.07933333333333334
overall,30,deterministic,0.25,timely_leagueews,20261001,baron,0.09842641160135761,0.239,0.15066666666666667,0.08833333333333333
overall,30,deterministic,0.25,timely_leagueews,20261002,baron,0.07590249922863314,0.17566666666666667,0.099,0.07666666666666666
overall,30,deterministic,0.25,timely_leagueews,20260930,dragon,0.03486627239826993,0.142,0.10066666666666667,0.04133333333333333
overall,30,deterministic,0.25,timely_leagueews,20261001,dragon,0.03583723188277871,0.136,0.10766666666666666,0.028333333333333332
overall,30,deterministic,0.25,timely_leagueews,20261002,dragon,0.044399329155265246,0.19066666666666668,0.14133333333333334,0.04933333333333333
overall,30,deterministic,0.25,timely_leagueews,20260930,teamfight,0.00959838343015913,0.166,0.12866666666666668,0.037333333333333336
overall,30,deterministic,0.25,timely_leagueews,20261001,teamfight,0.011265471078555191,0.216,0.17066666666666666,0.04533333333333334
overall,30,deterministic,0.25,timely_leagueews,20261002,teamfight,0.008133367011871685,0.14533333333333334,0.11466666666666667,0.030666666666666665
overall,30,deterministic,0.25,timely_leagueews,20260930,macro,0.0428993057225073,0.16955555555555557,0.11688888888888889,0.05266666666666667
overall,30,deterministic,0.25,timely_leagueews,20261001,macro,0.048509704854230506,0.19699999999999998,0.143,0.054
overall,30,deterministic,0.25,timely_leagueews,20261002,macro,0.04281173179859002,0.17055555555555557,0.11833333333333333,0.052222222222222225
overall,30,deterministic,0.25,timely_tcn,20260930,baron,0.09503239740820735,0.25633333333333336,0.16733333333333333,0.089
overall,30,deterministic,0.25,timely_tcn,20261001,baron,0.08978710274606604,0.21933333333333332,0.135,0.08433333333333333
overall,30,deterministic,0.25,timely_tcn,20261002,baron,0.08978710274606604,0.235,0.15166666666666667,0.08333333333333333
overall,30,deterministic,0.25,timely_tcn,20260930,dragon,0.03442492717803866,0.14733333333333334,0.11533333333333333,0.032
overall,30,deterministic,0.25,timely_tcn,20261001,dragon,0.023479565716303292,0.09566666666666666,0.06866666666666667,0.027
overall,30,deterministic,0.25,timely_tcn,20261002,dragon,0.03371877482566864,0.16033333333333333,0.123,0.037333333333333336
overall,30,deterministic,0.25,timely_tcn,20260930,teamfight,0.010709775195756504,0.222,0.17533333333333334,0.04666666666666667
overall,30,deterministic,0.25,timely_tcn,20261001,teamfight,0.007577671129072998,0.151,0.11966666666666667,0.03133333333333333
overall,30,deterministic,0.25,timely_tcn,20261002,teamfight,0.005506441020459712,0.088,0.067,0.021
overall,30,deterministic,0.25,timely_tcn,20260930,macro,0.046722366594000836,0.20855555555555558,0.15266666666666667,0.055888888888888884
overall,30,deterministic,0.25,timely_tcn,20261001,macro,0.040281446530480776,0.15533333333333332,0.10777777777777779,0.04755555555555555
overall,30,deterministic,0.25,timely_tcn,20261002,macro,0.04300410619739813,0.1611111111111111,0.11388888888888889,0.04722222222222222
overall,30,deterministic,0.5,leagueews,20260930,baron,0.1468682505399568,0.4686666666666667,0.35633333333333334,0.11233333333333333
overall,30,deterministic,0.5,leagueews,20261001,baron,0.14810243751928417,0.4653333333333333,0.35,0.11533333333333333
overall,30,deterministic,0.5,leagueews,20261002,baron,0.14655970379512495,0.5003333333333333,0.38266666666666665,0.11766666666666667
overall,30,deterministic,0.5,leagueews,20260930,dragon,0.04678259334451408,0.305,0.12533333333333332,0.17966666666666667
overall,30,deterministic,0.5,leagueews,20261001,dragon,0.05887545237885074,0.37466666666666665,0.16433333333333333,0.21033333333333334
overall,30,deterministic,0.5,leagueews,20261002,dragon,0.055256421572954365,0.3443333333333333,0.149,0.19533333333333333
overall,30,deterministic,0.5,leagueews,20260930,teamfight,0.01459964637534731,0.3323333333333333,0.21766666666666667,0.11466666666666667
overall,30,deterministic,0.5,leagueews,20261001,teamfight,0.01247789845920687,0.2846666666666667,0.18633333333333332,0.09833333333333333
overall,30,deterministic,0.5,leagueews,20261002,teamfight,0.014195503915130083,0.298,0.19366666666666665,0.10433333333333333
overall,30,deterministic,0.5,leagueews,20260930,macro,0.06941683008660607,0.3686666666666667,0.23311111111111113,0.13555555555555554
overall,30,deterministic,0.5,leagueews,20261001,macro,0.07315192945244726,0.3748888888888889,0.23355555555555554,0.14133333333333334
overall,30,deterministic,0.5,leagueews,20261002,macro,0.07200387642773647,0.3808888888888889,0.24177777777777776,0.1391111111111111
overall,30,deterministic,0.5,tcn,20260930,baron,0.14871953100894786,0.5086666666666667,0.394,0.11466666666666667
overall,30,deterministic,0.5,tcn,20261001,baron,0.13637766121567418,0.44333333333333336,0.332,0.11133333333333334
overall,30,deterministic,0.5,tcn,20261002,baron,0.1410058623881518,0.472,0.35733333333333334,0.11466666666666667
overall,30,deterministic,0.5,tcn,20260930,dragon,0.054638538264630596,0.3396666666666667,0.15066666666666667,0.189
overall,30,deterministic,0.5,tcn,20261001,dragon,0.07441080413099126,0.478,0.228,0.25
overall,30,deterministic,0.5,tcn,20261002,dragon,0.07088004236914114,0.44633333333333336,0.21333333333333335,0.233
overall,30,deterministic,0.5,tcn,20260930,teamfight,0.018944177822682495,0.456,0.31933333333333336,0.13666666666666666
overall,30,deterministic,0.5,tcn,20261001,teamfight,0.01581207375599899,0.357,0.241,0.116
overall,30,deterministic,0.5,tcn,20261002,teamfight,0.016973983329123515,0.413,0.2836666666666667,0.12933333333333333
overall,30,deterministic,0.5,tcn,20260930,macro,0.07410074903208698,0.43477777777777776,0.288,0.14677777777777776
overall,30,deterministic,0.5,tcn,20261001,macro,0.07553351303422148,0.4261111111111111,0.267,0.15911111111111112
overall,30,deterministic,0.5,tcn,20261002,macro,0.07628662936213881,0.44377777777777777,0.2847777777777778,0.159
overall,30,deterministic,0.5,timely_leagueews,20260930,baron,0.13915458191916075,0.42233333333333334,0.31266666666666665,0.10966666666666666
overall,30,deterministic,0.5,timely_leagueews,20261001,baron,0.15149645171243442,0.499,0.385,0.114
overall,30,deterministic,0.5,timely_leagueews,20261002,baron,0.14131440913298365,0.4633333333333333,0.349,0.11433333333333333
overall,30,deterministic,0.5,timely_leagueews,20260930,dragon,0.07282196133815871,0.3893333333333333,0.25733333333333336,0.132
overall,30,deterministic,0.5,timely_leagueews,20261001,dragon,0.06629005207873599,0.32666666666666666,0.23933333333333334,0.08733333333333333
overall,30,deterministic,0.5,timely_leagueews,20261002,dragon,0.08906346544266926,0.48833333333333334,0.3313333333333333,0.157
overall,30,deterministic,0.5,timely_leagueews,20260930,teamfight,0.018590553169992422,0.364,0.284,0.08
overall,30,deterministic,0.5,timely_leagueews,20261001,teamfight,0.02237938873452892,0.473,0.38066666666666665,0.09233333333333334
overall,30,deterministic,0.5,timely_leagueews,20261002,teamfight,0.016317251831270523,0.313,0.255,0.058
overall,30,deterministic,0.5,timely_leagueews,20260930,macro,0.07685569880910396,0.3918888888888889,0.2846666666666667,0.10722222222222222
overall,30,deterministic,0.5,timely_leagueews,20261001,macro,0.08005529750856645,0.4328888888888889,0.335,0.0978888888888889
overall,30,deterministic,0.5,timely_leagueews,20261002,macro,0.0822317088023078,0.4215555555555555,0.31177777777777776,0.10977777777777777
overall,30,deterministic,0.5,timely_tcn,20260930,baron,0.13637766121567418,0.484,0.37333333333333335,0.11066666666666666
overall,30,deterministic,0.5,timely_tcn,20261001,baron,0.13082381980870103,0.417,0.31033333333333335,0.10666666666666667
overall,30,deterministic,0.5,timely_tcn,20261002,baron,0.14655970379512495,0.49033333333333334,0.37766666666666665,0.11266666666666666
overall,30,deterministic,0.5,timely_tcn,20260930,dragon,0.081295789566599,0.44766666666666666,0.3,0.14766666666666667
overall,30,deterministic,0.5,timely_tcn,20261001,dragon,0.059493335687174506,0.31333333333333335,0.20433333333333334,0.109
overall,30,deterministic,0.5,timely_tcn,20261002,dragon,0.07988348486185895,0.44633333333333336,0.31266666666666665,0.13366666666666666
overall,30,deterministic,0.5,timely_tcn,20260930,teamfight,0.010709775195756504,0.222,0.17533333333333334,0.04666666666666667
overall,30,deterministic,0.5,timely_tcn,20261001,teamfight,0.01722657236675928,0.36866666666666664,0.2896666666666667,0.079
overall,30,deterministic,0.5,timely_tcn,20261002,teamfight,0.011770649153826723,0.23633333333333334,0.181,0.05533333333333333
overall,30,deterministic,0.5,timely_tcn,20260930,macro,0.07612774199267656,0.38455555555555554,0.2828888888888889,0.10166666666666667
overall,30,deterministic,0.5,timely_tcn,20261001,macro,0.06918124262087827,0.36633333333333334,0.26811111111111113,0.09822222222222222
overall,30,deterministic,0.5,timely_tcn,20261002,macro,0.07940461260360354,0.391,0.29044444444444445,0.10055555555555555
overall,30,deterministic,0.75,leagueews,20260930,baron,0.1863622338784326,0.733,0.602,0.131
overall,30,deterministic,0.75,leagueews,20261001,baron,0.17494600431965443,0.6463333333333333,0.518,0.12833333333333333
overall,30,deterministic,0.75,leagueews,20261002,baron,0.17741437827830916,0.7063333333333334,0.5746666666666667,0.13166666666666665
overall,30,deterministic,0.75,leagueews,20260930,dragon,0.10998322888163121,0.7413333333333333,0.3993333333333333,0.342
overall,30,deterministic,0.75,leagueews,20261001,dragon,0.08994615588313179,0.575,0.29433333333333334,0.2806666666666667
overall,30,deterministic,0.75,leagueews,20261002,dragon,0.09118192249977933,0.5763333333333334,0.2896666666666667,0.2866666666666667
overall,30,deterministic,0.75,leagueews,20260930,teamfight,0.023692851730234908,0.538,0.37666666666666665,0.16133333333333333
overall,30,deterministic,0.75,leagueews,20261001,teamfight,0.020358676433442788,0.4856666666666667,0.33566666666666667,0.15
overall,30,deterministic,0.75,leagueews,20261002,teamfight,0.020964890123768627,0.477,0.33266666666666667,0.14433333333333334
overall,30,deterministic,0.75,leagueews,20260930,macro,0.1066794381634329,0.6707777777777778,0.4593333333333333,0.21144444444444446
overall,30,deterministic,0.75,leagueews,20261001,macro,0.09508361221207634,0.5690000000000001,0.3826666666666667,0.18633333333333335
overall,30,deterministic,0.75,leagueews,20261002,macro,0.0965203969672857,0.5865555555555555,0.399,0.18755555555555556
overall,30,deterministic,0.75,tcn,20260930,baron,0.18327676643011417,0.7663333333333333,0.6333333333333333,0.133
overall,30,deterministic,0.75,tcn,20261001,baron,0.17371181734032706,0.6713333333333333,0.5426666666666666,0.12866666666666668
overall,30,deterministic,0.75,tcn,20261002,baron,0.18019129898179576,0.7466666666666667,0.6126666666666667,0.134
overall,30,deterministic,0.75,tcn,20260930,dragon,0.08482655132844912,0.563,0.286,0.277
overall,30,deterministic,0.75,tcn,20261001,dragon,0.10556977667931856,0.6813333333333333,0.364,0.31733333333333336
overall,30,deterministic,0.75,tcn,20261002,dragon,0.1081295789566599,0.72,0.38566666666666666,0.3343333333333333
overall,30,deterministic,0.75,tcn,20260930,teamfight,0.018944177822682495,0.456,0.31933333333333336,0.13666666666666666
overall,30,deterministic,0.75,tcn,20261001,teamfight,0.023187673654963374,0.5633333333333334,0.398,0.16533333333333333
overall,30,deterministic,0.75,tcn,20261002,teamfight,0.02535993937863097,0.6393333333333333,0.4573333333333333,0.182
overall,30,deterministic,0.75,tcn,20260930,macro,0.09568249852708192,0.595111111111111,0.41288888888888886,0.1822222222222222
overall,30,deterministic,0.75,tcn,20261001,macro,0.10082308922486967,0.6386666666666666,0.4348888888888889,0.2037777777777778
overall,30,deterministic,0.75,tcn,20261002,macro,0.10456027243902886,0.702,0.4852222222222222,0.21677777777777776
overall,30,deterministic,0.75,timely_leagueews,20260930,baron,0.17895711200246836,0.6956666666666667,0.564,0.13166666666666665
overall,30,deterministic,0.75,timely_leagueews,20261001,baron,0.17895711200246836,0.6996666666666667,0.5693333333333334,0.13033333333333333
overall,30,deterministic,0.75,timely_leagueews,20261002,baron,0.17834001851280468,0.6886666666666666,0.558,0.13066666666666665
overall,30,deterministic,0.75,timely_leagueews,20260930,dragon,0.07282196133815871,0.3893333333333333,0.25733333333333336,0.132
overall,30,deterministic,0.75,timely_leagueews,20261001,dragon,0.1154559096124989,0.6633333333333333,0.447,0.21633333333333332
overall,30,deterministic,0.75,timely_leagueews,20261002,dragon,0.08906346544266926,0.48833333333333334,0.3313333333333333,0.157
overall,30,deterministic,0.75,timely_leagueews,20260930,teamfight,0.02995705986360192,0.6773333333333333,0.547,0.13033333333333333
overall,30,deterministic,0.75,timely_leagueews,20261001,teamfight,0.02237938873452892,0.473,0.38066666666666665,0.09233333333333334
overall,30,deterministic,0.75,timely_leagueews,20261002,teamfight,0.026521848951755495,0.5863333333333334,0.4786666666666667,0.10766666666666666
overall,30,deterministic,0.75,timely_leagueews,20260930,macro,0.09391204440140967,0.5874444444444444,0.4561111111111111,0.13133333333333333
overall,30,deterministic,0.75,timely_leagueews,20261001,macro,0.10559747011649873,0.612,0.4656666666666667,0.14633333333333334
overall,30,deterministic,0.75,timely_leagueews,20261002,macro,0.09797511096907648,0.5877777777777778,0.45599999999999996,0.13177777777777777
overall,30,deterministic,0.75,timely_tcn,20260930,baron,0.18389385991977786,0.7296666666666667,0.6,0.12966666666666668
overall,30,deterministic,0.75,timely_tcn,20261001,baron,0.171860536871336,0.6773333333333333,0.5546666666666666,0.12266666666666666
overall,30,deterministic,0.75,timely_tcn,20261002,baron,0.1771058315334773,0.6953333333333334,0.5663333333333334,0.129
overall,30,deterministic,0.75,timely_tcn,20260930,dragon,0.081295789566599,0.44766666666666666,0.3,0.14766666666666667
overall,30,deterministic,0.75,timely_tcn,20261001,dragon,0.11121899549827875,0.6816666666666666,0.413,0.26866666666666666
overall,30,deterministic,0.75,timely_tcn,20261002,dragon,0.07988348486185895,0.44633333333333336,0.31266666666666665,0.13366666666666666
overall,30,deterministic,0.75,timely_tcn,20260930,teamfight,0.02237938873452892,0.49466666666666664,0.3973333333333333,0.09733333333333333
overall,30,deterministic,0.75,timely_tcn,20261001,teamfight,0.01722657236675928,0.36866666666666664,0.2896666666666667,0.079
overall,30,deterministic,0.75,timely_tcn,20261002,teamfight,0.022227835311947462,0.4826666666666667,0.38666666666666666,0.096
overall,30,deterministic,0.75,timely_tcn,20260930,macro,0.09585634607363526,0.5573333333333333,0.4324444444444444,0.12488888888888888
overall,30,deterministic,0.75,timely_tcn,20261001,macro,0.10010203491212467,0.5758888888888889,0.41911111111111116,0.15677777777777777
overall,30,deterministic,0.75,timely_tcn,20261002,macro,0.0930723839024279,0.5414444444444445,0.4218888888888889,0.11955555555555557
overall,30,deterministic,1.0,leagueews,20260930,baron,0.21012033323048443,0.9393333333333334,0.798,0.14133333333333334
overall,30,deterministic,1.0,leagueews,20261001,baron,0.212897253933971,0.9736666666666667,0.8323333333333334,0.14133333333333334
overall,30,deterministic,1.0,leagueews,20261002,baron,0.20333230484418388,0.9306666666666666,0.7893333333333333,0.14133333333333334
overall,30,deterministic,1.0,leagueews,20260930,dragon,0.14034778003354223,0.9743333333333334,0.5693333333333334,0.405
overall,30,deterministic,1.0,leagueews,20261001,dragon,0.12357666166475417,0.813,0.45166666666666666,0.36133333333333334
overall,30,deterministic,1.0,leagueews,20261002,dragon,0.13134433754082445,0.8786666666666667,0.5016666666666667,0.377
overall,30,deterministic,1.0,leagueews,20260930,teamfight,0.03273553927759535,0.7966666666666666,0.582,0.21466666666666667
overall,30,deterministic,1.0,leagueews,20261001,teamfight,0.029704470825966153,0.7543333333333333,0.548,0.20633333333333334
overall,30,deterministic,1.0,leagueews,20261002,teamfight,0.030007577671129073,0.7223333333333334,0.5283333333333333,0.194
overall,30,deterministic,1.0,leagueews,20260930,macro,0.12773455084720733,0.9034444444444446,0.6497777777777777,0.25366666666666665
overall,30,deterministic,1.0,leagueews,20261001,macro,0.12205946214156378,0.847,0.6106666666666667,0.23633333333333337
overall,30,deterministic,1.0,leagueews,20261002,macro,0.12156140668537913,0.8438888888888889,0.6064444444444445,0.23744444444444443
overall,30,deterministic,1.0,tcn,20260930,baron,0.2076519592718297,0.9533333333333334,0.8076666666666666,0.14566666666666667
overall,30,deterministic,1.0,tcn,20261001,baron,0.20981178648565257,0.9826666666666667,0.837,0.14566666666666667
overall,30,deterministic,1.0,tcn,20261002,baron,0.20456649182351125,0.9613333333333334,0.818,0.14333333333333334
overall,30,deterministic,1.0,tcn,20260930,dragon,0.12401800688498543,0.8083333333333333,0.4533333333333333,0.355
overall,30,deterministic,1.0,tcn,20261001,dragon,0.13372760173007325,0.893,0.5163333333333333,0.37666666666666665
overall,30,deterministic,1.0,tcn,20261002,dragon,0.14820372495365874,0.996,0.598,0.398
overall,30,deterministic,1.0,tcn,20260930,teamfight,0.027481687294771406,0.6936666666666667,0.5073333333333333,0.18633333333333332
overall,30,deterministic,1.0,tcn,20261001,teamfight,0.03217984339479667,0.845,0.6256666666666667,0.21933333333333332
overall,30,deterministic,1.0,tcn,20261002,teamfight,0.02535993937863097,0.6393333333333333,0.4573333333333333,0.182
overall,30,deterministic,1.0,tcn,20260930,macro,0.1197172178171955,0.8184444444444444,0.5894444444444443,0.22899999999999998
overall,30,deterministic,1.0,tcn,20261001,macro,0.12523974387017417,0.9068888888888887,0.6596666666666667,0.24722222222222223
overall,30,deterministic,1.0,tcn,20261002,macro,0.126043385385267,0.8655555555555555,0.6244444444444445,0.24111111111111114
overall,30,deterministic,1.0,timely_leagueews,20260930,baron,0.21814254859611232,1.0046666666666666,0.8583333333333333,0.14633333333333334
overall,30,deterministic,1.0,timely_leagueews,20261001,baron,0.20641777229250233,0.9156666666666666,0.7736666666666666,0.142
overall,30,deterministic,1.0,timely_leagueews,20261002,baron,0.20456649182351125,0.9443333333333334,0.8016666666666666,0.14266666666666666
overall,30,deterministic,1.0,timely_leagueews,20260930,dragon,0.12410627592903169,0.7486666666666667,0.4846666666666667,0.264
overall,30,deterministic,1.0,timely_leagueews,20261001,dragon,0.1154559096124989,0.6633333333333333,0.447,0.21633333333333332
overall,30,deterministic,1.0,timely_leagueews,20261002,dragon,0.14370200370729985,0.8833333333333333,0.584,0.29933333333333334
overall,30,deterministic,1.0,timely_leagueews,20260930,teamfight,0.02995705986360192,0.6773333333333333,0.547,0.13033333333333333
overall,30,deterministic,1.0,timely_leagueews,20261001,teamfight,0.03606971457438747,0.8663333333333333,0.712,0.15433333333333332
overall,30,deterministic,1.0,timely_leagueews,20261002,teamfight,0.026521848951755495,0.5863333333333334,0.4786666666666667,0.10766666666666666
overall,30,deterministic,1.0,timely_leagueews,20260930,macro,0.12406862812958197,0.8102222222222223,0.63,0.1802222222222222
overall,30,deterministic,1.0,timely_leagueews,20261001,macro,0.11931446549312956,0.815111111111111,0.6442222222222221,0.17088888888888887
overall,30,deterministic,1.0,timely_leagueews,20261002,macro,0.12493011482752218,0.8046666666666665,0.6214444444444444,0.1832222222222222
overall,30,deterministic,1.0,timely_tcn,20260930,baron,0.20302375809935205,0.9163333333333333,0.7786666666666666,0.13766666666666666
overall,30,deterministic,1.0,timely_tcn,20261001,baron,0.21197161369947548,1.0016666666666667,0.86,0.14166666666666666
overall,30,deterministic,1.0,timely_tcn,20261002,baron,0.20580067880283864,0.9216666666666666,0.781,0.14066666666666666
overall,30,deterministic,1.0,timely_tcn,20260930,dragon,0.12869626621943683,0.8056666666666666,0.5256666666666666,0.28
overall,30,deterministic,1.0,timely_tcn,20261001,dragon,0.11121899549827875,0.6816666666666666,0.413,0.26866666666666666
overall,30,deterministic,1.0,timely_tcn,20261002,dragon,0.13955335863712595,0.891,0.5903333333333334,0.3006666666666667
overall,30,deterministic,1.0,timely_tcn,20260930,teamfight,0.03642333922707754,0.889,0.731,0.158
overall,30,deterministic,1.0,timely_tcn,20261001,teamfight,0.031118969436726446,0.7573333333333333,0.6156666666666667,0.14166666666666666
overall,30,deterministic,1.0,timely_tcn,20261002,teamfight,0.03632230361202324,0.9003333333333333,0.7386666666666667,0.16166666666666665
overall,30,deterministic,1.0,timely_tcn,20260930,macro,0.1227144545152888,0.8703333333333333,0.6784444444444443,0.1918888888888889
overall,30,deterministic,1.0,timely_tcn,20261001,macro,0.11810319287816022,0.8135555555555555,0.6295555555555555,0.18400000000000002
overall,30,deterministic,1.0,timely_tcn,20261002,macro,0.1272254470173293,0.9043333333333333,0.7033333333333333,0.20099999999999998
overall,30,deterministic,mean,leagueews,20260930,baron,0.15851589015735884,0.5875,0.4704166666666667,0.11708333333333334
overall,30,deterministic,mean,leagueews,20261001,baron,0.1558161061400802,0.5679166666666666,0.45158333333333334,0.11633333333333332
overall,30,deterministic,mean,leagueews,20261002,baron,0.1538876889848812,0.5879166666666666,0.46975,0.11816666666666667
overall,30,deterministic,mean,leagueews,20260930,dragon,0.08006002294995146,0.5414166666666667,0.28600000000000003,0.2554166666666667
overall,30,deterministic,mean,leagueews,20261001,dragon,0.07617618501191632,0.4893333333333333,0.24525,0.24408333333333332
overall,30,deterministic,mean,leagueews,20261002,dragon,0.07575690705269662,0.48941666666666667,0.24966666666666668,0.23975000000000002
overall,30,deterministic,mean,leagueews,20260930,teamfight,0.019979792876989137,0.46641666666666665,0.3250833333333333,0.14133333333333334
overall,30,deterministic,mean,leagueews,20261001,teamfight,0.017112907299823187,0.41941666666666666,0.2901666666666667,0.12925
overall,30,deterministic,mean,leagueews,20261002,teamfight,0.018350593584238444,0.41775,0.2905833333333333,0.12716666666666665
overall,30,deterministic,mean,leagueews,20260930,macro,0.08618523532809981,0.5317777777777778,0.36050000000000004,0.17127777777777778
overall,30,deterministic,mean,leagueews,20261001,macro,0.08303506615060657,0.49222222222222217,0.329,0.16322222222222219
overall,30,deterministic,mean,leagueews,20261002,macro,0.08266506320727209,0.4983611111111111,0.33666666666666667,0.16169444444444445
overall,30,deterministic,mean,tcn,20260930,baron,0.1566646096883678,0.613,0.49391666666666667,0.11908333333333333
overall,30,deterministic,mean,tcn,20261001,baron,0.15188213514347423,0.5809166666666666,0.46375,0.11716666666666668
overall,30,deterministic,mean,tcn,20261002,baron,0.15303918543659364,0.59975,0.48175,0.118
overall,30,deterministic,mean,tcn,20260930,dragon,0.07200547268073088,0.4676666666666667,0.23583333333333334,0.23183333333333334
overall,30,deterministic,mean,tcn,20261001,dragon,0.08378939006090563,0.5469166666666667,0.28841666666666665,0.2585
overall,30,deterministic,mean,tcn,20261002,dragon,0.09074057727954805,0.5943333333333334,0.32099999999999995,0.2733333333333333
overall,30,deterministic,mean,tcn,20260930,teamfight,0.01816115180601162,0.4389166666666667,0.3090833333333334,0.12983333333333333
overall,30,deterministic,mean,tcn,20261001,teamfight,0.020017681232634504,0.49133333333333334,0.3481666666666667,0.14316666666666666
overall,30,deterministic,mean,tcn,20261002,teamfight,0.019651427128062643,0.4825,0.33725,0.14525
overall,30,deterministic,mean,tcn,20260930,macro,0.08227707805837009,0.5065277777777778,0.34627777777777774,0.16025
overall,30,deterministic,mean,tcn,20261001,macro,0.0852297354790048,0.5397222222222222,0.3667777777777778,0.17294444444444446
overall,30,deterministic,mean,tcn,20261002,macro,0.08781039661473478,0.5588611111111111,0.37999999999999995,0.1788611111111111
overall,30,deterministic,mean,timely_leagueews,20260930,baron,0.15512187596420857,0.5808333333333333,0.4640833333333333,0.11674999999999999
overall,30,deterministic,mean,timely_leagueews,20261001,baron,0.1588244369021907,0.5883333333333334,0.4696666666666667,0.11866666666666667
overall,30,deterministic,mean,timely_leagueews,20261002,baron,0.15003085467448318,0.568,0.45191666666666663,0.11608333333333333
overall,30,deterministic,mean,timely_leagueews,20260930,dragon,0.07615411775090476,0.41733333333333333,0.275,0.14233333333333334
overall,30,deterministic,mean,timely_leagueews,20261001,dragon,0.08325977579662812,0.4473333333333333,0.31025,0.13708333333333333
overall,30,deterministic,mean,timely_leagueews,20261002,dragon,0.0915570659369759,0.5126666666666666,0.347,0.16566666666666668
overall,30,deterministic,mean,timely_leagueews,20260930,teamfight,0.022025764081838848,0.4711666666666667,0.3766666666666667,0.0945
overall,30,deterministic,mean,timely_leagueews,20261001,teamfight,0.023023490780500127,0.5070833333333333,0.411,0.09608333333333333
overall,30,deterministic,mean,timely_leagueews,20261002,teamfight,0.019373579186663298,0.40775,0.33175,0.076
overall,30,deterministic,mean,timely_leagueews,20260930,macro,0.08443391926565073,0.4897777777777778,0.3719166666666667,0.11786111111111112
overall,30,deterministic,mean,timely_leagueews,20261001,macro,0.08836923449310631,0.51425,0.3969722222222222,0.11727777777777777
overall,30,deterministic,mean,timely_leagueews,20261002,macro,0.08698716659937412,0.4961388888888889,0.37688888888888883,0.11925000000000001
overall,30,deterministic,mean,timely_tcn,20260930,baron,0.15458191916075287,0.5965833333333334,0.47983333333333333,0.11675
overall,30,deterministic,mean,timely_tcn,20261001,baron,0.15111076828139464,0.5788333333333333,0.46499999999999997,0.11383333333333333
overall,30,deterministic,mean,timely_tcn,20261002,baron,0.15481332921937674,0.5855833333333333,0.46916666666666673,0.11641666666666667
overall,30,deterministic,mean,timely_tcn,20260930,dragon,0.08142819313266837,0.4620833333333333,0.31025,0.15183333333333335
overall,30,deterministic,mean,timely_tcn,20261001,dragon,0.07635272310000882,0.44308333333333333,0.27475,0.16833333333333333
overall,30,deterministic,mean,timely_tcn,20261002,dragon,0.08325977579662813,0.486,0.33466666666666667,0.15133333333333332
overall,30,deterministic,mean,timely_tcn,20260930,teamfight,0.020055569588279868,0.45691666666666664,0.36975,0.08716666666666667
overall,30,deterministic,mean,timely_tcn,20261001,teamfight,0.018287446324829502,0.41141666666666665,0.32866666666666666,0.08275
overall,30,deterministic,mean,timely_tcn,20261002,teamfight,0.018956807274564284,0.42683333333333334,0.3433333333333334,0.08349999999999999
overall,30,deterministic,mean,timely_tcn,20260930,macro,0.08535522729390037,0.5051944444444444,0.38661111111111107,0.11858333333333333
overall,30,deterministic,mean,timely_tcn,20261001,macro,0.08191697923541098,0.4777777777777777,0.35613888888888884,0.1216388888888889
overall,30,deterministic,mean,timely_tcn,20261002,macro,0.08567663743018972,0.49947222222222226,0.3823888888888889,0.11708333333333332
overall,30,regional_deterministic,0.25,leagueews,20260930,baron,0.09071274298056156,0.209,0.12533333333333332,0.08366666666666667
overall,30,regional_deterministic,0.25,leagueews,20261001,baron,0.09379821042887998,0.21166666666666667,0.126,0.08566666666666667
overall,30,regional_deterministic,0.25,leagueews,20261002,baron,0.08824436902190681,0.21433333333333332,0.13233333333333333,0.082
overall,30,regional_deterministic,0.25,leagueews,20260930,dragon,0.02312648954011828,0.145,0.05,0.095
overall,30,regional_deterministic,0.25,leagueews,20261001,dragon,0.03230647012092859,0.19466666666666665,0.07066666666666667,0.124
overall,30,regional_deterministic,0.25,leagueews,20261002,dragon,0.02524494659722835,0.15833333333333333,0.058333333333333334,0.1
overall,30,regional_deterministic,0.25,leagueews,20260930,teamfight,0.008891134124778984,0.19866666666666666,0.124,0.07466666666666667
overall,30,regional_deterministic,0.25,leagueews,20261001,teamfight,0.005910583480676939,0.153,0.09066666666666667,0.06233333333333333
overall,30,regional_deterministic,0.25,leagueews,20261002,teamfight,0.008234402626925992,0.17366666666666666,0.10766666666666666,0.066
overall,30,regional_deterministic,0.25,leagueews,20260930,macro,0.040910122215152944,0.1842222222222222,0.09977777777777778,0.08444444444444445
overall,30,regional_deterministic,0.25,leagueews,20261001,macro,0.044005088010161834,0.18644444444444444,0.09577777777777778,0.09066666666666667
overall,30,regional_deterministic,0.25,leagueews,20261002,macro,0.04057457274868705,0.1821111111111111,0.09944444444444445,0.08266666666666667
overall,30,regional_deterministic,0.25,tcn,20260930,baron,0.09132983647022525,0.242,0.15433333333333332,0.08766666666666667
overall,30,regional_deterministic,0.25,tcn,20261001,baron,0.08762727553224313,0.22633333333333333,0.14333333333333334,0.083
overall,30,regional_deterministic,0.25,tcn,20261002,baron,0.08639308855291576,0.219,0.139,0.08
overall,30,regional_deterministic,0.25,tcn,20260930,dragon,0.024538794244858327,0.15966666666666668,0.05333333333333334,0.10633333333333334
overall,30,regional_deterministic,0.25,tcn,20261001,dragon,0.021449377703239472,0.13533333333333333,0.04533333333333334,0.09
overall,30,regional_deterministic,0.25,tcn,20261002,dragon,0.035748962838732454,0.215,0.087,0.128
overall,30,regional_deterministic,0.25,tcn,20260930,teamfight,0.0072745642839100785,0.15,0.09033333333333333,0.059666666666666666
overall,30,regional_deterministic,0.25,tcn,20261001,teamfight,0.008891134124778984,0.2,0.128,0.072
overall,30,regional_deterministic,0.25,tcn,20261002,teamfight,0.010911846425865117,0.23833333333333334,0.15066666666666667,0.08766666666666667
overall,30,regional_deterministic,0.25,tcn,20260930,macro,0.041047731666331216,0.18388888888888888,0.09933333333333333,0.08455555555555555
overall,30,regional_deterministic,0.25,tcn,20261001,macro,0.039322595786753865,0.18722222222222226,0.10555555555555556,0.08166666666666667
overall,30,regional_deterministic,0.25,tcn,20261002,macro,0.044351299272504446,0.22411111111111112,0.12555555555555556,0.09855555555555556
overall,30,regional_deterministic,0.25,timely_leagueews,20260930,baron,0.08423326133909287,0.20066666666666666,0.12133333333333333,0.07933333333333334
overall,30,regional_deterministic,0.25,timely_leagueews,20261001,baron,0.09842641160135761,0.239,0.15066666666666667,0.08833333333333333
overall,30,regional_deterministic,0.25,timely_leagueews,20261002,baron,0.07590249922863314,0.17566666666666667,0.099,0.07666666666666666
overall,30,regional_deterministic,0.25,timely_leagueews,20260930,dragon,0.03486627239826993,0.142,0.10066666666666667,0.04133333333333333
overall,30,regional_deterministic,0.25,timely_leagueews,20261001,dragon,0.03583723188277871,0.136,0.10766666666666666,0.028333333333333332
overall,30,regional_deterministic,0.25,timely_leagueews,20261002,dragon,0.044399329155265246,0.19066666666666668,0.14133333333333334,0.04933333333333333
overall,30,regional_deterministic,0.25,timely_leagueews,20260930,teamfight,0.00959838343015913,0.166,0.12866666666666668,0.037333333333333336
overall,30,regional_deterministic,0.25,timely_leagueews,20261001,teamfight,0.011265471078555191,0.216,0.17066666666666666,0.04533333333333334
overall,30,regional_deterministic,0.25,timely_leagueews,20261002,teamfight,0.008133367011871685,0.14533333333333334,0.11466666666666667,0.030666666666666665
overall,30,regional_deterministic,0.25,timely_leagueews,20260930,macro,0.0428993057225073,0.16955555555555557,0.11688888888888889,0.05266666666666667
overall,30,regional_deterministic,0.25,timely_leagueews,20261001,macro,0.048509704854230506,0.19699999999999998,0.143,0.054
overall,30,regional_deterministic,0.25,timely_leagueews,20261002,macro,0.04281173179859002,0.17055555555555557,0.11833333333333333,0.052222222222222225
overall,30,regional_deterministic,0.25,timely_tcn,20260930,baron,0.09503239740820735,0.25633333333333336,0.16733333333333333,0.089
overall,30,regional_deterministic,0.25,timely_tcn,20261001,baron,0.08978710274606604,0.21933333333333332,0.135,0.08433333333333333
overall,30,regional_deterministic,0.25,timely_tcn,20261002,baron,0.08978710274606604,0.235,0.15166666666666667,0.08333333333333333
overall,30,regional_deterministic,0.25,timely_tcn,20260930,dragon,0.03442492717803866,0.14733333333333334,0.11533333333333333,0.032
overall,30,regional_deterministic,0.25,timely_tcn,20261001,dragon,0.023479565716303292,0.09566666666666666,0.06866666666666667,0.027
overall,30,regional_deterministic,0.25,timely_tcn,20261002,dragon,0.03371877482566864,0.16033333333333333,0.123,0.037333333333333336
overall,30,regional_deterministic,0.25,timely_tcn,20260930,teamfight,0.010709775195756504,0.222,0.17533333333333334,0.04666666666666667
overall,30,regional_deterministic,0.25,timely_tcn,20261001,teamfight,0.007577671129072998,0.151,0.11966666666666667,0.03133333333333333
overall,30,regional_deterministic,0.25,timely_tcn,20261002,teamfight,0.009042687547360444,0.17033333333333334,0.129,0.04133333333333333
overall,30,regional_deterministic,0.25,timely_tcn,20260930,macro,0.046722366594000836,0.20855555555555558,0.15266666666666667,0.055888888888888884
overall,30,regional_deterministic,0.25,timely_tcn,20261001,macro,0.040281446530480776,0.15533333333333332,0.10777777777777779,0.04755555555555555
overall,30,regional_deterministic,0.25,timely_tcn,20261002,macro,0.04418285503969838,0.18855555555555556,0.13455555555555557,0.054
overall,30,regional_deterministic,0.5,leagueews,20260930,baron,0.1468682505399568,0.4686666666666667,0.35633333333333334,0.11233333333333333
overall,30,regional_deterministic,0.5,leagueews,20261001,baron,0.14810243751928417,0.4653333333333333,0.35,0.11533333333333333
overall,30,regional_deterministic,0.5,leagueews,20261002,baron,0.14655970379512495,0.5003333333333333,0.38266666666666665,0.11766666666666667
overall,30,regional_deterministic,0.5,leagueews,20260930,dragon,0.06196486892046959,0.3993333333333333,0.17933333333333334,0.22
overall,30,regional_deterministic,0.5,leagueews,20261001,dragon,0.05887545237885074,0.37466666666666665,0.16433333333333333,0.21033333333333334
overall,30,regional_deterministic,0.5,leagueews,20261002,dragon,0.055256421572954365,0.3443333333333333,0.149,0.19533333333333333
overall,30,regional_deterministic,0.5,leagueews,20260930,teamfight,0.01459964637534731,0.3323333333333333,0.21766666666666667,0.11466666666666667
overall,30,regional_deterministic,0.5,leagueews,20261001,teamfight,0.01626673402374337,0.37966666666666665,0.255,0.12466666666666666
overall,30,regional_deterministic,0.5,leagueews,20261002,teamfight,0.017883303864612277,0.385,0.26033333333333336,0.12466666666666666
overall,30,regional_deterministic,0.5,leagueews,20260930,macro,0.07447758861192456,0.4001111111111111,0.2511111111111111,0.149
overall,30,regional_deterministic,0.5,leagueews,20261001,macro,0.0744148746406261,0.40655555555555556,0.2564444444444444,0.1501111111111111
overall,30,regional_deterministic,0.5,leagueews,20261002,macro,0.07323314307756386,0.4098888888888889,0.264,0.14588888888888887
overall,30,regional_deterministic,0.5,tcn,20260930,baron,0.14871953100894786,0.5086666666666667,0.394,0.11466666666666667
overall,30,regional_deterministic,0.5,tcn,20261001,baron,0.14285714285714285,0.4736666666666667,0.36033333333333334,0.11333333333333333
overall,30,regional_deterministic,0.5,tcn,20261002,baron,0.1410058623881518,0.472,0.35733333333333334,0.11466666666666667
overall,30,regional_deterministic,0.5,tcn,20260930,dragon,0.054638538264630596,0.3396666666666667,0.15066666666666667,0.189
overall,30,regional_deterministic,0.5,tcn,20261001,dragon,0.07441080413099126,0.478,0.228,0.25
overall,30,regional_deterministic,0.5,tcn,20261002,dragon,0.07088004236914114,0.44633333333333336,0.21333333333333335,0.233
overall,30,regional_deterministic,0.5,tcn,20260930,teamfight,0.018944177822682495,0.456,0.31933333333333336,0.13666666666666666
overall,30,regional_deterministic,0.5,tcn,20261001,teamfight,0.01581207375599899,0.357,0.241,0.116
overall,30,regional_deterministic,0.5,tcn,20261002,teamfight,0.016973983329123515,0.413,0.2836666666666667,0.12933333333333333
overall,30,regional_deterministic,0.5,tcn,20260930,macro,0.07410074903208698,0.43477777777777776,0.288,0.14677777777777776
overall,30,regional_deterministic,0.5,tcn,20261001,macro,0.07769334024804438,0.43622222222222223,0.27644444444444444,0.15977777777777777
overall,30,regional_deterministic,0.5,tcn,20261002,macro,0.07628662936213881,0.44377777777777777,0.2847777777777778,0.159
overall,30,regional_deterministic,0.5,timely_leagueews,20260930,baron,0.14625115705029312,0.45966666666666667,0.3473333333333333,0.11233333333333333
overall,30,regional_deterministic,0.5,timely_leagueews,20261001,baron,0.15149645171243442,0.499,0.385,0.114
overall,30,regional_deterministic,0.5,timely_leagueews,20261002,baron,0.14131440913298365,0.4633333333333333,0.349,0.11433333333333333
overall,30,regional_deterministic,0.5,timely_leagueews,20260930,dragon,0.07282196133815871,0.3893333333333333,0.25733333333333336,0.132
overall,30,regional_deterministic,0.5,timely_leagueews,20261001,dragon,0.06629005207873599,0.32666666666666666,0.23933333333333334,0.08733333333333333
overall,30,regional_deterministic,0.5,timely_leagueews,20261002,dragon,0.08906346544266926,0.48833333333333334,0.3313333333333333,0.157
overall,30,regional_deterministic,0.5,timely_leagueews,20260930,teamfight,0.018590553169992422,0.364,0.284,0.08
overall,30,regional_deterministic,0.5,timely_leagueews,20261001,teamfight,0.02237938873452892,0.473,0.38066666666666665,0.09233333333333334
overall,30,regional_deterministic,0.5,timely_leagueews,20261002,teamfight,0.016317251831270523,0.313,0.255,0.058
overall,30,regional_deterministic,0.5,timely_leagueews,20260930,macro,0.07922122385281476,0.4043333333333334,0.2962222222222222,0.10811111111111112
overall,30,regional_deterministic,0.5,timely_leagueews,20261001,macro,0.08005529750856645,0.4328888888888889,0.335,0.0978888888888889
overall,30,regional_deterministic,0.5,timely_leagueews,20261002,macro,0.0822317088023078,0.4215555555555555,0.31177777777777776,0.10977777777777777
overall,30,regional_deterministic,0.5,timely_tcn,20260930,baron,0.13637766121567418,0.484,0.37333333333333335,0.11066666666666666
overall,30,regional_deterministic,0.5,timely_tcn,20261001,baron,0.13853748842949706,0.455,0.3466666666666667,0.10833333333333334
overall,30,regional_deterministic,0.5,timely_tcn,20261002,baron,0.14655970379512495,0.49033333333333334,0.37766666666666665,0.11266666666666666
overall,30,regional_deterministic,0.5,timely_tcn,20260930,dragon,0.081295789566599,0.44766666666666666,0.3,0.14766666666666667
overall,30,regional_deterministic,0.5,timely_tcn,20261001,dragon,0.059493335687174506,0.31333333333333335,0.20433333333333334,0.109
overall,30,regional_deterministic,0.5,timely_tcn,20261002,dragon,0.07988348486185895,0.44633333333333336,0.31266666666666665,0.13366666666666666
overall,30,regional_deterministic,0.5,timely_tcn,20260930,teamfight,0.010709775195756504,0.222,0.17533333333333334,0.04666666666666667
overall,30,regional_deterministic,0.5,timely_tcn,20261001,teamfight,0.01722657236675928,0.36866666666666664,0.2896666666666667,0.079
overall,30,regional_deterministic,0.5,timely_tcn,20261002,teamfight,0.011770649153826723,0.23633333333333334,0.181,0.05533333333333333
overall,30,regional_deterministic,0.5,timely_tcn,20260930,macro,0.07612774199267656,0.38455555555555554,0.2828888888888889,0.10166666666666667
overall,30,regional_deterministic,0.5,timely_tcn,20261001,macro,0.07175246549447695,0.379,0.2802222222222222,0.09877777777777778
overall,30,regional_deterministic,0.5,timely_tcn,20261002,macro,0.07940461260360354,0.391,0.29044444444444445,0.10055555555555555
overall,30,regional_deterministic,0.75,leagueews,20260930,baron,0.1863622338784326,0.733,0.602,0.131
overall,30,regional_deterministic,0.75,leagueews,20261001,baron,0.183585313174946,0.6913333333333334,0.561,0.13033333333333333
overall,30,regional_deterministic,0.75,leagueews,20261002,baron,0.17741437827830916,0.7063333333333334,0.5746666666666667,0.13166666666666665
overall,30,regional_deterministic,0.75,leagueews,20260930,dragon,0.10998322888163121,0.7413333333333333,0.3993333333333333,0.342
overall,30,regional_deterministic,0.75,leagueews,20261001,dragon,0.08994615588313179,0.575,0.29433333333333334,0.2806666666666667
overall,30,regional_deterministic,0.75,leagueews,20261002,dragon,0.09118192249977933,0.5763333333333334,0.2896666666666667,0.2866666666666667
overall,30,regional_deterministic,0.75,leagueews,20260930,teamfight,0.023692851730234908,0.538,0.37666666666666665,0.16133333333333333
overall,30,regional_deterministic,0.75,leagueews,20261001,teamfight,0.020358676433442788,0.4856666666666667,0.33566666666666667,0.15
overall,30,regional_deterministic,0.75,leagueews,20261002,teamfight,0.02525890376357666,0.601,0.43333333333333335,0.16766666666666666
overall,30,regional_deterministic,0.75,leagueews,20260930,macro,0.1066794381634329,0.6707777777777778,0.4593333333333333,0.21144444444444446
overall,30,regional_deterministic,0.75,leagueews,20261001,macro,0.09796338183050686,0.584,0.397,0.18700000000000003
overall,30,regional_deterministic,0.75,leagueews,20261002,macro,0.09795173484722171,0.6278888888888888,0.4325555555555556,0.19533333333333333
overall,30,regional_deterministic,0.75,tcn,20260930,baron,0.18327676643011417,0.7663333333333333,0.6333333333333333,0.133
overall,30,regional_deterministic,0.75,tcn,20261001,baron,0.18019129898179576,0.7153333333333334,0.584,0.13133333333333333
overall,30,regional_deterministic,0.75,tcn,20261002,baron,0.18019129898179576,0.7466666666666667,0.6126666666666667,0.134
overall,30,regional_deterministic,0.75,tcn,20260930,dragon,0.08482655132844912,0.563,0.286,0.277
overall,30,regional_deterministic,0.75,tcn,20261001,dragon,0.10556977667931856,0.6813333333333333,0.364,0.31733333333333336
overall,30,regional_deterministic,0.75,tcn,20261002,dragon,0.1081295789566599,0.72,0.38566666666666666,0.3343333333333333
overall,30,regional_deterministic,0.75,tcn,20260930,teamfight,0.02308663803990907,0.5756666666666667,0.414,0.16166666666666665
overall,30,regional_deterministic,0.75,tcn,20261001,teamfight,0.023187673654963374,0.5633333333333334,0.398,0.16533333333333333
overall,30,regional_deterministic,0.75,tcn,20261002,teamfight,0.02535993937863097,0.6393333333333333,0.4573333333333333,0.182
overall,30,regional_deterministic,0.75,tcn,20260930,macro,0.09706331859949079,0.6349999999999999,0.4444444444444444,0.19055555555555556
overall,30,regional_deterministic,0.75,tcn,20261001,macro,0.10298291643869256,0.6533333333333333,0.4486666666666667,0.20466666666666666
overall,30,regional_deterministic,0.75,tcn,20261002,macro,0.10456027243902886,0.702,0.4852222222222222,0.21677777777777776
overall,30,regional_deterministic,0.75,timely_leagueews,20260930,baron,0.18605368713360074,0.7313333333333333,0.597,0.13433333333333333
overall,30,regional_deterministic,0.75,timely_leagueews,20261001,baron,0.17895711200246836,0.6996666666666667,0.5693333333333334,0.13033333333333333
overall,30,regional_deterministic,0.75,timely_leagueews,20261002,baron,0.17834001851280468,0.6886666666666666,0.558,0.13066666666666665
overall,30,regional_deterministic,0.75,timely_leagueews,20260930,dragon,0.09709594845087828,0.5656666666666667,0.36533333333333334,0.20033333333333334
overall,30,regional_deterministic,0.75,timely_leagueews,20261001,dragon,0.1154559096124989,0.6633333333333333,0.447,0.21633333333333332
overall,30,regional_deterministic,0.75,timely_leagueews,20261002,dragon,0.08906346544266926,0.48833333333333334,0.3313333333333333,0.157
overall,30,regional_deterministic,0.75,timely_leagueews,20260930,teamfight,0.02995705986360192,0.6773333333333333,0.547,0.13033333333333333
overall,30,regional_deterministic,0.75,timely_leagueews,20261001,teamfight,0.02237938873452892,0.473,0.38066666666666665,0.09233333333333334
overall,30,regional_deterministic,0.75,timely_leagueews,20261002,teamfight,0.026521848951755495,0.5863333333333334,0.4786666666666667,0.10766666666666666
overall,30,regional_deterministic,0.75,timely_leagueews,20260930,macro,0.10436889848269365,0.6581111111111111,0.5031111111111111,0.155
overall,30,regional_deterministic,0.75,timely_leagueews,20261001,macro,0.10559747011649873,0.612,0.4656666666666667,0.14633333333333334
overall,30,regional_deterministic,0.75,timely_leagueews,20261002,macro,0.09797511096907648,0.5877777777777778,0.45599999999999996,0.13177777777777777
overall,30,regional_deterministic,0.75,timely_tcn,20260930,baron,0.18389385991977786,0.7296666666666667,0.6,0.12966666666666668
overall,30,regional_deterministic,0.75,timely_tcn,20261001,baron,0.1771058315334773,0.727,0.6013333333333334,0.12566666666666668
overall,30,regional_deterministic,0.75,timely_tcn,20261002,baron,0.1771058315334773,0.6953333333333334,0.5663333333333334,0.129
overall,30,regional_deterministic,0.75,timely_tcn,20260930,dragon,0.081295789566599,0.44766666666666666,0.3,0.14766666666666667
overall,30,regional_deterministic,0.75,timely_tcn,20261001,dragon,0.11121899549827875,0.6816666666666666,0.413,0.26866666666666666
overall,30,regional_deterministic,0.75,timely_tcn,20261002,dragon,0.07988348486185895,0.44633333333333336,0.31266666666666665,0.13366666666666666
overall,30,regional_deterministic,0.75,timely_tcn,20260930,teamfight,0.02237938873452892,0.49466666666666664,0.3973333333333333,0.09733333333333333
overall,30,regional_deterministic,0.75,timely_tcn,20261001,teamfight,0.01722657236675928,0.36866666666666664,0.2896666666666667,0.079
overall,30,regional_deterministic,0.75,timely_tcn,20261002,teamfight,0.022227835311947462,0.4826666666666667,0.38666666666666666,0.096
overall,30,regional_deterministic,0.75,timely_tcn,20260930,macro,0.09585634607363526,0.5573333333333333,0.4324444444444444,0.12488888888888888
overall,30,regional_deterministic,0.75,timely_tcn,20261001,macro,0.10185046646617178,0.5924444444444444,0.4346666666666667,0.15777777777777777
overall,30,regional_deterministic,0.75,timely_tcn,20261002,macro,0.0930723839024279,0.5414444444444445,0.4218888888888889,0.11955555555555557
overall,30,regional_deterministic,1.0,leagueews,20260930,baron,0.21567417463745758,0.999,0.857,0.142
overall,30,regional_deterministic,1.0,leagueews,20261001,baron,0.212897253933971,0.9736666666666667,0.8323333333333334,0.14133333333333334
overall,30,regional_deterministic,1.0,leagueews,20261002,baron,0.2107374267201481,0.9913333333333333,0.8476666666666667,0.14366666666666666
overall,30,regional_deterministic,1.0,leagueews,20260930,dragon,0.14034778003354223,0.9743333333333334,0.5693333333333334,0.405
overall,30,regional_deterministic,1.0,leagueews,20261001,dragon,0.12357666166475417,0.813,0.45166666666666666,0.36133333333333334
overall,30,regional_deterministic,1.0,leagueews,20261002,dragon,0.13134433754082445,0.8786666666666667,0.5016666666666667,0.377
overall,30,regional_deterministic,1.0,leagueews,20260930,teamfight,0.03273553927759535,0.7966666666666666,0.582,0.21466666666666667
overall,30,regional_deterministic,1.0,leagueews,20261001,teamfight,0.029704470825966153,0.7543333333333333,0.548,0.20633333333333334
overall,30,regional_deterministic,1.0,leagueews,20261002,teamfight,0.030007577671129073,0.7223333333333334,0.5283333333333333,0.194
overall,30,regional_deterministic,1.0,leagueews,20260930,macro,0.1295858313161984,0.9233333333333333,0.6694444444444444,0.2538888888888889
overall,30,regional_deterministic,1.0,leagueews,20261001,macro,0.12205946214156378,0.847,0.6106666666666667,0.23633333333333337
overall,30,regional_deterministic,1.0,leagueews,20261002,macro,0.12402978064403387,0.8641111111111112,0.6258888888888889,0.2382222222222222
overall,30,regional_deterministic,1.0,tcn,20260930,baron,0.21351434742363468,1.0056666666666667,0.8576666666666667,0.148
overall,30,regional_deterministic,1.0,tcn,20261001,baron,0.20981178648565257,0.9826666666666667,0.837,0.14566666666666667
overall,30,regional_deterministic,1.0,tcn,20261002,baron,0.20456649182351125,0.9613333333333334,0.818,0.14333333333333334
overall,30,regional_deterministic,1.0,tcn,20260930,dragon,0.12401800688498543,0.8083333333333333,0.4533333333333333,0.355
overall,30,regional_deterministic,1.0,tcn,20261001,dragon,0.13372760173007325,0.893,0.5163333333333333,0.37666666666666665
overall,30,regional_deterministic,1.0,tcn,20261002,dragon,0.14820372495365874,0.996,0.598,0.398
overall,30,regional_deterministic,1.0,tcn,20260930,teamfight,0.027481687294771406,0.6936666666666667,0.5073333333333333,0.18633333333333332
overall,30,regional_deterministic,1.0,tcn,20261001,teamfight,0.03217984339479667,0.845,0.6256666666666667,0.21933333333333332
overall,30,regional_deterministic,1.0,tcn,20261002,teamfight,0.031068451629199294,0.8046666666666666,0.5926666666666667,0.212
overall,30,regional_deterministic,1.0,tcn,20260930,macro,0.1216713472011305,0.8358888888888889,0.6061111111111112,0.22977777777777778
overall,30,regional_deterministic,1.0,tcn,20261001,macro,0.12523974387017417,0.9068888888888887,0.6596666666666667,0.24722222222222223
overall,30,regional_deterministic,1.0,tcn,20261002,macro,0.12794622280212312,0.9206666666666666,0.6695555555555556,0.2511111111111111
overall,30,regional_deterministic,1.0,timely_leagueews,20260930,baron,0.21814254859611232,1.0046666666666666,0.8583333333333333,0.14633333333333334
overall,30,regional_deterministic,1.0,timely_leagueews,20261001,baron,0.21258870718913916,0.971,0.8263333333333334,0.14466666666666667
overall,30,regional_deterministic,1.0,timely_leagueews,20261002,baron,0.20456649182351125,0.9443333333333334,0.8016666666666666,0.14266666666666666
overall,30,regional_deterministic,1.0,timely_leagueews,20260930,dragon,0.12410627592903169,0.7486666666666667,0.4846666666666667,0.264
overall,30,regional_deterministic,1.0,timely_leagueews,20261001,dragon,0.1154559096124989,0.6633333333333333,0.447,0.21633333333333332
overall,30,regional_deterministic,1.0,timely_leagueews,20261002,dragon,0.14370200370729985,0.8833333333333333,0.584,0.29933333333333334
overall,30,regional_deterministic,1.0,timely_leagueews,20260930,teamfight,0.02995705986360192,0.6773333333333333,0.547,0.13033333333333333
overall,30,regional_deterministic,1.0,timely_leagueews,20261001,teamfight,0.03606971457438747,0.8663333333333333,0.712,0.15433333333333332
overall,30,regional_deterministic,1.0,timely_leagueews,20261002,teamfight,0.026521848951755495,0.5863333333333334,0.4786666666666667,0.10766666666666666
overall,30,regional_deterministic,1.0,timely_leagueews,20260930,macro,0.12406862812958197,0.8102222222222223,0.63,0.1802222222222222
overall,30,regional_deterministic,1.0,timely_leagueews,20261001,macro,0.1213714437920085,0.8335555555555555,0.6617777777777778,0.17177777777777778
overall,30,regional_deterministic,1.0,timely_leagueews,20261002,macro,0.12493011482752218,0.8046666666666665,0.6214444444444444,0.1832222222222222
overall,30,regional_deterministic,1.0,timely_tcn,20260930,baron,0.20888614625115706,0.9653333333333334,0.8256666666666667,0.13966666666666666
overall,30,regional_deterministic,1.0,timely_tcn,20261001,baron,0.21197161369947548,1.0016666666666667,0.86,0.14166666666666666
overall,30,regional_deterministic,1.0,timely_tcn,20261002,baron,0.21258870718913916,0.9846666666666667,0.84,0.14466666666666667
overall,30,regional_deterministic,1.0,timely_tcn,20260930,dragon,0.12869626621943683,0.8056666666666666,0.5256666666666666,0.28
overall,30,regional_deterministic,1.0,timely_tcn,20261001,dragon,0.11121899549827875,0.6816666666666666,0.413,0.26866666666666666
overall,30,regional_deterministic,1.0,timely_tcn,20261002,dragon,0.13955335863712595,0.891,0.5903333333333334,0.3006666666666667
overall,30,regional_deterministic,1.0,timely_tcn,20260930,teamfight,0.03642333922707754,0.889,0.731,0.158
overall,30,regional_deterministic,1.0,timely_tcn,20261001,teamfight,0.031118969436726446,0.7573333333333333,0.6156666666666667,0.14166666666666666
overall,30,regional_deterministic,1.0,timely_tcn,20261002,teamfight,0.03632230361202324,0.9003333333333333,0.7386666666666667,0.16166666666666665
overall,30,regional_deterministic,1.0,timely_tcn,20260930,macro,0.1246685838992238,0.8866666666666667,0.694111111111111,0.19255555555555556
overall,30,regional_deterministic,1.0,timely_tcn,20261001,macro,0.11810319287816022,0.8135555555555555,0.6295555555555555,0.18400000000000002
overall,30,regional_deterministic,1.0,timely_tcn,20261002,macro,0.12948812314609612,0.9253333333333332,0.723,0.20233333333333334
overall,30,regional_deterministic,mean,leagueews,20260930,baron,0.15990435050910212,0.6024166666666667,0.4851666666666667,0.11725
overall,30,regional_deterministic,mean,leagueews,20261001,baron,0.1595958037642703,0.5855,0.4673333333333333,0.11816666666666667
overall,30,regional_deterministic,mean,leagueews,20261002,baron,0.15573896945387228,0.6030833333333333,0.4843333333333333,0.11875
overall,30,regional_deterministic,mean,leagueews,20260930,dragon,0.08385559184394033,0.5650000000000001,0.2995,0.2655
overall,30,regional_deterministic,mean,leagueews,20261001,dragon,0.07617618501191632,0.4893333333333333,0.24525,0.24408333333333332
overall,30,regional_deterministic,mean,leagueews,20261002,dragon,0.07575690705269662,0.48941666666666667,0.24966666666666668,0.23975000000000002
overall,30,regional_deterministic,mean,leagueews,20260930,teamfight,0.019979792876989137,0.46641666666666665,0.3250833333333333,0.14133333333333334
overall,30,regional_deterministic,mean,leagueews,20261001,teamfight,0.018060116190957314,0.44316666666666665,0.30733333333333335,0.13583333333333333
overall,30,regional_deterministic,mean,leagueews,20261002,teamfight,0.020346046981561002,0.47050000000000003,0.3324166666666667,0.13808333333333334
overall,30,regional_deterministic,mean,leagueews,20260930,macro,0.0879132450766772,0.5446111111111112,0.36991666666666667,0.17469444444444446
overall,30,regional_deterministic,mean,leagueews,20261001,macro,0.08461070165571465,0.506,0.3399722222222222,0.16602777777777777
overall,30,regional_deterministic,mean,leagueews,20261002,macro,0.08394730782937664,0.521,0.3554722222222222,0.1655277777777778
overall,30,regional_deterministic,mean,tcn,20260930,baron,0.1592101203332305,0.6306666666666667,0.5098333333333334,0.12083333333333335
overall,30,regional_deterministic,mean,tcn,20261001,baron,0.15512187596420857,0.5995,0.4811666666666667,0.11833333333333333
overall,30,regional_deterministic,mean,tcn,20261002,baron,0.15303918543659364,0.59975,0.48175,0.118
overall,30,regional_deterministic,mean,tcn,20260930,dragon,0.07200547268073088,0.4676666666666667,0.23583333333333334,0.23183333333333334
overall,30,regional_deterministic,mean,tcn,20261001,dragon,0.08378939006090563,0.5469166666666667,0.28841666666666665,0.2585
overall,30,regional_deterministic,mean,tcn,20261002,dragon,0.09074057727954805,0.5943333333333334,0.32099999999999995,0.2733333333333333
overall,30,regional_deterministic,mean,tcn,20260930,teamfight,0.01919676686031826,0.4688333333333333,0.33275,0.13608333333333333
overall,30,regional_deterministic,mean,tcn,20261001,teamfight,0.020017681232634504,0.49133333333333334,0.3481666666666667,0.14316666666666666
overall,30,regional_deterministic,mean,tcn,20261002,teamfight,0.02107855519070472,0.5238333333333334,0.3710833333333333,0.15275
overall,30,regional_deterministic,mean,tcn,20260930,macro,0.08347078662475987,0.5223888888888889,0.3594722222222222,0.16291666666666668
overall,30,regional_deterministic,mean,tcn,20261001,macro,0.08630964908591625,0.5459166666666667,0.3725833333333333,0.17333333333333334
overall,30,regional_deterministic,mean,tcn,20261002,macro,0.08828610596894881,0.5726388888888889,0.3912777777777778,0.18136111111111108
overall,30,regional_deterministic,mean,timely_leagueews,20260930,baron,0.15867016352977475,0.5990833333333333,0.481,0.11808333333333332
overall,30,regional_deterministic,mean,timely_leagueews,20261001,baron,0.1603671706263499,0.6021666666666666,0.48283333333333334,0.11933333333333333
overall,30,regional_deterministic,mean,timely_leagueews,20261002,baron,0.15003085467448318,0.568,0.45191666666666663,0.11608333333333333
overall,30,regional_deterministic,mean,timely_leagueews,20260930,dragon,0.08222261452908465,0.4614166666666667,0.30200000000000005,0.15941666666666668
overall,30,regional_deterministic,mean,timely_leagueews,20261001,dragon,0.08325977579662812,0.4473333333333333,0.31025,0.13708333333333333
overall,30,regional_deterministic,mean,timely_leagueews,20261002,dragon,0.0915570659369759,0.5126666666666666,0.347,0.16566666666666668
overall,30,regional_deterministic,mean,timely_leagueews,20260930,teamfight,0.022025764081838848,0.4711666666666667,0.3766666666666667,0.0945
overall,30,regional_deterministic,mean,timely_leagueews,20261001,teamfight,0.023023490780500127,0.5070833333333333,0.411,0.09608333333333333
overall,30,regional_deterministic,mean,timely_leagueews,20261002,teamfight,0.019373579186663298,0.40775,0.33175,0.076
overall,30,regional_deterministic,mean,timely_leagueews,20260930,macro,0.08763951404689942,0.5105555555555555,0.3865555555555556,0.124
overall,30,regional_deterministic,mean,timely_leagueews,20261001,macro,0.08888347906782605,0.5188611111111111,0.4013611111111111,0.11750000000000001
overall,30,regional_deterministic,mean,timely_leagueews,20261002,macro,0.08698716659937412,0.4961388888888889,0.37688888888888883,0.11925000000000001
overall,30,regional_deterministic,mean,timely_tcn,20260930,baron,0.1560475161987041,0.6088333333333333,0.49158333333333337,0.11725000000000001
overall,30,regional_deterministic,mean,timely_tcn,20261001,baron,0.15435050910212897,0.60075,0.48575,0.115
overall,30,regional_deterministic,mean,timely_tcn,20261002,baron,0.15651033631595188,0.6013333333333334,0.48391666666666666,0.11741666666666667
overall,30,regional_deterministic,mean,timely_tcn,20260930,dragon,0.08142819313266837,0.4620833333333333,0.31025,0.15183333333333335
overall,30,regional_deterministic,mean,timely_tcn,20261001,dragon,0.07635272310000882,0.44308333333333333,0.27475,0.16833333333333333
overall,30,regional_deterministic,mean,timely_tcn,20261002,dragon,0.08325977579662813,0.486,0.33466666666666667,0.15133333333333332
overall,30,regional_deterministic,mean,timely_tcn,20260930,teamfight,0.020055569588279868,0.45691666666666664,0.36975,0.08716666666666667
overall,30,regional_deterministic,mean,timely_tcn,20261001,teamfight,0.018287446324829502,0.41141666666666665,0.32866666666666666,0.08275
overall,30,regional_deterministic,mean,timely_tcn,20261002,teamfight,0.019840868906289465,0.4474166666666667,0.35883333333333334,0.08858333333333332
overall,30,regional_deterministic,mean,timely_tcn,20260930,macro,0.08584375963988411,0.5092777777777778,0.3905277777777778,0.11875000000000001
overall,30,regional_deterministic,mean,timely_tcn,20261001,macro,0.08299689284232244,0.4850833333333333,0.3630555555555555,0.12202777777777778
overall,30,regional_deterministic,mean,timely_tcn,20261002,macro,0.08653699367295649,0.5115833333333334,0.3924722222222223,0.1191111111111111
overall,30,matched_early_mixture,0.25,leagueews,20260930,baron,0.09665713555690486,0.25116293834125625,0.1636439383478324,0.08751899999342445
overall,30,matched_early_mixture,0.25,leagueews,20261001,baron,0.10176705240645541,0.2459444310336512,0.15562245932506188,0.09032197170858894
overall,30,matched_early_mixture,0.25,leagueews,20261002,baron,0.09561488333298945,0.24864872580602795,0.16124707315156747,0.08740165265446141
overall,30,matched_early_mixture,0.25,leagueews,20260930,dragon,0.038747387174821894,0.2606787920647716,0.13219561797321688,0.1284831740915546
overall,30,matched_early_mixture,0.25,leagueews,20261001,dragon,0.04116946292832112,0.26191341362126436,0.11474598560354375,0.14716742801771981
overall,30,matched_early_mixture,0.25,leagueews,20261002,dragon,0.04313552041695789,0.2677990963452421,0.11343217957822549,0.15436691676701664
overall,30,matched_early_mixture,0.25,leagueews,20260930,teamfight,0.011067923137672745,0.26258333806938716,0.17822784525317767,0.08435549281620926
overall,30,matched_early_mixture,0.25,leagueews,20261001,teamfight,0.00943033390376114,0.24014376833779885,0.16433979142747807,0.0758039769103205
overall,30,matched_early_mixture,0.25,leagueews,20261002,teamfight,0.0108012918416491,0.23525178136764763,0.16083022686935428,0.07442155449829153
overall,30,matched_early_mixture,0.25,leagueews,20260930,macro,0.04882414862313317,0.258141689491805,0.158022467191409,0.1001192223003961
overall,30,matched_early_mixture,0.25,leagueews,20261001,macro,0.05078894974617922,0.24933387099757146,0.1449027454520279,0.10443112554554308
overall,30,matched_early_mixture,0.25,leagueews,20261002,macro,0.04985056519719882,0.2505665345063059,0.14516982653304908,0.10539670797325652
overall,30,matched_early_mixture,0.25,tcn,20260930,baron,0.09706404346202632,0.2610090311986872,0.16896373836891102,0.0920452928297759
overall,30,matched_early_mixture,0.25,tcn,20261001,baron,0.09599161648289792,0.2626176461871318,0.17360481313535472,0.08901283305177694
overall,30,matched_early_mixture,0.25,tcn,20261002,baron,0.09482175491894713,0.25925000000000115,0.17279516317016327,0.08645483682983719
overall,30,matched_early_mixture,0.25,tcn,20260930,dragon,0.039632367180920086,0.25932953595317726,0.13701295986622122,0.1223165760869572
overall,30,matched_early_mixture,0.25,tcn,20261001,dragon,0.0408166856322499,0.2575681142779948,0.11553617902652064,0.1420319352514738
overall,30,matched_early_mixture,0.25,tcn,20261002,dragon,0.041335737367862814,0.26138339133940536,0.12200146455047337,0.13938192678893138
overall,30,matched_early_mixture,0.25,tcn,20260930,teamfight,0.011011930008044684,0.23769890811089495,0.1554759130452018,0.082222995065692
overall,30,matched_early_mixture,0.25,tcn,20261001,teamfight,0.009458136353750198,0.24456145568083495,0.17851524728554746,0.0660462083952873
overall,30,matched_early_mixture,0.25,tcn,20261002,teamfight,0.0102346455327325,0.2441053234771653,0.1647386969228132,0.0793666265543528
overall,30,matched_early_mixture,0.25,tcn,20260930,macro,0.04923611355033036,0.2526791584209198,0.15381753709344467,0.09886162132747504
overall,30,matched_early_mixture,0.25,tcn,20261001,macro,0.04875547948963268,0.25491573871532053,0.15588541314914095,0.09903032556617936
overall,30,matched_early_mixture,0.25,tcn,20261002,macro,0.04879737927318082,0.25491290493885727,0.1531784415478166,0.10173446339104046
overall,30,matched_early_mixture,0.25,timely_leagueews,20260930,baron,0.09935714207402932,0.24726565143823964,0.16056302876480538,0.0867026226734346
overall,30,matched_early_mixture,0.25,timely_leagueews,20261001,baron,0.10074202423045071,0.2576229508196712,0.16835172977072518,0.08927122104894668
overall,30,matched_early_mixture,0.25,timely_leagueews,20261002,baron,0.09431454831868875,0.24420560249189432,0.15653336746885127,0.08767223502304163
overall,30,matched_early_mixture,0.25,timely_leagueews,20260930,dragon,0.05453190463426768,0.27023075194246504,0.1818948072518678,0.08833594469059634
overall,30,matched_early_mixture,0.25,timely_leagueews,20261001,dragon,0.055758349035060405,0.26086621790949205,0.19382175015298472,0.06704446775650516
overall,30,matched_early_mixture,0.25,timely_leagueews,20261002,dragon,0.05496058499717111,0.2606568593018305,0.18597324393358902,0.0746836153682423
overall,30,matched_early_mixture,0.25,timely_leagueews,20260930,teamfight,0.012870242309571548,0.23833555048926394,0.18543786087542416,0.05289768961383871
overall,30,matched_early_mixture,0.25,timely_leagueews,20261001,teamfight,0.012123793030613813,0.23327821735308035,0.1868975820284397,0.04638063532464
overall,30,matched_early_mixture,0.25,timely_leagueews,20261002,teamfight,0.012773842619708476,0.24248177940021506,0.19623589150412718,0.04624588789608847
overall,30,matched_early_mixture,0.25,timely_leagueews,20260930,macro,0.055586429672622846,0.25194398462332285,0.1759652322973658,0.07597875232595655
overall,30,matched_early_mixture,0.25,timely_leagueews,20261001,macro,0.05620805543204164,0.2505891286940812,0.1830236873173832,0.06756544137669727
overall,30,matched_early_mixture,0.25,timely_leagueews,20261002,macro,0.05401632531185612,0.24911474706464665,0.17958083430218919,0.06953391276245746
overall,30,matched_early_mixture,0.25,timely_tcn,20260930,baron,0.09699117890575115,0.26651356253607006,0.1763447316349249,0.09016883090114601
overall,30,matched_early_mixture,0.25,timely_tcn,20261001,baron,0.09878645257904481,0.2580687471732243,0.16895748530076937,0.08911126187245592
overall,30,matched_early_mixture,0.25,timely_tcn,20261002,baron,0.09495799214208453,0.2597358434184973,0.1732644554011646,0.08647138801733144
overall,30,matched_early_mixture,0.25,timely_tcn,20260930,dragon,0.05112183975605659,0.2539404247081565,0.18082420207341565,0.07311622263473835
overall,30,matched_early_mixture,0.25,timely_tcn,20261001,dragon,0.050740101498310985,0.2602316049518778,0.1711199336321108,0.08911167131976686
overall,30,matched_early_mixture,0.25,timely_tcn,20261002,dragon,0.0500479338703217,0.2613954707470188,0.18997285729199245,0.07142261345502762
overall,30,matched_early_mixture,0.25,timely_tcn,20260930,teamfight,0.011248544925049665,0.2345754350991369,0.18528172534763981,0.04929370975149757
overall,30,matched_early_mixture,0.25,timely_tcn,20261001,teamfight,0.011625402790487684,0.2466107687127156,0.1940715267673166,0.0525392419454
overall,30,matched_early_mixture,0.25,timely_tcn,20261002,teamfight,0.012288670999726794,0.24995771068672706,0.19232665096330934,0.057631059723418955
overall,30,matched_early_mixture,0.25,timely_tcn,20260930,macro,0.053120521195619136,0.2516764741144545,0.18081688635199344,0.07085958776246064
overall,30,matched_early_mixture,0.25,timely_tcn,20261001,macro,0.05371731895594783,0.25497037361260594,0.17804964856673225,0.07692072504587426
overall,30,matched_early_mixture,0.25,timely_tcn,20261002,macro,0.05243153233737768,0.2570296749507477,0.18518798788548882,0.07184168706525933
overall,30,matched_early_mixture,0.5,leagueews,20260930,baron,0.15305565937866014,0.5130188370564044,0.39715802027430014,0.11586081678210441
overall,30,matched_early_mixture,0.5,leagueews,20261001,baron,0.15239160313815214,0.5024699165568709,0.3850878348704441,0.11738208168642984
overall,30,matched_early_mixture,0.5,leagueews,20261002,baron,0.14905555783309565,0.5135067039627046,0.3947543869463874,0.11875231701631694
overall,30,matched_early_mixture,0.5,leagueews,20260930,dragon,0.07740190378853985,0.5208322624964686,0.26655142037418744,0.25428084212228
overall,30,matched_early_mixture,0.5,leagueews,20261001,dragon,0.07971248911824341,0.5087631289759958,0.25130386433979574,0.25745926463620117
overall,30,matched_early_mixture,0.5,leagueews,20261002,dragon,0.07958465854629179,0.5135997905584051,0.25586026373800563,0.2577395268204026
overall,30,matched_early_mixture,0.5,leagueews,20260930,teamfight,0.020636686722258865,0.5134529867300138,0.36779737299143805,0.14565561373857436
overall,30,matched_early_mixture,0.5,leagueews,20261001,teamfight,0.018870987273512965,0.49047357163228755,0.35271327280793663,0.1377602988243511
overall,30,matched_early_mixture,0.5,leagueews,20261002,teamfight,0.02059084232604592,0.47796071625562603,0.34211550153016757,0.1358452147254564
overall,30,matched_early_mixture,0.5,leagueews,20260930,macro,0.0836980832964863,0.5157680287609622,0.3438356045466419,0.17193242421431962
overall,30,matched_early_mixture,0.5,leagueews,20261001,macro,0.08365835984330283,0.5005688723883847,0.32970165733939216,0.17086721504899405
overall,30,matched_early_mixture,0.5,leagueews,20261002,macro,0.08307701956847778,0.501689070258912,0.33091005073818686,0.1707790195207253
overall,30,matched_early_mixture,0.5,tcn,20260930,baron,0.1498176192871305,0.5204142895514383,0.4043635240397527,0.11605076551168332
overall,30,matched_early_mixture,0.5,tcn,20261001,baron,0.1472980923816435,0.5180067926225788,0.40114147548357937,0.11686531713900127
overall,30,matched_early_mixture,0.5,tcn,20261002,baron,0.14993473049628558,0.5190102564102581,0.39936923076923014,0.1196410256410252
overall,30,matched_early_mixture,0.5,tcn,20260930,dragon,0.07926473436184017,0.5186590719063545,0.27402591973244245,0.2446331521739144
overall,30,matched_early_mixture,0.5,tcn,20261001,dragon,0.08076058325608512,0.5170210185330304,0.25937105995805226,0.2576499585749794
overall,30,matched_early_mixture,0.5,tcn,20261002,dragon,0.08002340951493088,0.5215361966117875,0.2736544977332371,0.24788169887854755
overall,30,matched_early_mixture,0.5,tcn,20260930,teamfight,0.019744532222100517,0.481550440102766,0.3441702369308306,0.1373802031719346
overall,30,matched_early_mixture,0.5,tcn,20261001,teamfight,0.01865276308697251,0.4878920600139245,0.35964752152599255,0.12824453848793269
overall,30,matched_early_mixture,0.5,tcn,20261002,teamfight,0.019002553955824897,0.48950370370370533,0.3479111111111179,0.14159259259259402
overall,30,matched_early_mixture,0.5,tcn,20260930,macro,0.08294229529035706,0.5068746005201862,0.34085322690100855,0.16602137361917743
overall,30,matched_early_mixture,0.5,tcn,20261001,macro,0.08223714624156704,0.5076399570565112,0.34005335232254136,0.16758660473397113
overall,30,matched_early_mixture,0.5,tcn,20261002,macro,0.08298689798901378,0.5100167189085837,0.34031161320452835,0.1697051057040556
overall,30,matched_early_mixture,0.5,timely_leagueews,20260930,baron,0.1527465657868596,0.5146437653062721,0.39826373959417866,0.11638002571209281
overall,30,matched_early_mixture,0.5,timely_leagueews,20261001,baron,0.1496982836497824,0.5110064415768815,0.39613030359976636,0.11487613797711523
overall,30,matched_early_mixture,0.5,timely_leagueews,20261002,baron,0.1484294918645599,0.5012791833579294,0.3839629278234594,0.11731625553447238
overall,30,matched_early_mixture,0.5,timely_leagueews,20260930,dragon,0.09090945134770907,0.5231748140548863,0.34353497477985667,0.17963983927502833
overall,30,matched_early_mixture,0.5,timely_leagueews,20261001,dragon,0.09147293079889304,0.504045275357537,0.35071070808956345,0.15333456726796924
overall,30,matched_early_mixture,0.5,timely_leagueews,20261002,dragon,0.09283694346227167,0.5156579753715479,0.34874814607218635,0.16690982929936105
overall,30,matched_early_mixture,0.5,timely_leagueews,20260930,teamfight,0.02313946676841883,0.4904775019700536,0.38991260835303143,0.10056489361702017
overall,30,matched_early_mixture,0.5,timely_leagueews,20261001,teamfight,0.021819328574873755,0.47182144020853745,0.3824303972795091,0.08939104292902726
overall,30,matched_early_mixture,0.5,timely_leagueews,20261002,teamfight,0.0226996269974266,0.48405703536493466,0.3949655594969344,0.08909147586799954
overall,30,matched_early_mixture,0.5,timely_leagueews,20260930,macro,0.08893182796766251,0.5094320271104039,0.3772371075756889,0.13219491953471377
overall,30,matched_early_mixture,0.5,timely_leagueews,20261001,macro,0.08766351434118307,0.4956243857143186,0.376423802989613,0.11920058272470391
overall,30,matched_early_mixture,0.5,timely_leagueews,20261002,macro,0.0879886874414194,0.5003313980314706,0.37589221113086,0.124439186900611
overall,30,matched_early_mixture,0.5,timely_tcn,20260930,baron,0.14542165610576285,0.5329129242293308,0.4186359128013068,0.11427701142802327
overall,30,matched_early_mixture,0.5,timely_tcn,20261001,baron,0.14697614044013965,0.5163168801199981,0.40336393215645555,0.11295294796353998
overall,30,matched_early_mixture,0.5,timely_tcn,20261002,baron,0.15092069518073345,0.5214051179793975,0.40615727816550423,0.11524783981389203
overall,30,matched_early_mixture,0.5,timely_tcn,20260930,dragon,0.08937124469018269,0.5089001472356732,0.3384307512220114,0.17046939601366454
overall,30,matched_early_mixture,0.5,timely_tcn,20261001,dragon,0.08739453179430559,0.5139194068178525,0.3224988903344304,0.19142051648342184
overall,30,matched_early_mixture,0.5,timely_tcn,20261002,dragon,0.08887671548009714,0.5134834839059483,0.3545236769026755,0.15895980700327633
overall,30,matched_early_mixture,0.5,timely_tcn,20260930,teamfight,0.02183553627194056,0.4819663060791699,0.3871476923377581,0.09481861374141229
overall,30,matched_early_mixture,0.5,timely_tcn,20261001,teamfight,0.021363792018309607,0.48422132994687417,0.3865728930934276,0.09764843685344538
overall,30,matched_early_mixture,0.5,timely_tcn,20261002,teamfight,0.02217487173833366,0.4831602201636214,0.3893399602983668,0.0938202598652561
overall,30,matched_early_mixture,0.5,timely_tcn,20260930,macro,0.08554281235596205,0.5079264591813913,0.3814047854536921,0.12652167372770004
overall,30,matched_early_mixture,0.5,timely_tcn,20261001,macro,0.08524482141758495,0.5048192056282416,0.3708119051947712,0.13400730043346906
overall,30,matched_early_mixture,0.5,timely_tcn,20261002,macro,0.08732409413305475,0.5060162740163224,0.3833403051221822,0.1226759688941415
overall,30,matched_early_mixture,0.75,leagueews,20260930,baron,0.18928859317628233,0.7640560303893635,0.6312592592592574,0.13279677113010438
overall,30,matched_early_mixture,0.75,leagueews,20261001,baron,0.1896449176869851,0.7556998955088633,0.6224300636866821,0.13326983182217975
overall,30,matched_early_mixture,0.75,leagueews,20261002,baron,0.18522032440780614,0.7738479204468635,0.6373883730031664,0.13645954744369684
overall,30,matched_early_mixture,0.75,leagueews,20260930,dragon,0.1144464540938536,0.7752908373677582,0.4236851353774443,0.3516057019903163
overall,30,matched_early_mixture,0.75,leagueews,20261001,dragon,0.11373663428428984,0.762595359328071,0.42699222899298406,0.33560313033508926
overall,30,matched_early_mixture,0.75,leagueews,20261002,dragon,0.11675778752421499,0.7752886194805921,0.4312943959113333,0.3439942235692611
overall,30,matched_early_mixture,0.75,leagueews,20260930,teamfight,0.029518699223486558,0.7533115642955399,0.5541938981953579,0.19911766610018736
overall,30,matched_early_mixture,0.75,leagueews,20261001,teamfight,0.02784876049893128,0.7295737817683584,0.5374154720191358,0.19215830974922213
overall,30,matched_early_mixture,0.75,leagueews,20261002,teamfight,0.03002625481139681,0.7251385328698907,0.5307674272799868,0.19437110558990398
overall,30,matched_early_mixture,0.75,leagueews,20260930,macro,0.11108458216454081,0.7642194773508871,0.5363794309440199,0.22784004640686936
overall,30,matched_early_mixture,0.75,leagueews,20261001,macro,0.1104101041567354,0.7492896788684309,0.5289459215662673,0.2203437573021637
overall,30,matched_early_mixture,0.75,leagueews,20261002,macro,0.11066812224780598,0.7580916909324488,0.5331500653981621,0.22494162553428731
overall,30,matched_early_mixture,0.75,tcn,20260930,baron,0.18607721480594466,0.7917674997639975,0.6581023553289904,0.13366514443500477
overall,30,matched_early_mixture,0.75,tcn,20261001,baron,0.18640228052176114,0.7670459952418751,0.6334974006520389,0.13354859458983162
overall,30,matched_early_mixture,0.75,tcn,20261002,baron,0.18635622444532687,0.8012701543943687,0.6646445086016298,0.1366256457927389
overall,30,matched_early_mixture,0.75,tcn,20260930,dragon,0.1174418116525074,0.7656995453595342,0.42662308098755,0.33907646437197947
overall,30,matched_early_mixture,0.75,tcn,20261001,dragon,0.11677539171498896,0.7678891481614437,0.4286947775099558,0.3391943706514869
overall,30,matched_early_mixture,0.75,tcn,20261002,dragon,0.11600863040710035,0.7758630589808364,0.4419141534195021,0.33394890556133333
overall,30,matched_early_mixture,0.75,tcn,20260930,teamfight,0.028135340694013293,0.7272920254005764,0.5379137694111513,0.18937825598942234
overall,30,matched_early_mixture,0.75,tcn,20261001,teamfight,0.027847389820194808,0.7312226643470158,0.5407797957664374,0.19044286858057824
overall,30,matched_early_mixture,0.75,tcn,20261002,teamfight,0.027808138344756487,0.7361328915913122,0.544435666770611,0.19169722482070609
overall,30,matched_early_mixture,0.75,tcn,20260930,macro,0.11055145571748846,0.7615863568413693,0.5408797352425639,0.2207066215988022
overall,30,matched_early_mixture,0.75,tcn,20261001,macro,0.11034168735231496,0.7553859359167783,0.5343239913094774,0.22106194460729892
overall,30,matched_early_mixture,0.75,tcn,20261002,macro,0.11005766439906124,0.7710887016555058,0.5503314429305809,0.2207572587249261
overall,30,matched_early_mixture,0.75,timely_leagueews,20260930,baron,0.19026336027479604,0.7744674787822119,0.6396298159692735,0.13483766281293616
overall,30,matched_early_mixture,0.75,timely_leagueews,20261001,baron,0.1863435247047298,0.7673840724964468,0.6335277290570444,0.13385634343940564
overall,30,matched_early_mixture,0.75,timely_leagueews,20261002,baron,0.18318606157451206,0.7664370731047572,0.6319195239061307,0.13451754919862008
overall,30,matched_early_mixture,0.75,timely_leagueews,20260930,dragon,0.12395408486171812,0.7683651507393419,0.5016719375009681,0.2666932132383728
overall,30,matched_early_mixture,0.75,timely_leagueews,20261001,dragon,0.1252500416513411,0.7487776018274561,0.5054783421839364,0.2432992596435162
overall,30,matched_early_mixture,0.75,timely_leagueews,20261002,dragon,0.12554441928807977,0.752104790658174,0.5000032416135898,0.252101549044585
overall,30,matched_early_mixture,0.75,timely_leagueews,20260930,teamfight,0.03203838863655051,0.7390052451184026,0.5993968748557463,0.13960837026266049
overall,30,matched_early_mixture,0.75,timely_leagueews,20261001,teamfight,0.030614083551817113,0.7154675790159696,0.5860451011109306,0.12942247790503472
overall,30,matched_early_mixture,0.75,timely_leagueews,20261002,teamfight,0.031403897046782904,0.7270141046094748,0.5994696035544631,0.12754450105501425
overall,30,matched_early_mixture,0.75,timely_leagueews,20260930,macro,0.11541861125768822,0.7606126248799855,0.5802328761086627,0.18037974877132315
overall,30,matched_early_mixture,0.75,timely_leagueews,20261001,macro,0.11406921663596269,0.7438764177799575,0.5750170574506371,0.16885936032931884
overall,30,matched_early_mixture,0.75,timely_leagueews,20261002,macro,0.11337812596979158,0.7485186561241354,0.5771307896913945,0.17138786643273976
overall,30,matched_early_mixture,0.75,timely_tcn,20260930,baron,0.18839112112177153,0.7795153797115336,0.6482878051371976,0.13122757457433598
overall,30,matched_early_mixture,0.75,timely_tcn,20261001,baron,0.18555744224792792,0.7790020866001849,0.6498978109515189,0.12910427564866503
overall,30,matched_early_mixture,0.75,timely_tcn,20261002,baron,0.18846089008506722,0.7756982718511131,0.6425741276171484,0.13312414423396546
overall,30,matched_early_mixture,0.75,timely_tcn,20260930,dragon,0.12229164533140924,0.7575558215247589,0.49515872417088513,0.2623970973538738
overall,30,matched_early_mixture,0.75,timely_tcn,20261001,dragon,0.12193420586223497,0.765955940876933,0.48047734340630094,0.2854785974706312
overall,30,matched_early_mixture,0.75,timely_tcn,20261002,dragon,0.12205466026743193,0.760761636588778,0.5089152866008676,0.25184634998791033
overall,30,matched_early_mixture,0.75,timely_tcn,20260930,teamfight,0.030697891561424665,0.7276502983407563,0.5945657249827311,0.1330845733580235
overall,30,matched_early_mixture,0.75,timely_tcn,20261001,teamfight,0.0301700248271636,0.73042511688522,0.5930651950782185,0.13735992180700005
overall,30,matched_early_mixture,0.75,timely_tcn,20261002,teamfight,0.030696339410090687,0.7329989562958585,0.5985403168886486,0.13445863940720532
overall,30,matched_early_mixture,0.75,timely_tcn,20260930,macro,0.11379355267153514,0.7549071665256829,0.5793374180969378,0.17556974842874443
overall,30,matched_early_mixture,0.75,timely_tcn,20261001,macro,0.11255389097910883,0.7584610481207793,0.5744801164786795,0.18398093164209875
overall,30,matched_early_mixture,0.75,timely_tcn,20261002,macro,0.11373729658752996,0.75648628824525,0.5833432437022216,0.173143044543027
overall,30,matched_early_mixture,1.0,leagueews,20260930,baron,0.2157656814271012,1.0209345995212065,0.8767005278186334,0.14423407170257546
overall,30,matched_early_mixture,1.0,leagueews,20261001,baron,0.21655150370576956,1.0155706165480862,0.8726472019924302,0.14292341455565566
overall,30,matched_early_mixture,1.0,leagueews,20261002,baron,0.2134787488105247,1.0279360730593632,0.881935372467567,0.14600070059179393
overall,30,matched_early_mixture,1.0,leagueews,20260930,dragon,0.14723196663361673,1.0265571874299728,0.6120460947061768,0.41451109272379477
overall,30,matched_early_mixture,1.0,leagueews,20261001,dragon,0.14577572046616968,1.0033941275755502,0.6081365455452583,0.3952575820302937
overall,30,matched_early_mixture,1.0,leagueews,20261002,dragon,0.14943736756848577,1.0257779935457159,0.6183056775113474,0.40747231603436823
overall,30,matched_early_mixture,1.0,leagueews,20260930,teamfight,0.0381091251325746,1.0037715484263423,0.7536467492496614,0.250124799176684
overall,30,matched_early_mixture,1.0,leagueews,20261001,teamfight,0.03629546950713049,0.9758943905261446,0.7323109368268994,0.24358345369924572
overall,30,matched_early_mixture,1.0,leagueews,20261002,teamfight,0.03765444263984687,0.9844666883939392,0.7431770719066482,0.24128961648728356
overall,30,matched_early_mixture,1.0,leagueews,20260930,macro,0.1337022577310975,1.0170877784591739,0.7474644572581571,0.2696233212010181
overall,30,matched_early_mixture,1.0,leagueews,20261001,macro,0.13287423122635658,0.9982863782165937,0.7376982281215293,0.26058815009506503
overall,30,matched_early_mixture,1.0,leagueews,20261002,macro,0.13352351967295242,1.012726918333006,0.7478060406285207,0.26492087770448186
overall,30,matched_early_mixture,1.0,tcn,20260930,baron,0.2160264358286412,1.0310223802750083,0.8818848269321933,0.1491375533428163
overall,30,matched_early_mixture,1.0,tcn,20261001,baron,0.21417979753151467,1.0309097115244297,0.883645262071166,0.14726444945326417
overall,30,matched_early_mixture,1.0,tcn,20261002,baron,0.2112701854732911,1.0436443142492853,0.89637581203327,0.14726850221601592
overall,30,matched_early_mixture,1.0,tcn,20260930,dragon,0.1499774466426756,1.01828006008713,0.6127855310199796,0.4054945290671487
overall,30,matched_early_mixture,1.0,tcn,20261001,dragon,0.1490120894867724,1.0158537830743557,0.6169610755593026,0.3988927075150528
overall,30,matched_early_mixture,1.0,tcn,20261002,dragon,0.15155664465290172,1.023699918831169,0.6207505321067812,0.40294938672438674
overall,30,matched_early_mixture,1.0,tcn,20260930,teamfight,0.03645988061883719,0.9785765766335753,0.7435323013559564,0.23504427527762115
overall,30,matched_early_mixture,1.0,tcn,20261001,teamfight,0.03677509822768051,0.9797968616653007,0.740129631418772,0.23966723024652542
overall,30,matched_early_mixture,1.0,tcn,20261002,teamfight,0.03635813549751826,0.9866823926826728,0.753703596299763,0.23297879638291313
overall,30,matched_early_mixture,1.0,tcn,20260930,macro,0.13415458769671798,1.0092930056652378,0.7460675531027098,0.26322545256252877
overall,30,matched_early_mixture,1.0,tcn,20261001,macro,0.13332232841532252,1.0088534520880288,0.7469119896830803,0.2619414624049475
overall,30,matched_early_mixture,1.0,tcn,20261002,macro,0.1330616552079037,1.0180088752543757,0.7569433134799382,0.2610655617744386
overall,30,matched_early_mixture,1.0,timely_leagueews,20260930,baron,0.22051342984713293,1.032180585084461,0.8850762469833388,0.14710433810112378
overall,30,matched_early_mixture,1.0,timely_leagueews,20261001,baron,0.2152266935078901,1.0163011250558396,0.8700290991430053,0.14627202591283867
overall,30,matched_early_mixture,1.0,timely_leagueews,20261002,baron,0.21234148586088578,1.0228295499131206,0.8760159664336555,0.14681358347946533
overall,30,matched_early_mixture,1.0,timely_leagueews,20260930,dragon,0.15635144954078029,1.0229234061040509,0.6726577169544887,0.3502656891495614
overall,30,matched_early_mixture,1.0,timely_leagueews,20261001,dragon,0.15847327718706605,1.0018508548000287,0.6677106057089844,0.33414024909104817
overall,30,matched_early_mixture,1.0,timely_leagueews,20261002,dragon,0.1566932657370695,0.9991588422559078,0.666208557492915,0.33295028476298894
overall,30,matched_early_mixture,1.0,timely_leagueews,20260930,teamfight,0.04018791368625775,0.9853375571250511,0.808970081475329,0.17636747564972688
overall,30,matched_early_mixture,1.0,timely_leagueews,20261001,teamfight,0.039138990907082546,0.9610875739527701,0.7937156282723392,0.16737194568043237
overall,30,matched_early_mixture,1.0,timely_leagueews,20261002,teamfight,0.03995480812807109,0.9737432358945238,0.8113919184121526,0.16235131748237244
overall,30,matched_early_mixture,1.0,timely_leagueews,20260930,macro,0.13901759769139033,1.013480516104521,0.7889013484710522,0.22457916763347066
overall,30,matched_early_mixture,1.0,timely_leagueews,20261001,macro,0.13761298720067958,0.9930798512695461,0.7771517777081097,0.21592807356143973
overall,30,matched_early_mixture,1.0,timely_leagueews,20261002,macro,0.13632985324200877,0.9985772093545173,0.7845388141129077,0.21403839524160892
overall,30,matched_early_mixture,1.0,timely_tcn,20260930,baron,0.21371110111568753,1.0228718471810039,0.8792071531337101,0.1436646940472982
overall,30,matched_early_mixture,1.0,timely_tcn,20261001,baron,0.21523591654597524,1.0359009110336255,0.8927213320927173,0.14317957894091046
overall,30,matched_early_mixture,1.0,timely_tcn,20261002,baron,0.2164938270615532,1.0388142316017348,0.8921229978354989,0.1466912337662336
overall,30,matched_early_mixture,1.0,timely_tcn,20260930,dragon,0.15333618982322664,1.007159560932486,0.6695986356415254,0.33756092529095544
overall,30,matched_early_mixture,1.0,timely_tcn,20261001,dragon,0.15494832673599906,1.0125752767285072,0.649336473550873,0.3632388031776385
overall,30,matched_early_mixture,1.0,timely_tcn,20261002,dragon,0.15327156856778576,1.007716222202701,0.6744425251017256,0.33327369710098065
overall,30,matched_early_mixture,1.0,timely_tcn,20260930,teamfight,0.03903480882914419,0.9729989945395755,0.8034807504899399,0.1695182440496375
overall,30,matched_early_mixture,1.0,timely_tcn,20261001,teamfight,0.03820800551708316,0.9778042112449573,0.8072007761338853,0.1706034351110762
overall,30,matched_early_mixture,1.0,timely_tcn,20261002,teamfight,0.038788807108349976,0.9810644606631871,0.8090665958245589,0.171997864838629
overall,30,matched_early_mixture,1.0,timely_tcn,20260930,macro,0.13536069992268612,1.0010101342176885,0.7840955130883919,0.21691462112929705
overall,30,matched_early_mixture,1.0,timely_tcn,20261001,macro,0.13613074959968582,1.0087601330023634,0.7830861939258252,0.22567393907654174
overall,30,matched_early_mixture,1.0,timely_tcn,20261002,macro,0.1361847342458963,1.0091983048225408,0.7918773729205943,0.21732093190194776
overall,30,matched_early_mixture,mean,leagueews,20260930,baron,0.16369176738473712,0.6372931013270576,0.5171904364250058,0.12010266490205217
overall,30,matched_early_mixture,mean,leagueews,20261001,baron,0.16508876923434054,0.6299212149118679,0.5089468899686546,0.12097432494321354
overall,30,matched_early_mixture,mean,leagueews,20261002,baron,0.160842378596104,0.6409848558187399,0.518831301392172,0.12215355442656728
overall,30,matched_early_mixture,mean,leagueews,20260930,dragon,0.09445692792270802,0.6458397698397428,0.35861956710775633,0.2872202027319864
overall,30,matched_early_mixture,mean,leagueews,20261001,dragon,0.095098576699256,0.6341665073752203,0.35029465612039545,0.283871851254826
overall,30,matched_early_mixture,mean,leagueews,20261002,dragon,0.09722883351398762,0.6456163749824888,0.3547231291847279,0.29089324579776216
overall,30,matched_early_mixture,mean,leagueews,20260930,teamfight,0.02483310855399819,0.6332798593803208,0.46346646642240874,0.16981339295791376
overall,30,matched_early_mixture,mean,leagueews,20261001,teamfight,0.023111387795833965,0.6090213780661473,0.4466948682703625,0.16232650979578486
overall,30,matched_early_mixture,mean,leagueews,20261002,teamfight,0.024768207904734676,0.605704429721776,0.44422255689653917,0.16148187282523385
overall,30,matched_early_mixture,mean,leagueews,20260930,macro,0.09432726795381442,0.6388042435157071,0.446425489985057,0.1923787535306508
overall,30,matched_early_mixture,mean,leagueews,20261001,macro,0.0944329112431435,0.6243697001177452,0.4353121381198042,0.18905756199794146
overall,30,matched_early_mixture,mean,leagueews,20261002,macro,0.09427980667160878,0.6307685535076683,0.4392589958244797,0.19150955768318778
overall,30,matched_early_mixture,mean,tcn,20260930,baron,0.16224632834593566,0.6510533001972829,0.5283286111674619,0.12272468902982007
overall,30,matched_early_mixture,mean,tcn,20261001,baron,0.1609679467294543,0.6446450363940038,0.5229722378355347,0.1216727985584685
overall,30,matched_early_mixture,mean,tcn,20261002,baron,0.16059572383346268,0.6557936812634783,0.5332961786435733,0.1224975026199043
overall,30,matched_early_mixture,mean,tcn,20260930,dragon,0.09657908995948582,0.640492053326549,0.3626118729015483,0.27788018042499996
overall,30,matched_early_mixture,mean,tcn,20261001,dragon,0.0968411875225241,0.6395830160117062,0.3551407730134578,0.2844422429982482
overall,30,matched_early_mixture,mean,tcn,20261002,dragon,0.09723110548569894,0.6456206414407996,0.3645801619524984,0.28104047948829974
overall,30,matched_early_mixture,mean,tcn,20260930,teamfight,0.02383792088574892,0.6062794875619532,0.44527305518578497,0.16100643237616752
overall,30,matched_early_mixture,mean,tcn,20261001,teamfight,0.023183346872149506,0.610868260426769,0.4547680489991873,0.1561002114275809
overall,30,matched_early_mixture,mean,tcn,20261002,teamfight,0.023350868332708035,0.6141060778637139,0.45269726777607633,0.16140881008764152
overall,30,matched_early_mixture,mean,tcn,20260930,macro,0.09422111306372348,0.6326082803619283,0.44540451308493173,0.18720376727699586
overall,30,matched_early_mixture,mean,tcn,20261001,macro,0.0936641603747093,0.6316987709441597,0.4442936866160599,0.18740508432809921
overall,30,matched_early_mixture,mean,tcn,20261002,macro,0.0937258992172899,0.6385068001893305,0.450191202790716,0.18831559739861517
overall,30,matched_early_mixture,mean,timely_leagueews,20260930,baron,0.16572012449570447,0.6421393701527962,0.5208832078278991,0.12125616232489683
overall,30,matched_early_mixture,mean,timely_leagueews,20261001,baron,0.16300263152321326,0.6380786474872098,0.5170097153926353,0.12106893209457655
overall,30,matched_early_mixture,mean,timely_leagueews,20261002,baron,0.1595678969046616,0.6336878522169254,0.5121079464080243,0.12157990580889985
overall,30,matched_early_mixture,mean,timely_leagueews,20260930,dragon,0.10643672259611879,0.646173530710186,0.4249398591217953,0.22123367158838975
overall,30,matched_early_mixture,mean,timely_leagueews,20261001,dragon,0.10773864966809016,0.6288849874736284,0.4294303515338672,0.1994546359397597
overall,30,matched_early_mixture,mean,timely_leagueews,20261002,dragon,0.107508803371148,0.631894616896865,0.42523329727807,0.2066613196187943
overall,30,matched_early_mixture,mean,timely_leagueews,20260930,teamfight,0.02705900285019966,0.6132889636756929,0.4959293563898828,0.11735960728581156
overall,30,matched_early_mixture,mean,timely_leagueews,20261001,teamfight,0.025924049016096806,0.5954137026325894,0.4872721771728047,0.10814152545978359
overall,30,matched_early_mixture,mean,timely_leagueews,20261002,teamfight,0.026708043697997265,0.6068240388172871,0.5005157432419193,0.10630829557536867
overall,30,matched_early_mixture,mean,timely_leagueews,20260930,macro,0.09973861664734096,0.6338672881795584,0.4805841411131924,0.15328314706636606
overall,30,matched_early_mixture,mean,timely_leagueews,20261001,macro,0.09888844340246673,0.6207924458644759,0.47790408136643575,0.14288836449803996
overall,30,matched_early_mixture,mean,timely_leagueews,20261002,macro,0.09792824799126897,0.6241355026436924,0.47928566230933783,0.1448498403343543
overall,30,matched_early_mixture,mean,timely_tcn,20260930,baron,0.16112876431224327,0.6504534284144846,0.5306189006767849,0.11983452773770087
overall,30,matched_early_mixture,mean,timely_tcn,20261001,baron,0.16163898795327192,0.6473221562317582,0.5287351401253653,0.11858701610639286
overall,30,matched_early_mixture,mean,timely_tcn,20261002,baron,0.1627083511173596,0.6489133662126856,0.528529714754829,0.12038365145785564
overall,30,matched_early_mixture,mean,timely_tcn,20260930,dragon,0.10403022990021879,0.6318889886002687,0.4210030782769594,0.21088591032330806
overall,30,matched_early_mixture,mean,timely_tcn,20261001,dragon,0.10375429147271266,0.6381705573437926,0.4058581602309288,0.2323123971128646
overall,30,matched_early_mixture,mean,timely_tcn,20261002,dragon,0.10356271954640914,0.6358392033611115,0.4319635864743153,0.20387561688679873
overall,30,matched_early_mixture,mean,timely_tcn,20260930,teamfight,0.02570419539688977,0.6042977585146597,0.4926189732895172,0.11167878522514273
overall,30,matched_early_mixture,mean,timely_tcn,20261001,teamfight,0.025341806288261014,0.6097653566974418,0.495227597768212,0.1145377589292304
overall,30,matched_early_mixture,mean,timely_tcn,20261002,teamfight,0.025987172314125277,0.6117953369523486,0.4973183809937209,0.11447695595862734
overall,30,matched_early_mixture,mean,timely_tcn,20260930,macro,0.0969543965364506,0.6288800585098043,0.4814136507477538,0.14746640776205056
overall,30,matched_early_mixture,mean,timely_tcn,20261001,macro,0.09691169523808185,0.6317526900909974,0.47660696604150204,0.15514572404949595
overall,30,matched_early_mixture,mean,timely_tcn,20261002,macro,0.09741941432596468,0.6321826355087152,0.48593722740762174,0.1462454081010939
overall,30,dense_deterministic,0.25,leagueews,20260930,baron,0.09595803764270287,0.23566666666666666,0.14833333333333334,0.08733333333333333
overall,30,dense_deterministic,0.25,leagueews,20261001,baron,0.09904350509102129,0.233,0.143,0.09
overall,30,dense_deterministic,0.25,leagueews,20261002,baron,0.09534094415303919,0.24533333333333332,0.15933333333333333,0.086
overall,30,dense_deterministic,0.25,leagueews,20260930,dragon,0.03539588666254744,0.23333333333333334,0.09133333333333334,0.142
overall,30,dense_deterministic,0.25,leagueews,20261001,dragon,0.038573572248212555,0.24533333333333332,0.092,0.15333333333333332
overall,30,dense_deterministic,0.25,leagueews,20261002,dragon,0.03883837938035131,0.23333333333333334,0.09233333333333334,0.141
overall,30,dense_deterministic,0.25,leagueews,20260930,teamfight,0.010760293003283657,0.237,0.15033333333333335,0.08666666666666667
overall,30,dense_deterministic,0.25,leagueews,20261001,teamfight,0.009699419045213438,0.22566666666666665,0.14233333333333334,0.08333333333333333
overall,30,dense_deterministic,0.25,leagueews,20261002,teamfight,0.010406668350593585,0.217,0.13666666666666666,0.08033333333333334
overall,30,dense_deterministic,0.25,leagueews,20260930,macro,0.04737140576951132,0.2353333333333333,0.13,0.10533333333333333
overall,30,dense_deterministic,0.25,leagueews,20261001,macro,0.04910549879481576,0.23466666666666666,0.12577777777777777,0.10888888888888888
overall,30,dense_deterministic,0.25,leagueews,20261002,macro,0.0481953306279947,0.2318888888888889,0.12944444444444445,0.10244444444444445
overall,30,dense_deterministic,0.25,tcn,20260930,baron,0.09534094415303919,0.249,0.15966666666666668,0.08933333333333333
overall,30,dense_deterministic,0.25,tcn,20261001,baron,0.09503239740820735,0.25,0.164,0.086
overall,30,dense_deterministic,0.25,tcn,20261002,baron,0.09348966368404814,0.241,0.15733333333333333,0.08366666666666667
overall,30,dense_deterministic,0.25,tcn,20260930,dragon,0.03777915085179628,0.24533333333333332,0.10066666666666667,0.14466666666666667
overall,30,dense_deterministic,0.25,tcn,20261001,dragon,0.037426074675611265,0.24233333333333335,0.09966666666666667,0.14266666666666666
overall,30,dense_deterministic,0.25,tcn,20261002,dragon,0.039014917468443815,0.23566666666666666,0.098,0.13766666666666666
overall,30,dense_deterministic,0.25,tcn,20260930,teamfight,0.010002525890376358,0.215,0.13866666666666666,0.07633333333333334
overall,30,dense_deterministic,0.25,tcn,20261001,teamfight,0.009497347815104824,0.216,0.13833333333333334,0.07766666666666666
overall,30,dense_deterministic,0.25,tcn,20261002,teamfight,0.010911846425865117,0.23833333333333334,0.15066666666666667,0.08766666666666667
overall,30,dense_deterministic,0.25,tcn,20260930,macro,0.04770754029840394,0.23644444444444443,0.133,0.10344444444444445
overall,30,dense_deterministic,0.25,tcn,20261001,macro,0.047318606632974484,0.23611111111111113,0.134,0.10211111111111111
overall,30,dense_deterministic,0.25,tcn,20261002,macro,0.04780547585945236,0.23833333333333337,0.13533333333333333,0.103
overall,30,dense_deterministic,0.25,timely_leagueews,20260930,baron,0.10151187904967603,0.24766666666666667,0.161,0.08666666666666667
overall,30,dense_deterministic,0.25,timely_leagueews,20261001,baron,0.09966059858068498,0.24466666666666667,0.15566666666666668,0.089
overall,30,dense_deterministic,0.25,timely_leagueews,20261002,baron,0.0947238506633755,0.23066666666666666,0.14433333333333334,0.08633333333333333
overall,30,dense_deterministic,0.25,timely_leagueews,20260930,dragon,0.055609497749139376,0.26566666666666666,0.184,0.08166666666666667
overall,30,dense_deterministic,0.25,timely_leagueews,20261001,dragon,0.052343543119428015,0.24233333333333335,0.18266666666666667,0.059666666666666666
overall,30,dense_deterministic,0.25,timely_leagueews,20261002,dragon,0.05322623355989055,0.24333333333333335,0.174,0.06933333333333333
overall,30,dense_deterministic,0.25,timely_leagueews,20260930,teamfight,0.012730487496842637,0.23833333333333334,0.186,0.052333333333333336
overall,30,dense_deterministic,0.25,timely_leagueews,20261001,teamfight,0.011821166961353878,0.23566666666666666,0.18733333333333332,0.04833333333333333
overall,30,dense_deterministic,0.25,timely_leagueews,20261002,teamfight,0.01172013134629957,0.21766666666666667,0.17566666666666667,0.042
overall,30,dense_deterministic,0.25,timely_leagueews,20260930,macro,0.05661728809855268,0.2505555555555556,0.17699999999999996,0.07355555555555555
overall,30,dense_deterministic,0.25,timely_leagueews,20261001,macro,0.054608436220488964,0.2408888888888889,0.17522222222222225,0.06566666666666666
overall,30,dense_deterministic,0.25,timely_leagueews,20261002,macro,0.05322340518985521,0.23055555555555554,0.16466666666666666,0.0658888888888889
overall,30,dense_deterministic,0.25,timely_tcn,20260930,baron,0.09503239740820735,0.25633333333333336,0.16733333333333333,0.089
overall,30,dense_deterministic,0.25,timely_tcn,20261001,baron,0.09564949089787103,0.243,0.15633333333333332,0.08666666666666667
overall,30,dense_deterministic,0.25,timely_tcn,20261002,baron,0.09225547670472077,0.24333333333333335,0.159,0.08433333333333333
overall,30,dense_deterministic,0.25,timely_tcn,20260930,dragon,0.04890105040162415,0.23266666666666666,0.17266666666666666,0.06
overall,30,dense_deterministic,0.25,timely_tcn,20261001,dragon,0.04996027893017919,0.254,0.16666666666666666,0.08733333333333333
overall,30,dense_deterministic,0.25,timely_tcn,20261002,dragon,0.0503133551063642,0.258,0.19333333333333333,0.06466666666666666
overall,30,dense_deterministic,0.25,timely_tcn,20260930,teamfight,0.010709775195756504,0.222,0.17533333333333334,0.04666666666666667
overall,30,dense_deterministic,0.25,timely_tcn,20261001,teamfight,0.010457186158120737,0.22366666666666668,0.17666666666666667,0.047
overall,30,dense_deterministic,0.25,timely_tcn,20261002,teamfight,0.010608739580702197,0.21633333333333332,0.16633333333333333,0.05
overall,30,dense_deterministic,0.25,timely_tcn,20260930,macro,0.051547741001862664,0.237,0.17177777777777778,0.06522222222222222
overall,30,dense_deterministic,0.25,timely_tcn,20261001,macro,0.052022318662056984,0.24022222222222223,0.16655555555555554,0.07366666666666666
overall,30,dense_deterministic,0.25,timely_tcn,20261002,macro,0.05105919046392906,0.23922222222222222,0.17288888888888887,0.06633333333333334
overall,30,dense_deterministic,0.5,leagueews,20260930,baron,0.1527306386917618,0.503,0.386,0.117
overall,30,dense_deterministic,0.5,leagueews,20261001,baron,0.15026226473310705,0.48433333333333334,0.368,0.11633333333333333
overall,30,dense_deterministic,0.5,leagueews,20261002,baron,0.1490280777537797,0.511,0.39266666666666666,0.11833333333333333
overall,30,dense_deterministic,0.5,leagueews,20260930,dragon,0.07388118986671374,0.4796666666666667,0.22833333333333333,0.25133333333333335
overall,30,dense_deterministic,0.5,leagueews,20261001,dragon,0.07458734221908377,0.477,0.22766666666666666,0.24933333333333332
overall,30,dense_deterministic,0.5,leagueews,20261002,dragon,0.07652926118810133,0.4746666666666667,0.22466666666666665,0.25
overall,30,dense_deterministic,0.5,leagueews,20260930,teamfight,0.020055569588279868,0.44966666666666666,0.31066666666666665,0.139
overall,30,dense_deterministic,0.5,leagueews,20261001,teamfight,0.019550391513008334,0.4583333333333333,0.31633333333333336,0.142
overall,30,dense_deterministic,0.5,leagueews,20261002,teamfight,0.020358676433442788,0.4563333333333333,0.31666666666666665,0.13966666666666666
overall,30,dense_deterministic,0.5,leagueews,20260930,macro,0.08222246604891846,0.4774444444444444,0.30833333333333335,0.16911111111111113
overall,30,dense_deterministic,0.5,leagueews,20261001,macro,0.08146666615506638,0.4732222222222222,0.304,0.1692222222222222
overall,30,dense_deterministic,0.5,leagueews,20261002,macro,0.08197200512510794,0.48066666666666663,0.3113333333333333,0.16933333333333334
overall,30,dense_deterministic,0.5,tcn,20260930,baron,0.14871953100894786,0.5086666666666667,0.394,0.11466666666666667
overall,30,dense_deterministic,0.5,tcn,20261001,baron,0.14162295587781548,0.47833333333333333,0.36333333333333334,0.115
overall,30,dense_deterministic,0.5,tcn,20261002,baron,0.1447084233261339,0.5016666666666667,0.38366666666666666,0.118
overall,30,dense_deterministic,0.5,tcn,20260930,dragon,0.07423426604289876,0.4826666666666667,0.23333333333333334,0.24933333333333332
overall,30,dense_deterministic,0.5,tcn,20261001,dragon,0.07767675876070262,0.49833333333333335,0.24133333333333334,0.257
overall,30,dense_deterministic,0.5,tcn,20261002,dragon,0.0786477182452114,0.498,0.246,0.252
overall,30,dense_deterministic,0.5,tcn,20260930,teamfight,0.018944177822682495,0.456,0.31933333333333336,0.13666666666666666
overall,30,dense_deterministic,0.5,tcn,20261001,teamfight,0.019348320282899723,0.44966666666666666,0.30866666666666664,0.141
overall,30,dense_deterministic,0.5,tcn,20261002,teamfight,0.01975246274311695,0.4646666666666667,0.325,0.13966666666666666
overall,30,dense_deterministic,0.5,tcn,20260930,macro,0.0806326582915097,0.48244444444444445,0.31555555555555553,0.16688888888888886
overall,30,dense_deterministic,0.5,tcn,20261001,macro,0.07954934497380595,0.4754444444444445,0.30444444444444446,0.171
overall,30,dense_deterministic,0.5,tcn,20261002,macro,0.08103620143815408,0.4881111111111111,0.3182222222222222,0.1698888888888889
overall,30,dense_deterministic,0.5,timely_leagueews,20260930,baron,0.1511879049676026,0.48533333333333334,0.371,0.11433333333333333
overall,30,dense_deterministic,0.5,timely_leagueews,20261001,baron,0.15334773218142547,0.5103333333333333,0.396,0.11433333333333333
overall,30,dense_deterministic,0.5,timely_leagueews,20261002,baron,0.14347423634680653,0.4866666666666667,0.37,0.11666666666666667
overall,30,dense_deterministic,0.5,timely_leagueews,20260930,dragon,0.08888692735457675,0.4856666666666667,0.31933333333333336,0.16633333333333333
overall,30,dense_deterministic,0.5,timely_leagueews,20261001,dragon,0.08720981551769795,0.477,0.33166666666666667,0.14533333333333334
overall,30,dense_deterministic,0.5,timely_leagueews,20261002,dragon,0.08906346544266926,0.48833333333333334,0.3313333333333333,0.157
overall,30,dense_deterministic,0.5,timely_leagueews,20260930,teamfight,0.02248042434958323,0.47333333333333333,0.37733333333333335,0.096
overall,30,dense_deterministic,0.5,timely_leagueews,20261001,teamfight,0.02237938873452892,0.473,0.38066666666666665,0.09233333333333334
overall,30,dense_deterministic,0.5,timely_leagueews,20261002,teamfight,0.021823692851730234,0.46,0.376,0.084
overall,30,dense_deterministic,0.5,timely_leagueews,20260930,macro,0.08751841889058753,0.4814444444444445,0.3558888888888889,0.12555555555555556
overall,30,dense_deterministic,0.5,timely_leagueews,20261001,macro,0.08764564547788412,0.48677777777777775,0.36944444444444446,0.11733333333333333
overall,30,dense_deterministic,0.5,timely_leagueews,20261002,macro,0.08478713154706868,0.47833333333333333,0.3591111111111111,0.11922222222222223
overall,30,dense_deterministic,0.5,timely_tcn,20260930,baron,0.14162295587781548,0.5143333333333333,0.3993333333333333,0.115
overall,30,dense_deterministic,0.5,timely_tcn,20261001,baron,0.1431656896019747,0.484,0.373,0.111
overall,30,dense_deterministic,0.5,timely_tcn,20261002,baron,0.1490280777537797,0.5093333333333333,0.39466666666666667,0.11466666666666667
overall,30,dense_deterministic,0.5,timely_tcn,20260930,dragon,0.08650366316532793,0.485,0.32366666666666666,0.16133333333333333
overall,30,dense_deterministic,0.5,timely_tcn,20261001,dragon,0.08517962750463412,0.49033333333333334,0.30633333333333335,0.184
overall,30,dense_deterministic,0.5,timely_tcn,20261002,dragon,0.08579751081295789,0.48433333333333334,0.33666666666666667,0.14766666666666667
overall,30,dense_deterministic,0.5,timely_tcn,20260930,teamfight,0.021520586006567314,0.4563333333333333,0.36533333333333334,0.091
overall,30,dense_deterministic,0.5,timely_tcn,20261001,teamfight,0.021571103814094467,0.469,0.37333333333333335,0.09566666666666666
overall,30,dense_deterministic,0.5,timely_tcn,20261002,teamfight,0.020964890123768627,0.45166666666666666,0.36133333333333334,0.09033333333333333
overall,30,dense_deterministic,0.5,timely_tcn,20260930,macro,0.08321573501657024,0.4852222222222222,0.3627777777777778,0.12244444444444443
overall,30,dense_deterministic,0.5,timely_tcn,20261001,macro,0.08330547364023443,0.4811111111111111,0.35088888888888886,0.1302222222222222
overall,30,dense_deterministic,0.5,timely_tcn,20261002,macro,0.0852634928968354,0.4817777777777778,0.3642222222222222,0.11755555555555554
overall,30,dense_deterministic,0.75,leagueews,20260930,baron,0.1863622338784326,0.733,0.602,0.131
overall,30,dense_deterministic,0.75,leagueews,20261001,baron,0.18697932736809628,0.7196666666666667,0.589,0.13066666666666665
overall,30,dense_deterministic,0.75,leagueews,20261002,baron,0.18111693921629127,0.7486666666666667,0.6143333333333333,0.13433333333333333
overall,30,dense_deterministic,0.75,leagueews,20260930,dragon,0.10998322888163121,0.7413333333333333,0.3993333333333333,0.342
overall,30,dense_deterministic,0.75,leagueews,20261001,dragon,0.11218995498278754,0.739,0.4026666666666667,0.3363333333333333
overall,30,dense_deterministic,0.75,leagueews,20261002,dragon,0.11580898578868391,0.7593333333333333,0.4166666666666667,0.3426666666666667
overall,30,dense_deterministic,0.75,leagueews,20260930,teamfight,0.030159131093710535,0.7186666666666667,0.5166666666666667,0.202
overall,30,dense_deterministic,0.75,leagueews,20261001,teamfight,0.02692599141197272,0.6686666666666666,0.477,0.19166666666666668
overall,30,dense_deterministic,0.75,leagueews,20261002,teamfight,0.0288961859055317,0.6923333333333334,0.503,0.18933333333333333
overall,30,dense_deterministic,0.75,leagueews,20260930,macro,0.10883486461792478,0.731,0.5059999999999999,0.225
overall,30,dense_deterministic,0.75,leagueews,20261001,macro,0.10869842458761884,0.7091111111111111,0.4895555555555555,0.21955555555555553
overall,30,dense_deterministic,0.75,leagueews,20261002,macro,0.1086073703035023,0.7334444444444445,0.5113333333333333,0.22211111111111112
overall,30,dense_deterministic,0.75,tcn,20260930,baron,0.18327676643011417,0.7663333333333333,0.6333333333333333,0.133
overall,30,dense_deterministic,0.75,tcn,20261001,baron,0.18327676643011417,0.731,0.5986666666666667,0.13233333333333333
overall,30,dense_deterministic,0.75,tcn,20261002,baron,0.18142548596112312,0.7636666666666667,0.6283333333333333,0.13533333333333333
overall,30,dense_deterministic,0.75,tcn,20260930,dragon,0.11660340718510019,0.7616666666666667,0.4196666666666667,0.342
overall,30,dense_deterministic,0.75,tcn,20261001,dragon,0.11333745255538882,0.7463333333333333,0.407,0.3393333333333333
overall,30,dense_deterministic,0.75,tcn,20261002,dragon,0.11316091446729631,0.7543333333333333,0.4116666666666667,0.3426666666666667
overall,30,dense_deterministic,0.75,tcn,20260930,teamfight,0.026673402374336953,0.6653333333333333,0.48533333333333334,0.18
overall,30,dense_deterministic,0.75,tcn,20261001,teamfight,0.02828997221520586,0.695,0.5063333333333333,0.18866666666666668
overall,30,dense_deterministic,0.75,tcn,20261002,teamfight,0.026471331144228342,0.6663333333333333,0.48133333333333334,0.185
overall,30,dense_deterministic,0.75,tcn,20260930,macro,0.1088511919965171,0.7311111111111112,0.5127777777777778,0.21833333333333335
overall,30,dense_deterministic,0.75,tcn,20261001,macro,0.10830139706690295,0.724111111111111,0.504,0.22011111111111112
overall,30,dense_deterministic,0.75,tcn,20261002,macro,0.10701924385754925,0.7281111111111112,0.5071111111111112,0.221
overall,30,dense_deterministic,0.75,timely_leagueews,20260930,baron,0.18821351434742364,0.7466666666666667,0.6116666666666667,0.135
overall,30,dense_deterministic,0.75,timely_leagueews,20261001,baron,0.18327676643011417,0.747,0.614,0.133
overall,30,dense_deterministic,0.75,timely_leagueews,20261002,baron,0.18142548596112312,0.728,0.5956666666666667,0.13233333333333333
overall,30,dense_deterministic,0.75,timely_leagueews,20260930,dragon,0.12022243799099656,0.712,0.4613333333333333,0.25066666666666665
overall,30,dense_deterministic,0.75,timely_leagueews,20261001,dragon,0.1257833877659105,0.7346666666666667,0.492,0.24266666666666667
overall,30,dense_deterministic,0.75,timely_leagueews,20261002,dragon,0.12154647365169036,0.7163333333333334,0.4723333333333333,0.244
overall,30,dense_deterministic,0.75,timely_leagueews,20260930,teamfight,0.031422076281889366,0.7146666666666667,0.5776666666666667,0.137
overall,30,dense_deterministic,0.75,timely_leagueews,20261001,teamfight,0.030512755746400607,0.6906666666666667,0.564,0.12666666666666668
overall,30,dense_deterministic,0.75,timely_leagueews,20261002,teamfight,0.030512755746400607,0.692,0.568,0.124
overall,30,dense_deterministic,0.75,timely_leagueews,20260930,macro,0.11328600954010319,0.7244444444444444,0.5502222222222222,0.1742222222222222
overall,30,dense_deterministic,0.75,timely_leagueews,20261001,macro,0.11319096998080842,0.7241111111111111,0.5566666666666666,0.16744444444444448
overall,30,dense_deterministic,0.75,timely_leagueews,20261002,macro,0.11116157178640469,0.712111111111111,0.5453333333333333,0.16677777777777777
overall,30,dense_deterministic,0.75,timely_tcn,20260930,baron,0.1872878741129281,0.7623333333333333,0.631,0.13133333333333333
overall,30,dense_deterministic,0.75,timely_tcn,20261001,baron,0.1798827522369639,0.7356666666666667,0.608,0.12766666666666668
overall,30,dense_deterministic,0.75,timely_tcn,20261002,baron,0.18667078062326442,0.7533333333333333,0.6206666666666667,0.13266666666666665
overall,30,dense_deterministic,0.75,timely_tcn,20260930,dragon,0.11978109277076529,0.7363333333333333,0.478,0.25833333333333336
overall,30,dense_deterministic,0.75,timely_tcn,20261001,dragon,0.11669167622914643,0.714,0.43566666666666665,0.2783333333333333
overall,30,dense_deterministic,0.75,timely_tcn,20261002,dragon,0.11633860005296143,0.6973333333333334,0.4656666666666667,0.23166666666666666
overall,30,dense_deterministic,0.75,timely_tcn,20260930,teamfight,0.02859307906036878,0.685,0.557,0.128
overall,30,dense_deterministic,0.75,timely_tcn,20261001,teamfight,0.029754988633493306,0.7126666666666667,0.5776666666666667,0.135
overall,30,dense_deterministic,0.75,timely_tcn,20261002,teamfight,0.030209648901237687,0.7053333333333334,0.5743333333333334,0.131
overall,30,dense_deterministic,0.75,timely_tcn,20260930,macro,0.11188734864802073,0.7278888888888888,0.5553333333333333,0.17255555555555557
overall,30,dense_deterministic,0.75,timely_tcn,20261001,macro,0.10877647236653454,0.7207777777777777,0.5404444444444444,0.18033333333333335
overall,30,dense_deterministic,0.75,timely_tcn,20261002,macro,0.11107300985915451,0.7186666666666667,0.5535555555555556,0.1651111111111111
overall,30,dense_deterministic,1.0,leagueews,20260930,baron,0.21351434742363468,0.981,0.8373333333333334,0.14366666666666666
overall,30,dense_deterministic,1.0,leagueews,20261001,baron,0.212897253933971,0.9736666666666667,0.8323333333333334,0.14133333333333334
overall,30,dense_deterministic,1.0,leagueews,20261002,baron,0.20981178648565257,0.9936666666666667,0.848,0.14566666666666667
overall,30,dense_deterministic,1.0,leagueews,20260930,dragon,0.14361373466325358,0.9996666666666667,0.5883333333333334,0.41133333333333333
overall,30,dense_deterministic,1.0,leagueews,20261001,dragon,0.1481154559096125,0.988,0.5826666666666667,0.4053333333333333
overall,30,dense_deterministic,1.0,leagueews,20261002,dragon,0.14723276546914996,1.0013333333333334,0.596,0.4053333333333333
overall,30,dense_deterministic,1.0,leagueews,20260930,teamfight,0.036372821419550394,0.9306666666666666,0.6893333333333334,0.24133333333333334
overall,30,dense_deterministic,1.0,leagueews,20261001,teamfight,0.034806769386208636,0.894,0.6626666666666666,0.23133333333333334
overall,30,dense_deterministic,1.0,leagueews,20261002,teamfight,0.0357160899216974,0.9186666666666666,0.69,0.22866666666666666
overall,30,dense_deterministic,1.0,leagueews,20260930,macro,0.13116696783547957,0.9704444444444444,0.7050000000000001,0.2654444444444444
overall,30,dense_deterministic,1.0,leagueews,20261001,macro,0.1319398264099307,0.9518888888888889,0.6925555555555555,0.25933333333333336
overall,30,dense_deterministic,1.0,leagueews,20261002,macro,0.13092021395883333,0.9712222222222223,0.7113333333333333,0.2598888888888889
overall,30,dense_deterministic,1.0,tcn,20260930,baron,0.2122801604443073,1.0033333333333334,0.855,0.14833333333333334
overall,30,dense_deterministic,1.0,tcn,20261001,baron,0.21042887997531626,0.9943333333333333,0.8483333333333334,0.146
overall,30,dense_deterministic,1.0,tcn,20261002,baron,0.2085775995063252,1.0163333333333333,0.8706666666666667,0.14566666666666667
overall,30,dense_deterministic,1.0,tcn,20260930,dragon,0.1466148821608262,0.9933333333333333,0.593,0.4003333333333333
overall,30,dense_deterministic,1.0,tcn,20261001,dragon,0.1467914202489187,0.995,0.595,0.4
overall,30,dense_deterministic,1.0,tcn,20261002,dragon,0.14820372495365874,0.996,0.598,0.398
overall,30,dense_deterministic,1.0,tcn,20260930,teamfight,0.03561505430664309,0.9223333333333333,0.6893333333333334,0.233
overall,30,dense_deterministic,1.0,tcn,20261001,teamfight,0.03561505430664309,0.944,0.7053333333333334,0.23866666666666667
overall,30,dense_deterministic,1.0,tcn,20261002,teamfight,0.03566557211417024,0.923,0.691,0.232
overall,30,dense_deterministic,1.0,tcn,20260930,macro,0.13150336563725887,0.973,0.7124444444444444,0.26055555555555554
overall,30,dense_deterministic,1.0,tcn,20261001,macro,0.13094511817695934,0.9777777777777777,0.7162222222222222,0.2615555555555556
overall,30,dense_deterministic,1.0,tcn,20261002,macro,0.13081563219138473,0.9784444444444444,0.7198888888888888,0.2585555555555556
overall,30,dense_deterministic,1.0,timely_leagueews,20260930,baron,0.21814254859611232,1.0046666666666666,0.8583333333333333,0.14633333333333334
overall,30,dense_deterministic,1.0,timely_leagueews,20261001,baron,0.21197161369947548,0.9706666666666667,0.826,0.14466666666666667
overall,30,dense_deterministic,1.0,timely_leagueews,20261002,baron,0.207034865782166,0.9763333333333334,0.8303333333333334,0.146
overall,30,dense_deterministic,1.0,timely_leagueews,20260930,dragon,0.15005737487863005,0.955,0.62,0.335
overall,30,dense_deterministic,1.0,timely_leagueews,20261001,dragon,0.15835466501897785,0.9963333333333333,0.661,0.3353333333333333
overall,30,dense_deterministic,1.0,timely_leagueews,20261002,dragon,0.15526524847735898,0.9723333333333334,0.64,0.3323333333333333
overall,30,dense_deterministic,1.0,timely_leagueews,20260930,teamfight,0.04006062136903259,0.9833333333333333,0.8063333333333333,0.177
overall,30,dense_deterministic,1.0,timely_leagueews,20261001,teamfight,0.038140944683000756,0.9256666666666666,0.7616666666666667,0.164
overall,30,dense_deterministic,1.0,timely_leagueews,20261002,teamfight,0.03925233644859813,0.949,0.7903333333333333,0.15866666666666668
overall,30,dense_deterministic,1.0,timely_leagueews,20260930,macro,0.13608684828125833,0.981,0.7615555555555554,0.21944444444444447
overall,30,dense_deterministic,1.0,timely_leagueews,20261001,macro,0.13615574113381804,0.9642222222222223,0.7495555555555556,0.21466666666666667
overall,30,dense_deterministic,1.0,timely_leagueews,20261002,macro,0.13385081690270773,0.9658888888888889,0.7535555555555556,0.21233333333333335
overall,30,dense_deterministic,1.0,timely_tcn,20260930,baron,0.21042887997531626,0.978,0.8363333333333334,0.14166666666666666
overall,30,dense_deterministic,1.0,timely_tcn,20261001,baron,0.21197161369947548,1.0016666666666667,0.86,0.14166666666666666
overall,30,dense_deterministic,1.0,timely_tcn,20261002,baron,0.212897253933971,1.014,0.8676666666666667,0.14633333333333334
overall,30,dense_deterministic,1.0,timely_tcn,20260930,dragon,0.1520875628916939,0.9803333333333333,0.647,0.3333333333333333
overall,30,dense_deterministic,1.0,timely_tcn,20261001,dragon,0.14917468443816753,0.9633333333333334,0.6013333333333334,0.362
overall,30,dense_deterministic,1.0,timely_tcn,20261002,dragon,0.15199929384764763,0.9783333333333334,0.6513333333333333,0.327
overall,30,dense_deterministic,1.0,timely_tcn,20260930,teamfight,0.037938873452892145,0.94,0.773,0.167
overall,30,dense_deterministic,1.0,timely_tcn,20261001,teamfight,0.03809042687547361,0.967,0.7923333333333333,0.17466666666666666
overall,30,dense_deterministic,1.0,timely_tcn,20261002,teamfight,0.03803990906794645,0.9503333333333334,0.781,0.16933333333333334
overall,30,dense_deterministic,1.0,timely_tcn,20260930,macro,0.13348510543996742,0.9661111111111111,0.7521111111111112,0.214
overall,30,dense_deterministic,1.0,timely_tcn,20261001,macro,0.13307890833770553,0.9773333333333333,0.7512222222222222,0.22611111111111112
overall,30,dense_deterministic,1.0,timely_tcn,20261002,macro,0.13431215228318835,0.9808888888888889,0.7666666666666667,0.21422222222222223
overall,30,dense_deterministic,mean,leagueews,20260930,baron,0.16214131440913299,0.6131666666666666,0.4934166666666667,0.11975000000000001
overall,30,dense_deterministic,mean,leagueews,20261001,baron,0.1622955877815489,0.6026666666666667,0.48308333333333336,0.11958333333333332
overall,30,dense_deterministic,mean,leagueews,20261002,baron,0.15882443690219067,0.6246666666666667,0.5035833333333333,0.12108333333333333
overall,30,dense_deterministic,mean,leagueews,20260930,dragon,0.09071851001853651,0.6135,0.3268333333333333,0.2866666666666667
overall,30,dense_deterministic,mean,leagueews,20261001,dragon,0.09336658133992409,0.6123333333333333,0.32625,0.2860833333333333
overall,30,dense_deterministic,mean,leagueews,20261002,dragon,0.09460234795657163,0.6171666666666666,0.3324166666666667,0.28475
overall,30,dense_deterministic,mean,leagueews,20260930,teamfight,0.024336953776206115,0.584,0.41675,0.16725
overall,30,dense_deterministic,mean,leagueews,20261001,teamfight,0.022745642839100782,0.5616666666666666,0.3995833333333333,0.16208333333333336
overall,30,dense_deterministic,mean,leagueews,20261002,teamfight,0.02384440515281637,0.5710833333333334,0.4115833333333333,0.1595
overall,30,dense_deterministic,mean,leagueews,20260930,macro,0.09239892606795853,0.6035555555555555,0.4123333333333334,0.19122222222222227
overall,30,dense_deterministic,mean,leagueews,20261001,macro,0.09280260398685793,0.5922222222222221,0.40297222222222223,0.18925
overall,30,dense_deterministic,mean,leagueews,20261002,macro,0.09242373000385956,0.6043055555555555,0.41586111111111107,0.18844444444444444
overall,30,dense_deterministic,mean,tcn,20260930,baron,0.15990435050910212,0.6318333333333334,0.5105,0.12133333333333335
overall,30,dense_deterministic,mean,tcn,20261001,baron,0.1575902499228633,0.6134166666666667,0.4935833333333333,0.11983333333333335
overall,30,dense_deterministic,mean,tcn,20261002,baron,0.1570502931194076,0.6306666666666667,0.51,0.12066666666666666
overall,30,dense_deterministic,mean,tcn,20260930,dragon,0.09380792656015535,0.62075,0.33666666666666667,0.28408333333333335
overall,30,dense_deterministic,mean,tcn,20261001,dragon,0.09380792656015535,0.6205,0.33575,0.28475
overall,30,dense_deterministic,mean,tcn,20261002,dragon,0.09475681878365257,0.621,0.3384166666666667,0.2825833333333333
overall,30,dense_deterministic,mean,tcn,20260930,teamfight,0.022808790098509724,0.5646666666666667,0.4081666666666667,0.1565
overall,30,dense_deterministic,mean,tcn,20261001,teamfight,0.023187673654963374,0.5761666666666666,0.41466666666666663,0.1615
overall,30,dense_deterministic,mean,tcn,20261002,teamfight,0.023200303106845163,0.5730833333333334,0.41200000000000003,0.16108333333333333
overall,30,dense_deterministic,mean,tcn,20260930,macro,0.0921736890559224,0.60575,0.4184444444444444,0.1873055555555556
overall,30,dense_deterministic,mean,tcn,20261001,macro,0.09152861671266067,0.6033611111111111,0.4146666666666666,0.18869444444444447
overall,30,dense_deterministic,mean,tcn,20261002,macro,0.0916691383366351,0.6082500000000001,0.4201388888888889,0.1881111111111111
overall,30,dense_deterministic,mean,timely_leagueews,20260930,baron,0.16476396174020363,0.6210833333333333,0.5005000000000001,0.12058333333333335
overall,30,dense_deterministic,mean,timely_leagueews,20261001,baron,0.16206417772292503,0.6181666666666666,0.4979166666666667,0.12025
overall,30,dense_deterministic,mean,timely_leagueews,20261002,baron,0.1566646096883678,0.6054166666666667,0.4850833333333333,0.12033333333333335
overall,30,dense_deterministic,mean,timely_leagueews,20260930,dragon,0.10369405949333568,0.6045833333333334,0.39616666666666667,0.20841666666666667
overall,30,dense_deterministic,mean,timely_leagueews,20261001,dragon,0.1059228528555036,0.6125833333333334,0.41683333333333333,0.19574999999999998
overall,30,dense_deterministic,mean,timely_leagueews,20261002,dragon,0.1047753552829023,0.6050833333333333,0.40441666666666665,0.20066666666666666
overall,30,dense_deterministic,mean,timely_leagueews,20260930,teamfight,0.026673402374336953,0.6024166666666667,0.48683333333333334,0.11558333333333333
overall,30,dense_deterministic,mean,timely_leagueews,20261001,teamfight,0.025713564031321037,0.58125,0.47341666666666665,0.10783333333333334
overall,30,dense_deterministic,mean,timely_leagueews,20261002,teamfight,0.025827229098257135,0.5796666666666667,0.4775,0.10216666666666667
overall,30,dense_deterministic,mean,timely_leagueews,20260930,macro,0.09837714120262543,0.6093611111111111,0.4611666666666667,0.14819444444444443
overall,30,dense_deterministic,mean,timely_leagueews,20261001,macro,0.0979001982032499,0.604,0.4627222222222222,0.14127777777777775
overall,30,dense_deterministic,mean,timely_leagueews,20261002,macro,0.09575573135650907,0.5967222222222223,0.45566666666666666,0.14105555555555557
overall,30,dense_deterministic,mean,timely_tcn,20260930,baron,0.1585930268435668,0.62775,0.5085,0.11925000000000001
overall,30,dense_deterministic,mean,timely_tcn,20261001,baron,0.15766738660907129,0.6160833333333333,0.4993333333333333,0.11675
overall,30,dense_deterministic,mean,timely_tcn,20261002,baron,0.16021289725393398,0.6299999999999999,0.5105,0.1195
overall,30,dense_deterministic,mean,timely_tcn,20260930,dragon,0.10181834230735282,0.6085833333333333,0.4053333333333333,0.20325
overall,30,dense_deterministic,mean,timely_tcn,20261001,dragon,0.10025156677553182,0.6054166666666667,0.3775,0.22791666666666666
overall,30,dense_deterministic,mean,timely_tcn,20261002,dragon,0.10111218995498278,0.6045,0.41175,0.19274999999999998
overall,30,dense_deterministic,mean,timely_tcn,20260930,teamfight,0.024690578428896187,0.5758333333333333,0.4676666666666667,0.10816666666666666
overall,30,dense_deterministic,mean,timely_tcn,20261001,teamfight,0.02496842637029553,0.5930833333333333,0.48000000000000004,0.11308333333333334
overall,30,dense_deterministic,mean,timely_tcn,20261002,teamfight,0.02495579691841374,0.5809166666666666,0.47075,0.11016666666666666
overall,30,dense_deterministic,mean,timely_tcn,20260930,macro,0.09503398252660526,0.6040555555555556,0.46049999999999996,0.14355555555555555
overall,30,dense_deterministic,mean,timely_tcn,20261001,macro,0.09429579325163288,0.6048611111111111,0.4522777777777778,0.15258333333333332
overall,30,dense_deterministic,mean,timely_tcn,20261002,macro,0.09542696137577684,0.6051388888888889,0.4643333333333333,0.14080555555555554
overall,30,dense_regional_deterministic,0.25,leagueews,20260930,baron,0.0968836778771984,0.23833333333333334,0.15033333333333335,0.088
overall,30,dense_regional_deterministic,0.25,leagueews,20261001,baron,0.09842641160135761,0.23133333333333334,0.142,0.08933333333333333
overall,30,dense_regional_deterministic,0.25,leagueews,20261002,baron,0.09534094415303919,0.24533333333333332,0.15933333333333333,0.086
overall,30,dense_regional_deterministic,0.25,leagueews,20260930,dragon,0.03707299849942625,0.24166666666666667,0.09366666666666666,0.148
overall,30,dense_regional_deterministic,0.25,leagueews,20261001,dragon,0.03972106982081384,0.25466666666666665,0.097,0.15766666666666668
overall,30,dense_regional_deterministic,0.25,leagueews,20261002,dragon,0.04104510548150764,0.24466666666666667,0.097,0.14766666666666667
overall,30,dense_regional_deterministic,0.25,leagueews,20260930,teamfight,0.011315988886082344,0.242,0.15333333333333332,0.08866666666666667
overall,30,dense_regional_deterministic,0.25,leagueews,20261001,teamfight,0.010255114928012125,0.23333333333333334,0.148,0.08533333333333333
overall,30,dense_regional_deterministic,0.25,leagueews,20261002,teamfight,0.010507703965647892,0.222,0.13966666666666666,0.08233333333333333
overall,30,dense_regional_deterministic,0.25,leagueews,20260930,macro,0.04842422175423566,0.24066666666666667,0.13244444444444445,0.10822222222222222
overall,30,dense_regional_deterministic,0.25,leagueews,20261001,macro,0.04946753211672786,0.23977777777777778,0.129,0.11077777777777777
overall,30,dense_regional_deterministic,0.25,leagueews,20261002,macro,0.04896458453339824,0.2373333333333333,0.13199999999999998,0.10533333333333333
overall,30,dense_regional_deterministic,0.25,tcn,20260930,baron,0.09719222462203024,0.255,0.16366666666666665,0.09133333333333334
overall,30,dense_regional_deterministic,0.25,tcn,20261001,baron,0.09719222462203024,0.258,0.17133333333333334,0.08666666666666667
overall,30,dense_regional_deterministic,0.25,tcn,20261002,baron,0.09410675717371182,0.245,0.16066666666666668,0.08433333333333333
overall,30,dense_regional_deterministic,0.25,tcn,20260930,dragon,0.03777915085179628,0.24533333333333332,0.10066666666666667,0.14466666666666667
overall,30,dense_regional_deterministic,0.25,tcn,20261001,dragon,0.03883837938035131,0.25433333333333336,0.106,0.14833333333333334
overall,30,dense_regional_deterministic,0.25,tcn,20261002,dragon,0.040162415041045105,0.246,0.104,0.142
overall,30,dense_regional_deterministic,0.25,tcn,20260930,teamfight,0.010406668350593585,0.228,0.147,0.081
overall,30,dense_regional_deterministic,0.25,tcn,20261001,teamfight,0.01020459712048497,0.22933333333333333,0.14766666666666667,0.08166666666666667
overall,30,dense_regional_deterministic,0.25,tcn,20261002,teamfight,0.011164435463500884,0.246,0.156,0.09
overall,30,dense_regional_deterministic,0.25,tcn,20260930,macro,0.048459347941473364,0.24277777777777776,0.1371111111111111,0.10566666666666667
overall,30,dense_regional_deterministic,0.25,tcn,20261001,macro,0.0487450670409555,0.24722222222222223,0.14166666666666666,0.10555555555555556
overall,30,dense_regional_deterministic,0.25,tcn,20261002,macro,0.048477869226085935,0.24566666666666667,0.14022222222222222,0.10544444444444445
overall,30,dense_regional_deterministic,0.25,timely_leagueews,20260930,baron,0.10151187904967603,0.24766666666666667,0.161,0.08666666666666667
overall,30,dense_regional_deterministic,0.25,timely_leagueews,20261001,baron,0.10089478556001234,0.24966666666666668,0.15966666666666668,0.09
overall,30,dense_regional_deterministic,0.25,timely_leagueews,20261002,baron,0.09503239740820735,0.236,0.14933333333333335,0.08666666666666667
overall,30,dense_regional_deterministic,0.25,timely_leagueews,20260930,dragon,0.055609497749139376,0.26566666666666666,0.184,0.08166666666666667
overall,30,dense_regional_deterministic,0.25,timely_leagueews,20261001,dragon,0.05375584782416806,0.25333333333333335,0.18933333333333333,0.064
overall,30,dense_regional_deterministic,0.25,timely_leagueews,20261002,dragon,0.05516815252890811,0.25233333333333335,0.17966666666666667,0.07266666666666667
overall,30,dense_regional_deterministic,0.25,timely_leagueews,20260930,teamfight,0.012730487496842637,0.23833333333333334,0.186,0.052333333333333336
overall,30,dense_regional_deterministic,0.25,timely_leagueews,20261001,teamfight,0.011821166961353878,0.23566666666666666,0.18733333333333332,0.04833333333333333
overall,30,dense_regional_deterministic,0.25,timely_leagueews,20261002,teamfight,0.012073755998989643,0.22333333333333333,0.17933333333333334,0.044
overall,30,dense_regional_deterministic,0.25,timely_leagueews,20260930,macro,0.05661728809855268,0.2505555555555556,0.17699999999999996,0.07355555555555555
overall,30,dense_regional_deterministic,0.25,timely_leagueews,20261001,macro,0.05549060011517809,0.24622222222222223,0.17877777777777779,0.06744444444444445
overall,30,dense_regional_deterministic,0.25,timely_leagueews,20261002,macro,0.05409143531203503,0.23722222222222222,0.16944444444444443,0.06777777777777777
overall,30,dense_regional_deterministic,0.25,timely_tcn,20260930,baron,0.09534094415303919,0.259,0.16966666666666666,0.08933333333333333
overall,30,dense_regional_deterministic,0.25,timely_tcn,20261001,baron,0.09842641160135761,0.25433333333333336,0.16533333333333333,0.089
overall,30,dense_regional_deterministic,0.25,timely_tcn,20261002,baron,0.09503239740820735,0.25466666666666665,0.16866666666666666,0.086
overall,30,dense_regional_deterministic,0.25,timely_tcn,20260930,dragon,0.05128431459087298,0.24633333333333332,0.18133333333333335,0.065
overall,30,dense_regional_deterministic,0.25,timely_tcn,20261001,dragon,0.04996027893017919,0.254,0.16666666666666666,0.08733333333333333
overall,30,dense_regional_deterministic,0.25,timely_tcn,20261002,dragon,0.0503133551063642,0.258,0.19333333333333333,0.06466666666666666
overall,30,dense_regional_deterministic,0.25,timely_tcn,20260930,teamfight,0.011315988886082344,0.23566666666666666,0.18466666666666667,0.051
overall,30,dense_regional_deterministic,0.25,timely_tcn,20261001,teamfight,0.01172013134629957,0.245,0.194,0.051
overall,30,dense_regional_deterministic,0.25,timely_tcn,20261002,teamfight,0.01141702450113665,0.235,0.18033333333333335,0.05466666666666667
overall,30,dense_regional_deterministic,0.25,timely_tcn,20260930,macro,0.0526470825433315,0.247,0.17855555555555555,0.06844444444444443
overall,30,dense_regional_deterministic,0.25,timely_tcn,20261001,macro,0.05336894062594546,0.2511111111111111,0.17533333333333334,0.07577777777777778
overall,30,dense_regional_deterministic,0.25,timely_tcn,20261002,macro,0.052254259005236066,0.2492222222222222,0.1807777777777778,0.06844444444444445
overall,30,dense_regional_deterministic,0.5,leagueews,20260930,baron,0.1527306386917618,0.512,0.3943333333333333,0.11766666666666667
overall,30,dense_regional_deterministic,0.5,leagueews,20261001,baron,0.15396482567108918,0.498,0.38066666666666665,0.11733333333333333
overall,30,dense_regional_deterministic,0.5,leagueews,20261002,baron,0.14995371798827523,0.516,0.39766666666666667,0.11833333333333333
overall,30,dense_regional_deterministic,0.5,leagueews,20260930,dragon,0.07502868743931503,0.489,0.23433333333333334,0.25466666666666665
overall,30,dense_regional_deterministic,0.5,leagueews,20261001,dragon,0.07785329684879513,0.494,0.23766666666666666,0.25633333333333336
overall,30,dense_regional_deterministic,0.5,leagueews,20261002,dragon,0.07794156589284137,0.4856666666666667,0.23066666666666666,0.255
overall,30,dense_regional_deterministic,0.5,leagueews,20260930,teamfight,0.020257640818388482,0.45666666666666667,0.31566666666666665,0.141
overall,30,dense_regional_deterministic,0.5,leagueews,20261001,teamfight,0.019853498358171254,0.4683333333333333,0.323,0.14533333333333334
overall,30,dense_regional_deterministic,0.5,leagueews,20261002,teamfight,0.020611265471078555,0.4663333333333333,0.3243333333333333,0.142
overall,30,dense_regional_deterministic,0.5,leagueews,20260930,macro,0.08267232231648843,0.4858888888888888,0.31477777777777777,0.1711111111111111
overall,30,dense_regional_deterministic,0.5,leagueews,20261001,macro,0.08389054029268518,0.48677777777777775,0.31377777777777777,0.17300000000000001
overall,30,dense_regional_deterministic,0.5,leagueews,20261002,macro,0.08283551645073171,0.48933333333333334,0.31755555555555554,0.17177777777777778
overall,30,dense_regional_deterministic,0.5,tcn,20260930,baron,0.14933662449861154,0.5113333333333333,0.39666666666666667,0.11466666666666667
overall,30,dense_regional_deterministic,0.5,tcn,20261001,baron,0.14625115705029312,0.5003333333333333,0.384,0.11633333333333333
overall,30,dense_regional_deterministic,0.5,tcn,20261002,baron,0.14933662449861154,0.5176666666666667,0.39866666666666667,0.119
overall,30,dense_regional_deterministic,0.5,tcn,20260930,dragon,0.07555830170359255,0.496,0.24266666666666667,0.25333333333333335
overall,30,dense_regional_deterministic,0.5,tcn,20261001,dragon,0.07908906346544267,0.506,0.24666666666666667,0.25933333333333336
overall,30,dense_regional_deterministic,0.5,tcn,20261002,dragon,0.07988348486185895,0.509,0.25233333333333335,0.25666666666666665
overall,30,dense_regional_deterministic,0.5,tcn,20260930,teamfight,0.01944935589795403,0.4706666666666667,0.32966666666666666,0.141
overall,30,dense_regional_deterministic,0.5,tcn,20261001,teamfight,0.02010608739580702,0.476,0.3283333333333333,0.14766666666666667
overall,30,dense_regional_deterministic,0.5,tcn,20261002,teamfight,0.020055569588279868,0.477,0.333,0.144
overall,30,dense_regional_deterministic,0.5,tcn,20260930,macro,0.08144809403338603,0.49266666666666675,0.323,0.16966666666666666
overall,30,dense_regional_deterministic,0.5,tcn,20261001,macro,0.08181543597051427,0.4941111111111111,0.3196666666666667,0.17444444444444449
overall,30,dense_regional_deterministic,0.5,tcn,20261002,macro,0.08309189298291679,0.5012222222222222,0.328,0.1732222222222222
overall,30,dense_regional_deterministic,0.5,timely_leagueews,20260930,baron,0.1521135452020981,0.492,0.37733333333333335,0.11466666666666667
overall,30,dense_regional_deterministic,0.5,timely_leagueews,20261001,baron,0.15334773218142547,0.5103333333333333,0.396,0.11433333333333333
overall,30,dense_regional_deterministic,0.5,timely_leagueews,20261002,baron,0.14409132983647022,0.4856666666666667,0.36966666666666664,0.116
overall,30,dense_regional_deterministic,0.5,timely_leagueews,20260930,dragon,0.08888692735457675,0.4856666666666667,0.31933333333333336,0.16633333333333333
overall,30,dense_regional_deterministic,0.5,timely_leagueews,20261001,dragon,0.08879865831053049,0.495,0.3426666666666667,0.15233333333333332
overall,30,dense_regional_deterministic,0.5,timely_leagueews,20261002,dragon,0.08906346544266926,0.48833333333333334,0.3313333333333333,0.157
overall,30,dense_regional_deterministic,0.5,timely_leagueews,20260930,teamfight,0.02248042434958323,0.47333333333333333,0.37733333333333335,0.096
overall,30,dense_regional_deterministic,0.5,timely_leagueews,20261001,teamfight,0.02237938873452892,0.473,0.38066666666666665,0.09233333333333334
overall,30,dense_regional_deterministic,0.5,timely_leagueews,20261002,teamfight,0.021823692851730234,0.46,0.376,0.084
overall,30,dense_regional_deterministic,0.5,timely_leagueews,20260930,macro,0.08782696563541936,0.4836666666666667,0.35800000000000004,0.12566666666666668
overall,30,dense_regional_deterministic,0.5,timely_leagueews,20261001,macro,0.08817525974216163,0.4927777777777777,0.3731111111111111,0.11966666666666666
overall,30,dense_regional_deterministic,0.5,timely_leagueews,20261002,macro,0.08499282937695657,0.478,0.359,0.11900000000000001
overall,30,dense_regional_deterministic,0.5,timely_tcn,20260930,baron,0.14409132983647022,0.5246666666666666,0.408,0.11666666666666667
overall,30,dense_regional_deterministic,0.5,timely_tcn,20261001,baron,0.1447084233261339,0.509,0.3963333333333333,0.11266666666666666
overall,30,dense_regional_deterministic,0.5,timely_tcn,20261002,baron,0.15149645171243442,0.5186666666666667,0.4036666666666667,0.115
overall,30,dense_regional_deterministic,0.5,timely_tcn,20260930,dragon,0.08650366316532793,0.485,0.32366666666666666,0.16133333333333333
overall,30,dense_regional_deterministic,0.5,timely_tcn,20261001,dragon,0.0874746226498367,0.511,0.31666666666666665,0.19433333333333333
overall,30,dense_regional_deterministic,0.5,timely_tcn,20261002,dragon,0.08579751081295789,0.48433333333333334,0.33666666666666667,0.14766666666666667
overall,30,dense_regional_deterministic,0.5,timely_tcn,20260930,teamfight,0.021520586006567314,0.4563333333333333,0.36533333333333334,0.091
overall,30,dense_regional_deterministic,0.5,timely_tcn,20261001,teamfight,0.021571103814094467,0.469,0.37333333333333335,0.09566666666666666
overall,30,dense_regional_deterministic,0.5,timely_tcn,20261002,teamfight,0.020964890123768627,0.45166666666666666,0.36133333333333334,0.09033333333333333
overall,30,dense_regional_deterministic,0.5,timely_tcn,20260930,macro,0.08403852633612181,0.4886666666666666,0.36566666666666664,0.123
overall,30,dense_regional_deterministic,0.5,timely_tcn,20261001,macro,0.08458471659668836,0.4963333333333333,0.3621111111111111,0.13422222222222221
overall,30,dense_regional_deterministic,0.5,timely_tcn,20261002,macro,0.08608628421638698,0.4848888888888889,0.36722222222222217,0.11766666666666666
overall,30,dense_regional_deterministic,0.75,leagueews,20260930,baron,0.1900647948164147,0.7583333333333333,0.6256666666666667,0.13266666666666665
overall,30,dense_regional_deterministic,0.75,leagueews,20261001,baron,0.18975624807158284,0.7463333333333333,0.614,0.13233333333333333
overall,30,dense_regional_deterministic,0.75,leagueews,20261002,baron,0.18296821968528232,0.776,0.64,0.136
overall,30,dense_regional_deterministic,0.75,leagueews,20260930,dragon,0.11130726454232501,0.7556666666666667,0.41,0.3456666666666667
overall,30,dense_regional_deterministic,0.75,leagueews,20261001,dragon,0.11466148821608262,0.7503333333333333,0.4103333333333333,0.34
overall,30,dense_regional_deterministic,0.75,leagueews,20261002,dragon,0.11580898578868391,0.7593333333333333,0.4166666666666667,0.3426666666666667
overall,30,dense_regional_deterministic,0.75,leagueews,20260930,teamfight,0.030714826976509218,0.7303333333333333,0.5263333333333333,0.204
overall,30,dense_regional_deterministic,0.75,leagueews,20261001,teamfight,0.027784794139934326,0.699,0.5026666666666667,0.19633333333333333
overall,30,dense_regional_deterministic,0.75,leagueews,20261002,teamfight,0.029300328365748928,0.7053333333333334,0.5136666666666667,0.19166666666666668
overall,30,dense_regional_deterministic,0.75,leagueews,20260930,macro,0.11069562877841631,0.7481111111111112,0.5206666666666667,0.22744444444444445
overall,30,dense_regional_deterministic,0.75,leagueews,20261001,macro,0.11073417680919993,0.7318888888888888,0.509,0.22288888888888891
overall,30,dense_regional_deterministic,0.75,leagueews,20261002,macro,0.10935917794657173,0.7468888888888889,0.5234444444444445,0.22344444444444445
overall,30,dense_regional_deterministic,0.75,tcn,20260930,baron,0.18543659364393705,0.7823333333333333,0.6486666666666666,0.13366666666666666
overall,30,dense_regional_deterministic,0.75,tcn,20261001,baron,0.1879049676025918,0.758,0.6243333333333333,0.13366666666666666
overall,30,dense_regional_deterministic,0.75,tcn,20261002,baron,0.18451095340944154,0.7946666666666666,0.6573333333333333,0.13733333333333334
overall,30,dense_regional_deterministic,0.75,tcn,20260930,dragon,0.11660340718510019,0.7616666666666667,0.4196666666666667,0.342
overall,30,dense_regional_deterministic,0.75,tcn,20261001,dragon,0.11333745255538882,0.7463333333333333,0.407,0.3393333333333333
overall,30,dense_regional_deterministic,0.75,tcn,20261002,dragon,0.1156324477005914,0.7666666666666667,0.4206666666666667,0.346
overall,30,dense_regional_deterministic,0.75,tcn,20260930,teamfight,0.027582722909825715,0.6953333333333334,0.5083333333333333,0.187
overall,30,dense_regional_deterministic,0.75,tcn,20261001,teamfight,0.028845668098004547,0.7103333333333334,0.519,0.19133333333333333
overall,30,dense_regional_deterministic,0.75,tcn,20261002,teamfight,0.027784794139934326,0.6993333333333334,0.5086666666666667,0.19066666666666668
overall,30,dense_regional_deterministic,0.75,tcn,20260930,macro,0.10987424124628765,0.7464444444444446,0.5255555555555556,0.2208888888888889
overall,30,dense_regional_deterministic,0.75,tcn,20261001,macro,0.11002936275199506,0.7382222222222222,0.5167777777777777,0.22144444444444444
overall,30,dense_regional_deterministic,0.75,tcn,20261002,macro,0.10930939841665577,0.7535555555555554,0.528888888888889,0.22466666666666665
overall,30,dense_regional_deterministic,0.75,timely_leagueews,20260930,baron,0.1937673557543968,0.7733333333333333,0.637,0.13633333333333333
overall,30,dense_regional_deterministic,0.75,timely_leagueews,20261001,baron,0.18697932736809628,0.7706666666666667,0.6366666666666667,0.134
overall,30,dense_regional_deterministic,0.75,timely_leagueews,20261002,baron,0.18389385991977786,0.7603333333333333,0.627,0.13333333333333333
overall,30,dense_regional_deterministic,0.75,timely_leagueews,20260930,dragon,0.1218112807838291,0.7276666666666667,0.472,0.25566666666666665
overall,30,dense_regional_deterministic,0.75,timely_leagueews,20261001,dragon,0.1257833877659105,0.7346666666666667,0.492,0.24266666666666667
overall,30,dense_regional_deterministic,0.75,timely_leagueews,20261002,dragon,0.12154647365169036,0.7163333333333334,0.4723333333333333,0.244
overall,30,dense_regional_deterministic,0.75,timely_leagueews,20260930,teamfight,0.031422076281889366,0.7146666666666667,0.5776666666666667,0.137
overall,30,dense_regional_deterministic,0.75,timely_leagueews,20261001,teamfight,0.030967416014144985,0.7136666666666667,0.583,0.13066666666666665
overall,30,dense_regional_deterministic,0.75,timely_leagueews,20261002,teamfight,0.030512755746400607,0.692,0.568,0.124
overall,30,dense_regional_deterministic,0.75,timely_leagueews,20260930,macro,0.11566690427337177,0.7385555555555555,0.5622222222222222,0.17633333333333334
overall,30,dense_regional_deterministic,0.75,timely_leagueews,20261001,macro,0.11457671038271726,0.7396666666666668,0.5705555555555556,0.16911111111111113
overall,30,dense_regional_deterministic,0.75,timely_leagueews,20261002,macro,0.11198436310595627,0.7228888888888889,0.5557777777777777,0.1671111111111111
overall,30,dense_regional_deterministic,0.75,timely_tcn,20260930,baron,0.19037334156124652,0.7833333333333333,0.6506666666666666,0.13266666666666665
overall,30,dense_regional_deterministic,0.75,timely_tcn,20261001,baron,0.18235112619561863,0.7653333333333333,0.636,0.12933333333333333
overall,30,dense_regional_deterministic,0.75,timely_tcn,20261002,baron,0.18913915458191916,0.7736666666666666,0.6383333333333333,0.13533333333333333
overall,30,dense_regional_deterministic,0.75,timely_tcn,20260930,dragon,0.11978109277076529,0.7363333333333333,0.478,0.25833333333333336
overall,30,dense_regional_deterministic,0.75,timely_tcn,20261001,dragon,0.11828051902197899,0.73,0.445,0.285
overall,30,dense_regional_deterministic,0.75,timely_tcn,20261002,dragon,0.11933974755053403,0.719,0.4786666666666667,0.24033333333333334
overall,30,dense_regional_deterministic,0.75,timely_tcn,20260930,teamfight,0.02935084617327608,0.7063333333333334,0.5756666666666667,0.13066666666666665
overall,30,dense_regional_deterministic,0.75,timely_tcn,20261001,teamfight,0.029754988633493306,0.7126666666666667,0.5776666666666667,0.135
overall,30,dense_regional_deterministic,0.75,timely_tcn,20261002,teamfight,0.030209648901237687,0.7053333333333334,0.5743333333333334,0.131
overall,30,dense_regional_deterministic,0.75,timely_tcn,20260930,macro,0.11316842683509598,0.742,0.5681111111111111,0.1738888888888889
overall,30,dense_regional_deterministic,0.75,timely_tcn,20261001,macro,0.11012887795036364,0.7360000000000001,0.5528888888888889,0.1831111111111111
overall,30,dense_regional_deterministic,0.75,timely_tcn,20261002,macro,0.11289618367789696,0.7326666666666667,0.5637777777777778,0.1688888888888889
overall,30,dense_regional_deterministic,1.0,leagueews,20260930,baron,0.21783400185128046,1.0136666666666667,0.8696666666666667,0.144
overall,30,dense_regional_deterministic,1.0,leagueews,20261001,baron,0.21629126812712127,1.0113333333333334,0.8673333333333333,0.144
overall,30,dense_regional_deterministic,1.0,leagueews,20261002,baron,0.21320580067880285,1.0223333333333333,0.8763333333333333,0.146
overall,30,dense_regional_deterministic,1.0,leagueews,20260930,dragon,0.14590872980845618,1.008,0.595,0.413
overall,30,dense_regional_deterministic,1.0,leagueews,20261001,dragon,0.14899814635007502,1.0016666666666667,0.5953333333333334,0.4063333333333333
overall,30,dense_regional_deterministic,1.0,leagueews,20261002,dragon,0.14873333921793627,1.012,0.6033333333333334,0.4086666666666667
overall,30,dense_regional_deterministic,1.0,leagueews,20260930,teamfight,0.037231624147512,0.9683333333333334,0.72,0.24833333333333332
overall,30,dense_regional_deterministic,1.0,leagueews,20261001,teamfight,0.035968678959333165,0.93,0.691,0.239
overall,30,dense_regional_deterministic,1.0,leagueews,20261002,teamfight,0.036726446072240466,0.957,0.721,0.236
overall,30,dense_regional_deterministic,1.0,leagueews,20260930,macro,0.13365811860241622,0.9966666666666666,0.7282222222222222,0.26844444444444443
overall,30,dense_regional_deterministic,1.0,leagueews,20261001,macro,0.1337526978121765,0.981,0.7178888888888889,0.26311111111111113
overall,30,dense_regional_deterministic,1.0,leagueews,20261002,macro,0.13288852865632653,0.9971111111111112,0.7335555555555556,0.26355555555555554
overall,30,dense_regional_deterministic,1.0,tcn,20260930,baron,0.21536562789262573,1.0313333333333334,0.8823333333333333,0.149
overall,30,dense_regional_deterministic,1.0,tcn,20261001,baron,0.21382289416846653,1.0216666666666667,0.8743333333333333,0.14733333333333334
overall,30,dense_regional_deterministic,1.0,tcn,20261002,baron,0.20950323974082075,1.0426666666666666,0.8956666666666667,0.147
overall,30,dense_regional_deterministic,1.0,tcn,20260930,dragon,0.14802718686556623,1.005,0.6,0.405
overall,30,dense_regional_deterministic,1.0,tcn,20261001,dragon,0.14776237973342748,1.0043333333333333,0.6016666666666667,0.4026666666666667
overall,30,dense_regional_deterministic,1.0,tcn,20261002,dragon,0.14988083679053757,1.0053333333333334,0.6063333333333333,0.399
overall,30,dense_regional_deterministic,1.0,tcn,20260930,teamfight,0.036776963879767616,0.9593333333333334,0.722,0.23733333333333334
overall,30,dense_regional_deterministic,1.0,tcn,20261001,teamfight,0.036170750189441776,0.9586666666666667,0.7176666666666667,0.241
overall,30,dense_regional_deterministic,1.0,tcn,20261002,teamfight,0.03662541045718616,0.9573333333333334,0.719,0.23833333333333334
overall,30,dense_regional_deterministic,1.0,tcn,20260930,macro,0.1333899262126532,0.9985555555555555,0.7347777777777779,0.26377777777777783
overall,30,dense_regional_deterministic,1.0,tcn,20261001,macro,0.13258534136377859,0.9948888888888888,0.7312222222222222,0.26366666666666666
overall,30,dense_regional_deterministic,1.0,tcn,20261002,macro,0.1320031623295148,1.0017777777777779,0.7403333333333334,0.2614444444444444
overall,30,dense_regional_deterministic,1.0,timely_leagueews,20260930,baron,0.2196852823202715,1.0186666666666666,0.8723333333333333,0.14633333333333334
overall,30,dense_regional_deterministic,1.0,timely_leagueews,20261001,baron,0.21567417463745758,1.005,0.859,0.146
overall,30,dense_regional_deterministic,1.0,timely_leagueews,20261002,baron,0.21012033323048443,1.0106666666666666,0.8623333333333333,0.14833333333333334
overall,30,dense_regional_deterministic,1.0,timely_leagueews,20260930,dragon,0.1520875628916939,0.9693333333333334,0.6306666666666667,0.33866666666666667
overall,30,dense_regional_deterministic,1.0,timely_leagueews,20261001,dragon,0.15835466501897785,0.9963333333333333,0.661,0.3353333333333333
overall,30,dense_regional_deterministic,1.0,timely_leagueews,20261002,dragon,0.15526524847735898,0.9723333333333334,0.64,0.3323333333333333
overall,30,dense_regional_deterministic,1.0,timely_leagueews,20260930,teamfight,0.04006062136903259,0.9833333333333333,0.8063333333333333,0.177
overall,30,dense_regional_deterministic,1.0,timely_leagueews,20261001,teamfight,0.03910078302601667,0.9536666666666667,0.786,0.16766666666666666
overall,30,dense_regional_deterministic,1.0,timely_leagueews,20261002,teamfight,0.03925233644859813,0.949,0.7903333333333333,0.15866666666666668
overall,30,dense_regional_deterministic,1.0,timely_leagueews,20260930,macro,0.137277822193666,0.9904444444444445,0.7697777777777778,0.22066666666666665
overall,30,dense_regional_deterministic,1.0,timely_leagueews,20261001,macro,0.137709874227484,0.985,0.7686666666666667,0.2163333333333333
overall,30,dense_regional_deterministic,1.0,timely_leagueews,20261002,macro,0.13487930605214718,0.9773333333333333,0.7642222222222221,0.2131111111111111
overall,30,dense_regional_deterministic,1.0,timely_tcn,20260930,baron,0.21443998765813022,1.016,0.8726666666666667,0.14333333333333334
overall,30,dense_regional_deterministic,1.0,timely_tcn,20261001,baron,0.21351434742363468,1.0173333333333334,0.874,0.14333333333333334
overall,30,dense_regional_deterministic,1.0,timely_tcn,20261002,baron,0.21567417463745758,1.0286666666666666,0.882,0.14666666666666667
overall,30,dense_regional_deterministic,1.0,timely_tcn,20260930,dragon,0.1520875628916939,0.9803333333333333,0.647,0.3333333333333333
overall,30,dense_regional_deterministic,1.0,timely_tcn,20261001,dragon,0.14917468443816753,0.9633333333333334,0.6013333333333334,0.362
overall,30,dense_regional_deterministic,1.0,timely_tcn,20261002,dragon,0.15199929384764763,0.9783333333333334,0.6513333333333333,0.327
overall,30,dense_regional_deterministic,1.0,timely_tcn,20260930,teamfight,0.037938873452892145,0.94,0.773,0.167
overall,30,dense_regional_deterministic,1.0,timely_tcn,20261001,teamfight,0.03809042687547361,0.967,0.7923333333333333,0.17466666666666666
overall,30,dense_regional_deterministic,1.0,timely_tcn,20261002,teamfight,0.03803990906794645,0.9503333333333334,0.781,0.16933333333333334
overall,30,dense_regional_deterministic,1.0,timely_tcn,20260930,macro,0.13482214133423875,0.9787777777777777,0.7642222222222222,0.21455555555555558
overall,30,dense_regional_deterministic,1.0,timely_tcn,20261001,macro,0.13359315291242527,0.9825555555555555,0.7558888888888889,0.22666666666666666
overall,30,dense_regional_deterministic,1.0,timely_tcn,20261002,macro,0.1352377925176839,0.9857777777777779,0.7714444444444445,0.21433333333333335
overall,30,dense_regional_deterministic,mean,leagueews,20260930,baron,0.16437827830916382,0.6305833333333333,0.51,0.12058333333333332
overall,30,dense_regional_deterministic,mean,leagueews,20261001,baron,0.16460968836778772,0.62175,0.501,0.12075
overall,30,dense_regional_deterministic,mean,leagueews,20261002,baron,0.1603671706263499,0.6399166666666667,0.5183333333333333,0.12158333333333332
overall,30,dense_regional_deterministic,mean,leagueews,20260930,dragon,0.09232942007238062,0.6235833333333334,0.33325,0.29033333333333333
overall,30,dense_regional_deterministic,mean,leagueews,20261001,dragon,0.09530850030894165,0.6251666666666666,0.33508333333333334,0.29008333333333336
overall,30,dense_regional_deterministic,mean,leagueews,20261002,dragon,0.09588224909524229,0.6254166666666667,0.33691666666666664,0.28850000000000003
overall,30,dense_regional_deterministic,mean,leagueews,20260930,teamfight,0.02488002020712301,0.5993333333333333,0.4288333333333333,0.17049999999999998
overall,30,dense_regional_deterministic,mean,leagueews,20261001,teamfight,0.02346552159636272,0.5826666666666667,0.4161666666666667,0.1665
overall,30,dense_regional_deterministic,mean,leagueews,20261002,teamfight,0.02428643596867896,0.5876666666666667,0.42466666666666664,0.163
overall,30,dense_regional_deterministic,mean,leagueews,20260930,macro,0.09386257286288914,0.6178333333333333,0.4240277777777777,0.19380555555555556
overall,30,dense_regional_deterministic,mean,leagueews,20261001,macro,0.09446123675769737,0.6098611111111111,0.4174166666666667,0.19244444444444445
overall,30,dense_regional_deterministic,mean,leagueews,20261002,macro,0.09351195189675705,0.6176666666666667,0.42663888888888885,0.1910277777777778
overall,30,dense_regional_deterministic,mean,tcn,20260930,baron,0.16183276766430113,0.645,0.5228333333333334,0.12216666666666667
overall,30,dense_regional_deterministic,mean,tcn,20261001,baron,0.16129281086084543,0.6345000000000001,0.5135,0.121
overall,30,dense_regional_deterministic,mean,tcn,20261002,baron,0.15936439370564642,0.6499999999999999,0.5280833333333333,0.12191666666666667
overall,30,dense_regional_deterministic,mean,tcn,20260930,dragon,0.0944920116515138,0.627,0.34075,0.28625
overall,30,dense_regional_deterministic,mean,tcn,20261001,dragon,0.09475681878365258,0.62775,0.3403333333333334,0.2874166666666667
overall,30,dense_regional_deterministic,mean,tcn,20261002,dragon,0.09638979609850826,0.63175,0.3458333333333333,0.28591666666666665
overall,30,dense_regional_deterministic,mean,tcn,20260930,teamfight,0.023553927759535236,0.5883333333333334,0.42674999999999996,0.16158333333333333
overall,30,dense_regional_deterministic,mean,tcn,20261001,teamfight,0.02383177570093458,0.5935833333333334,0.4281666666666667,0.16541666666666666
overall,30,dense_regional_deterministic,mean,tcn,20261002,teamfight,0.023907552412225308,0.5949166666666668,0.4291666666666667,0.16575
overall,30,dense_regional_deterministic,mean,tcn,20260930,macro,0.09329290235845006,0.6201111111111112,0.4301111111111111,0.18999999999999997
overall,30,dense_regional_deterministic,mean,tcn,20261001,macro,0.09329380178181086,0.6186111111111111,0.42733333333333334,0.1912777777777778
overall,30,dense_regional_deterministic,mean,tcn,20261002,macro,0.09322058073879332,0.6255555555555555,0.43436111111111114,0.19119444444444444
overall,30,dense_regional_deterministic,mean,timely_leagueews,20260930,baron,0.16676951558161063,0.6329166666666666,0.5119166666666667,0.121
overall,30,dense_regional_deterministic,mean,timely_leagueews,20261001,baron,0.16422400493674794,0.6339166666666667,0.5128333333333334,0.12108333333333332
overall,30,dense_regional_deterministic,mean,timely_leagueews,20261002,baron,0.15828448009873497,0.6231666666666666,0.5020833333333333,0.12108333333333332
overall,30,dense_regional_deterministic,mean,timely_leagueews,20260930,dragon,0.10459881719480979,0.6120833333333333,0.4015,0.21058333333333334
overall,30,dense_regional_deterministic,mean,timely_leagueews,20261001,dragon,0.10667313972989673,0.6198333333333333,0.42125,0.19858333333333333
overall,30,dense_regional_deterministic,mean,timely_leagueews,20261002,dragon,0.10526083502515668,0.6073333333333334,0.4058333333333334,0.2015
overall,30,dense_regional_deterministic,mean,timely_leagueews,20260930,teamfight,0.026673402374336953,0.6024166666666667,0.48683333333333334,0.11558333333333333
overall,30,dense_regional_deterministic,mean,timely_leagueews,20261001,teamfight,0.02606718868401111,0.5940000000000001,0.48424999999999996,0.10974999999999999
overall,30,dense_regional_deterministic,mean,timely_leagueews,20261002,teamfight,0.025915635261429655,0.5810833333333333,0.47841666666666666,0.10266666666666667
overall,30,dense_regional_deterministic,mean,timely_leagueews,20260930,macro,0.09934724505025246,0.6158055555555556,0.46675000000000005,0.14905555555555555
overall,30,dense_regional_deterministic,mean,timely_leagueews,20261001,macro,0.09898811111688526,0.6159166666666668,0.4727777777777778,0.1431388888888889
overall,30,dense_regional_deterministic,mean,timely_leagueews,20261002,macro,0.09648698346177377,0.6038611111111112,0.46211111111111114,0.14175000000000001
overall,30,dense_regional_deterministic,mean,timely_tcn,20260930,baron,0.16106140080222153,0.64575,0.52525,0.1205
overall,30,dense_regional_deterministic,mean,timely_tcn,20261001,baron,0.1597500771366862,0.6365000000000001,0.5179166666666667,0.11858333333333332
overall,30,dense_regional_deterministic,mean,timely_tcn,20261002,baron,0.16283554458500463,0.6439166666666667,0.5231666666666667,0.12075000000000001
overall,30,dense_regional_deterministic,mean,timely_tcn,20260930,dragon,0.10241415835466502,0.612,0.4075,0.20450000000000002
overall,30,dense_regional_deterministic,mean,timely_tcn,20261001,dragon,0.10122252626004061,0.6145833333333334,0.3824166666666666,0.23216666666666666
overall,30,dense_regional_deterministic,mean,timely_tcn,20261002,dragon,0.10186247682937594,0.6099166666666667,0.415,0.19491666666666668
overall,30,dense_regional_deterministic,mean,timely_tcn,20260930,teamfight,0.02503157362970447,0.5845833333333333,0.4746666666666667,0.10991666666666666
overall,30,dense_regional_deterministic,mean,timely_tcn,20261001,teamfight,0.025284162667340238,0.5984166666666667,0.48433333333333334,0.11408333333333334
overall,30,dense_regional_deterministic,mean,timely_tcn,20261002,teamfight,0.025157868148522354,0.5855833333333333,0.47425000000000006,0.11133333333333334
overall,30,dense_regional_deterministic,mean,timely_tcn,20260930,macro,0.09616904426219702,0.6141111111111112,0.46913888888888894,0.14497222222222222
overall,30,dense_regional_deterministic,mean,timely_tcn,20261001,macro,0.09541892202135567,0.6164999999999999,0.46155555555555555,0.15494444444444444
overall,30,dense_regional_deterministic,mean,timely_tcn,20261002,macro,0.09661862985430097,0.6131388888888889,0.47080555555555553,0.14233333333333334
overall,60,deterministic,0.25,leagueews,20260930,baron,0.05337858685590867,0.23233333333333334,0.08533333333333333,0.147
overall,60,deterministic,0.25,leagueews,20261001,baron,0.03856834310398025,0.18533333333333332,0.05566666666666667,0.12966666666666668
overall,60,deterministic,0.25,leagueews,20261002,baron,0.042270904041962355,0.20266666666666666,0.07166666666666667,0.131
overall,60,deterministic,0.25,leagueews,20260930,dragon,0.011739782858151646,0.142,0.013666666666666667,0.12833333333333333
overall,60,deterministic,0.25,leagueews,20261001,dragon,0.015800158884279283,0.17966666666666667,0.020666666666666667,0.159
overall,60,deterministic,0.25,leagueews,20261002,dragon,0.011386706681966634,0.136,0.013333333333333334,0.12266666666666666
overall,60,deterministic,0.25,leagueews,20260930,teamfight,0.005102298560242485,0.115,0.04833333333333333,0.06666666666666667
overall,60,deterministic,0.25,leagueews,20261001,teamfight,0.009345794392523364,0.18666666666666668,0.08733333333333333,0.09933333333333333
overall,60,deterministic,0.25,leagueews,20261002,teamfight,0.005354887597878252,0.11366666666666667,0.042666666666666665,0.071
overall,60,deterministic,0.25,leagueews,20260930,macro,0.0234068894247676,0.1631111111111111,0.04911111111111111,0.11399999999999999
overall,60,deterministic,0.25,leagueews,20261001,macro,0.0212380987935943,0.18388888888888888,0.05455555555555556,0.12933333333333333
overall,60,deterministic,0.25,leagueews,20261002,macro,0.019670832773935745,0.1507777777777778,0.04255555555555556,0.10822222222222222
overall,60,deterministic,0.25,tcn,20260930,baron,0.042270904041962355,0.21333333333333335,0.077,0.13633333333333333
overall,60,deterministic,0.25,tcn,20261001,baron,0.04689910521443999,0.243,0.10066666666666667,0.14233333333333334
overall,60,deterministic,0.25,tcn,20261002,baron,0.04350509102128972,0.18733333333333332,0.06566666666666666,0.12166666666666667
overall,60,deterministic,0.25,tcn,20260930,dragon,0.01509400653190926,0.15833333333333333,0.016666666666666666,0.14166666666666666
overall,60,deterministic,0.25,tcn,20261001,dragon,0.009091711536764057,0.11233333333333333,0.009666666666666667,0.10266666666666667
overall,60,deterministic,0.25,tcn,20261002,dragon,0.01800688498543561,0.176,0.022,0.154
overall,60,deterministic,0.25,tcn,20260930,teamfight,0.0046476382924981055,0.093,0.037,0.056
overall,60,deterministic,0.25,tcn,20261001,teamfight,0.004799191715079565,0.09933333333333333,0.04133333333333333,0.058
overall,60,deterministic,0.25,tcn,20261002,teamfight,0.003132104066683506,0.063,0.022333333333333334,0.04066666666666666
overall,60,deterministic,0.25,tcn,20260930,macro,0.02067084962212324,0.15488888888888888,0.04355555555555555,0.11133333333333334
overall,60,deterministic,0.25,tcn,20261001,macro,0.020263336155427872,0.15155555555555555,0.050555555555555555,0.10099999999999999
overall,60,deterministic,0.25,tcn,20261002,macro,0.02154802669113628,0.1421111111111111,0.03666666666666667,0.10544444444444445
overall,60,deterministic,0.25,timely_leagueews,20260930,baron,0.02406664609688368,0.05533333333333333,0.035,0.02033333333333333
overall,60,deterministic,0.25,timely_leagueews,20261001,baron,0.02437519284171552,0.05733333333333333,0.034,0.023333333333333334
overall,60,deterministic,0.25,timely_leagueews,20261002,baron,0.020981178648565257,0.051,0.036,0.015
overall,60,deterministic,0.25,timely_leagueews,20260930,dragon,0.06311236649307088,0.11233333333333333,0.09666666666666666,0.015666666666666666
overall,60,deterministic,0.25,timely_leagueews,20261001,dragon,0.05366757878012181,0.09133333333333334,0.08033333333333334,0.011
overall,60,deterministic,0.25,timely_leagueews,20261002,dragon,0.06072910230382205,0.10433333333333333,0.09333333333333334,0.011
overall,60,deterministic,0.25,timely_leagueews,20260930,teamfight,0.01217479161404395,0.107,0.08833333333333333,0.018666666666666668
overall,60,deterministic,0.25,timely_leagueews,20261001,teamfight,0.012528416266734024,0.115,0.095,0.02
overall,60,deterministic,0.25,timely_leagueews,20261002,teamfight,0.010861328618337964,0.102,0.08466666666666667,0.017333333333333333
overall,60,deterministic,0.25,timely_leagueews,20260930,macro,0.03311793473466617,0.09155555555555556,0.07333333333333332,0.018222222222222223
overall,60,deterministic,0.25,timely_leagueews,20261001,macro,0.03019039596285712,0.08788888888888889,0.06977777777777779,0.01811111111111111
overall,60,deterministic,0.25,timely_leagueews,20261002,macro,0.030857203190241756,0.08577777777777777,0.07133333333333333,0.014444444444444446
overall,60,deterministic,0.25,timely_tcn,20260930,baron,0.058315334773218146,0.198,0.138,0.06
overall,60,deterministic,0.25,timely_tcn,20261001,baron,0.05029311940759025,0.17333333333333334,0.118,0.05533333333333333
overall,60,deterministic,0.25,timely_tcn,20261002,baron,0.03455723542116631,0.12633333333333333,0.09066666666666667,0.035666666666666666
overall,60,deterministic,0.25,timely_tcn,20260930,dragon,0.059493335687174506,0.102,0.08633333333333333,0.015666666666666666
overall,60,deterministic,0.25,timely_tcn,20261001,dragon,0.1083061170447524,0.21766666666666667,0.169,0.048666666666666664
overall,60,deterministic,0.25,timely_tcn,20261002,dragon,0.048283167093300376,0.07933333333333334,0.06866666666666667,0.010666666666666666
overall,60,deterministic,0.25,timely_tcn,20260930,teamfight,0.014347057337711543,0.12766666666666668,0.10833333333333334,0.019333333333333334
overall,60,deterministic,0.25,timely_tcn,20261001,teamfight,0.010659257388229352,0.09033333333333333,0.07566666666666666,0.014666666666666666
overall,60,deterministic,0.25,timely_tcn,20261002,teamfight,0.011063399848446577,0.10066666666666667,0.083,0.017666666666666667
overall,60,deterministic,0.25,timely_tcn,20260930,macro,0.04405190926603473,0.14255555555555555,0.11088888888888888,0.03166666666666667
overall,60,deterministic,0.25,timely_tcn,20261001,macro,0.05641949794685733,0.16044444444444445,0.12088888888888889,0.03955555555555555
overall,60,deterministic,0.25,timely_tcn,20261002,macro,0.03130126745430442,0.10211111111111111,0.08077777777777778,0.021333333333333333
overall,60,deterministic,0.5,leagueews,20260930,baron,0.1064486269669855,0.41233333333333333,0.21833333333333332,0.194
overall,60,deterministic,0.5,leagueews,20261001,baron,0.09287257019438445,0.372,0.18033333333333335,0.19166666666666668
overall,60,deterministic,0.5,leagueews,20261002,baron,0.13452638074668313,0.5123333333333333,0.295,0.21733333333333332
overall,60,deterministic,0.5,leagueews,20260930,dragon,0.011739782858151646,0.142,0.013666666666666667,0.12833333333333333
overall,60,deterministic,0.5,leagueews,20261001,dragon,0.015800158884279283,0.17966666666666667,0.020666666666666667,0.159
overall,60,deterministic,0.5,leagueews,20261002,dragon,0.011386706681966634,0.136,0.013333333333333334,0.12266666666666666
overall,60,deterministic,0.5,leagueews,20260930,teamfight,0.016620358676433442,0.31866666666666665,0.15733333333333333,0.16133333333333333
overall,60,deterministic,0.5,leagueews,20261001,teamfight,0.009345794392523364,0.18666666666666668,0.08733333333333333,0.09933333333333333
overall,60,deterministic,0.5,leagueews,20261002,teamfight,0.016620358676433442,0.30366666666666664,0.153,0.15066666666666667
overall,60,deterministic,0.5,leagueews,20260930,macro,0.04493625616719019,0.291,0.12977777777777777,0.16122222222222224
overall,60,deterministic,0.5,leagueews,20261001,macro,0.03933950782372903,0.24611111111111109,0.0961111111111111,0.15
overall,60,deterministic,0.5,leagueews,20261002,macro,0.054177815368361075,0.3173333333333333,0.15377777777777776,0.16355555555555554
overall,60,deterministic,0.5,tcn,20260930,baron,0.1101511879049676,0.461,0.25833333333333336,0.20266666666666666
overall,60,deterministic,0.5,tcn,20261001,baron,0.09657513113236656,0.416,0.22166666666666668,0.19433333333333333
overall,60,deterministic,0.5,tcn,20261002,baron,0.11601357605677261,0.481,0.27266666666666667,0.20833333333333334
overall,60,deterministic,0.5,tcn,20260930,dragon,0.01509400653190926,0.15833333333333333,0.016666666666666666,0.14166666666666666
overall,60,deterministic,0.5,tcn,20261001,dragon,0.009091711536764057,0.11233333333333333,0.009666666666666667,0.10266666666666667
overall,60,deterministic,0.5,tcn,20261002,dragon,0.01800688498543561,0.176,0.022,0.154
overall,60,deterministic,0.5,tcn,20260930,teamfight,0.014801717605455924,0.29133333333333333,0.14833333333333334,0.143
overall,60,deterministic,0.5,tcn,20261001,teamfight,0.016115180601161908,0.314,0.15833333333333333,0.15566666666666668
overall,60,deterministic,0.5,tcn,20261002,teamfight,0.011922202576408183,0.24333333333333335,0.11933333333333333,0.124
overall,60,deterministic,0.5,tcn,20260930,macro,0.046682304014110935,0.3035555555555555,0.1411111111111111,0.16244444444444442
overall,60,deterministic,0.5,tcn,20261001,macro,0.040594007756764174,0.2807777777777778,0.1298888888888889,0.15088888888888888
overall,60,deterministic,0.5,tcn,20261002,macro,0.048647554539538805,0.30011111111111116,0.138,0.16211111111111112
overall,60,deterministic,0.5,timely_leagueews,20260930,baron,0.09780931811169392,0.27366666666666667,0.18966666666666668,0.084
overall,60,deterministic,0.5,timely_leagueews,20261001,baron,0.11045973464979944,0.33466666666666667,0.24133333333333334,0.09333333333333334
overall,60,deterministic,0.5,timely_leagueews,20261002,baron,0.09935205183585313,0.32133333333333336,0.248,0.07333333333333333
overall,60,deterministic,0.5,timely_leagueews,20260930,dragon,0.13972989672521846,0.30033333333333334,0.24766666666666667,0.05266666666666667
overall,60,deterministic,0.5,timely_leagueews,20261001,dragon,0.18907229234707387,0.447,0.3616666666666667,0.08533333333333333
overall,60,deterministic,0.5,timely_leagueews,20261002,dragon,0.14070085620972725,0.2896666666666667,0.24566666666666667,0.044
overall,60,deterministic,0.5,timely_leagueews,20260930,teamfight,0.03132104066683506,0.3273333333333333,0.2723333333333333,0.055
overall,60,deterministic,0.5,timely_leagueews,20261001,teamfight,0.031876736549633744,0.331,0.2776666666666667,0.05333333333333334
overall,60,deterministic,0.5,timely_leagueews,20261002,teamfight,0.027885829754988635,0.285,0.235,0.05
overall,60,deterministic,0.5,timely_leagueews,20260930,macro,0.08962008516791581,0.30044444444444446,0.23655555555555555,0.06388888888888888
overall,60,deterministic,0.5,timely_leagueews,20261001,macro,0.11046958784883569,0.3708888888888889,0.29355555555555557,0.07733333333333334
overall,60,deterministic,0.5,timely_leagueews,20261002,macro,0.08931291260018968,0.29866666666666664,0.2428888888888889,0.05577777777777778
overall,60,deterministic,0.5,timely_tcn,20260930,baron,0.12742980561555076,0.43133333333333335,0.315,0.11633333333333333
overall,60,deterministic,0.5,timely_tcn,20261001,baron,0.11416229558778154,0.37666666666666665,0.2673333333333333,0.10933333333333334
overall,60,deterministic,0.5,timely_tcn,20261002,baron,0.11045973464979944,0.37066666666666664,0.2806666666666667,0.09
overall,60,deterministic,0.5,timely_tcn,20260930,dragon,0.13884720628475594,0.29233333333333333,0.23666666666666666,0.05566666666666667
overall,60,deterministic,0.5,timely_tcn,20261001,dragon,0.18351134257215995,0.445,0.33,0.115
overall,60,deterministic,0.5,timely_tcn,20261002,dragon,0.1942801659458028,0.4713333333333333,0.38366666666666666,0.08766666666666667
overall,60,deterministic,0.5,timely_tcn,20260930,teamfight,0.03485728719373579,0.38533333333333336,0.3293333333333333,0.056
overall,60,deterministic,0.5,timely_tcn,20261001,teamfight,0.028087900985097246,0.308,0.25533333333333336,0.05266666666666667
overall,60,deterministic,0.5,timely_tcn,20261002,teamfight,0.03162414751199798,0.33766666666666667,0.287,0.050666666666666665
overall,60,deterministic,0.5,timely_tcn,20260930,macro,0.10037809969801419,0.36966666666666664,0.2936666666666667,0.076
overall,60,deterministic,0.5,timely_tcn,20261001,macro,0.10858717971501292,0.37655555555555553,0.2842222222222222,0.09233333333333334
overall,60,deterministic,0.5,timely_tcn,20261002,macro,0.11212134936920008,0.3932222222222222,0.3171111111111111,0.07611111111111112
overall,60,deterministic,0.75,leagueews,20260930,baron,0.18543659364393705,0.7036666666666667,0.45766666666666667,0.246
overall,60,deterministic,0.75,leagueews,20261001,baron,0.183585313174946,0.6666666666666666,0.4266666666666667,0.24
overall,60,deterministic,0.75,leagueews,20261002,baron,0.183585313174946,0.6693333333333333,0.42633333333333334,0.243
overall,60,deterministic,0.75,leagueews,20260930,dragon,0.08915173448671551,0.6446666666666667,0.134,0.5106666666666667
overall,60,deterministic,0.75,leagueews,20261001,dragon,0.10106805543295966,0.6953333333333334,0.14833333333333334,0.547
overall,60,deterministic,0.75,leagueews,20261002,dragon,0.0991261364639421,0.6666666666666666,0.143,0.5236666666666666
overall,60,deterministic,0.75,leagueews,20260930,teamfight,0.03743369537762061,0.6643333333333333,0.377,0.28733333333333333
overall,60,deterministic,0.75,leagueews,20261001,teamfight,0.025663046223793888,0.48433333333333334,0.2643333333333333,0.22
overall,60,deterministic,0.75,leagueews,20261002,teamfight,0.036776963879767616,0.644,0.37566666666666665,0.2683333333333333
overall,60,deterministic,0.75,leagueews,20260930,macro,0.1040073411694244,0.6708888888888889,0.3228888888888889,0.34800000000000003
overall,60,deterministic,0.75,leagueews,20261001,macro,0.10343880494389986,0.6154444444444445,0.2797777777777778,0.3356666666666667
overall,60,deterministic,0.75,leagueews,20261002,macro,0.10649613783955192,0.66,0.315,0.345
overall,60,deterministic,0.75,tcn,20260930,baron,0.18512804689910523,0.72,0.47333333333333333,0.24666666666666667
overall,60,deterministic,0.75,tcn,20261001,baron,0.17216908361616784,0.6683333333333333,0.42533333333333334,0.243
overall,60,deterministic,0.75,tcn,20261002,baron,0.15550755939524838,0.6203333333333333,0.38533333333333336,0.235
overall,60,deterministic,0.75,tcn,20260930,dragon,0.10318651249006973,0.7076666666666667,0.159,0.5486666666666666
overall,60,deterministic,0.75,tcn,20261001,dragon,0.07802983493688763,0.5793333333333334,0.11066666666666666,0.4686666666666667
overall,60,deterministic,0.75,tcn,20261002,dragon,0.01800688498543561,0.176,0.022,0.154
overall,60,deterministic,0.75,tcn,20260930,teamfight,0.035766607729224555,0.634,0.37,0.264
overall,60,deterministic,0.75,tcn,20261001,teamfight,0.036372821419550394,0.6483333333333333,0.37266666666666665,0.27566666666666667
overall,60,deterministic,0.75,tcn,20261002,teamfight,0.032482950239959583,0.5656666666666667,0.319,0.24666666666666667
overall,60,deterministic,0.75,tcn,20260930,macro,0.10802705570613318,0.6872222222222222,0.3341111111111111,0.35311111111111115
overall,60,deterministic,0.75,tcn,20261001,macro,0.09552391332420196,0.632,0.30288888888888893,0.32911111111111113
overall,60,deterministic,0.75,tcn,20261002,macro,0.06866579820688119,0.454,0.24211111111111114,0.2118888888888889
overall,60,deterministic,0.75,timely_leagueews,20260930,baron,0.16908361616784942,0.53,0.38066666666666665,0.14933333333333335
overall,60,deterministic,0.75,timely_leagueews,20261001,baron,0.1900647948164147,0.6206666666666667,0.4623333333333333,0.15833333333333333
overall,60,deterministic,0.75,timely_leagueews,20261002,baron,0.20178957112002469,0.643,0.5076666666666667,0.13533333333333333
overall,60,deterministic,0.75,timely_leagueews,20260930,dragon,0.21149262953482215,0.535,0.413,0.122
overall,60,deterministic,0.75,timely_leagueews,20261001,dragon,0.24335775443551946,0.6686666666666666,0.517,0.15166666666666667
overall,60,deterministic,0.75,timely_leagueews,20261002,dragon,0.21369935563597847,0.5443333333333333,0.43333333333333335,0.111
overall,60,deterministic,0.75,timely_leagueews,20260930,teamfight,0.03132104066683506,0.3273333333333333,0.2723333333333333,0.055
overall,60,deterministic,0.75,timely_leagueews,20261001,teamfight,0.031876736549633744,0.331,0.2776666666666667,0.05333333333333334
overall,60,deterministic,0.75,timely_leagueews,20261002,teamfight,0.05698408689062895,0.683,0.5713333333333334,0.11166666666666666
overall,60,deterministic,0.75,timely_leagueews,20260930,macro,0.1372990954565022,0.4641111111111111,0.3553333333333333,0.10877777777777776
overall,60,deterministic,0.75,timely_leagueews,20261001,macro,0.15509976193385597,0.5401111111111111,0.41900000000000004,0.12111111111111111
overall,60,deterministic,0.75,timely_leagueews,20261002,macro,0.15749100454887735,0.6234444444444445,0.5041111111111111,0.11933333333333333
overall,60,deterministic,0.75,timely_tcn,20260930,baron,0.1931502622647331,0.6973333333333334,0.5153333333333333,0.182
overall,60,deterministic,0.75,timely_tcn,20261001,baron,0.17834001851280468,0.629,0.45766666666666667,0.17133333333333334
overall,60,deterministic,0.75,timely_tcn,20261002,baron,0.19716136994754704,0.701,0.5386666666666666,0.16233333333333333
overall,60,deterministic,0.75,timely_tcn,20260930,dragon,0.20646129402418573,0.5313333333333333,0.42033333333333334,0.111
overall,60,deterministic,0.75,timely_tcn,20261001,dragon,0.24300467825933444,0.686,0.49033333333333334,0.19566666666666666
overall,60,deterministic,0.75,timely_tcn,20261002,dragon,0.24918351134257216,0.697,0.5363333333333333,0.16066666666666668
overall,60,deterministic,0.75,timely_tcn,20260930,teamfight,0.03485728719373579,0.38533333333333336,0.3293333333333333,0.056
overall,60,deterministic,0.75,timely_tcn,20261001,teamfight,0.028087900985097246,0.308,0.25533333333333336,0.05266666666666667
overall,60,deterministic,0.75,timely_tcn,20261002,teamfight,0.03162414751199798,0.33766666666666667,0.287,0.050666666666666665
overall,60,deterministic,0.75,timely_tcn,20260930,macro,0.14482294782755156,0.538,0.42166666666666663,0.11633333333333333
overall,60,deterministic,0.75,timely_tcn,20261001,macro,0.1498108659190788,0.541,0.40111111111111114,0.13988888888888887
overall,60,deterministic,0.75,timely_tcn,20261002,macro,0.15932300960070572,0.5785555555555555,0.45399999999999996,0.12455555555555557
overall,60,deterministic,1.0,leagueews,20260930,baron,0.23110151187904968,0.891,0.6233333333333333,0.26766666666666666
overall,60,deterministic,1.0,leagueews,20261001,baron,0.23696390003085469,0.8526666666666667,0.588,0.26466666666666666
overall,60,deterministic,1.0,leagueews,20261002,baron,0.23819808701018205,0.8806666666666667,0.6123333333333333,0.2683333333333333
overall,60,deterministic,1.0,leagueews,20260930,dragon,0.08915173448671551,0.6446666666666667,0.134,0.5106666666666667
overall,60,deterministic,1.0,leagueews,20261001,dragon,0.10106805543295966,0.6953333333333334,0.14833333333333334,0.547
overall,60,deterministic,1.0,leagueews,20261002,dragon,0.0991261364639421,0.6666666666666666,0.143,0.5236666666666666
overall,60,deterministic,1.0,leagueews,20260930,teamfight,0.03743369537762061,0.6643333333333333,0.377,0.28733333333333333
overall,60,deterministic,1.0,leagueews,20261001,teamfight,0.05284162667340237,0.9553333333333334,0.582,0.37333333333333335
overall,60,deterministic,1.0,leagueews,20261002,teamfight,0.036776963879767616,0.644,0.37566666666666665,0.2683333333333333
overall,60,deterministic,1.0,leagueews,20260930,macro,0.11922898058112859,0.7333333333333334,0.37811111111111106,0.35522222222222216
overall,60,deterministic,1.0,leagueews,20261001,macro,0.1302911940457389,0.8344444444444444,0.43944444444444447,0.395
overall,60,deterministic,1.0,leagueews,20261002,macro,0.12470039578463059,0.7304444444444446,0.377,0.35344444444444445
overall,60,deterministic,1.0,tcn,20260930,baron,0.22709040419623572,0.8866666666666667,0.618,0.26866666666666666
overall,60,deterministic,1.0,tcn,20261001,baron,0.2165998148719531,0.8446666666666667,0.5786666666666667,0.266
overall,60,deterministic,1.0,tcn,20261002,baron,0.25948781240357915,0.9876666666666667,0.7123333333333334,0.2753333333333333
overall,60,deterministic,1.0,tcn,20260930,dragon,0.10318651249006973,0.7076666666666667,0.159,0.5486666666666666
overall,60,deterministic,1.0,tcn,20261001,dragon,0.07802983493688763,0.5793333333333334,0.11066666666666666,0.4686666666666667
overall,60,deterministic,1.0,tcn,20261002,dragon,0.12340012357666166,0.7746666666666666,0.18,0.5946666666666667
overall,60,deterministic,1.0,tcn,20260930,teamfight,0.035766607729224555,0.634,0.37,0.264
overall,60,deterministic,1.0,tcn,20261001,teamfight,0.036372821419550394,0.6483333333333333,0.37266666666666665,0.27566666666666667
overall,60,deterministic,1.0,tcn,20261002,teamfight,0.032482950239959583,0.5656666666666667,0.319,0.24666666666666667
overall,60,deterministic,1.0,tcn,20260930,macro,0.12201450813851,0.7427777777777779,0.38233333333333336,0.3604444444444444
overall,60,deterministic,1.0,tcn,20261001,macro,0.11033415707613037,0.6907777777777778,0.35400000000000004,0.3367777777777778
overall,60,deterministic,1.0,tcn,20261002,macro,0.13845696207340014,0.7759999999999999,0.4037777777777778,0.37222222222222223
overall,60,deterministic,1.0,timely_leagueews,20260930,baron,0.23572971305152732,0.7936666666666666,0.5963333333333334,0.19733333333333333
overall,60,deterministic,1.0,timely_leagueews,20261001,baron,0.2601049058932428,0.8946666666666667,0.6903333333333334,0.20433333333333334
overall,60,deterministic,1.0,timely_leagueews,20261002,baron,0.2820117247763036,0.962,0.769,0.193
overall,60,deterministic,1.0,timely_leagueews,20260930,dragon,0.267278665372054,0.772,0.5683333333333334,0.20366666666666666
overall,60,deterministic,1.0,timely_leagueews,20261001,dragon,0.2911113072645423,0.9116666666666666,0.669,0.24266666666666667
overall,60,deterministic,1.0,timely_leagueews,20261002,dragon,0.2717803866184129,0.8073333333333333,0.599,0.20833333333333334
overall,60,deterministic,1.0,timely_leagueews,20260930,teamfight,0.06425865117453902,0.779,0.6493333333333333,0.12966666666666668
overall,60,deterministic,1.0,timely_leagueews,20261001,teamfight,0.06506693609497348,0.7883333333333333,0.6616666666666666,0.12666666666666668
overall,60,deterministic,1.0,timely_leagueews,20261002,teamfight,0.05698408689062895,0.683,0.5713333333333334,0.11166666666666666
overall,60,deterministic,1.0,timely_leagueews,20260930,macro,0.18908900986604013,0.7815555555555554,0.6046666666666667,0.1768888888888889
overall,60,deterministic,1.0,timely_leagueews,20261001,macro,0.2054277164175862,0.8648888888888889,0.6736666666666666,0.1912222222222222
overall,60,deterministic,1.0,timely_leagueews,20261002,macro,0.20359206609511515,0.8174444444444445,0.6464444444444445,0.171
overall,60,deterministic,1.0,timely_tcn,20260930,baron,0.2607219993829065,0.973,0.7343333333333333,0.23866666666666667
overall,60,deterministic,1.0,timely_tcn,20261001,baron,0.2489972230792965,0.9006666666666666,0.6793333333333333,0.22133333333333333
overall,60,deterministic,1.0,timely_tcn,20261002,baron,0.19716136994754704,0.701,0.5386666666666666,0.16233333333333333
overall,60,deterministic,1.0,timely_tcn,20260930,dragon,0.25933445140789124,0.7623333333333333,0.5773333333333334,0.185
overall,60,deterministic,1.0,timely_tcn,20261001,dragon,0.2943772618942537,0.9433333333333334,0.642,0.30133333333333334
overall,60,deterministic,1.0,timely_tcn,20261002,dragon,0.29658398799541,0.963,0.6956666666666667,0.2673333333333333
overall,60,deterministic,1.0,timely_tcn,20260930,teamfight,0.06728971962616823,0.8496666666666667,0.721,0.12866666666666668
overall,60,deterministic,1.0,timely_tcn,20261001,teamfight,0.062389492296034355,0.761,0.6396666666666667,0.12133333333333333
overall,60,deterministic,1.0,timely_tcn,20261002,teamfight,0.06521848951755493,0.7903333333333333,0.665,0.12533333333333332
overall,60,deterministic,1.0,timely_tcn,20260930,macro,0.19578205680565533,0.8616666666666667,0.6775555555555556,0.18411111111111111
overall,60,deterministic,1.0,timely_tcn,20261001,macro,0.2019213257565282,0.8683333333333333,0.6536666666666667,0.21466666666666664
overall,60,deterministic,1.0,timely_tcn,20261002,macro,0.18632128248683733,0.8181111111111111,0.6331111111111111,0.18499999999999997
overall,60,deterministic,mean,leagueews,20260930,baron,0.14409132983647022,0.5598333333333334,0.3461666666666666,0.21366666666666667
overall,60,deterministic,mean,leagueews,20261001,baron,0.13799753162604134,0.5191666666666667,0.31266666666666665,0.20650000000000002
overall,60,deterministic,mean,leagueews,20261002,baron,0.1496451712434434,0.5662499999999999,0.3513333333333333,0.21491666666666664
overall,60,deterministic,mean,leagueews,20260930,dragon,0.050445758672433574,0.39333333333333337,0.07383333333333333,0.3195
overall,60,deterministic,mean,leagueews,20261001,dragon,0.05843410715861947,0.4375,0.0845,0.353
overall,60,deterministic,mean,leagueews,20261002,dragon,0.055256421572954365,0.4013333333333333,0.07816666666666666,0.3231666666666666
overall,60,deterministic,mean,leagueews,20260930,teamfight,0.024147511997979286,0.4405833333333333,0.23991666666666667,0.20066666666666666
overall,60,deterministic,mean,leagueews,20261001,teamfight,0.024299065420560748,0.45325000000000004,0.25525,0.198
overall,60,deterministic,mean,leagueews,20261002,teamfight,0.02388229350846173,0.42633333333333334,0.23674999999999996,0.18958333333333333
overall,60,deterministic,mean,leagueews,20260930,macro,0.0728948668356277,0.46458333333333335,0.2199722222222222,0.2446111111111111
overall,60,deterministic,mean,leagueews,20261001,macro,0.07357690140174052,0.46997222222222224,0.2174722222222222,0.2525
overall,60,deterministic,mean,leagueews,20261002,macro,0.07626129544161982,0.4646388888888889,0.2220833333333333,0.24255555555555552
overall,60,deterministic,mean,tcn,20260930,baron,0.14116013576056774,0.57025,0.3566666666666667,0.21358333333333335
overall,60,deterministic,mean,tcn,20261001,baron,0.13306078370873187,0.5429999999999999,0.33158333333333334,0.21141666666666667
overall,60,deterministic,mean,tcn,20261002,baron,0.14362850971922247,0.5690833333333334,0.359,0.21008333333333332
overall,60,deterministic,mean,tcn,20260930,dragon,0.05914025951098949,0.433,0.08783333333333333,0.3451666666666666
overall,60,deterministic,mean,tcn,20261001,dragon,0.04356077323682585,0.3458333333333333,0.06016666666666667,0.2856666666666667
overall,60,deterministic,mean,tcn,20261002,dragon,0.044355194633242126,0.32566666666666666,0.0615,0.26416666666666666
overall,60,deterministic,mean,tcn,20260930,teamfight,0.022745642839100785,0.41308333333333336,0.23133333333333334,0.18175
overall,60,deterministic,mean,tcn,20261001,teamfight,0.023415003788835567,0.4275,0.23625000000000002,0.19125
overall,60,deterministic,mean,tcn,20261002,teamfight,0.020005051780752715,0.35941666666666666,0.19491666666666668,0.1645
overall,60,deterministic,mean,tcn,20260930,macro,0.07434867937021934,0.4721111111111111,0.22527777777777777,0.24683333333333332
overall,60,deterministic,mean,tcn,20261001,macro,0.0666788535781311,0.4387777777777777,0.20933333333333334,0.22944444444444445
overall,60,deterministic,mean,tcn,20261002,macro,0.0693295853777391,0.41805555555555557,0.2051388888888889,0.21291666666666664
overall,60,deterministic,mean,timely_leagueews,20260930,baron,0.13167232335698859,0.4131666666666667,0.30041666666666667,0.11275000000000002
overall,60,deterministic,mean,timely_leagueews,20261001,baron,0.14625115705029312,0.47683333333333333,0.357,0.11983333333333335
overall,60,deterministic,mean,timely_leagueews,20261002,baron,0.15103363159518668,0.49433333333333335,0.39016666666666666,0.10416666666666667
overall,60,deterministic,mean,timely_leagueews,20260930,dragon,0.1704033895312914,0.42991666666666667,0.3314166666666667,0.0985
overall,60,deterministic,mean,timely_leagueews,20261001,dragon,0.1943022332068144,0.5296666666666666,0.40700000000000003,0.12266666666666667
overall,60,deterministic,mean,timely_leagueews,20261002,dragon,0.1717274251919852,0.4364166666666667,0.3428333333333333,0.09358333333333332
overall,60,deterministic,mean,timely_leagueews,20260930,teamfight,0.034768881030563276,0.38516666666666666,0.32058333333333333,0.06458333333333334
overall,60,deterministic,mean,timely_leagueews,20261001,teamfight,0.03533720636524375,0.3913333333333333,0.328,0.06333333333333334
overall,60,deterministic,mean,timely_leagueews,20261002,teamfight,0.03817883303864612,0.43825000000000003,0.36558333333333337,0.07266666666666666
overall,60,deterministic,mean,timely_leagueews,20260930,macro,0.11228153130628109,0.4094166666666667,0.3174722222222222,0.09194444444444445
overall,60,deterministic,mean,timely_leagueews,20261001,macro,0.12529686554078376,0.46594444444444444,0.36400000000000005,0.10194444444444445
overall,60,deterministic,mean,timely_leagueews,20261002,macro,0.120313296608606,0.4563333333333333,0.3661944444444445,0.09013888888888888
overall,60,deterministic,mean,timely_tcn,20260930,baron,0.15990435050910212,0.5749166666666666,0.42566666666666664,0.14925
overall,60,deterministic,mean,timely_tcn,20261001,baron,0.14794816414686823,0.5199166666666667,0.38058333333333333,0.13933333333333334
overall,60,deterministic,mean,timely_tcn,20261002,baron,0.13483492749151496,0.47475,0.36216666666666664,0.11258333333333333
overall,60,deterministic,mean,timely_tcn,20260930,dragon,0.16603407185100186,0.422,0.3301666666666667,0.09183333333333334
overall,60,deterministic,mean,timely_tcn,20261001,dragon,0.20729984994262513,0.5730000000000001,0.4078333333333334,0.16516666666666668
overall,60,deterministic,mean,timely_tcn,20261002,dragon,0.19708270809427136,0.5526666666666666,0.4210833333333333,0.13158333333333333
overall,60,deterministic,mean,timely_tcn,20260930,teamfight,0.03783783783783784,0.43700000000000006,0.372,0.065
overall,60,deterministic,mean,timely_tcn,20261001,teamfight,0.03230613791361455,0.36683333333333334,0.3065,0.060333333333333336
overall,60,deterministic,mean,timely_tcn,20261002,teamfight,0.03488254609749937,0.39158333333333334,0.3305,0.06108333333333333
overall,60,deterministic,mean,timely_tcn,20260930,macro,0.12125875339931393,0.47797222222222224,0.3759444444444444,0.10202777777777777
overall,60,deterministic,mean,timely_tcn,20261001,macro,0.1291847173343693,0.48658333333333337,0.36497222222222225,0.12161111111111111
overall,60,deterministic,mean,timely_tcn,20261002,macro,0.1222667272277619,0.47300000000000003,0.37125,0.10175
overall,60,regional_deterministic,0.25,leagueews,20260930,baron,0.05337858685590867,0.23233333333333334,0.08533333333333333,0.147
overall,60,regional_deterministic,0.25,leagueews,20261001,baron,0.03856834310398025,0.18533333333333332,0.05566666666666667,0.12966666666666668
overall,60,regional_deterministic,0.25,leagueews,20261002,baron,0.042270904041962355,0.20266666666666666,0.07166666666666667,0.131
overall,60,regional_deterministic,0.25,leagueews,20260930,dragon,0.011739782858151646,0.142,0.013666666666666667,0.12833333333333333
overall,60,regional_deterministic,0.25,leagueews,20261001,dragon,0.015800158884279283,0.17966666666666667,0.020666666666666667,0.159
overall,60,regional_deterministic,0.25,leagueews,20261002,dragon,0.011386706681966634,0.136,0.013333333333333334,0.12266666666666666
overall,60,regional_deterministic,0.25,leagueews,20260930,teamfight,0.005102298560242485,0.115,0.04833333333333333,0.06666666666666667
overall,60,regional_deterministic,0.25,leagueews,20261001,teamfight,0.009345794392523364,0.18666666666666668,0.08733333333333333,0.09933333333333333
overall,60,regional_deterministic,0.25,leagueews,20261002,teamfight,0.005354887597878252,0.11366666666666667,0.042666666666666665,0.071
overall,60,regional_deterministic,0.25,leagueews,20260930,macro,0.0234068894247676,0.1631111111111111,0.04911111111111111,0.11399999999999999
overall,60,regional_deterministic,0.25,leagueews,20261001,macro,0.0212380987935943,0.18388888888888888,0.05455555555555556,0.12933333333333333
overall,60,regional_deterministic,0.25,leagueews,20261002,macro,0.019670832773935745,0.1507777777777778,0.04255555555555556,0.10822222222222222
overall,60,regional_deterministic,0.25,tcn,20260930,baron,0.042270904041962355,0.21333333333333335,0.077,0.13633333333333333
overall,60,regional_deterministic,0.25,tcn,20261001,baron,0.04689910521443999,0.243,0.10066666666666667,0.14233333333333334
overall,60,regional_deterministic,0.25,tcn,20261002,baron,0.04350509102128972,0.18733333333333332,0.06566666666666666,0.12166666666666667
overall,60,regional_deterministic,0.25,tcn,20260930,dragon,0.01509400653190926,0.15833333333333333,0.016666666666666666,0.14166666666666666
overall,60,regional_deterministic,0.25,tcn,20261001,dragon,0.009091711536764057,0.11233333333333333,0.009666666666666667,0.10266666666666667
overall,60,regional_deterministic,0.25,tcn,20261002,dragon,0.01800688498543561,0.176,0.022,0.154
overall,60,regional_deterministic,0.25,tcn,20260930,teamfight,0.0046476382924981055,0.093,0.037,0.056
overall,60,regional_deterministic,0.25,tcn,20261001,teamfight,0.004799191715079565,0.09933333333333333,0.04133333333333333,0.058
overall,60,regional_deterministic,0.25,tcn,20261002,teamfight,0.007072493053801465,0.157,0.07133333333333333,0.08566666666666667
overall,60,regional_deterministic,0.25,tcn,20260930,macro,0.02067084962212324,0.15488888888888888,0.04355555555555555,0.11133333333333334
overall,60,regional_deterministic,0.25,tcn,20261001,macro,0.020263336155427872,0.15155555555555555,0.050555555555555555,0.10099999999999999
overall,60,regional_deterministic,0.25,tcn,20261002,macro,0.022861489686842266,0.17344444444444443,0.053,0.12044444444444445
overall,60,regional_deterministic,0.25,timely_leagueews,20260930,baron,0.06417772292502315,0.165,0.109,0.056
overall,60,regional_deterministic,0.25,timely_leagueews,20261001,baron,0.02437519284171552,0.05733333333333333,0.034,0.023333333333333334
overall,60,regional_deterministic,0.25,timely_leagueews,20261002,baron,0.020981178648565257,0.051,0.036,0.015
overall,60,regional_deterministic,0.25,timely_leagueews,20260930,dragon,0.06311236649307088,0.11233333333333333,0.09666666666666666,0.015666666666666666
overall,60,regional_deterministic,0.25,timely_leagueews,20261001,dragon,0.05366757878012181,0.09133333333333334,0.08033333333333334,0.011
overall,60,regional_deterministic,0.25,timely_leagueews,20261002,dragon,0.06072910230382205,0.10433333333333333,0.09333333333333334,0.011
overall,60,regional_deterministic,0.25,timely_leagueews,20260930,teamfight,0.01217479161404395,0.107,0.08833333333333333,0.018666666666666668
overall,60,regional_deterministic,0.25,timely_leagueews,20261001,teamfight,0.012528416266734024,0.115,0.095,0.02
overall,60,regional_deterministic,0.25,timely_leagueews,20261002,teamfight,0.019348320282899723,0.18766666666666668,0.15666666666666668,0.031
overall,60,regional_deterministic,0.25,timely_leagueews,20260930,macro,0.046488293677379326,0.1281111111111111,0.09799999999999999,0.030111111111111113
overall,60,regional_deterministic,0.25,timely_leagueews,20261001,macro,0.03019039596285712,0.08788888888888889,0.06977777777777779,0.01811111111111111
overall,60,regional_deterministic,0.25,timely_leagueews,20261002,macro,0.03368620041176234,0.11433333333333333,0.09533333333333334,0.019
overall,60,regional_deterministic,0.25,timely_tcn,20260930,baron,0.058315334773218146,0.198,0.138,0.06
overall,60,regional_deterministic,0.25,timely_tcn,20261001,baron,0.05029311940759025,0.17333333333333334,0.118,0.05533333333333333
overall,60,regional_deterministic,0.25,timely_tcn,20261002,baron,0.03455723542116631,0.12633333333333333,0.09066666666666667,0.035666666666666666
overall,60,regional_deterministic,0.25,timely_tcn,20260930,dragon,0.059493335687174506,0.102,0.08633333333333333,0.015666666666666666
overall,60,regional_deterministic,0.25,timely_tcn,20261001,dragon,0.1083061170447524,0.21766666666666667,0.169,0.048666666666666664
overall,60,regional_deterministic,0.25,timely_tcn,20261002,dragon,0.048283167093300376,0.07933333333333334,0.06866666666666667,0.010666666666666666
overall,60,regional_deterministic,0.25,timely_tcn,20260930,teamfight,0.014347057337711543,0.12766666666666668,0.10833333333333334,0.019333333333333334
overall,60,regional_deterministic,0.25,timely_tcn,20261001,teamfight,0.010659257388229352,0.09033333333333333,0.07566666666666666,0.014666666666666666
overall,60,regional_deterministic,0.25,timely_tcn,20261002,teamfight,0.011063399848446577,0.10066666666666667,0.083,0.017666666666666667
overall,60,regional_deterministic,0.25,timely_tcn,20260930,macro,0.04405190926603473,0.14255555555555555,0.11088888888888888,0.03166666666666667
overall,60,regional_deterministic,0.25,timely_tcn,20261001,macro,0.05641949794685733,0.16044444444444445,0.12088888888888889,0.03955555555555555
overall,60,regional_deterministic,0.25,timely_tcn,20261002,macro,0.03130126745430442,0.10211111111111111,0.08077777777777778,0.021333333333333333
overall,60,regional_deterministic,0.5,leagueews,20260930,baron,0.1064486269669855,0.41233333333333333,0.21833333333333332,0.194
overall,60,regional_deterministic,0.5,leagueews,20261001,baron,0.11138537488429497,0.43333333333333335,0.22766666666666666,0.20566666666666666
overall,60,regional_deterministic,0.5,leagueews,20261002,baron,0.13452638074668313,0.5123333333333333,0.295,0.21733333333333332
overall,60,regional_deterministic,0.5,leagueews,20260930,dragon,0.011739782858151646,0.142,0.013666666666666667,0.12833333333333333
overall,60,regional_deterministic,0.5,leagueews,20261001,dragon,0.015800158884279283,0.17966666666666667,0.020666666666666667,0.159
overall,60,regional_deterministic,0.5,leagueews,20261002,dragon,0.011386706681966634,0.136,0.013333333333333334,0.12266666666666666
overall,60,regional_deterministic,0.5,leagueews,20260930,teamfight,0.016620358676433442,0.31866666666666665,0.15733333333333333,0.16133333333333333
overall,60,regional_deterministic,0.5,leagueews,20261001,teamfight,0.017580197019449358,0.3416666666666667,0.17966666666666667,0.162
overall,60,regional_deterministic,0.5,leagueews,20261002,teamfight,0.016620358676433442,0.30366666666666664,0.153,0.15066666666666667
overall,60,regional_deterministic,0.5,leagueews,20260930,macro,0.04493625616719019,0.291,0.12977777777777777,0.16122222222222224
overall,60,regional_deterministic,0.5,leagueews,20261001,macro,0.048255243596007864,0.31822222222222224,0.14266666666666666,0.17555555555555558
overall,60,regional_deterministic,0.5,leagueews,20261002,macro,0.054177815368361075,0.3173333333333333,0.15377777777777776,0.16355555555555554
overall,60,regional_deterministic,0.5,tcn,20260930,baron,0.1101511879049676,0.461,0.25833333333333336,0.20266666666666666
overall,60,regional_deterministic,0.5,tcn,20261001,baron,0.11601357605677261,0.4703333333333333,0.264,0.20633333333333334
overall,60,regional_deterministic,0.5,tcn,20261002,baron,0.11601357605677261,0.481,0.27266666666666667,0.20833333333333334
overall,60,regional_deterministic,0.5,tcn,20260930,dragon,0.01509400653190926,0.15833333333333333,0.016666666666666666,0.14166666666666666
overall,60,regional_deterministic,0.5,tcn,20261001,dragon,0.009091711536764057,0.11233333333333333,0.009666666666666667,0.10266666666666667
overall,60,regional_deterministic,0.5,tcn,20261002,dragon,0.01800688498543561,0.176,0.022,0.154
overall,60,regional_deterministic,0.5,tcn,20260930,teamfight,0.014801717605455924,0.29133333333333333,0.14833333333333334,0.143
overall,60,regional_deterministic,0.5,tcn,20261001,teamfight,0.016115180601161908,0.314,0.15833333333333333,0.15566666666666668
overall,60,regional_deterministic,0.5,tcn,20261002,teamfight,0.011922202576408183,0.24333333333333335,0.11933333333333333,0.124
overall,60,regional_deterministic,0.5,tcn,20260930,macro,0.046682304014110935,0.3035555555555555,0.1411111111111111,0.16244444444444442
overall,60,regional_deterministic,0.5,tcn,20261001,macro,0.04707348939823286,0.2988888888888889,0.144,0.15488888888888888
overall,60,regional_deterministic,0.5,tcn,20261002,macro,0.048647554539538805,0.30011111111111116,0.138,0.16211111111111112
overall,60,regional_deterministic,0.5,timely_leagueews,20260930,baron,0.13452638074668313,0.395,0.283,0.112
overall,60,regional_deterministic,0.5,timely_leagueews,20261001,baron,0.11045973464979944,0.33466666666666667,0.24133333333333334,0.09333333333333334
overall,60,regional_deterministic,0.5,timely_leagueews,20261002,baron,0.09935205183585313,0.32133333333333336,0.248,0.07333333333333333
overall,60,regional_deterministic,0.5,timely_leagueews,20260930,dragon,0.13972989672521846,0.30033333333333334,0.24766666666666667,0.05266666666666667
overall,60,regional_deterministic,0.5,timely_leagueews,20261001,dragon,0.18907229234707387,0.447,0.3616666666666667,0.08533333333333333
overall,60,regional_deterministic,0.5,timely_leagueews,20261002,dragon,0.14070085620972725,0.2896666666666667,0.24566666666666667,0.044
overall,60,regional_deterministic,0.5,timely_leagueews,20260930,teamfight,0.03132104066683506,0.3273333333333333,0.2723333333333333,0.055
overall,60,regional_deterministic,0.5,timely_leagueews,20261001,teamfight,0.031876736549633744,0.331,0.2776666666666667,0.05333333333333334
overall,60,regional_deterministic,0.5,timely_leagueews,20261002,teamfight,0.027885829754988635,0.285,0.235,0.05
overall,60,regional_deterministic,0.5,timely_leagueews,20260930,macro,0.10185910604624555,0.34088888888888885,0.26766666666666666,0.07322222222222223
overall,60,regional_deterministic,0.5,timely_leagueews,20261001,macro,0.11046958784883569,0.3708888888888889,0.29355555555555557,0.07733333333333334
overall,60,regional_deterministic,0.5,timely_leagueews,20261002,macro,0.08931291260018968,0.29866666666666664,0.2428888888888889,0.05577777777777778
overall,60,regional_deterministic,0.5,timely_tcn,20260930,baron,0.12742980561555076,0.43133333333333335,0.315,0.11633333333333333
overall,60,regional_deterministic,0.5,timely_tcn,20261001,baron,0.11416229558778154,0.37666666666666665,0.2673333333333333,0.10933333333333334
overall,60,regional_deterministic,0.5,timely_tcn,20261002,baron,0.11045973464979944,0.37066666666666664,0.2806666666666667,0.09
overall,60,regional_deterministic,0.5,timely_tcn,20260930,dragon,0.13884720628475594,0.29233333333333333,0.23666666666666666,0.05566666666666667
overall,60,regional_deterministic,0.5,timely_tcn,20261001,dragon,0.18351134257215995,0.445,0.33,0.115
overall,60,regional_deterministic,0.5,timely_tcn,20261002,dragon,0.1942801659458028,0.4713333333333333,0.38366666666666666,0.08766666666666667
overall,60,regional_deterministic,0.5,timely_tcn,20260930,teamfight,0.03485728719373579,0.38533333333333336,0.3293333333333333,0.056
overall,60,regional_deterministic,0.5,timely_tcn,20261001,teamfight,0.028087900985097246,0.308,0.25533333333333336,0.05266666666666667
overall,60,regional_deterministic,0.5,timely_tcn,20261002,teamfight,0.03162414751199798,0.33766666666666667,0.287,0.050666666666666665
overall,60,regional_deterministic,0.5,timely_tcn,20260930,macro,0.10037809969801419,0.36966666666666664,0.2936666666666667,0.076
overall,60,regional_deterministic,0.5,timely_tcn,20261001,macro,0.10858717971501292,0.37655555555555553,0.2842222222222222,0.09233333333333334
overall,60,regional_deterministic,0.5,timely_tcn,20261002,macro,0.11212134936920008,0.3932222222222222,0.3171111111111111,0.07611111111111112
overall,60,regional_deterministic,0.75,leagueews,20260930,baron,0.18543659364393705,0.7036666666666667,0.45766666666666667,0.246
overall,60,regional_deterministic,0.75,leagueews,20261001,baron,0.183585313174946,0.6666666666666666,0.4266666666666667,0.24
overall,60,regional_deterministic,0.75,leagueews,20261002,baron,0.183585313174946,0.6693333333333333,0.42633333333333334,0.243
overall,60,regional_deterministic,0.75,leagueews,20260930,dragon,0.08915173448671551,0.6446666666666667,0.134,0.5106666666666667
overall,60,regional_deterministic,0.75,leagueews,20261001,dragon,0.10106805543295966,0.6953333333333334,0.14833333333333334,0.547
overall,60,regional_deterministic,0.75,leagueews,20261002,dragon,0.0991261364639421,0.6666666666666666,0.143,0.5236666666666666
overall,60,regional_deterministic,0.75,leagueews,20260930,teamfight,0.03743369537762061,0.6643333333333333,0.377,0.28733333333333333
overall,60,regional_deterministic,0.75,leagueews,20261001,teamfight,0.025663046223793888,0.48433333333333334,0.2643333333333333,0.22
overall,60,regional_deterministic,0.75,leagueews,20261002,teamfight,0.036776963879767616,0.644,0.37566666666666665,0.2683333333333333
overall,60,regional_deterministic,0.75,leagueews,20260930,macro,0.1040073411694244,0.6708888888888889,0.3228888888888889,0.34800000000000003
overall,60,regional_deterministic,0.75,leagueews,20261001,macro,0.10343880494389986,0.6154444444444445,0.2797777777777778,0.3356666666666667
overall,60,regional_deterministic,0.75,leagueews,20261002,macro,0.10649613783955192,0.66,0.315,0.345
overall,60,regional_deterministic,0.75,tcn,20260930,baron,0.18512804689910523,0.72,0.47333333333333333,0.24666666666666667
overall,60,regional_deterministic,0.75,tcn,20261001,baron,0.17216908361616784,0.6683333333333333,0.42533333333333334,0.243
overall,60,regional_deterministic,0.75,tcn,20261002,baron,0.18111693921629127,0.7006666666666667,0.4553333333333333,0.24533333333333332
overall,60,regional_deterministic,0.75,tcn,20260930,dragon,0.10318651249006973,0.7076666666666667,0.159,0.5486666666666666
overall,60,regional_deterministic,0.75,tcn,20261001,dragon,0.07802983493688763,0.5793333333333334,0.11066666666666666,0.4686666666666667
overall,60,regional_deterministic,0.75,tcn,20261002,dragon,0.07220407802983493,0.45866666666666667,0.096,0.3626666666666667
overall,60,regional_deterministic,0.75,tcn,20260930,teamfight,0.035766607729224555,0.634,0.37,0.264
overall,60,regional_deterministic,0.75,tcn,20261001,teamfight,0.036372821419550394,0.6483333333333333,0.37266666666666665,0.27566666666666667
overall,60,regional_deterministic,0.75,tcn,20261002,teamfight,0.032482950239959583,0.5656666666666667,0.319,0.24666666666666667
overall,60,regional_deterministic,0.75,tcn,20260930,macro,0.10802705570613318,0.6872222222222222,0.3341111111111111,0.35311111111111115
overall,60,regional_deterministic,0.75,tcn,20261001,macro,0.09552391332420196,0.632,0.30288888888888893,0.32911111111111113
overall,60,regional_deterministic,0.75,tcn,20261002,macro,0.0952679891620286,0.5750000000000001,0.29011111111111115,0.2848888888888889
overall,60,regional_deterministic,0.75,timely_leagueews,20260930,baron,0.2027152113545202,0.6543333333333333,0.47933333333333333,0.175
overall,60,regional_deterministic,0.75,timely_leagueews,20261001,baron,0.1900647948164147,0.6206666666666667,0.4623333333333333,0.15833333333333333
overall,60,regional_deterministic,0.75,timely_leagueews,20261002,baron,0.20178957112002469,0.643,0.5076666666666667,0.13533333333333333
overall,60,regional_deterministic,0.75,timely_leagueews,20260930,dragon,0.21149262953482215,0.535,0.413,0.122
overall,60,regional_deterministic,0.75,timely_leagueews,20261001,dragon,0.24335775443551946,0.6686666666666666,0.517,0.15166666666666667
overall,60,regional_deterministic,0.75,timely_leagueews,20261002,dragon,0.21369935563597847,0.5443333333333333,0.43333333333333335,0.111
overall,60,regional_deterministic,0.75,timely_leagueews,20260930,teamfight,0.04728466784541551,0.5446666666666666,0.452,0.09266666666666666
overall,60,regional_deterministic,0.75,timely_leagueews,20261001,teamfight,0.031876736549633744,0.331,0.2776666666666667,0.05333333333333334
overall,60,regional_deterministic,0.75,timely_leagueews,20261002,teamfight,0.05698408689062895,0.683,0.5713333333333334,0.11166666666666666
overall,60,regional_deterministic,0.75,timely_leagueews,20260930,macro,0.1538308362449193,0.578,0.4481111111111111,0.1298888888888889
overall,60,regional_deterministic,0.75,timely_leagueews,20261001,macro,0.15509976193385597,0.5401111111111111,0.41900000000000004,0.12111111111111111
overall,60,regional_deterministic,0.75,timely_leagueews,20261002,macro,0.15749100454887735,0.6234444444444445,0.5041111111111111,0.11933333333333333
overall,60,regional_deterministic,0.75,timely_tcn,20260930,baron,0.1931502622647331,0.6973333333333334,0.5153333333333333,0.182
overall,60,regional_deterministic,0.75,timely_tcn,20261001,baron,0.17834001851280468,0.629,0.45766666666666667,0.17133333333333334
overall,60,regional_deterministic,0.75,timely_tcn,20261002,baron,0.19716136994754704,0.701,0.5386666666666666,0.16233333333333333
overall,60,regional_deterministic,0.75,timely_tcn,20260930,dragon,0.20646129402418573,0.5313333333333333,0.42033333333333334,0.111
overall,60,regional_deterministic,0.75,timely_tcn,20261001,dragon,0.24300467825933444,0.686,0.49033333333333334,0.19566666666666666
overall,60,regional_deterministic,0.75,timely_tcn,20261002,dragon,0.24918351134257216,0.697,0.5363333333333333,0.16066666666666668
overall,60,regional_deterministic,0.75,timely_tcn,20260930,teamfight,0.03485728719373579,0.38533333333333336,0.3293333333333333,0.056
overall,60,regional_deterministic,0.75,timely_tcn,20261001,teamfight,0.04511240212174791,0.5236666666666666,0.43466666666666665,0.089
overall,60,regional_deterministic,0.75,timely_tcn,20261002,teamfight,0.03162414751199798,0.33766666666666667,0.287,0.050666666666666665
overall,60,regional_deterministic,0.75,timely_tcn,20260930,macro,0.14482294782755156,0.538,0.42166666666666663,0.11633333333333333
overall,60,regional_deterministic,0.75,timely_tcn,20261001,macro,0.1554856996312957,0.6128888888888889,0.4608888888888889,0.152
overall,60,regional_deterministic,0.75,timely_tcn,20261002,macro,0.15932300960070572,0.5785555555555555,0.45399999999999996,0.12455555555555557
overall,60,regional_deterministic,1.0,leagueews,20260930,baron,0.23110151187904968,0.891,0.6233333333333333,0.26766666666666666
overall,60,regional_deterministic,1.0,leagueews,20261001,baron,0.23696390003085469,0.8526666666666667,0.588,0.26466666666666666
overall,60,regional_deterministic,1.0,leagueews,20261002,baron,0.23819808701018205,0.8806666666666667,0.6123333333333333,0.2683333333333333
overall,60,regional_deterministic,1.0,leagueews,20260930,dragon,0.08915173448671551,0.6446666666666667,0.134,0.5106666666666667
overall,60,regional_deterministic,1.0,leagueews,20261001,dragon,0.10106805543295966,0.6953333333333334,0.14833333333333334,0.547
overall,60,regional_deterministic,1.0,leagueews,20261002,dragon,0.0991261364639421,0.6666666666666666,0.143,0.5236666666666666
overall,60,regional_deterministic,1.0,leagueews,20260930,teamfight,0.03743369537762061,0.6643333333333333,0.377,0.28733333333333333
overall,60,regional_deterministic,1.0,leagueews,20261001,teamfight,0.05284162667340237,0.9553333333333334,0.582,0.37333333333333335
overall,60,regional_deterministic,1.0,leagueews,20261002,teamfight,0.036776963879767616,0.644,0.37566666666666665,0.2683333333333333
overall,60,regional_deterministic,1.0,leagueews,20260930,macro,0.11922898058112859,0.7333333333333334,0.37811111111111106,0.35522222222222216
overall,60,regional_deterministic,1.0,leagueews,20261001,macro,0.1302911940457389,0.8344444444444444,0.43944444444444447,0.395
overall,60,regional_deterministic,1.0,leagueews,20261002,macro,0.12470039578463059,0.7304444444444446,0.377,0.35344444444444445
overall,60,regional_deterministic,1.0,tcn,20260930,baron,0.25023141005862387,0.9736666666666667,0.6956666666666667,0.278
overall,60,regional_deterministic,1.0,tcn,20261001,baron,0.24035791422400493,0.9286666666666666,0.6553333333333333,0.2733333333333333
overall,60,regional_deterministic,1.0,tcn,20261002,baron,0.25948781240357915,0.9876666666666667,0.7123333333333334,0.2753333333333333
overall,60,regional_deterministic,1.0,tcn,20260930,dragon,0.10318651249006973,0.7076666666666667,0.159,0.5486666666666666
overall,60,regional_deterministic,1.0,tcn,20261001,dragon,0.12957895665989938,0.8056666666666666,0.20533333333333334,0.6003333333333334
overall,60,regional_deterministic,1.0,tcn,20261002,dragon,0.12340012357666166,0.7746666666666666,0.18,0.5946666666666667
overall,60,regional_deterministic,1.0,tcn,20260930,teamfight,0.035766607729224555,0.634,0.37,0.264
overall,60,regional_deterministic,1.0,tcn,20261001,teamfight,0.036372821419550394,0.6483333333333333,0.37266666666666665,0.27566666666666667
overall,60,regional_deterministic,1.0,tcn,20261002,teamfight,0.032482950239959583,0.5656666666666667,0.319,0.24666666666666667
overall,60,regional_deterministic,1.0,tcn,20260930,macro,0.12972817675930606,0.7717777777777778,0.40822222222222226,0.3635555555555556
overall,60,regional_deterministic,1.0,tcn,20261001,macro,0.13543656410115157,0.7942222222222223,0.41111111111111115,0.3831111111111111
overall,60,regional_deterministic,1.0,tcn,20261002,macro,0.13845696207340014,0.7759999999999999,0.4037777777777778,0.37222222222222223
overall,60,regional_deterministic,1.0,timely_leagueews,20260930,baron,0.23572971305152732,0.7936666666666666,0.5963333333333334,0.19733333333333333
overall,60,regional_deterministic,1.0,timely_leagueews,20261001,baron,0.2601049058932428,0.8946666666666667,0.6903333333333334,0.20433333333333334
overall,60,regional_deterministic,1.0,timely_leagueews,20261002,baron,0.2820117247763036,0.962,0.769,0.193
overall,60,regional_deterministic,1.0,timely_leagueews,20260930,dragon,0.267278665372054,0.772,0.5683333333333334,0.20366666666666666
overall,60,regional_deterministic,1.0,timely_leagueews,20261001,dragon,0.2911113072645423,0.9116666666666666,0.669,0.24266666666666667
overall,60,regional_deterministic,1.0,timely_leagueews,20261002,dragon,0.2717803866184129,0.8073333333333333,0.599,0.20833333333333334
overall,60,regional_deterministic,1.0,timely_leagueews,20260930,teamfight,0.06425865117453902,0.779,0.6493333333333333,0.12966666666666668
overall,60,regional_deterministic,1.0,timely_leagueews,20261001,teamfight,0.06506693609497348,0.7883333333333333,0.6616666666666666,0.12666666666666668
overall,60,regional_deterministic,1.0,timely_leagueews,20261002,teamfight,0.05698408689062895,0.683,0.5713333333333334,0.11166666666666666
overall,60,regional_deterministic,1.0,timely_leagueews,20260930,macro,0.18908900986604013,0.7815555555555554,0.6046666666666667,0.1768888888888889
overall,60,regional_deterministic,1.0,timely_leagueews,20261001,macro,0.2054277164175862,0.8648888888888889,0.6736666666666666,0.1912222222222222
overall,60,regional_deterministic,1.0,timely_leagueews,20261002,macro,0.20359206609511515,0.8174444444444445,0.6464444444444445,0.171
overall,60,regional_deterministic,1.0,timely_tcn,20260930,baron,0.2607219993829065,0.973,0.7343333333333333,0.23866666666666667
overall,60,regional_deterministic,1.0,timely_tcn,20261001,baron,0.2489972230792965,0.9006666666666666,0.6793333333333333,0.22133333333333333
overall,60,regional_deterministic,1.0,timely_tcn,20261002,baron,0.2378895402653502,0.8653333333333333,0.67,0.19533333333333333
overall,60,regional_deterministic,1.0,timely_tcn,20260930,dragon,0.25933445140789124,0.7623333333333333,0.5773333333333334,0.185
overall,60,regional_deterministic,1.0,timely_tcn,20261001,dragon,0.2943772618942537,0.9433333333333334,0.642,0.30133333333333334
overall,60,regional_deterministic,1.0,timely_tcn,20261002,dragon,0.29658398799541,0.963,0.6956666666666667,0.2673333333333333
overall,60,regional_deterministic,1.0,timely_tcn,20260930,teamfight,0.06728971962616823,0.8496666666666667,0.721,0.12866666666666668
overall,60,regional_deterministic,1.0,timely_tcn,20261001,teamfight,0.062389492296034355,0.761,0.6396666666666667,0.12133333333333333
overall,60,regional_deterministic,1.0,timely_tcn,20261002,teamfight,0.06521848951755493,0.7903333333333333,0.665,0.12533333333333332
overall,60,regional_deterministic,1.0,timely_tcn,20260930,macro,0.19578205680565533,0.8616666666666667,0.6775555555555556,0.18411111111111111
overall,60,regional_deterministic,1.0,timely_tcn,20261001,macro,0.2019213257565282,0.8683333333333333,0.6536666666666667,0.21466666666666664
overall,60,regional_deterministic,1.0,timely_tcn,20261002,macro,0.1998973392594384,0.8728888888888888,0.676888888888889,0.19599999999999998
overall,60,regional_deterministic,mean,leagueews,20260930,baron,0.14409132983647022,0.5598333333333334,0.3461666666666666,0.21366666666666667
overall,60,regional_deterministic,mean,leagueews,20261001,baron,0.14262573279851898,0.5345,0.3245,0.21000000000000002
overall,60,regional_deterministic,mean,leagueews,20261002,baron,0.1496451712434434,0.5662499999999999,0.3513333333333333,0.21491666666666664
overall,60,regional_deterministic,mean,leagueews,20260930,dragon,0.050445758672433574,0.39333333333333337,0.07383333333333333,0.3195
overall,60,regional_deterministic,mean,leagueews,20261001,dragon,0.05843410715861947,0.4375,0.0845,0.353
overall,60,regional_deterministic,mean,leagueews,20261002,dragon,0.055256421572954365,0.4013333333333333,0.07816666666666666,0.3231666666666666
overall,60,regional_deterministic,mean,leagueews,20260930,teamfight,0.024147511997979286,0.4405833333333333,0.23991666666666667,0.20066666666666666
overall,60,regional_deterministic,mean,leagueews,20261001,teamfight,0.026357666077292244,0.492,0.2783333333333333,0.21366666666666667
overall,60,regional_deterministic,mean,leagueews,20261002,teamfight,0.02388229350846173,0.42633333333333334,0.23674999999999996,0.18958333333333333
overall,60,regional_deterministic,mean,leagueews,20260930,macro,0.0728948668356277,0.46458333333333335,0.2199722222222222,0.2446111111111111
overall,60,regional_deterministic,mean,leagueews,20261001,macro,0.07580583534481022,0.488,0.22911111111111113,0.2588888888888889
overall,60,regional_deterministic,mean,leagueews,20261002,macro,0.07626129544161982,0.4646388888888889,0.2220833333333333,0.24255555555555552
overall,60,regional_deterministic,mean,tcn,20260930,baron,0.14694538722616476,0.5920000000000001,0.3760833333333333,0.21591666666666667
overall,60,regional_deterministic,mean,tcn,20261001,baron,0.14385991977784635,0.5775833333333333,0.36133333333333334,0.21625
overall,60,regional_deterministic,mean,tcn,20261002,baron,0.15003085467448318,0.5891666666666666,0.3765,0.21266666666666667
overall,60,regional_deterministic,mean,tcn,20260930,dragon,0.05914025951098949,0.433,0.08783333333333333,0.3451666666666666
overall,60,regional_deterministic,mean,tcn,20261001,dragon,0.05644805366757878,0.40241666666666664,0.08383333333333334,0.31858333333333333
overall,60,regional_deterministic,mean,tcn,20261002,dragon,0.05790449289434195,0.3963333333333333,0.08,0.31633333333333336
overall,60,regional_deterministic,mean,tcn,20260930,teamfight,0.022745642839100785,0.41308333333333336,0.23133333333333334,0.18175
overall,60,regional_deterministic,mean,tcn,20261001,teamfight,0.023415003788835567,0.4275,0.23625000000000002,0.19125
overall,60,regional_deterministic,mean,tcn,20261002,teamfight,0.020990149027532205,0.3829166666666667,0.20716666666666667,0.17575000000000002
overall,60,regional_deterministic,mean,tcn,20260930,macro,0.07627709652541835,0.4793611111111112,0.23174999999999998,0.2476111111111111
overall,60,regional_deterministic,mean,tcn,20261001,macro,0.07457432574475356,0.4691666666666667,0.22713888888888892,0.24202777777777776
overall,60,regional_deterministic,mean,tcn,20261002,macro,0.07630849886545245,0.45613888888888887,0.2212222222222222,0.23491666666666666
overall,60,regional_deterministic,mean,timely_leagueews,20260930,baron,0.15928725701943844,0.502,0.36691666666666667,0.13508333333333333
overall,60,regional_deterministic,mean,timely_leagueews,20261001,baron,0.14625115705029312,0.47683333333333333,0.357,0.11983333333333335
overall,60,regional_deterministic,mean,timely_leagueews,20261002,baron,0.15103363159518668,0.49433333333333335,0.39016666666666666,0.10416666666666667
overall,60,regional_deterministic,mean,timely_leagueews,20260930,dragon,0.1704033895312914,0.42991666666666667,0.3314166666666667,0.0985
overall,60,regional_deterministic,mean,timely_leagueews,20261001,dragon,0.1943022332068144,0.5296666666666666,0.40700000000000003,0.12266666666666667
overall,60,regional_deterministic,mean,timely_leagueews,20261002,dragon,0.1717274251919852,0.4364166666666667,0.3428333333333333,0.09358333333333332
overall,60,regional_deterministic,mean,timely_leagueews,20260930,teamfight,0.038759787825208385,0.4395,0.3655,0.07400000000000001
overall,60,regional_deterministic,mean,timely_leagueews,20261001,teamfight,0.03533720636524375,0.3913333333333333,0.328,0.06333333333333334
overall,60,regional_deterministic,mean,timely_leagueews,20261002,teamfight,0.040300580954786565,0.4596666666666667,0.3835833333333334,0.07608333333333334
overall,60,regional_deterministic,mean,timely_leagueews,20260930,macro,0.12281681145864608,0.45713888888888893,0.35461111111111115,0.10252777777777777
overall,60,regional_deterministic,mean,timely_leagueews,20261001,macro,0.12529686554078376,0.46594444444444444,0.36400000000000005,0.10194444444444445
overall,60,regional_deterministic,mean,timely_leagueews,20261002,macro,0.12102054591398614,0.46347222222222223,0.37219444444444444,0.09127777777777778
overall,60,regional_deterministic,mean,timely_tcn,20260930,baron,0.15990435050910212,0.5749166666666666,0.42566666666666664,0.14925
overall,60,regional_deterministic,mean,timely_tcn,20261001,baron,0.14794816414686823,0.5199166666666667,0.38058333333333333,0.13933333333333334
overall,60,regional_deterministic,mean,timely_tcn,20261002,baron,0.14501697007096576,0.5158333333333334,0.395,0.12083333333333332
overall,60,regional_deterministic,mean,timely_tcn,20260930,dragon,0.16603407185100186,0.422,0.3301666666666667,0.09183333333333334
overall,60,regional_deterministic,mean,timely_tcn,20261001,dragon,0.20729984994262513,0.5730000000000001,0.4078333333333334,0.16516666666666668
overall,60,regional_deterministic,mean,timely_tcn,20261002,dragon,0.19708270809427136,0.5526666666666666,0.4210833333333333,0.13158333333333333
overall,60,regional_deterministic,mean,timely_tcn,20260930,teamfight,0.03783783783783784,0.43700000000000006,0.372,0.065
overall,60,regional_deterministic,mean,timely_tcn,20261001,teamfight,0.036562263197777216,0.42074999999999996,0.3513333333333334,0.06941666666666667
overall,60,regional_deterministic,mean,timely_tcn,20261002,teamfight,0.03488254609749937,0.39158333333333334,0.3305,0.06108333333333333
overall,60,regional_deterministic,mean,timely_tcn,20260930,macro,0.12125875339931393,0.47797222222222224,0.3759444444444444,0.10202777777777777
overall,60,regional_deterministic,mean,timely_tcn,20261001,macro,0.13060342576242354,0.5045555555555555,0.37991666666666674,0.1246388888888889
overall,60,regional_deterministic,mean,timely_tcn,20261002,macro,0.12566074142091216,0.4866944444444445,0.38219444444444445,0.10449999999999998
overall,60,matched_early_mixture,0.25,leagueews,20260930,baron,0.06899493716507524,0.2550558817372121,0.1527446045219246,0.10231127721528704
overall,60,matched_early_mixture,0.25,leagueews,20261001,baron,0.06751439248779725,0.2521874891277883,0.15712811235199284,0.09505937677579512
overall,60,matched_early_mixture,0.25,leagueews,20261002,baron,0.07025577680713904,0.2615619760138687,0.15861149003893513,0.10295048597493454
overall,60,matched_early_mixture,0.25,leagueews,20260930,dragon,0.05323765952257706,0.25146086971004084,0.10780057625368465,0.1436602934563566
overall,60,matched_early_mixture,0.25,leagueews,20261001,dragon,0.05468204210372901,0.24960104258394342,0.11619553464938205,0.13340550793456152
overall,60,matched_early_mixture,0.25,leagueews,20261002,dragon,0.054593030587433235,0.24946888705006215,0.11018183698800178,0.13928705006206063
overall,60,matched_early_mixture,0.25,leagueews,20260930,teamfight,0.014647945639911642,0.2491963157608718,0.1649669808757399,0.08422933488513254
overall,60,matched_early_mixture,0.25,leagueews,20261001,teamfight,0.013968737147455753,0.24943712872636012,0.1576445469326206,0.09179258179373934
overall,60,matched_early_mixture,0.25,leagueews,20261002,teamfight,0.014630620749363834,0.24708696802806943,0.16522982376455808,0.08185714426351211
overall,60,matched_early_mixture,0.25,leagueews,20260930,macro,0.045626847442521316,0.2519043557360416,0.1418373872171164,0.11006696851892539
overall,60,matched_early_mixture,0.25,leagueews,20261001,macro,0.045388390579660674,0.25040855347936397,0.14365606464466515,0.10675248883469866
overall,60,matched_early_mixture,0.25,leagueews,20261002,macro,0.046493142714645365,0.2527059436973334,0.144674383597165,0.10803156010016908
overall,60,matched_early_mixture,0.25,tcn,20260930,baron,0.06796644088708219,0.2642791725804591,0.17360790114695626,0.09067127143350355
overall,60,matched_early_mixture,0.25,tcn,20261001,baron,0.06531242866977968,0.2586740713703663,0.16629070181991026,0.09238336955045505
overall,60,matched_early_mixture,0.25,tcn,20261002,baron,0.06817972499634085,0.2637810305851669,0.17760075367579922,0.08618027690936832
overall,60,matched_early_mixture,0.25,tcn,20260930,dragon,0.05335549273413437,0.25163755458515263,0.11153845692094957,0.14009909766420364
overall,60,matched_early_mixture,0.25,tcn,20261001,dragon,0.05277128208555991,0.2516522984303266,0.11990425400661152,0.1317480444237158
overall,60,matched_early_mixture,0.25,tcn,20261002,dragon,0.05295087201383245,0.2510404152104265,0.10833900912981591,0.14270140608061108
overall,60,matched_early_mixture,0.25,tcn,20260930,teamfight,0.01417915507616013,0.24812707178333634,0.16021666761789094,0.08791040416544509
overall,60,matched_early_mixture,0.25,tcn,20261001,teamfight,0.013889898641827249,0.2434074736577323,0.1448423237094391,0.09856514994829378
overall,60,matched_early_mixture,0.25,tcn,20261002,teamfight,0.013929922129093459,0.2508698679047988,0.16471381968242305,0.08615604822237702
overall,60,matched_early_mixture,0.25,tcn,20260930,macro,0.04516702956579222,0.25468126631631605,0.1484543418952656,0.10622692442105076
overall,60,matched_early_mixture,0.25,tcn,20261001,macro,0.04399120313238895,0.2512446144861417,0.14367909317865363,0.10756552130748821
overall,60,matched_early_mixture,0.25,tcn,20261002,macro,0.04502017304642226,0.2552304379001307,0.15021786082934604,0.10501257707078548
overall,60,matched_early_mixture,0.25,timely_leagueews,20260930,baron,0.09494789951485837,0.2748122197347943,0.18943403572277728,0.08537818401201781
overall,60,matched_early_mixture,0.25,timely_leagueews,20261001,baron,0.0882687812731487,0.2632312521163794,0.1878366283764419,0.07539462373993841
overall,60,matched_early_mixture,0.25,timely_leagueews,20261002,baron,0.08362399497901135,0.2671757288119221,0.20555983382846701,0.06161589498345605
overall,60,matched_early_mixture,0.25,timely_leagueews,20260930,dragon,0.11532234506764064,0.24039642597946506,0.19951014265148517,0.04088628332797953
overall,60,matched_early_mixture,0.25,timely_leagueews,20261001,dragon,0.11473760831679213,0.23354848576012918,0.1984216807059761,0.03512680505415203
overall,60,matched_early_mixture,0.25,timely_leagueews,20261002,dragon,0.11493633805704796,0.2297814228840278,0.1964547076159455,0.03332671526808311
overall,60,matched_early_mixture,0.25,timely_leagueews,20260930,teamfight,0.025157286387675944,0.2533703987586698,0.2106305048201261,0.04273989393854454
overall,60,matched_early_mixture,0.25,timely_leagueews,20261001,teamfight,0.024576225665536862,0.24819517241812847,0.20783434903743928,0.04036082338069027
overall,60,matched_early_mixture,0.25,timely_leagueews,20261002,teamfight,0.025536971910803664,0.2586116239316256,0.21384658119658215,0.04476504273504357
overall,60,matched_early_mixture,0.25,timely_leagueews,20260930,macro,0.07847584365672498,0.25619301482430973,0.19985822773146286,0.056334787092847304
overall,60,matched_early_mixture,0.25,timely_leagueews,20261001,macro,0.07586087175182589,0.24832497009821233,0.19803088603995242,0.05029408405826024
overall,60,matched_early_mixture,0.25,timely_leagueews,20261002,macro,0.07469910164895432,0.2518562585425252,0.20528704088033156,0.04656921766219424
overall,60,matched_early_mixture,0.25,timely_tcn,20260930,baron,0.07728759748713375,0.2663345425451618,0.19251565611106494,0.07381888643409712
overall,60,matched_early_mixture,0.25,timely_tcn,20261001,baron,0.07882431651705085,0.25811359424094366,0.1817444616791953,0.0763691325617471
overall,60,matched_early_mixture,0.25,timely_tcn,20261002,baron,0.07520760992120623,0.265988611341692,0.19926402946449195,0.06672458187719958
overall,60,matched_early_mixture,0.25,timely_tcn,20260930,dragon,0.11635994285464853,0.23846059145388124,0.19410854177522988,0.04435204967865169
overall,60,matched_early_mixture,0.25,timely_tcn,20261001,dragon,0.11598744741526686,0.2405567662093083,0.18515953726123155,0.05539722894807672
overall,60,matched_early_mixture,0.25,timely_tcn,20261002,dragon,0.11779026281630194,0.24511466311466376,0.20326773226773187,0.04184693084693064
overall,60,matched_early_mixture,0.25,timely_tcn,20260930,teamfight,0.02425129910976388,0.2512322634678775,0.21412446641811228,0.037107797049765204
overall,60,matched_early_mixture,0.25,timely_tcn,20261001,teamfight,0.023284803288330082,0.24875841139991903,0.20604292562783103,0.042715485772089036
overall,60,matched_early_mixture,0.25,timely_tcn,20261002,teamfight,0.023629825253797435,0.24428974263334458,0.20643222678105197,0.0378575158522934
overall,60,matched_early_mixture,0.25,timely_tcn,20260930,macro,0.07263294648384871,0.25200913248897355,0.2002495547681357,0.051759577720838
overall,60,matched_early_mixture,0.25,timely_tcn,20261001,macro,0.07269885574021592,0.249142923950057,0.1909823081894193,0.058160615760637614
overall,60,matched_early_mixture,0.25,timely_tcn,20261002,macro,0.07220923266376854,0.2517976723632334,0.20298799617109195,0.04880967619214121
overall,60,matched_early_mixture,0.5,leagueews,20260930,baron,0.13798987433015047,0.5101117634744242,0.3054892090438492,0.2046225544305741
overall,60,matched_early_mixture,0.5,leagueews,20261001,baron,0.13533737124982817,0.5044288544073923,0.3156954623821562,0.18873339202523667
overall,60,matched_early_mixture,0.5,leagueews,20261002,baron,0.14052290666031014,0.5225904803538153,0.3176624645061189,0.204928015847699
overall,60,matched_early_mixture,0.5,leagueews,20260930,dragon,0.10647531904515412,0.5029217394200817,0.2156011525073693,0.2873205869127132
overall,60,matched_early_mixture,0.5,leagueews,20261001,dragon,0.10936408420745802,0.49920208516788656,0.23239106929876402,0.266811015869123
overall,60,matched_early_mixture,0.5,leagueews,20261002,dragon,0.10918606117486644,0.49893777410012435,0.22036367397600357,0.27857410012412137
overall,60,matched_early_mixture,0.5,leagueews,20260930,teamfight,0.029295891279823308,0.4983926315217436,0.32993396175148004,0.16845866977026522
overall,60,matched_early_mixture,0.5,leagueews,20261001,teamfight,0.027937474294911505,0.49887425745272057,0.3152890938652412,0.18358516358747867
overall,60,matched_early_mixture,0.5,leagueews,20261002,teamfight,0.029261241498727667,0.49417393605613885,0.33045964752911616,0.16371428852702422
overall,60,matched_early_mixture,0.5,leagueews,20260930,macro,0.09125369488504263,0.5038087114720832,0.28367477443423283,0.22013393703785086
overall,60,matched_early_mixture,0.5,leagueews,20261001,macro,0.09087964325073257,0.5008350656759998,0.2877918751820538,0.21304319049394613
overall,60,matched_early_mixture,0.5,leagueews,20261002,macro,0.09299006977796809,0.5052340635033595,0.2894952620037462,0.21573880149961486
overall,60,matched_early_mixture,0.5,tcn,20260930,baron,0.13593288177416438,0.5285583451609185,0.3472158022939125,0.1813425428670071
overall,60,matched_early_mixture,0.5,tcn,20261001,baron,0.13062485733955936,0.5173481427407326,0.33258140363982047,0.1847667391009101
overall,60,matched_early_mixture,0.5,tcn,20261002,baron,0.1363594499926817,0.5272287278370004,0.35520150735159844,0.17202722048540328
overall,60,matched_early_mixture,0.5,tcn,20260930,dragon,0.10671098546826874,0.5032751091703053,0.22307691384189915,0.2801981953284073
overall,60,matched_early_mixture,0.5,tcn,20261001,dragon,0.10554256417111979,0.5033045968606534,0.23980850801322304,0.26349608884743203
overall,60,matched_early_mixture,0.5,tcn,20261002,dragon,0.1059017440276649,0.502080830420853,0.21667801825963182,0.28540281216122215
overall,60,matched_early_mixture,0.5,tcn,20260930,teamfight,0.028358310152320258,0.49625414356667275,0.3204333352357819,0.17582080833089023
overall,60,matched_early_mixture,0.5,tcn,20261001,teamfight,0.02762129570347103,0.487561586405436,0.290912155174824,0.1966494312306114
overall,60,matched_early_mixture,0.5,tcn,20261002,teamfight,0.02790081664194406,0.5024723158472617,0.3301803072870036,0.17229200856025906
overall,60,matched_early_mixture,0.5,tcn,20260930,macro,0.09033405913158445,0.5093625326326322,0.2969086837905312,0.21245384884210153
overall,60,matched_early_mixture,0.5,tcn,20261001,macro,0.08792957240471673,0.5027381086689408,0.2877673556092892,0.2149707530596512
overall,60,matched_early_mixture,0.5,tcn,20261002,macro,0.09005400355409689,0.5105939580350384,0.30068661096607796,0.2099073470689615
overall,60,matched_early_mixture,0.5,timely_leagueews,20260930,baron,0.17053474801152085,0.5355334003858555,0.38535885686344395,0.15017454352241338
overall,60,matched_early_mixture,0.5,timely_leagueews,20261001,baron,0.1595881975855079,0.518731238091436,0.38503232090894773,0.13369891718248764
overall,60,matched_early_mixture,0.5,timely_leagueews,20261002,baron,0.16294325904477083,0.5215968518518521,0.4094590883190894,0.11213776353276471
overall,60,matched_early_mixture,0.5,timely_leagueews,20260930,dragon,0.1922275715914844,0.4828307238605909,0.3747386161113223,0.10809210774926714
overall,60,matched_early_mixture,0.5,timely_leagueews,20261001,dragon,0.1966540716796926,0.4779934209080805,0.3834287050551662,0.09456471585291304
overall,60,matched_early_mixture,0.5,timely_leagueews,20261002,dragon,0.19458819424489388,0.4776962581419939,0.38407569797743185,0.09362056016456351
overall,60,matched_early_mixture,0.5,timely_leagueews,20260930,teamfight,0.0445417892607753,0.5084256722475939,0.42326636225266423,0.08515930999492707
overall,60,matched_early_mixture,0.5,timely_leagueews,20261001,teamfight,0.04365869395330956,0.4925821085058571,0.41312796857554074,0.07945413993031718
overall,60,matched_early_mixture,0.5,timely_leagueews,20261002,teamfight,0.04358533058368133,0.4994070512820502,0.41599983241159477,0.08340721887045402
overall,60,matched_early_mixture,0.5,timely_leagueews,20260930,macro,0.13576803628792686,0.5089299321646802,0.3944546117424768,0.11447532042220254
overall,60,matched_early_mixture,0.5,timely_leagueews,20261001,macro,0.1333003210728367,0.4964355891684578,0.3938629981798849,0.10257259098857262
overall,60,matched_early_mixture,0.5,timely_leagueews,20261002,macro,0.13370559462444867,0.4995667204252987,0.40317820623603867,0.09638851418926075
overall,60,matched_early_mixture,0.5,timely_tcn,20260930,baron,0.14973561339811045,0.5207093369015751,0.3820089206066009,0.13870041629497362
overall,60,matched_early_mixture,0.5,timely_tcn,20261001,baron,0.1502252673963191,0.5138763643305415,0.37597748665696434,0.13789887767358036
overall,60,matched_early_mixture,0.5,timely_tcn,20261002,baron,0.14849836083306867,0.5282146905146756,0.40270279192461406,0.1255118985900596
overall,60,matched_early_mixture,0.5,timely_tcn,20260930,dragon,0.1943152071069665,0.4885810861347636,0.3875060925245845,0.10107499361018123
overall,60,matched_early_mixture,0.5,timely_tcn,20261001,dragon,0.19409104454651196,0.4881683268583312,0.3586650841750832,0.1295032426832451
overall,60,matched_early_mixture,0.5,timely_tcn,20261002,dragon,0.19730583829145082,0.4836684007707151,0.39215285806037126,0.09151554271034122
overall,60,matched_early_mixture,0.5,timely_tcn,20260930,teamfight,0.042937614579133684,0.5011636464286303,0.426846114394568,0.07431753203406091
overall,60,matched_early_mixture,0.5,timely_tcn,20261001,teamfight,0.042642183685234064,0.4997499538363101,0.4178348427786414,0.0819151110576715
overall,60,matched_early_mixture,0.5,timely_tcn,20261002,teamfight,0.042926936113550626,0.4896072863814805,0.4132880339493246,0.0763192524321557
overall,60,matched_early_mixture,0.5,timely_tcn,20260930,macro,0.12899614502807022,0.5034846898216564,0.3987870425085845,0.10469764731307192
overall,60,matched_early_mixture,0.5,timely_tcn,20261001,macro,0.12898616520935505,0.5005982150083943,0.38415913787022965,0.11643907713816565
overall,60,matched_early_mixture,0.5,timely_tcn,20261002,macro,0.12957704507935672,0.5004967925556237,0.4027145613114366,0.0977822312441855
overall,60,matched_early_mixture,0.75,leagueews,20260930,baron,0.20484254636248816,0.783969634365378,0.53063164180401,0.25333799256136735
overall,60,matched_early_mixture,0.75,leagueews,20261001,baron,0.21174414990488585,0.7633873144399486,0.5193441295546535,0.24404318488528864
overall,60,matched_early_mixture,0.75,leagueews,20261002,baron,0.20919368736908409,0.7718992186100313,0.5190126993095654,0.2528865193004688
overall,60,matched_early_mixture,0.75,leagueews,20260930,dragon,0.1597129785677314,0.7543826091301219,0.3234017287610535,0.43098088036906784
overall,60,matched_early_mixture,0.75,leagueews,20261001,dragon,0.16404612631118662,0.7488031277518327,0.34858660394814606,0.40021652380368694
overall,60,matched_early_mixture,0.75,leagueews,20261002,dragon,0.16377909176229957,0.7484066611501855,0.3305455109640054,0.4178611501861805
overall,60,matched_early_mixture,0.75,leagueews,20260930,teamfight,0.04394383691973495,0.747588947282619,0.49490094262721934,0.2526880046553972
overall,60,matched_early_mixture,0.75,leagueews,20261001,teamfight,0.04190621144236716,0.748311386179086,0.4729336407978638,0.2753777453812212
overall,60,matched_early_mixture,0.75,leagueews,20261002,teamfight,0.0438918622480915,0.7412609040842102,0.49568947129366653,0.2455714327905358
overall,60,matched_early_mixture,0.75,leagueews,20260930,macro,0.13616645394998486,0.7619803969260396,0.4496447710640943,0.31233562586194413
overall,60,matched_early_mixture,0.75,leagueews,20261001,macro,0.1392321625528132,0.7535006094569558,0.4469547914335544,0.3065458180233989
overall,60,matched_early_mixture,0.75,leagueews,20261002,macro,0.13895488045982504,0.753855594614809,0.4484158938557458,0.3054397007590617
overall,60,matched_early_mixture,0.75,tcn,20260930,baron,0.203240117816591,0.7887403984152046,0.5327660266533666,0.25597437176183646
overall,60,matched_early_mixture,0.75,tcn,20261001,baron,0.19781440576526946,0.7732143537768555,0.5219969248094265,0.2512174289674319
overall,60,matched_early_mixture,0.75,tcn,20261002,baron,0.20353509550517598,0.7892603143321636,0.5354196561754824,0.2538406581566808
overall,60,matched_early_mixture,0.75,tcn,20260930,dragon,0.16006647820240294,0.754912663755461,0.33461537076284814,0.42029729299260765
overall,60,matched_early_mixture,0.75,tcn,20261001,dragon,0.1583138462566796,0.7549568952909813,0.3597127620198335,0.3952441332711485
overall,60,matched_early_mixture,0.75,tcn,20261002,dragon,0.15885261604149678,0.7531212456312827,0.3250170273894479,0.4281042182418327
overall,60,matched_early_mixture,0.75,tcn,20260930,teamfight,0.04253746522848058,0.7443812153500068,0.4806500028536732,0.2637312124963338
overall,60,matched_early_mixture,0.75,tcn,20261001,teamfight,0.041246292024871054,0.7312073481932629,0.4460834566961331,0.285123891497132
overall,60,matched_early_mixture,0.75,tcn,20261002,teamfight,0.04187171115479442,0.7540747637897273,0.495646794891589,0.2584279688981418
overall,60,matched_early_mixture,0.75,tcn,20260930,macro,0.13528135374915817,0.7626780925068908,0.4493438000899627,0.31333429241692595
overall,60,matched_early_mixture,0.75,tcn,20261001,macro,0.13245818134894005,0.7531261990870334,0.44259771450846436,0.3105284845785708
overall,60,matched_early_mixture,0.75,tcn,20261002,macro,0.13475314090048907,0.7654854412510579,0.4520278261521731,0.3134576150988851
overall,60,matched_early_mixture,0.75,timely_leagueews,20260930,baron,0.23214191954278737,0.7785771298817017,0.5836552172157518,0.1949219126659536
overall,60,matched_early_mixture,0.75,timely_leagueews,20261001,baron,0.22697221245959395,0.7706817421801709,0.5872971330696141,0.1833846091105582
overall,60,matched_early_mixture,0.75,timely_leagueews,20261002,baron,0.23404493859192962,0.7721247034949835,0.6134131828756051,0.1587115206193804
overall,60,matched_early_mixture,0.75,timely_leagueews,20260930,dragon,0.25554142646088196,0.7263107983318469,0.5379689107337907,0.18834188759805573
overall,60,matched_early_mixture,0.75,timely_leagueews,20261001,dragon,0.2564466737804052,0.7353023268225031,0.5587629500424143,0.1765393767800874
overall,60,matched_early_mixture,0.75,timely_leagueews,20261002,dragon,0.25625228596491156,0.7370714628500449,0.5547028568202369,0.18236860602981125
overall,60,matched_early_mixture,0.75,timely_leagueews,20260930,teamfight,0.06321161401101455,0.7659331944206981,0.6380666278688024,0.12786656655190018
overall,60,matched_early_mixture,0.75,timely_leagueews,20261001,teamfight,0.06133781140054533,0.7361290635887928,0.6176065593177004,0.11852250427108925
overall,60,matched_early_mixture,0.75,timely_leagueews,20261002,teamfight,0.0609463970693883,0.7404221200209717,0.6183876291115742,0.12203449090939913
overall,60,matched_early_mixture,0.75,timely_leagueews,20260930,macro,0.18363165333822798,0.7569403742114155,0.5865635852727816,0.1703767889386365
overall,60,matched_early_mixture,0.75,timely_leagueews,20261001,macro,0.1815855658801815,0.7473710441971556,0.5878888808099095,0.15948216338724494
overall,60,matched_early_mixture,0.75,timely_leagueews,20261002,macro,0.18374787387540983,0.749872762122,0.5955012229358054,0.15437153918619692
overall,60,matched_early_mixture,0.75,timely_tcn,20260930,baron,0.21263993263555334,0.7768584881320939,0.5807857327141388,0.19607275541795635
overall,60,matched_early_mixture,0.75,timely_tcn,20261001,baron,0.216464235384969,0.7702034160988425,0.5796703928724627,0.19053302322637847
overall,60,matched_early_mixture,0.75,timely_tcn,20261002,baron,0.21764132072114575,0.7880541909290679,0.610132913126536,0.17792127780253286
overall,60,matched_early_mixture,0.75,timely_tcn,20260930,dragon,0.2528063234526605,0.7332623734533104,0.5577300962379704,0.17553227721534675
overall,60,matched_early_mixture,0.75,timely_tcn,20261001,dragon,0.25275762438768906,0.7358777461229258,0.5200655737073351,0.21581217241558684
overall,60,matched_early_mixture,0.75,timely_tcn,20261002,dragon,0.25432138459117243,0.7260068125119936,0.5537344079831116,0.17227240452888237
overall,60,matched_early_mixture,0.75,timely_tcn,20260930,teamfight,0.06029285523166437,0.7496174025952901,0.6364443250459952,0.11317307754929304
overall,60,matched_early_mixture,0.75,timely_tcn,20261001,teamfight,0.061473311537185354,0.748588453023573,0.6288809223788016,0.11970753064477306
overall,60,matched_early_mixture,0.75,timely_tcn,20261002,teamfight,0.06124987047507396,0.73652927120669,0.6195295970457215,0.11699967416096449
overall,60,matched_early_mixture,0.75,timely_tcn,20260930,macro,0.17524637043995941,0.7532460880602314,0.5916533846660348,0.16159270339419873
overall,60,matched_early_mixture,0.75,timely_tcn,20261001,macro,0.17689839043661448,0.7515565384151137,0.5762056296528665,0.17535090876224613
overall,60,matched_early_mixture,0.75,timely_tcn,20261002,macro,0.17773752526246403,0.7501967582159171,0.594465639385123,0.15573111883079324
overall,60,matched_early_mixture,1.0,leagueews,20260930,baron,0.2682760260918668,1.0307647893012966,0.7519079230438244,0.2788568662574725
overall,60,matched_early_mixture,1.0,leagueews,20261001,baron,0.2757862928900875,1.0280375943193603,0.7468750167828059,0.2811625775365558
overall,60,matched_early_mixture,1.0,leagueews,20261002,baron,0.27482160614536644,1.0347458139823347,0.756710889158383,0.2780349248239448
overall,60,matched_early_mixture,1.0,leagueews,20260930,dragon,0.21295063809030823,1.0058434788401633,0.4312023050147386,0.5746411738254265
overall,60,matched_early_mixture,1.0,leagueews,20261001,dragon,0.21872816841491605,0.9984041703357731,0.46478213859752804,0.533622031738246
overall,60,matched_early_mixture,1.0,leagueews,20261002,dragon,0.21837212234973294,0.9978755482002486,0.44072734795200713,0.5571482002482425
overall,60,matched_early_mixture,1.0,leagueews,20260930,teamfight,0.058591782559646616,0.9967852630434872,0.6598679235029601,0.33691733954053044
overall,60,matched_early_mixture,1.0,leagueews,20261001,teamfight,0.05581054453966697,0.9969180064308654,0.6343633507956588,0.3625546556352041
overall,60,matched_early_mixture,1.0,leagueews,20261002,teamfight,0.058522482997455334,0.9883478721122777,0.6609192950582323,0.32742857705404843
overall,60,matched_early_mixture,1.0,leagueews,20260930,macro,0.17993948224727388,1.011131177061649,0.6143260505205077,0.39680512654114314
overall,60,matched_early_mixture,1.0,leagueews,20261001,macro,0.18344166861489017,1.0077865903619996,0.6153401687253309,0.3924464216366686
overall,60,matched_early_mixture,1.0,leagueews,20261002,macro,0.18390540383085155,1.0069897447649536,0.6194525107228742,0.38753723404207857
overall,60,matched_early_mixture,1.0,tcn,20260930,baron,0.2685068792299646,1.0420480480480394,0.7586488389798215,0.2833992090682215
overall,60,matched_early_mixture,1.0,tcn,20261001,baron,0.264436965373623,1.030812485738534,0.75005128582842,0.2807611999101112
overall,60,matched_early_mixture,1.0,tcn,20261002,baron,0.2641697910684601,1.040023991583214,0.7624986792156455,0.27752531236756683
overall,60,matched_early_mixture,1.0,tcn,20260930,dragon,0.21342197093653748,1.0065502183406105,0.4461538276837983,0.5603963906568146
overall,60,matched_early_mixture,1.0,tcn,20261001,dragon,0.21108512834223958,1.0066091937213069,0.4796170160264461,0.5269921776948641
overall,60,matched_early_mixture,1.0,tcn,20261002,dragon,0.2118034880553298,1.004161660841706,0.43335603651926363,0.5708056243224443
overall,60,matched_early_mixture,1.0,tcn,20260930,teamfight,0.05671662030464052,0.9925082871333454,0.6408666704715638,0.35164161666178034
overall,60,matched_early_mixture,1.0,tcn,20261001,teamfight,0.054711687235905734,0.9740905835412871,0.6149069633013289,0.35918362023995654
overall,60,matched_early_mixture,1.0,tcn,20261002,teamfight,0.055842605667645255,1.0056772117321902,0.6611132824961791,0.3445639292360242
overall,60,matched_early_mixture,1.0,tcn,20260930,macro,0.17954849015704752,1.0137021845073317,0.6152231123783946,0.39847907212893885
overall,60,matched_early_mixture,1.0,tcn,20261001,macro,0.17674459365058945,1.003837421000376,0.6148584217187316,0.3889789992816439
overall,60,matched_early_mixture,1.0,tcn,20261002,macro,0.17727196159714506,1.0166209547190368,0.618989332743696,0.3976316219753451
overall,60,matched_early_mixture,1.0,timely_leagueews,20260930,baron,0.2893550359253622,1.0143949732118,0.7840066835417797,0.2303882896700195
overall,60,matched_early_mixture,1.0,timely_leagueews,20261001,baron,0.29067677860990226,1.0277807820248066,0.8053609321478483,0.22241984987695826
overall,60,matched_early_mixture,1.0,timely_leagueews,20261002,baron,0.29572566856703125,1.022072822080371,0.8214630978186648,0.20060972426170443
overall,60,matched_early_mixture,1.0,timely_leagueews,20260930,dragon,0.303331324627231,0.9767729875116516,0.6817800435705409,0.2949929439411059
overall,60,matched_early_mixture,1.0,timely_leagueews,20261001,dragon,0.3043912060536424,0.9915828348009292,0.7099601174071813,0.28162271739374245
overall,60,matched_early_mixture,1.0,timely_leagueews,20261002,dragon,0.30315438675922274,0.9908613702428593,0.6992398578944435,0.2916215123484056
overall,60,matched_early_mixture,1.0,timely_leagueews,20260930,teamfight,0.07818572735157388,1.0004269594242112,0.8316485842691348,0.16877837515507782
overall,60,matched_early_mixture,1.0,timely_leagueews,20261001,teamfight,0.0771870766263291,0.981744524457323,0.8227224832909432,0.15902204116638072
overall,60,matched_early_mixture,1.0,timely_leagueews,20261002,teamfight,0.07693026522472601,0.9796403268996016,0.8164401075433533,0.1632002193562558
overall,60,matched_early_mixture,1.0,timely_leagueews,20260930,macro,0.22362402930138903,0.9971983067158877,0.7658117704604851,0.23138653625540107
overall,60,matched_early_mixture,1.0,timely_leagueews,20261001,macro,0.22408502042995793,1.000369380427686,0.7793478442819909,0.22102153614569384
overall,60,matched_early_mixture,1.0,timely_leagueews,20261002,macro,0.22527010685032667,0.9975248397409439,0.7790476877521538,0.21847715198878861
overall,60,matched_early_mixture,1.0,timely_tcn,20260930,baron,0.27619560669556087,1.0315056759545864,0.7918796439628474,0.23962603199174226
overall,60,matched_early_mixture,1.0,timely_tcn,20261001,baron,0.28204091442149803,1.0296279525565144,0.7884358921507161,0.24119206040579733
overall,60,matched_early_mixture,1.0,timely_tcn,20261002,baron,0.27767090408834527,1.0461270562107716,0.8231797810708914,0.2229472751398869
overall,60,matched_early_mixture,1.0,timely_tcn,20260930,dragon,0.29737736104258256,0.9812030424284532,0.701398842959077,0.27980419946937446
overall,60,matched_early_mixture,1.0,timely_tcn,20261001,dragon,0.29851748819254803,0.9691725257965335,0.6559513753608266,0.31322115043571785
overall,60,matched_early_mixture,1.0,timely_tcn,20261002,dragon,0.30075296242875027,0.9870838319088442,0.7081318681318701,0.27895196377696707
overall,60,matched_early_mixture,1.0,timely_tcn,20260930,teamfight,0.07599741526242533,0.9950800642289065,0.8420687458805586,0.15301131834835033
overall,60,matched_early_mixture,1.0,timely_tcn,20261001,teamfight,0.07719613381216785,0.9972716102725623,0.8331583594325548,0.1641132508400045
overall,60,matched_early_mixture,1.0,timely_tcn,20261002,teamfight,0.07705480522920072,0.9784699587694263,0.8195491722169345,0.1589207865524898
overall,60,matched_early_mixture,1.0,timely_tcn,20260930,macro,0.21652346100018957,1.0025962608706487,0.7784490776008276,0.2241471832698224
overall,60,matched_early_mixture,1.0,timely_tcn,20261001,macro,0.21925151214207128,0.9986906962085368,0.7591818756480325,0.23950882056050657
overall,60,matched_early_mixture,1.0,timely_tcn,20261002,macro,0.21849289058209875,1.0038936156296805,0.7836202738065653,0.22027334182311456
overall,60,matched_early_mixture,mean,leagueews,20260930,baron,0.17002584598739517,0.6449755172195777,0.43519334460340203,0.20978217261617524
overall,60,matched_early_mixture,mean,leagueews,20261001,baron,0.17259555163314969,0.6370103130736223,0.4347606802679021,0.20224963280571906
overall,60,matched_early_mixture,mean,leagueews,20261002,baron,0.17369849424547493,0.6476993722400125,0.4379993857532506,0.2096999864867618
overall,60,matched_early_mixture,mean,leagueews,20260930,dragon,0.1330941488064427,0.6286521742751019,0.2695014406342115,0.359150733640891
overall,60,matched_early_mixture,mean,leagueews,20261001,dragon,0.13670510525932242,0.6240026064598589,0.29048883662345504,0.33351376983640435
overall,60,matched_early_mixture,mean,leagueews,20261002,dragon,0.13648257646858306,0.6236722176251552,0.2754545924700045,0.3482176251551512
overall,60,matched_early_mixture,mean,leagueews,20260930,teamfight,0.03661986409977913,0.6229907894021804,0.41241745218934983,0.21057333721283134
overall,60,matched_early_mixture,mean,leagueews,20261001,teamfight,0.03490574185610035,0.623385194697258,0.3950576580978461,0.22832753659941085
overall,60,matched_early_mixture,mean,leagueews,20261002,teamfight,0.036576551873409587,0.617717420070174,0.41307455941139326,0.20464286065878012
overall,60,matched_early_mixture,mean,leagueews,20260930,macro,0.11324661963120568,0.6322061602989534,0.37237074580898777,0.2598354144899659
overall,60,matched_early_mixture,mean,leagueews,20261001,macro,0.11473546624952415,0.6281327047435797,0.37343572499640104,0.2546969797471781
overall,60,matched_early_mixture,mean,leagueews,20261002,macro,0.11558587419582252,0.6296963366451139,0.3755095125448828,0.254186824100231
overall,60,matched_early_mixture,mean,tcn,20260930,baron,0.16891157992695055,0.6559064910511554,0.45305964226851425,0.20284684878264214
overall,60,matched_early_mixture,mean,tcn,20261001,baron,0.16454716428705787,0.6450122634066221,0.4427300790243943,0.20228218438222706
overall,60,matched_early_mixture,mean,tcn,20261002,baron,0.16806101539066465,0.6550735160843861,0.4576801491046314,0.19739336697975482
overall,60,matched_early_mixture,mean,tcn,20260930,dragon,0.1333887318353359,0.6290938864628823,0.2788461423023738,0.3502477441605083
overall,60,matched_early_mixture,mean,tcn,20261001,dragon,0.13192820521389972,0.6291307460758171,0.29976063501652855,0.3293701110592901
overall,60,matched_early_mixture,mean,tcn,20261002,dragon,0.132377180034581,0.627601038026067,0.27084752282453983,0.35675351520152754
overall,60,matched_early_mixture,mean,tcn,20260930,teamfight,0.03544788769040037,0.6203176794583404,0.40054166904472743,0.2197760104136124
overall,60,matched_early_mixture,mean,tcn,20261001,teamfight,0.03436729340151877,0.6090667479494296,0.3741862247204313,0.23488052322899844
overall,60,matched_early_mixture,mean,tcn,20261002,teamfight,0.034886263898369296,0.6282735398184944,0.4129135510892987,0.2153599887292005
overall,60,matched_early_mixture,mean,tcn,20260930,macro,0.1125827331508956,0.6351060189907928,0.3774824845385385,0.2576235344522543
overall,60,matched_early_mixture,mean,tcn,20261001,macro,0.11028088763415879,0.627736585810623,0.37222564625378474,0.2555109395568385
overall,60,matched_early_mixture,mean,tcn,20261002,macro,0.1117748197745383,0.6369826979763159,0.38048040767282326,0.2565022903034943
overall,60,matched_early_mixture,mean,timely_leagueews,20260930,baron,0.1967449007486322,0.6508294308035378,0.48561369833593815,0.16521573246760107
overall,60,matched_early_mixture,mean,timely_leagueews,20261001,baron,0.1913764924820382,0.6451062536031982,0.491381753625713,0.15372449997748563
overall,60,matched_early_mixture,mean,timely_leagueews,20261002,baron,0.19408446529568577,0.6457425265597821,0.5124738007104566,0.1332687258493264
overall,60,matched_early_mixture,mean,timely_leagueews,20260930,dragon,0.2166056669368095,0.6065777339208887,0.4484994282667848,0.15807830565410208
overall,60,matched_early_mixture,mean,timely_leagueews,20261001,dragon,0.21805738995763307,0.6096067670729105,0.4626433633026845,0.14696340377022374
overall,60,matched_early_mixture,mean,timely_leagueews,20261002,dragon,0.21723280125651906,0.6088526285297314,0.45861828007701444,0.15023434845271588
overall,60,matched_early_mixture,mean,timely_leagueews,20260930,teamfight,0.05277410425275991,0.6320390562127932,0.525903019802682,0.1061360364101124
overall,60,matched_early_mixture,mean,timely_leagueews,20261001,teamfight,0.05168995191143022,0.6146627172425253,0.515322840055406,0.09933987718711934
overall,60,matched_early_mixture,mean,timely_leagueews,20261002,teamfight,0.051749741197149826,0.6195202805335622,0.5161685375657761,0.10335174296778815
overall,60,matched_early_mixture,mean,timely_leagueews,20260930,macro,0.15537489064606722,0.6298154069790732,0.48667204880180165,0.14314335817727186
overall,60,matched_early_mixture,mean,timely_leagueews,20261001,macro,0.1537079447837005,0.623125245972878,0.4897826523279345,0.13334259364494291
overall,60,matched_early_mixture,mean,timely_leagueews,20261002,macro,0.15435566924978486,0.6247051452076919,0.49575353945108236,0.12895160575661013
overall,60,matched_early_mixture,mean,timely_tcn,20260930,baron,0.1789646875540896,0.6488520108833543,0.486797488348663,0.16205452253469232
overall,60,matched_early_mixture,mean,timely_tcn,20261001,baron,0.18188868342995926,0.6429553318067105,0.48145705833983465,0.1614982734668758
overall,60,matched_early_mixture,mean,timely_tcn,20261002,baron,0.17975454889094147,0.6570961372490518,0.5088198788966334,0.14827625835241973
overall,60,matched_early_mixture,mean,timely_tcn,20260930,dragon,0.21521470861421454,0.6103767733676021,0.46018589337421545,0.15019087999338854
overall,60,matched_early_mixture,mean,timely_tcn,20261001,dragon,0.215338401135504,0.6084438412467746,0.4299603926261191,0.17848344862065663
overall,60,matched_early_mixture,mean,timely_tcn,20261002,dragon,0.21754261203191885,0.6104684270765541,0.46432171661077126,0.14614671046578032
overall,60,matched_early_mixture,mean,timely_tcn,20260930,teamfight,0.05086979604574682,0.6242733441801761,0.5298709129348085,0.09440243124536737
overall,60,matched_early_mixture,mean,timely_tcn,20261001,teamfight,0.05114910808072934,0.6235921071330911,0.5214792625544572,0.10211284457863452
overall,60,matched_early_mixture,mean,timely_tcn,20261002,teamfight,0.051215359267905686,0.6122240647477353,0.5146997574982581,0.09752430724947585
overall,60,matched_early_mixture,mean,timely_tcn,20260930,macro,0.14834973073801697,0.6278340428103775,0.4922847648858957,0.13554927792448276
overall,60,matched_early_mixture,mean,timely_tcn,20261001,macro,0.1494587308820642,0.6249970933955254,0.47763223784013703,0.14736485555538897
overall,60,matched_early_mixture,mean,timely_tcn,20261002,macro,0.149504173396922,0.6265962096911137,0.4959471176685543,0.13064909202255864
overall,60,dense_deterministic,0.25,leagueews,20260930,baron,0.054612773835236036,0.24266666666666667,0.093,0.14966666666666667
overall,60,dense_deterministic,0.25,leagueews,20261001,baron,0.05553841406973156,0.24,0.09033333333333333,0.14966666666666667
overall,60,dense_deterministic,0.25,leagueews,20261002,baron,0.05553841406973156,0.247,0.10066666666666667,0.14633333333333334
overall,60,dense_deterministic,0.25,leagueews,20260930,dragon,0.022773413363933268,0.21966666666666668,0.024,0.19566666666666666
overall,60,dense_deterministic,0.25,leagueews,20261001,dragon,0.022067261011563245,0.226,0.026,0.2
overall,60,dense_deterministic,0.25,leagueews,20261002,dragon,0.024185718068673315,0.22433333333333333,0.024666666666666667,0.19966666666666666
overall,60,dense_deterministic,0.25,leagueews,20260930,teamfight,0.011619095731245263,0.248,0.11666666666666667,0.13133333333333333
overall,60,dense_deterministic,0.25,leagueews,20261001,teamfight,0.01035615054306643,0.212,0.10366666666666667,0.10833333333333334
overall,60,dense_deterministic,0.25,leagueews,20261002,teamfight,0.011265471078555191,0.215,0.10066666666666667,0.11433333333333333
overall,60,dense_deterministic,0.25,leagueews,20260930,macro,0.029668427643471523,0.23677777777777778,0.07788888888888888,0.15888888888888889
overall,60,dense_deterministic,0.25,leagueews,20261001,macro,0.029320608541453744,0.22599999999999998,0.07333333333333333,0.15266666666666667
overall,60,dense_deterministic,0.25,leagueews,20261002,macro,0.030329867738986688,0.22877777777777777,0.07533333333333332,0.15344444444444444
overall,60,dense_deterministic,0.25,tcn,20260930,baron,0.05337858685590867,0.24733333333333332,0.10166666666666667,0.14566666666666667
overall,60,dense_deterministic,0.25,tcn,20261001,baron,0.04813329219376736,0.25233333333333335,0.10666666666666667,0.14566666666666667
overall,60,dense_deterministic,0.25,tcn,20261002,baron,0.05954952175254551,0.24066666666666667,0.1,0.14066666666666666
overall,60,dense_deterministic,0.25,tcn,20260930,dragon,0.021184570571100715,0.20533333333333334,0.021333333333333333,0.184
overall,60,dense_deterministic,0.25,tcn,20261001,dragon,0.0251566775531821,0.241,0.030666666666666665,0.21033333333333334
overall,60,dense_deterministic,0.25,tcn,20261002,dragon,0.024450525200812076,0.23666666666666666,0.034333333333333334,0.20233333333333334
overall,60,dense_deterministic,0.25,tcn,20260930,teamfight,0.010962364233392271,0.21633333333333332,0.10266666666666667,0.11366666666666667
overall,60,dense_deterministic,0.25,tcn,20261001,teamfight,0.011164435463500884,0.21633333333333332,0.10333333333333333,0.113
overall,60,dense_deterministic,0.25,tcn,20261002,teamfight,0.010558221773175044,0.216,0.10333333333333333,0.11266666666666666
overall,60,dense_deterministic,0.25,tcn,20260930,macro,0.028508507220133886,0.223,0.07522222222222223,0.14777777777777779
overall,60,dense_deterministic,0.25,tcn,20261001,macro,0.028151468403483444,0.23655555555555555,0.08022222222222222,0.15633333333333332
overall,60,dense_deterministic,0.25,tcn,20261002,macro,0.03151942290884421,0.23111111111111113,0.07922222222222222,0.15188888888888888
overall,60,dense_deterministic,0.25,timely_leagueews,20260930,baron,0.09071274298056156,0.24833333333333332,0.17133333333333334,0.077
overall,60,dense_deterministic,0.25,timely_leagueews,20261001,baron,0.08238198087010182,0.24333333333333335,0.16766666666666666,0.07566666666666666
overall,60,dense_deterministic,0.25,timely_leagueews,20261002,baron,0.08330762110459734,0.25233333333333335,0.19166666666666668,0.06066666666666667
overall,60,dense_deterministic,0.25,timely_leagueews,20260930,dragon,0.10857092417689117,0.21933333333333332,0.18666666666666668,0.03266666666666666
overall,60,dense_deterministic,0.25,timely_leagueews,20261001,dragon,0.1098066907935387,0.21133333333333335,0.18333333333333332,0.028
overall,60,dense_deterministic,0.25,timely_leagueews,20261002,dragon,0.10786477182452114,0.20966666666666667,0.18233333333333332,0.027333333333333334
overall,60,dense_deterministic,0.25,timely_leagueews,20260930,teamfight,0.02147006819904016,0.21366666666666667,0.17466666666666666,0.039
overall,60,dense_deterministic,0.25,timely_leagueews,20261001,teamfight,0.02298560242485476,0.22366666666666668,0.18466666666666667,0.039
overall,60,dense_deterministic,0.25,timely_leagueews,20261002,teamfight,0.021924728466784543,0.21233333333333335,0.17333333333333334,0.039
overall,60,dense_deterministic,0.25,timely_leagueews,20260930,macro,0.07358457845216429,0.22711111111111112,0.17755555555555555,0.049555555555555554
overall,60,dense_deterministic,0.25,timely_leagueews,20261001,macro,0.07172475802949842,0.22611111111111112,0.17855555555555555,0.04755555555555555
overall,60,dense_deterministic,0.25,timely_leagueews,20261002,macro,0.07103237379863434,0.22477777777777777,0.18244444444444444,0.042333333333333334
overall,60,dense_deterministic,0.25,timely_tcn,20260930,baron,0.06942301758716446,0.24066666666666667,0.17166666666666666,0.069
overall,60,dense_deterministic,0.25,timely_tcn,20261001,baron,0.0718913915458192,0.235,0.162,0.073
overall,60,dense_deterministic,0.25,timely_tcn,20261002,baron,0.0697315643319963,0.228,0.17,0.058
overall,60,dense_deterministic,0.25,timely_tcn,20260930,dragon,0.1137787977756201,0.225,0.18533333333333332,0.03966666666666667
overall,60,dense_deterministic,0.25,timely_tcn,20261001,dragon,0.11607379292082266,0.23366666666666666,0.181,0.05266666666666667
overall,60,dense_deterministic,0.25,timely_tcn,20261002,dragon,0.11360225968752759,0.227,0.18766666666666668,0.03933333333333333
overall,60,dense_deterministic,0.25,timely_tcn,20260930,teamfight,0.01944935589795403,0.21,0.17666666666666667,0.03333333333333333
overall,60,dense_deterministic,0.25,timely_tcn,20261001,teamfight,0.02344026269259914,0.242,0.201,0.041
overall,60,dense_deterministic,0.25,timely_tcn,20261002,teamfight,0.021267996968931547,0.22266666666666668,0.18566666666666667,0.037
overall,60,dense_deterministic,0.25,timely_tcn,20260930,macro,0.0675503904202462,0.2252222222222222,0.17788888888888887,0.04733333333333334
overall,60,dense_deterministic,0.25,timely_tcn,20261001,macro,0.07046848238641366,0.2368888888888889,0.18133333333333335,0.05555555555555555
overall,60,dense_deterministic,0.25,timely_tcn,20261002,macro,0.06820060699615181,0.2258888888888889,0.1811111111111111,0.04477777777777778
overall,60,dense_deterministic,0.5,leagueews,20260930,baron,0.12742980561555076,0.48333333333333334,0.276,0.20733333333333334
overall,60,dense_deterministic,0.5,leagueews,20261001,baron,0.12958963282937366,0.4866666666666667,0.274,0.21266666666666667
overall,60,dense_deterministic,0.5,leagueews,20261002,baron,0.13452638074668313,0.5123333333333333,0.295,0.21733333333333332
overall,60,dense_deterministic,0.5,leagueews,20260930,dragon,0.059493335687174506,0.489,0.08366666666666667,0.4053333333333333
overall,60,dense_deterministic,0.5,leagueews,20261001,dragon,0.0623179450966546,0.49133333333333334,0.08633333333333333,0.405
overall,60,dense_deterministic,0.5,leagueews,20261002,dragon,0.06734928060729102,0.49166666666666664,0.086,0.4056666666666667
overall,60,dense_deterministic,0.5,leagueews,20260930,teamfight,0.025764081838848193,0.4666666666666667,0.24733333333333332,0.21933333333333332
overall,60,dense_deterministic,0.5,leagueews,20261001,teamfight,0.023541298307653447,0.448,0.242,0.206
overall,60,dense_deterministic,0.5,leagueews,20261002,teamfight,0.025814599646375346,0.45466666666666666,0.25033333333333335,0.20433333333333334
overall,60,dense_deterministic,0.5,leagueews,20260930,macro,0.07089574104719115,0.4796666666666667,0.20233333333333334,0.2773333333333334
overall,60,dense_deterministic,0.5,leagueews,20261001,macro,0.0718162920778939,0.47533333333333333,0.2007777777777778,0.27455555555555555
overall,60,dense_deterministic,0.5,leagueews,20261002,macro,0.07589675366678317,0.4862222222222223,0.21044444444444443,0.2757777777777778
overall,60,dense_deterministic,0.5,tcn,20260930,baron,0.12002468373958655,0.49133333333333334,0.2833333333333333,0.208
overall,60,dense_deterministic,0.5,tcn,20261001,baron,0.12218451095340944,0.49633333333333335,0.2826666666666667,0.21366666666666667
overall,60,dense_deterministic,0.5,tcn,20261002,baron,0.12002468373958655,0.496,0.2843333333333333,0.21166666666666667
overall,60,dense_deterministic,0.5,tcn,20260930,dragon,0.06373024980139465,0.479,0.08166666666666667,0.3973333333333333
overall,60,dense_deterministic,0.5,tcn,20261001,dragon,0.06055256421572954,0.48533333333333334,0.083,0.4023333333333333
overall,60,dense_deterministic,0.5,tcn,20261002,dragon,0.06187659987642334,0.48,0.08333333333333333,0.39666666666666667
overall,60,dense_deterministic,0.5,tcn,20260930,teamfight,0.023591816115180603,0.43766666666666665,0.24166666666666667,0.196
overall,60,dense_deterministic,0.5,tcn,20261001,teamfight,0.02313715584743622,0.4226666666666667,0.22633333333333333,0.19633333333333333
overall,60,dense_deterministic,0.5,tcn,20261002,teamfight,0.025663046223793888,0.4543333333333333,0.25066666666666665,0.20366666666666666
overall,60,dense_deterministic,0.5,tcn,20260930,macro,0.0691155832187206,0.4693333333333333,0.20222222222222222,0.2671111111111111
overall,60,dense_deterministic,0.5,tcn,20261001,macro,0.06862474367219173,0.46811111111111114,0.19733333333333336,0.2707777777777778
overall,60,dense_deterministic,0.5,tcn,20261002,macro,0.06918810994660125,0.47677777777777774,0.2061111111111111,0.27066666666666667
overall,60,dense_deterministic,0.5,timely_leagueews,20260930,baron,0.16106140080222153,0.5093333333333333,0.366,0.14333333333333334
overall,60,dense_deterministic,0.5,timely_leagueews,20261001,baron,0.15334773218142547,0.475,0.3466666666666667,0.12833333333333333
overall,60,dense_deterministic,0.5,timely_leagueews,20261002,baron,0.16167849429188522,0.5156666666666667,0.402,0.11366666666666667
overall,60,dense_deterministic,0.5,timely_leagueews,20260930,dragon,0.19198517080060024,0.4563333333333333,0.3596666666666667,0.09666666666666666
overall,60,dense_deterministic,0.5,timely_leagueews,20261001,dragon,0.19472151116603406,0.4653333333333333,0.37366666666666665,0.09166666666666666
overall,60,dense_deterministic,0.5,timely_leagueews,20261002,dragon,0.19304439932915526,0.459,0.374,0.085
overall,60,dense_deterministic,0.5,timely_leagueews,20260930,teamfight,0.04233392270775448,0.4716666666666667,0.3983333333333333,0.07333333333333333
overall,60,dense_deterministic,0.5,timely_leagueews,20261001,teamfight,0.0410204597120485,0.44133333333333336,0.373,0.06833333333333333
overall,60,dense_deterministic,0.5,timely_leagueews,20261002,teamfight,0.0417782268249558,0.4503333333333333,0.37633333333333335,0.074
overall,60,dense_deterministic,0.5,timely_leagueews,20260930,macro,0.13179349810352542,0.4791111111111111,0.3746666666666667,0.10444444444444445
overall,60,dense_deterministic,0.5,timely_leagueews,20261001,macro,0.12969656768650267,0.46055555555555555,0.3644444444444444,0.0961111111111111
overall,60,dense_deterministic,0.5,timely_leagueews,20261002,macro,0.13216704014866543,0.47500000000000003,0.3841111111111111,0.0908888888888889
overall,60,dense_deterministic,0.5,timely_tcn,20260930,baron,0.14871953100894786,0.5113333333333333,0.37533333333333335,0.136
overall,60,dense_deterministic,0.5,timely_tcn,20261001,baron,0.13884603517432892,0.48133333333333334,0.3466666666666667,0.13466666666666666
overall,60,dense_deterministic,0.5,timely_tcn,20261002,baron,0.1474853440296205,0.5023333333333333,0.38,0.12233333333333334
overall,60,dense_deterministic,0.5,timely_tcn,20260930,dragon,0.19330920646129401,0.48033333333333333,0.38166666666666665,0.09866666666666667
overall,60,dense_deterministic,0.5,timely_tcn,20261001,dragon,0.19101421131609145,0.469,0.3473333333333333,0.12166666666666667
overall,60,dense_deterministic,0.5,timely_tcn,20261002,dragon,0.1942801659458028,0.4713333333333333,0.38366666666666666,0.08766666666666667
overall,60,dense_deterministic,0.5,timely_tcn,20260930,teamfight,0.04041424602172266,0.464,0.3953333333333333,0.06866666666666667
overall,60,dense_deterministic,0.5,timely_tcn,20261001,teamfight,0.03925233644859813,0.45366666666666666,0.37933333333333336,0.07433333333333333
overall,60,dense_deterministic,0.5,timely_tcn,20261002,teamfight,0.0395049254862339,0.44666666666666666,0.37666666666666665,0.07
overall,60,dense_deterministic,0.5,timely_tcn,20260930,macro,0.1274809944973215,0.4852222222222222,0.3841111111111111,0.10111111111111111
overall,60,dense_deterministic,0.5,timely_tcn,20261001,macro,0.1230375276463395,0.46799999999999997,0.35777777777777775,0.11022222222222222
overall,60,dense_deterministic,0.5,timely_tcn,20261002,macro,0.12709014515388575,0.4734444444444444,0.3801111111111111,0.09333333333333334
overall,60,dense_deterministic,0.75,leagueews,20260930,baron,0.19561863622338785,0.7406666666666667,0.49,0.25066666666666665
overall,60,dense_deterministic,0.75,leagueews,20261001,baron,0.19438444924406048,0.7143333333333334,0.47,0.24433333333333335
overall,60,dense_deterministic,0.75,leagueews,20261002,baron,0.20178957112002469,0.7233333333333334,0.4726666666666667,0.25066666666666665
overall,60,dense_deterministic,0.75,leagueews,20260930,dragon,0.10918880748521494,0.7473333333333333,0.168,0.5793333333333334
overall,60,dense_deterministic,0.75,leagueews,20261001,dragon,0.11183687880660252,0.746,0.169,0.577
overall,60,dense_deterministic,0.75,leagueews,20261002,dragon,0.1094536146173537,0.7223333333333334,0.163,0.5593333333333333
overall,60,dense_deterministic,0.75,leagueews,20260930,teamfight,0.04061631725183127,0.7063333333333334,0.4073333333333333,0.299
overall,60,dense_deterministic,0.75,leagueews,20261001,teamfight,0.03803990906794645,0.6883333333333334,0.3973333333333333,0.291
overall,60,dense_deterministic,0.75,leagueews,20261002,teamfight,0.040565799444304114,0.695,0.4083333333333333,0.2866666666666667
overall,60,dense_deterministic,0.75,leagueews,20260930,macro,0.11514125365347803,0.7314444444444445,0.3551111111111111,0.37633333333333335
overall,60,dense_deterministic,0.75,leagueews,20261001,macro,0.11475374570620316,0.7162222222222222,0.34544444444444444,0.3707777777777777
overall,60,dense_deterministic,0.75,leagueews,20261002,macro,0.11726966172722751,0.7135555555555556,0.34800000000000003,0.3655555555555556
overall,60,dense_deterministic,0.75,tcn,20260930,baron,0.19777846343721073,0.7703333333333333,0.5166666666666667,0.25366666666666665
overall,60,dense_deterministic,0.75,tcn,20261001,baron,0.18759642085775996,0.7193333333333334,0.468,0.25133333333333335
overall,60,dense_deterministic,0.75,tcn,20261002,baron,0.1909904350509102,0.7483333333333333,0.49633333333333335,0.252
overall,60,dense_deterministic,0.75,tcn,20260930,dragon,0.10318651249006973,0.7076666666666667,0.159,0.5486666666666666
overall,60,dense_deterministic,0.75,tcn,20261001,dragon,0.10689381234001236,0.72,0.15933333333333333,0.5606666666666666
overall,60,dense_deterministic,0.75,tcn,20261002,dragon,0.11051284314590873,0.7156666666666667,0.159,0.5566666666666666
overall,60,dense_deterministic,0.75,tcn,20260930,teamfight,0.03824198029805506,0.676,0.4003333333333333,0.27566666666666667
overall,60,dense_deterministic,0.75,tcn,20261001,teamfight,0.036372821419550394,0.6483333333333333,0.37266666666666665,0.27566666666666667
overall,60,dense_deterministic,0.75,tcn,20261002,teamfight,0.04152563778732003,0.6913333333333334,0.406,0.2853333333333333
overall,60,dense_deterministic,0.75,tcn,20260930,macro,0.11306898540844516,0.718,0.3586666666666667,0.35933333333333334
overall,60,dense_deterministic,0.75,tcn,20261001,macro,0.11028768487244091,0.6958888888888889,0.3333333333333333,0.3625555555555556
overall,60,dense_deterministic,0.75,tcn,20261002,macro,0.114342971994713,0.7184444444444443,0.35377777777777775,0.36466666666666664
overall,60,dense_deterministic,0.75,timely_leagueews,20260930,baron,0.22462203023758098,0.748,0.5566666666666666,0.19133333333333333
overall,60,dense_deterministic,0.75,timely_leagueews,20261001,baron,0.218759642085776,0.7256666666666667,0.5486666666666666,0.177
overall,60,dense_deterministic,0.75,timely_leagueews,20261002,baron,0.2261647639617402,0.7406666666666667,0.582,0.15866666666666668
overall,60,dense_deterministic,0.75,timely_leagueews,20260930,dragon,0.25739253243887367,0.727,0.5396666666666666,0.18733333333333332
overall,60,dense_deterministic,0.75,timely_leagueews,20261001,dragon,0.2535969635448848,0.724,0.5546666666666666,0.16933333333333334
overall,60,dense_deterministic,0.75,timely_leagueews,20261002,dragon,0.25598022773413365,0.7313333333333333,0.5553333333333333,0.176
overall,60,dense_deterministic,0.75,timely_leagueews,20260930,teamfight,0.059813084112149535,0.7206666666666667,0.6006666666666667,0.12
overall,60,dense_deterministic,0.75,timely_leagueews,20261001,teamfight,0.05824703207880778,0.6746666666666666,0.5686666666666667,0.106
overall,60,dense_deterministic,0.75,timely_leagueews,20261002,teamfight,0.05698408689062895,0.683,0.5713333333333334,0.11166666666666666
overall,60,dense_deterministic,0.75,timely_leagueews,20260930,macro,0.18060921559620138,0.7318888888888889,0.5656666666666667,0.16622222222222222
overall,60,dense_deterministic,0.75,timely_leagueews,20261001,macro,0.17686787923648953,0.7081111111111111,0.5573333333333333,0.15077777777777776
overall,60,dense_deterministic,0.75,timely_leagueews,20261002,macro,0.17970969286216762,0.7183333333333334,0.5695555555555556,0.1487777777777778
overall,60,dense_deterministic,0.75,timely_tcn,20260930,baron,0.20333230484418388,0.747,0.552,0.195
overall,60,dense_deterministic,0.75,timely_tcn,20261001,baron,0.20394939833384756,0.7346666666666667,0.539,0.19566666666666666
overall,60,dense_deterministic,0.75,timely_tcn,20261002,baron,0.20518358531317496,0.7353333333333333,0.566,0.16933333333333334
overall,60,dense_deterministic,0.75,timely_tcn,20260930,dragon,0.25050754700326594,0.716,0.5473333333333333,0.16866666666666666
overall,60,dense_deterministic,0.75,timely_tcn,20261001,dragon,0.2474181304616471,0.7096666666666667,0.5066666666666667,0.203
overall,60,dense_deterministic,0.75,timely_tcn,20261002,dragon,0.24918351134257216,0.697,0.5363333333333333,0.16066666666666668
overall,60,dense_deterministic,0.75,timely_tcn,20260930,teamfight,0.05799444304117201,0.6896666666666667,0.5833333333333334,0.10633333333333334
overall,60,dense_deterministic,0.75,timely_tcn,20261001,teamfight,0.05799444304117201,0.7033333333333334,0.592,0.11133333333333334
overall,60,dense_deterministic,0.75,timely_tcn,20261002,teamfight,0.057842889618590555,0.6843333333333333,0.5753333333333334,0.109
overall,60,dense_deterministic,0.75,timely_tcn,20260930,macro,0.1706114316295406,0.7175555555555556,0.560888888888889,0.15666666666666668
overall,60,dense_deterministic,0.75,timely_tcn,20261001,macro,0.16978732394555554,0.7158888888888889,0.5458888888888889,0.17
overall,60,dense_deterministic,0.75,timely_tcn,20261002,macro,0.1707366620914459,0.7055555555555556,0.5592222222222222,0.14633333333333334
overall,60,dense_deterministic,1.0,leagueews,20260930,baron,0.25177414378278307,0.9646666666666667,0.6873333333333334,0.2773333333333333
overall,60,dense_deterministic,1.0,leagueews,20261001,baron,0.26103054612773835,0.9516666666666667,0.6743333333333333,0.2773333333333333
overall,60,dense_deterministic,1.0,leagueews,20261002,baron,0.26164763961740206,0.9753333333333334,0.699,0.2763333333333333
overall,60,dense_deterministic,1.0,leagueews,20260930,dragon,0.1654161885426781,0.9786666666666667,0.26466666666666666,0.714
overall,60,dense_deterministic,1.0,leagueews,20261001,dragon,0.16479830523435432,0.9656666666666667,0.26166666666666666,0.704
overall,60,dense_deterministic,1.0,leagueews,20261002,dragon,0.1747727072115809,0.9733333333333334,0.2703333333333333,0.703
overall,60,dense_deterministic,1.0,leagueews,20260930,teamfight,0.056478908815357415,0.9623333333333334,0.5816666666666667,0.38066666666666665
overall,60,dense_deterministic,1.0,leagueews,20261001,teamfight,0.05284162667340237,0.9553333333333334,0.582,0.37333333333333335
overall,60,dense_deterministic,1.0,leagueews,20261002,teamfight,0.054306643091689824,0.951,0.5863333333333334,0.36466666666666664
overall,60,dense_deterministic,1.0,leagueews,20260930,macro,0.1578897470469395,0.9685555555555556,0.5112222222222221,0.4573333333333333
overall,60,dense_deterministic,1.0,leagueews,20261001,macro,0.1595568260118317,0.9575555555555555,0.5059999999999999,0.45155555555555554
overall,60,dense_deterministic,1.0,leagueews,20261002,macro,0.1635756633068909,0.9665555555555555,0.5185555555555555,0.44799999999999995
overall,60,dense_deterministic,1.0,tcn,20260930,baron,0.25547670472076517,0.987,0.7093333333333334,0.2776666666666667
overall,60,dense_deterministic,1.0,tcn,20261001,baron,0.2567108917000926,0.9896666666666667,0.714,0.27566666666666667
overall,60,dense_deterministic,1.0,tcn,20261002,baron,0.25948781240357915,0.9876666666666667,0.7123333333333334,0.2753333333333333
overall,60,dense_deterministic,1.0,tcn,20260930,dragon,0.1734486715508871,1.0023333333333333,0.275,0.7273333333333334
overall,60,dense_deterministic,1.0,tcn,20261001,dragon,0.16471003619030805,0.9823333333333333,0.268,0.7143333333333334
overall,60,dense_deterministic,1.0,tcn,20261002,dragon,0.16153235060464294,0.9396666666666667,0.25133333333333335,0.6883333333333334
overall,60,dense_deterministic,1.0,tcn,20260930,teamfight,0.051932306137913616,0.908,0.5596666666666666,0.34833333333333333
overall,60,dense_deterministic,1.0,tcn,20261001,teamfight,0.05238696640565799,0.953,0.584,0.369
overall,60,dense_deterministic,1.0,tcn,20261002,teamfight,0.05284162667340237,0.894,0.5453333333333333,0.3486666666666667
overall,60,dense_deterministic,1.0,tcn,20260930,macro,0.16028589413652197,0.9657777777777777,0.5146666666666667,0.4511111111111112
overall,60,dense_deterministic,1.0,tcn,20261001,macro,0.15793596476535288,0.975,0.5219999999999999,0.453
overall,60,dense_deterministic,1.0,tcn,20261002,macro,0.15795392989387483,0.9404444444444445,0.503,0.43744444444444447
overall,60,dense_deterministic,1.0,timely_leagueews,20260930,baron,0.28509719222462204,0.967,0.7383333333333333,0.22866666666666666
overall,60,dense_deterministic,1.0,timely_leagueews,20261001,baron,0.2786177105831533,0.954,0.74,0.214
overall,60,dense_deterministic,1.0,timely_leagueews,20261002,baron,0.2820117247763036,0.962,0.769,0.193
overall,60,dense_deterministic,1.0,timely_leagueews,20260930,dragon,0.3032924353429252,0.9716666666666667,0.6796666666666666,0.292
overall,60,dense_deterministic,1.0,timely_leagueews,20261001,dragon,0.30002648071321386,0.965,0.7006666666666667,0.2643333333333333
overall,60,dense_deterministic,1.0,timely_leagueews,20261002,dragon,0.3009974401977227,0.967,0.6863333333333334,0.2806666666666667
overall,60,dense_deterministic,1.0,timely_leagueews,20260930,teamfight,0.07613033594342006,0.9536666666666667,0.792,0.16166666666666665
overall,60,dense_deterministic,1.0,timely_leagueews,20261001,teamfight,0.07309926749179085,0.9186666666666666,0.7656666666666667,0.153
overall,60,dense_deterministic,1.0,timely_leagueews,20261002,teamfight,0.07234150037888355,0.912,0.7596666666666667,0.15233333333333332
overall,60,dense_deterministic,1.0,timely_leagueews,20260930,macro,0.22150665450365578,0.964111111111111,0.7366666666666667,0.22744444444444442
overall,60,dense_deterministic,1.0,timely_leagueews,20261001,macro,0.21724781959605266,0.9458888888888889,0.7354444444444445,0.21044444444444443
overall,60,dense_deterministic,1.0,timely_leagueews,20261002,macro,0.2184502217843033,0.947,0.7383333333333333,0.20866666666666667
overall,60,dense_deterministic,1.0,timely_tcn,20260930,baron,0.26658438753471153,0.999,0.7573333333333333,0.24166666666666667
overall,60,dense_deterministic,1.0,timely_tcn,20261001,baron,0.2712125887071891,0.984,0.7493333333333333,0.23466666666666666
overall,60,dense_deterministic,1.0,timely_tcn,20261002,baron,0.26627584078987965,0.978,0.7623333333333333,0.21566666666666667
overall,60,dense_deterministic,1.0,timely_tcn,20260930,dragon,0.2943772618942537,0.9613333333333334,0.692,0.2693333333333333
overall,60,dense_deterministic,1.0,timely_tcn,20261001,dragon,0.2943772618942537,0.9433333333333334,0.642,0.30133333333333334
overall,60,dense_deterministic,1.0,timely_tcn,20261002,dragon,0.29658398799541,0.963,0.6956666666666667,0.2673333333333333
overall,60,dense_deterministic,1.0,timely_tcn,20260930,teamfight,0.07476635514018691,0.977,0.8263333333333334,0.15066666666666667
overall,60,dense_deterministic,1.0,timely_tcn,20261001,teamfight,0.07547360444556707,0.9486666666666667,0.791,0.15766666666666668
overall,60,dense_deterministic,1.0,timely_tcn,20261002,teamfight,0.07309926749179085,0.9116666666666666,0.761,0.15066666666666667
overall,60,dense_deterministic,1.0,timely_tcn,20260930,macro,0.21190933485638405,0.979111111111111,0.7585555555555555,0.22055555555555553
overall,60,dense_deterministic,1.0,timely_tcn,20261001,macro,0.21368781834900327,0.9586666666666667,0.7274444444444444,0.23122222222222222
overall,60,dense_deterministic,1.0,timely_tcn,20261002,macro,0.21198636542569352,0.9508888888888888,0.7396666666666666,0.2112222222222222
overall,60,dense_deterministic,mean,leagueews,20260930,baron,0.15735883986423943,0.6078333333333333,0.38658333333333333,0.22124999999999997
overall,60,dense_deterministic,mean,leagueews,20261001,baron,0.16013576056772602,0.5981666666666667,0.37716666666666665,0.221
overall,60,dense_deterministic,mean,leagueews,20261002,baron,0.16337550138846035,0.6145,0.39183333333333337,0.22266666666666668
overall,60,dense_deterministic,mean,leagueews,20260930,dragon,0.08921793626975019,0.6086666666666667,0.13508333333333333,0.47358333333333336
overall,60,dense_deterministic,mean,leagueews,20261001,dragon,0.09025509753729366,0.6072500000000001,0.13574999999999998,0.4715
overall,60,dense_deterministic,mean,leagueews,20261002,dragon,0.09394033012622473,0.6029166666666668,0.136,0.46691666666666665
overall,60,dense_deterministic,mean,leagueews,20260930,teamfight,0.033619600909320535,0.5958333333333333,0.33825,0.25758333333333333
overall,60,dense_deterministic,mean,leagueews,20261001,teamfight,0.031194746148017177,0.5759166666666666,0.33125,0.24466666666666664
overall,60,dense_deterministic,mean,leagueews,20261002,teamfight,0.032988128315231124,0.5789166666666666,0.3364166666666667,0.2425
overall,60,dense_deterministic,mean,leagueews,20260930,macro,0.09339879234777004,0.604111111111111,0.2866388888888889,0.3174722222222222
overall,60,dense_deterministic,mean,leagueews,20261001,macro,0.09386186808434564,0.5937777777777778,0.2813888888888889,0.3123888888888889
overall,60,dense_deterministic,mean,leagueews,20261002,macro,0.09676798660997206,0.5987777777777779,0.28808333333333336,0.31069444444444444
overall,60,dense_deterministic,mean,tcn,20260930,baron,0.15666460968836776,0.624,0.40275000000000005,0.22125
overall,60,dense_deterministic,mean,tcn,20261001,baron,0.15365627892625733,0.6144166666666666,0.39283333333333337,0.22158333333333335
overall,60,dense_deterministic,mean,tcn,20261002,baron,0.15751311323665534,0.6181666666666666,0.39825,0.21991666666666668
overall,60,dense_deterministic,mean,tcn,20260930,dragon,0.09038750110336305,0.5985833333333332,0.13425,0.4643333333333333
overall,60,dense_deterministic,mean,tcn,20261001,dragon,0.08932827257480802,0.6071666666666666,0.13525,0.47191666666666665
overall,60,dense_deterministic,mean,tcn,20261002,dragon,0.08959307970694677,0.593,0.132,0.46099999999999997
overall,60,dense_deterministic,mean,tcn,20260930,teamfight,0.031182116696135388,0.5595,0.3260833333333333,0.23341666666666666
overall,60,dense_deterministic,mean,tcn,20261001,teamfight,0.03076534478403637,0.5600833333333333,0.32158333333333333,0.2385
overall,60,dense_deterministic,mean,tcn,20261002,teamfight,0.032647133114422834,0.5639166666666667,0.32633333333333336,0.23758333333333334
overall,60,dense_deterministic,mean,tcn,20260930,macro,0.09274474249595539,0.5940277777777777,0.2876944444444444,0.30633333333333335
overall,60,dense_deterministic,mean,tcn,20261001,macro,0.09124996542836723,0.5938888888888888,0.2832222222222222,0.31066666666666665
overall,60,dense_deterministic,mean,tcn,20261002,macro,0.09325110868600832,0.5916944444444444,0.28552777777777777,0.30616666666666664
overall,60,dense_deterministic,mean,timely_leagueews,20260930,baron,0.19037334156124652,0.6181666666666666,0.4580833333333333,0.16008333333333333
overall,60,dense_deterministic,mean,timely_leagueews,20261001,baron,0.18327676643011415,0.5994999999999999,0.45075,0.14875
overall,60,dense_deterministic,mean,timely_leagueews,20261002,baron,0.18829065103363157,0.6176666666666666,0.48616666666666664,0.1315
overall,60,dense_deterministic,mean,timely_leagueews,20260930,dragon,0.2153102656898226,0.5935833333333334,0.4414166666666666,0.15216666666666667
overall,60,dense_deterministic,mean,timely_leagueews,20261001,dragon,0.21453791155441787,0.5914166666666666,0.4530833333333333,0.1383333333333333
overall,60,dense_deterministic,mean,timely_leagueews,20261002,dragon,0.2144717097713832,0.59175,0.4495,0.14225
overall,60,dense_deterministic,mean,timely_leagueews,20260930,teamfight,0.04993685274059106,0.5899166666666666,0.49141666666666667,0.0985
overall,60,dense_deterministic,mean,timely_leagueews,20261001,teamfight,0.04883809042687547,0.5645833333333333,0.473,0.09158333333333332
overall,60,dense_deterministic,mean,timely_leagueews,20261002,teamfight,0.04825713564031321,0.5644166666666667,0.4701666666666667,0.09425
overall,60,dense_deterministic,mean,timely_leagueews,20260930,macro,0.15187348666388673,0.6005555555555555,0.4636388888888889,0.1369166666666667
overall,60,dense_deterministic,mean,timely_leagueews,20261001,macro,0.14888425613713582,0.5851666666666665,0.45894444444444443,0.1262222222222222
overall,60,dense_deterministic,mean,timely_leagueews,20261002,macro,0.15033983214844265,0.5912777777777777,0.4686111111111111,0.12266666666666666
overall,60,dense_deterministic,mean,timely_tcn,20260930,baron,0.17201481024375193,0.6245,0.4640833333333334,0.16041666666666668
overall,60,dense_deterministic,mean,timely_tcn,20261001,baron,0.1714748534402962,0.60875,0.44925000000000004,0.1595
overall,60,dense_deterministic,mean,timely_tcn,20261002,baron,0.17216908361616784,0.6109166666666666,0.46958333333333335,0.14133333333333334
overall,60,dense_deterministic,mean,timely_tcn,20260930,dragon,0.21299320328360843,0.5956666666666667,0.4515833333333333,0.14408333333333334
overall,60,dense_deterministic,mean,timely_tcn,20261001,dragon,0.21222084914820372,0.5889166666666666,0.41925,0.1696666666666667
overall,60,dense_deterministic,mean,timely_tcn,20261002,dragon,0.21341248124282813,0.5895833333333333,0.45083333333333336,0.13874999999999998
overall,60,dense_deterministic,mean,timely_tcn,20260930,teamfight,0.0481561000252589,0.5851666666666666,0.49541666666666667,0.08975
overall,60,dense_deterministic,mean,timely_tcn,20261001,teamfight,0.04904016165698409,0.5869166666666666,0.49083333333333334,0.09608333333333334
overall,60,dense_deterministic,mean,timely_tcn,20261002,teamfight,0.04792876989138671,0.5663333333333334,0.4746666666666667,0.09166666666666667
overall,60,dense_deterministic,mean,timely_tcn,20260930,macro,0.1443880378508731,0.6017777777777777,0.47036111111111106,0.13141666666666665
overall,60,dense_deterministic,mean,timely_tcn,20261001,macro,0.14424528808182802,0.5948611111111112,0.4531111111111111,0.14175000000000001
overall,60,dense_deterministic,mean,timely_tcn,20261002,macro,0.14450344491679423,0.5889444444444444,0.4650277777777778,0.12391666666666667
overall,60,dense_regional_deterministic,0.25,leagueews,20260930,baron,0.056155507559395246,0.24533333333333332,0.09466666666666666,0.15066666666666667
overall,60,dense_regional_deterministic,0.25,leagueews,20261001,baron,0.05708114779389077,0.244,0.093,0.151
overall,60,dense_regional_deterministic,0.25,leagueews,20261002,baron,0.05553841406973156,0.247,0.10066666666666667,0.14633333333333334
overall,60,dense_regional_deterministic,0.25,leagueews,20260930,dragon,0.022773413363933268,0.21966666666666668,0.024,0.19566666666666666
overall,60,dense_regional_deterministic,0.25,leagueews,20261001,dragon,0.022067261011563245,0.226,0.026,0.2
overall,60,dense_regional_deterministic,0.25,leagueews,20261002,dragon,0.024185718068673315,0.22433333333333333,0.024666666666666667,0.19966666666666666
overall,60,dense_regional_deterministic,0.25,leagueews,20260930,teamfight,0.011619095731245263,0.248,0.11666666666666667,0.13133333333333333
overall,60,dense_regional_deterministic,0.25,leagueews,20261001,teamfight,0.011012882040919424,0.22466666666666665,0.11166666666666666,0.113
overall,60,dense_regional_deterministic,0.25,leagueews,20261002,teamfight,0.01187168476888103,0.22733333333333333,0.10833333333333334,0.119
overall,60,dense_regional_deterministic,0.25,leagueews,20260930,macro,0.03018267221819126,0.23766666666666666,0.07844444444444444,0.15922222222222224
overall,60,dense_regional_deterministic,0.25,leagueews,20261001,macro,0.03005376361545781,0.23155555555555554,0.07688888888888888,0.15466666666666665
overall,60,dense_regional_deterministic,0.25,leagueews,20261002,macro,0.030531938969095302,0.2328888888888889,0.07788888888888888,0.155
overall,60,dense_regional_deterministic,0.25,tcn,20260930,baron,0.05492132058006788,0.255,0.106,0.149
overall,60,dense_regional_deterministic,0.25,tcn,20261001,baron,0.04998457266275841,0.25833333333333336,0.11133333333333334,0.147
overall,60,dense_regional_deterministic,0.25,tcn,20261002,baron,0.05954952175254551,0.24066666666666667,0.1,0.14066666666666666
overall,60,dense_regional_deterministic,0.25,tcn,20260930,dragon,0.02392091093653456,0.23333333333333334,0.025333333333333333,0.208
overall,60,dense_regional_deterministic,0.25,tcn,20261001,dragon,0.0251566775531821,0.241,0.030666666666666665,0.21033333333333334
overall,60,dense_regional_deterministic,0.25,tcn,20261002,dragon,0.024450525200812076,0.23666666666666666,0.034333333333333334,0.20233333333333334
overall,60,dense_regional_deterministic,0.25,tcn,20260930,teamfight,0.01141702450113665,0.228,0.10933333333333334,0.11866666666666667
overall,60,dense_regional_deterministic,0.25,tcn,20261001,teamfight,0.01172013134629957,0.22833333333333333,0.11033333333333334,0.118
overall,60,dense_regional_deterministic,0.25,tcn,20261002,teamfight,0.011164435463500884,0.22933333333333333,0.11066666666666666,0.11866666666666667
overall,60,dense_regional_deterministic,0.25,tcn,20260930,macro,0.0300864186725797,0.23877777777777778,0.08022222222222222,0.15855555555555556
overall,60,dense_regional_deterministic,0.25,tcn,20261001,macro,0.028953793854080024,0.24255555555555555,0.08411111111111112,0.15844444444444444
overall,60,dense_regional_deterministic,0.25,tcn,20261002,macro,0.03172149413895282,0.23555555555555555,0.08166666666666667,0.15388888888888888
overall,60,dense_regional_deterministic,0.25,timely_leagueews,20260930,baron,0.09503239740820735,0.26066666666666666,0.18,0.08066666666666666
overall,60,dense_regional_deterministic,0.25,timely_leagueews,20261001,baron,0.08731872878741129,0.257,0.178,0.079
overall,60,dense_regional_deterministic,0.25,timely_leagueews,20261002,baron,0.08330762110459734,0.25233333333333335,0.19166666666666668,0.06066666666666667
overall,60,dense_regional_deterministic,0.25,timely_leagueews,20260930,dragon,0.11404360490775885,0.22766666666666666,0.19266666666666668,0.035
overall,60,dense_regional_deterministic,0.25,timely_leagueews,20261001,dragon,0.11271956924706505,0.219,0.19033333333333333,0.028666666666666667
overall,60,dense_regional_deterministic,0.25,timely_leagueews,20261002,dragon,0.1122782240268338,0.218,0.18866666666666668,0.029333333333333333
overall,60,dense_regional_deterministic,0.25,timely_leagueews,20260930,teamfight,0.024299065420560748,0.23966666666666667,0.197,0.042666666666666665
overall,60,dense_regional_deterministic,0.25,timely_leagueews,20261001,teamfight,0.023793887345289214,0.232,0.19266666666666668,0.03933333333333333
overall,60,dense_regional_deterministic,0.25,timely_leagueews,20261002,teamfight,0.024602172265723667,0.246,0.20333333333333334,0.042666666666666665
overall,60,dense_regional_deterministic,0.25,timely_leagueews,20260930,macro,0.07779168924550899,0.24266666666666667,0.1898888888888889,0.05277777777777778
overall,60,dense_regional_deterministic,0.25,timely_leagueews,20261001,macro,0.07461072845992185,0.236,0.18699999999999997,0.048999999999999995
overall,60,dense_regional_deterministic,0.25,timely_leagueews,20261002,macro,0.0733960057990516,0.23877777777777778,0.19455555555555556,0.04422222222222222
overall,60,dense_regional_deterministic,0.25,timely_tcn,20260930,baron,0.0718913915458192,0.25,0.17766666666666667,0.07233333333333333
overall,60,dense_regional_deterministic,0.25,timely_tcn,20261001,baron,0.07281703178031472,0.244,0.16833333333333333,0.07566666666666666
overall,60,dense_regional_deterministic,0.25,timely_tcn,20261002,baron,0.0697315643319963,0.228,0.17,0.058
overall,60,dense_regional_deterministic,0.25,timely_tcn,20260930,dragon,0.1137787977756201,0.225,0.18533333333333332,0.03966666666666667
overall,60,dense_regional_deterministic,0.25,timely_tcn,20261001,dragon,0.11607379292082266,0.23366666666666666,0.181,0.05266666666666667
overall,60,dense_regional_deterministic,0.25,timely_tcn,20261002,dragon,0.11607379292082266,0.23733333333333334,0.196,0.04133333333333333
overall,60,dense_regional_deterministic,0.25,timely_tcn,20260930,teamfight,0.021571103814094467,0.23,0.19266666666666668,0.037333333333333336
overall,60,dense_regional_deterministic,0.25,timely_tcn,20261001,teamfight,0.02344026269259914,0.242,0.201,0.041
overall,60,dense_regional_deterministic,0.25,timely_tcn,20261002,teamfight,0.022733013387218996,0.23166666666666666,0.19333333333333333,0.03833333333333333
overall,60,dense_regional_deterministic,0.25,timely_tcn,20260930,macro,0.06908043104517793,0.235,0.1852222222222222,0.04977777777777778
overall,60,dense_regional_deterministic,0.25,timely_tcn,20261001,macro,0.0707770291312455,0.2398888888888889,0.18344444444444444,0.05644444444444444
overall,60,dense_regional_deterministic,0.25,timely_tcn,20261002,macro,0.06951279021334598,0.23233333333333336,0.18644444444444444,0.04588888888888889
overall,60,dense_regional_deterministic,0.5,leagueews,20260930,baron,0.13421783400185128,0.495,0.28633333333333333,0.20866666666666667
overall,60,dense_regional_deterministic,0.5,leagueews,20261001,baron,0.1320580067880284,0.491,0.2783333333333333,0.21266666666666667
overall,60,dense_regional_deterministic,0.5,leagueews,20261002,baron,0.13637766121567418,0.517,0.299,0.218
overall,60,dense_regional_deterministic,0.5,leagueews,20260930,dragon,0.059493335687174506,0.489,0.08366666666666667,0.4053333333333333
overall,60,dense_regional_deterministic,0.5,leagueews,20261001,dragon,0.0623179450966546,0.49133333333333334,0.08633333333333333,0.405
overall,60,dense_regional_deterministic,0.5,leagueews,20261002,dragon,0.06734928060729102,0.49166666666666664,0.086,0.4056666666666667
overall,60,dense_regional_deterministic,0.5,leagueews,20260930,teamfight,0.025764081838848193,0.4666666666666667,0.24733333333333332,0.21933333333333332
overall,60,dense_regional_deterministic,0.5,leagueews,20261001,teamfight,0.02475372568830513,0.4656666666666667,0.255,0.21066666666666667
overall,60,dense_regional_deterministic,0.5,leagueews,20261002,teamfight,0.025814599646375346,0.45466666666666666,0.25033333333333335,0.20433333333333334
overall,60,dense_regional_deterministic,0.5,leagueews,20260930,macro,0.073158417175958,0.48355555555555557,0.20577777777777775,0.27777777777777773
overall,60,dense_regional_deterministic,0.5,leagueews,20261001,macro,0.07304322585766271,0.48266666666666663,0.20655555555555552,0.27611111111111114
overall,60,dense_regional_deterministic,0.5,leagueews,20261002,macro,0.07651384715644684,0.4877777777777778,0.21177777777777776,0.276
overall,60,dense_regional_deterministic,0.5,tcn,20260930,baron,0.12681271212588707,0.512,0.29833333333333334,0.21366666666666667
overall,60,dense_regional_deterministic,0.5,tcn,20261001,baron,0.1271212588707189,0.513,0.29633333333333334,0.21666666666666667
overall,60,dense_regional_deterministic,0.5,tcn,20261002,baron,0.12650416538105522,0.5143333333333333,0.3,0.21433333333333332
overall,60,dense_regional_deterministic,0.5,tcn,20260930,dragon,0.06373024980139465,0.479,0.08166666666666667,0.3973333333333333
overall,60,dense_regional_deterministic,0.5,tcn,20261001,dragon,0.06408332597757967,0.5083333333333333,0.091,0.41733333333333333
overall,60,dense_regional_deterministic,0.5,tcn,20261002,dragon,0.06734928060729102,0.5076666666666667,0.09066666666666667,0.417
overall,60,dense_regional_deterministic,0.5,tcn,20260930,teamfight,0.024551654458196515,0.456,0.253,0.203
overall,60,dense_regional_deterministic,0.5,tcn,20261001,teamfight,0.02445061884314221,0.45866666666666667,0.24933333333333332,0.20933333333333334
overall,60,dense_regional_deterministic,0.5,tcn,20261002,teamfight,0.0266228845668098,0.47,0.26066666666666666,0.20933333333333334
overall,60,dense_regional_deterministic,0.5,tcn,20260930,macro,0.07169820546182608,0.48233333333333334,0.211,0.27133333333333337
overall,60,dense_regional_deterministic,0.5,tcn,20261001,macro,0.07188506789714692,0.49333333333333335,0.2122222222222222,0.28111111111111114
overall,60,dense_regional_deterministic,0.5,tcn,20261002,macro,0.07349211018505201,0.49733333333333335,0.21711111111111112,0.2802222222222222
overall,60,dense_regional_deterministic,0.5,timely_leagueews,20260930,baron,0.16661524220919469,0.522,0.375,0.147
overall,60,dense_regional_deterministic,0.5,timely_leagueews,20261001,baron,0.15581610614008023,0.49233333333333335,0.3606666666666667,0.13166666666666665
overall,60,dense_regional_deterministic,0.5,timely_leagueews,20261002,baron,0.16167849429188522,0.5156666666666667,0.402,0.11366666666666667
overall,60,dense_regional_deterministic,0.5,timely_leagueews,20260930,dragon,0.19198517080060024,0.4563333333333333,0.3596666666666667,0.09666666666666666
overall,60,dense_regional_deterministic,0.5,timely_leagueews,20261001,dragon,0.19472151116603406,0.4653333333333333,0.37366666666666665,0.09166666666666666
overall,60,dense_regional_deterministic,0.5,timely_leagueews,20261002,dragon,0.19304439932915526,0.459,0.374,0.085
overall,60,dense_regional_deterministic,0.5,timely_leagueews,20260930,teamfight,0.04364738570346047,0.49233333333333335,0.41633333333333333,0.076
overall,60,dense_regional_deterministic,0.5,timely_leagueews,20261001,teamfight,0.04233392270775448,0.4603333333333333,0.3873333333333333,0.073
overall,60,dense_regional_deterministic,0.5,timely_leagueews,20261002,teamfight,0.04334427885829755,0.467,0.39066666666666666,0.07633333333333334
overall,60,dense_regional_deterministic,0.5,timely_leagueews,20260930,macro,0.13408259957108515,0.49022222222222217,0.38366666666666666,0.10655555555555556
overall,60,dense_regional_deterministic,0.5,timely_leagueews,20261001,macro,0.13095718000462295,0.4726666666666666,0.3738888888888889,0.09877777777777778
overall,60,dense_regional_deterministic,0.5,timely_leagueews,20261002,macro,0.1326890574931127,0.4805555555555556,0.3888888888888889,0.09166666666666667
overall,60,dense_regional_deterministic,0.5,timely_tcn,20260930,baron,0.15242209194692996,0.5236666666666666,0.38433333333333336,0.13933333333333334
overall,60,dense_regional_deterministic,0.5,timely_tcn,20261001,baron,0.14717679728478864,0.5033333333333333,0.35933333333333334,0.144
overall,60,dense_regional_deterministic,0.5,timely_tcn,20261002,baron,0.1474853440296205,0.5023333333333333,0.38,0.12233333333333334
overall,60,dense_regional_deterministic,0.5,timely_tcn,20260930,dragon,0.19330920646129401,0.48033333333333333,0.38166666666666665,0.09866666666666667
overall,60,dense_regional_deterministic,0.5,timely_tcn,20261001,dragon,0.19507458734221908,0.4826666666666667,0.3566666666666667,0.126
overall,60,dense_regional_deterministic,0.5,timely_tcn,20261002,dragon,0.1942801659458028,0.4713333333333333,0.38366666666666666,0.08766666666666667
overall,60,dense_regional_deterministic,0.5,timely_tcn,20260930,teamfight,0.04213185147764587,0.4886666666666667,0.4166666666666667,0.072
overall,60,dense_regional_deterministic,0.5,timely_tcn,20261001,teamfight,0.04147511997979288,0.475,0.39666666666666667,0.07833333333333334
overall,60,dense_regional_deterministic,0.5,timely_tcn,20261002,teamfight,0.04122253094215711,0.469,0.396,0.073
overall,60,dense_regional_deterministic,0.5,timely_tcn,20260930,macro,0.1292877166286233,0.49755555555555553,0.39422222222222225,0.10333333333333333
overall,60,dense_regional_deterministic,0.5,timely_tcn,20261001,macro,0.12790883486893354,0.48699999999999993,0.3708888888888889,0.11611111111111112
overall,60,dense_regional_deterministic,0.5,timely_tcn,20261002,macro,0.12766268030586014,0.4808888888888889,0.3865555555555556,0.09433333333333334
overall,60,dense_regional_deterministic,0.75,leagueews,20260930,baron,0.20364085158901574,0.7746666666666666,0.52,0.25466666666666665
overall,60,dense_regional_deterministic,0.75,leagueews,20261001,baron,0.2048750385683431,0.741,0.49466666666666664,0.24633333333333332
overall,60,dense_regional_deterministic,0.75,leagueews,20261002,baron,0.2085775995063252,0.7563333333333333,0.5033333333333333,0.253
overall,60,dense_regional_deterministic,0.75,leagueews,20260930,dragon,0.10918880748521494,0.7473333333333333,0.168,0.5793333333333334
overall,60,dense_regional_deterministic,0.75,leagueews,20261001,dragon,0.11183687880660252,0.746,0.169,0.577
overall,60,dense_regional_deterministic,0.75,leagueews,20261002,dragon,0.11580898578868391,0.747,0.171,0.576
overall,60,dense_regional_deterministic,0.75,leagueews,20260930,teamfight,0.04182874463248295,0.729,0.4226666666666667,0.30633333333333335
overall,60,dense_regional_deterministic,0.75,leagueews,20261001,teamfight,0.03920181864107098,0.7053333333333334,0.4083333333333333,0.297
overall,60,dense_regional_deterministic,0.75,leagueews,20261002,teamfight,0.040565799444304114,0.695,0.4083333333333333,0.2866666666666667
overall,60,dense_regional_deterministic,0.75,leagueews,20260930,macro,0.11821946790223786,0.7503333333333333,0.37022222222222223,0.3801111111111111
overall,60,dense_regional_deterministic,0.75,leagueews,20261001,macro,0.11863791200533887,0.7307777777777779,0.35733333333333334,0.3734444444444444
overall,60,dense_regional_deterministic,0.75,leagueews,20261002,macro,0.12165079491310442,0.7327777777777778,0.36088888888888887,0.3718888888888889
overall,60,dense_regional_deterministic,0.75,tcn,20260930,baron,0.20425794507867942,0.7843333333333333,0.5286666666666666,0.25566666666666665
overall,60,dense_regional_deterministic,0.75,tcn,20261001,baron,0.19685282320271522,0.7503333333333333,0.49633333333333335,0.254
overall,60,dense_regional_deterministic,0.75,tcn,20261002,baron,0.19993829065103363,0.775,0.521,0.254
overall,60,dense_regional_deterministic,0.75,tcn,20260930,dragon,0.10874746226498368,0.735,0.16933333333333334,0.5656666666666667
overall,60,dense_regional_deterministic,0.75,tcn,20261001,dragon,0.1111307264542325,0.7443333333333333,0.169,0.5753333333333334
overall,60,dense_regional_deterministic,0.75,tcn,20261002,dragon,0.11748609762556271,0.7433333333333333,0.16966666666666666,0.5736666666666667
overall,60,dense_regional_deterministic,0.75,tcn,20260930,teamfight,0.03940388987117959,0.6996666666666667,0.4146666666666667,0.285
overall,60,dense_regional_deterministic,0.75,tcn,20261001,teamfight,0.039302854256125286,0.702,0.4093333333333333,0.2926666666666667
overall,60,dense_regional_deterministic,0.75,tcn,20261002,teamfight,0.04288961859055317,0.7093333333333334,0.4186666666666667,0.2906666666666667
overall,60,dense_regional_deterministic,0.75,tcn,20260930,macro,0.1174697657382809,0.7396666666666668,0.3708888888888889,0.3687777777777777
overall,60,dense_regional_deterministic,0.75,tcn,20261001,macro,0.11576213463769101,0.7322222222222221,0.3582222222222222,0.37400000000000005
overall,60,dense_regional_deterministic,0.75,tcn,20261002,macro,0.12010466895571652,0.7425555555555556,0.36977777777777776,0.3727777777777778
overall,60,dense_regional_deterministic,0.75,timely_leagueews,20260930,baron,0.22925023141005862,0.7716666666666666,0.577,0.19466666666666665
overall,60,dense_regional_deterministic,0.75,timely_leagueews,20261001,baron,0.22431348349274915,0.7556666666666667,0.574,0.18166666666666667
overall,60,dense_regional_deterministic,0.75,timely_leagueews,20261002,baron,0.23171860536871336,0.7696666666666667,0.606,0.16366666666666665
overall,60,dense_regional_deterministic,0.75,timely_leagueews,20260930,dragon,0.25739253243887367,0.727,0.5396666666666666,0.18733333333333332
overall,60,dense_regional_deterministic,0.75,timely_leagueews,20261001,dragon,0.2535969635448848,0.724,0.5546666666666666,0.16933333333333334
overall,60,dense_regional_deterministic,0.75,timely_leagueews,20261002,dragon,0.25598022773413365,0.7313333333333333,0.5553333333333333,0.176
overall,60,dense_regional_deterministic,0.75,timely_leagueews,20260930,teamfight,0.06228845668098004,0.75,0.6243333333333333,0.12566666666666668
overall,60,dense_regional_deterministic,0.75,timely_leagueews,20261001,teamfight,0.06016670876483961,0.7013333333333334,0.5903333333333334,0.111
overall,60,dense_regional_deterministic,0.75,timely_leagueews,20261002,teamfight,0.05870169234655216,0.7166666666666667,0.6003333333333334,0.11633333333333333
overall,60,dense_regional_deterministic,0.75,timely_leagueews,20260930,macro,0.1829770735099708,0.7495555555555556,0.5803333333333334,0.16922222222222225
overall,60,dense_regional_deterministic,0.75,timely_leagueews,20261001,macro,0.17935905193415788,0.727,0.5730000000000001,0.154
overall,60,dense_regional_deterministic,0.75,timely_leagueews,20261002,macro,0.18213350848313306,0.7392222222222222,0.5872222222222222,0.152
overall,60,dense_regional_deterministic,0.75,timely_tcn,20260930,baron,0.20888614625115706,0.771,0.5706666666666667,0.20033333333333334
overall,60,dense_regional_deterministic,0.75,timely_tcn,20261001,baron,0.212897253933971,0.759,0.5593333333333333,0.19966666666666666
overall,60,dense_regional_deterministic,0.75,timely_tcn,20261002,baron,0.2091946929959889,0.753,0.5793333333333334,0.17366666666666666
overall,60,dense_regional_deterministic,0.75,timely_tcn,20260930,dragon,0.25350869450083857,0.7266666666666667,0.5556666666666666,0.171
overall,60,dense_regional_deterministic,0.75,timely_tcn,20261001,dragon,0.24997793273898844,0.722,0.515,0.207
overall,60,dense_regional_deterministic,0.75,timely_tcn,20261002,dragon,0.25139023744372846,0.7096666666666667,0.544,0.16566666666666666
overall,60,dense_regional_deterministic,0.75,timely_tcn,20260930,teamfight,0.059257388229350845,0.7163333333333334,0.6086666666666667,0.10766666666666666
overall,60,dense_regional_deterministic,0.75,timely_tcn,20261001,teamfight,0.06036877999494822,0.7296666666666667,0.6133333333333333,0.11633333333333333
overall,60,dense_regional_deterministic,0.75,timely_tcn,20261002,teamfight,0.05940894165193231,0.713,0.5983333333333334,0.11466666666666667
overall,60,dense_regional_deterministic,0.75,timely_tcn,20260930,macro,0.17388407632711553,0.738,0.5783333333333333,0.15966666666666665
overall,60,dense_regional_deterministic,0.75,timely_tcn,20261001,macro,0.17441465555596922,0.7368888888888888,0.5625555555555556,0.1743333333333333
overall,60,dense_regional_deterministic,0.75,timely_tcn,20261002,macro,0.17333129069721656,0.7252222222222223,0.573888888888889,0.15133333333333332
overall,60,dense_regional_deterministic,1.0,leagueews,20260930,baron,0.26164763961740206,1.007,0.727,0.28
overall,60,dense_regional_deterministic,1.0,leagueews,20261001,baron,0.2693613082381981,0.9916666666666667,0.7126666666666667,0.279
overall,60,dense_regional_deterministic,1.0,leagueews,20261002,baron,0.27213822894168466,1.0146666666666666,0.734,0.2806666666666667
overall,60,dense_regional_deterministic,1.0,leagueews,20260930,dragon,0.17080060022949953,1.0026666666666666,0.277,0.7256666666666667
overall,60,dense_regional_deterministic,1.0,leagueews,20261001,dragon,0.170270985965222,0.989,0.27266666666666667,0.7163333333333334
overall,60,dense_regional_deterministic,1.0,leagueews,20261002,dragon,0.1807750022067261,0.9923333333333333,0.28,0.7123333333333334
overall,60,dense_regional_deterministic,1.0,leagueews,20260930,teamfight,0.056478908815357415,0.9623333333333334,0.5816666666666667,0.38066666666666665
overall,60,dense_regional_deterministic,1.0,leagueews,20261001,teamfight,0.05284162667340237,0.9553333333333334,0.582,0.37333333333333335
overall,60,dense_regional_deterministic,1.0,leagueews,20261002,teamfight,0.054306643091689824,0.951,0.5863333333333334,0.36466666666666664
overall,60,dense_regional_deterministic,1.0,leagueews,20260930,macro,0.16297571622075302,0.9906666666666667,0.5285555555555556,0.46211111111111114
overall,60,dense_regional_deterministic,1.0,leagueews,20261001,macro,0.1641579736256075,0.9786666666666667,0.5224444444444445,0.45622222222222225
overall,60,dense_regional_deterministic,1.0,leagueews,20261002,macro,0.16907329141336688,0.9859999999999999,0.5334444444444445,0.4525555555555556
overall,60,dense_regional_deterministic,1.0,tcn,20260930,baron,0.265658747300216,1.0333333333333334,0.749,0.2843333333333333
overall,60,dense_regional_deterministic,1.0,tcn,20261001,baron,0.26535020055538416,1.027,0.7476666666666667,0.2793333333333333
overall,60,dense_regional_deterministic,1.0,tcn,20261002,baron,0.2672014810243752,1.026,0.7466666666666667,0.2793333333333333
overall,60,dense_regional_deterministic,1.0,tcn,20260930,dragon,0.17883308323770852,1.0213333333333334,0.28733333333333333,0.734
overall,60,dense_regional_deterministic,1.0,tcn,20261001,dragon,0.1704475240533145,1.0046666666666666,0.28,0.7246666666666667
overall,60,dense_regional_deterministic,1.0,tcn,20261002,dragon,0.17530232147585842,0.9946666666666667,0.2803333333333333,0.7143333333333334
overall,60,dense_regional_deterministic,1.0,tcn,20260930,teamfight,0.053144733518565294,0.9383333333333334,0.584,0.35433333333333333
overall,60,dense_regional_deterministic,1.0,tcn,20261001,teamfight,0.053953018438999745,0.9766666666666667,0.6006666666666667,0.376
overall,60,dense_regional_deterministic,1.0,tcn,20261002,teamfight,0.0540035362465269,0.9266666666666666,0.5706666666666667,0.356
overall,60,dense_regional_deterministic,1.0,tcn,20260930,macro,0.1658788546854966,0.9976666666666668,0.5401111111111111,0.45755555555555555
overall,60,dense_regional_deterministic,1.0,tcn,20261001,macro,0.16325024768256616,1.0027777777777775,0.5427777777777778,0.45999999999999996
overall,60,dense_regional_deterministic,1.0,tcn,20261002,macro,0.16550244624892016,0.9824444444444445,0.5325555555555556,0.44988888888888895
overall,60,dense_regional_deterministic,1.0,timely_leagueews,20260930,baron,0.28879975316260414,0.9903333333333333,0.7566666666666667,0.23366666666666666
overall,60,dense_regional_deterministic,1.0,timely_leagueews,20261001,baron,0.28818265967294043,1.0126666666666666,0.791,0.22166666666666668
overall,60,dense_regional_deterministic,1.0,timely_leagueews,20261002,baron,0.29188522061092254,1.004,0.8056666666666666,0.19833333333333333
overall,60,dense_regional_deterministic,1.0,timely_leagueews,20260930,dragon,0.3032924353429252,0.9716666666666667,0.6796666666666666,0.292
overall,60,dense_regional_deterministic,1.0,timely_leagueews,20261001,dragon,0.30346897343101775,0.9816666666666667,0.7116666666666667,0.27
overall,60,dense_regional_deterministic,1.0,timely_leagueews,20261002,dragon,0.3009974401977227,0.967,0.6863333333333334,0.2806666666666667
overall,60,dense_regional_deterministic,1.0,timely_leagueews,20260930,teamfight,0.07613033594342006,0.9536666666666667,0.792,0.16166666666666665
overall,60,dense_regional_deterministic,1.0,timely_leagueews,20261001,teamfight,0.07496842637029554,0.9483333333333334,0.7903333333333333,0.158
overall,60,dense_regional_deterministic,1.0,timely_leagueews,20261002,teamfight,0.07476635514018691,0.9423333333333334,0.7823333333333333,0.16
overall,60,dense_regional_deterministic,1.0,timely_leagueews,20260930,macro,0.22274084148298315,0.9718888888888889,0.7427777777777779,0.22911111111111107
overall,60,dense_regional_deterministic,1.0,timely_leagueews,20261001,macro,0.22220668649141792,0.9808888888888889,0.7643333333333334,0.21655555555555558
overall,60,dense_regional_deterministic,1.0,timely_leagueews,20261002,macro,0.22254967198294406,0.9711111111111111,0.7581111111111111,0.213
overall,60,dense_regional_deterministic,1.0,timely_tcn,20260930,baron,0.273372415921012,1.0213333333333334,0.7766666666666666,0.24466666666666667
overall,60,dense_regional_deterministic,1.0,timely_tcn,20261001,baron,0.2823202715211355,1.0126666666666666,0.7733333333333333,0.23933333333333334
overall,60,dense_regional_deterministic,1.0,timely_tcn,20261002,baron,0.27398950941067574,1.0106666666666666,0.7883333333333333,0.22233333333333333
overall,60,dense_regional_deterministic,1.0,timely_tcn,20260930,dragon,0.29631918086327125,0.9773333333333334,0.703,0.2743333333333333
overall,60,dense_regional_deterministic,1.0,timely_tcn,20261001,dragon,0.29684879512754875,0.959,0.6503333333333333,0.30866666666666664
overall,60,dense_regional_deterministic,1.0,timely_tcn,20261002,dragon,0.29967340453702884,0.9773333333333334,0.703,0.2743333333333333
overall,60,dense_regional_deterministic,1.0,timely_tcn,20260930,teamfight,0.07476635514018691,0.977,0.8263333333333334,0.15066666666666667
overall,60,dense_regional_deterministic,1.0,timely_tcn,20261001,teamfight,0.07547360444556707,0.9486666666666667,0.791,0.15766666666666668
overall,60,dense_regional_deterministic,1.0,timely_tcn,20261002,teamfight,0.0752210154079313,0.9416666666666667,0.7866666666666666,0.155
overall,60,dense_regional_deterministic,1.0,timely_tcn,20260930,macro,0.21481931730815673,0.9918888888888889,0.7686666666666667,0.2232222222222222
overall,60,dense_regional_deterministic,1.0,timely_tcn,20261001,macro,0.21821422369808374,0.9734444444444444,0.7382222222222222,0.23522222222222222
overall,60,dense_regional_deterministic,1.0,timely_tcn,20261002,macro,0.2162946431185453,0.9765555555555556,0.7593333333333333,0.2172222222222222
overall,60,dense_regional_deterministic,mean,leagueews,20260930,baron,0.16391545819191608,0.6305,0.40700000000000003,0.2235
overall,60,dense_regional_deterministic,mean,leagueews,20261001,baron,0.1658438753471151,0.6169166666666667,0.3946666666666666,0.22225
overall,60,dense_regional_deterministic,mean,leagueews,20261002,baron,0.1681579759333539,0.63375,0.40925,0.22449999999999998
overall,60,dense_regional_deterministic,mean,leagueews,20260930,dragon,0.09056403919145556,0.6146666666666667,0.13816666666666666,0.47650000000000003
overall,60,dense_regional_deterministic,mean,leagueews,20261001,dragon,0.09162326772001059,0.6130833333333333,0.1385,0.47458333333333336
overall,60,dense_regional_deterministic,mean,leagueews,20261002,dragon,0.09702974666784359,0.6138333333333333,0.1404166666666667,0.4734166666666667
overall,60,dense_regional_deterministic,mean,leagueews,20260930,teamfight,0.03392270775448346,0.6015,0.3420833333333333,0.2594166666666667
overall,60,dense_regional_deterministic,mean,leagueews,20261001,teamfight,0.03195251326092448,0.58775,0.33925,0.2485
overall,60,dense_regional_deterministic,mean,leagueews,20261002,teamfight,0.03313968173781258,0.582,0.3383333333333334,0.2436666666666667
overall,60,dense_regional_deterministic,mean,leagueews,20260930,macro,0.09613406837928502,0.6155555555555555,0.29575,0.3198055555555556
overall,60,dense_regional_deterministic,mean,leagueews,20261001,macro,0.09647321877601672,0.6059166666666667,0.29080555555555554,0.3151111111111111
overall,60,dense_regional_deterministic,mean,leagueews,20261002,macro,0.09944246811300335,0.6098611111111111,0.29600000000000004,0.31386111111111115
overall,60,dense_regional_deterministic,mean,tcn,20260930,baron,0.16291268127121258,0.6461666666666668,0.4205,0.22566666666666668
overall,60,dense_regional_deterministic,mean,tcn,20261001,baron,0.15982721382289417,0.6371666666666667,0.4129166666666667,0.22425
overall,60,dense_regional_deterministic,mean,tcn,20261002,baron,0.1632983647022524,0.639,0.4169166666666667,0.22208333333333333
overall,60,dense_regional_deterministic,mean,tcn,20260930,dragon,0.09380792656015535,0.6171666666666666,0.14091666666666666,0.47624999999999995
overall,60,dense_regional_deterministic,mean,tcn,20261001,dragon,0.0927045635095772,0.6245833333333333,0.14266666666666666,0.48191666666666666
overall,60,dense_regional_deterministic,mean,tcn,20261002,dragon,0.09614705622738107,0.6205833333333334,0.14375,0.47683333333333333
overall,60,dense_regional_deterministic,mean,tcn,20260930,teamfight,0.03212932558726951,0.5805,0.34025,0.24025000000000002
overall,60,dense_regional_deterministic,mean,tcn,20261001,teamfight,0.0323566557211417,0.5914166666666667,0.3424166666666667,0.24900000000000003
overall,60,dense_regional_deterministic,mean,tcn,20261002,teamfight,0.03367011871684769,0.5838333333333333,0.3401666666666667,0.24366666666666667
overall,60,dense_regional_deterministic,mean,tcn,20260930,macro,0.09628331113954582,0.6146111111111111,0.3005555555555555,0.31405555555555553
overall,60,dense_regional_deterministic,mean,tcn,20261001,macro,0.09496281101787102,0.6177222222222222,0.29933333333333334,0.3183888888888889
overall,60,dense_regional_deterministic,mean,tcn,20261002,macro,0.09770517988216039,0.6144722222222222,0.3002777777777778,0.31419444444444444
overall,60,dense_regional_deterministic,mean,timely_leagueews,20260930,baron,0.1949244060475162,0.6361666666666665,0.4721666666666666,0.164
overall,60,dense_regional_deterministic,mean,timely_leagueews,20261001,baron,0.18890774452329528,0.6294166666666667,0.47591666666666665,0.1535
overall,60,dense_regional_deterministic,mean,timely_leagueews,20261002,baron,0.19214748534402962,0.6354166666666667,0.5013333333333333,0.13408333333333333
overall,60,dense_regional_deterministic,mean,timely_leagueews,20260930,dragon,0.2166784358725395,0.5956666666666667,0.4429166666666667,0.15275
overall,60,dense_regional_deterministic,mean,timely_leagueews,20261001,dragon,0.21612675434725043,0.5974999999999999,0.4575833333333333,0.13991666666666666
overall,60,dense_regional_deterministic,mean,timely_leagueews,20261002,dragon,0.21557507282196134,0.5938333333333333,0.4510833333333333,0.14275
overall,60,dense_regional_deterministic,mean,timely_leagueews,20260930,teamfight,0.051591310937105325,0.6089166666666667,0.5074166666666666,0.1015
overall,60,dense_regional_deterministic,mean,timely_leagueews,20261001,teamfight,0.05031573629704471,0.5855,0.49016666666666664,0.09533333333333333
overall,60,dense_regional_deterministic,mean,timely_leagueews,20261002,teamfight,0.05035362465269007,0.5930000000000001,0.49416666666666664,0.09883333333333333
overall,60,dense_regional_deterministic,mean,timely_leagueews,20260930,macro,0.154398050952387,0.6135833333333333,0.4741666666666666,0.13941666666666666
overall,60,dense_regional_deterministic,mean,timely_leagueews,20261001,macro,0.15178341172253015,0.6041388888888889,0.47455555555555556,0.12958333333333333
overall,60,dense_regional_deterministic,mean,timely_leagueews,20261002,macro,0.15269206093956034,0.6074166666666666,0.4821944444444444,0.1252222222222222
overall,60,dense_regional_deterministic,mean,timely_tcn,20260930,baron,0.17664301141622957,0.6415,0.47733333333333333,0.16416666666666668
overall,60,dense_regional_deterministic,mean,timely_tcn,20261001,baron,0.17880283863005245,0.62975,0.4650833333333334,0.16466666666666668
overall,60,dense_regional_deterministic,mean,timely_tcn,20261002,baron,0.17510027769207037,0.6234999999999999,0.47941666666666666,0.14408333333333334
overall,60,dense_regional_deterministic,mean,timely_tcn,20260930,dragon,0.21422896990025597,0.6023333333333334,0.4564166666666666,0.14591666666666667
overall,60,dense_regional_deterministic,mean,timely_tcn,20261001,dragon,0.21449377703239475,0.5993333333333334,0.42574999999999996,0.1735833333333333
overall,60,dense_regional_deterministic,mean,timely_tcn,20261002,dragon,0.2153544002118457,0.5989166666666668,0.45666666666666667,0.14225
overall,60,dense_regional_deterministic,mean,timely_tcn,20260930,teamfight,0.04943167466531952,0.603,0.5110833333333333,0.09191666666666667
overall,60,dense_regional_deterministic,mean,timely_tcn,20261001,teamfight,0.05018944177822683,0.5988333333333333,0.5005,0.09833333333333334
overall,60,dense_regional_deterministic,mean,timely_tcn,20261002,teamfight,0.04964637534730993,0.5888333333333333,0.4935833333333334,0.09525
overall,60,dense_regional_deterministic,mean,timely_tcn,20260930,macro,0.14676788532726834,0.6156111111111111,0.48161111111111105,0.134
overall,60,dense_regional_deterministic,mean,timely_tcn,20261001,macro,0.14782868581355801,0.6093055555555557,0.4637777777777778,0.14552777777777778
overall,60,dense_regional_deterministic,mean,timely_tcn,20261002,macro,0.146700351083742,0.60375,0.4765555555555556,0.12719444444444444
europe,30,deterministic,0.25,leagueews,20260930,baron,0.09254658385093167,0.20733333333333334,0.11533333333333333,0.092
europe,30,deterministic,0.25,leagueews,20261001,baron,0.08944099378881988,0.18333333333333332,0.09266666666666666,0.09066666666666667
europe,30,deterministic,0.25,leagueews,20261002,baron,0.09565217391304348,0.21266666666666667,0.122,0.09066666666666667
europe,30,deterministic,0.25,leagueews,20260930,dragon,0.024202223019003228,0.144,0.05333333333333334,0.09066666666666667
europe,30,deterministic,0.25,leagueews,20261001,dragon,0.03209035496593761,0.19266666666666668,0.07666666666666666,0.116
europe,30,deterministic,0.25,leagueews,20261002,dragon,0.026174256005736824,0.15933333333333333,0.06,0.09933333333333333
europe,30,deterministic,0.25,leagueews,20260930,teamfight,0.008518741230707557,0.18266666666666667,0.11933333333333333,0.06333333333333334
europe,30,deterministic,0.25,leagueews,20261001,teamfight,0.005612347163760273,0.15133333333333332,0.094,0.05733333333333333
europe,30,deterministic,0.25,leagueews,20261002,teamfight,0.008117859290438966,0.16666666666666666,0.10666666666666667,0.06
europe,30,deterministic,0.25,leagueews,20260930,macro,0.041755849366880815,0.17800000000000002,0.09599999999999999,0.082
europe,30,deterministic,0.25,leagueews,20261001,macro,0.04238123197283925,0.17577777777777778,0.08777777777777777,0.08800000000000001
europe,30,deterministic,0.25,leagueews,20261002,macro,0.043314763069739755,0.17955555555555555,0.09622222222222222,0.08333333333333333
europe,30,deterministic,0.25,tcn,20260930,baron,0.09503105590062112,0.21733333333333332,0.12533333333333332,0.092
europe,30,deterministic,0.25,tcn,20261001,baron,0.09316770186335403,0.214,0.12266666666666666,0.09133333333333334
europe,30,deterministic,0.25,tcn,20261002,baron,0.08881987577639752,0.21333333333333335,0.12666666666666668,0.08666666666666667
europe,30,deterministic,0.25,tcn,20260930,dragon,0.02456077447113661,0.15733333333333333,0.058,0.09933333333333333
europe,30,deterministic,0.25,tcn,20261001,dragon,0.021333811401936176,0.13333333333333333,0.05,0.08333333333333333
europe,30,deterministic,0.25,tcn,20261002,dragon,0.03442093940480459,0.21933333333333332,0.09733333333333333,0.122
europe,30,deterministic,0.25,tcn,20260930,teamfight,0.0072158749248346366,0.14466666666666667,0.09066666666666667,0.054
europe,30,deterministic,0.25,tcn,20261001,teamfight,0.008518741230707557,0.19466666666666665,0.126,0.06866666666666667
europe,30,deterministic,0.25,tcn,20261002,teamfight,0.010523150932050512,0.23533333333333334,0.15533333333333332,0.08
europe,30,deterministic,0.25,tcn,20260930,macro,0.04226923509886412,0.1731111111111111,0.09133333333333334,0.08177777777777777
europe,30,deterministic,0.25,tcn,20261001,macro,0.04100675149866592,0.18066666666666667,0.09955555555555555,0.08111111111111112
europe,30,deterministic,0.25,tcn,20261002,macro,0.04458798870441754,0.22266666666666665,0.12644444444444444,0.09622222222222222
europe,30,deterministic,0.25,timely_leagueews,20260930,baron,0.08819875776397515,0.19933333333333333,0.11266666666666666,0.08666666666666667
europe,30,deterministic,0.25,timely_leagueews,20261001,baron,0.10372670807453416,0.22866666666666666,0.13266666666666665,0.096
europe,30,deterministic,0.25,timely_leagueews,20261002,baron,0.08322981366459627,0.16933333333333334,0.08333333333333333,0.086
europe,30,deterministic,0.25,timely_leagueews,20260930,dragon,0.032628182144137687,0.136,0.1,0.036
europe,30,deterministic,0.25,timely_leagueews,20261001,dragon,0.03316600932233776,0.128,0.10733333333333334,0.020666666666666667
europe,30,deterministic,0.25,timely_leagueews,20261002,dragon,0.04302617425600574,0.17933333333333334,0.13733333333333334,0.042
europe,30,deterministic,0.25,timely_leagueews,20260930,teamfight,0.009320505111244739,0.166,0.13333333333333333,0.03266666666666666
europe,30,deterministic,0.25,timely_leagueews,20261001,teamfight,0.01102425335738625,0.20466666666666666,0.164,0.04066666666666666
europe,30,deterministic,0.25,timely_leagueews,20261002,teamfight,0.00841852074564041,0.14466666666666667,0.11533333333333333,0.029333333333333333
europe,30,deterministic,0.25,timely_leagueews,20260930,macro,0.04338248167311919,0.16711111111111113,0.11533333333333333,0.05177777777777778
europe,30,deterministic,0.25,timely_leagueews,20261001,macro,0.049305656918086055,0.18711111111111112,0.13466666666666668,0.05244444444444444
europe,30,deterministic,0.25,timely_leagueews,20261002,macro,0.04489150288874747,0.16444444444444445,0.112,0.05244444444444444
europe,30,deterministic,0.25,timely_tcn,20260930,baron,0.1,0.246,0.15133333333333332,0.09466666666666666
europe,30,deterministic,0.25,timely_tcn,20261001,baron,0.09440993788819876,0.21533333333333332,0.12333333333333334,0.092
europe,30,deterministic,0.25,timely_tcn,20261002,baron,0.09254658385093167,0.22,0.132,0.088
europe,30,deterministic,0.25,timely_tcn,20260930,dragon,0.03316600932233776,0.14866666666666667,0.11866666666666667,0.03
europe,30,deterministic,0.25,timely_tcn,20261001,dragon,0.02187163858013625,0.09333333333333334,0.06866666666666667,0.024666666666666667
europe,30,deterministic,0.25,timely_tcn,20261002,dragon,0.032448906418070994,0.15333333333333332,0.11866666666666667,0.034666666666666665
europe,30,deterministic,0.25,timely_tcn,20260930,teamfight,0.010322709961916216,0.22133333333333333,0.176,0.04533333333333334
europe,30,deterministic,0.25,timely_tcn,20261001,teamfight,0.007817197835237523,0.146,0.11733333333333333,0.028666666666666667
europe,30,deterministic,0.25,timely_tcn,20261002,teamfight,0.006213670074163159,0.09333333333333334,0.07266666666666667,0.020666666666666667
europe,30,deterministic,0.25,timely_tcn,20260930,macro,0.04782957309475133,0.20533333333333334,0.14866666666666667,0.056666666666666664
europe,30,deterministic,0.25,timely_tcn,20261001,macro,0.04136625810119084,0.15155555555555555,0.10311111111111111,0.04844444444444445
europe,30,deterministic,0.25,timely_tcn,20261002,macro,0.04373638678105527,0.15555555555555553,0.10777777777777779,0.04777777777777777
europe,30,deterministic,0.5,leagueews,20260930,baron,0.1484472049689441,0.456,0.336,0.12
europe,30,deterministic,0.5,leagueews,20261001,baron,0.1484472049689441,0.44666666666666666,0.324,0.12266666666666666
europe,30,deterministic,0.5,leagueews,20261002,baron,0.1515527950310559,0.4706666666666667,0.35,0.12066666666666667
europe,30,deterministic,0.5,leagueews,20260930,dragon,0.04697024022947293,0.292,0.12,0.172
europe,30,deterministic,0.5,leagueews,20261001,dragon,0.057547508067407674,0.36333333333333334,0.164,0.19933333333333333
europe,30,deterministic,0.5,leagueews,20261002,dragon,0.05342416636787379,0.33266666666666667,0.146,0.18666666666666668
europe,30,deterministic,0.5,leagueews,20260930,teamfight,0.013329324513930648,0.3233333333333333,0.22133333333333333,0.102
europe,30,deterministic,0.5,leagueews,20261001,teamfight,0.01192623772299058,0.27666666666666667,0.188,0.08866666666666667
europe,30,deterministic,0.5,leagueews,20261002,teamfight,0.014231308879534978,0.29533333333333334,0.2,0.09533333333333334
europe,30,deterministic,0.5,leagueews,20260930,macro,0.06958225657078256,0.3571111111111111,0.22577777777777777,0.13133333333333333
europe,30,deterministic,0.5,leagueews,20261001,macro,0.07264031691978078,0.3622222222222222,0.2253333333333333,0.1368888888888889
europe,30,deterministic,0.5,leagueews,20261002,macro,0.07306942342615488,0.3662222222222222,0.23199999999999998,0.13422222222222221
europe,30,deterministic,0.5,tcn,20260930,baron,0.1515527950310559,0.4806666666666667,0.36133333333333334,0.11933333333333333
europe,30,deterministic,0.5,tcn,20261001,baron,0.14285714285714285,0.42133333333333334,0.30466666666666664,0.11666666666666667
europe,30,deterministic,0.5,tcn,20261002,baron,0.14472049689440994,0.44133333333333336,0.3253333333333333,0.116
europe,30,deterministic,0.5,tcn,20260930,dragon,0.053782717820007174,0.3353333333333333,0.15266666666666667,0.18266666666666667
europe,30,deterministic,0.5,tcn,20261001,dragon,0.07099318752240946,0.4686666666666667,0.23066666666666666,0.238
europe,30,deterministic,0.5,tcn,20261002,dragon,0.06812477590534241,0.43533333333333335,0.216,0.21933333333333332
europe,30,deterministic,0.5,tcn,20260930,teamfight,0.018841451192623773,0.452,0.32466666666666666,0.12733333333333333
europe,30,deterministic,0.5,tcn,20261001,teamfight,0.015634395670475046,0.356,0.248,0.108
europe,30,deterministic,0.5,tcn,20261002,teamfight,0.016135498095810785,0.414,0.294,0.12
europe,30,deterministic,0.5,tcn,20260930,macro,0.07472565468122895,0.4226666666666667,0.27955555555555556,0.1431111111111111
europe,30,deterministic,0.5,tcn,20261001,macro,0.07649490868334245,0.41533333333333333,0.2611111111111111,0.15422222222222223
europe,30,deterministic,0.5,tcn,20261002,macro,0.07632692363185438,0.43022222222222223,0.27844444444444444,0.15177777777777776
europe,30,deterministic,0.5,timely_leagueews,20260930,baron,0.13975155279503104,0.408,0.28933333333333333,0.11866666666666667
europe,30,deterministic,0.5,timely_leagueews,20261001,baron,0.15590062111801242,0.478,0.35733333333333334,0.12066666666666667
europe,30,deterministic,0.5,timely_leagueews,20261002,baron,0.14347826086956522,0.446,0.32466666666666666,0.12133333333333333
europe,30,deterministic,0.5,timely_leagueews,20260930,dragon,0.06812477590534241,0.382,0.25666666666666665,0.12533333333333332
europe,30,deterministic,0.5,timely_leagueews,20261001,dragon,0.06435998565794192,0.3273333333333333,0.24133333333333334,0.086
europe,30,deterministic,0.5,timely_leagueews,20261002,dragon,0.08425959125134456,0.482,0.3333333333333333,0.14866666666666667
europe,30,deterministic,0.5,timely_leagueews,20260930,teamfight,0.018240128282220887,0.34933333333333333,0.276,0.07333333333333333
europe,30,deterministic,0.5,timely_leagueews,20261001,teamfight,0.0220485067147725,0.44866666666666666,0.368,0.08066666666666666
europe,30,deterministic,0.5,timely_leagueews,20261002,teamfight,0.014932852275005012,0.30666666666666664,0.25,0.056666666666666664
europe,30,deterministic,0.5,timely_leagueews,20260930,macro,0.07537215232753144,0.37977777777777777,0.274,0.10577777777777779
europe,30,deterministic,0.5,timely_leagueews,20261001,macro,0.08076970449690894,0.418,0.32222222222222224,0.09577777777777778
europe,30,deterministic,0.5,timely_leagueews,20261002,macro,0.08089023479863827,0.4115555555555555,0.30266666666666664,0.10888888888888888
europe,30,deterministic,0.5,timely_tcn,20260930,baron,0.13975155279503104,0.4613333333333333,0.3433333333333333,0.118
europe,30,deterministic,0.5,timely_tcn,20261001,baron,0.1391304347826087,0.39866666666666667,0.286,0.11266666666666666
europe,30,deterministic,0.5,timely_tcn,20261002,baron,0.1546583850931677,0.4706666666666667,0.352,0.11866666666666667
europe,30,deterministic,0.5,timely_tcn,20260930,dragon,0.07834349229114378,0.46066666666666667,0.31466666666666665,0.146
europe,30,deterministic,0.5,timely_tcn,20261001,dragon,0.05790605951954105,0.31466666666666665,0.21066666666666667,0.104
europe,30,deterministic,0.5,timely_tcn,20261002,dragon,0.07816421656507709,0.45,0.324,0.126
europe,30,deterministic,0.5,timely_tcn,20260930,teamfight,0.010322709961916216,0.22133333333333333,0.176,0.04533333333333334
europe,30,deterministic,0.5,timely_tcn,20261001,teamfight,0.017338143916616557,0.348,0.2786666666666667,0.06933333333333333
europe,30,deterministic,0.5,timely_tcn,20261002,teamfight,0.011625576267789137,0.22533333333333333,0.17666666666666667,0.048666666666666664
europe,30,deterministic,0.5,timely_tcn,20260930,macro,0.07613925168269702,0.3811111111111111,0.27799999999999997,0.10311111111111111
europe,30,deterministic,0.5,timely_tcn,20261001,macro,0.07145821273958877,0.35377777777777775,0.2584444444444444,0.09533333333333334
europe,30,deterministic,0.5,timely_tcn,20261002,macro,0.08148272597534466,0.38200000000000006,0.2842222222222222,0.09777777777777778
europe,30,deterministic,0.75,leagueews,20260930,baron,0.19130434782608696,0.698,0.5593333333333333,0.13866666666666666
europe,30,deterministic,0.75,leagueews,20261001,baron,0.17515527950310558,0.6106666666666667,0.47733333333333333,0.13333333333333333
europe,30,deterministic,0.75,leagueews,20261002,baron,0.1813664596273292,0.666,0.528,0.138
europe,30,deterministic,0.75,leagueews,20260930,dragon,0.10882036572248117,0.7453333333333333,0.406,0.3393333333333333
europe,30,deterministic,0.75,leagueews,20261001,dragon,0.08981713875941198,0.5726666666666667,0.3006666666666667,0.272
europe,30,deterministic,0.75,leagueews,20261002,dragon,0.09160989602007888,0.568,0.29133333333333333,0.27666666666666667
europe,30,deterministic,0.75,leagueews,20260930,teamfight,0.023251152535578273,0.5433333333333333,0.394,0.14933333333333335
europe,30,deterministic,0.75,leagueews,20261001,teamfight,0.020044097013429546,0.4886666666666667,0.34933333333333333,0.13933333333333334
europe,30,deterministic,0.75,leagueews,20261002,teamfight,0.02034475846863099,0.47933333333333333,0.3446666666666667,0.13466666666666666
europe,30,deterministic,0.75,leagueews,20260930,macro,0.10779195536138213,0.6622222222222223,0.4531111111111111,0.2091111111111111
europe,30,deterministic,0.75,leagueews,20261001,macro,0.09500550509198236,0.5573333333333333,0.37577777777777777,0.18155555555555555
europe,30,deterministic,0.75,leagueews,20261002,macro,0.09777370470534635,0.5711111111111111,0.38800000000000007,0.1831111111111111
europe,30,deterministic,0.75,tcn,20260930,baron,0.18944099378881987,0.72,0.584,0.136
europe,30,deterministic,0.75,tcn,20261001,baron,0.17577639751552795,0.6453333333333333,0.512,0.13333333333333333
europe,30,deterministic,0.75,tcn,20261002,baron,0.18757763975155278,0.7153333333333334,0.5793333333333334,0.136
europe,30,deterministic,0.75,tcn,20260930,dragon,0.08246683399067767,0.5613333333333334,0.29733333333333334,0.264
europe,30,deterministic,0.75,tcn,20261001,dragon,0.10236643958408032,0.67,0.368,0.302
europe,30,deterministic,0.75,tcn,20261002,dragon,0.1064897812836142,0.7173333333333334,0.394,0.3233333333333333
europe,30,deterministic,0.75,tcn,20260930,teamfight,0.018841451192623773,0.452,0.32466666666666666,0.12733333333333333
europe,30,deterministic,0.75,tcn,20261001,teamfight,0.023150932050511126,0.5513333333333333,0.4013333333333333,0.15
europe,30,deterministic,0.75,tcn,20261002,teamfight,0.02555622369212267,0.6366666666666667,0.4666666666666667,0.17
europe,30,deterministic,0.75,tcn,20260930,macro,0.09691642632404042,0.5777777777777778,0.40199999999999997,0.17577777777777778
europe,30,deterministic,0.75,tcn,20261001,macro,0.10043125638337314,0.6222222222222222,0.42711111111111116,0.19511111111111112
europe,30,deterministic,0.75,tcn,20261002,macro,0.10654121490909656,0.6897777777777779,0.48,0.20977777777777776
europe,30,deterministic,0.75,timely_leagueews,20260930,baron,0.18322981366459629,0.672,0.5353333333333333,0.13666666666666666
europe,30,deterministic,0.75,timely_leagueews,20261001,baron,0.184472049689441,0.67,0.5326666666666666,0.13733333333333334
europe,30,deterministic,0.75,timely_leagueews,20261002,baron,0.18385093167701863,0.656,0.52,0.136
europe,30,deterministic,0.75,timely_leagueews,20260930,dragon,0.06812477590534241,0.382,0.25666666666666665,0.12533333333333332
europe,30,deterministic,0.75,timely_leagueews,20261001,dragon,0.11437791323054858,0.6566666666666666,0.45266666666666666,0.204
europe,30,deterministic,0.75,timely_leagueews,20261002,dragon,0.08425959125134456,0.482,0.3333333333333333,0.14866666666666667
europe,30,deterministic,0.75,timely_leagueews,20260930,teamfight,0.02996592503507717,0.6486666666666666,0.5333333333333333,0.11533333333333333
europe,30,deterministic,0.75,timely_leagueews,20261001,teamfight,0.0220485067147725,0.44866666666666666,0.368,0.08066666666666666
europe,30,deterministic,0.75,timely_leagueews,20261002,teamfight,0.026357987572659853,0.578,0.47533333333333333,0.10266666666666667
europe,30,deterministic,0.75,timely_leagueews,20260930,macro,0.09377350486833863,0.5675555555555555,0.4417777777777778,0.1257777777777778
europe,30,deterministic,0.75,timely_leagueews,20261001,macro,0.10696615654492068,0.5917777777777777,0.4511111111111111,0.14066666666666666
europe,30,deterministic,0.75,timely_leagueews,20261002,macro,0.09815617016700767,0.572,0.4428888888888889,0.12911111111111112
europe,30,deterministic,0.75,timely_tcn,20260930,baron,0.18757763975155278,0.6966666666666667,0.5606666666666666,0.136
europe,30,deterministic,0.75,timely_tcn,20261001,baron,0.18198757763975154,0.654,0.5253333333333333,0.12866666666666668
europe,30,deterministic,0.75,timely_tcn,20261002,baron,0.184472049689441,0.668,0.5366666666666666,0.13133333333333333
europe,30,deterministic,0.75,timely_tcn,20260930,dragon,0.07834349229114378,0.46066666666666667,0.31466666666666665,0.146
europe,30,deterministic,0.75,timely_tcn,20261001,dragon,0.10899964144854786,0.6746666666666666,0.42133333333333334,0.25333333333333335
europe,30,deterministic,0.75,timely_tcn,20261002,dragon,0.07816421656507709,0.45,0.324,0.126
europe,30,deterministic,0.75,timely_tcn,20260930,teamfight,0.021346963319302466,0.48133333333333334,0.39466666666666667,0.08666666666666667
europe,30,deterministic,0.75,timely_tcn,20261001,teamfight,0.017338143916616557,0.348,0.2786666666666667,0.06933333333333333
europe,30,deterministic,0.75,timely_tcn,20261002,teamfight,0.022248947684906796,0.4613333333333333,0.38066666666666665,0.08066666666666666
europe,30,deterministic,0.75,timely_tcn,20260930,macro,0.09575603178733301,0.5462222222222223,0.42333333333333334,0.1228888888888889
europe,30,deterministic,0.75,timely_tcn,20261001,macro,0.10277512100163864,0.5588888888888889,0.40844444444444444,0.15044444444444446
europe,30,deterministic,0.75,timely_tcn,20261002,macro,0.0949617379798083,0.5264444444444445,0.4137777777777778,0.11266666666666665
europe,30,deterministic,1.0,leagueews,20260930,baron,0.21428571428571427,0.89,0.7426666666666667,0.14733333333333334
europe,30,deterministic,1.0,leagueews,20261001,baron,0.21677018633540374,0.936,0.79,0.146
europe,30,deterministic,1.0,leagueews,20261002,baron,0.20496894409937888,0.8853333333333333,0.7373333333333333,0.148
europe,30,deterministic,1.0,leagueews,20260930,dragon,0.13947651487988527,0.982,0.586,0.396
europe,30,deterministic,1.0,leagueews,20261001,dragon,0.12101111509501614,0.8286666666666667,0.4686666666666667,0.36
europe,30,deterministic,1.0,leagueews,20261002,dragon,0.1310505557547508,0.8873333333333333,0.516,0.37133333333333335
europe,30,deterministic,1.0,leagueews,20260930,teamfight,0.032872319102024455,0.786,0.5853333333333334,0.20066666666666666
europe,30,deterministic,1.0,leagueews,20261001,teamfight,0.030266586490278614,0.7486666666666667,0.554,0.19466666666666665
europe,30,deterministic,1.0,leagueews,20261002,teamfight,0.029765484064942876,0.722,0.5346666666666666,0.18733333333333332
europe,30,deterministic,1.0,leagueews,20260930,macro,0.12887818275587468,0.886,0.638,0.248
europe,30,deterministic,1.0,leagueews,20261001,macro,0.1226826293068995,0.8377777777777778,0.6042222222222222,0.23355555555555554
europe,30,deterministic,1.0,leagueews,20261002,macro,0.1219283279730242,0.8315555555555555,0.596,0.23555555555555555
europe,30,deterministic,1.0,tcn,20260930,baron,0.21055900621118012,0.8866666666666667,0.7393333333333333,0.14733333333333334
europe,30,deterministic,1.0,tcn,20261001,baron,0.21180124223602484,0.9393333333333334,0.7913333333333333,0.148
europe,30,deterministic,1.0,tcn,20261002,baron,0.21055900621118012,0.9186666666666666,0.772,0.14666666666666667
europe,30,deterministic,1.0,tcn,20260930,dragon,0.12244532090354966,0.81,0.4633333333333333,0.3466666666666667
europe,30,deterministic,1.0,tcn,20261001,dragon,0.13087128002868412,0.8933333333333333,0.5253333333333333,0.368
europe,30,deterministic,1.0,tcn,20261002,dragon,0.14557188956615275,0.9953333333333333,0.6093333333333333,0.386
europe,30,deterministic,1.0,tcn,20260930,teamfight,0.027560633393465626,0.688,0.5113333333333333,0.17666666666666667
europe,30,deterministic,1.0,tcn,20261001,teamfight,0.03257165764682301,0.828,0.6253333333333333,0.20266666666666666
europe,30,deterministic,1.0,tcn,20261002,teamfight,0.02555622369212267,0.6366666666666667,0.4666666666666667,0.17
europe,30,deterministic,1.0,tcn,20260930,macro,0.12018832016939847,0.794888888888889,0.5713333333333334,0.22355555555555554
europe,30,deterministic,1.0,tcn,20261001,macro,0.125081393303844,0.886888888888889,0.6473333333333333,0.23955555555555555
europe,30,deterministic,1.0,tcn,20261002,macro,0.12722903982315184,0.8502222222222221,0.616,0.23422222222222222
europe,30,deterministic,1.0,timely_leagueews,20260930,baron,0.22422360248447204,0.952,0.8013333333333333,0.15066666666666667
europe,30,deterministic,1.0,timely_leagueews,20261001,baron,0.2093167701863354,0.874,0.7286666666666667,0.14533333333333334
europe,30,deterministic,1.0,timely_leagueews,20261002,baron,0.2093167701863354,0.9,0.7526666666666667,0.14733333333333334
europe,30,deterministic,1.0,timely_leagueews,20260930,dragon,0.12298314808174973,0.748,0.49533333333333335,0.25266666666666665
europe,30,deterministic,1.0,timely_leagueews,20261001,dragon,0.11437791323054858,0.6566666666666666,0.45266666666666666,0.204
europe,30,deterministic,1.0,timely_leagueews,20261002,dragon,0.14162782359268555,0.886,0.598,0.288
europe,30,deterministic,1.0,timely_leagueews,20260930,teamfight,0.02996592503507717,0.6486666666666666,0.5333333333333333,0.11533333333333333
europe,30,deterministic,1.0,timely_leagueews,20261001,teamfight,0.03617959510924033,0.858,0.7166666666666667,0.14133333333333334
europe,30,deterministic,1.0,timely_leagueews,20261002,teamfight,0.026357987572659853,0.578,0.47533333333333333,0.10266666666666667
europe,30,deterministic,1.0,timely_leagueews,20260930,macro,0.12572422520043297,0.7828888888888889,0.61,0.17288888888888887
europe,30,deterministic,1.0,timely_leagueews,20261001,macro,0.11995809284204145,0.7962222222222222,0.6326666666666667,0.16355555555555557
europe,30,deterministic,1.0,timely_leagueews,20261002,macro,0.12576752711722694,0.7879999999999999,0.6086666666666667,0.17933333333333334
europe,30,deterministic,1.0,timely_tcn,20260930,baron,0.20683229813664597,0.868,0.726,0.142
europe,30,deterministic,1.0,timely_tcn,20261001,baron,0.21739130434782608,0.9626666666666667,0.8146666666666667,0.148
europe,30,deterministic,1.0,timely_tcn,20261002,baron,0.2111801242236025,0.8826666666666667,0.7373333333333333,0.14533333333333334
europe,30,deterministic,1.0,timely_tcn,20260930,dragon,0.1253137325206167,0.8026666666666666,0.5353333333333333,0.2673333333333333
europe,30,deterministic,1.0,timely_tcn,20261001,dragon,0.10899964144854786,0.6746666666666666,0.42133333333333334,0.25333333333333335
europe,30,deterministic,1.0,timely_tcn,20261002,dragon,0.13822158479741842,0.882,0.5986666666666667,0.2833333333333333
europe,30,deterministic,1.0,timely_tcn,20260930,teamfight,0.03617959510924033,0.88,0.7353333333333333,0.14466666666666667
europe,30,deterministic,1.0,timely_tcn,20261001,teamfight,0.03046702746041291,0.7406666666666667,0.61,0.13066666666666665
europe,30,deterministic,1.0,timely_tcn,20261002,teamfight,0.03477650831830026,0.8993333333333333,0.7513333333333333,0.148
europe,30,deterministic,1.0,timely_tcn,20260930,macro,0.12277520858883434,0.8502222222222221,0.6655555555555556,0.18466666666666667
europe,30,deterministic,1.0,timely_tcn,20261001,macro,0.11895265775226228,0.7926666666666667,0.6153333333333334,0.17733333333333334
europe,30,deterministic,1.0,timely_tcn,20261002,macro,0.12805940577977373,0.888,0.6957777777777777,0.1922222222222222
europe,30,deterministic,mean,leagueews,20260930,baron,0.16164596273291926,0.5628333333333333,0.43833333333333335,0.1245
europe,30,deterministic,mean,leagueews,20261001,baron,0.15745341614906833,0.5441666666666667,0.42100000000000004,0.12316666666666667
europe,30,deterministic,mean,leagueews,20261002,baron,0.15838509316770188,0.5586666666666666,0.43433333333333335,0.12433333333333335
europe,30,deterministic,mean,leagueews,20260930,dragon,0.07986733596271064,0.5408333333333333,0.29133333333333333,0.2495
europe,30,deterministic,mean,leagueews,20261001,dragon,0.07511652922194334,0.48933333333333334,0.2525,0.23683333333333334
europe,30,deterministic,mean,leagueews,20261002,dragon,0.07556471853711008,0.48683333333333334,0.2533333333333333,0.23349999999999999
europe,30,deterministic,mean,leagueews,20260930,teamfight,0.019492884345560235,0.4588333333333333,0.33,0.12883333333333333
europe,30,deterministic,mean,leagueews,20261001,teamfight,0.016962317097614754,0.41633333333333333,0.29633333333333334,0.12
europe,30,deterministic,mean,leagueews,20261002,teamfight,0.01811485267588695,0.41583333333333333,0.2965,0.11933333333333332
europe,30,deterministic,mean,leagueews,20260930,macro,0.08700206101373005,0.5208333333333334,0.35322222222222227,0.16761111111111113
europe,30,deterministic,mean,leagueews,20261001,macro,0.08317742082287548,0.48327777777777775,0.3232777777777778,0.16
europe,30,deterministic,mean,leagueews,20261002,macro,0.08402155479356631,0.4871111111111111,0.32805555555555554,0.15905555555555553
europe,30,deterministic,mean,tcn,20260930,baron,0.16164596273291926,0.5761666666666667,0.4525,0.12366666666666667
europe,30,deterministic,mean,tcn,20261001,baron,0.15590062111801242,0.5549999999999999,0.43266666666666664,0.12233333333333335
europe,30,deterministic,mean,tcn,20261002,baron,0.15791925465838508,0.5721666666666667,0.45083333333333336,0.12133333333333333
europe,30,deterministic,mean,tcn,20260930,dragon,0.07081391179634278,0.466,0.24283333333333335,0.22316666666666668
europe,30,deterministic,mean,tcn,20261001,dragon,0.08139117963427753,0.5413333333333333,0.2935,0.24783333333333332
europe,30,deterministic,mean,tcn,20261002,dragon,0.08865184653997848,0.5918333333333333,0.32916666666666666,0.26266666666666666
europe,30,deterministic,mean,tcn,20260930,teamfight,0.01811485267588695,0.43416666666666665,0.3128333333333333,0.12133333333333332
europe,30,deterministic,mean,tcn,20261001,teamfight,0.019968931649629186,0.48249999999999993,0.3501666666666666,0.13233333333333333
europe,30,deterministic,mean,tcn,20261002,teamfight,0.01944277410302666,0.4806666666666667,0.3456666666666667,0.135
europe,30,deterministic,mean,tcn,20260930,macro,0.083524909068383,0.4921111111111111,0.33605555555555555,0.15605555555555553
europe,30,deterministic,mean,tcn,20261001,macro,0.08575357746730639,0.5262777777777777,0.3587777777777778,0.16749999999999998
europe,30,deterministic,mean,tcn,20261002,macro,0.08867129176713007,0.5482222222222223,0.3752222222222222,0.17300000000000001
europe,30,deterministic,mean,timely_leagueews,20260930,baron,0.15885093167701864,0.5578333333333333,0.43466666666666665,0.12316666666666666
europe,30,deterministic,mean,timely_leagueews,20261001,baron,0.16335403726708075,0.5626666666666666,0.4378333333333333,0.12483333333333332
europe,30,deterministic,mean,timely_leagueews,20261002,baron,0.1549689440993789,0.5428333333333333,0.4201666666666667,0.12266666666666667
europe,30,deterministic,mean,timely_leagueews,20260930,dragon,0.07296522050914306,0.41200000000000003,0.2771666666666667,0.1348333333333333
europe,30,deterministic,mean,timely_leagueews,20261001,dragon,0.08157045536034421,0.4421666666666666,0.3135,0.12866666666666665
europe,30,deterministic,mean,timely_leagueews,20261002,dragon,0.0882932950878451,0.5073333333333333,0.35050000000000003,0.15683333333333332
europe,30,deterministic,mean,timely_leagueews,20260930,teamfight,0.021873120865904993,0.4531666666666666,0.369,0.08416666666666667
europe,30,deterministic,mean,timely_leagueews,20261001,teamfight,0.022825215474042895,0.49,0.4041666666666667,0.08583333333333333
europe,30,deterministic,mean,timely_leagueews,20261002,teamfight,0.01901683704149128,0.40183333333333326,0.329,0.07283333333333333
europe,30,deterministic,mean,timely_leagueews,20260930,macro,0.08456309101735555,0.47433333333333333,0.36027777777777775,0.11405555555555554
europe,30,deterministic,mean,timely_leagueews,20261001,macro,0.08924990270048928,0.49827777777777776,0.38516666666666666,0.11311111111111109
europe,30,deterministic,mean,timely_leagueews,20261002,macro,0.0874263587429051,0.484,0.3665555555555556,0.11744444444444442
europe,30,deterministic,mean,timely_tcn,20260930,baron,0.15854037267080745,0.568,0.4453333333333333,0.12266666666666667
europe,30,deterministic,mean,timely_tcn,20261001,baron,0.15822981366459626,0.5576666666666666,0.43733333333333335,0.12033333333333335
europe,30,deterministic,mean,timely_tcn,20261002,baron,0.1607142857142857,0.5603333333333333,0.4395,0.12083333333333332
europe,30,deterministic,mean,timely_tcn,20260930,dragon,0.0787916816063105,0.4681666666666666,0.3208333333333333,0.14733333333333332
europe,30,deterministic,mean,timely_tcn,20261001,dragon,0.07444424524919326,0.43933333333333335,0.28049999999999997,0.15883333333333333
europe,30,deterministic,mean,timely_tcn,20261002,dragon,0.0817497310864109,0.48383333333333334,0.3413333333333333,0.14250000000000002
europe,30,deterministic,mean,timely_tcn,20260930,teamfight,0.019542994588093804,0.45099999999999996,0.37049999999999994,0.0805
europe,30,deterministic,mean,timely_tcn,20261001,teamfight,0.018240128282220887,0.39566666666666667,0.3211666666666667,0.0745
europe,30,deterministic,mean,timely_tcn,20261002,teamfight,0.018716175586289838,0.41983333333333334,0.3453333333333333,0.0745
europe,30,deterministic,mean,timely_tcn,20260930,macro,0.08562501628840391,0.4957222222222222,0.3788888888888889,0.11683333333333334
europe,30,deterministic,mean,timely_tcn,20261001,macro,0.08363806239867012,0.46422222222222226,0.3463333333333334,0.11788888888888889
europe,30,deterministic,mean,timely_tcn,20261002,macro,0.08706006412899547,0.488,0.3753888888888888,0.1126111111111111
europe,30,regional_deterministic,0.25,leagueews,20260930,baron,0.09254658385093167,0.20733333333333334,0.11533333333333333,0.092
europe,30,regional_deterministic,0.25,leagueews,20261001,baron,0.10248447204968944,0.234,0.13266666666666665,0.10133333333333333
europe,30,regional_deterministic,0.25,leagueews,20261002,baron,0.09565217391304348,0.21266666666666667,0.122,0.09066666666666667
europe,30,regional_deterministic,0.25,leagueews,20260930,dragon,0.024202223019003228,0.144,0.05333333333333334,0.09066666666666667
europe,30,regional_deterministic,0.25,leagueews,20261001,dragon,0.03209035496593761,0.19266666666666668,0.07666666666666666,0.116
europe,30,regional_deterministic,0.25,leagueews,20261002,dragon,0.026174256005736824,0.15933333333333333,0.06,0.09933333333333333
europe,30,regional_deterministic,0.25,leagueews,20260930,teamfight,0.008518741230707557,0.18266666666666667,0.11933333333333333,0.06333333333333334
europe,30,regional_deterministic,0.25,leagueews,20261001,teamfight,0.005612347163760273,0.15133333333333332,0.094,0.05733333333333333
europe,30,regional_deterministic,0.25,leagueews,20261002,teamfight,0.008117859290438966,0.16666666666666666,0.10666666666666667,0.06
europe,30,regional_deterministic,0.25,leagueews,20260930,macro,0.041755849366880815,0.17800000000000002,0.09599999999999999,0.082
europe,30,regional_deterministic,0.25,leagueews,20261001,macro,0.046729058059795776,0.19266666666666668,0.10111111111111111,0.09155555555555556
europe,30,regional_deterministic,0.25,leagueews,20261002,macro,0.043314763069739755,0.17955555555555555,0.09622222222222222,0.08333333333333333
europe,30,regional_deterministic,0.25,tcn,20260930,baron,0.10372670807453416,0.254,0.15266666666666667,0.10133333333333333
europe,30,regional_deterministic,0.25,tcn,20261001,baron,0.09316770186335403,0.214,0.12266666666666666,0.09133333333333334
europe,30,regional_deterministic,0.25,tcn,20261002,baron,0.08881987577639752,0.21333333333333335,0.12666666666666668,0.08666666666666667
europe,30,regional_deterministic,0.25,tcn,20260930,dragon,0.02456077447113661,0.15733333333333333,0.058,0.09933333333333333
europe,30,regional_deterministic,0.25,tcn,20261001,dragon,0.021333811401936176,0.13333333333333333,0.05,0.08333333333333333
europe,30,regional_deterministic,0.25,tcn,20261002,dragon,0.03442093940480459,0.21933333333333332,0.09733333333333333,0.122
europe,30,regional_deterministic,0.25,tcn,20260930,teamfight,0.0072158749248346366,0.14466666666666667,0.09066666666666667,0.054
europe,30,regional_deterministic,0.25,tcn,20261001,teamfight,0.008518741230707557,0.19466666666666665,0.126,0.06866666666666667
europe,30,regional_deterministic,0.25,tcn,20261002,teamfight,0.010523150932050512,0.23533333333333334,0.15533333333333332,0.08
europe,30,regional_deterministic,0.25,tcn,20260930,macro,0.0451677858235018,0.18533333333333335,0.10044444444444445,0.08488888888888889
europe,30,regional_deterministic,0.25,tcn,20261001,macro,0.04100675149866592,0.18066666666666667,0.09955555555555555,0.08111111111111112
europe,30,regional_deterministic,0.25,tcn,20261002,macro,0.04458798870441754,0.22266666666666665,0.12644444444444444,0.09622222222222222
europe,30,regional_deterministic,0.25,timely_leagueews,20260930,baron,0.08819875776397515,0.19933333333333333,0.11266666666666666,0.08666666666666667
europe,30,regional_deterministic,0.25,timely_leagueews,20261001,baron,0.10372670807453416,0.22866666666666666,0.13266666666666665,0.096
europe,30,regional_deterministic,0.25,timely_leagueews,20261002,baron,0.08322981366459627,0.16933333333333334,0.08333333333333333,0.086
europe,30,regional_deterministic,0.25,timely_leagueews,20260930,dragon,0.032628182144137687,0.136,0.1,0.036
europe,30,regional_deterministic,0.25,timely_leagueews,20261001,dragon,0.03316600932233776,0.128,0.10733333333333334,0.020666666666666667
europe,30,regional_deterministic,0.25,timely_leagueews,20261002,dragon,0.04302617425600574,0.17933333333333334,0.13733333333333334,0.042
europe,30,regional_deterministic,0.25,timely_leagueews,20260930,teamfight,0.009320505111244739,0.166,0.13333333333333333,0.03266666666666666
europe,30,regional_deterministic,0.25,timely_leagueews,20261001,teamfight,0.01102425335738625,0.20466666666666666,0.164,0.04066666666666666
europe,30,regional_deterministic,0.25,timely_leagueews,20261002,teamfight,0.00841852074564041,0.14466666666666667,0.11533333333333333,0.029333333333333333
europe,30,regional_deterministic,0.25,timely_leagueews,20260930,macro,0.04338248167311919,0.16711111111111113,0.11533333333333333,0.05177777777777778
europe,30,regional_deterministic,0.25,timely_leagueews,20261001,macro,0.049305656918086055,0.18711111111111112,0.13466666666666668,0.05244444444444444
europe,30,regional_deterministic,0.25,timely_leagueews,20261002,macro,0.04489150288874747,0.16444444444444445,0.112,0.05244444444444444
europe,30,regional_deterministic,0.25,timely_tcn,20260930,baron,0.1,0.246,0.15133333333333332,0.09466666666666666
europe,30,regional_deterministic,0.25,timely_tcn,20261001,baron,0.09440993788819876,0.21533333333333332,0.12333333333333334,0.092
europe,30,regional_deterministic,0.25,timely_tcn,20261002,baron,0.09254658385093167,0.22,0.132,0.088
europe,30,regional_deterministic,0.25,timely_tcn,20260930,dragon,0.03316600932233776,0.14866666666666667,0.11866666666666667,0.03
europe,30,regional_deterministic,0.25,timely_tcn,20261001,dragon,0.02187163858013625,0.09333333333333334,0.06866666666666667,0.024666666666666667
europe,30,regional_deterministic,0.25,timely_tcn,20261002,dragon,0.032448906418070994,0.15333333333333332,0.11866666666666667,0.034666666666666665
europe,30,regional_deterministic,0.25,timely_tcn,20260930,teamfight,0.010322709961916216,0.22133333333333333,0.176,0.04533333333333334
europe,30,regional_deterministic,0.25,timely_tcn,20261001,teamfight,0.007817197835237523,0.146,0.11733333333333333,0.028666666666666667
europe,30,regional_deterministic,0.25,timely_tcn,20261002,teamfight,0.006213670074163159,0.09333333333333334,0.07266666666666667,0.020666666666666667
europe,30,regional_deterministic,0.25,timely_tcn,20260930,macro,0.04782957309475133,0.20533333333333334,0.14866666666666667,0.056666666666666664
europe,30,regional_deterministic,0.25,timely_tcn,20261001,macro,0.04136625810119084,0.15155555555555555,0.10311111111111111,0.04844444444444445
europe,30,regional_deterministic,0.25,timely_tcn,20261002,macro,0.04373638678105527,0.15555555555555553,0.10777777777777779,0.04777777777777777
europe,30,regional_deterministic,0.5,leagueews,20260930,baron,0.1484472049689441,0.456,0.336,0.12
europe,30,regional_deterministic,0.5,leagueews,20261001,baron,0.1484472049689441,0.44666666666666666,0.324,0.12266666666666666
europe,30,regional_deterministic,0.5,leagueews,20261002,baron,0.1515527950310559,0.4706666666666667,0.35,0.12066666666666667
europe,30,regional_deterministic,0.5,leagueews,20260930,dragon,0.04697024022947293,0.292,0.12,0.172
europe,30,regional_deterministic,0.5,leagueews,20261001,dragon,0.057547508067407674,0.36333333333333334,0.164,0.19933333333333333
europe,30,regional_deterministic,0.5,leagueews,20261002,dragon,0.05342416636787379,0.33266666666666667,0.146,0.18666666666666668
europe,30,regional_deterministic,0.5,leagueews,20260930,teamfight,0.013329324513930648,0.3233333333333333,0.22133333333333333,0.102
europe,30,regional_deterministic,0.5,leagueews,20261001,teamfight,0.01192623772299058,0.27666666666666667,0.188,0.08866666666666667
europe,30,regional_deterministic,0.5,leagueews,20261002,teamfight,0.014231308879534978,0.29533333333333334,0.2,0.09533333333333334
europe,30,regional_deterministic,0.5,leagueews,20260930,macro,0.06958225657078256,0.3571111111111111,0.22577777777777777,0.13133333333333333
europe,30,regional_deterministic,0.5,leagueews,20261001,macro,0.07264031691978078,0.3622222222222222,0.2253333333333333,0.1368888888888889
europe,30,regional_deterministic,0.5,leagueews,20261002,macro,0.07306942342615488,0.3662222222222222,0.23199999999999998,0.13422222222222221
europe,30,regional_deterministic,0.5,tcn,20260930,baron,0.1515527950310559,0.4806666666666667,0.36133333333333334,0.11933333333333333
europe,30,regional_deterministic,0.5,tcn,20261001,baron,0.15590062111801242,0.482,0.36133333333333334,0.12066666666666667
europe,30,regional_deterministic,0.5,tcn,20261002,baron,0.14472049689440994,0.44133333333333336,0.3253333333333333,0.116
europe,30,regional_deterministic,0.5,tcn,20260930,dragon,0.053782717820007174,0.3353333333333333,0.15266666666666667,0.18266666666666667
europe,30,regional_deterministic,0.5,tcn,20261001,dragon,0.07099318752240946,0.4686666666666667,0.23066666666666666,0.238
europe,30,regional_deterministic,0.5,tcn,20261002,dragon,0.06812477590534241,0.43533333333333335,0.216,0.21933333333333332
europe,30,regional_deterministic,0.5,tcn,20260930,teamfight,0.018841451192623773,0.452,0.32466666666666666,0.12733333333333333
europe,30,regional_deterministic,0.5,tcn,20261001,teamfight,0.015634395670475046,0.356,0.248,0.108
europe,30,regional_deterministic,0.5,tcn,20261002,teamfight,0.016135498095810785,0.414,0.294,0.12
europe,30,regional_deterministic,0.5,tcn,20260930,macro,0.07472565468122895,0.4226666666666667,0.27955555555555556,0.1431111111111111
europe,30,regional_deterministic,0.5,tcn,20261001,macro,0.08084273477029898,0.43555555555555553,0.27999999999999997,0.15555555555555556
europe,30,regional_deterministic,0.5,tcn,20261002,macro,0.07632692363185438,0.43022222222222223,0.27844444444444444,0.15177777777777776
europe,30,regional_deterministic,0.5,timely_leagueews,20260930,baron,0.15403726708074533,0.4826666666666667,0.3586666666666667,0.124
europe,30,regional_deterministic,0.5,timely_leagueews,20261001,baron,0.15590062111801242,0.478,0.35733333333333334,0.12066666666666667
europe,30,regional_deterministic,0.5,timely_leagueews,20261002,baron,0.14347826086956522,0.446,0.32466666666666666,0.12133333333333333
europe,30,regional_deterministic,0.5,timely_leagueews,20260930,dragon,0.06812477590534241,0.382,0.25666666666666665,0.12533333333333332
europe,30,regional_deterministic,0.5,timely_leagueews,20261001,dragon,0.06435998565794192,0.3273333333333333,0.24133333333333334,0.086
europe,30,regional_deterministic,0.5,timely_leagueews,20261002,dragon,0.08425959125134456,0.482,0.3333333333333333,0.14866666666666667
europe,30,regional_deterministic,0.5,timely_leagueews,20260930,teamfight,0.018240128282220887,0.34933333333333333,0.276,0.07333333333333333
europe,30,regional_deterministic,0.5,timely_leagueews,20261001,teamfight,0.0220485067147725,0.44866666666666666,0.368,0.08066666666666666
europe,30,regional_deterministic,0.5,timely_leagueews,20261002,teamfight,0.014932852275005012,0.30666666666666664,0.25,0.056666666666666664
europe,30,regional_deterministic,0.5,timely_leagueews,20260930,macro,0.0801340570894362,0.4046666666666667,0.2971111111111111,0.10755555555555556
europe,30,regional_deterministic,0.5,timely_leagueews,20261001,macro,0.08076970449690894,0.418,0.32222222222222224,0.09577777777777778
europe,30,regional_deterministic,0.5,timely_leagueews,20261002,macro,0.08089023479863827,0.4115555555555555,0.30266666666666664,0.10888888888888888
europe,30,regional_deterministic,0.5,timely_tcn,20260930,baron,0.13975155279503104,0.4613333333333333,0.3433333333333333,0.118
europe,30,regional_deterministic,0.5,timely_tcn,20261001,baron,0.1546583850931677,0.4746666666666667,0.3586666666666667,0.116
europe,30,regional_deterministic,0.5,timely_tcn,20261002,baron,0.1546583850931677,0.4706666666666667,0.352,0.11866666666666667
europe,30,regional_deterministic,0.5,timely_tcn,20260930,dragon,0.07834349229114378,0.46066666666666667,0.31466666666666665,0.146
europe,30,regional_deterministic,0.5,timely_tcn,20261001,dragon,0.05790605951954105,0.31466666666666665,0.21066666666666667,0.104
europe,30,regional_deterministic,0.5,timely_tcn,20261002,dragon,0.07816421656507709,0.45,0.324,0.126
europe,30,regional_deterministic,0.5,timely_tcn,20260930,teamfight,0.010322709961916216,0.22133333333333333,0.176,0.04533333333333334
europe,30,regional_deterministic,0.5,timely_tcn,20261001,teamfight,0.017338143916616557,0.348,0.2786666666666667,0.06933333333333333
europe,30,regional_deterministic,0.5,timely_tcn,20261002,teamfight,0.011625576267789137,0.22533333333333333,0.17666666666666667,0.048666666666666664
europe,30,regional_deterministic,0.5,timely_tcn,20260930,macro,0.07613925168269702,0.3811111111111111,0.27799999999999997,0.10311111111111111
europe,30,regional_deterministic,0.5,timely_tcn,20261001,macro,0.07663419617644178,0.3791111111111111,0.2826666666666667,0.09644444444444444
europe,30,regional_deterministic,0.5,timely_tcn,20261002,macro,0.08148272597534466,0.38200000000000006,0.2842222222222222,0.09777777777777778
europe,30,regional_deterministic,0.75,leagueews,20260930,baron,0.19130434782608696,0.698,0.5593333333333333,0.13866666666666666
europe,30,regional_deterministic,0.75,leagueews,20261001,baron,0.19254658385093168,0.7006666666666667,0.5633333333333334,0.13733333333333334
europe,30,regional_deterministic,0.75,leagueews,20261002,baron,0.1813664596273292,0.666,0.528,0.138
europe,30,regional_deterministic,0.75,leagueews,20260930,dragon,0.10882036572248117,0.7453333333333333,0.406,0.3393333333333333
europe,30,regional_deterministic,0.75,leagueews,20261001,dragon,0.08981713875941198,0.5726666666666667,0.3006666666666667,0.272
europe,30,regional_deterministic,0.75,leagueews,20261002,dragon,0.09160989602007888,0.568,0.29133333333333333,0.27666666666666667
europe,30,regional_deterministic,0.75,leagueews,20260930,teamfight,0.023251152535578273,0.5433333333333333,0.394,0.14933333333333335
europe,30,regional_deterministic,0.75,leagueews,20261001,teamfight,0.020044097013429546,0.4886666666666667,0.34933333333333333,0.13933333333333334
europe,30,regional_deterministic,0.75,leagueews,20261002,teamfight,0.02034475846863099,0.47933333333333333,0.3446666666666667,0.13466666666666666
europe,30,regional_deterministic,0.75,leagueews,20260930,macro,0.10779195536138213,0.6622222222222223,0.4531111111111111,0.2091111111111111
europe,30,regional_deterministic,0.75,leagueews,20261001,macro,0.10080260654125772,0.5873333333333334,0.40444444444444444,0.18288888888888888
europe,30,regional_deterministic,0.75,leagueews,20261002,macro,0.09777370470534635,0.5711111111111111,0.38800000000000007,0.1831111111111111
europe,30,regional_deterministic,0.75,tcn,20260930,baron,0.18944099378881987,0.72,0.584,0.136
europe,30,regional_deterministic,0.75,tcn,20261001,baron,0.18881987577639753,0.7333333333333333,0.5946666666666667,0.13866666666666666
europe,30,regional_deterministic,0.75,tcn,20261002,baron,0.18757763975155278,0.7153333333333334,0.5793333333333334,0.136
europe,30,regional_deterministic,0.75,tcn,20260930,dragon,0.08246683399067767,0.5613333333333334,0.29733333333333334,0.264
europe,30,regional_deterministic,0.75,tcn,20261001,dragon,0.10236643958408032,0.67,0.368,0.302
europe,30,regional_deterministic,0.75,tcn,20261002,dragon,0.1064897812836142,0.7173333333333334,0.394,0.3233333333333333
europe,30,regional_deterministic,0.75,tcn,20260930,teamfight,0.018841451192623773,0.452,0.32466666666666666,0.12733333333333333
europe,30,regional_deterministic,0.75,tcn,20261001,teamfight,0.023150932050511126,0.5513333333333333,0.4013333333333333,0.15
europe,30,regional_deterministic,0.75,tcn,20261002,teamfight,0.02555622369212267,0.6366666666666667,0.4666666666666667,0.17
europe,30,regional_deterministic,0.75,tcn,20260930,macro,0.09691642632404042,0.5777777777777778,0.40199999999999997,0.17577777777777778
europe,30,regional_deterministic,0.75,tcn,20261001,macro,0.10477908247032965,0.6515555555555556,0.4546666666666666,0.1968888888888889
europe,30,regional_deterministic,0.75,tcn,20261002,macro,0.10654121490909656,0.6897777777777779,0.48,0.20977777777777776
europe,30,regional_deterministic,0.75,timely_leagueews,20260930,baron,0.19751552795031055,0.7433333333333333,0.6013333333333334,0.142
europe,30,regional_deterministic,0.75,timely_leagueews,20261001,baron,0.184472049689441,0.67,0.5326666666666666,0.13733333333333334
europe,30,regional_deterministic,0.75,timely_leagueews,20261002,baron,0.18385093167701863,0.656,0.52,0.136
europe,30,regional_deterministic,0.75,timely_leagueews,20260930,dragon,0.06812477590534241,0.382,0.25666666666666665,0.12533333333333332
europe,30,regional_deterministic,0.75,timely_leagueews,20261001,dragon,0.11437791323054858,0.6566666666666666,0.45266666666666666,0.204
europe,30,regional_deterministic,0.75,timely_leagueews,20261002,dragon,0.08425959125134456,0.482,0.3333333333333333,0.14866666666666667
europe,30,regional_deterministic,0.75,timely_leagueews,20260930,teamfight,0.02996592503507717,0.6486666666666666,0.5333333333333333,0.11533333333333333
europe,30,regional_deterministic,0.75,timely_leagueews,20261001,teamfight,0.0220485067147725,0.44866666666666666,0.368,0.08066666666666666
europe,30,regional_deterministic,0.75,timely_leagueews,20261002,teamfight,0.026357987572659853,0.578,0.47533333333333333,0.10266666666666667
europe,30,regional_deterministic,0.75,timely_leagueews,20260930,macro,0.09853540963024338,0.5913333333333334,0.4637777777777778,0.12755555555555556
europe,30,regional_deterministic,0.75,timely_leagueews,20261001,macro,0.10696615654492068,0.5917777777777777,0.4511111111111111,0.14066666666666666
europe,30,regional_deterministic,0.75,timely_leagueews,20261002,macro,0.09815617016700767,0.572,0.4428888888888889,0.12911111111111112
europe,30,regional_deterministic,0.75,timely_tcn,20260930,baron,0.18757763975155278,0.6966666666666667,0.5606666666666666,0.136
europe,30,regional_deterministic,0.75,timely_tcn,20261001,baron,0.19254658385093168,0.7533333333333333,0.6186666666666667,0.13466666666666666
europe,30,regional_deterministic,0.75,timely_tcn,20261002,baron,0.184472049689441,0.668,0.5366666666666666,0.13133333333333333
europe,30,regional_deterministic,0.75,timely_tcn,20260930,dragon,0.07834349229114378,0.46066666666666667,0.31466666666666665,0.146
europe,30,regional_deterministic,0.75,timely_tcn,20261001,dragon,0.10899964144854786,0.6746666666666666,0.42133333333333334,0.25333333333333335
europe,30,regional_deterministic,0.75,timely_tcn,20261002,dragon,0.07816421656507709,0.45,0.324,0.126
europe,30,regional_deterministic,0.75,timely_tcn,20260930,teamfight,0.021346963319302466,0.48133333333333334,0.39466666666666667,0.08666666666666667
europe,30,regional_deterministic,0.75,timely_tcn,20261001,teamfight,0.017338143916616557,0.348,0.2786666666666667,0.06933333333333333
europe,30,regional_deterministic,0.75,timely_tcn,20261002,teamfight,0.022248947684906796,0.4613333333333333,0.38066666666666665,0.08066666666666666
europe,30,regional_deterministic,0.75,timely_tcn,20260930,macro,0.09575603178733301,0.5462222222222223,0.42333333333333334,0.1228888888888889
europe,30,regional_deterministic,0.75,timely_tcn,20261001,macro,0.1062947897386987,0.592,0.43955555555555553,0.15244444444444447
europe,30,regional_deterministic,0.75,timely_tcn,20261002,macro,0.0949617379798083,0.5264444444444445,0.4137777777777778,0.11266666666666665
europe,30,regional_deterministic,1.0,leagueews,20260930,baron,0.22546583850931676,1.0093333333333334,0.8606666666666667,0.14866666666666667
europe,30,regional_deterministic,1.0,leagueews,20261001,baron,0.21677018633540374,0.936,0.79,0.146
europe,30,regional_deterministic,1.0,leagueews,20261002,baron,0.21987577639751552,1.0066666666666666,0.854,0.15266666666666667
europe,30,regional_deterministic,1.0,leagueews,20260930,dragon,0.13947651487988527,0.982,0.586,0.396
europe,30,regional_deterministic,1.0,leagueews,20261001,dragon,0.12101111509501614,0.8286666666666667,0.4686666666666667,0.36
europe,30,regional_deterministic,1.0,leagueews,20261002,dragon,0.1310505557547508,0.8873333333333333,0.516,0.37133333333333335
europe,30,regional_deterministic,1.0,leagueews,20260930,teamfight,0.032872319102024455,0.786,0.5853333333333334,0.20066666666666666
europe,30,regional_deterministic,1.0,leagueews,20261001,teamfight,0.030266586490278614,0.7486666666666667,0.554,0.19466666666666665
europe,30,regional_deterministic,1.0,leagueews,20261002,teamfight,0.029765484064942876,0.722,0.5346666666666666,0.18733333333333332
europe,30,regional_deterministic,1.0,leagueews,20260930,macro,0.13260489083040883,0.9257777777777778,0.6773333333333333,0.24844444444444444
europe,30,regional_deterministic,1.0,leagueews,20261001,macro,0.1226826293068995,0.8377777777777778,0.6042222222222222,0.23355555555555554
europe,30,regional_deterministic,1.0,leagueews,20261002,macro,0.12689727207240306,0.8719999999999999,0.634888888888889,0.23711111111111113
europe,30,regional_deterministic,1.0,tcn,20260930,baron,0.22236024844720498,0.9913333333333333,0.8393333333333334,0.152
europe,30,regional_deterministic,1.0,tcn,20261001,baron,0.21180124223602484,0.9393333333333334,0.7913333333333333,0.148
europe,30,regional_deterministic,1.0,tcn,20261002,baron,0.21055900621118012,0.9186666666666666,0.772,0.14666666666666667
europe,30,regional_deterministic,1.0,tcn,20260930,dragon,0.12244532090354966,0.81,0.4633333333333333,0.3466666666666667
europe,30,regional_deterministic,1.0,tcn,20261001,dragon,0.13087128002868412,0.8933333333333333,0.5253333333333333,0.368
europe,30,regional_deterministic,1.0,tcn,20261002,dragon,0.14557188956615275,0.9953333333333333,0.6093333333333333,0.386
europe,30,regional_deterministic,1.0,tcn,20260930,teamfight,0.027560633393465626,0.688,0.5113333333333333,0.17666666666666667
europe,30,regional_deterministic,1.0,tcn,20261001,teamfight,0.03257165764682301,0.828,0.6253333333333333,0.20266666666666666
europe,30,regional_deterministic,1.0,tcn,20261002,teamfight,0.02555622369212267,0.6366666666666667,0.4666666666666667,0.17
europe,30,regional_deterministic,1.0,tcn,20260930,macro,0.12412206758140676,0.8297777777777778,0.6046666666666667,0.22511111111111112
europe,30,regional_deterministic,1.0,tcn,20261001,macro,0.125081393303844,0.886888888888889,0.6473333333333333,0.23955555555555555
europe,30,regional_deterministic,1.0,tcn,20261002,macro,0.12722903982315184,0.8502222222222221,0.616,0.23422222222222222
europe,30,regional_deterministic,1.0,timely_leagueews,20260930,baron,0.22422360248447204,0.952,0.8013333333333333,0.15066666666666667
europe,30,regional_deterministic,1.0,timely_leagueews,20261001,baron,0.2217391304347826,0.9846666666666667,0.834,0.15066666666666667
europe,30,regional_deterministic,1.0,timely_leagueews,20261002,baron,0.2093167701863354,0.9,0.7526666666666667,0.14733333333333334
europe,30,regional_deterministic,1.0,timely_leagueews,20260930,dragon,0.12298314808174973,0.748,0.49533333333333335,0.25266666666666665
europe,30,regional_deterministic,1.0,timely_leagueews,20261001,dragon,0.11437791323054858,0.6566666666666666,0.45266666666666666,0.204
europe,30,regional_deterministic,1.0,timely_leagueews,20261002,dragon,0.14162782359268555,0.886,0.598,0.288
europe,30,regional_deterministic,1.0,timely_leagueews,20260930,teamfight,0.02996592503507717,0.6486666666666666,0.5333333333333333,0.11533333333333333
europe,30,regional_deterministic,1.0,timely_leagueews,20261001,teamfight,0.03617959510924033,0.858,0.7166666666666667,0.14133333333333334
europe,30,regional_deterministic,1.0,timely_leagueews,20261002,teamfight,0.026357987572659853,0.578,0.47533333333333333,0.10266666666666667
europe,30,regional_deterministic,1.0,timely_leagueews,20260930,macro,0.12572422520043297,0.7828888888888889,0.61,0.17288888888888887
europe,30,regional_deterministic,1.0,timely_leagueews,20261001,macro,0.12409887959152384,0.8331111111111111,0.6677777777777778,0.16533333333333333
europe,30,regional_deterministic,1.0,timely_leagueews,20261002,macro,0.12576752711722694,0.7879999999999999,0.6086666666666667,0.17933333333333334
europe,30,regional_deterministic,1.0,timely_tcn,20260930,baron,0.2186335403726708,0.966,0.82,0.146
europe,30,regional_deterministic,1.0,timely_tcn,20261001,baron,0.21739130434782608,0.9626666666666667,0.8146666666666667,0.148
europe,30,regional_deterministic,1.0,timely_tcn,20261002,baron,0.2248447204968944,1.0086666666666666,0.8553333333333333,0.15333333333333332
europe,30,regional_deterministic,1.0,timely_tcn,20260930,dragon,0.1253137325206167,0.8026666666666666,0.5353333333333333,0.2673333333333333
europe,30,regional_deterministic,1.0,timely_tcn,20261001,dragon,0.10899964144854786,0.6746666666666666,0.42133333333333334,0.25333333333333335
europe,30,regional_deterministic,1.0,timely_tcn,20261002,dragon,0.13822158479741842,0.882,0.5986666666666667,0.2833333333333333
europe,30,regional_deterministic,1.0,timely_tcn,20260930,teamfight,0.03617959510924033,0.88,0.7353333333333333,0.14466666666666667
europe,30,regional_deterministic,1.0,timely_tcn,20261001,teamfight,0.03046702746041291,0.7406666666666667,0.61,0.13066666666666665
europe,30,regional_deterministic,1.0,timely_tcn,20261002,teamfight,0.03477650831830026,0.8993333333333333,0.7513333333333333,0.148
europe,30,regional_deterministic,1.0,timely_tcn,20260930,macro,0.12670895600084262,0.882888888888889,0.6968888888888888,0.18600000000000003
europe,30,regional_deterministic,1.0,timely_tcn,20261001,macro,0.11895265775226228,0.7926666666666667,0.6153333333333334,0.17733333333333334
europe,30,regional_deterministic,1.0,timely_tcn,20261002,macro,0.13261427120420435,0.93,0.7351111111111112,0.1948888888888889
europe,30,regional_deterministic,mean,leagueews,20260930,baron,0.16444099378881988,0.5926666666666667,0.4678333333333334,0.12483333333333334
europe,30,regional_deterministic,mean,leagueews,20261001,baron,0.16506211180124225,0.5793333333333334,0.4525,0.12683333333333333
europe,30,regional_deterministic,mean,leagueews,20261002,baron,0.16211180124223604,0.589,0.4635,0.1255
europe,30,regional_deterministic,mean,leagueews,20260930,dragon,0.07986733596271064,0.5408333333333333,0.29133333333333333,0.2495
europe,30,regional_deterministic,mean,leagueews,20261001,dragon,0.07511652922194334,0.48933333333333334,0.2525,0.23683333333333334
europe,30,regional_deterministic,mean,leagueews,20261002,dragon,0.07556471853711008,0.48683333333333334,0.2533333333333333,0.23349999999999999
europe,30,regional_deterministic,mean,leagueews,20260930,teamfight,0.019492884345560235,0.4588333333333333,0.33,0.12883333333333333
europe,30,regional_deterministic,mean,leagueews,20261001,teamfight,0.016962317097614754,0.41633333333333333,0.29633333333333334,0.12
europe,30,regional_deterministic,mean,leagueews,20261002,teamfight,0.01811485267588695,0.41583333333333333,0.2965,0.11933333333333332
europe,30,regional_deterministic,mean,leagueews,20260930,macro,0.0879337380323636,0.5307777777777778,0.36305555555555563,0.16772222222222222
europe,30,regional_deterministic,mean,leagueews,20261001,macro,0.08571365270693344,0.49499999999999994,0.3337777777777778,0.16122222222222224
europe,30,regional_deterministic,mean,leagueews,20261002,macro,0.08526379081841103,0.4972222222222222,0.33777777777777773,0.15944444444444442
europe,30,regional_deterministic,mean,tcn,20260930,baron,0.16677018633540375,0.6115,0.4843333333333333,0.12716666666666668
europe,30,regional_deterministic,mean,tcn,20261001,baron,0.1624223602484472,0.5921666666666666,0.4675,0.12466666666666668
europe,30,regional_deterministic,mean,tcn,20261002,baron,0.15791925465838508,0.5721666666666667,0.45083333333333336,0.12133333333333333
europe,30,regional_deterministic,mean,tcn,20260930,dragon,0.07081391179634278,0.466,0.24283333333333335,0.22316666666666668
europe,30,regional_deterministic,mean,tcn,20261001,dragon,0.08139117963427753,0.5413333333333333,0.2935,0.24783333333333332
europe,30,regional_deterministic,mean,tcn,20261002,dragon,0.08865184653997848,0.5918333333333333,0.32916666666666666,0.26266666666666666
europe,30,regional_deterministic,mean,tcn,20260930,teamfight,0.01811485267588695,0.43416666666666665,0.3128333333333333,0.12133333333333332
europe,30,regional_deterministic,mean,tcn,20261001,teamfight,0.019968931649629186,0.48249999999999993,0.3501666666666666,0.13233333333333333
europe,30,regional_deterministic,mean,tcn,20261002,teamfight,0.01944277410302666,0.4806666666666667,0.3456666666666667,0.135
europe,30,regional_deterministic,mean,tcn,20260930,macro,0.0852329836025445,0.5038888888888889,0.3466666666666667,0.15722222222222224
europe,30,regional_deterministic,mean,tcn,20261001,macro,0.08792749051078463,0.5386666666666666,0.3703888888888889,0.16827777777777778
europe,30,regional_deterministic,mean,tcn,20261002,macro,0.08867129176713007,0.5482222222222223,0.3752222222222222,0.17300000000000001
europe,30,regional_deterministic,mean,timely_leagueews,20260930,baron,0.16599378881987575,0.5943333333333334,0.4685,0.12583333333333335
europe,30,regional_deterministic,mean,timely_leagueews,20261001,baron,0.16645962732919256,0.5903333333333334,0.4641666666666666,0.12616666666666665
europe,30,regional_deterministic,mean,timely_leagueews,20261002,baron,0.1549689440993789,0.5428333333333333,0.4201666666666667,0.12266666666666667
europe,30,regional_deterministic,mean,timely_leagueews,20260930,dragon,0.07296522050914306,0.41200000000000003,0.2771666666666667,0.1348333333333333
europe,30,regional_deterministic,mean,timely_leagueews,20261001,dragon,0.08157045536034421,0.4421666666666666,0.3135,0.12866666666666665
europe,30,regional_deterministic,mean,timely_leagueews,20261002,dragon,0.0882932950878451,0.5073333333333333,0.35050000000000003,0.15683333333333332
europe,30,regional_deterministic,mean,timely_leagueews,20260930,teamfight,0.021873120865904993,0.4531666666666666,0.369,0.08416666666666667
europe,30,regional_deterministic,mean,timely_leagueews,20261001,teamfight,0.022825215474042895,0.49,0.4041666666666667,0.08583333333333333
europe,30,regional_deterministic,mean,timely_leagueews,20261002,teamfight,0.01901683704149128,0.40183333333333326,0.329,0.07283333333333333
europe,30,regional_deterministic,mean,timely_leagueews,20260930,macro,0.08694404339830793,0.4865000000000001,0.3715555555555556,0.11494444444444445
europe,30,regional_deterministic,mean,timely_leagueews,20261001,macro,0.09028509938785989,0.5075,0.39394444444444443,0.11355555555555553
europe,30,regional_deterministic,mean,timely_leagueews,20261002,macro,0.0874263587429051,0.484,0.3665555555555556,0.11744444444444442
europe,30,regional_deterministic,mean,timely_tcn,20260930,baron,0.16149068322981366,0.5925,0.4688333333333333,0.12366666666666667
europe,30,regional_deterministic,mean,timely_tcn,20261001,baron,0.16475155279503106,0.6015,0.47883333333333333,0.12266666666666667
europe,30,regional_deterministic,mean,timely_tcn,20261002,baron,0.1641304347826087,0.5918333333333333,0.469,0.12283333333333332
europe,30,regional_deterministic,mean,timely_tcn,20260930,dragon,0.0787916816063105,0.4681666666666666,0.3208333333333333,0.14733333333333332
europe,30,regional_deterministic,mean,timely_tcn,20261001,dragon,0.07444424524919326,0.43933333333333335,0.28049999999999997,0.15883333333333333
europe,30,regional_deterministic,mean,timely_tcn,20261002,dragon,0.0817497310864109,0.48383333333333334,0.3413333333333333,0.14250000000000002
europe,30,regional_deterministic,mean,timely_tcn,20260930,teamfight,0.019542994588093804,0.45099999999999996,0.37049999999999994,0.0805
europe,30,regional_deterministic,mean,timely_tcn,20261001,teamfight,0.018240128282220887,0.39566666666666667,0.3211666666666667,0.0745
europe,30,regional_deterministic,mean,timely_tcn,20261002,teamfight,0.018716175586289838,0.41983333333333334,0.3453333333333333,0.0745
europe,30,regional_deterministic,mean,timely_tcn,20260930,macro,0.08660845314140599,0.5038888888888889,0.3867222222222222,0.11716666666666668
europe,30,regional_deterministic,mean,timely_tcn,20261001,macro,0.0858119754421484,0.4788333333333334,0.3601666666666667,0.11866666666666666
europe,30,regional_deterministic,mean,timely_tcn,20261002,macro,0.08819878048510314,0.4985,0.3852222222222222,0.11327777777777777
europe,30,matched_early_mixture,0.25,leagueews,20260930,baron,0.09899143216632383,0.25090460878885246,0.1560342979635583,0.0948703108252945
europe,30,matched_early_mixture,0.25,leagueews,20261001,baron,0.10420005079775567,0.24809665427509375,0.14834448574969034,0.09975216852540295
europe,30,matched_early_mixture,0.25,leagueews,20261002,baron,0.10359423185510143,0.2442937062937057,0.149055944055944,0.09523776223776215
europe,30,matched_early_mixture,0.25,leagueews,20260930,dragon,0.03726724853509622,0.2552511415525119,0.1390410958904108,0.11621004566210051
europe,30,matched_early_mixture,0.25,leagueews,20261001,dragon,0.03853627772371058,0.2433035714285705,0.10982142857142876,0.13348214285714216
europe,30,matched_early_mixture,0.25,leagueews,20261002,dragon,0.04028931748828265,0.24911750599520247,0.10454676258992816,0.1445707434052747
europe,30,matched_early_mixture,0.25,leagueews,20260930,teamfight,0.010634680811591,0.24514045618247352,0.17676110444177628,0.06837935174069606
europe,30,matched_early_mixture,0.25,leagueews,20261001,teamfight,0.009556280226755295,0.22168803418803362,0.15064102564102588,0.07104700854700846
europe,30,matched_early_mixture,0.25,leagueews,20261002,teamfight,0.010916679167964054,0.2262683438155134,0.1523354297693924,0.0739329140461217
europe,30,matched_early_mixture,0.25,leagueews,20260930,macro,0.04896445383767035,0.2504320688412793,0.15727883276524846,0.09315323607603036
europe,30,matched_early_mixture,0.25,leagueews,20261001,macro,0.05076420291607384,0.23769608663056596,0.13626897998738166,0.10142710664318451
europe,30,matched_early_mixture,0.25,leagueews,20261002,macro,0.05160007617044937,0.23989318536814053,0.13531271213842153,0.10458047322971953
europe,30,matched_early_mixture,0.25,tcn,20260930,baron,0.10411120970127175,0.2558571428571429,0.1543412698412696,0.10151587301587299
europe,30,matched_early_mixture,0.25,tcn,20261001,baron,0.10201196509545396,0.2601145194274026,0.16140286298568488,0.09871165644171774
europe,30,matched_early_mixture,0.25,tcn,20261002,baron,0.09822785909742414,0.251333333333334,0.15909790209790162,0.0922354312354313
europe,30,matched_early_mixture,0.25,tcn,20260930,dragon,0.03839213657092909,0.25397157190635367,0.14527591973244142,0.10869565217391253
europe,30,matched_early_mixture,0.25,tcn,20261001,dragon,0.03824684637700048,0.24359090909090786,0.10551515151515145,0.13807575757575666
europe,30,matched_early_mixture,0.25,tcn,20261002,dragon,0.03938043061935283,0.2539580052493443,0.12017847769028844,0.13377952755905556
europe,30,matched_early_mixture,0.25,tcn,20260930,teamfight,0.01047247765308396,0.2151685393258435,0.1455056179775281,0.06966292134831477
europe,30,matched_early_mixture,0.25,tcn,20261001,teamfight,0.009183738058314756,0.23345864661654134,0.176315789473684,0.05714285714285686
europe,30,matched_early_mixture,0.25,tcn,20261002,teamfight,0.010563673294243727,0.236623345367027,0.15633453670276776,0.08028880866425993
europe,30,matched_early_mixture,0.25,tcn,20260930,macro,0.05099194130842827,0.24166575136311338,0.14837426918374638,0.09329148217936677
europe,30,matched_early_mixture,0.25,tcn,20261001,macro,0.04981418317692307,0.24572135837828393,0.1477446013248401,0.09797675705344373
europe,30,matched_early_mixture,0.25,tcn,20261002,macro,0.0493906543370069,0.24730489464990177,0.14520363883031928,0.10210125581958225
europe,30,matched_early_mixture,0.25,timely_leagueews,20260930,baron,0.10233943941734726,0.24253130287648025,0.148626057529611,0.09390524534686964
europe,30,matched_early_mixture,0.25,timely_leagueews,20261001,baron,0.10469706681992008,0.24733333333333268,0.1521897983392646,0.09514353499406862
europe,30,matched_early_mixture,0.25,timely_leagueews,20261002,baron,0.10201616878635515,0.23200529100529094,0.13619576719576734,0.09580952380952386
europe,30,matched_early_mixture,0.25,timely_leagueews,20260930,dragon,0.05119249267442289,0.26465517241379427,0.18193486590038296,0.08272030651341068
europe,30,matched_early_mixture,0.25,timely_leagueews,20261001,dragon,0.05418560627966228,0.26231780167263946,0.1976272401433687,0.06469056152927093
europe,30,matched_early_mixture,0.25,timely_leagueews,20261002,dragon,0.052220752298644695,0.24682452107279831,0.18103908045977063,0.06578544061302731
europe,30,matched_early_mixture,0.25,timely_leagueews,20260930,teamfight,0.012388400978969013,0.2290573248407649,0.18240339702760108,0.046653927813163645
europe,30,matched_early_mixture,0.25,timely_leagueews,20261001,teamfight,0.012045195828764973,0.2208724985706117,0.18143739279588325,0.03943510577472804
europe,30,matched_early_mixture,0.25,timely_leagueews,20261002,teamfight,0.012151531212332905,0.241378256963162,0.19627493261455456,0.04510332434860699
europe,30,matched_early_mixture,0.25,timely_leagueews,20260930,macro,0.05530677769024639,0.2454146000436798,0.17098810681919838,0.07442649322448132
europe,30,matched_early_mixture,0.25,timely_leagueews,20261001,macro,0.05697595630944912,0.2435078778588613,0.1770848104261722,0.06642306743268919
europe,30,matched_early_mixture,0.25,timely_leagueews,20261002,macro,0.055462817432444245,0.2400693563470838,0.1711699267566975,0.06889942959038604
europe,30,matched_early_mixture,0.25,timely_tcn,20260930,baron,0.10230073295919793,0.25846302250803904,0.16244587352625925,0.09601714898177928
europe,30,matched_early_mixture,0.25,timely_tcn,20261001,baron,0.10570299265951447,0.2592121212121219,0.1616363636363638,0.09757575757575777
europe,30,matched_early_mixture,0.25,timely_tcn,20261002,baron,0.10014727540500724,0.2562542955326453,0.16360137457044632,0.09265292096219889
europe,30,matched_early_mixture,0.25,timely_tcn,20260930,dragon,0.04858764464648153,0.2551699489423764,0.18557257476294647,0.0695973741794306
europe,30,matched_early_mixture,0.25,timely_tcn,20261001,dragon,0.04809726298875736,0.25441833810888115,0.17201337153772656,0.08240496657115504
europe,30,matched_early_mixture,0.25,timely_tcn,20261002,dragon,0.048354463635116966,0.2565514592933933,0.19010752688172056,0.06644393241167373
europe,30,matched_early_mixture,0.25,timely_tcn,20260930,teamfight,0.01035134438622111,0.22200865800865957,0.17656796536796612,0.04544069264069299
europe,30,matched_early_mixture,0.25,timely_tcn,20261001,teamfight,0.011268291106986501,0.22616984402079818,0.1811091854419415,0.04506065857885634
europe,30,matched_early_mixture,0.25,timely_tcn,20261002,teamfight,0.011472608159002461,0.22236842105263213,0.1743421052631577,0.04802631578947366
europe,30,matched_early_mixture,0.25,timely_tcn,20260930,macro,0.0537465739973002,0.2452138764863583,0.17486213788572394,0.0703517386006343
europe,30,matched_early_mixture,0.25,timely_tcn,20261001,macro,0.05502284891841944,0.24660010111393374,0.17158630687201062,0.07501379424192305
europe,30,matched_early_mixture,0.25,timely_tcn,20261002,macro,0.05332478239970889,0.24505805862622354,0.17601700223844152,0.0690410563877821
europe,30,matched_early_mixture,0.5,leagueews,20260930,baron,0.15697379543533377,0.5091229454306391,0.3852307692307703,0.12389217619986918
europe,30,matched_early_mixture,0.5,leagueews,20261001,baron,0.15689244592836285,0.49852437417654816,0.372484848484848,0.1260395256916993
europe,30,matched_early_mixture,0.5,leagueews,20261002,baron,0.15475279503105588,0.48575466666666633,0.3636160000000005,0.1221386666666669
europe,30,matched_early_mixture,0.5,leagueews,20260930,dragon,0.07453449707019244,0.5105022831050238,0.2780821917808216,0.23242009132420102
europe,30,matched_early_mixture,0.5,leagueews,20261001,dragon,0.07738967580682786,0.4920496224379743,0.24803451995685016,0.24401510248112304
europe,30,matched_early_mixture,0.5,leagueews,20261002,dragon,0.07737802019916384,0.5038250106700839,0.26017413572343207,0.24365087494665075
europe,30,matched_early_mixture,0.5,leagueews,20260930,teamfight,0.020831182743692805,0.48613685474189433,0.3523313325330133,0.13380552220888367
europe,30,matched_early_mixture,0.5,leagueews,20261001,teamfight,0.01921679925134661,0.467061571125266,0.33289171974522264,0.13416985138004214
europe,30,matched_early_mixture,0.5,leagueews,20261002,teamfight,0.02039264329457425,0.46456253190403307,0.33273915262889375,0.1318233792751408
europe,30,matched_early_mixture,0.5,leagueews,20260930,macro,0.08411315841640633,0.5019206944258524,0.3385480978482018,0.16337259657765127
europe,30,matched_early_mixture,0.5,leagueews,20261001,macro,0.08449964032884577,0.4858785225799294,0.3178036960623069,0.16807482651762148
europe,30,matched_early_mixture,0.5,leagueews,20261002,macro,0.08417448617493133,0.4847140697469278,0.3188430961174421,0.16587097362948613
europe,30,matched_early_mixture,0.5,tcn,20260930,baron,0.15341614906832285,0.501137254901961,0.3792549019607846,0.12188235294117691
europe,30,matched_early_mixture,0.5,tcn,20261001,baron,0.15577639751552777,0.5170081871345011,0.3929941520467825,0.12401403508771904
europe,30,matched_early_mixture,0.5,tcn,20261002,baron,0.15871954132823698,0.5054871794871774,0.3822051282051282,0.12328205128205143
europe,30,matched_early_mixture,0.5,tcn,20260930,dragon,0.07678427314185818,0.5079431438127073,0.29055183946488283,0.21739130434782505
europe,30,matched_early_mixture,0.5,tcn,20261001,dragon,0.07647182846090515,0.49708920187793726,0.25888732394366154,0.23820187793427447
europe,30,matched_early_mixture,0.5,tcn,20261002,dragon,0.07584727778514917,0.5085511811023616,0.28815748031495936,0.2203937007874013
europe,30,matched_early_mixture,0.5,tcn,20260930,teamfight,0.019107013722519484,0.44630776652194853,0.322150506512301,0.12415726000964786
europe,30,matched_early_mixture,0.5,tcn,20261001,teamfight,0.018367476116629512,0.4669172932330827,0.352631578947368,0.11428571428571371
europe,30,matched_early_mixture,0.5,tcn,20261002,teamfight,0.018333667401616866,0.477155555555556,0.34648888888888685,0.13066666666666615
europe,30,matched_early_mixture,0.5,tcn,20260930,macro,0.08310247864423351,0.48512938841220565,0.33065241597932277,0.15447697243288327
europe,30,matched_early_mixture,0.5,tcn,20261001,macro,0.08353856736435415,0.493671560748507,0.3348376849792707,0.15883387576923574
europe,30,matched_early_mixture,0.5,tcn,20261002,macro,0.08430016217166768,0.49706463871503165,0.3389504991363248,0.1581141395787063
europe,30,matched_early_mixture,0.5,timely_leagueews,20260930,baron,0.15642568995325634,0.5047972508591047,0.37939518900343655,0.1254020618556697
europe,30,matched_early_mixture,0.5,timely_leagueews,20261001,baron,0.15790731008122327,0.4929423076923055,0.37119871794871845,0.1217435897435898
europe,30,matched_early_mixture,0.5,timely_leagueews,20261002,baron,0.15304266634189903,0.4835511982570818,0.35897603485838764,0.12457516339869272
europe,30,matched_early_mixture,0.5,timely_leagueews,20260930,dragon,0.08706995168092337,0.5224190476190466,0.35112380952380956,0.17129523809523667
europe,30,matched_early_mixture,0.5,timely_leagueews,20261001,dragon,0.0912127104795302,0.5041398865784481,0.35479017013232444,0.14934971644612416
europe,30,matched_early_mixture,0.5,timely_leagueews,20261002,dragon,0.08765579060595172,0.5059167999999997,0.3490015999999991,0.15691520000000006
europe,30,matched_early_mixture,0.5,timely_leagueews,20260930,teamfight,0.022474443776307907,0.4574259259259237,0.3689259259259249,0.08849999999999934
europe,30,matched_early_mixture,0.5,timely_leagueews,20261001,teamfight,0.022462773149789457,0.46066666666666695,0.37822149837133634,0.08244516829533173
europe,30,matched_early_mixture,0.5,timely_leagueews,20261002,teamfight,0.022050995259548407,0.47571407072987276,0.39038826185101555,0.08532580887885598
europe,30,matched_early_mixture,0.5,timely_leagueews,20260930,macro,0.08865669513682921,0.49488074146802497,0.36648164148439033,0.12839909998363525
europe,30,matched_early_mixture,0.5,timely_leagueews,20261001,macro,0.09052759790351432,0.4859162869791402,0.3680701288174597,0.11784615816168188
europe,30,matched_early_mixture,0.5,timely_leagueews,20261002,macro,0.08758315073579971,0.48839402299565143,0.36612196556980076,0.12227205742584958
europe,30,matched_early_mixture,0.5,timely_tcn,20260930,baron,0.15181844242713796,0.5207097435897418,0.398168205128204,0.12254153846153819
europe,30,matched_early_mixture,0.5,timely_tcn,20261001,baron,0.15912123303427664,0.5176543209876555,0.3971851851851856,0.12046913580246894
europe,30,matched_early_mixture,0.5,timely_tcn,20261002,baron,0.1595907928388747,0.507725490196077,0.38588235294117584,0.12184313725490184
europe,30,matched_early_mixture,0.5,timely_tcn,20260930,dragon,0.08475640331878417,0.5073603936039374,0.34479458794588014,0.16256580565805698
europe,30,matched_early_mixture,0.5,timely_tcn,20261001,dragon,0.08362353079858713,0.49979908675799106,0.32846270928462634,0.1713363774733634
europe,30,matched_early_mixture,0.5,timely_tcn,20261002,dragon,0.0863015919367644,0.5085331369661297,0.3612155130093291,0.14731762395680004
europe,30,matched_early_mixture,0.5,timely_tcn,20260930,teamfight,0.02108925350055835,0.47525541125540915,0.38955497835497727,0.08570043290043255
europe,30,matched_early_mixture,0.5,timely_tcn,20261001,teamfight,0.02112995836248757,0.461407902058988,0.3743606010016687,0.08704730105731746
europe,30,matched_early_mixture,0.5,timely_tcn,20261002,teamfight,0.021861637268657686,0.45272916666666657,0.3732291666666673,0.07950000000000046
europe,30,matched_early_mixture,0.5,timely_tcn,20260930,macro,0.08588803308216016,0.5011085161496961,0.3775059238096871,0.12360259234000924
europe,30,matched_early_mixture,0.5,timely_tcn,20261001,macro,0.08795824073178377,0.4929537699348782,0.3666694984904935,0.12628427144438326
europe,30,matched_early_mixture,0.5,timely_tcn,20261002,macro,0.08925134068143226,0.4896625979429578,0.37344234420572403,0.1162202537372341
europe,30,matched_early_mixture,0.75,leagueews,20260930,baron,0.19694218824653592,0.7581367521367514,0.6160000000000012,0.14213675213675253
europe,30,matched_early_mixture,0.75,leagueews,20261001,baron,0.1970550776887357,0.7444668769716066,0.6055205047318608,0.13894637223974776
europe,30,matched_early_mixture,0.75,leagueews,20261002,baron,0.19164941338854374,0.7561358024691371,0.6126172839506168,0.1435185185185185
europe,30,matched_early_mixture,0.75,leagueews,20260930,dragon,0.11154132570686615,0.7663392504930974,0.42197633136094675,0.3443629191321509
europe,30,matched_early_mixture,0.75,leagueews,20261001,dragon,0.11296397337365721,0.7626260869565188,0.42532753623188346,0.3372985507246361
europe,30,matched_early_mixture,0.75,leagueews,20261002,dragon,0.11465061433498845,0.7701502347417876,0.43783098591549463,0.3323192488262925
europe,30,matched_early_mixture,0.75,leagueews,20260930,teamfight,0.02966526357987573,0.7051111111111111,0.5215555555555556,0.1835555555555553
europe,30,matched_early_mixture,0.75,leagueews,20261001,teamfight,0.027959026788958268,0.6899759217456736,0.5077998495109117,0.18217607223476354
europe,30,matched_early_mixture,0.75,leagueews,20261002,teamfight,0.029313494281600273,0.709585502807553,0.5249290454313409,0.18465645737621256
europe,30,matched_early_mixture,0.75,leagueews,20260930,macro,0.11271625917775928,0.7431957045803199,0.5198439623055012,0.22335174227481958
europe,30,matched_early_mixture,0.75,leagueews,20261001,macro,0.11265935928378373,0.7323562952245997,0.5128826301582187,0.21947366506638247
europe,30,matched_early_mixture,0.75,leagueews,20261002,macro,0.11187117400171083,0.7452905133394926,0.5251257717658174,0.2201647415736745
europe,30,matched_early_mixture,0.75,tcn,20260930,baron,0.19385940146809724,0.7618257575757559,0.625106060606062,0.1367196969696971
europe,30,matched_early_mixture,0.75,tcn,20261001,baron,0.19253164286781493,0.7666048109965661,0.6264306987399787,0.14017411225658677
europe,30,matched_early_mixture,0.75,tcn,20261002,baron,0.19675658789371164,0.7965463510848119,0.656285996055228,0.14026035502958573
europe,30,matched_early_mixture,0.75,tcn,20260930,dragon,0.11517640971278657,0.7619147157190621,0.4358277591973225,0.3260869565217381
europe,30,matched_early_mixture,0.75,tcn,20261001,dragon,0.11349252246729637,0.7571720430107556,0.42941075268817075,0.32776129032258094
europe,30,matched_early_mixture,0.75,tcn,20261002,dragon,0.11231412495094623,0.7631443569553824,0.45613648293963227,0.3070078740157478
europe,30,matched_early_mixture,0.75,tcn,20260930,teamfight,0.027319727133412755,0.6811123974915583,0.505942112879884,0.17517028461167436
europe,30,matched_early_mixture,0.75,tcn,20261001,teamfight,0.027551214174944254,0.7003759398496243,0.5289473684210539,0.17142857142857246
europe,30,matched_early_mixture,0.75,tcn,20261002,teamfight,0.026576802298389747,0.7139888888888912,0.5433222222222276,0.17066666666666624
europe,30,matched_early_mixture,0.75,tcn,20260930,macro,0.11211851277143219,0.7349509569287921,0.5222919775610895,0.21265897936770317
europe,30,matched_early_mixture,0.75,tcn,20261001,macro,0.11119179317001852,0.7413842646189819,0.5282629399497345,0.21312132466924671
europe,30,matched_early_mixture,0.75,tcn,20261002,macro,0.11188250504768255,0.7578931989763618,0.5519149004056959,0.2059782985706666
europe,30,matched_early_mixture,0.75,timely_leagueews,20260930,baron,0.20014173162699567,0.7630648769574967,0.6206621923937358,0.14240268456375837
europe,30,matched_early_mixture,0.75,timely_leagueews,20261001,baron,0.1937410415671286,0.7597692307692341,0.6187948717948735,0.1409743589743592
europe,30,matched_early_mixture,0.75,timely_leagueews,20261002,baron,0.19170280089065977,0.7616268343815499,0.6205702306079655,0.14105660377358498
europe,30,matched_early_mixture,0.75,timely_leagueews,20260930,dragon,0.12106249194811444,0.7743670995670979,0.5206043290043313,0.2537627705627722
europe,30,matched_early_mixture,0.75,timely_leagueews,20261001,dragon,0.12607275241119428,0.7464508393285352,0.5125227817745819,0.23392805755395724
europe,30,matched_early_mixture,0.75,timely_leagueews,20261002,dragon,0.12207673001075686,0.7483168000000037,0.5078016000000019,0.24051520000000226
europe,30,matched_early_mixture,0.75,timely_leagueews,20260930,teamfight,0.03149157061197281,0.7002489959839379,0.5775140562249006,0.12273493975903588
europe,30,matched_early_mixture,0.75,timely_leagueews,20261001,teamfight,0.031093323879309725,0.7106666666666663,0.59116938110749,0.11949728555917451
europe,30,matched_early_mixture,0.75,timely_leagueews,20261002,teamfight,0.030547596869976764,0.7069237472766866,0.5872636165577318,0.11966013071895475
europe,30,matched_early_mixture,0.75,timely_leagueews,20260930,macro,0.11756526472902766,0.7458936575028442,0.5729268592076558,0.1729667982951888
europe,30,matched_early_mixture,0.75,timely_leagueews,20261001,macro,0.11696903928587754,0.7389622455881453,0.5741623448923151,0.1647999006958303
europe,30,matched_early_mixture,0.75,timely_leagueews,20261002,macro,0.11477570925713114,0.7389557938860801,0.5718784823885664,0.167077311497514
europe,30,matched_early_mixture,0.75,timely_tcn,20260930,baron,0.1986256112065547,0.765319148936172,0.6261985815602843,0.1391205673758865
europe,30,matched_early_mixture,0.75,timely_tcn,20261001,baron,0.19629830338905327,0.7855480984340064,0.6481968680089483,0.1373512304250559
europe,30,matched_early_mixture,0.75,timely_tcn,20261002,baron,0.19617647058823529,0.7620745098039251,0.6246058823529433,0.13746862745098046
europe,30,matched_early_mixture,0.75,timely_tcn,20260930,dragon,0.11725426325615004,0.7439840098400995,0.497469864698647,0.24651414514145084
europe,30,matched_early_mixture,0.75,timely_tcn,20261001,dragon,0.11806657269016736,0.7477442922374421,0.4862252663622531,0.2615190258751908
europe,30,matched_early_mixture,0.75,timely_tcn,20261002,dragon,0.11947024154961791,0.7471192930780556,0.5129091801669111,0.23421011291114338
europe,30,matched_early_mixture,0.75,timely_tcn,20260930,teamfight,0.0305171377029465,0.7278063063063072,0.6052815315315303,0.12252477477477468
europe,30,matched_early_mixture,0.75,timely_tcn,20261001,teamfight,0.029349209328971154,0.707234279354482,0.5817896494156929,0.1254446299387866
europe,30,matched_early_mixture,0.75,timely_tcn,20261002,teamfight,0.029543220892414953,0.7163623655913979,0.596490322580648,0.11987204301075251
europe,30,matched_early_mixture,0.75,timely_tcn,20260930,macro,0.11546567072188374,0.7457031550275263,0.5763166592634872,0.16938649576403733
europe,30,matched_early_mixture,0.75,timely_tcn,20261001,macro,0.1145713618027306,0.7468422233419768,0.5720705945956314,0.17477162874634444
europe,30,matched_early_mixture,0.75,timely_tcn,20261002,macro,0.11506331101008939,0.7418520561577928,0.5780017950335008,0.1638502611242921
europe,30,matched_early_mixture,1.0,leagueews,20260930,baron,0.22520988328441732,1.0090293040293,0.8584981684981656,0.15053113553113542
europe,30,matched_early_mixture,1.0,leagueews,20261001,baron,0.22364117480430296,1.0129588431590704,0.8640956618464991,0.14886318131256973
europe,30,matched_early_mixture,1.0,leagueews,20261002,baron,0.22017848734219772,1.0100000000000036,0.857194945848376,0.1528050541516245
europe,30,matched_early_mixture,1.0,leagueews,20260930,dragon,0.14497072206833275,1.025398527865412,0.6222124079915868,0.40318611987381997
europe,30,matched_early_mixture,1.0,leagueews,20261001,dragon,0.14525981700596252,1.0030370370370325,0.6044691358024685,0.3985679012345663
europe,30,matched_early_mixture,1.0,leagueews,20261002,dragon,0.14637004798486475,1.0217482269503497,0.6262127659574482,0.3955354609929057
europe,30,matched_early_mixture,1.0,leagueews,20260930,teamfight,0.03792087612668196,0.9452881806108941,0.7168924302788867,0.2283957503320064
europe,30,matched_early_mixture,1.0,leagueews,20261001,teamfight,0.0356476948777974,0.927331069609502,0.7030945104697208,0.22423655913978383
europe,30,matched_early_mixture,1.0,leagueews,20261002,teamfight,0.03680549315774395,0.9466028097062545,0.7215325670498051,0.22507024265644882
europe,30,matched_early_mixture,1.0,leagueews,20260930,macro,0.1360338271598107,0.993238670835202,0.7325343355895465,0.26070433524565395
europe,30,matched_early_mixture,1.0,leagueews,20261001,macro,0.1348495622293543,0.9811089832685349,0.7238864360395628,0.25722254722897325
europe,30,matched_early_mixture,1.0,leagueews,20261002,macro,0.1344513428282688,0.9927836788855359,0.7349800929518765,0.25780358593365965
europe,30,matched_early_mixture,1.0,tcn,20260930,baron,0.2229712942756421,0.9985009009008983,0.8463135135135122,0.15218738738738738
europe,30,matched_early_mixture,1.0,tcn,20261001,baron,0.2195765028464424,1.0236105877074921,0.8726720502467468,0.1509385374607443
europe,30,matched_early_mixture,1.0,tcn,20261002,baron,0.21941251158162042,1.0231970534069947,0.8714622467771613,0.1517348066298342
europe,30,matched_early_mixture,1.0,tcn,20260930,dragon,0.14782666598371133,1.0132457142857139,0.6214133333333329,0.39183238095237977
europe,30,matched_early_mixture,1.0,tcn,20261001,dragon,0.14615275212403697,1.0104886606760783,0.6229097133076569,0.3875789473684203
europe,30,matched_early_mixture,1.0,tcn,20261002,dragon,0.14833273574757977,1.0167047619047604,0.6276317460317461,0.38907301587301457
europe,30,matched_early_mixture,1.0,tcn,20260930,teamfight,0.03540097272614313,0.9270029603315558,0.7134837181764346,0.21351924215512114
europe,30,matched_early_mixture,1.0,tcn,20261001,teamfight,0.03626920943867934,0.9388128834355807,0.7205020449897752,0.21831083844580682
europe,30,matched_early_mixture,1.0,tcn,20261002,teamfight,0.034819937195162624,0.9508222222222252,0.7401555555555626,0.2106666666666677
europe,30,matched_early_mixture,1.0,tcn,20260930,macro,0.13539964432849885,0.9795831918393895,0.7270701883410933,0.2525130034982961
europe,30,matched_early_mixture,1.0,tcn,20261001,macro,0.13399948813638624,0.9909707106063838,0.7386946028480597,0.2522761077583238
europe,30,matched_early_mixture,1.0,tcn,20261002,macro,0.13418839484145428,0.9969080125113269,0.74641651612149,0.2504914963898388
europe,30,matched_early_mixture,1.0,timely_leagueews,20260930,baron,0.2285678793256434,1.0012800000000015,0.8492419047619063,0.15203809523809528
europe,30,matched_early_mixture,1.0,timely_leagueews,20261001,baron,0.22439369663981745,1.0118551236749103,0.8600777385158999,0.15177738515901068
europe,30,matched_early_mixture,1.0,timely_leagueews,20261002,baron,0.2208818685134841,1.0149222577209758,0.8627838125665576,0.1521384451544192
europe,30,matched_early_mixture,1.0,timely_leagueews,20260930,dragon,0.155055032215305,1.0263151515151525,0.6900848484848493,0.3362303030303028
europe,30,matched_early_mixture,1.0,timely_leagueews,20261001,dragon,0.15980786543228703,1.0054436450839324,0.6851846522781792,0.3202589928057564
europe,30,matched_early_mixture,1.0,timely_leagueews,20261002,dragon,0.15442385041659423,0.9950693069306847,0.676772277227723,0.318297029702967
europe,30,matched_early_mixture,1.0,timely_leagueews,20260930,teamfight,0.0390194270769187,0.9547670682730971,0.7955110441767097,0.15925602409638603
europe,30,matched_early_mixture,1.0,timely_leagueews,20261001,teamfight,0.03968809768949702,0.9620462859275833,0.8055371407241501,0.156509145203433
europe,30,matched_early_mixture,1.0,timely_leagueews,20261002,teamfight,0.03810097901658164,0.9393583877995596,0.7890610021786459,0.15029738562091496
europe,30,matched_early_mixture,1.0,timely_leagueews,20260930,macro,0.14088077953928904,0.994120739929417,0.7782792658078218,0.2158414741215947
europe,30,matched_early_mixture,1.0,timely_leagueews,20261001,macro,0.14129655325386717,0.9931150182288087,0.7835998438394096,0.20951517438940004
europe,30,matched_early_mixture,1.0,timely_leagueews,20261002,macro,0.13780223264888666,0.9831166508170733,0.7762056973243089,0.20691095349276709
europe,30,matched_early_mixture,1.0,timely_tcn,20260930,baron,0.22224025974025974,1.0116250000000018,0.863136363636365,0.14848863636363646
europe,30,matched_early_mixture,1.0,timely_tcn,20261001,baron,0.22306568649573053,1.0217233906947103,0.8709649458253664,0.15075844486934348
europe,30,matched_early_mixture,1.0,timely_tcn,20261002,baron,0.22531902879728966,1.0171939393939398,0.8637757575757589,0.15341818181818181
europe,30,matched_early_mixture,1.0,timely_tcn,20260930,dragon,0.1511727105253397,0.9960689655172402,0.6718314176245214,0.3242375478927194
europe,30,matched_early_mixture,1.0,timely_tcn,20261001,dragon,0.15250961458174705,0.9956894977168953,0.6439878234398778,0.3517016742770166
europe,30,matched_early_mixture,1.0,timely_tcn,20261002,dragon,0.1515943385333424,0.9902983050847467,0.6758384180790967,0.3144598870056499
europe,30,matched_early_mixture,1.0,timely_tcn,20260930,teamfight,0.03919818086774072,0.9788262719074355,0.8214323634507417,0.1573939084566958
europe,30,matched_early_mixture,1.0,timely_tcn,20261001,teamfight,0.03731296409705041,0.9613947772657504,0.8023594470046117,0.15903533026113703
europe,30,matched_early_mixture,1.0,timely_tcn,20261002,teamfight,0.03711672172285528,0.9718124098124079,0.8143549783549702,0.15745743145743077
europe,30,matched_early_mixture,1.0,timely_tcn,20260930,macro,0.13753705037778005,0.9955067458082257,0.7854667149038761,0.21004003090435056
europe,30,matched_early_mixture,1.0,timely_tcn,20261001,macro,0.1376294217248427,0.9929358885591187,0.7724374054232853,0.22049848313583234
europe,30,matched_early_mixture,1.0,timely_tcn,20261002,macro,0.1380100296844958,0.9931015514303647,0.7846563846699418,0.20844516676042082
europe,30,matched_early_mixture,mean,leagueews,20260930,baron,0.16952932478315272,0.6317984025963856,0.5039408089231239,0.1278575936732629
europe,30,matched_early_mixture,mean,leagueews,20261001,baron,0.1704471873047893,0.6260116871455798,0.4976113752032245,0.12840031194235493
europe,30,matched_early_mixture,mean,leagueews,20261002,baron,0.1675437319042247,0.6240460438573783,0.49562104346373426,0.12842500039364302
europe,30,matched_early_mixture,mean,leagueews,20260930,dragon,0.09207844834512188,0.6393728007540114,0.36532800675594146,0.2740447939980681
europe,30,matched_early_mixture,mean,leagueews,20261001,dragon,0.09353743597753955,0.625254079465024,0.34691315514065774,0.2783409243243669
europe,30,matched_early_mixture,mean,leagueews,20261002,dragon,0.09467200000182492,0.6362102445893559,0.3571911625465758,0.2790190820427809
europe,30,matched_early_mixture,mean,leagueews,20260930,teamfight,0.024763000815460373,0.5954191506615933,0.441885105702308,0.15353404495928535
europe,30,matched_early_mixture,mean,leagueews,20261001,teamfight,0.023094950286214392,0.5765141491671187,0.4236067763417203,0.15290737282539948
europe,30,matched_early_mixture,mean,leagueews,20261002,teamfight,0.024357077475470633,0.5867547970583384,0.4328840487198581,0.15387074833848097
europe,30,matched_early_mixture,mean,leagueews,20260930,macro,0.09545692464791167,0.6221967846706634,0.4370513071271245,0.1851454775435388
europe,30,matched_early_mixture,mean,leagueews,20261001,macro,0.09569319118951441,0.6092599719259075,0.42271043556186755,0.18654953636404045
europe,30,matched_early_mixture,mean,leagueews,20261002,macro,0.09552426979384009,0.6156703618350242,0.4285654182433894,0.187104943591635
europe,30,matched_early_mixture,mean,tcn,20260930,baron,0.1685895136283335,0.6293302640589395,0.5012539364804072,0.1280763275785336
europe,30,matched_early_mixture,mean,tcn,20261001,baron,0.16747412708130976,0.6418345263164905,0.5133749410047982,0.12845958531169197
europe,30,matched_early_mixture,mean,tcn,20261002,baron,0.1682791249752483,0.6441409793280795,0.5172628182838548,0.12687816104422567
europe,30,matched_early_mixture,mean,tcn,20260930,dragon,0.09454487135232129,0.6342687864309593,0.37326721293199494,0.26100157349896386
europe,30,matched_early_mixture,mean,tcn,20261001,dragon,0.09359098735730975,0.6270852036639197,0.3541807353636601,0.2729044683002581
europe,30,matched_early_mixture,mean,tcn,20261002,dragon,0.09396864227575699,0.6355895763029622,0.3730260467441565,0.2625635295588048
europe,30,matched_early_mixture,mean,tcn,20260930,teamfight,0.02307504780878983,0.5673979159177266,0.4217704888865369,0.14562742703118953
europe,30,matched_early_mixture,mean,tcn,20261001,teamfight,0.022842909447141964,0.5848911907837072,0.44459919545797033,0.14029199532573747
europe,30,matched_early_mixture,mean,tcn,20261002,teamfight,0.02257352004735324,0.5946475030084248,0.4465753008423612,0.148072202166065
europe,30,matched_early_mixture,mean,tcn,20260930,macro,0.0954031442631482,0.6103323221358751,0.432097212766313,0.17823510936956233
europe,30,matched_early_mixture,mean,tcn,20261001,macro,0.0946360079619205,0.6179369735880392,0.4373849572754762,0.18055201631256249
europe,30,matched_early_mixture,mean,tcn,20261002,macro,0.09494042909945284,0.6247926862131555,0.44562138862345746,0.1791712975896985
europe,30,matched_early_mixture,mean,timely_leagueews,20260930,baron,0.17186868508081066,0.6279183576732708,0.4994813359221725,0.12843702175109825
europe,30,matched_early_mixture,mean,timely_leagueews,20261001,baron,0.17018477877702234,0.6279749988674457,0.500565281649689,0.12740971721775707
europe,30,matched_early_mixture,mean,timely_leagueews,20261002,baron,0.16691087613309952,0.6230263953412245,0.4946314613071695,0.1283949340340552
europe,30,matched_early_mixture,mean,timely_leagueews,20260930,dragon,0.10359499212969142,0.6469391177787729,0.4359369632283433,0.2110021545504306
europe,30,matched_early_mixture,mean,timely_leagueews,20261001,dragon,0.10781973365066845,0.6295880431658888,0.43753121108211357,0.1920568320837772
europe,30,matched_early_mixture,mean,timely_leagueews,20261002,dragon,0.10409428083298689,0.6240318570008716,0.4286536394218736,0.19537821757899915
europe,30,matched_early_mixture,mean,timely_leagueews,20260930,teamfight,0.02634346061104211,0.5853748287559308,0.4810886058387841,0.10428622291714623
europe,30,matched_early_mixture,mean,timely_leagueews,20261001,teamfight,0.026322347636840295,0.5885630294578821,0.4890913532497149,0.09947167620816683
europe,30,matched_early_mixture,mean,timely_leagueews,20261002,teamfight,0.02571277558960993,0.5908436156923202,0.490746953300487,0.10009666239183318
europe,30,matched_early_mixture,mean,timely_leagueews,20260930,macro,0.10060237927384806,0.6200774347359915,0.4721689683297667,0.14790846640622504
europe,30,matched_early_mixture,mean,timely_leagueews,20261001,macro,0.10144228668817702,0.6153753571637388,0.4757292819938392,0.13964607516990038
europe,30,matched_early_mixture,mean,timely_leagueews,20261002,macro,0.09890597751856545,0.6126339560114721,0.4713440180098434,0.14128993800162917
europe,30,matched_early_mixture,mean,timely_tcn,20260930,baron,0.1687462615832876,0.6390292287584887,0.5124872559627781,0.1265419727957101
europe,30,matched_early_mixture,mean,timely_tcn,20261001,baron,0.17104705389464372,0.6460344828321236,0.519495840663966,0.12653864216815652
europe,30,matched_early_mixture,mean,timely_tcn,20261002,baron,0.17030839190735172,0.6358120587316468,0.5094663418600811,0.12634571687156573
europe,30,matched_early_mixture,mean,timely_tcn,20260930,dragon,0.10044275543668886,0.6256458294759133,0.4249171112579988,0.20072871821791446
europe,30,matched_early_mixture,mean,timely_tcn,20261001,dragon,0.10057424526481473,0.6244128037053024,0.4076722926561209,0.21674051104918146
europe,30,matched_early_mixture,mean,timely_tcn,20261002,dragon,0.1014301589137104,0.6256255486055813,0.4350176595342644,0.19060788907131676
europe,30,matched_early_mixture,mean,timely_tcn,20260930,teamfight,0.025288979114366672,0.6009741618694528,0.49820920967630383,0.10276495219314902
europe,30,matched_early_mixture,mean,timely_tcn,20261001,teamfight,0.024765105723873908,0.5890517006750047,0.4849047207159787,0.10414697995902436
europe,30,matched_early_mixture,mean,timely_tcn,20261002,teamfight,0.024998547010732595,0.5908180907807761,0.4896041432163608,0.10121394756441435
europe,30,matched_early_mixture,mean,timely_tcn,20260930,macro,0.09815933204478104,0.6218830733679516,0.4785378589656936,0.14334521440225786
europe,30,matched_early_mixture,mean,timely_tcn,20261001,macro,0.09879546829444412,0.619832995737477,0.4706909513453552,0.14914204439212078
europe,30,matched_early_mixture,mean,timely_tcn,20261002,macro,0.09891236594393159,0.6174185660393346,0.4780293815369021,0.1393891845024323
europe,30,dense_deterministic,0.25,leagueews,20260930,baron,0.09937888198757763,0.232,0.136,0.096
europe,30,dense_deterministic,0.25,leagueews,20261001,baron,0.10186335403726708,0.22466666666666665,0.12533333333333332,0.09933333333333333
europe,30,dense_deterministic,0.25,leagueews,20261002,baron,0.10372670807453416,0.238,0.14466666666666667,0.09333333333333334
europe,30,dense_deterministic,0.25,leagueews,20260930,dragon,0.03728935102187164,0.22266666666666668,0.08866666666666667,0.134
europe,30,dense_deterministic,0.25,leagueews,20261001,dragon,0.03872355683040516,0.242,0.098,0.144
europe,30,dense_deterministic,0.25,leagueews,20261002,dragon,0.039978486912871994,0.22933333333333333,0.096,0.13333333333333333
europe,30,dense_deterministic,0.25,leagueews,20260930,teamfight,0.009921828021647625,0.218,0.144,0.074
europe,30,dense_deterministic,0.25,leagueews,20261001,teamfight,0.00972138705151333,0.22333333333333333,0.144,0.07933333333333334
europe,30,dense_deterministic,0.25,leagueews,20261002,teamfight,0.010322709961916216,0.21133333333333335,0.13733333333333334,0.074
europe,30,dense_deterministic,0.25,leagueews,20260930,macro,0.0488633536770323,0.2242222222222222,0.1228888888888889,0.10133333333333333
europe,30,dense_deterministic,0.25,leagueews,20261001,macro,0.050102765973061854,0.22999999999999998,0.12244444444444443,0.10755555555555556
europe,30,dense_deterministic,0.25,leagueews,20261002,macro,0.051342634983107455,0.2262222222222222,0.126,0.10022222222222223
europe,30,dense_deterministic,0.25,tcn,20260930,baron,0.1,0.242,0.14466666666666667,0.09733333333333333
europe,30,dense_deterministic,0.25,tcn,20261001,baron,0.09751552795031056,0.238,0.14266666666666666,0.09533333333333334
europe,30,dense_deterministic,0.25,tcn,20261002,baron,0.09440993788819876,0.23,0.14,0.09
europe,30,dense_deterministic,0.25,tcn,20260930,dragon,0.036392972391538186,0.244,0.10333333333333333,0.14066666666666666
europe,30,dense_deterministic,0.25,tcn,20261001,dragon,0.036751523843671564,0.23866666666666667,0.10333333333333333,0.13533333333333333
europe,30,dense_deterministic,0.25,tcn,20261002,dragon,0.03782717820007171,0.23733333333333334,0.10533333333333333,0.132
europe,30,dense_deterministic,0.25,tcn,20260930,teamfight,0.01012226899178192,0.20266666666666666,0.13333333333333333,0.06933333333333333
europe,30,dense_deterministic,0.25,tcn,20261001,teamfight,0.009420725596311887,0.212,0.13733333333333334,0.07466666666666667
europe,30,dense_deterministic,0.25,tcn,20261002,teamfight,0.010523150932050512,0.23533333333333334,0.15533333333333332,0.08
europe,30,dense_deterministic,0.25,tcn,20260930,macro,0.04883841379444004,0.22955555555555554,0.1271111111111111,0.10244444444444445
europe,30,dense_deterministic,0.25,tcn,20261001,macro,0.04789592579676467,0.22955555555555554,0.12777777777777777,0.10177777777777779
europe,30,dense_deterministic,0.25,tcn,20261002,macro,0.04758675567344033,0.23422222222222225,0.13355555555555557,0.10066666666666667
europe,30,dense_deterministic,0.25,timely_leagueews,20260930,baron,0.10559006211180125,0.24266666666666667,0.14933333333333335,0.09333333333333334
europe,30,dense_deterministic,0.25,timely_leagueews,20261001,baron,0.10496894409937889,0.234,0.138,0.096
europe,30,dense_deterministic,0.25,timely_leagueews,20261002,baron,0.10124223602484472,0.21666666666666667,0.124,0.09266666666666666
europe,30,dense_deterministic,0.25,timely_leagueews,20260930,dragon,0.05145213338114019,0.258,0.18133333333333335,0.07666666666666666
europe,30,dense_deterministic,0.25,timely_leagueews,20261001,dragon,0.0494801003944066,0.23266666666666666,0.17333333333333334,0.059333333333333335
europe,30,dense_deterministic,0.25,timely_leagueews,20261002,dragon,0.0512728576550735,0.232,0.16733333333333333,0.06466666666666666
europe,30,dense_deterministic,0.25,timely_leagueews,20260930,teamfight,0.011725796752856284,0.23,0.18333333333333332,0.04666666666666667
europe,30,dense_deterministic,0.25,timely_leagueews,20261001,teamfight,0.011625576267789137,0.22466666666666665,0.18133333333333335,0.043333333333333335
europe,30,dense_deterministic,0.25,timely_leagueews,20261002,teamfight,0.011124473842453398,0.20666666666666667,0.166,0.04066666666666666
europe,30,dense_deterministic,0.25,timely_leagueews,20260930,macro,0.05625599741526591,0.24355555555555555,0.17133333333333334,0.07222222222222222
europe,30,dense_deterministic,0.25,timely_leagueews,20261001,macro,0.05535820692052488,0.23044444444444445,0.16422222222222224,0.06622222222222222
europe,30,dense_deterministic,0.25,timely_leagueews,20261002,macro,0.05454652250745721,0.21844444444444444,0.15244444444444447,0.06599999999999999
europe,30,dense_deterministic,0.25,timely_tcn,20260930,baron,0.1,0.246,0.15133333333333332,0.09466666666666666
europe,30,dense_deterministic,0.25,timely_tcn,20261001,baron,0.09937888198757763,0.23466666666666666,0.14133333333333334,0.09333333333333334
europe,30,dense_deterministic,0.25,timely_tcn,20261002,baron,0.09565217391304348,0.23133333333333334,0.14266666666666666,0.08866666666666667
europe,30,dense_deterministic,0.25,timely_tcn,20260930,dragon,0.04535675869487271,0.24266666666666667,0.18133333333333335,0.06133333333333333
europe,30,dense_deterministic,0.25,timely_tcn,20261001,dragon,0.04768734313373969,0.25333333333333335,0.17,0.08333333333333333
europe,30,dense_deterministic,0.25,timely_tcn,20261002,dragon,0.048404446038006456,0.272,0.20466666666666666,0.06733333333333333
europe,30,dense_deterministic,0.25,timely_tcn,20260930,teamfight,0.010322709961916216,0.22133333333333333,0.176,0.04533333333333334
europe,30,dense_deterministic,0.25,timely_tcn,20261001,teamfight,0.011124473842453398,0.208,0.168,0.04
europe,30,dense_deterministic,0.25,timely_tcn,20261002,teamfight,0.01062337141711766,0.208,0.16466666666666666,0.043333333333333335
europe,30,dense_deterministic,0.25,timely_tcn,20260930,macro,0.05189315621892965,0.23666666666666666,0.16955555555555554,0.06711111111111111
europe,30,dense_deterministic,0.25,timely_tcn,20261001,macro,0.052730232987923585,0.23199999999999998,0.1597777777777778,0.07222222222222223
europe,30,dense_deterministic,0.25,timely_tcn,20261002,macro,0.05155999712272253,0.23711111111111113,0.17066666666666666,0.06644444444444444
europe,30,dense_deterministic,0.5,leagueews,20260930,baron,0.15403726708074533,0.4846666666666667,0.36133333333333334,0.12333333333333334
europe,30,dense_deterministic,0.5,leagueews,20261001,baron,0.15031055900621118,0.4633333333333333,0.3393333333333333,0.124
europe,30,dense_deterministic,0.5,leagueews,20261002,baron,0.153416149068323,0.47533333333333333,0.35333333333333333,0.122
europe,30,dense_deterministic,0.5,leagueews,20260930,dragon,0.07350304768734313,0.4713333333333333,0.23,0.24133333333333334
europe,30,dense_deterministic,0.5,leagueews,20261001,dragon,0.07368232341340983,0.4706666666666667,0.22866666666666666,0.242
europe,30,dense_deterministic,0.5,leagueews,20261002,dragon,0.07583363212621011,0.4633333333333333,0.228,0.23533333333333334
europe,30,dense_deterministic,0.5,leagueews,20260930,teamfight,0.018641010222489478,0.44733333333333336,0.32066666666666666,0.12666666666666668
europe,30,dense_deterministic,0.5,leagueews,20261001,teamfight,0.01904189216275807,0.454,0.324,0.13
europe,30,dense_deterministic,0.5,leagueews,20261002,teamfight,0.019643215073160955,0.458,0.328,0.13
europe,30,dense_deterministic,0.5,leagueews,20260930,macro,0.08206044166352598,0.4677777777777778,0.304,0.1637777777777778
europe,30,dense_deterministic,0.5,leagueews,20261001,macro,0.0810115915274597,0.4626666666666666,0.2973333333333333,0.16533333333333333
europe,30,dense_deterministic,0.5,leagueews,20261002,macro,0.08296433208923136,0.46555555555555556,0.3031111111111111,0.16244444444444445
europe,30,dense_deterministic,0.5,tcn,20260930,baron,0.1515527950310559,0.4806666666666667,0.36133333333333334,0.11933333333333333
europe,30,dense_deterministic,0.5,tcn,20261001,baron,0.14720496894409937,0.45666666666666667,0.338,0.11866666666666667
europe,30,dense_deterministic,0.5,tcn,20261002,baron,0.15093167701863355,0.4726666666666667,0.3526666666666667,0.12
europe,30,dense_deterministic,0.5,tcn,20260930,dragon,0.07260666905700969,0.4886666666666667,0.24866666666666667,0.24
europe,30,dense_deterministic,0.5,tcn,20261001,dragon,0.07493725349587665,0.48533333333333334,0.242,0.24333333333333335
europe,30,dense_deterministic,0.5,tcn,20261002,dragon,0.07655073503047688,0.488,0.24866666666666667,0.23933333333333334
europe,30,dense_deterministic,0.5,tcn,20260930,teamfight,0.018841451192623773,0.452,0.32466666666666666,0.12733333333333333
europe,30,dense_deterministic,0.5,tcn,20261001,teamfight,0.019542994588093807,0.44866666666666666,0.318,0.13066666666666665
europe,30,dense_deterministic,0.5,tcn,20261002,teamfight,0.018841451192623773,0.4666666666666667,0.336,0.13066666666666665
europe,30,dense_deterministic,0.5,tcn,20260930,macro,0.08100030509356311,0.4737777777777778,0.31155555555555553,0.16222222222222224
europe,30,dense_deterministic,0.5,tcn,20261001,macro,0.0805617390093566,0.46355555555555555,0.2993333333333334,0.16422222222222221
europe,30,dense_deterministic,0.5,tcn,20261002,macro,0.0821079544139114,0.4757777777777778,0.31244444444444447,0.16333333333333333
europe,30,dense_deterministic,0.5,timely_leagueews,20260930,baron,0.15217391304347827,0.4693333333333333,0.346,0.12333333333333334
europe,30,dense_deterministic,0.5,timely_leagueews,20261001,baron,0.1577639751552795,0.4886666666666667,0.368,0.12066666666666667
europe,30,dense_deterministic,0.5,timely_leagueews,20261002,baron,0.1453416149068323,0.47,0.3466666666666667,0.12333333333333334
europe,30,dense_deterministic,0.5,timely_leagueews,20260930,dragon,0.08497669415561133,0.47933333333333333,0.32466666666666666,0.15466666666666667
europe,30,dense_deterministic,0.5,timely_leagueews,20261001,dragon,0.08354248834707781,0.478,0.3373333333333333,0.14066666666666666
europe,30,dense_deterministic,0.5,timely_leagueews,20261002,dragon,0.08425959125134456,0.482,0.3333333333333333,0.14866666666666667
europe,30,dense_deterministic,0.5,timely_leagueews,20260930,teamfight,0.021547404289436762,0.46266666666666667,0.37866666666666665,0.084
europe,30,dense_deterministic,0.5,timely_leagueews,20261001,teamfight,0.0220485067147725,0.44866666666666666,0.368,0.08066666666666666
europe,30,dense_deterministic,0.5,timely_leagueews,20261002,teamfight,0.021046301864101023,0.44333333333333336,0.36333333333333334,0.08
europe,30,dense_deterministic,0.5,timely_leagueews,20260930,macro,0.08623267049617545,0.47044444444444444,0.34977777777777774,0.12066666666666669
europe,30,dense_deterministic,0.5,timely_leagueews,20261001,macro,0.08778499007237661,0.4717777777777778,0.35777777777777775,0.11399999999999999
europe,30,dense_deterministic,0.5,timely_leagueews,20261002,macro,0.08354916934075929,0.4651111111111111,0.34777777777777774,0.11733333333333335
europe,30,dense_deterministic,0.5,timely_tcn,20260930,baron,0.14596273291925466,0.49333333333333335,0.37,0.12333333333333334
europe,30,dense_deterministic,0.5,timely_tcn,20261001,baron,0.15403726708074533,0.458,0.342,0.116
europe,30,dense_deterministic,0.5,timely_tcn,20261002,baron,0.15590062111801242,0.4886666666666667,0.36933333333333335,0.11933333333333333
europe,30,dense_deterministic,0.5,timely_tcn,20260930,dragon,0.08264610971674435,0.49866666666666665,0.344,0.15466666666666667
europe,30,dense_deterministic,0.5,timely_tcn,20261001,dragon,0.08264610971674435,0.49066666666666664,0.31466666666666665,0.176
europe,30,dense_deterministic,0.5,timely_tcn,20261002,dragon,0.08479741842954464,0.4886666666666667,0.3486666666666667,0.14
europe,30,dense_deterministic,0.5,timely_tcn,20260930,teamfight,0.020444978953698137,0.444,0.3606666666666667,0.08333333333333333
europe,30,dense_deterministic,0.5,timely_tcn,20261001,teamfight,0.02124674283423532,0.454,0.36866666666666664,0.08533333333333333
europe,30,dense_deterministic,0.5,timely_tcn,20261002,teamfight,0.021447183804369614,0.42866666666666664,0.3526666666666667,0.076
europe,30,dense_deterministic,0.5,timely_tcn,20260930,macro,0.08301794052989904,0.47866666666666663,0.3582222222222222,0.12044444444444445
europe,30,dense_deterministic,0.5,timely_tcn,20261001,macro,0.08597670654390834,0.46755555555555556,0.3417777777777778,0.12577777777777777
europe,30,dense_deterministic,0.5,timely_tcn,20261002,macro,0.0873817411173089,0.46866666666666673,0.35688888888888887,0.1117777777777778
europe,30,dense_deterministic,0.75,leagueews,20260930,baron,0.19130434782608696,0.698,0.5593333333333333,0.13866666666666666
europe,30,dense_deterministic,0.75,leagueews,20261001,baron,0.18944099378881987,0.6826666666666666,0.5466666666666666,0.136
europe,30,dense_deterministic,0.75,leagueews,20261002,baron,0.18571428571428572,0.7013333333333334,0.5613333333333334,0.14
europe,30,dense_deterministic,0.75,leagueews,20260930,dragon,0.10882036572248117,0.7453333333333333,0.406,0.3393333333333333
europe,30,dense_deterministic,0.75,leagueews,20261001,dragon,0.11115095016134816,0.752,0.41733333333333333,0.33466666666666667
europe,30,dense_deterministic,0.75,leagueews,20261002,dragon,0.11545356758694873,0.7653333333333333,0.42933333333333334,0.336
europe,30,dense_deterministic,0.75,leagueews,20260930,teamfight,0.030667468430547205,0.7126666666666667,0.5266666666666666,0.186
europe,30,dense_deterministic,0.75,leagueews,20261001,teamfight,0.027460412908398478,0.6633333333333333,0.4846666666666667,0.17866666666666667
europe,30,dense_deterministic,0.75,leagueews,20261002,teamfight,0.028362397274002808,0.688,0.5053333333333333,0.18266666666666667
europe,30,dense_deterministic,0.75,leagueews,20260930,macro,0.11026406065970511,0.7186666666666667,0.49733333333333335,0.2213333333333333
europe,30,dense_deterministic,0.75,leagueews,20261001,macro,0.10935078561952216,0.6993333333333333,0.48288888888888887,0.21644444444444444
europe,30,dense_deterministic,0.75,leagueews,20261002,macro,0.10984341685841242,0.7182222222222222,0.49866666666666665,0.2195555555555556
europe,30,dense_deterministic,0.75,tcn,20260930,baron,0.18944099378881987,0.72,0.584,0.136
europe,30,dense_deterministic,0.75,tcn,20261001,baron,0.18385093167701863,0.7026666666666667,0.566,0.13666666666666666
europe,30,dense_deterministic,0.75,tcn,20261002,baron,0.18881987577639753,0.7293333333333333,0.592,0.13733333333333334
europe,30,dense_deterministic,0.75,tcn,20260930,dragon,0.11473646468268196,0.7633333333333333,0.43066666666666664,0.33266666666666667
europe,30,dense_deterministic,0.75,tcn,20261001,dragon,0.11007529580494801,0.7393333333333333,0.41333333333333333,0.326
europe,30,dense_deterministic,0.75,tcn,20261002,dragon,0.11115095016134816,0.7546666666666667,0.422,0.33266666666666667
europe,30,dense_deterministic,0.75,tcn,20260930,teamfight,0.026758869512928444,0.662,0.49133333333333334,0.17066666666666666
europe,30,dense_deterministic,0.75,tcn,20261001,teamfight,0.028362397274002808,0.69,0.5193333333333333,0.17066666666666666
europe,30,dense_deterministic,0.75,tcn,20261002,teamfight,0.02695931048306274,0.662,0.4886666666666667,0.17333333333333334
europe,30,dense_deterministic,0.75,tcn,20260930,macro,0.11031210932814343,0.7151111111111111,0.502,0.2131111111111111
europe,30,dense_deterministic,0.75,tcn,20261001,macro,0.10742954158532314,0.7106666666666666,0.49955555555555553,0.2111111111111111
europe,30,dense_deterministic,0.75,tcn,20261002,macro,0.10897671214026948,0.7153333333333333,0.5008888888888889,0.21444444444444444
europe,30,dense_deterministic,0.75,timely_leagueews,20260930,baron,0.1919254658385093,0.7106666666666667,0.5706666666666667,0.14
europe,30,dense_deterministic,0.75,timely_leagueews,20261001,baron,0.18819875776397516,0.7133333333333334,0.574,0.13933333333333334
europe,30,dense_deterministic,0.75,timely_leagueews,20261002,baron,0.18571428571428572,0.694,0.5553333333333333,0.13866666666666666
europe,30,dense_deterministic,0.75,timely_leagueews,20260930,dragon,0.11832197920401577,0.706,0.47,0.236
europe,30,dense_deterministic,0.75,timely_leagueews,20261001,dragon,0.12513445679455001,0.732,0.49933333333333335,0.23266666666666666
europe,30,dense_deterministic,0.75,timely_leagueews,20261002,dragon,0.11724632484761563,0.71,0.4806666666666667,0.22933333333333333
europe,30,dense_deterministic,0.75,timely_leagueews,20260930,teamfight,0.03126879134095009,0.6886666666666666,0.5653333333333334,0.12333333333333334
europe,30,dense_deterministic,0.75,timely_leagueews,20261001,teamfight,0.030266586490278614,0.676,0.5613333333333334,0.11466666666666667
europe,30,dense_deterministic,0.75,timely_leagueews,20261002,teamfight,0.029665263579875728,0.6826666666666666,0.564,0.11866666666666667
europe,30,dense_deterministic,0.75,timely_leagueews,20260930,macro,0.1138387454611584,0.7017777777777777,0.5353333333333333,0.16644444444444445
europe,30,dense_deterministic,0.75,timely_leagueews,20261001,macro,0.11453326701626793,0.7071111111111111,0.5448888888888889,0.16222222222222224
europe,30,dense_deterministic,0.75,timely_leagueews,20261002,macro,0.11087529138059238,0.6955555555555555,0.5333333333333333,0.16222222222222224
europe,30,dense_deterministic,0.75,timely_tcn,20260930,baron,0.19130434782608696,0.7226666666666667,0.586,0.13666666666666666
europe,30,dense_deterministic,0.75,timely_tcn,20261001,baron,0.18881987577639753,0.7133333333333334,0.58,0.13333333333333333
europe,30,dense_deterministic,0.75,timely_tcn,20261002,baron,0.19130434782608696,0.7266666666666667,0.5913333333333334,0.13533333333333333
europe,30,dense_deterministic,0.75,timely_tcn,20260930,dragon,0.11652922194334887,0.7346666666666667,0.4866666666666667,0.248
europe,30,dense_deterministic,0.75,timely_tcn,20261001,dragon,0.11419863750448189,0.7086666666666667,0.446,0.26266666666666666
europe,30,dense_deterministic,0.75,timely_tcn,20261002,dragon,0.11348153460021514,0.694,0.476,0.218
europe,30,dense_deterministic,0.75,timely_tcn,20260930,teamfight,0.027660853878532773,0.672,0.556,0.116
europe,30,dense_deterministic,0.75,timely_tcn,20261001,teamfight,0.028963720184405694,0.6953333333333334,0.5706666666666667,0.12466666666666666
europe,30,dense_deterministic,0.75,timely_tcn,20261002,teamfight,0.029264381639607137,0.6966666666666667,0.5786666666666667,0.118
europe,30,dense_deterministic,0.75,timely_tcn,20260930,macro,0.11183147454932287,0.7097777777777777,0.5428888888888889,0.1668888888888889
europe,30,dense_deterministic,0.75,timely_tcn,20261001,macro,0.11066074448842837,0.705777777777778,0.5322222222222223,0.17355555555555557
europe,30,dense_deterministic,0.75,timely_tcn,20261002,macro,0.11135008802196976,0.7057777777777777,0.5486666666666667,0.15711111111111112
europe,30,dense_deterministic,1.0,leagueews,20260930,baron,0.21677018633540374,0.9306666666666666,0.7826666666666666,0.148
europe,30,dense_deterministic,1.0,leagueews,20261001,baron,0.21677018633540374,0.936,0.79,0.146
europe,30,dense_deterministic,1.0,leagueews,20261002,baron,0.21304347826086956,0.9493333333333334,0.7973333333333333,0.152
europe,30,dense_deterministic,1.0,leagueews,20260930,dragon,0.14288275367515238,1.0093333333333334,0.608,0.4013333333333333
europe,30,dense_deterministic,1.0,leagueews,20261001,dragon,0.1461097167443528,1.0093333333333334,0.61,0.3993333333333333
europe,30,dense_deterministic,1.0,leagueews,20261002,dragon,0.14539261384008606,1.0146666666666666,0.616,0.39866666666666667
europe,30,dense_deterministic,1.0,leagueews,20260930,teamfight,0.03678091801964321,0.9226666666666666,0.698,0.22466666666666665
europe,30,dense_deterministic,1.0,leagueews,20261001,teamfight,0.035277610743636,0.8786666666666667,0.6606666666666666,0.218
europe,30,dense_deterministic,1.0,leagueews,20261002,teamfight,0.035778713168971736,0.908,0.6893333333333334,0.21866666666666668
europe,30,dense_deterministic,1.0,leagueews,20260930,macro,0.1321446193433998,0.9542222222222222,0.6962222222222222,0.258
europe,30,dense_deterministic,1.0,leagueews,20261001,macro,0.13271917127446417,0.9413333333333335,0.6868888888888889,0.2544444444444444
europe,30,dense_deterministic,1.0,leagueews,20261002,macro,0.13140493508997578,0.9573333333333333,0.700888888888889,0.2564444444444444
europe,30,dense_deterministic,1.0,tcn,20260930,baron,0.21614906832298136,0.9353333333333333,0.7846666666666666,0.15066666666666667
europe,30,dense_deterministic,1.0,tcn,20261001,baron,0.2124223602484472,0.952,0.8033333333333333,0.14866666666666667
europe,30,dense_deterministic,1.0,tcn,20261002,baron,0.21428571428571427,0.962,0.8133333333333334,0.14866666666666667
europe,30,dense_deterministic,1.0,tcn,20260930,dragon,0.1466475439225529,1.0026666666666666,0.6086666666666667,0.394
europe,30,dense_deterministic,1.0,tcn,20261001,dragon,0.14503406238795266,1.0026666666666666,0.612,0.39066666666666666
europe,30,dense_deterministic,1.0,tcn,20261002,dragon,0.14557188956615275,0.9953333333333333,0.6093333333333333,0.386
europe,30,dense_deterministic,1.0,tcn,20260930,teamfight,0.03627981559430748,0.904,0.6866666666666666,0.21733333333333332
europe,30,dense_deterministic,1.0,tcn,20261001,teamfight,0.03607937462417318,0.9226666666666666,0.7013333333333334,0.22133333333333333
europe,30,dense_deterministic,1.0,tcn,20261002,teamfight,0.035778713168971736,0.9026666666666666,0.688,0.21466666666666667
europe,30,dense_deterministic,1.0,tcn,20260930,macro,0.13302547594661393,0.9473333333333334,0.6933333333333334,0.254
europe,30,dense_deterministic,1.0,tcn,20261001,macro,0.1311785990868577,0.959111111111111,0.7055555555555556,0.25355555555555553
europe,30,dense_deterministic,1.0,tcn,20261002,macro,0.1318787723402796,0.9533333333333333,0.7035555555555556,0.24977777777777777
europe,30,dense_deterministic,1.0,timely_leagueews,20260930,baron,0.22422360248447204,0.952,0.8013333333333333,0.15066666666666667
europe,30,dense_deterministic,1.0,timely_leagueews,20261001,baron,0.21552795031055902,0.9273333333333333,0.7793333333333333,0.148
europe,30,dense_deterministic,1.0,timely_leagueews,20261002,baron,0.21304347826086956,0.93,0.78,0.15
europe,30,dense_deterministic,1.0,timely_leagueews,20260930,dragon,0.1502330584438867,0.9566666666666667,0.6313333333333333,0.3253333333333333
europe,30,dense_deterministic,1.0,timely_leagueews,20261001,dragon,0.16063105055575475,1.0006666666666666,0.6806666666666666,0.32
europe,30,dense_deterministic,1.0,timely_leagueews,20261002,dragon,0.15507350304768736,0.9706666666666667,0.6526666666666666,0.318
europe,30,dense_deterministic,1.0,timely_leagueews,20260930,teamfight,0.03888554820605332,0.9546666666666667,0.794,0.16066666666666668
europe,30,dense_deterministic,1.0,timely_leagueews,20261001,teamfight,0.038685107235919024,0.9166666666666666,0.7673333333333333,0.14933333333333335
europe,30,dense_deterministic,1.0,timely_leagueews,20261002,teamfight,0.037181799959911804,0.916,0.7673333333333333,0.14866666666666667
europe,30,dense_deterministic,1.0,timely_leagueews,20260930,macro,0.13778073637813734,0.9544444444444444,0.7422222222222222,0.21222222222222223
europe,30,dense_deterministic,1.0,timely_leagueews,20261001,macro,0.13828136936741092,0.9482222222222222,0.7424444444444444,0.20577777777777775
europe,30,dense_deterministic,1.0,timely_leagueews,20261002,macro,0.13509959375615624,0.938888888888889,0.7333333333333333,0.20555555555555557
europe,30,dense_deterministic,1.0,timely_tcn,20260930,baron,0.21552795031055902,0.928,0.7833333333333333,0.14466666666666667
europe,30,dense_deterministic,1.0,timely_tcn,20261001,baron,0.21739130434782608,0.9626666666666667,0.8146666666666667,0.148
europe,30,dense_deterministic,1.0,timely_tcn,20261002,baron,0.21925465838509317,0.9793333333333333,0.8266666666666667,0.15266666666666667
europe,30,dense_deterministic,1.0,timely_tcn,20260930,dragon,0.15059160989602008,0.978,0.6606666666666666,0.31733333333333336
europe,30,dense_deterministic,1.0,timely_tcn,20261001,dragon,0.14772319827895303,0.9666666666666667,0.6173333333333333,0.34933333333333333
europe,30,dense_deterministic,1.0,timely_tcn,20261002,dragon,0.1518465399784869,0.9726666666666667,0.6633333333333333,0.30933333333333335
europe,30,dense_deterministic,1.0,timely_tcn,20260930,teamfight,0.03848466626578473,0.932,0.7786666666666666,0.15333333333333332
europe,30,dense_deterministic,1.0,timely_tcn,20261001,teamfight,0.03778312287031469,0.9553333333333334,0.7886666666666666,0.16666666666666666
europe,30,dense_deterministic,1.0,timely_tcn,20261002,teamfight,0.03678091801964321,0.9506666666666667,0.794,0.15666666666666668
europe,30,dense_deterministic,1.0,timely_tcn,20260930,macro,0.13486807549078794,0.9460000000000001,0.7408888888888888,0.2051111111111111
europe,30,dense_deterministic,1.0,timely_tcn,20261001,macro,0.1342992084990313,0.9615555555555556,0.7402222222222221,0.2213333333333333
europe,30,dense_deterministic,1.0,timely_tcn,20261002,macro,0.13596070546107444,0.9675555555555556,0.7613333333333333,0.20622222222222222
europe,30,dense_deterministic,mean,leagueews,20260930,baron,0.16537267080745344,0.5863333333333334,0.4598333333333333,0.1265
europe,30,dense_deterministic,mean,leagueews,20261001,baron,0.16459627329192544,0.5766666666666667,0.45033333333333336,0.12633333333333333
europe,30,dense_deterministic,mean,leagueews,20261002,baron,0.1639751552795031,0.591,0.4641666666666667,0.12683333333333333
europe,30,dense_deterministic,mean,leagueews,20260930,dragon,0.09062387952671208,0.6121666666666667,0.33316666666666667,0.279
europe,30,dense_deterministic,mean,leagueews,20261001,dragon,0.09241663678737899,0.6185,0.3385,0.28
europe,30,dense_deterministic,mean,leagueews,20261002,dragon,0.09416457511652923,0.6181666666666666,0.3423333333333334,0.2758333333333334
europe,30,dense_deterministic,mean,leagueews,20260930,teamfight,0.02400280617358188,0.5751666666666667,0.42233333333333334,0.15283333333333332
europe,30,dense_deterministic,mean,leagueews,20261001,teamfight,0.02287532571657647,0.5548333333333333,0.4033333333333333,0.1515
europe,30,dense_deterministic,mean,leagueews,20261002,teamfight,0.02352675886951293,0.5663333333333334,0.41500000000000004,0.15133333333333335
europe,30,dense_deterministic,mean,leagueews,20260930,macro,0.09333311883591579,0.5912222222222222,0.40511111111111103,0.18611111111111112
europe,30,dense_deterministic,mean,leagueews,20261001,macro,0.09329607859862697,0.5833333333333334,0.39738888888888885,0.18594444444444444
europe,30,dense_deterministic,mean,leagueews,20261002,macro,0.09388882975518176,0.5918333333333333,0.40716666666666673,0.18466666666666667
europe,30,dense_deterministic,mean,tcn,20260930,baron,0.16428571428571426,0.5945,0.4686666666666666,0.12583333333333335
europe,30,dense_deterministic,mean,tcn,20261001,baron,0.16024844720496895,0.5873333333333333,0.4625,0.12483333333333334
europe,30,dense_deterministic,mean,tcn,20261002,baron,0.16211180124223604,0.5985,0.47450000000000003,0.124
europe,30,dense_deterministic,mean,tcn,20260930,dragon,0.09259591251344568,0.6246666666666667,0.3478333333333333,0.2768333333333334
europe,30,dense_deterministic,mean,tcn,20261001,dragon,0.09169953388311222,0.6165,0.3426666666666667,0.2738333333333334
europe,30,dense_deterministic,mean,tcn,20261002,dragon,0.09277518823951238,0.6188333333333333,0.3463333333333333,0.27249999999999996
europe,30,dense_deterministic,mean,tcn,20260930,teamfight,0.023000601322910402,0.5551666666666667,0.40900000000000003,0.14616666666666667
europe,30,dense_deterministic,mean,tcn,20261001,teamfight,0.02335137302064542,0.5683333333333334,0.41900000000000004,0.14933333333333332
europe,30,dense_deterministic,mean,tcn,20261002,teamfight,0.02302565644417719,0.5666666666666667,0.417,0.14966666666666667
europe,30,dense_deterministic,mean,tcn,20260930,macro,0.09329407604069011,0.5914444444444444,0.40850000000000003,0.18294444444444447
europe,30,dense_deterministic,mean,tcn,20261001,macro,0.09176645136957552,0.5907222222222223,0.40805555555555556,0.18266666666666667
europe,30,dense_deterministic,mean,tcn,20261002,macro,0.09263754864197521,0.5946666666666667,0.4126111111111111,0.18205555555555555
europe,30,dense_deterministic,mean,timely_leagueews,20260930,baron,0.16847826086956522,0.5936666666666667,0.4668333333333333,0.12683333333333335
europe,30,dense_deterministic,mean,timely_leagueews,20261001,baron,0.16661490683229815,0.5908333333333333,0.4648333333333333,0.126
europe,30,dense_deterministic,mean,timely_leagueews,20261002,baron,0.16133540372670807,0.5776666666666667,0.4515,0.12616666666666668
europe,30,dense_deterministic,mean,timely_leagueews,20260930,dragon,0.1012459662961635,0.6,0.4018333333333333,0.19816666666666666
europe,30,dense_deterministic,mean,timely_leagueews,20261001,dragon,0.10469702402294728,0.6108333333333333,0.42266666666666663,0.18816666666666665
europe,30,dense_deterministic,mean,timely_leagueews,20261002,dragon,0.10196306920043026,0.5986666666666667,0.4085,0.19016666666666665
europe,30,dense_deterministic,mean,timely_leagueews,20260930,teamfight,0.025856885147324114,0.584,0.48033333333333333,0.10366666666666667
europe,30,dense_deterministic,mean,timely_leagueews,20261001,teamfight,0.02565644417718982,0.5665,0.46950000000000003,0.097
europe,30,dense_deterministic,mean,timely_leagueews,20261002,teamfight,0.02475445981158549,0.5621666666666667,0.4651666666666666,0.097
europe,30,dense_deterministic,mean,timely_leagueews,20260930,macro,0.09852703743768428,0.5925555555555556,0.44966666666666666,0.1428888888888889
europe,30,dense_deterministic,mean,timely_leagueews,20261001,macro,0.09898945834414508,0.5893888888888889,0.4523333333333333,0.13705555555555557
europe,30,dense_deterministic,mean,timely_leagueews,20261002,macro,0.09601764424624126,0.5795,0.4417222222222222,0.13777777777777778
europe,30,dense_deterministic,mean,timely_tcn,20260930,baron,0.16319875776397516,0.5975,0.4726666666666667,0.12483333333333334
europe,30,dense_deterministic,mean,timely_tcn,20261001,baron,0.16490683229813666,0.5921666666666667,0.46950000000000003,0.12266666666666667
europe,30,dense_deterministic,mean,timely_tcn,20261002,baron,0.165527950310559,0.6065,0.48250000000000004,0.12400000000000001
europe,30,dense_deterministic,mean,timely_tcn,20260930,dragon,0.0987809250627465,0.6134999999999999,0.4181666666666667,0.19533333333333333
europe,30,dense_deterministic,mean,timely_tcn,20261001,dragon,0.09806382215847974,0.6048333333333333,0.387,0.21783333333333332
europe,30,dense_deterministic,mean,timely_tcn,20261002,dragon,0.09963248476156328,0.6068333333333333,0.42316666666666664,0.18366666666666667
europe,30,dense_deterministic,mean,timely_tcn,20260930,teamfight,0.024228302264982963,0.5673333333333334,0.4678333333333333,0.09949999999999999
europe,30,dense_deterministic,mean,timely_tcn,20261001,teamfight,0.024779514932852277,0.5781666666666667,0.474,0.10416666666666666
europe,30,dense_deterministic,mean,timely_tcn,20261002,teamfight,0.024528963720184406,0.571,0.47250000000000003,0.0985
europe,30,dense_deterministic,mean,timely_tcn,20260930,macro,0.09540266169723488,0.5927777777777777,0.4528888888888889,0.13988888888888887
europe,30,dense_deterministic,mean,timely_tcn,20261001,macro,0.0959167231298229,0.5917222222222223,0.4435,0.14822222222222223
europe,30,dense_deterministic,mean,timely_tcn,20261002,macro,0.0965631329307689,0.5947777777777777,0.45938888888888885,0.1353888888888889
europe,30,dense_regional_deterministic,0.25,leagueews,20260930,baron,0.09937888198757763,0.232,0.136,0.096
europe,30,dense_regional_deterministic,0.25,leagueews,20261001,baron,0.10062111801242236,0.22133333333333333,0.12333333333333334,0.098
europe,30,dense_regional_deterministic,0.25,leagueews,20261002,baron,0.10372670807453416,0.238,0.14466666666666667,0.09333333333333334
europe,30,dense_regional_deterministic,0.25,leagueews,20260930,dragon,0.03728935102187164,0.22266666666666668,0.08866666666666667,0.134
europe,30,dense_regional_deterministic,0.25,leagueews,20261001,dragon,0.03872355683040516,0.242,0.098,0.144
europe,30,dense_regional_deterministic,0.25,leagueews,20261002,dragon,0.039978486912871994,0.22933333333333333,0.096,0.13333333333333333
europe,30,dense_regional_deterministic,0.25,leagueews,20260930,teamfight,0.009921828021647625,0.218,0.144,0.074
europe,30,dense_regional_deterministic,0.25,leagueews,20261001,teamfight,0.00972138705151333,0.22333333333333333,0.144,0.07933333333333334
europe,30,dense_regional_deterministic,0.25,leagueews,20261002,teamfight,0.010322709961916216,0.21133333333333335,0.13733333333333334,0.074
europe,30,dense_regional_deterministic,0.25,leagueews,20260930,macro,0.0488633536770323,0.2242222222222222,0.1228888888888889,0.10133333333333333
europe,30,dense_regional_deterministic,0.25,leagueews,20261001,macro,0.04968868729811362,0.2288888888888889,0.12177777777777776,0.10711111111111112
europe,30,dense_regional_deterministic,0.25,leagueews,20261002,macro,0.051342634983107455,0.2262222222222222,0.126,0.10022222222222223
europe,30,dense_regional_deterministic,0.25,tcn,20260930,baron,0.10372670807453416,0.254,0.15266666666666667,0.10133333333333333
europe,30,dense_regional_deterministic,0.25,tcn,20261001,baron,0.10186335403726708,0.254,0.15733333333333333,0.09666666666666666
europe,30,dense_regional_deterministic,0.25,tcn,20261002,baron,0.09440993788819876,0.23,0.14,0.09
europe,30,dense_regional_deterministic,0.25,tcn,20260930,dragon,0.036392972391538186,0.244,0.10333333333333333,0.14066666666666666
europe,30,dense_regional_deterministic,0.25,tcn,20261001,dragon,0.036751523843671564,0.23866666666666667,0.10333333333333333,0.13533333333333333
europe,30,dense_regional_deterministic,0.25,tcn,20261002,dragon,0.03782717820007171,0.23733333333333334,0.10533333333333333,0.132
europe,30,dense_regional_deterministic,0.25,tcn,20260930,teamfight,0.01012226899178192,0.20266666666666666,0.13333333333333333,0.06933333333333333
europe,30,dense_regional_deterministic,0.25,tcn,20261001,teamfight,0.009420725596311887,0.212,0.13733333333333334,0.07466666666666667
europe,30,dense_regional_deterministic,0.25,tcn,20261002,teamfight,0.010523150932050512,0.23533333333333334,0.15533333333333332,0.08
europe,30,dense_regional_deterministic,0.25,tcn,20260930,macro,0.050080649819284756,0.23355555555555554,0.12977777777777777,0.10377777777777779
europe,30,dense_regional_deterministic,0.25,tcn,20261001,macro,0.04934520115908351,0.2348888888888889,0.13266666666666668,0.10222222222222221
europe,30,dense_regional_deterministic,0.25,tcn,20261002,macro,0.04758675567344033,0.23422222222222225,0.13355555555555557,0.10066666666666667
europe,30,dense_regional_deterministic,0.25,timely_leagueews,20260930,baron,0.10559006211180125,0.24266666666666667,0.14933333333333335,0.09333333333333334
europe,30,dense_regional_deterministic,0.25,timely_leagueews,20261001,baron,0.10496894409937889,0.234,0.138,0.096
europe,30,dense_regional_deterministic,0.25,timely_leagueews,20261002,baron,0.10186335403726708,0.22733333333333333,0.134,0.09333333333333334
europe,30,dense_regional_deterministic,0.25,timely_leagueews,20260930,dragon,0.05145213338114019,0.258,0.18133333333333335,0.07666666666666666
europe,30,dense_regional_deterministic,0.25,timely_leagueews,20261001,dragon,0.0494801003944066,0.23266666666666666,0.17333333333333334,0.059333333333333335
europe,30,dense_regional_deterministic,0.25,timely_leagueews,20261002,dragon,0.0512728576550735,0.232,0.16733333333333333,0.06466666666666666
europe,30,dense_regional_deterministic,0.25,timely_leagueews,20260930,teamfight,0.011725796752856284,0.23,0.18333333333333332,0.04666666666666667
europe,30,dense_regional_deterministic,0.25,timely_leagueews,20261001,teamfight,0.011625576267789137,0.22466666666666665,0.18133333333333335,0.043333333333333335
europe,30,dense_regional_deterministic,0.25,timely_leagueews,20261002,teamfight,0.011826017237923432,0.218,0.17333333333333334,0.04466666666666667
europe,30,dense_regional_deterministic,0.25,timely_leagueews,20260930,macro,0.05625599741526591,0.24355555555555555,0.17133333333333334,0.07222222222222222
europe,30,dense_regional_deterministic,0.25,timely_leagueews,20261001,macro,0.05535820692052488,0.23044444444444445,0.16422222222222224,0.06622222222222222
europe,30,dense_regional_deterministic,0.25,timely_leagueews,20261002,macro,0.05498740964342134,0.22577777777777777,0.15822222222222224,0.06755555555555555
europe,30,dense_regional_deterministic,0.25,timely_tcn,20260930,baron,0.10062111801242236,0.25133333333333335,0.156,0.09533333333333334
europe,30,dense_regional_deterministic,0.25,timely_tcn,20261001,baron,0.10496894409937889,0.25733333333333336,0.15933333333333333,0.098
europe,30,dense_regional_deterministic,0.25,timely_tcn,20261002,baron,0.10124223602484472,0.254,0.162,0.092
europe,30,dense_regional_deterministic,0.25,timely_tcn,20260930,dragon,0.05019720329867336,0.27,0.19866666666666666,0.07133333333333333
europe,30,dense_regional_deterministic,0.25,timely_tcn,20261001,dragon,0.04768734313373969,0.25333333333333335,0.17,0.08333333333333333
europe,30,dense_regional_deterministic,0.25,timely_tcn,20261002,dragon,0.048404446038006456,0.272,0.20466666666666666,0.06733333333333333
europe,30,dense_regional_deterministic,0.25,timely_tcn,20260930,teamfight,0.010322709961916216,0.22133333333333333,0.176,0.04533333333333334
europe,30,dense_regional_deterministic,0.25,timely_tcn,20261001,teamfight,0.011124473842453398,0.208,0.168,0.04
europe,30,dense_regional_deterministic,0.25,timely_tcn,20261002,teamfight,0.01062337141711766,0.208,0.16466666666666666,0.043333333333333335
europe,30,dense_regional_deterministic,0.25,timely_tcn,20260930,macro,0.05371367709100399,0.2475555555555556,0.17688888888888887,0.07066666666666667
europe,30,dense_regional_deterministic,0.25,timely_tcn,20261001,macro,0.05459358702519066,0.23955555555555555,0.1657777777777778,0.07377777777777779
europe,30,dense_regional_deterministic,0.25,timely_tcn,20261002,macro,0.05342335115998961,0.24466666666666667,0.1771111111111111,0.06755555555555555
europe,30,dense_regional_deterministic,0.5,leagueews,20260930,baron,0.15403726708074533,0.5026666666666667,0.378,0.12466666666666666
europe,30,dense_regional_deterministic,0.5,leagueews,20261001,baron,0.1577639751552795,0.49066666666666664,0.36466666666666664,0.126
europe,30,dense_regional_deterministic,0.5,leagueews,20261002,baron,0.15527950310559005,0.48533333333333334,0.36333333333333334,0.122
europe,30,dense_regional_deterministic,0.5,leagueews,20260930,dragon,0.07350304768734313,0.4713333333333333,0.23,0.24133333333333334
europe,30,dense_regional_deterministic,0.5,leagueews,20261001,dragon,0.07368232341340983,0.4706666666666667,0.22866666666666666,0.242
europe,30,dense_regional_deterministic,0.5,leagueews,20261002,dragon,0.07583363212621011,0.4633333333333333,0.228,0.23533333333333334
europe,30,dense_regional_deterministic,0.5,leagueews,20260930,teamfight,0.018641010222489478,0.44733333333333336,0.32066666666666666,0.12666666666666668
europe,30,dense_regional_deterministic,0.5,leagueews,20261001,teamfight,0.01904189216275807,0.454,0.324,0.13
europe,30,dense_regional_deterministic,0.5,leagueews,20261002,teamfight,0.019643215073160955,0.458,0.328,0.13
europe,30,dense_regional_deterministic,0.5,leagueews,20260930,macro,0.08206044166352598,0.4737777777777778,0.30955555555555553,0.16422222222222224
europe,30,dense_regional_deterministic,0.5,leagueews,20261001,macro,0.08349606357714913,0.4717777777777778,0.30577777777777776,0.166
europe,30,dense_regional_deterministic,0.5,leagueews,20261002,macro,0.0835854501016537,0.4688888888888889,0.30644444444444446,0.16244444444444445
europe,30,dense_regional_deterministic,0.5,tcn,20260930,baron,0.15403726708074533,0.492,0.372,0.12
europe,30,dense_regional_deterministic,0.5,tcn,20261001,baron,0.1565217391304348,0.5006666666666667,0.37933333333333336,0.12133333333333333
europe,30,dense_regional_deterministic,0.5,tcn,20261002,baron,0.16024844720496895,0.5046666666666667,0.38266666666666665,0.122
europe,30,dense_regional_deterministic,0.5,tcn,20260930,dragon,0.07260666905700969,0.4886666666666667,0.24866666666666667,0.24
europe,30,dense_regional_deterministic,0.5,tcn,20261001,dragon,0.07493725349587665,0.48533333333333334,0.242,0.24333333333333335
europe,30,dense_regional_deterministic,0.5,tcn,20261002,dragon,0.07655073503047688,0.488,0.24866666666666667,0.23933333333333334
europe,30,dense_regional_deterministic,0.5,tcn,20260930,teamfight,0.018841451192623773,0.452,0.32466666666666666,0.12733333333333333
europe,30,dense_regional_deterministic,0.5,tcn,20261001,teamfight,0.019542994588093807,0.44866666666666666,0.318,0.13066666666666665
europe,30,dense_regional_deterministic,0.5,tcn,20261002,teamfight,0.018841451192623773,0.4666666666666667,0.336,0.13066666666666665
europe,30,dense_regional_deterministic,0.5,tcn,20260930,macro,0.0818284624434596,0.47755555555555557,0.3151111111111111,0.16244444444444442
europe,30,dense_regional_deterministic,0.5,tcn,20261001,macro,0.08366732907146841,0.47822222222222227,0.3131111111111111,0.16511111111111113
europe,30,dense_regional_deterministic,0.5,tcn,20261002,macro,0.0852135444760232,0.48644444444444446,0.3224444444444445,0.164
europe,30,dense_regional_deterministic,0.5,timely_leagueews,20260930,baron,0.15403726708074533,0.4826666666666667,0.3586666666666667,0.124
europe,30,dense_regional_deterministic,0.5,timely_leagueews,20261001,baron,0.1577639751552795,0.4886666666666667,0.368,0.12066666666666667
europe,30,dense_regional_deterministic,0.5,timely_leagueews,20261002,baron,0.14720496894409937,0.4766666666666667,0.35333333333333333,0.12333333333333334
europe,30,dense_regional_deterministic,0.5,timely_leagueews,20260930,dragon,0.08497669415561133,0.47933333333333333,0.32466666666666666,0.15466666666666667
europe,30,dense_regional_deterministic,0.5,timely_leagueews,20261001,dragon,0.08354248834707781,0.478,0.3373333333333333,0.14066666666666666
europe,30,dense_regional_deterministic,0.5,timely_leagueews,20261002,dragon,0.08425959125134456,0.482,0.3333333333333333,0.14866666666666667
europe,30,dense_regional_deterministic,0.5,timely_leagueews,20260930,teamfight,0.021547404289436762,0.46266666666666667,0.37866666666666665,0.084
europe,30,dense_regional_deterministic,0.5,timely_leagueews,20261001,teamfight,0.0220485067147725,0.44866666666666666,0.368,0.08066666666666666
europe,30,dense_regional_deterministic,0.5,timely_leagueews,20261002,teamfight,0.021046301864101023,0.44333333333333336,0.36333333333333334,0.08
europe,30,dense_regional_deterministic,0.5,timely_leagueews,20260930,macro,0.0868537885085978,0.47488888888888886,0.35400000000000004,0.12088888888888889
europe,30,dense_regional_deterministic,0.5,timely_leagueews,20261001,macro,0.08778499007237661,0.4717777777777778,0.35777777777777775,0.11399999999999999
europe,30,dense_regional_deterministic,0.5,timely_leagueews,20261002,macro,0.08417028735318165,0.4673333333333334,0.35000000000000003,0.11733333333333335
europe,30,dense_regional_deterministic,0.5,timely_tcn,20260930,baron,0.15093167701863355,0.514,0.3873333333333333,0.12666666666666668
europe,30,dense_regional_deterministic,0.5,timely_tcn,20261001,baron,0.15714285714285714,0.508,0.38866666666666666,0.11933333333333333
europe,30,dense_regional_deterministic,0.5,timely_tcn,20261002,baron,0.1608695652173913,0.5073333333333333,0.3873333333333333,0.12
europe,30,dense_regional_deterministic,0.5,timely_tcn,20260930,dragon,0.08264610971674435,0.49866666666666665,0.344,0.15466666666666667
europe,30,dense_regional_deterministic,0.5,timely_tcn,20261001,dragon,0.08264610971674435,0.49066666666666664,0.31466666666666665,0.176
europe,30,dense_regional_deterministic,0.5,timely_tcn,20261002,dragon,0.08479741842954464,0.4886666666666667,0.3486666666666667,0.14
europe,30,dense_regional_deterministic,0.5,timely_tcn,20260930,teamfight,0.020444978953698137,0.444,0.3606666666666667,0.08333333333333333
europe,30,dense_regional_deterministic,0.5,timely_tcn,20261001,teamfight,0.02124674283423532,0.454,0.36866666666666664,0.08533333333333333
europe,30,dense_regional_deterministic,0.5,timely_tcn,20261002,teamfight,0.021447183804369614,0.42866666666666664,0.3526666666666667,0.076
europe,30,dense_regional_deterministic,0.5,timely_tcn,20260930,macro,0.08467425522969202,0.4855555555555555,0.36400000000000005,0.12155555555555554
europe,30,dense_regional_deterministic,0.5,timely_tcn,20261001,macro,0.08701190323127894,0.48422222222222217,0.35733333333333334,0.12688888888888888
europe,30,dense_regional_deterministic,0.5,timely_tcn,20261002,macro,0.08903805581710185,0.47488888888888886,0.36288888888888887,0.112
europe,30,dense_regional_deterministic,0.75,leagueews,20260930,baron,0.19875776397515527,0.7486666666666667,0.6066666666666667,0.142
europe,30,dense_regional_deterministic,0.75,leagueews,20261001,baron,0.19503105590062111,0.736,0.5966666666666667,0.13933333333333334
europe,30,dense_regional_deterministic,0.75,leagueews,20261002,baron,0.18944099378881987,0.756,0.6126666666666667,0.14333333333333334
europe,30,dense_regional_deterministic,0.75,leagueews,20260930,dragon,0.10882036572248117,0.7453333333333333,0.406,0.3393333333333333
europe,30,dense_regional_deterministic,0.75,leagueews,20261001,dragon,0.11115095016134816,0.752,0.41733333333333333,0.33466666666666667
europe,30,dense_regional_deterministic,0.75,leagueews,20261002,dragon,0.11545356758694873,0.7653333333333333,0.42933333333333334,0.336
europe,30,dense_regional_deterministic,0.75,leagueews,20260930,teamfight,0.030667468430547205,0.7126666666666667,0.5266666666666666,0.186
europe,30,dense_regional_deterministic,0.75,leagueews,20261001,teamfight,0.027460412908398478,0.6633333333333333,0.4846666666666667,0.17866666666666667
europe,30,dense_regional_deterministic,0.75,leagueews,20261002,teamfight,0.028362397274002808,0.688,0.5053333333333333,0.18266666666666667
europe,30,dense_regional_deterministic,0.75,leagueews,20260930,macro,0.11274853270939454,0.7355555555555555,0.5131111111111111,0.22244444444444444
europe,30,dense_regional_deterministic,0.75,leagueews,20261001,macro,0.11121413965678924,0.7171111111111111,0.4995555555555556,0.21755555555555553
europe,30,dense_regional_deterministic,0.75,leagueews,20261002,macro,0.11108565288325713,0.7364444444444445,0.5157777777777778,0.22066666666666668
europe,30,dense_regional_deterministic,0.75,tcn,20260930,baron,0.19440993788819877,0.764,0.6266666666666667,0.13733333333333334
europe,30,dense_regional_deterministic,0.75,tcn,20261001,baron,0.19316770186335402,0.7566666666666667,0.6173333333333333,0.13933333333333334
europe,30,dense_regional_deterministic,0.75,tcn,20261002,baron,0.19503105590062111,0.7913333333333333,0.65,0.14133333333333334
europe,30,dense_regional_deterministic,0.75,tcn,20260930,dragon,0.11473646468268196,0.7633333333333333,0.43066666666666664,0.33266666666666667
europe,30,dense_regional_deterministic,0.75,tcn,20261001,dragon,0.11007529580494801,0.7393333333333333,0.41333333333333333,0.326
europe,30,dense_regional_deterministic,0.75,tcn,20261002,dragon,0.11115095016134816,0.7546666666666667,0.422,0.33266666666666667
europe,30,dense_regional_deterministic,0.75,tcn,20260930,teamfight,0.026758869512928444,0.662,0.49133333333333334,0.17066666666666666
europe,30,dense_regional_deterministic,0.75,tcn,20261001,teamfight,0.028362397274002808,0.69,0.5193333333333333,0.17066666666666666
europe,30,dense_regional_deterministic,0.75,tcn,20261002,teamfight,0.02695931048306274,0.662,0.4886666666666667,0.17333333333333334
europe,30,dense_regional_deterministic,0.75,tcn,20260930,macro,0.11196842402793639,0.7297777777777777,0.5162222222222222,0.21355555555555553
europe,30,dense_regional_deterministic,0.75,tcn,20261001,macro,0.11053513164743495,0.7286666666666667,0.5166666666666666,0.212
europe,30,dense_regional_deterministic,0.75,tcn,20261002,macro,0.11104710551501067,0.7360000000000001,0.5202222222222223,0.21577777777777776
europe,30,dense_regional_deterministic,0.75,timely_leagueews,20260930,baron,0.2031055900621118,0.764,0.6213333333333333,0.14266666666666666
europe,30,dense_regional_deterministic,0.75,timely_leagueews,20261001,baron,0.1956521739130435,0.7606666666666667,0.6193333333333333,0.14133333333333334
europe,30,dense_regional_deterministic,0.75,timely_leagueews,20261002,baron,0.1906832298136646,0.7586666666666667,0.618,0.14066666666666666
europe,30,dense_regional_deterministic,0.75,timely_leagueews,20260930,dragon,0.11832197920401577,0.706,0.47,0.236
europe,30,dense_regional_deterministic,0.75,timely_leagueews,20261001,dragon,0.12513445679455001,0.732,0.49933333333333335,0.23266666666666666
europe,30,dense_regional_deterministic,0.75,timely_leagueews,20261002,dragon,0.11724632484761563,0.71,0.4806666666666667,0.22933333333333333
europe,30,dense_regional_deterministic,0.75,timely_leagueews,20260930,teamfight,0.03126879134095009,0.6886666666666666,0.5653333333333334,0.12333333333333334
europe,30,dense_regional_deterministic,0.75,timely_leagueews,20261001,teamfight,0.030266586490278614,0.676,0.5613333333333334,0.11466666666666667
europe,30,dense_regional_deterministic,0.75,timely_leagueews,20261002,teamfight,0.029665263579875728,0.6826666666666666,0.564,0.11866666666666667
europe,30,dense_regional_deterministic,0.75,timely_leagueews,20260930,macro,0.11756545353569255,0.7195555555555555,0.5522222222222223,0.16733333333333333
europe,30,dense_regional_deterministic,0.75,timely_leagueews,20261001,macro,0.11701773906595737,0.7228888888888889,0.56,0.1628888888888889
europe,30,dense_regional_deterministic,0.75,timely_leagueews,20261002,macro,0.11253160608038533,0.717111111111111,0.5542222222222222,0.1628888888888889
europe,30,dense_regional_deterministic,0.75,timely_tcn,20260930,baron,0.19751552795031055,0.7646666666666667,0.6253333333333333,0.13933333333333334
europe,30,dense_regional_deterministic,0.75,timely_tcn,20261001,baron,0.1937888198757764,0.7726666666666666,0.636,0.13666666666666666
europe,30,dense_regional_deterministic,0.75,timely_tcn,20261002,baron,0.19627329192546583,0.7673333333333333,0.6266666666666667,0.14066666666666666
europe,30,dense_regional_deterministic,0.75,timely_tcn,20260930,dragon,0.11652922194334887,0.7346666666666667,0.4866666666666667,0.248
europe,30,dense_regional_deterministic,0.75,timely_tcn,20261001,dragon,0.11419863750448189,0.7086666666666667,0.446,0.26266666666666666
europe,30,dense_regional_deterministic,0.75,timely_tcn,20261002,dragon,0.11348153460021514,0.694,0.476,0.218
europe,30,dense_regional_deterministic,0.75,timely_tcn,20260930,teamfight,0.02916416115453999,0.7146666666666667,0.5933333333333334,0.12133333333333333
europe,30,dense_regional_deterministic,0.75,timely_tcn,20261001,teamfight,0.028963720184405694,0.6953333333333334,0.5706666666666667,0.12466666666666666
europe,30,dense_regional_deterministic,0.75,timely_tcn,20261002,teamfight,0.029264381639607137,0.6966666666666667,0.5786666666666667,0.118
europe,30,dense_regional_deterministic,0.75,timely_tcn,20260930,macro,0.11440297034939982,0.738,0.5684444444444444,0.16955555555555554
europe,30,dense_regional_deterministic,0.75,timely_tcn,20261001,macro,0.11231705918822132,0.7255555555555556,0.5508888888888889,0.17466666666666666
europe,30,dense_regional_deterministic,0.75,timely_tcn,20261002,macro,0.11300640272176271,0.7193333333333333,0.5604444444444444,0.15888888888888889
europe,30,dense_regional_deterministic,1.0,leagueews,20260930,baron,0.22546583850931676,0.996,0.8473333333333334,0.14866666666666667
europe,30,dense_regional_deterministic,1.0,leagueews,20261001,baron,0.2236024844720497,1.0113333333333334,0.86,0.15133333333333332
europe,30,dense_regional_deterministic,1.0,leagueews,20261002,baron,0.21987577639751552,1.0066666666666666,0.854,0.15266666666666667
europe,30,dense_regional_deterministic,1.0,leagueews,20260930,dragon,0.14288275367515238,1.0093333333333334,0.608,0.4013333333333333
europe,30,dense_regional_deterministic,1.0,leagueews,20261001,dragon,0.1461097167443528,1.0093333333333334,0.61,0.3993333333333333
europe,30,dense_regional_deterministic,1.0,leagueews,20261002,dragon,0.14539261384008606,1.0146666666666666,0.616,0.39866666666666667
europe,30,dense_regional_deterministic,1.0,leagueews,20260930,teamfight,0.03678091801964321,0.9226666666666666,0.698,0.22466666666666665
europe,30,dense_regional_deterministic,1.0,leagueews,20261001,teamfight,0.035277610743636,0.8786666666666667,0.6606666666666666,0.218
europe,30,dense_regional_deterministic,1.0,leagueews,20261002,teamfight,0.035778713168971736,0.908,0.6893333333333334,0.21866666666666668
europe,30,dense_regional_deterministic,1.0,leagueews,20260930,macro,0.13504317006803745,0.9760000000000001,0.7177777777777777,0.25822222222222224
europe,30,dense_regional_deterministic,1.0,leagueews,20261001,macro,0.13499660398667948,0.9664444444444446,0.7102222222222222,0.2562222222222222
europe,30,dense_regional_deterministic,1.0,leagueews,20261002,macro,0.13368236780219112,0.9764444444444443,0.7197777777777778,0.25666666666666665
europe,30,dense_regional_deterministic,1.0,tcn,20260930,baron,0.22236024844720498,0.9913333333333333,0.8393333333333334,0.152
europe,30,dense_regional_deterministic,1.0,tcn,20261001,baron,0.21925465838509317,1.0066666666666666,0.8553333333333333,0.15133333333333332
europe,30,dense_regional_deterministic,1.0,tcn,20261002,baron,0.21614906832298136,1.0146666666666666,0.8633333333333333,0.15133333333333332
europe,30,dense_regional_deterministic,1.0,tcn,20260930,dragon,0.1466475439225529,1.0026666666666666,0.6086666666666667,0.394
europe,30,dense_regional_deterministic,1.0,tcn,20261001,dragon,0.14503406238795266,1.0026666666666666,0.612,0.39066666666666666
europe,30,dense_regional_deterministic,1.0,tcn,20261002,dragon,0.14557188956615275,0.9953333333333333,0.6093333333333333,0.386
europe,30,dense_regional_deterministic,1.0,tcn,20260930,teamfight,0.03627981559430748,0.904,0.6866666666666666,0.21733333333333332
europe,30,dense_regional_deterministic,1.0,tcn,20261001,teamfight,0.03607937462417318,0.9226666666666666,0.7013333333333334,0.22133333333333333
europe,30,dense_regional_deterministic,1.0,tcn,20261002,teamfight,0.035778713168971736,0.9026666666666666,0.688,0.21466666666666667
europe,30,dense_regional_deterministic,1.0,tcn,20260930,macro,0.13509586932135512,0.9659999999999999,0.7115555555555555,0.2544444444444445
europe,30,dense_regional_deterministic,1.0,tcn,20261001,macro,0.13345603179907303,0.9773333333333333,0.7228888888888889,0.2544444444444445
europe,30,dense_regional_deterministic,1.0,tcn,20261002,macro,0.13249989035270196,0.9708888888888888,0.7202222222222222,0.25066666666666665
europe,30,dense_regional_deterministic,1.0,timely_leagueews,20260930,baron,0.22732919254658385,0.98,0.8293333333333334,0.15066666666666667
europe,30,dense_regional_deterministic,1.0,timely_leagueews,20261001,baron,0.22298136645962732,0.996,0.8453333333333334,0.15066666666666667
europe,30,dense_regional_deterministic,1.0,timely_leagueews,20261002,baron,0.21925465838509317,0.9986666666666667,0.844,0.15466666666666667
europe,30,dense_regional_deterministic,1.0,timely_leagueews,20260930,dragon,0.1502330584438867,0.9566666666666667,0.6313333333333333,0.3253333333333333
europe,30,dense_regional_deterministic,1.0,timely_leagueews,20261001,dragon,0.16063105055575475,1.0006666666666666,0.6806666666666666,0.32
europe,30,dense_regional_deterministic,1.0,timely_leagueews,20261002,dragon,0.15507350304768736,0.9706666666666667,0.6526666666666666,0.318
europe,30,dense_regional_deterministic,1.0,timely_leagueews,20260930,teamfight,0.03888554820605332,0.9546666666666667,0.794,0.16066666666666668
europe,30,dense_regional_deterministic,1.0,timely_leagueews,20261001,teamfight,0.04058929645219483,0.9726666666666667,0.816,0.15666666666666668
europe,30,dense_regional_deterministic,1.0,timely_leagueews,20261002,teamfight,0.037181799959911804,0.916,0.7673333333333333,0.14866666666666667
europe,30,dense_regional_deterministic,1.0,timely_leagueews,20260930,macro,0.13881593306550796,0.9637777777777777,0.7515555555555555,0.21222222222222223
europe,30,dense_regional_deterministic,1.0,timely_leagueews,20261001,macro,0.14140057115585897,0.9897777777777778,0.7806666666666667,0.2091111111111111
europe,30,dense_regional_deterministic,1.0,timely_leagueews,20261002,macro,0.13716998713089745,0.9617777777777778,0.7546666666666666,0.2071111111111111
europe,30,dense_regional_deterministic,1.0,timely_tcn,20260930,baron,0.2236024844720497,1.004,0.856,0.148
europe,30,dense_regional_deterministic,1.0,timely_tcn,20261001,baron,0.2236024844720497,1.0193333333333334,0.8673333333333333,0.152
europe,30,dense_regional_deterministic,1.0,timely_tcn,20261002,baron,0.2248447204968944,1.0086666666666666,0.8553333333333333,0.15333333333333332
europe,30,dense_regional_deterministic,1.0,timely_tcn,20260930,dragon,0.15059160989602008,0.978,0.6606666666666666,0.31733333333333336
europe,30,dense_regional_deterministic,1.0,timely_tcn,20261001,dragon,0.14772319827895303,0.9666666666666667,0.6173333333333333,0.34933333333333333
europe,30,dense_regional_deterministic,1.0,timely_tcn,20261002,dragon,0.1518465399784869,0.9726666666666667,0.6633333333333333,0.30933333333333335
europe,30,dense_regional_deterministic,1.0,timely_tcn,20260930,teamfight,0.03848466626578473,0.932,0.7786666666666666,0.15333333333333332
europe,30,dense_regional_deterministic,1.0,timely_tcn,20261001,teamfight,0.03778312287031469,0.9553333333333334,0.7886666666666666,0.16666666666666666
europe,30,dense_regional_deterministic,1.0,timely_tcn,20261002,teamfight,0.03678091801964321,0.9506666666666667,0.794,0.15666666666666668
europe,30,dense_regional_deterministic,1.0,timely_tcn,20260930,macro,0.1375595868779515,0.9713333333333334,0.7651111111111111,0.20622222222222222
europe,30,dense_regional_deterministic,1.0,timely_tcn,20261001,macro,0.13636960187377248,0.9804444444444446,0.7577777777777778,0.22266666666666665
europe,30,dense_regional_deterministic,1.0,timely_tcn,20261002,macro,0.1378240594983415,0.9773333333333333,0.770888888888889,0.20644444444444443
europe,30,dense_regional_deterministic,mean,leagueews,20260930,baron,0.16940993788819875,0.6198333333333333,0.492,0.12783333333333335
europe,30,dense_regional_deterministic,mean,leagueews,20261001,baron,0.16925465838509315,0.6148333333333333,0.48616666666666664,0.12866666666666665
europe,30,dense_regional_deterministic,mean,leagueews,20261002,baron,0.1670807453416149,0.6214999999999999,0.4936666666666667,0.12783333333333335
europe,30,dense_regional_deterministic,mean,leagueews,20260930,dragon,0.09062387952671208,0.6121666666666667,0.33316666666666667,0.279
europe,30,dense_regional_deterministic,mean,leagueews,20261001,dragon,0.09241663678737899,0.6185,0.3385,0.28
europe,30,dense_regional_deterministic,mean,leagueews,20261002,dragon,0.09416457511652923,0.6181666666666666,0.3423333333333334,0.2758333333333334
europe,30,dense_regional_deterministic,mean,leagueews,20260930,teamfight,0.02400280617358188,0.5751666666666667,0.42233333333333334,0.15283333333333332
europe,30,dense_regional_deterministic,mean,leagueews,20261001,teamfight,0.02287532571657647,0.5548333333333333,0.4033333333333333,0.1515
europe,30,dense_regional_deterministic,mean,leagueews,20261002,teamfight,0.02352675886951293,0.5663333333333334,0.41500000000000004,0.15133333333333335
europe,30,dense_regional_deterministic,mean,leagueews,20260930,macro,0.09467887452949757,0.602388888888889,0.41583333333333333,0.18655555555555559
europe,30,dense_regional_deterministic,mean,leagueews,20261001,macro,0.09484887362968286,0.5960555555555556,0.4093333333333333,0.18672222222222223
europe,30,dense_regional_deterministic,mean,leagueews,20261002,macro,0.09492402644255236,0.602,0.41700000000000004,0.18500000000000003
europe,30,dense_regional_deterministic,mean,tcn,20260930,baron,0.1686335403726708,0.6253333333333333,0.4976666666666667,0.12766666666666668
europe,30,dense_regional_deterministic,mean,tcn,20261001,baron,0.16770186335403725,0.6295,0.5023333333333333,0.12716666666666665
europe,30,dense_regional_deterministic,mean,tcn,20261002,baron,0.16645962732919256,0.6351666666666667,0.509,0.12616666666666665
europe,30,dense_regional_deterministic,mean,tcn,20260930,dragon,0.09259591251344568,0.6246666666666667,0.3478333333333333,0.2768333333333334
europe,30,dense_regional_deterministic,mean,tcn,20261001,dragon,0.09169953388311222,0.6165,0.3426666666666667,0.2738333333333334
europe,30,dense_regional_deterministic,mean,tcn,20261002,dragon,0.09277518823951238,0.6188333333333333,0.3463333333333333,0.27249999999999996
europe,30,dense_regional_deterministic,mean,tcn,20260930,teamfight,0.023000601322910402,0.5551666666666667,0.40900000000000003,0.14616666666666667
europe,30,dense_regional_deterministic,mean,tcn,20261001,teamfight,0.02335137302064542,0.5683333333333334,0.41900000000000004,0.14933333333333332
europe,30,dense_regional_deterministic,mean,tcn,20261002,teamfight,0.02302565644417719,0.5666666666666667,0.417,0.14966666666666667
europe,30,dense_regional_deterministic,mean,tcn,20260930,macro,0.09474335140300898,0.6017222222222222,0.41816666666666674,0.18355555555555558
europe,30,dense_regional_deterministic,mean,tcn,20261001,macro,0.09425092341926498,0.6047777777777777,0.42133333333333334,0.18344444444444444
europe,30,dense_regional_deterministic,mean,tcn,20261002,macro,0.09408682400429404,0.6068888888888889,0.4241111111111111,0.1827777777777778
europe,30,dense_regional_deterministic,mean,timely_leagueews,20260930,baron,0.17251552795031055,0.6173333333333333,0.4896666666666667,0.12766666666666665
europe,30,dense_regional_deterministic,mean,timely_leagueews,20261001,baron,0.1703416149068323,0.6198333333333333,0.4926666666666667,0.12716666666666665
europe,30,dense_regional_deterministic,mean,timely_leagueews,20261002,baron,0.16475155279503106,0.6153333333333334,0.4873333333333333,0.128
europe,30,dense_regional_deterministic,mean,timely_leagueews,20260930,dragon,0.1012459662961635,0.6,0.4018333333333333,0.19816666666666666
europe,30,dense_regional_deterministic,mean,timely_leagueews,20261001,dragon,0.10469702402294728,0.6108333333333333,0.42266666666666663,0.18816666666666665
europe,30,dense_regional_deterministic,mean,timely_leagueews,20261002,dragon,0.10196306920043026,0.5986666666666667,0.4085,0.19016666666666665
europe,30,dense_regional_deterministic,mean,timely_leagueews,20260930,teamfight,0.025856885147324114,0.584,0.48033333333333333,0.10366666666666667
europe,30,dense_regional_deterministic,mean,timely_leagueews,20261001,teamfight,0.02613249148125877,0.5805,0.4816666666666667,0.09883333333333333
europe,30,dense_regional_deterministic,mean,timely_leagueews,20261002,teamfight,0.024929845660452997,0.565,0.46699999999999997,0.098
europe,30,dense_regional_deterministic,mean,timely_leagueews,20260930,macro,0.09987279313126605,0.6004444444444444,0.4572777777777777,0.14316666666666666
europe,30,dense_regional_deterministic,mean,timely_leagueews,20261001,macro,0.10039037680367946,0.6037222222222222,0.4656666666666667,0.13805555555555554
europe,30,dense_regional_deterministic,mean,timely_leagueews,20261002,macro,0.09721482255197143,0.593,0.4542777777777777,0.13872222222222222
europe,30,dense_regional_deterministic,mean,timely_tcn,20260930,baron,0.16816770186335403,0.6335000000000001,0.5061666666666667,0.12733333333333335
europe,30,dense_regional_deterministic,mean,timely_tcn,20261001,baron,0.16987577639751553,0.6393333333333333,0.5128333333333334,0.1265
europe,30,dense_regional_deterministic,mean,timely_tcn,20261002,baron,0.17080745341614906,0.6343333333333333,0.5078333333333334,0.1265
europe,30,dense_regional_deterministic,mean,timely_tcn,20260930,dragon,0.09999103621369668,0.6203333333333334,0.4225,0.19783333333333333
europe,30,dense_regional_deterministic,mean,timely_tcn,20261001,dragon,0.09806382215847974,0.6048333333333333,0.387,0.21783333333333332
europe,30,dense_regional_deterministic,mean,timely_tcn,20261002,dragon,0.09963248476156328,0.6068333333333333,0.42316666666666664,0.18366666666666667
europe,30,dense_regional_deterministic,mean,timely_tcn,20260930,teamfight,0.024604129083984766,0.578,0.47716666666666663,0.10083333333333333
europe,30,dense_regional_deterministic,mean,timely_tcn,20261001,teamfight,0.024779514932852277,0.5781666666666667,0.474,0.10416666666666666
europe,30,dense_regional_deterministic,mean,timely_tcn,20261002,teamfight,0.024528963720184406,0.571,0.47250000000000003,0.0985
europe,30,dense_regional_deterministic,mean,timely_tcn,20260930,macro,0.09758762238701184,0.6106111111111111,0.4686111111111111,0.14200000000000002
europe,30,dense_regional_deterministic,mean,timely_tcn,20261001,macro,0.09757303782961585,0.6074444444444445,0.45794444444444443,0.1495
europe,30,dense_regional_deterministic,mean,timely_tcn,20261002,macro,0.09832296729929892,0.6040555555555555,0.4678333333333334,0.13622222222222224
europe,60,deterministic,0.25,leagueews,20260930,baron,0.052795031055900624,0.23733333333333334,0.07866666666666666,0.15866666666666668
europe,60,deterministic,0.25,leagueews,20261001,baron,0.040372670807453416,0.18733333333333332,0.043333333333333335,0.144
europe,60,deterministic,0.25,leagueews,20261002,baron,0.04596273291925466,0.2,0.06266666666666666,0.13733333333333334
europe,60,deterministic,0.25,leagueews,20260930,dragon,0.013087128002868412,0.14066666666666666,0.014666666666666666,0.126
europe,60,deterministic,0.25,leagueews,20261001,dragon,0.016672642524202225,0.17933333333333334,0.022,0.15733333333333333
europe,60,deterministic,0.25,leagueews,20261002,dragon,0.013266403728935103,0.13666666666666666,0.016,0.12066666666666667
europe,60,deterministic,0.25,leagueews,20260930,teamfight,0.0050110242533573865,0.116,0.05,0.066
europe,60,deterministic,0.25,leagueews,20261001,teamfight,0.009220284626177591,0.184,0.09133333333333334,0.09266666666666666
europe,60,deterministic,0.25,leagueews,20261002,teamfight,0.005211465223491682,0.11333333333333333,0.048,0.06533333333333333
europe,60,deterministic,0.25,leagueews,20260930,macro,0.023631061104042145,0.16466666666666666,0.04777777777777777,0.11688888888888889
europe,60,deterministic,0.25,leagueews,20261001,macro,0.02208853265261108,0.18355555555555556,0.052222222222222225,0.13133333333333333
europe,60,deterministic,0.25,leagueews,20261002,macro,0.021480200623893813,0.15,0.04222222222222222,0.10777777777777779
europe,60,deterministic,0.25,tcn,20260930,baron,0.046583850931677016,0.21533333333333332,0.066,0.14933333333333335
europe,60,deterministic,0.25,tcn,20261001,baron,0.046583850931677016,0.24,0.08533333333333333,0.15466666666666667
europe,60,deterministic,0.25,tcn,20261002,baron,0.04161490683229813,0.19066666666666668,0.059333333333333335,0.13133333333333333
europe,60,deterministic,0.25,tcn,20260930,dragon,0.016314091072068843,0.14533333333333334,0.016,0.12933333333333333
europe,60,deterministic,0.25,tcn,20261001,dragon,0.010218716385801362,0.10466666666666667,0.008,0.09666666666666666
europe,60,deterministic,0.25,tcn,20261002,dragon,0.01972032986733596,0.17266666666666666,0.024,0.14866666666666667
europe,60,deterministic,0.25,tcn,20260930,teamfight,0.004710362798155943,0.09466666666666666,0.03933333333333333,0.05533333333333333
europe,60,deterministic,0.25,tcn,20261001,teamfight,0.005411906193625977,0.10533333333333333,0.04666666666666667,0.058666666666666666
europe,60,deterministic,0.25,tcn,20261002,teamfight,0.002906394066947284,0.066,0.025333333333333333,0.04066666666666666
europe,60,deterministic,0.25,tcn,20260930,macro,0.022536101600633934,0.1517777777777778,0.04044444444444444,0.11133333333333334
europe,60,deterministic,0.25,tcn,20261001,macro,0.020738157837034785,0.15,0.04666666666666666,0.10333333333333333
europe,60,deterministic,0.25,tcn,20261002,macro,0.021413876922193792,0.1431111111111111,0.036222222222222225,0.10688888888888891
europe,60,deterministic,0.25,timely_leagueews,20260930,baron,0.019254658385093167,0.058666666666666666,0.038,0.020666666666666667
europe,60,deterministic,0.25,timely_leagueews,20261001,baron,0.027950310559006212,0.05466666666666667,0.03133333333333333,0.023333333333333334
europe,60,deterministic,0.25,timely_leagueews,20261002,baron,0.021739130434782608,0.050666666666666665,0.037333333333333336,0.013333333333333334
europe,60,deterministic,0.25,timely_leagueews,20260930,dragon,0.06202940121907494,0.10466666666666667,0.09,0.014666666666666666
europe,60,deterministic,0.25,timely_leagueews,20261001,dragon,0.0512728576550735,0.07866666666666666,0.07,0.008666666666666666
europe,60,deterministic,0.25,timely_leagueews,20261002,dragon,0.059160989602007885,0.09533333333333334,0.084,0.011333333333333334
europe,60,deterministic,0.25,timely_leagueews,20260930,teamfight,0.012126678693124875,0.10533333333333333,0.088,0.017333333333333333
europe,60,deterministic,0.25,timely_leagueews,20261001,teamfight,0.01232711966325917,0.114,0.09333333333333334,0.020666666666666667
europe,60,deterministic,0.25,timely_leagueews,20261002,teamfight,0.010823812387251955,0.094,0.07733333333333334,0.016666666666666666
europe,60,deterministic,0.25,timely_leagueews,20260930,macro,0.031136912765764326,0.08955555555555555,0.072,0.017555555555555557
europe,60,deterministic,0.25,timely_leagueews,20261001,macro,0.030516762625779625,0.08244444444444445,0.06488888888888888,0.017555555555555557
europe,60,deterministic,0.25,timely_leagueews,20261002,macro,0.030574644141347484,0.08,0.06622222222222222,0.013777777777777778
europe,60,deterministic,0.25,timely_tcn,20260930,baron,0.06397515527950311,0.18866666666666668,0.12866666666666668,0.06
europe,60,deterministic,0.25,timely_tcn,20261001,baron,0.055900621118012424,0.16333333333333333,0.10933333333333334,0.054
europe,60,deterministic,0.25,timely_tcn,20261002,baron,0.03850931677018633,0.12066666666666667,0.086,0.034666666666666665
europe,60,deterministic,0.25,timely_tcn,20260930,dragon,0.0589817138759412,0.08533333333333333,0.07333333333333333,0.012
europe,60,deterministic,0.25,timely_tcn,20261001,dragon,0.10702760846181426,0.20066666666666666,0.154,0.04666666666666667
europe,60,deterministic,0.25,timely_tcn,20261002,dragon,0.04697024022947293,0.066,0.056666666666666664,0.009333333333333334
europe,60,deterministic,0.25,timely_tcn,20260930,teamfight,0.014030867909400682,0.12066666666666667,0.10333333333333333,0.017333333333333333
europe,60,deterministic,0.25,timely_tcn,20261001,teamfight,0.009921828021647625,0.082,0.07,0.012
europe,60,deterministic,0.25,timely_tcn,20261002,teamfight,0.010823812387251955,0.09333333333333334,0.078,0.015333333333333332
europe,60,deterministic,0.25,timely_tcn,20260930,macro,0.045662579021614996,0.13155555555555556,0.10177777777777779,0.029777777777777775
europe,60,deterministic,0.25,timely_tcn,20261001,macro,0.0576166858671581,0.14866666666666667,0.1111111111111111,0.03755555555555556
europe,60,deterministic,0.25,timely_tcn,20261002,macro,0.032101123128970406,0.09333333333333334,0.07355555555555555,0.019777777777777776
europe,60,deterministic,0.5,leagueews,20260930,baron,0.10559006211180125,0.4046666666666667,0.204,0.20066666666666666
europe,60,deterministic,0.5,leagueews,20261001,baron,0.09254658385093167,0.36466666666666664,0.166,0.19866666666666666
europe,60,deterministic,0.5,leagueews,20261002,baron,0.13478260869565217,0.48933333333333334,0.2633333333333333,0.226
europe,60,deterministic,0.5,leagueews,20260930,dragon,0.013087128002868412,0.14066666666666666,0.014666666666666666,0.126
europe,60,deterministic,0.5,leagueews,20261001,dragon,0.016672642524202225,0.17933333333333334,0.022,0.15733333333333333
europe,60,deterministic,0.5,leagueews,20261002,dragon,0.013266403728935103,0.13666666666666666,0.016,0.12066666666666667
europe,60,deterministic,0.5,leagueews,20260930,teamfight,0.016536380036079375,0.292,0.15266666666666667,0.13933333333333334
europe,60,deterministic,0.5,leagueews,20261001,teamfight,0.009220284626177591,0.184,0.09133333333333334,0.09266666666666666
europe,60,deterministic,0.5,leagueews,20261002,teamfight,0.017137702946482262,0.296,0.154,0.142
europe,60,deterministic,0.5,leagueews,20260930,macro,0.045071190050249677,0.2791111111111111,0.12377777777777776,0.15533333333333332
europe,60,deterministic,0.5,leagueews,20261001,macro,0.03947983700043716,0.24266666666666667,0.0931111111111111,0.14955555555555555
europe,60,deterministic,0.5,leagueews,20261002,macro,0.05506223845702318,0.3073333333333333,0.14444444444444446,0.1628888888888889
europe,60,deterministic,0.5,tcn,20260930,baron,0.10559006211180125,0.43933333333333335,0.23,0.20933333333333334
europe,60,deterministic,0.5,tcn,20261001,baron,0.09565217391304348,0.406,0.2,0.206
europe,60,deterministic,0.5,tcn,20261002,baron,0.11925465838509317,0.4573333333333333,0.24066666666666667,0.21666666666666667
europe,60,deterministic,0.5,tcn,20260930,dragon,0.016314091072068843,0.14533333333333334,0.016,0.12933333333333333
europe,60,deterministic,0.5,tcn,20261001,dragon,0.010218716385801362,0.10466666666666667,0.008,0.09666666666666666
europe,60,deterministic,0.5,tcn,20261002,dragon,0.01972032986733596,0.17266666666666666,0.024,0.14866666666666667
europe,60,deterministic,0.5,tcn,20260930,teamfight,0.013830426939266387,0.2713333333333333,0.138,0.13333333333333333
europe,60,deterministic,0.5,tcn,20261001,teamfight,0.01593505712567649,0.30133333333333334,0.154,0.14733333333333334
europe,60,deterministic,0.5,tcn,20261002,teamfight,0.012527560633393466,0.23866666666666667,0.12133333333333333,0.11733333333333333
europe,60,deterministic,0.5,tcn,20260930,macro,0.04524486004104549,0.2853333333333333,0.128,0.15733333333333333
europe,60,deterministic,0.5,tcn,20261001,macro,0.040601982474840446,0.27066666666666667,0.12066666666666666,0.15
europe,60,deterministic,0.5,tcn,20261002,macro,0.050500849628607535,0.28955555555555557,0.12866666666666668,0.1608888888888889
europe,60,deterministic,0.5,timely_leagueews,20260930,baron,0.1,0.278,0.186,0.092
europe,60,deterministic,0.5,timely_leagueews,20261001,baron,0.11180124223602485,0.326,0.22933333333333333,0.09666666666666666
europe,60,deterministic,0.5,timely_leagueews,20261002,baron,0.10186335403726708,0.31266666666666665,0.23866666666666667,0.074
europe,60,deterministic,0.5,timely_leagueews,20260930,dragon,0.1389386877016852,0.2946666666666667,0.244,0.050666666666666665
europe,60,deterministic,0.5,timely_leagueews,20261001,dragon,0.1860882036572248,0.44533333333333336,0.36133333333333334,0.084
europe,60,deterministic,0.5,timely_leagueews,20261002,dragon,0.13822158479741842,0.28933333333333333,0.24266666666666667,0.04666666666666667
europe,60,deterministic,0.5,timely_leagueews,20260930,teamfight,0.03187011425135298,0.30333333333333334,0.254,0.04933333333333333
europe,60,deterministic,0.5,timely_leagueews,20261001,teamfight,0.031168570855882944,0.31266666666666665,0.2633333333333333,0.04933333333333333
europe,60,deterministic,0.5,timely_leagueews,20261002,teamfight,0.027660853878532773,0.2653333333333333,0.22133333333333333,0.044
europe,60,deterministic,0.5,timely_leagueews,20260930,macro,0.09026960065101274,0.292,0.22799999999999998,0.064
europe,60,deterministic,0.5,timely_leagueews,20261001,macro,0.1096860055830442,0.36133333333333334,0.2846666666666667,0.07666666666666667
europe,60,deterministic,0.5,timely_leagueews,20261002,macro,0.08924859757107277,0.2891111111111111,0.23422222222222222,0.0548888888888889
europe,60,deterministic,0.5,timely_tcn,20260930,baron,0.13291925465838508,0.416,0.3006666666666667,0.11533333333333333
europe,60,deterministic,0.5,timely_tcn,20261001,baron,0.12049689440993788,0.35533333333333333,0.24933333333333332,0.106
europe,60,deterministic,0.5,timely_tcn,20261002,baron,0.12049689440993788,0.35933333333333334,0.27266666666666667,0.08666666666666667
europe,60,deterministic,0.5,timely_tcn,20260930,dragon,0.13929723915381859,0.292,0.23466666666666666,0.05733333333333333
europe,60,deterministic,0.5,timely_tcn,20261001,dragon,0.1823234134098243,0.444,0.3293333333333333,0.11466666666666667
europe,60,deterministic,0.5,timely_tcn,20261002,dragon,0.19254212979562568,0.48,0.3873333333333333,0.09266666666666666
europe,60,deterministic,0.5,timely_tcn,20260930,teamfight,0.03407496492283023,0.35933333333333334,0.30466666666666664,0.05466666666666667
europe,60,deterministic,0.5,timely_tcn,20261001,teamfight,0.02826217678893566,0.2826666666666667,0.232,0.050666666666666665
europe,60,deterministic,0.5,timely_tcn,20261002,teamfight,0.03126879134095009,0.31666666666666665,0.268,0.048666666666666664
europe,60,deterministic,0.5,timely_tcn,20260930,macro,0.10209715291167798,0.35577777777777775,0.27999999999999997,0.07577777777777778
europe,60,deterministic,0.5,timely_tcn,20261001,macro,0.11036082820289929,0.3606666666666667,0.2702222222222222,0.09044444444444444
europe,60,deterministic,0.5,timely_tcn,20261002,macro,0.1147692718488379,0.3853333333333333,0.3093333333333333,0.076
europe,60,deterministic,0.75,leagueews,20260930,baron,0.18571428571428572,0.672,0.416,0.256
europe,60,deterministic,0.75,leagueews,20261001,baron,0.18198757763975154,0.6433333333333333,0.39466666666666667,0.24866666666666667
europe,60,deterministic,0.75,leagueews,20261002,baron,0.18385093167701863,0.6386666666666667,0.38466666666666666,0.254
europe,60,deterministic,0.75,leagueews,20260930,dragon,0.09358192900681248,0.6166666666666667,0.124,0.49266666666666664
europe,60,deterministic,0.75,leagueews,20261001,dragon,0.10559340265328075,0.6686666666666666,0.144,0.5246666666666666
europe,60,deterministic,0.75,leagueews,20261002,dragon,0.10415919684474723,0.6446666666666667,0.138,0.5066666666666667
europe,60,deterministic,0.75,leagueews,20260930,teamfight,0.03918620966125476,0.6346666666666667,0.36666666666666664,0.268
europe,60,deterministic,0.75,leagueews,20261001,teamfight,0.025255562236921228,0.4693333333333333,0.26066666666666666,0.20866666666666667
europe,60,deterministic,0.75,leagueews,20261002,teamfight,0.037582681900180395,0.6326666666666667,0.37466666666666665,0.258
europe,60,deterministic,0.75,leagueews,20260930,macro,0.10616080812745099,0.6411111111111112,0.3022222222222222,0.33888888888888885
europe,60,deterministic,0.75,leagueews,20261001,macro,0.1042788475099845,0.5937777777777777,0.26644444444444443,0.3273333333333333
europe,60,deterministic,0.75,leagueews,20261002,macro,0.10853093680731542,0.6386666666666667,0.2991111111111111,0.3395555555555556
europe,60,deterministic,0.75,tcn,20260930,baron,0.18198757763975154,0.6973333333333334,0.44466666666666665,0.25266666666666665
europe,60,deterministic,0.75,tcn,20261001,baron,0.17577639751552795,0.6486666666666666,0.39866666666666667,0.25
europe,60,deterministic,0.75,tcn,20261002,baron,0.15838509316770186,0.598,0.35333333333333333,0.24466666666666667
europe,60,deterministic,0.75,tcn,20260930,dragon,0.10882036572248117,0.682,0.156,0.526
europe,60,deterministic,0.75,tcn,20261001,dragon,0.08121190390821083,0.5453333333333333,0.104,0.44133333333333336
europe,60,deterministic,0.75,tcn,20261002,dragon,0.01972032986733596,0.17266666666666666,0.024,0.14866666666666667
europe,60,deterministic,0.75,tcn,20260930,teamfight,0.03668069753457607,0.6093333333333333,0.35733333333333334,0.252
europe,60,deterministic,0.75,tcn,20261001,teamfight,0.036881138504710365,0.6286666666666667,0.36733333333333335,0.2613333333333333
europe,60,deterministic,0.75,tcn,20261002,teamfight,0.032872319102024455,0.5453333333333333,0.31266666666666665,0.23266666666666666
europe,60,deterministic,0.75,tcn,20260930,macro,0.10916288029893627,0.6628888888888889,0.3193333333333333,0.34355555555555556
europe,60,deterministic,0.75,tcn,20261001,macro,0.09795647997614972,0.6075555555555555,0.29000000000000004,0.31755555555555554
europe,60,deterministic,0.75,tcn,20261002,macro,0.07032591404568743,0.4386666666666666,0.22999999999999998,0.20866666666666667
europe,60,deterministic,0.75,timely_leagueews,20260930,baron,0.17391304347826086,0.5206666666666667,0.37266666666666665,0.148
europe,60,deterministic,0.75,timely_leagueews,20261001,baron,0.19440993788819877,0.604,0.44733333333333336,0.15666666666666668
europe,60,deterministic,0.75,timely_leagueews,20261002,baron,0.20062111801242236,0.6353333333333333,0.494,0.14133333333333334
europe,60,deterministic,0.75,timely_leagueews,20260930,dragon,0.2090354965937612,0.5233333333333333,0.41,0.11333333333333333
europe,60,deterministic,0.75,timely_leagueews,20261001,dragon,0.24005019720329868,0.6646666666666666,0.518,0.14666666666666667
europe,60,deterministic,0.75,timely_leagueews,20261002,dragon,0.21064897812836142,0.5366666666666666,0.43133333333333335,0.10533333333333333
europe,60,deterministic,0.75,timely_leagueews,20260930,teamfight,0.03187011425135298,0.30333333333333334,0.254,0.04933333333333333
europe,60,deterministic,0.75,timely_leagueews,20261001,teamfight,0.031168570855882944,0.31266666666666665,0.2633333333333333,0.04933333333333333
europe,60,deterministic,0.75,timely_leagueews,20261002,teamfight,0.05612347163760273,0.6533333333333333,0.5466666666666666,0.10666666666666667
europe,60,deterministic,0.75,timely_leagueews,20260930,macro,0.13827288477445834,0.44911111111111107,0.34555555555555556,0.10355555555555555
europe,60,deterministic,0.75,timely_leagueews,20261001,macro,0.1552095686491268,0.5271111111111111,0.4095555555555556,0.11755555555555557
europe,60,deterministic,0.75,timely_leagueews,20261002,macro,0.15579785592612885,0.6084444444444445,0.49066666666666664,0.11777777777777777
europe,60,deterministic,0.75,timely_tcn,20260930,baron,0.19751552795031055,0.662,0.48133333333333334,0.18066666666666667
europe,60,deterministic,0.75,timely_tcn,20261001,baron,0.18074534161490682,0.606,0.4266666666666667,0.17933333333333334
europe,60,deterministic,0.75,timely_tcn,20261002,baron,0.20062111801242236,0.6806666666666666,0.516,0.16466666666666666
europe,60,deterministic,0.75,timely_tcn,20260930,dragon,0.20276084618142703,0.5313333333333333,0.42133333333333334,0.11
europe,60,deterministic,0.75,timely_tcn,20261001,dragon,0.24381498745069918,0.6746666666666666,0.48533333333333334,0.18933333333333333
europe,60,deterministic,0.75,timely_tcn,20261002,dragon,0.24686267479383292,0.6953333333333334,0.5393333333333333,0.156
europe,60,deterministic,0.75,timely_tcn,20260930,teamfight,0.03407496492283023,0.35933333333333334,0.30466666666666664,0.05466666666666667
europe,60,deterministic,0.75,timely_tcn,20261001,teamfight,0.02826217678893566,0.2826666666666667,0.232,0.050666666666666665
europe,60,deterministic,0.75,timely_tcn,20261002,teamfight,0.03126879134095009,0.31666666666666665,0.268,0.048666666666666664
europe,60,deterministic,0.75,timely_tcn,20260930,macro,0.14478377968485592,0.5175555555555555,0.40244444444444444,0.11511111111111112
europe,60,deterministic,0.75,timely_tcn,20261001,macro,0.15094083528484722,0.5211111111111111,0.38133333333333336,0.13977777777777778
europe,60,deterministic,0.75,timely_tcn,20261002,macro,0.15958419471573512,0.5642222222222222,0.4411111111111112,0.1231111111111111
europe,60,deterministic,1.0,leagueews,20260930,baron,0.23043478260869565,0.864,0.5833333333333334,0.2806666666666667
europe,60,deterministic,1.0,leagueews,20261001,baron,0.2372670807453416,0.8253333333333334,0.5526666666666666,0.27266666666666667
europe,60,deterministic,1.0,leagueews,20261002,baron,0.2329192546583851,0.854,0.5773333333333334,0.27666666666666667
europe,60,deterministic,1.0,leagueews,20260930,dragon,0.09358192900681248,0.6166666666666667,0.124,0.49266666666666664
europe,60,deterministic,1.0,leagueews,20261001,dragon,0.10559340265328075,0.6686666666666666,0.144,0.5246666666666666
europe,60,deterministic,1.0,leagueews,20261002,dragon,0.10415919684474723,0.6446666666666667,0.138,0.5066666666666667
europe,60,deterministic,1.0,leagueews,20260930,teamfight,0.03918620966125476,0.6346666666666667,0.36666666666666664,0.268
europe,60,deterministic,1.0,leagueews,20261001,teamfight,0.05431950290639407,0.9386666666666666,0.5733333333333334,0.36533333333333334
europe,60,deterministic,1.0,leagueews,20261002,teamfight,0.037582681900180395,0.6326666666666667,0.37466666666666665,0.258
europe,60,deterministic,1.0,leagueews,20260930,macro,0.12106764042558764,0.705111111111111,0.35800000000000004,0.3471111111111111
europe,60,deterministic,1.0,leagueews,20261001,macro,0.1323933287683388,0.8108888888888889,0.42333333333333334,0.3875555555555555
europe,60,deterministic,1.0,leagueews,20261002,macro,0.1248870444677709,0.7104444444444445,0.36333333333333334,0.34711111111111115
europe,60,deterministic,1.0,tcn,20260930,baron,0.22422360248447204,0.8413333333333334,0.568,0.2733333333333333
europe,60,deterministic,1.0,tcn,20261001,baron,0.21925465838509317,0.8173333333333334,0.5453333333333333,0.272
europe,60,deterministic,1.0,tcn,20261002,baron,0.26149068322981367,0.9413333333333334,0.6573333333333333,0.284
europe,60,deterministic,1.0,tcn,20260930,dragon,0.10882036572248117,0.682,0.156,0.526
europe,60,deterministic,1.0,tcn,20261001,dragon,0.08121190390821083,0.5453333333333333,0.104,0.44133333333333336
europe,60,deterministic,1.0,tcn,20261002,dragon,0.12979562567228398,0.738,0.172,0.566
europe,60,deterministic,1.0,tcn,20260930,teamfight,0.03668069753457607,0.6093333333333333,0.35733333333333334,0.252
europe,60,deterministic,1.0,tcn,20261001,teamfight,0.036881138504710365,0.6286666666666667,0.36733333333333335,0.2613333333333333
europe,60,deterministic,1.0,tcn,20261002,teamfight,0.032872319102024455,0.5453333333333333,0.31266666666666665,0.23266666666666666
europe,60,deterministic,1.0,tcn,20260930,macro,0.12324155524717643,0.7108888888888889,0.3604444444444444,0.3504444444444445
europe,60,deterministic,1.0,tcn,20261001,macro,0.11244923359933812,0.6637777777777778,0.33888888888888885,0.3248888888888889
europe,60,deterministic,1.0,tcn,20261002,macro,0.14138620933470736,0.7415555555555556,0.38066666666666665,0.3608888888888888
europe,60,deterministic,1.0,timely_leagueews,20260930,baron,0.24161490683229814,0.7693333333333333,0.57,0.19933333333333333
europe,60,deterministic,1.0,timely_leagueews,20261001,baron,0.25838509316770186,0.8633333333333333,0.658,0.20533333333333334
europe,60,deterministic,1.0,timely_leagueews,20261002,baron,0.27391304347826084,0.9353333333333333,0.7393333333333333,0.196
europe,60,deterministic,1.0,timely_leagueews,20260930,dragon,0.26550735030476874,0.7613333333333333,0.5673333333333334,0.194
europe,60,deterministic,1.0,timely_leagueews,20261001,dragon,0.28791681606310504,0.9053333333333333,0.6706666666666666,0.23466666666666666
europe,60,deterministic,1.0,timely_leagueews,20261002,dragon,0.27052707063463605,0.7993333333333333,0.6,0.19933333333333333
europe,60,deterministic,1.0,timely_leagueews,20260930,teamfight,0.06353978753257165,0.738,0.6133333333333333,0.12466666666666666
europe,60,deterministic,1.0,timely_leagueews,20261001,teamfight,0.06374022850270596,0.7526666666666667,0.6293333333333333,0.12333333333333334
europe,60,deterministic,1.0,timely_leagueews,20261002,teamfight,0.05612347163760273,0.6533333333333333,0.5466666666666666,0.10666666666666667
europe,60,deterministic,1.0,timely_leagueews,20260930,macro,0.19022068155654615,0.7562222222222221,0.5835555555555555,0.17266666666666666
europe,60,deterministic,1.0,timely_leagueews,20261001,macro,0.2033473792445043,0.8404444444444444,0.6526666666666666,0.1877777777777778
europe,60,deterministic,1.0,timely_leagueews,20261002,macro,0.20018786191683322,0.7959999999999999,0.6286666666666666,0.16733333333333333
europe,60,deterministic,1.0,timely_tcn,20260930,baron,0.2577639751552795,0.916,0.6766666666666666,0.23933333333333334
europe,60,deterministic,1.0,timely_tcn,20261001,baron,0.2527950310559006,0.868,0.6426666666666667,0.22533333333333333
europe,60,deterministic,1.0,timely_tcn,20261002,baron,0.20062111801242236,0.6806666666666666,0.516,0.16466666666666666
europe,60,deterministic,1.0,timely_tcn,20260930,dragon,0.2581570455360344,0.7613333333333333,0.58,0.18133333333333335
europe,60,deterministic,1.0,timely_tcn,20261001,dragon,0.29437074220150594,0.9433333333333334,0.65,0.29333333333333333
europe,60,deterministic,1.0,timely_tcn,20261002,dragon,0.2941914664754392,0.9613333333333334,0.6993333333333334,0.262
europe,60,deterministic,1.0,timely_tcn,20260930,teamfight,0.06554419723391461,0.8173333333333334,0.686,0.13133333333333333
europe,60,deterministic,1.0,timely_tcn,20261001,teamfight,0.06203648025656444,0.714,0.5906666666666667,0.12333333333333334
europe,60,deterministic,1.0,timely_tcn,20261002,teamfight,0.06514331529364602,0.77,0.6353333333333333,0.13466666666666666
europe,60,deterministic,1.0,timely_tcn,20260930,macro,0.19382173930840949,0.8315555555555556,0.6475555555555556,0.18400000000000002
europe,60,deterministic,1.0,timely_tcn,20261001,macro,0.20306741783799032,0.8417777777777777,0.6277777777777779,0.21399999999999997
europe,60,deterministic,1.0,timely_tcn,20261002,macro,0.18665196659383587,0.8039999999999999,0.6168888888888889,0.1871111111111111
europe,60,deterministic,mean,leagueews,20260930,baron,0.14363354037267081,0.5445,0.3205,0.22399999999999998
europe,60,deterministic,mean,leagueews,20261001,baron,0.13804347826086957,0.5051666666666667,0.2891666666666667,0.21600000000000003
europe,60,deterministic,mean,leagueews,20261002,baron,0.14937888198757765,0.5455,0.32199999999999995,0.22349999999999998
europe,60,deterministic,mean,leagueews,20260930,dragon,0.05333452850484044,0.3786666666666667,0.06933333333333333,0.3093333333333333
europe,60,deterministic,mean,leagueews,20261001,dragon,0.061133022588741495,0.42400000000000004,0.08299999999999999,0.34099999999999997
europe,60,deterministic,mean,leagueews,20261002,dragon,0.058712800286841164,0.3906666666666667,0.07700000000000001,0.31366666666666665
europe,60,deterministic,mean,leagueews,20260930,teamfight,0.02497995590298657,0.41933333333333334,0.23399999999999999,0.18533333333333335
europe,60,deterministic,mean,leagueews,20261001,teamfight,0.02450390859891762,0.44399999999999995,0.25416666666666665,0.18983333333333335
europe,60,deterministic,mean,leagueews,20261002,teamfight,0.024378632992583683,0.4186666666666667,0.23783333333333334,0.18083333333333335
europe,60,deterministic,mean,leagueews,20260930,macro,0.07398267492683261,0.4475,0.20794444444444446,0.23955555555555552
europe,60,deterministic,mean,leagueews,20261001,macro,0.0745601364828429,0.4577222222222222,0.20877777777777776,0.2489444444444444
europe,60,deterministic,mean,leagueews,20261002,macro,0.07749010508900084,0.45161111111111113,0.2122777777777778,0.23933333333333331
europe,60,deterministic,mean,tcn,20260930,baron,0.13959627329192548,0.5483333333333333,0.32716666666666666,0.22116666666666665
europe,60,deterministic,mean,tcn,20261001,baron,0.13431677018633542,0.528,0.30733333333333335,0.22066666666666668
europe,60,deterministic,mean,tcn,20261002,baron,0.14518633540372672,0.5468333333333333,0.32766666666666666,0.21916666666666668
europe,60,deterministic,mean,tcn,20260930,dragon,0.06256722839727501,0.41366666666666674,0.086,0.32766666666666666
europe,60,deterministic,mean,tcn,20261001,dragon,0.0457153101470061,0.325,0.055999999999999994,0.269
europe,60,deterministic,mean,tcn,20261002,dragon,0.047239153818572965,0.314,0.061,0.253
europe,60,deterministic,mean,tcn,20260930,teamfight,0.022975546201643618,0.39616666666666667,0.22299999999999998,0.17316666666666666
europe,60,deterministic,mean,tcn,20261001,teamfight,0.0237773100821808,0.41600000000000004,0.23383333333333334,0.18216666666666664
europe,60,deterministic,mean,tcn,20261002,teamfight,0.020294648226097417,0.34883333333333333,0.193,0.15583333333333332
europe,60,deterministic,mean,tcn,20260930,macro,0.07504634929694803,0.45272222222222225,0.21205555555555555,0.24066666666666667
europe,60,deterministic,mean,tcn,20261001,macro,0.06793646347184078,0.42300000000000004,0.19905555555555554,0.22394444444444442
europe,60,deterministic,mean,tcn,20261002,macro,0.07090671248279903,0.4032222222222222,0.1938888888888889,0.20933333333333334
europe,60,deterministic,mean,timely_leagueews,20260930,baron,0.13369565217391305,0.4066666666666667,0.29166666666666663,0.11499999999999999
europe,60,deterministic,mean,timely_leagueews,20261001,baron,0.14813664596273293,0.46199999999999997,0.3415,0.1205
europe,60,deterministic,mean,timely_leagueews,20261002,baron,0.14953416149068322,0.4835,0.3773333333333333,0.10616666666666667
europe,60,deterministic,mean,timely_leagueews,20260930,dragon,0.16887773395482253,0.42100000000000004,0.3278333333333333,0.09316666666666666
europe,60,deterministic,mean,timely_leagueews,20261001,dragon,0.1913320186446755,0.5235000000000001,0.405,0.1185
europe,60,deterministic,mean,timely_leagueews,20261002,dragon,0.16963965579060594,0.4301666666666667,0.3395,0.09066666666666667
europe,60,deterministic,mean,timely_leagueews,20260930,teamfight,0.034851673682100626,0.3625,0.30233333333333334,0.06016666666666666
europe,60,deterministic,mean,timely_leagueews,20261001,teamfight,0.034601122469432755,0.373,0.3123333333333333,0.060666666666666674
europe,60,deterministic,mean,timely_leagueews,20261002,teamfight,0.037682902385247546,0.4165,0.348,0.0685
europe,60,deterministic,mean,timely_leagueews,20260930,macro,0.1124750199369454,0.39672222222222225,0.30727777777777776,0.08944444444444444
europe,60,deterministic,mean,timely_leagueews,20261001,macro,0.12468992902561372,0.45283333333333337,0.35294444444444445,0.09988888888888887
europe,60,deterministic,mean,timely_leagueews,20261002,macro,0.11895223988884555,0.44338888888888883,0.35494444444444445,0.08844444444444445
europe,60,deterministic,mean,timely_tcn,20260930,baron,0.16304347826086957,0.5456666666666666,0.39683333333333337,0.14883333333333332
europe,60,deterministic,mean,timely_tcn,20261001,baron,0.15248447204968943,0.49816666666666665,0.35700000000000004,0.14116666666666666
europe,60,deterministic,mean,timely_tcn,20261002,baron,0.14006211180124223,0.46033333333333337,0.3476666666666667,0.11266666666666666
europe,60,deterministic,mean,timely_tcn,20260930,dragon,0.1647992111868053,0.4175,0.32733333333333337,0.09016666666666667
europe,60,deterministic,mean,timely_tcn,20261001,dragon,0.20688418788096094,0.5656666666666667,0.4046666666666666,0.161
europe,60,deterministic,mean,timely_tcn,20261002,dragon,0.19514162782359268,0.5506666666666666,0.42066666666666663,0.13
europe,60,deterministic,mean,timely_tcn,20260930,teamfight,0.03693124874724393,0.4141666666666667,0.3496666666666667,0.0645
europe,60,deterministic,mean,timely_tcn,20261001,teamfight,0.03212066546402085,0.3403333333333333,0.2811666666666667,0.059166666666666666
europe,60,deterministic,mean,timely_tcn,20261002,teamfight,0.03462617759069954,0.37416666666666665,0.31233333333333335,0.06183333333333333
europe,60,deterministic,mean,timely_tcn,20260930,macro,0.12159131273163959,0.4591111111111111,0.35794444444444445,0.10116666666666667
europe,60,deterministic,mean,timely_tcn,20261001,macro,0.13049644179822376,0.4680555555555555,0.3476111111111111,0.12044444444444445
europe,60,deterministic,mean,timely_tcn,20261002,macro,0.12327663907184482,0.4617222222222222,0.3602222222222222,0.10149999999999999
europe,60,regional_deterministic,0.25,leagueews,20260930,baron,0.052795031055900624,0.23733333333333334,0.07866666666666666,0.15866666666666668
europe,60,regional_deterministic,0.25,leagueews,20261001,baron,0.040372670807453416,0.18733333333333332,0.043333333333333335,0.144
europe,60,regional_deterministic,0.25,leagueews,20261002,baron,0.04596273291925466,0.2,0.06266666666666666,0.13733333333333334
europe,60,regional_deterministic,0.25,leagueews,20260930,dragon,0.013087128002868412,0.14066666666666666,0.014666666666666666,0.126
europe,60,regional_deterministic,0.25,leagueews,20261001,dragon,0.016672642524202225,0.17933333333333334,0.022,0.15733333333333333
europe,60,regional_deterministic,0.25,leagueews,20261002,dragon,0.013266403728935103,0.13666666666666666,0.016,0.12066666666666667
europe,60,regional_deterministic,0.25,leagueews,20260930,teamfight,0.0050110242533573865,0.116,0.05,0.066
europe,60,regional_deterministic,0.25,leagueews,20261001,teamfight,0.009220284626177591,0.184,0.09133333333333334,0.09266666666666666
europe,60,regional_deterministic,0.25,leagueews,20261002,teamfight,0.005211465223491682,0.11333333333333333,0.048,0.06533333333333333
europe,60,regional_deterministic,0.25,leagueews,20260930,macro,0.023631061104042145,0.16466666666666666,0.04777777777777777,0.11688888888888889
europe,60,regional_deterministic,0.25,leagueews,20261001,macro,0.02208853265261108,0.18355555555555556,0.052222222222222225,0.13133333333333333
europe,60,regional_deterministic,0.25,leagueews,20261002,macro,0.021480200623893813,0.15,0.04222222222222222,0.10777777777777779
europe,60,regional_deterministic,0.25,tcn,20260930,baron,0.046583850931677016,0.21533333333333332,0.066,0.14933333333333335
europe,60,regional_deterministic,0.25,tcn,20261001,baron,0.046583850931677016,0.24,0.08533333333333333,0.15466666666666667
europe,60,regional_deterministic,0.25,tcn,20261002,baron,0.04161490683229813,0.19066666666666668,0.059333333333333335,0.13133333333333333
europe,60,regional_deterministic,0.25,tcn,20260930,dragon,0.016314091072068843,0.14533333333333334,0.016,0.12933333333333333
europe,60,regional_deterministic,0.25,tcn,20261001,dragon,0.010218716385801362,0.10466666666666667,0.008,0.09666666666666666
europe,60,regional_deterministic,0.25,tcn,20261002,dragon,0.01972032986733596,0.17266666666666666,0.024,0.14866666666666667
europe,60,regional_deterministic,0.25,tcn,20260930,teamfight,0.004710362798155943,0.09466666666666666,0.03933333333333333,0.05533333333333333
europe,60,regional_deterministic,0.25,tcn,20261001,teamfight,0.005411906193625977,0.10533333333333333,0.04666666666666667,0.058666666666666666
europe,60,regional_deterministic,0.25,tcn,20261002,teamfight,0.002906394066947284,0.066,0.025333333333333333,0.04066666666666666
europe,60,regional_deterministic,0.25,tcn,20260930,macro,0.022536101600633934,0.1517777777777778,0.04044444444444444,0.11133333333333334
europe,60,regional_deterministic,0.25,tcn,20261001,macro,0.020738157837034785,0.15,0.04666666666666666,0.10333333333333333
europe,60,regional_deterministic,0.25,tcn,20261002,macro,0.021413876922193792,0.1431111111111111,0.036222222222222225,0.10688888888888891
europe,60,regional_deterministic,0.25,timely_leagueews,20260930,baron,0.1,0.278,0.186,0.092
europe,60,regional_deterministic,0.25,timely_leagueews,20261001,baron,0.027950310559006212,0.05466666666666667,0.03133333333333333,0.023333333333333334
europe,60,regional_deterministic,0.25,timely_leagueews,20261002,baron,0.021739130434782608,0.050666666666666665,0.037333333333333336,0.013333333333333334
europe,60,regional_deterministic,0.25,timely_leagueews,20260930,dragon,0.06202940121907494,0.10466666666666667,0.09,0.014666666666666666
europe,60,regional_deterministic,0.25,timely_leagueews,20261001,dragon,0.0512728576550735,0.07866666666666666,0.07,0.008666666666666666
europe,60,regional_deterministic,0.25,timely_leagueews,20261002,dragon,0.059160989602007885,0.09533333333333334,0.084,0.011333333333333334
europe,60,regional_deterministic,0.25,timely_leagueews,20260930,teamfight,0.012126678693124875,0.10533333333333333,0.088,0.017333333333333333
europe,60,regional_deterministic,0.25,timely_leagueews,20261001,teamfight,0.01232711966325917,0.114,0.09333333333333334,0.020666666666666667
europe,60,regional_deterministic,0.25,timely_leagueews,20261002,teamfight,0.027660853878532773,0.2653333333333333,0.22133333333333333,0.044
europe,60,regional_deterministic,0.25,timely_leagueews,20260930,macro,0.05805202663739994,0.16266666666666668,0.12133333333333333,0.04133333333333333
europe,60,regional_deterministic,0.25,timely_leagueews,20261001,macro,0.030516762625779625,0.08244444444444445,0.06488888888888888,0.017555555555555557
europe,60,regional_deterministic,0.25,timely_leagueews,20261002,macro,0.03618699130510775,0.1371111111111111,0.11422222222222222,0.02288888888888889
europe,60,regional_deterministic,0.25,timely_tcn,20260930,baron,0.06397515527950311,0.18866666666666668,0.12866666666666668,0.06
europe,60,regional_deterministic,0.25,timely_tcn,20261001,baron,0.055900621118012424,0.16333333333333333,0.10933333333333334,0.054
europe,60,regional_deterministic,0.25,timely_tcn,20261002,baron,0.03850931677018633,0.12066666666666667,0.086,0.034666666666666665
europe,60,regional_deterministic,0.25,timely_tcn,20260930,dragon,0.0589817138759412,0.08533333333333333,0.07333333333333333,0.012
europe,60,regional_deterministic,0.25,timely_tcn,20261001,dragon,0.10702760846181426,0.20066666666666666,0.154,0.04666666666666667
europe,60,regional_deterministic,0.25,timely_tcn,20261002,dragon,0.04697024022947293,0.066,0.056666666666666664,0.009333333333333334
europe,60,regional_deterministic,0.25,timely_tcn,20260930,teamfight,0.014030867909400682,0.12066666666666667,0.10333333333333333,0.017333333333333333
europe,60,regional_deterministic,0.25,timely_tcn,20261001,teamfight,0.009921828021647625,0.082,0.07,0.012
europe,60,regional_deterministic,0.25,timely_tcn,20261002,teamfight,0.010823812387251955,0.09333333333333334,0.078,0.015333333333333332
europe,60,regional_deterministic,0.25,timely_tcn,20260930,macro,0.045662579021614996,0.13155555555555556,0.10177777777777779,0.029777777777777775
europe,60,regional_deterministic,0.25,timely_tcn,20261001,macro,0.0576166858671581,0.14866666666666667,0.1111111111111111,0.03755555555555556
europe,60,regional_deterministic,0.25,timely_tcn,20261002,macro,0.032101123128970406,0.09333333333333334,0.07355555555555555,0.019777777777777776
europe,60,regional_deterministic,0.5,leagueews,20260930,baron,0.10559006211180125,0.4046666666666667,0.204,0.20066666666666666
europe,60,regional_deterministic,0.5,leagueews,20261001,baron,0.1298136645962733,0.48733333333333334,0.26066666666666666,0.22666666666666666
europe,60,regional_deterministic,0.5,leagueews,20261002,baron,0.13478260869565217,0.48933333333333334,0.2633333333333333,0.226
europe,60,regional_deterministic,0.5,leagueews,20260930,dragon,0.013087128002868412,0.14066666666666666,0.014666666666666666,0.126
europe,60,regional_deterministic,0.5,leagueews,20261001,dragon,0.016672642524202225,0.17933333333333334,0.022,0.15733333333333333
europe,60,regional_deterministic,0.5,leagueews,20261002,dragon,0.013266403728935103,0.13666666666666666,0.016,0.12066666666666667
europe,60,regional_deterministic,0.5,leagueews,20260930,teamfight,0.016536380036079375,0.292,0.15266666666666667,0.13933333333333334
europe,60,regional_deterministic,0.5,leagueews,20261001,teamfight,0.009220284626177591,0.184,0.09133333333333334,0.09266666666666666
europe,60,regional_deterministic,0.5,leagueews,20261002,teamfight,0.017137702946482262,0.296,0.154,0.142
europe,60,regional_deterministic,0.5,leagueews,20260930,macro,0.045071190050249677,0.2791111111111111,0.12377777777777776,0.15533333333333332
europe,60,regional_deterministic,0.5,leagueews,20261001,macro,0.051902197248884376,0.28355555555555556,0.12466666666666666,0.15888888888888889
europe,60,regional_deterministic,0.5,leagueews,20261002,macro,0.05506223845702318,0.3073333333333333,0.14444444444444446,0.1628888888888889
europe,60,regional_deterministic,0.5,tcn,20260930,baron,0.10559006211180125,0.43933333333333335,0.23,0.20933333333333334
europe,60,regional_deterministic,0.5,tcn,20261001,baron,0.13478260869565217,0.5146666666666667,0.2846666666666667,0.23
europe,60,regional_deterministic,0.5,tcn,20261002,baron,0.11925465838509317,0.4573333333333333,0.24066666666666667,0.21666666666666667
europe,60,regional_deterministic,0.5,tcn,20260930,dragon,0.016314091072068843,0.14533333333333334,0.016,0.12933333333333333
europe,60,regional_deterministic,0.5,tcn,20261001,dragon,0.010218716385801362,0.10466666666666667,0.008,0.09666666666666666
europe,60,regional_deterministic,0.5,tcn,20261002,dragon,0.01972032986733596,0.17266666666666666,0.024,0.14866666666666667
europe,60,regional_deterministic,0.5,tcn,20260930,teamfight,0.013830426939266387,0.2713333333333333,0.138,0.13333333333333333
europe,60,regional_deterministic,0.5,tcn,20261001,teamfight,0.01593505712567649,0.30133333333333334,0.154,0.14733333333333334
europe,60,regional_deterministic,0.5,tcn,20261002,teamfight,0.012527560633393466,0.23866666666666667,0.12133333333333333,0.11733333333333333
europe,60,regional_deterministic,0.5,tcn,20260930,macro,0.04524486004104549,0.2853333333333333,0.128,0.15733333333333333
europe,60,regional_deterministic,0.5,tcn,20261001,macro,0.053645460735710006,0.30688888888888893,0.14888888888888888,0.158
europe,60,regional_deterministic,0.5,tcn,20261002,macro,0.050500849628607535,0.28955555555555557,0.12866666666666668,0.1608888888888889
europe,60,regional_deterministic,0.5,timely_leagueews,20260930,baron,0.17391304347826086,0.5206666666666667,0.37266666666666665,0.148
europe,60,regional_deterministic,0.5,timely_leagueews,20261001,baron,0.11180124223602485,0.326,0.22933333333333333,0.09666666666666666
europe,60,regional_deterministic,0.5,timely_leagueews,20261002,baron,0.10186335403726708,0.31266666666666665,0.23866666666666667,0.074
europe,60,regional_deterministic,0.5,timely_leagueews,20260930,dragon,0.1389386877016852,0.2946666666666667,0.244,0.050666666666666665
europe,60,regional_deterministic,0.5,timely_leagueews,20261001,dragon,0.1860882036572248,0.44533333333333336,0.36133333333333334,0.084
europe,60,regional_deterministic,0.5,timely_leagueews,20261002,dragon,0.13822158479741842,0.28933333333333333,0.24266666666666667,0.04666666666666667
europe,60,regional_deterministic,0.5,timely_leagueews,20260930,teamfight,0.03187011425135298,0.30333333333333334,0.254,0.04933333333333333
europe,60,regional_deterministic,0.5,timely_leagueews,20261001,teamfight,0.031168570855882944,0.31266666666666665,0.2633333333333333,0.04933333333333333
europe,60,regional_deterministic,0.5,timely_leagueews,20261002,teamfight,0.027660853878532773,0.2653333333333333,0.22133333333333333,0.044
europe,60,regional_deterministic,0.5,timely_leagueews,20260930,macro,0.11490728181043301,0.372888888888889,0.2902222222222222,0.08266666666666667
europe,60,regional_deterministic,0.5,timely_leagueews,20261001,macro,0.1096860055830442,0.36133333333333334,0.2846666666666667,0.07666666666666667
europe,60,regional_deterministic,0.5,timely_leagueews,20261002,macro,0.08924859757107277,0.2891111111111111,0.23422222222222222,0.0548888888888889
europe,60,regional_deterministic,0.5,timely_tcn,20260930,baron,0.13291925465838508,0.416,0.3006666666666667,0.11533333333333333
europe,60,regional_deterministic,0.5,timely_tcn,20261001,baron,0.12049689440993788,0.35533333333333333,0.24933333333333332,0.106
europe,60,regional_deterministic,0.5,timely_tcn,20261002,baron,0.12049689440993788,0.35933333333333334,0.27266666666666667,0.08666666666666667
europe,60,regional_deterministic,0.5,timely_tcn,20260930,dragon,0.13929723915381859,0.292,0.23466666666666666,0.05733333333333333
europe,60,regional_deterministic,0.5,timely_tcn,20261001,dragon,0.1823234134098243,0.444,0.3293333333333333,0.11466666666666667
europe,60,regional_deterministic,0.5,timely_tcn,20261002,dragon,0.19254212979562568,0.48,0.3873333333333333,0.09266666666666666
europe,60,regional_deterministic,0.5,timely_tcn,20260930,teamfight,0.03407496492283023,0.35933333333333334,0.30466666666666664,0.05466666666666667
europe,60,regional_deterministic,0.5,timely_tcn,20261001,teamfight,0.02826217678893566,0.2826666666666667,0.232,0.050666666666666665
europe,60,regional_deterministic,0.5,timely_tcn,20261002,teamfight,0.03126879134095009,0.31666666666666665,0.268,0.048666666666666664
europe,60,regional_deterministic,0.5,timely_tcn,20260930,macro,0.10209715291167798,0.35577777777777775,0.27999999999999997,0.07577777777777778
europe,60,regional_deterministic,0.5,timely_tcn,20261001,macro,0.11036082820289929,0.3606666666666667,0.2702222222222222,0.09044444444444444
europe,60,regional_deterministic,0.5,timely_tcn,20261002,macro,0.1147692718488379,0.3853333333333333,0.3093333333333333,0.076
europe,60,regional_deterministic,0.75,leagueews,20260930,baron,0.18571428571428572,0.672,0.416,0.256
europe,60,regional_deterministic,0.75,leagueews,20261001,baron,0.18198757763975154,0.6433333333333333,0.39466666666666667,0.24866666666666667
europe,60,regional_deterministic,0.75,leagueews,20261002,baron,0.18385093167701863,0.6386666666666667,0.38466666666666666,0.254
europe,60,regional_deterministic,0.75,leagueews,20260930,dragon,0.09358192900681248,0.6166666666666667,0.124,0.49266666666666664
europe,60,regional_deterministic,0.75,leagueews,20261001,dragon,0.10559340265328075,0.6686666666666666,0.144,0.5246666666666666
europe,60,regional_deterministic,0.75,leagueews,20261002,dragon,0.10415919684474723,0.6446666666666667,0.138,0.5066666666666667
europe,60,regional_deterministic,0.75,leagueews,20260930,teamfight,0.03918620966125476,0.6346666666666667,0.36666666666666664,0.268
europe,60,regional_deterministic,0.75,leagueews,20261001,teamfight,0.025255562236921228,0.4693333333333333,0.26066666666666666,0.20866666666666667
europe,60,regional_deterministic,0.75,leagueews,20261002,teamfight,0.037582681900180395,0.6326666666666667,0.37466666666666665,0.258
europe,60,regional_deterministic,0.75,leagueews,20260930,macro,0.10616080812745099,0.6411111111111112,0.3022222222222222,0.33888888888888885
europe,60,regional_deterministic,0.75,leagueews,20261001,macro,0.1042788475099845,0.5937777777777777,0.26644444444444443,0.3273333333333333
europe,60,regional_deterministic,0.75,leagueews,20261002,macro,0.10853093680731542,0.6386666666666667,0.2991111111111111,0.3395555555555556
europe,60,regional_deterministic,0.75,tcn,20260930,baron,0.18198757763975154,0.6973333333333334,0.44466666666666665,0.25266666666666665
europe,60,regional_deterministic,0.75,tcn,20261001,baron,0.17577639751552795,0.6486666666666666,0.39866666666666667,0.25
europe,60,regional_deterministic,0.75,tcn,20261002,baron,0.20993788819875778,0.7586666666666667,0.49333333333333335,0.2653333333333333
europe,60,regional_deterministic,0.75,tcn,20260930,dragon,0.10882036572248117,0.682,0.156,0.526
europe,60,regional_deterministic,0.75,tcn,20261001,dragon,0.08121190390821083,0.5453333333333333,0.104,0.44133333333333336
europe,60,regional_deterministic,0.75,tcn,20261002,dragon,0.12979562567228398,0.738,0.172,0.566
europe,60,regional_deterministic,0.75,tcn,20260930,teamfight,0.03668069753457607,0.6093333333333333,0.35733333333333334,0.252
europe,60,regional_deterministic,0.75,tcn,20261001,teamfight,0.036881138504710365,0.6286666666666667,0.36733333333333335,0.2613333333333333
europe,60,regional_deterministic,0.75,tcn,20261002,teamfight,0.032872319102024455,0.5453333333333333,0.31266666666666665,0.23266666666666666
europe,60,regional_deterministic,0.75,tcn,20260930,macro,0.10916288029893627,0.6628888888888889,0.3193333333333333,0.34355555555555556
europe,60,regional_deterministic,0.75,tcn,20261001,macro,0.09795647997614972,0.6075555555555555,0.29000000000000004,0.31755555555555554
europe,60,regional_deterministic,0.75,tcn,20261002,macro,0.12420194432435543,0.6806666666666666,0.326,0.35466666666666663
europe,60,regional_deterministic,0.75,timely_leagueews,20260930,baron,0.24161490683229814,0.7693333333333333,0.57,0.19933333333333333
europe,60,regional_deterministic,0.75,timely_leagueews,20261001,baron,0.19440993788819877,0.604,0.44733333333333336,0.15666666666666668
europe,60,regional_deterministic,0.75,timely_leagueews,20261002,baron,0.20062111801242236,0.6353333333333333,0.494,0.14133333333333334
europe,60,regional_deterministic,0.75,timely_leagueews,20260930,dragon,0.2090354965937612,0.5233333333333333,0.41,0.11333333333333333
europe,60,regional_deterministic,0.75,timely_leagueews,20261001,dragon,0.24005019720329868,0.6646666666666666,0.518,0.14666666666666667
europe,60,regional_deterministic,0.75,timely_leagueews,20261002,dragon,0.21064897812836142,0.5366666666666666,0.43133333333333335,0.10533333333333333
europe,60,regional_deterministic,0.75,timely_leagueews,20260930,teamfight,0.06353978753257165,0.738,0.6133333333333333,0.12466666666666666
europe,60,regional_deterministic,0.75,timely_leagueews,20261001,teamfight,0.031168570855882944,0.31266666666666665,0.2633333333333333,0.04933333333333333
europe,60,regional_deterministic,0.75,timely_leagueews,20261002,teamfight,0.05612347163760273,0.6533333333333333,0.5466666666666666,0.10666666666666667
europe,60,regional_deterministic,0.75,timely_leagueews,20260930,macro,0.17139673031954364,0.676888888888889,0.5311111111111111,0.14577777777777776
europe,60,regional_deterministic,0.75,timely_leagueews,20261001,macro,0.1552095686491268,0.5271111111111111,0.4095555555555556,0.11755555555555557
europe,60,regional_deterministic,0.75,timely_leagueews,20261002,macro,0.15579785592612885,0.6084444444444445,0.49066666666666664,0.11777777777777777
europe,60,regional_deterministic,0.75,timely_tcn,20260930,baron,0.19751552795031055,0.662,0.48133333333333334,0.18066666666666667
europe,60,regional_deterministic,0.75,timely_tcn,20261001,baron,0.18074534161490682,0.606,0.4266666666666667,0.17933333333333334
europe,60,regional_deterministic,0.75,timely_tcn,20261002,baron,0.20062111801242236,0.6806666666666666,0.516,0.16466666666666666
europe,60,regional_deterministic,0.75,timely_tcn,20260930,dragon,0.20276084618142703,0.5313333333333333,0.42133333333333334,0.11
europe,60,regional_deterministic,0.75,timely_tcn,20261001,dragon,0.24381498745069918,0.6746666666666666,0.48533333333333334,0.18933333333333333
europe,60,regional_deterministic,0.75,timely_tcn,20261002,dragon,0.24686267479383292,0.6953333333333334,0.5393333333333333,0.156
europe,60,regional_deterministic,0.75,timely_tcn,20260930,teamfight,0.03407496492283023,0.35933333333333334,0.30466666666666664,0.05466666666666667
europe,60,regional_deterministic,0.75,timely_tcn,20261001,teamfight,0.06203648025656444,0.714,0.5906666666666667,0.12333333333333334
europe,60,regional_deterministic,0.75,timely_tcn,20261002,teamfight,0.03126879134095009,0.31666666666666665,0.268,0.048666666666666664
europe,60,regional_deterministic,0.75,timely_tcn,20260930,macro,0.14478377968485592,0.5175555555555555,0.40244444444444444,0.11511111111111112
europe,60,regional_deterministic,0.75,timely_tcn,20261001,macro,0.1621989364407235,0.6648888888888889,0.5008888888888889,0.164
europe,60,regional_deterministic,0.75,timely_tcn,20261002,macro,0.15958419471573512,0.5642222222222222,0.4411111111111112,0.1231111111111111
europe,60,regional_deterministic,1.0,leagueews,20260930,baron,0.23043478260869565,0.864,0.5833333333333334,0.2806666666666667
europe,60,regional_deterministic,1.0,leagueews,20261001,baron,0.2372670807453416,0.8253333333333334,0.5526666666666666,0.27266666666666667
europe,60,regional_deterministic,1.0,leagueews,20261002,baron,0.2329192546583851,0.854,0.5773333333333334,0.27666666666666667
europe,60,regional_deterministic,1.0,leagueews,20260930,dragon,0.09358192900681248,0.6166666666666667,0.124,0.49266666666666664
europe,60,regional_deterministic,1.0,leagueews,20261001,dragon,0.10559340265328075,0.6686666666666666,0.144,0.5246666666666666
europe,60,regional_deterministic,1.0,leagueews,20261002,dragon,0.10415919684474723,0.6446666666666667,0.138,0.5066666666666667
europe,60,regional_deterministic,1.0,leagueews,20260930,teamfight,0.03918620966125476,0.6346666666666667,0.36666666666666664,0.268
europe,60,regional_deterministic,1.0,leagueews,20261001,teamfight,0.05431950290639407,0.9386666666666666,0.5733333333333334,0.36533333333333334
europe,60,regional_deterministic,1.0,leagueews,20261002,teamfight,0.037582681900180395,0.6326666666666667,0.37466666666666665,0.258
europe,60,regional_deterministic,1.0,leagueews,20260930,macro,0.12106764042558764,0.705111111111111,0.35800000000000004,0.3471111111111111
europe,60,regional_deterministic,1.0,leagueews,20261001,macro,0.1323933287683388,0.8108888888888889,0.42333333333333334,0.3875555555555555
europe,60,regional_deterministic,1.0,leagueews,20261002,macro,0.1248870444677709,0.7104444444444445,0.36333333333333334,0.34711111111111115
europe,60,regional_deterministic,1.0,tcn,20260930,baron,0.2708074534161491,1.0153333333333334,0.7233333333333334,0.292
europe,60,regional_deterministic,1.0,tcn,20261001,baron,0.2670807453416149,0.9853333333333333,0.6986666666666667,0.2866666666666667
europe,60,regional_deterministic,1.0,tcn,20261002,baron,0.26149068322981367,0.9413333333333334,0.6573333333333333,0.284
europe,60,regional_deterministic,1.0,tcn,20260930,dragon,0.10882036572248117,0.682,0.156,0.526
europe,60,regional_deterministic,1.0,tcn,20261001,dragon,0.18590892793115812,0.998,0.29333333333333333,0.7046666666666667
europe,60,regional_deterministic,1.0,tcn,20261002,dragon,0.12979562567228398,0.738,0.172,0.566
europe,60,regional_deterministic,1.0,tcn,20260930,teamfight,0.03668069753457607,0.6093333333333333,0.35733333333333334,0.252
europe,60,regional_deterministic,1.0,tcn,20261001,teamfight,0.036881138504710365,0.6286666666666667,0.36733333333333335,0.2613333333333333
europe,60,regional_deterministic,1.0,tcn,20261002,teamfight,0.032872319102024455,0.5453333333333333,0.31266666666666665,0.23266666666666666
europe,60,regional_deterministic,1.0,tcn,20260930,macro,0.13876950555773546,0.7688888888888888,0.41222222222222227,0.3566666666666667
europe,60,regional_deterministic,1.0,tcn,20261001,macro,0.16329027059249449,0.8706666666666667,0.4531111111111111,0.4175555555555556
europe,60,regional_deterministic,1.0,tcn,20261002,macro,0.14138620933470736,0.7415555555555556,0.38066666666666665,0.3608888888888888
europe,60,regional_deterministic,1.0,timely_leagueews,20260930,baron,0.24161490683229814,0.7693333333333333,0.57,0.19933333333333333
europe,60,regional_deterministic,1.0,timely_leagueews,20261001,baron,0.25838509316770186,0.8633333333333333,0.658,0.20533333333333334
europe,60,regional_deterministic,1.0,timely_leagueews,20261002,baron,0.27391304347826084,0.9353333333333333,0.7393333333333333,0.196
europe,60,regional_deterministic,1.0,timely_leagueews,20260930,dragon,0.26550735030476874,0.7613333333333333,0.5673333333333334,0.194
europe,60,regional_deterministic,1.0,timely_leagueews,20261001,dragon,0.28791681606310504,0.9053333333333333,0.6706666666666666,0.23466666666666666
europe,60,regional_deterministic,1.0,timely_leagueews,20261002,dragon,0.27052707063463605,0.7993333333333333,0.6,0.19933333333333333
europe,60,regional_deterministic,1.0,timely_leagueews,20260930,teamfight,0.06353978753257165,0.738,0.6133333333333333,0.12466666666666666
europe,60,regional_deterministic,1.0,timely_leagueews,20261001,teamfight,0.06374022850270596,0.7526666666666667,0.6293333333333333,0.12333333333333334
europe,60,regional_deterministic,1.0,timely_leagueews,20261002,teamfight,0.05612347163760273,0.6533333333333333,0.5466666666666666,0.10666666666666667
europe,60,regional_deterministic,1.0,timely_leagueews,20260930,macro,0.19022068155654615,0.7562222222222221,0.5835555555555555,0.17266666666666666
europe,60,regional_deterministic,1.0,timely_leagueews,20261001,macro,0.2033473792445043,0.8404444444444444,0.6526666666666666,0.1877777777777778
europe,60,regional_deterministic,1.0,timely_leagueews,20261002,macro,0.20018786191683322,0.7959999999999999,0.6286666666666666,0.16733333333333333
europe,60,regional_deterministic,1.0,timely_tcn,20260930,baron,0.2577639751552795,0.916,0.6766666666666666,0.23933333333333334
europe,60,regional_deterministic,1.0,timely_tcn,20261001,baron,0.2527950310559006,0.868,0.6426666666666667,0.22533333333333333
europe,60,regional_deterministic,1.0,timely_tcn,20261002,baron,0.2826086956521739,1.0093333333333334,0.7786666666666666,0.23066666666666666
europe,60,regional_deterministic,1.0,timely_tcn,20260930,dragon,0.2581570455360344,0.7613333333333333,0.58,0.18133333333333335
europe,60,regional_deterministic,1.0,timely_tcn,20261001,dragon,0.29437074220150594,0.9433333333333334,0.65,0.29333333333333333
europe,60,regional_deterministic,1.0,timely_tcn,20261002,dragon,0.2941914664754392,0.9613333333333334,0.6993333333333334,0.262
europe,60,regional_deterministic,1.0,timely_tcn,20260930,teamfight,0.06554419723391461,0.8173333333333334,0.686,0.13133333333333333
europe,60,regional_deterministic,1.0,timely_tcn,20261001,teamfight,0.06203648025656444,0.714,0.5906666666666667,0.12333333333333334
europe,60,regional_deterministic,1.0,timely_tcn,20261002,teamfight,0.06514331529364602,0.77,0.6353333333333333,0.13466666666666666
europe,60,regional_deterministic,1.0,timely_tcn,20260930,macro,0.19382173930840949,0.8315555555555556,0.6475555555555556,0.18400000000000002
europe,60,regional_deterministic,1.0,timely_tcn,20261001,macro,0.20306741783799032,0.8417777777777777,0.6277777777777779,0.21399999999999997
europe,60,regional_deterministic,1.0,timely_tcn,20261002,macro,0.2139811591404197,0.9135555555555556,0.7044444444444444,0.2091111111111111
europe,60,regional_deterministic,mean,leagueews,20260930,baron,0.14363354037267081,0.5445,0.3205,0.22399999999999998
europe,60,regional_deterministic,mean,leagueews,20261001,baron,0.14736024844720497,0.5358333333333334,0.3128333333333333,0.22299999999999998
europe,60,regional_deterministic,mean,leagueews,20261002,baron,0.14937888198757765,0.5455,0.32199999999999995,0.22349999999999998
europe,60,regional_deterministic,mean,leagueews,20260930,dragon,0.05333452850484044,0.3786666666666667,0.06933333333333333,0.3093333333333333
europe,60,regional_deterministic,mean,leagueews,20261001,dragon,0.061133022588741495,0.42400000000000004,0.08299999999999999,0.34099999999999997
europe,60,regional_deterministic,mean,leagueews,20261002,dragon,0.058712800286841164,0.3906666666666667,0.07700000000000001,0.31366666666666665
europe,60,regional_deterministic,mean,leagueews,20260930,teamfight,0.02497995590298657,0.41933333333333334,0.23399999999999999,0.18533333333333335
europe,60,regional_deterministic,mean,leagueews,20261001,teamfight,0.02450390859891762,0.44399999999999995,0.25416666666666665,0.18983333333333335
europe,60,regional_deterministic,mean,leagueews,20261002,teamfight,0.024378632992583683,0.4186666666666667,0.23783333333333334,0.18083333333333335
europe,60,regional_deterministic,mean,leagueews,20260930,macro,0.07398267492683261,0.4475,0.20794444444444446,0.23955555555555552
europe,60,regional_deterministic,mean,leagueews,20261001,macro,0.0776657265449547,0.4679444444444445,0.21666666666666665,0.25127777777777777
europe,60,regional_deterministic,mean,leagueews,20261002,macro,0.07749010508900084,0.45161111111111113,0.2122777777777778,0.23933333333333331
europe,60,regional_deterministic,mean,tcn,20260930,baron,0.1512422360248447,0.5918333333333334,0.366,0.22583333333333333
europe,60,regional_deterministic,mean,tcn,20261001,baron,0.15605590062111802,0.5971666666666666,0.36683333333333334,0.23033333333333333
europe,60,regional_deterministic,mean,tcn,20261002,baron,0.1580745341614907,0.587,0.3626666666666667,0.22433333333333333
europe,60,regional_deterministic,mean,tcn,20260930,dragon,0.06256722839727501,0.41366666666666674,0.086,0.32766666666666666
europe,60,regional_deterministic,mean,tcn,20261001,dragon,0.07188956615274292,0.4381666666666667,0.10333333333333333,0.3348333333333333
europe,60,regional_deterministic,mean,tcn,20261002,dragon,0.07475797776980997,0.4553333333333333,0.09799999999999999,0.3573333333333333
europe,60,regional_deterministic,mean,tcn,20260930,teamfight,0.022975546201643618,0.39616666666666667,0.22299999999999998,0.17316666666666666
europe,60,regional_deterministic,mean,tcn,20261001,teamfight,0.0237773100821808,0.41600000000000004,0.23383333333333334,0.18216666666666664
europe,60,regional_deterministic,mean,tcn,20261002,teamfight,0.020294648226097417,0.34883333333333333,0.193,0.15583333333333332
europe,60,regional_deterministic,mean,tcn,20260930,macro,0.07892833687458778,0.46722222222222226,0.22499999999999998,0.24222222222222223
europe,60,regional_deterministic,mean,tcn,20261001,macro,0.08390759228534724,0.4837777777777778,0.23466666666666666,0.24911111111111106
europe,60,regional_deterministic,mean,tcn,20261002,macro,0.08437572005246603,0.4637222222222222,0.21788888888888888,0.24583333333333326
europe,60,regional_deterministic,mean,timely_leagueews,20260930,baron,0.18928571428571428,0.5843333333333334,0.42466666666666664,0.15966666666666668
europe,60,regional_deterministic,mean,timely_leagueews,20261001,baron,0.14813664596273293,0.46199999999999997,0.3415,0.1205
europe,60,regional_deterministic,mean,timely_leagueews,20261002,baron,0.14953416149068322,0.4835,0.3773333333333333,0.10616666666666667
europe,60,regional_deterministic,mean,timely_leagueews,20260930,dragon,0.16887773395482253,0.42100000000000004,0.3278333333333333,0.09316666666666666
europe,60,regional_deterministic,mean,timely_leagueews,20261001,dragon,0.1913320186446755,0.5235000000000001,0.405,0.1185
europe,60,regional_deterministic,mean,timely_leagueews,20261002,dragon,0.16963965579060594,0.4301666666666667,0.3395,0.09066666666666667
europe,60,regional_deterministic,mean,timely_leagueews,20260930,teamfight,0.04276909200240529,0.4711666666666667,0.39216666666666666,0.079
europe,60,regional_deterministic,mean,timely_leagueews,20261001,teamfight,0.034601122469432755,0.373,0.3123333333333333,0.060666666666666674
europe,60,regional_deterministic,mean,timely_leagueews,20261002,teamfight,0.04189216275806775,0.4593333333333333,0.384,0.07533333333333334
europe,60,regional_deterministic,mean,timely_leagueews,20260930,macro,0.1336441800809807,0.4921666666666667,0.3815555555555556,0.11061111111111112
europe,60,regional_deterministic,mean,timely_leagueews,20261001,macro,0.12468992902561372,0.45283333333333337,0.35294444444444445,0.09988888888888887
europe,60,regional_deterministic,mean,timely_leagueews,20261002,macro,0.12035532667978562,0.45766666666666667,0.36694444444444446,0.09072222222222222
europe,60,regional_deterministic,mean,timely_tcn,20260930,baron,0.16304347826086957,0.5456666666666666,0.39683333333333337,0.14883333333333332
europe,60,regional_deterministic,mean,timely_tcn,20261001,baron,0.15248447204968943,0.49816666666666665,0.35700000000000004,0.14116666666666666
europe,60,regional_deterministic,mean,timely_tcn,20261002,baron,0.16055900621118013,0.5425,0.41333333333333333,0.12916666666666665
europe,60,regional_deterministic,mean,timely_tcn,20260930,dragon,0.1647992111868053,0.4175,0.32733333333333337,0.09016666666666667
europe,60,regional_deterministic,mean,timely_tcn,20261001,dragon,0.20688418788096094,0.5656666666666667,0.4046666666666666,0.161
europe,60,regional_deterministic,mean,timely_tcn,20261002,dragon,0.19514162782359268,0.5506666666666666,0.42066666666666663,0.13
europe,60,regional_deterministic,mean,timely_tcn,20260930,teamfight,0.03693124874724393,0.4141666666666667,0.3496666666666667,0.0645
europe,60,regional_deterministic,mean,timely_tcn,20261001,teamfight,0.04056424133092804,0.44816666666666666,0.37083333333333335,0.07733333333333334
europe,60,regional_deterministic,mean,timely_tcn,20261002,teamfight,0.03462617759069954,0.37416666666666665,0.31233333333333335,0.06183333333333333
europe,60,regional_deterministic,mean,timely_tcn,20260930,macro,0.12159131273163959,0.4591111111111111,0.35794444444444445,0.10116666666666667
europe,60,regional_deterministic,mean,timely_tcn,20261001,macro,0.1333109670871928,0.5039999999999999,0.3775,0.12650000000000003
europe,60,regional_deterministic,mean,timely_tcn,20261002,macro,0.1301089372084908,0.4891111111111111,0.38211111111111107,0.107
europe,60,matched_early_mixture,0.25,leagueews,20260930,baron,0.07278726708074534,0.2509765625,0.142578125,0.1083984375
europe,60,matched_early_mixture,0.25,leagueews,20261001,baron,0.06605172893297484,0.24796472184531923,0.13263229308005392,0.11533242876526424
europe,60,matched_early_mixture,0.25,leagueews,20261002,baron,0.07249642416286219,0.251840168243955,0.15168243953732938,0.10015772870662515
europe,60,matched_early_mixture,0.25,leagueews,20260930,dragon,0.05439262492930619,0.24969072164948503,0.1093814432989689,0.14030927835051737
europe,60,matched_early_mixture,0.25,leagueews,20261001,dragon,0.05585642957674859,0.2478951396861853,0.11681974741676204,0.13107539226942175
europe,60,matched_early_mixture,0.25,leagueews,20261002,dragon,0.05607465821531574,0.2511377741001241,0.11336367397600342,0.13777410012412125
europe,60,matched_early_mixture,0.25,leagueews,20260930,teamfight,0.015041225185647015,0.2384761388286334,0.15143709327548777,0.08703904555314546
europe,60,matched_early_mixture,0.25,leagueews,20261001,teamfight,0.014335194985237639,0.24145900321543393,0.1588625401929262,0.08259646302250807
europe,60,matched_early_mixture,0.25,leagueews,20261002,teamfight,0.015205528267392495,0.24020705092333552,0.15332960268606743,0.08687744823726952
europe,60,matched_early_mixture,0.25,leagueews,20260930,macro,0.04740703906523285,0.24638114099270614,0.13446555385815223,0.11191558713455428
europe,60,matched_early_mixture,0.25,leagueews,20261001,macro,0.045414451164987026,0.24577295491564613,0.13610486022991405,0.10966809468573135
europe,60,matched_early_mixture,0.25,leagueews,20261002,macro,0.04792553688185681,0.2477283310891382,0.13945857206646675,0.10826975902267198
europe,60,matched_early_mixture,0.25,tcn,20260930,baron,0.06858828303005683,0.26281407035175774,0.16758793969849187,0.09522613065326584
europe,60,matched_early_mixture,0.25,tcn,20261001,baron,0.06944298724190023,0.2588682432432419,0.1727195945945942,0.08614864864864807
europe,60,matched_early_mixture,0.25,tcn,20261002,baron,0.07276035866407968,0.26337461491065944,0.17097966728280936,0.09239494762784912
europe,60,matched_early_mixture,0.25,tcn,20260930,dragon,0.05410801651649919,0.25000000000000033,0.11360887096774218,0.13639112903225775
europe,60,matched_early_mixture,0.25,tcn,20261001,dragon,0.05377327562937872,0.2513167134831458,0.12640449438202248,0.12491221910112374
europe,60,matched_early_mixture,0.25,tcn,20261002,dragon,0.053767155691008116,0.24913194444444506,0.11641589506172795,0.13271604938271495
europe,60,matched_early_mixture,0.25,tcn,20260930,teamfight,0.014919440911101875,0.236002239641657,0.15215565509518458,0.08384658454647215
europe,60,matched_early_mixture,0.25,tcn,20261001,teamfight,0.013793860005525701,0.23081081081081076,0.14581081081081101,0.08500000000000012
europe,60,matched_early_mixture,0.25,tcn,20261002,teamfight,0.014103550976796152,0.24331789023521014,0.16803278688524687,0.07528510334996433
europe,60,matched_early_mixture,0.25,tcn,20260930,macro,0.045871913485885964,0.24960543666447169,0.14445082192047287,0.10515461474399858
europe,60,matched_early_mixture,0.25,tcn,20261001,macro,0.04567004095893489,0.24699858917906617,0.1483116332624759,0.09868695591659064
europe,60,matched_early_mixture,0.25,tcn,20261002,macro,0.04687702177729466,0.2519414831967715,0.1518094497432614,0.10013203345350948
europe,60,matched_early_mixture,0.25,timely_leagueews,20260930,baron,0.10106502944493151,0.2814966378482245,0.1886897214217097,0.09280691642651323
europe,60,matched_early_mixture,0.25,timely_leagueews,20261001,baron,0.09182628207212792,0.2613630017452011,0.182165794066318,0.07919720767888326
europe,60,matched_early_mixture,0.25,timely_leagueews,20261002,baron,0.08518885344972303,0.25814234234234207,0.19676756756756728,0.06137477477477434
europe,60,matched_early_mixture,0.25,timely_leagueews,20260930,dragon,0.11356121270068927,0.2319730639730648,0.1931851851851848,0.03878787878787936
europe,60,matched_early_mixture,0.25,timely_leagueews,20261001,dragon,0.10675642965595881,0.2295691937424797,0.18989891696750938,0.03967027677496981
europe,60,matched_early_mixture,0.25,timely_leagueews,20261002,dragon,0.11169636881980502,0.22424538545059688,0.18943322475570012,0.0348121606948968
europe,60,matched_early_mixture,0.25,timely_leagueews,20260930,teamfight,0.027364900768267343,0.2581521252796422,0.21612080536912723,0.0420313199105143
europe,60,matched_early_mixture,0.25,timely_leagueews,20261001,teamfight,0.025927902312239258,0.257408388520971,0.21604856512141302,0.04135982339955865
europe,60,matched_early_mixture,0.25,timely_leagueews,20261002,teamfight,0.02802575923441834,0.2703076923076926,0.2255042735042736,0.04480341880341871
europe,60,matched_early_mixture,0.25,timely_leagueews,20260930,macro,0.08066371430462936,0.2572072757003105,0.19933190399200726,0.057875371708302294
europe,60,matched_early_mixture,0.25,timely_leagueews,20261001,macro,0.07483687134677533,0.24944686133621727,0.19603775871841345,0.053409102617803905
europe,60,matched_early_mixture,0.25,timely_leagueews,20261002,macro,0.07497032716798212,0.25089847336687715,0.20390168860918034,0.046996784757696614
europe,60,matched_early_mixture,0.25,timely_tcn,20260930,baron,0.08225201402127794,0.25742574257425654,0.18605610561056118,0.07136963696369668
europe,60,matched_early_mixture,0.25,timely_tcn,20261001,baron,0.08775326622403076,0.25800919540229855,0.17836781609195385,0.07964137931034476
europe,60,matched_early_mixture,0.25,timely_tcn,20261002,baron,0.07918681671288752,0.2611832718327199,0.19389667896678967,0.06728659286592856
europe,60,matched_early_mixture,0.25,timely_tcn,20260930,dragon,0.1168405955728327,0.23421491228070218,0.1895570175438598,0.04465789473684193
europe,60,matched_early_mixture,0.25,timely_tcn,20261001,dragon,0.11340860888113735,0.22128813559322172,0.16885875706214654,0.052429378531073705
europe,60,matched_early_mixture,0.25,timely_tcn,20261002,dragon,0.11420239853369983,0.2334405594405592,0.19142191142191184,0.04201864801864781
europe,60,matched_early_mixture,0.25,timely_tcn,20260930,teamfight,0.024861146134398885,0.24962365591397875,0.21211827956989263,0.037505376344086246
europe,60,matched_early_mixture,0.25,timely_tcn,20261001,teamfight,0.023787997931112793,0.23724009324009376,0.1948531468531471,0.04238694638694659
europe,60,matched_early_mixture,0.25,timely_tcn,20261002,teamfight,0.025076883429258654,0.2490285714285712,0.2104571428571432,0.038571428571428784
europe,60,matched_early_mixture,0.25,timely_tcn,20260930,macro,0.07465125190950317,0.24708810358964584,0.19591046757477118,0.051177636014874954
europe,60,matched_early_mixture,0.25,timely_tcn,20261001,macro,0.07498329101209364,0.23884580807853803,0.18069324000241582,0.05815256807612169
europe,60,matched_early_mixture,0.25,timely_tcn,20261002,macro,0.07282203289194868,0.2478841342339501,0.19859191108194826,0.04929222315200171
europe,60,matched_early_mixture,0.5,leagueews,20260930,baron,0.1455745341614907,0.501953125,0.28515625,0.216796875
europe,60,matched_early_mixture,0.5,leagueews,20261001,baron,0.13272465545277667,0.4960371959942759,0.2681430615164523,0.22789413447782492
europe,60,matched_early_mixture,0.5,leagueews,20261002,baron,0.14499284832572437,0.50368033648791,0.30336487907465876,0.2003154574132503
europe,60,matched_early_mixture,0.5,leagueews,20260930,dragon,0.10878524985861238,0.49938144329897005,0.2187628865979378,0.28061855670103475
europe,60,matched_early_mixture,0.5,leagueews,20261001,dragon,0.11171285915349718,0.4957902793723706,0.2336394948335241,0.2621507845388435
europe,60,matched_early_mixture,0.5,leagueews,20261002,dragon,0.11214931643063147,0.5022755482002482,0.22672734795200683,0.2755482002482425
europe,60,matched_early_mixture,0.5,leagueews,20260930,teamfight,0.030082450371294044,0.47695227765726683,0.3028741865509756,0.1740780911062909
europe,60,matched_early_mixture,0.5,leagueews,20261001,teamfight,0.028670389970475288,0.4829180064308681,0.3177250803858526,0.16519292604501615
europe,60,matched_early_mixture,0.5,leagueews,20261002,teamfight,0.03041105653478499,0.48041410184667105,0.30665920537213487,0.17375489647453904
europe,60,matched_early_mixture,0.5,leagueews,20260930,macro,0.0948140781304657,0.4927622819854123,0.2689311077163045,0.22383117426910856
europe,60,matched_early_mixture,0.5,leagueews,20261001,macro,0.09103596819224972,0.49158182726583816,0.2731692122452763,0.21841261502056153
europe,60,matched_early_mixture,0.5,leagueews,20261002,macro,0.09585107376371362,0.4954566621782764,0.2789171441329335,0.21653951804534396
europe,60,matched_early_mixture,0.5,tcn,20260930,baron,0.1371765660601137,0.5256281407035155,0.3351758793969838,0.19045226130653167
europe,60,matched_early_mixture,0.5,tcn,20261001,baron,0.13888597448380047,0.5177364864864838,0.3454391891891884,0.17229729729729615
europe,60,matched_early_mixture,0.5,tcn,20261002,baron,0.14552071732815935,0.5260825631546522,0.3419593345656187,0.1841232285890316
europe,60,matched_early_mixture,0.5,tcn,20260930,dragon,0.10821603303299836,0.5000000000000006,0.22721774193548433,0.2727822580645155
europe,60,matched_early_mixture,0.5,tcn,20261001,dragon,0.10754655125875745,0.5026334269662917,0.25280898876404506,0.2498244382022477
europe,60,matched_early_mixture,0.5,tcn,20261002,dragon,0.10753431138201623,0.4982638888888901,0.2328317901234559,0.2654320987654299
europe,60,matched_early_mixture,0.5,tcn,20260930,teamfight,0.02983888182220374,0.47200447928331385,0.30431131019036894,0.1676931690929443
europe,60,matched_early_mixture,0.5,tcn,20261001,teamfight,0.027587720011051402,0.4616216216216213,0.29162162162162203,0.17000000000000015
europe,60,matched_early_mixture,0.5,tcn,20261002,teamfight,0.028207101953592315,0.48663578047042044,0.33606557377049384,0.15057020669992868
europe,60,matched_early_mixture,0.5,tcn,20260930,macro,0.09174382697177193,0.4992108733289433,0.2889016438409457,0.21030922948799716
europe,60,matched_early_mixture,0.5,tcn,20261001,macro,0.09134008191786978,0.4939971783581323,0.2966232665249518,0.19737391183318134
europe,60,matched_early_mixture,0.5,tcn,20261002,macro,0.09375404355458931,0.5036607441713209,0.3036188994865228,0.20004184468479672
europe,60,matched_early_mixture,0.5,timely_leagueews,20260930,baron,0.17958350411451304,0.5414940778341802,0.3891945854483935,0.15229949238578713
europe,60,matched_early_mixture,0.5,timely_leagueews,20261001,baron,0.1644305894731881,0.5189237252423109,0.3832414664981033,0.135682258744205
europe,60,matched_early_mixture,0.5,timely_leagueews,20261002,baron,0.1672629399585924,0.5263437037037049,0.4077540740740749,0.11858962962962986
europe,60,matched_early_mixture,0.5,timely_leagueews,20260930,dragon,0.19441530502484283,0.4756399999999964,0.3753771428571438,0.10026285714285617
europe,60,matched_early_mixture,0.5,timely_leagueews,20261001,dragon,0.19442933199715426,0.4792365930599391,0.38554994742376403,0.09368664563617221
europe,60,matched_early_mixture,0.5,timely_leagueews,20261002,dragon,0.18992828029877346,0.4659072615923013,0.3773578302712162,0.0885494313210855
europe,60,matched_early_mixture,0.5,timely_leagueews,20260930,teamfight,0.04666857649995902,0.506442415017759,0.42190766108574407,0.08453475393201469
europe,60,matched_early_mixture,0.5,timely_leagueews,20261001,teamfight,0.04474787225305427,0.4961050620821414,0.4159207258834782,0.08018433619866319
europe,60,matched_early_mixture,0.5,timely_leagueews,20261002,teamfight,0.0451306977915516,0.5034807692307718,0.4210170940170952,0.08246367521367537
europe,60,matched_early_mixture,0.5,timely_leagueews,20260930,macro,0.14022246187977164,0.5078588309506452,0.3954931297970938,0.11236570115355267
europe,60,matched_early_mixture,0.5,timely_leagueews,20261001,macro,0.1345359312411322,0.4980884601281305,0.39490404660178186,0.10318441352634682
europe,60,matched_early_mixture,0.5,timely_leagueews,20261002,macro,0.1341073060163058,0.49857724484225924,0.40204299945412875,0.09653424538813025
europe,60,matched_early_mixture,0.5,timely_tcn,20260930,baron,0.15919570481103262,0.5160677966101695,0.37415819209039575,0.14190960451977477
europe,60,matched_early_mixture,0.5,timely_tcn,20261001,baron,0.16069326534487033,0.5103866084425047,0.37106608442503713,0.13932052401746742
europe,60,matched_early_mixture,0.5,timely_tcn,20261002,baron,0.1539616327840299,0.5194858548585495,0.3922361623616242,0.12724969249692517
europe,60,matched_early_mixture,0.5,timely_tcn,20260930,dragon,0.19203204155498302,0.49087297039159905,0.38977650429799354,0.10109646609360183
europe,60,matched_early_mixture,0.5,timely_tcn,20261001,dragon,0.19197286041316078,0.48019692307692,0.35381333333333326,0.12638358974358865
europe,60,matched_early_mixture,0.5,timely_tcn,20261002,dragon,0.1967810162550225,0.4968034682080888,0.3991946050096322,0.09760886319845789
europe,60,matched_early_mixture,0.5,timely_tcn,20260930,teamfight,0.04314237084297308,0.4912994350282494,0.414542372881355,0.07675706214689258
europe,60,matched_early_mixture,0.5,timely_tcn,20261001,teamfight,0.04344558027660864,0.4765746785361052,0.3932403560830873,0.08333432245301696
europe,60,matched_early_mixture,0.5,timely_tcn,20261002,teamfight,0.04441777682908163,0.49263588263588487,0.4105868205868216,0.0820490620490622
europe,60,matched_early_mixture,0.5,timely_tcn,20260930,macro,0.13145670573632956,0.4994134006766726,0.3928256897565814,0.10658771092008973
europe,60,matched_early_mixture,0.5,timely_tcn,20261001,macro,0.13203723534487993,0.4890527366851766,0.3727065912804859,0.11634614540469101
europe,60,matched_early_mixture,0.5,timely_tcn,20261002,macro,0.13172014195604467,0.5029750685675077,0.4006725293193593,0.10230253924814842
europe,60,matched_early_mixture,0.75,leagueews,20260930,baron,0.21414126823631388,0.7940465116279093,0.5223669250645998,0.27167958656330743
europe,60,matched_early_mixture,0.75,leagueews,20261001,baron,0.21667714436593172,0.7575438596491201,0.4938164642375163,0.26372739541160534
europe,60,matched_early_mixture,0.75,leagueews,20261002,baron,0.2148588936595947,0.7620626398210325,0.49580089485458795,0.26626174496644367
europe,60,matched_early_mixture,0.75,leagueews,20260930,dragon,0.16317787478791856,0.7490721649484524,0.3281443298969067,0.4209278350515443
europe,60,matched_early_mixture,0.75,leagueews,20261001,dragon,0.16756928873024662,0.7436854190585541,0.35045924225028635,0.3932261768082664
europe,60,matched_early_mixture,0.75,leagueews,20261002,dragon,0.16822397464594738,0.7534133223003743,0.3400910219280101,0.41332230037236156
europe,60,matched_early_mixture,0.75,leagueews,20260930,teamfight,0.045123675556940995,0.7154284164859006,0.45431127982646285,0.26111713665943537
europe,60,matched_early_mixture,0.75,leagueews,20261001,teamfight,0.04300558495571273,0.7243770096463013,0.4765876205787769,0.24778938906752368
europe,60,matched_early_mixture,0.75,leagueews,20261002,teamfight,0.045616584802177625,0.7206211527700046,0.4599888080582024,0.2606323447118077
europe,60,matched_early_mixture,0.75,leagueews,20260930,macro,0.14081427286039114,0.7528490310207542,0.4349408449293231,0.317908186091429
europe,60,matched_early_mixture,0.75,leagueews,20261001,macro,0.14241733935063036,0.7418687627846584,0.44028777568885985,0.30158098709579845
europe,60,matched_early_mixture,0.75,leagueews,20261002,macro,0.14289981770257323,0.7453657049638038,0.43196024161360014,0.3134054633502043
europe,60,matched_early_mixture,0.75,tcn,20260930,baron,0.20617560948915106,0.7798002936857568,0.5152980910425848,0.264502202643172
europe,60,matched_early_mixture,0.75,tcn,20261001,baron,0.20832896172569967,0.7766047297297288,0.5181587837837829,0.25844594594594594
europe,60,matched_early_mixture,0.75,tcn,20261002,baron,0.21625982033562444,0.7859582898852999,0.5181737921445962,0.26778449774070295
europe,60,matched_early_mixture,0.75,tcn,20260930,dragon,0.16232404954949817,0.7500000000000024,0.3408266129032269,0.4091733870967753
europe,60,matched_early_mixture,0.75,tcn,20261001,dragon,0.16131982688813545,0.7539501404494364,0.37921348314606707,0.37473665730336975
europe,60,matched_early_mixture,0.75,tcn,20261002,dragon,0.16130146707302487,0.7473958333333348,0.34924768518518423,0.39814814814814925
europe,60,matched_early_mixture,0.75,tcn,20260930,teamfight,0.0447583227333055,0.7080067189249717,0.4564669652855532,0.2515397536394165
europe,60,matched_early_mixture,0.75,tcn,20261001,teamfight,0.04138158001657698,0.6924324324324344,0.43743243243243274,0.2550000000000011
europe,60,matched_early_mixture,0.75,tcn,20261002,teamfight,0.042310652930388395,0.7299536707056308,0.504098360655737,0.22585531004989268
europe,60,matched_early_mixture,0.75,tcn,20260930,macro,0.13775266059065158,0.7459356708702436,0.43753055641045496,0.30840511445978797
europe,60,matched_early_mixture,0.75,tcn,20261001,macro,0.13701012287680403,0.7409957675371999,0.44493489978742756,0.2960608677497723
europe,60,matched_early_mixture,0.75,tcn,20261002,macro,0.1399573134463459,0.7544359313080885,0.4571732793285059,0.2972626519795816
europe,60,matched_early_mixture,0.75,timely_leagueews,20260930,baron,0.2435921845251105,0.7777286432160784,0.5770351758793992,0.200693467336684
europe,60,matched_early_mixture,0.75,timely_leagueews,20261001,baron,0.23392356557859842,0.7736645596291593,0.586465233881165,0.18719932574799913
europe,60,matched_early_mixture,0.75,timely_leagueews,20261002,baron,0.23670080759052803,0.7830154525386298,0.6147711552612215,0.16824429727741014
europe,60,matched_early_mixture,0.75,timely_leagueews,20260930,dragon,0.25640910720688415,0.7229888888888928,0.5419851851851849,0.1810037037037032
europe,60,matched_early_mixture,0.75,timely_leagueews,20261001,dragon,0.25502601070622033,0.7399629629629622,0.5657641325536056,0.1741988304093564
europe,60,matched_early_mixture,0.75,timely_leagueews,20261002,dragon,0.25381313153396895,0.7260144534778711,0.5529196025293573,0.17309485094851032
europe,60,matched_early_mixture,0.75,timely_leagueews,20260930,teamfight,0.06448661207955167,0.7539536541889471,0.6262418300653593,0.12771182412358903
europe,60,matched_early_mixture,0.75,timely_leagueews,20261001,teamfight,0.062246971991676954,0.7324947468958911,0.6125539637058283,0.11994078319006773
europe,60,matched_early_mixture,0.75,timely_leagueews,20261002,teamfight,0.06198363672807456,0.7358277511961762,0.6134315789473717,0.12239617224880431
europe,60,matched_early_mixture,0.75,timely_leagueews,20260930,macro,0.18816263460384877,0.7515570620979727,0.5817540637099811,0.16980299838799207
europe,60,matched_early_mixture,0.75,timely_leagueews,20261001,macro,0.18373218275883188,0.7487074231626708,0.5882611100468663,0.16044631311580776
europe,60,matched_early_mixture,0.75,timely_leagueews,20261002,macro,0.18416585861752385,0.7482858857375589,0.5937074455793169,0.1545784401582416
europe,60,matched_early_mixture,0.75,timely_tcn,20260930,baron,0.22354118993135055,0.7706973684210547,0.5697675438596503,0.20092982456140443
europe,60,matched_early_mixture,0.75,timely_tcn,20261001,baron,0.2268057175404812,0.7654084425036379,0.5712844250363892,0.19412401746724803
europe,60,matched_early_mixture,0.75,timely_tcn,20261002,baron,0.22431015171571092,0.7756297814207681,0.5918934426229496,0.18373633879781393
europe,60,matched_early_mixture,0.75,timely_tcn,20260930,dragon,0.2548596527173072,0.7476428571428541,0.5705555555555551,0.17708730158730077
europe,60,matched_early_mixture,0.75,timely_tcn,20261001,dragon,0.2561785013243826,0.7403696529459214,0.5256029055690058,0.21476674737691565
europe,60,matched_early_mixture,0.75,timely_tcn,20261002,dragon,0.2538743476355518,0.7347407407407386,0.5630370370370376,0.1717037037037015
europe,60,matched_early_mixture,0.75,timely_tcn,20260930,teamfight,0.05981039643147106,0.7338841807909606,0.6165197740112976,0.11736440677966047
europe,60,matched_early_mixture,0.75,timely_tcn,20261001,teamfight,0.062203006309699146,0.7166539923954383,0.5928288973384057,0.1238250950570347
europe,60,matched_early_mixture,0.75,timely_tcn,20261002,teamfight,0.06274814693335462,0.7379461279461272,0.6093602693602749,0.12858585858585933
europe,60,matched_early_mixture,0.75,timely_tcn,20260930,macro,0.17940374636004294,0.7507414687849564,0.5856142911421677,0.16512717764278856
europe,60,matched_early_mixture,0.75,timely_tcn,20261001,macro,0.1817290750581876,0.7408106959483325,0.5632387426479336,0.17757195330039943
europe,60,matched_early_mixture,0.75,timely_tcn,20261002,macro,0.18031088209487245,0.7494388833692113,0.5880969163400873,0.16134196702912493
europe,60,matched_early_mixture,1.0,leagueews,20260930,baron,0.27584649233824704,1.0328349007314548,0.7401295715778494,0.2927053291536052
europe,60,matched_early_mixture,1.0,leagueews,20261001,baron,0.28091426053382557,1.0334403153153164,0.7394211711711708,0.2940191441441427
europe,60,matched_early_mixture,1.0,leagueews,20261002,baron,0.2816863979323852,1.028002237136463,0.7353143176733764,0.292687919463087
europe,60,matched_early_mixture,1.0,leagueews,20260930,dragon,0.21757049971722475,0.9987628865979401,0.4375257731958756,0.5612371134020695
europe,60,matched_early_mixture,1.0,leagueews,20261001,dragon,0.22342571830699437,0.9915805587447412,0.4672789896670482,0.524301569077687
europe,60,matched_early_mixture,1.0,leagueews,20261002,dragon,0.22429863286126295,1.0045510964004964,0.45345469590401366,0.551096400496485
europe,60,matched_early_mixture,1.0,leagueews,20260930,teamfight,0.06016490074258809,0.9539045553145337,0.6057483731019512,0.3481561822125818
europe,60,matched_early_mixture,1.0,leagueews,20261001,teamfight,0.05734077994095057,0.9658360128617359,0.635450160771705,0.3303858520900322
europe,60,matched_early_mixture,1.0,leagueews,20261002,teamfight,0.06082211306956998,0.9608282036933421,0.6133184107442697,0.3475097929490781
europe,60,matched_early_mixture,1.0,leagueews,20260930,macro,0.1845272975993533,0.9951674475479763,0.5944679059585587,0.40069954158941884
europe,60,matched_early_mixture,1.0,leagueews,20261001,macro,0.18722691959392349,0.996952295640598,0.6140501072033079,0.38290218843728735
europe,60,matched_early_mixture,1.0,leagueews,20261002,macro,0.18893571462107273,0.9977938457434338,0.6006958081072199,0.3970980376362167
europe,60,matched_early_mixture,1.0,tcn,20260930,baron,0.2740607688433783,1.0274294294294275,0.7342882882882877,0.2931411411411396
europe,60,matched_early_mixture,1.0,tcn,20261001,baron,0.2766192982566985,1.030574432010852,0.7404489657511024,0.29012546625975105
europe,60,matched_early_mixture,1.0,tcn,20261002,baron,0.27139294943620007,1.0239666319082394,0.734805700382341,0.2891609315258939
europe,60,matched_early_mixture,1.0,tcn,20260930,dragon,0.21643206606599677,1.0000000000000013,0.4544354838709687,0.5455645161290308
europe,60,matched_early_mixture,1.0,tcn,20261001,dragon,0.2150931025175149,1.0052668539325833,0.5056179775280901,0.4996488764044954
europe,60,matched_early_mixture,1.0,tcn,20261002,dragon,0.21506862276403246,0.9965277777777802,0.4656635802469118,0.5308641975308598
europe,60,matched_early_mixture,1.0,tcn,20260930,teamfight,0.0596777636444075,0.944008958566628,0.6086226203807383,0.3353863381858886
europe,60,matched_early_mixture,1.0,tcn,20261001,teamfight,0.055175440022102805,0.9232432432432426,0.5832432432432441,0.3400000000000003
europe,60,matched_early_mixture,1.0,tcn,20261002,teamfight,0.05641420390718463,0.9732715609408409,0.6721311475409877,0.30114041339985737
europe,60,matched_early_mixture,1.0,tcn,20260930,macro,0.18339019951792754,0.9904794626653523,0.5991154641799983,0.39136399848535297
europe,60,matched_early_mixture,1.0,tcn,20261001,macro,0.1822959469321054,0.9863615097288928,0.6097700621741455,0.37659144755474894
europe,60,matched_early_mixture,1.0,tcn,20261002,macro,0.18095859203580575,0.9979219902089534,0.6242001427234135,0.37372184748553705
europe,60,matched_early_mixture,1.0,timely_leagueews,20260930,baron,0.29655497986828594,1.002603015075374,0.7654773869346738,0.2371256281407046
europe,60,matched_early_mixture,1.0,timely_leagueews,20261001,baron,0.29748656389791833,1.0328877374784098,0.8019533678756486,0.23093436960276434
europe,60,matched_early_mixture,1.0,timely_leagueews,20261002,baron,0.29392684610075887,1.0201632653061214,0.813422524565382,0.20674074074074136
europe,60,matched_early_mixture,1.0,timely_leagueews,20260930,dragon,0.3026987385648798,0.9804262059035221,0.6905730741540659,0.28985313174945865
europe,60,matched_early_mixture,1.0,timely_leagueews,20261001,dragon,0.3031851320664519,0.9987530864197512,0.7195802469135814,0.27917283950617094
europe,60,matched_early_mixture,1.0,timely_leagueews,20261002,dragon,0.3039579672590819,0.9978140267927547,0.7127438928289983,0.28507013396375047
europe,60,matched_early_mixture,1.0,timely_leagueews,20260930,teamfight,0.07868898028425478,0.9932584670231719,0.8198692810457529,0.17338918597742184
europe,60,matched_early_mixture,1.0,timely_leagueews,20261001,teamfight,0.07780298474826434,0.9787838765008583,0.8156397941680963,0.16314408233276148
europe,60,matched_early_mixture,1.0,timely_leagueews,20261002,teamfight,0.07838335246633522,0.9666889952153123,0.8002736842105312,0.16641531100478596
europe,60,matched_early_mixture,1.0,timely_leagueews,20260930,macro,0.22598089957247347,0.9920958960006893,0.7586399140448309,0.23345598195586167
europe,60,matched_early_mixture,1.0,timely_leagueews,20261001,macro,0.22615822690421153,1.0034749001330063,0.7790578029857754,0.22441709714723224
europe,60,matched_early_mixture,1.0,timely_leagueews,20261002,macro,0.22542272194205867,0.9948887624380628,0.7754800338683038,0.21940872856975924
europe,60,matched_early_mixture,1.0,timely_tcn,20260930,baron,0.28269042170644054,1.0177368421052595,0.770754385964913,0.24698245614035136
europe,60,matched_early_mixture,1.0,timely_tcn,20261001,baron,0.29291816973609236,1.0204302765647744,0.7715027656477442,0.24892751091703114
europe,60,matched_early_mixture,1.0,timely_tcn,20261002,baron,0.28643133878605276,1.026780198019803,0.7935260726072615,0.23325412541254142
europe,60,matched_early_mixture,1.0,timely_tcn,20260930,dragon,0.2992326815989939,0.9919625850340176,0.7164455782312921,0.27551700680272295
europe,60,matched_early_mixture,1.0,timely_tcn,20261001,dragon,0.3010628791963941,0.9855813648294024,0.6728188976377966,0.3127624671916034
europe,60,matched_early_mixture,1.0,timely_tcn,20261002,dragon,0.3006781449099494,0.9980935897435922,0.7183589743589743,0.2797346153846161
europe,60,matched_early_mixture,1.0,timely_tcn,20260930,teamfight,0.07595807042684462,0.9802056319580882,0.8206797642436138,0.15952586771447236
europe,60,matched_early_mixture,1.0,timely_tcn,20261001,teamfight,0.07781482379104734,0.965465779467679,0.7955380228136857,0.16992775665399168
europe,60,matched_early_mixture,1.0,timely_tcn,20261002,teamfight,0.07838615076860832,0.9757532508721856,0.8040716777672043,0.17168157310497933
europe,60,matched_early_mixture,1.0,timely_tcn,20260930,macro,0.21929372457742635,0.9966350196991218,0.7692932428132729,0.22734177688584892
europe,60,matched_early_mixture,1.0,timely_tcn,20261001,macro,0.22393195757451123,0.9904924736206185,0.7466198953664088,0.24387257825420874
europe,60,matched_early_mixture,1.0,timely_tcn,20261002,macro,0.22183187815487015,1.0002090128785268,0.7719855749111467,0.22822343796737896
europe,60,matched_early_mixture,mean,leagueews,20260930,baron,0.17708739045419924,0.6449527749648409,0.4225577179106123,0.22239505705422818
europe,60,matched_early_mixture,mean,leagueews,20261001,baron,0.1740919473213772,0.633746523201008,0.4085032475012983,0.2252432756997093
europe,60,matched_early_mixture,mean,leagueews,20261002,baron,0.17850864102014163,0.63639634542234,0.4215406327849881,0.21485571263735154
europe,60,matched_early_mixture,mean,leagueews,20260930,dragon,0.13598156232326547,0.6242268041237119,0.27345360824742226,0.35077319587629147
europe,60,matched_early_mixture,mean,leagueews,20261001,dragon,0.1396410739418717,0.6197378492154628,0.29204936854190516,0.3276884806735546
europe,60,matched_early_mixture,mean,leagueews,20261002,dragon,0.14018664553828938,0.6278444352503108,0.2834091849400085,0.34443525031030253
europe,60,matched_early_mixture,mean,leagueews,20260930,teamfight,0.037603062964117535,0.5961903470715836,0.37859273318871933,0.2175976138828634
europe,60,matched_early_mixture,mean,leagueews,20261001,teamfight,0.03583798746309406,0.6036475080385848,0.3971563504823152,0.20649115755627
europe,60,matched_early_mixture,mean,leagueews,20261002,teamfight,0.038013820668481274,0.6005176273083384,0.38332400671516864,0.2171936205931736
europe,60,matched_early_mixture,mean,leagueews,20260930,macro,0.11689067191386075,0.6217899753867121,0.3582013531155846,0.26358862227112767
europe,60,matched_early_mixture,mean,leagueews,20261001,macro,0.11652366957544764,0.6190439601516852,0.3659029888418395,0.25314097130984464
europe,60,matched_early_mixture,mean,leagueews,20261002,macro,0.1189030357423041,0.6215861359936631,0.3627579414800551,0.2588281945136092
europe,60,matched_early_mixture,mean,tcn,20260930,baron,0.17150030685567497,0.6489179835426144,0.438087549606587,0.21083043393602724
europe,60,matched_early_mixture,mean,tcn,20261001,baron,0.17331930542702473,0.6459459728675767,0.444191633329667,0.20175433953791028
europe,60,matched_early_mixture,mean,tcn,20261002,baron,0.1764834614410159,0.6498455249647128,0.4414796235938414,0.2083659013708694
europe,60,matched_early_mixture,mean,tcn,20260930,dragon,0.13527004129124812,0.6250000000000011,0.28402217741935554,0.34097782258064485
europe,60,matched_early_mixture,mean,tcn,20261001,dragon,0.13443318907344665,0.6282917837078643,0.3160112359550562,0.3122805477528091
europe,60,matched_early_mixture,mean,tcn,20261002,dragon,0.13441788922752043,0.6228298611111126,0.29103973765431995,0.3317901234567885
europe,60,matched_early_mixture,mean,tcn,20260930,teamfight,0.03729860227775465,0.5900055991041426,0.38038913773796124,0.2096164613661804
europe,60,matched_early_mixture,mean,tcn,20261001,teamfight,0.03448465001381422,0.5770270270270272,0.36452702702702744,0.2125000000000004
europe,60,matched_early_mixture,mean,tcn,20261002,teamfight,0.03525887744199037,0.6082947255880256,0.42008196721311636,0.18821275837491075
europe,60,matched_early_mixture,mean,tcn,20260930,macro,0.11468965014155924,0.6213078608822528,0.36749962158796795,0.25380823929428414
europe,60,matched_early_mixture,mean,tcn,20261001,macro,0.11407904817142854,0.6170882612008227,0.37490996543725014,0.24217829576357328
europe,60,matched_early_mixture,mean,tcn,20261002,macro,0.11538674270350889,0.6269900372212837,0.3842004428204259,0.24278959440085623
europe,60,matched_early_mixture,mean,timely_leagueews,20260930,baron,0.20519892448821023,0.6508305934934643,0.48009921742104406,0.17073137607242223
europe,60,matched_early_mixture,mean,timely_leagueews,20261001,baron,0.19691675025545818,0.6467097560237702,0.48845646558030875,0.15825329044346292
europe,60,matched_early_mixture,mean,timely_leagueews,20261002,baron,0.19576986177490058,0.6469161909726995,0.5081788303670614,0.13873736060563893
europe,60,matched_early_mixture,mean,timely_leagueews,20260930,dragon,0.216771090874324,0.6027570396913691,0.45028014684539486,0.15247689284597432
europe,60,matched_early_mixture,mean,timely_leagueews,20261001,dragon,0.21484922610644633,0.6118804590462831,0.46519831096461506,0.14668214808166735
europe,60,matched_early_mixture,mean,timely_leagueews,20261002,dragon,0.21484893697790736,0.603495281828381,0.45811363759631807,0.1453816442320608
europe,60,matched_early_mixture,mean,timely_leagueews,20260930,teamfight,0.054302267408008205,0.62795166537738,0.5210348943914959,0.10691677098588495
europe,60,matched_early_mixture,mean,timely_leagueews,20261001,teamfight,0.0526814328263087,0.6161980184999654,0.515040762219704,0.10115725628026276
europe,60,matched_early_mixture,mean,timely_leagueews,20261002,teamfight,0.05338086155509493,0.6190763019874882,0.5150566576698179,0.10401964431767108
europe,60,matched_early_mixture,mean,timely_leagueews,20260930,macro,0.1587574275901808,0.6271797661874045,0.4838047528859783,0.14337501330142718
europe,60,matched_early_mixture,mean,timely_leagueews,20261001,macro,0.15481580306273773,0.6249294111900062,0.4895651795882093,0.13536423160179767
europe,60,matched_early_mixture,mean,timely_leagueews,20261002,macro,0.1546665534359676,0.6231625915961896,0.4937830418777325,0.12937954971845692
europe,60,matched_early_mixture,mean,timely_tcn,20260930,baron,0.18691983261752543,0.6404819374276851,0.4751840568813801,0.16529788054630679
europe,60,matched_early_mixture,mean,timely_tcn,20261001,baron,0.19204260471136866,0.6385586307283039,0.47305527280028115,0.16550335792802284
europe,60,matched_early_mixture,mean,timely_tcn,20261002,baron,0.18597248499967028,0.6457697765329602,0.4928880891396562,0.15288168739330227
europe,60,matched_early_mixture,mean,timely_tcn,20260930,dragon,0.2157412428610292,0.6161733312122932,0.4665836639071751,0.14958966730511686
europe,60,matched_early_mixture,mean,timely_tcn,20261001,dragon,0.2156557124537687,0.6068590191113664,0.43027347340057054,0.17658554571079535
europe,60,matched_early_mixture,mean,timely_tcn,20261002,dragon,0.21638397683355587,0.6157695895332447,0.4680031319568889,0.14776645757635581
europe,60,matched_early_mixture,mean,timely_tcn,20260930,teamfight,0.050942995958921905,0.6137532259228192,0.5159650476765397,0.09778817824627792
europe,60,matched_early_mixture,mean,timely_tcn,20261001,teamfight,0.05181285207711698,0.5989836359098291,0.49411510577208145,0.10486853013774748
europe,60,matched_early_mixture,mean,timely_tcn,20261002,teamfight,0.05265723949007581,0.6138409582206923,0.508618977642861,0.10522198057783241
europe,60,matched_early_mixture,mean,timely_tcn,20260930,macro,0.1512013571458255,0.6234694981875992,0.4859109228216983,0.13755857536590052
europe,60,matched_early_mixture,mean,timely_tcn,20261001,macro,0.15317038974741812,0.6148004285831664,0.465814617324311,0.1489858112588552
europe,60,matched_early_mixture,mean,timely_tcn,20261002,macro,0.151671233774434,0.625126774762299,0.4898367329131354,0.1352900418491635
europe,60,dense_deterministic,0.25,leagueews,20260930,baron,0.0546583850931677,0.24733333333333332,0.08666666666666667,0.16066666666666668
europe,60,dense_deterministic,0.25,leagueews,20261001,baron,0.05652173913043478,0.24333333333333335,0.07866666666666666,0.16466666666666666
europe,60,dense_deterministic,0.25,leagueews,20261002,baron,0.059006211180124224,0.24,0.086,0.154
europe,60,dense_deterministic,0.25,leagueews,20260930,dragon,0.024022947292936535,0.204,0.02266666666666667,0.18133333333333335
europe,60,dense_deterministic,0.25,leagueews,20261001,dragon,0.024022947292936535,0.21533333333333332,0.02666666666666667,0.18866666666666668
europe,60,dense_deterministic,0.25,leagueews,20261002,dragon,0.026174256005736824,0.216,0.024,0.192
europe,60,dense_deterministic,0.25,leagueews,20260930,teamfight,0.011725796752856284,0.23066666666666666,0.11533333333333333,0.11533333333333333
europe,60,dense_deterministic,0.25,leagueews,20261001,teamfight,0.010322709961916216,0.206,0.10466666666666667,0.10133333333333333
europe,60,dense_deterministic,0.25,leagueews,20261002,teamfight,0.011324914812587693,0.208,0.106,0.102
europe,60,dense_deterministic,0.25,leagueews,20260930,macro,0.030135709712986843,0.2273333333333333,0.0748888888888889,0.15244444444444447
europe,60,dense_deterministic,0.25,leagueews,20261001,macro,0.030289132128429177,0.22155555555555553,0.07,0.15155555555555555
europe,60,dense_deterministic,0.25,leagueews,20261002,macro,0.03216846066614958,0.2213333333333333,0.072,0.14933333333333332
europe,60,dense_deterministic,0.25,tcn,20260930,baron,0.05652173913043478,0.248,0.088,0.16
europe,60,dense_deterministic,0.25,tcn,20261001,baron,0.04720496894409938,0.24933333333333332,0.08933333333333333,0.16
europe,60,dense_deterministic,0.25,tcn,20261002,baron,0.06024844720496894,0.23333333333333334,0.08666666666666667,0.14666666666666667
europe,60,dense_deterministic,0.25,tcn,20260930,dragon,0.024202223019003228,0.198,0.023333333333333334,0.17466666666666666
europe,60,dense_deterministic,0.25,tcn,20261001,dragon,0.026353531731803513,0.22733333333333333,0.032,0.19533333333333333
europe,60,dense_deterministic,0.25,tcn,20261002,dragon,0.026174256005736824,0.224,0.034,0.19
europe,60,dense_deterministic,0.25,tcn,20260930,teamfight,0.010322709961916216,0.208,0.10066666666666667,0.10733333333333334
europe,60,dense_deterministic,0.25,tcn,20261001,teamfight,0.010823812387251955,0.214,0.108,0.106
europe,60,dense_deterministic,0.25,tcn,20261002,teamfight,0.01102425335738625,0.21066666666666667,0.104,0.10666666666666667
europe,60,dense_deterministic,0.25,tcn,20260930,macro,0.030348890703784742,0.218,0.07066666666666667,0.14733333333333334
europe,60,dense_deterministic,0.25,tcn,20261001,macro,0.02812743768771828,0.23022222222222222,0.07644444444444444,0.15377777777777776
europe,60,dense_deterministic,0.25,tcn,20261002,macro,0.03248231885603067,0.22266666666666668,0.0748888888888889,0.14777777777777779
europe,60,dense_deterministic,0.25,timely_leagueews,20260930,baron,0.09130434782608696,0.25333333333333335,0.16866666666666666,0.08466666666666667
europe,60,dense_deterministic,0.25,timely_leagueews,20261001,baron,0.08260869565217391,0.23,0.15466666666666667,0.07533333333333334
europe,60,dense_deterministic,0.25,timely_leagueews,20261002,baron,0.08198757763975155,0.24666666666666667,0.18666666666666668,0.06
europe,60,dense_deterministic,0.25,timely_leagueews,20260930,dragon,0.11007529580494801,0.21266666666666667,0.18133333333333335,0.03133333333333333
europe,60,dense_deterministic,0.25,timely_leagueews,20261001,dragon,0.10702760846181426,0.20266666666666666,0.17533333333333334,0.027333333333333334
europe,60,dense_deterministic,0.25,timely_leagueews,20261002,dragon,0.10595195410541412,0.20266666666666666,0.174,0.028666666666666667
europe,60,dense_deterministic,0.25,timely_leagueews,20260930,teamfight,0.0220485067147725,0.2,0.164,0.036
europe,60,dense_deterministic,0.25,timely_leagueews,20261001,teamfight,0.0220485067147725,0.21133333333333335,0.172,0.03933333333333333
europe,60,dense_deterministic,0.25,timely_leagueews,20261002,teamfight,0.022349168169973944,0.198,0.16133333333333333,0.03666666666666667
europe,60,dense_deterministic,0.25,timely_leagueews,20260930,macro,0.07447605011526916,0.222,0.17133333333333334,0.050666666666666665
europe,60,dense_deterministic,0.25,timely_leagueews,20261001,macro,0.0705616036095869,0.21466666666666667,0.16733333333333333,0.04733333333333334
europe,60,dense_deterministic,0.25,timely_leagueews,20261002,macro,0.07009623330504654,0.21577777777777776,0.17400000000000002,0.04177777777777778
europe,60,dense_deterministic,0.25,timely_tcn,20260930,baron,0.07639751552795031,0.23066666666666666,0.162,0.06866666666666667
europe,60,dense_deterministic,0.25,timely_tcn,20261001,baron,0.08012422360248447,0.22466666666666665,0.154,0.07066666666666667
europe,60,dense_deterministic,0.25,timely_tcn,20261002,baron,0.07267080745341616,0.224,0.16866666666666666,0.05533333333333333
europe,60,dense_deterministic,0.25,timely_tcn,20260930,dragon,0.11258515596988168,0.216,0.17933333333333334,0.03666666666666667
europe,60,dense_deterministic,0.25,timely_tcn,20261001,dragon,0.11473646468268196,0.22,0.16866666666666666,0.051333333333333335
europe,60,dense_deterministic,0.25,timely_tcn,20261002,dragon,0.11168877733954823,0.21666666666666667,0.17466666666666666,0.042
europe,60,dense_deterministic,0.25,timely_tcn,20260930,teamfight,0.019743435558228103,0.19933333333333333,0.168,0.03133333333333333
europe,60,dense_deterministic,0.25,timely_tcn,20261001,teamfight,0.023952695931048307,0.228,0.19,0.038
europe,60,dense_deterministic,0.25,timely_tcn,20261002,teamfight,0.021346963319302466,0.20933333333333334,0.17533333333333334,0.034
europe,60,dense_deterministic,0.25,timely_tcn,20260930,macro,0.0695753690186867,0.21533333333333335,0.1697777777777778,0.04555555555555555
europe,60,dense_deterministic,0.25,timely_tcn,20261001,macro,0.07293779473873825,0.2242222222222222,0.17088888888888887,0.05333333333333334
europe,60,dense_deterministic,0.25,timely_tcn,20261002,macro,0.06856884937075562,0.21666666666666667,0.17288888888888887,0.04377777777777778
europe,60,dense_deterministic,0.5,leagueews,20260930,baron,0.12608695652173912,0.4653333333333333,0.25266666666666665,0.21266666666666667
europe,60,dense_deterministic,0.5,leagueews,20261001,baron,0.1248447204968944,0.4786666666666667,0.252,0.22666666666666666
europe,60,dense_deterministic,0.5,leagueews,20261002,baron,0.13478260869565217,0.48933333333333334,0.2633333333333333,0.226
europe,60,dense_deterministic,0.5,leagueews,20260930,dragon,0.06167084976694156,0.46266666666666667,0.07933333333333334,0.38333333333333336
europe,60,dense_deterministic,0.5,leagueews,20261001,dragon,0.0647185371100753,0.4573333333333333,0.07666666666666666,0.38066666666666665
europe,60,dense_deterministic,0.5,leagueews,20261002,dragon,0.06973825743994264,0.46266666666666667,0.08,0.38266666666666665
europe,60,dense_deterministic,0.5,leagueews,20260930,teamfight,0.025355782721988376,0.44,0.238,0.202
europe,60,dense_deterministic,0.5,leagueews,20261001,teamfight,0.02345159350571257,0.432,0.242,0.19
europe,60,dense_deterministic,0.5,leagueews,20261002,teamfight,0.025856885147324114,0.43333333333333335,0.242,0.19133333333333333
europe,60,dense_deterministic,0.5,leagueews,20260930,macro,0.07103786300355636,0.45599999999999996,0.18999999999999997,0.266
europe,60,dense_deterministic,0.5,leagueews,20261001,macro,0.07100495037089409,0.45599999999999996,0.1902222222222222,0.2657777777777777
europe,60,dense_deterministic,0.5,leagueews,20261002,macro,0.07679258376097298,0.4617777777777778,0.1951111111111111,0.26666666666666666
europe,60,dense_deterministic,0.5,tcn,20260930,baron,0.11490683229813664,0.4713333333333333,0.25466666666666665,0.21666666666666667
europe,60,dense_deterministic,0.5,tcn,20261001,baron,0.1248447204968944,0.48133333333333334,0.25733333333333336,0.224
europe,60,dense_deterministic,0.5,tcn,20261002,baron,0.12422360248447205,0.4746666666666667,0.254,0.22066666666666668
europe,60,dense_deterministic,0.5,tcn,20260930,dragon,0.0665112943707422,0.4513333333333333,0.07533333333333334,0.376
europe,60,dense_deterministic,0.5,tcn,20261001,dragon,0.06238795267120832,0.458,0.07866666666666666,0.37933333333333336
europe,60,dense_deterministic,0.5,tcn,20261002,dragon,0.06525636428827537,0.45266666666666666,0.07933333333333334,0.37333333333333335
europe,60,dense_deterministic,0.5,tcn,20260930,teamfight,0.022649829625175387,0.414,0.23133333333333334,0.18266666666666667
europe,60,dense_deterministic,0.5,tcn,20261001,teamfight,0.021747845259571057,0.406,0.22333333333333333,0.18266666666666667
europe,60,dense_deterministic,0.5,tcn,20261002,teamfight,0.025856885147324114,0.43133333333333335,0.242,0.18933333333333333
europe,60,dense_deterministic,0.5,tcn,20260930,macro,0.06802265209801808,0.44555555555555554,0.1871111111111111,0.2584444444444444
europe,60,dense_deterministic,0.5,tcn,20261001,macro,0.06966017280922458,0.4484444444444445,0.18644444444444444,0.262
europe,60,dense_deterministic,0.5,tcn,20261002,macro,0.07177895064002385,0.4528888888888889,0.1917777777777778,0.2611111111111111
europe,60,dense_deterministic,0.5,timely_leagueews,20260930,baron,0.16273291925465838,0.49533333333333335,0.3546666666666667,0.14066666666666666
europe,60,dense_deterministic,0.5,timely_leagueews,20261001,baron,0.16149068322981366,0.46,0.332,0.128
europe,60,dense_deterministic,0.5,timely_leagueews,20261002,baron,0.16335403726708075,0.5013333333333333,0.3873333333333333,0.114
europe,60,dense_deterministic,0.5,timely_leagueews,20260930,dragon,0.18895661527429186,0.45,0.35733333333333334,0.09266666666666666
europe,60,dense_deterministic,0.5,timely_leagueews,20261001,dragon,0.19128719971315883,0.462,0.37333333333333335,0.08866666666666667
europe,60,dense_deterministic,0.5,timely_leagueews,20261002,dragon,0.1902115453567587,0.46,0.374,0.086
europe,60,dense_deterministic,0.5,timely_leagueews,20260930,teamfight,0.0417919422730006,0.442,0.37466666666666665,0.06733333333333333
europe,60,dense_deterministic,0.5,timely_leagueews,20261001,teamfight,0.04068951693726198,0.41933333333333334,0.3566666666666667,0.06266666666666666
europe,60,dense_deterministic,0.5,timely_leagueews,20261002,teamfight,0.041290839847664865,0.4206666666666667,0.3526666666666667,0.068
europe,60,dense_deterministic,0.5,timely_leagueews,20260930,macro,0.13116049226731694,0.46244444444444444,0.3622222222222222,0.10022222222222221
europe,60,dense_deterministic,0.5,timely_leagueews,20261001,macro,0.13115579996007817,0.4471111111111112,0.35400000000000004,0.0931111111111111
europe,60,dense_deterministic,0.5,timely_leagueews,20261002,macro,0.13161880749050142,0.4606666666666667,0.3713333333333333,0.08933333333333333
europe,60,dense_deterministic,0.5,timely_tcn,20260930,baron,0.15031055900621118,0.48933333333333334,0.352,0.13733333333333334
europe,60,dense_deterministic,0.5,timely_tcn,20261001,baron,0.14285714285714285,0.46266666666666667,0.3273333333333333,0.13533333333333333
europe,60,dense_deterministic,0.5,timely_tcn,20261002,baron,0.15527950310559005,0.482,0.364,0.118
europe,60,dense_deterministic,0.5,timely_tcn,20260930,dragon,0.18931516672642523,0.4786666666666667,0.38066666666666665,0.098
europe,60,dense_deterministic,0.5,timely_tcn,20261001,dragon,0.19092864826102546,0.4633333333333333,0.3433333333333333,0.12
europe,60,dense_deterministic,0.5,timely_tcn,20261002,dragon,0.19254212979562568,0.48,0.3873333333333333,0.09266666666666666
europe,60,dense_deterministic,0.5,timely_tcn,20260930,teamfight,0.03958709160152335,0.43333333333333335,0.36466666666666664,0.06866666666666667
europe,60,dense_deterministic,0.5,timely_tcn,20261001,teamfight,0.03878532772098617,0.43466666666666665,0.3626666666666667,0.072
europe,60,dense_deterministic,0.5,timely_tcn,20261002,teamfight,0.03998797354179194,0.41333333333333333,0.3433333333333333,0.07
europe,60,dense_deterministic,0.5,timely_tcn,20260930,macro,0.1264042724447199,0.4671111111111111,0.36577777777777776,0.10133333333333333
europe,60,dense_deterministic,0.5,timely_tcn,20261001,macro,0.12419037294638484,0.4535555555555555,0.3444444444444444,0.1091111111111111
europe,60,dense_deterministic,0.5,timely_tcn,20261002,macro,0.1292698688143359,0.45844444444444443,0.3648888888888889,0.09355555555555556
europe,60,dense_deterministic,0.75,leagueews,20260930,baron,0.19440993788819877,0.71,0.44733333333333336,0.26266666666666666
europe,60,dense_deterministic,0.75,leagueews,20261001,baron,0.1906832298136646,0.6893333333333334,0.43666666666666665,0.25266666666666665
europe,60,dense_deterministic,0.75,leagueews,20261002,baron,0.19751552795031055,0.69,0.42933333333333334,0.26066666666666666
europe,60,dense_deterministic,0.75,leagueews,20260930,dragon,0.11348153460021514,0.7173333333333334,0.15933333333333333,0.558
europe,60,dense_deterministic,0.75,leagueews,20261001,dragon,0.1177841520258157,0.7233333333333334,0.17,0.5533333333333333
europe,60,dense_deterministic,0.75,leagueews,20261002,dragon,0.11617067049121549,0.694,0.158,0.536
europe,60,dense_deterministic,0.75,leagueews,20260930,teamfight,0.04279414712367208,0.6766666666666666,0.394,0.2826666666666667
europe,60,dense_deterministic,0.75,leagueews,20261001,teamfight,0.037582681900180395,0.67,0.3893333333333333,0.2806666666666667
europe,60,dense_deterministic,0.75,leagueews,20261002,teamfight,0.04209260372820205,0.6806666666666666,0.408,0.27266666666666667
europe,60,dense_deterministic,0.75,leagueews,20260930,macro,0.116895206537362,0.7013333333333334,0.33355555555555555,0.36777777777777776
europe,60,dense_deterministic,0.75,leagueews,20261001,macro,0.11535002124655357,0.6942222222222223,0.332,0.3622222222222222
europe,60,dense_deterministic,0.75,leagueews,20261002,macro,0.11859293405657602,0.6882222222222222,0.3317777777777778,0.3564444444444444
europe,60,dense_deterministic,0.75,tcn,20260930,baron,0.1937888198757764,0.742,0.482,0.26
europe,60,dense_deterministic,0.75,tcn,20261001,baron,0.1919254658385093,0.6873333333333334,0.432,0.25533333333333336
europe,60,dense_deterministic,0.75,tcn,20261002,baron,0.1956521739130435,0.7193333333333334,0.4573333333333333,0.262
europe,60,dense_deterministic,0.75,tcn,20260930,dragon,0.10882036572248117,0.682,0.156,0.526
europe,60,dense_deterministic,0.75,tcn,20261001,dragon,0.11204732879168161,0.68,0.15066666666666667,0.5293333333333333
europe,60,dense_deterministic,0.75,tcn,20261002,dragon,0.11563284331301542,0.6826666666666666,0.15066666666666667,0.532
europe,60,dense_deterministic,0.75,tcn,20260930,teamfight,0.03928643014632191,0.6506666666666666,0.386,0.26466666666666666
europe,60,dense_deterministic,0.75,tcn,20261001,teamfight,0.036881138504710365,0.6286666666666667,0.36733333333333335,0.2613333333333333
europe,60,dense_deterministic,0.75,tcn,20261002,teamfight,0.043094808578873524,0.67,0.4033333333333333,0.26666666666666666
europe,60,dense_deterministic,0.75,tcn,20260930,macro,0.11396520524819316,0.6915555555555555,0.3413333333333333,0.3502222222222222
europe,60,dense_deterministic,0.75,tcn,20261001,macro,0.11361797771163375,0.6653333333333333,0.31666666666666665,0.3486666666666666
europe,60,dense_deterministic,0.75,tcn,20261002,macro,0.11812660860164415,0.6906666666666667,0.33711111111111114,0.35355555555555557
europe,60,dense_deterministic,0.75,timely_leagueews,20260930,baron,0.23229813664596274,0.722,0.5293333333333333,0.19266666666666668
europe,60,dense_deterministic,0.75,timely_leagueews,20261001,baron,0.2204968944099379,0.7093333333333334,0.5293333333333333,0.18
europe,60,dense_deterministic,0.75,timely_leagueews,20261002,baron,0.22546583850931676,0.7393333333333333,0.5733333333333334,0.166
europe,60,dense_deterministic,0.75,timely_leagueews,20260930,dragon,0.2529580494801004,0.72,0.544,0.176
europe,60,dense_deterministic,0.75,timely_leagueews,20261001,dragon,0.2491932592326999,0.7206666666666667,0.5586666666666666,0.162
europe,60,dense_deterministic,0.75,timely_leagueews,20261002,dragon,0.2551093581929007,0.7273333333333334,0.5586666666666666,0.16866666666666666
europe,60,dense_deterministic,0.75,timely_leagueews,20260930,teamfight,0.05862898376428142,0.6793333333333333,0.566,0.11333333333333333
europe,60,dense_deterministic,0.75,timely_leagueews,20261001,teamfight,0.05642413309280417,0.6473333333333333,0.5426666666666666,0.10466666666666667
europe,60,dense_deterministic,0.75,timely_leagueews,20261002,teamfight,0.05612347163760273,0.6533333333333333,0.5466666666666666,0.10666666666666667
europe,60,dense_deterministic,0.75,timely_leagueews,20260930,macro,0.18129505663011483,0.7071111111111111,0.5464444444444444,0.16066666666666668
europe,60,dense_deterministic,0.75,timely_leagueews,20261001,macro,0.17537142891181398,0.6924444444444445,0.5435555555555556,0.14888888888888888
europe,60,dense_deterministic,0.75,timely_leagueews,20261002,macro,0.17889955611327343,0.7066666666666667,0.5595555555555556,0.1471111111111111
europe,60,dense_deterministic,0.75,timely_tcn,20260930,baron,0.20745341614906831,0.7113333333333334,0.516,0.19533333333333333
europe,60,dense_deterministic,0.75,timely_tcn,20261001,baron,0.20683229813664597,0.714,0.512,0.202
europe,60,dense_deterministic,0.75,timely_tcn,20261002,baron,0.2080745341614907,0.7126666666666667,0.542,0.17066666666666666
europe,60,dense_deterministic,0.75,timely_tcn,20260930,dragon,0.24847615632843312,0.716,0.5486666666666666,0.16733333333333333
europe,60,dense_deterministic,0.75,timely_tcn,20261001,dragon,0.24811760487629975,0.6986666666666667,0.504,0.19466666666666665
europe,60,dense_deterministic,0.75,timely_tcn,20261002,dragon,0.24686267479383292,0.6953333333333334,0.5393333333333333,0.156
europe,60,dense_deterministic,0.75,timely_tcn,20260930,teamfight,0.057025456003207055,0.6553333333333333,0.5453333333333333,0.11
europe,60,dense_deterministic,0.75,timely_tcn,20261001,teamfight,0.0573261174584085,0.6613333333333333,0.548,0.11333333333333333
europe,60,dense_deterministic,0.75,timely_tcn,20261002,teamfight,0.05782721988374424,0.662,0.548,0.114
europe,60,dense_deterministic,0.75,timely_tcn,20260930,macro,0.1709850094935695,0.6942222222222222,0.5366666666666666,0.15755555555555556
europe,60,dense_deterministic,0.75,timely_tcn,20261001,macro,0.1707586734904514,0.6913333333333332,0.5213333333333333,0.17
europe,60,dense_deterministic,0.75,timely_tcn,20261002,macro,0.17092147627968932,0.69,0.5431111111111111,0.14688888888888887
europe,60,dense_deterministic,1.0,leagueews,20260930,baron,0.24782608695652175,0.9266666666666666,0.64,0.2866666666666667
europe,60,dense_deterministic,1.0,leagueews,20261001,baron,0.2608695652173913,0.924,0.636,0.288
europe,60,dense_deterministic,1.0,leagueews,20261002,baron,0.2608695652173913,0.9406666666666667,0.658,0.2826666666666667
europe,60,dense_deterministic,1.0,leagueews,20260930,dragon,0.172642524202223,0.954,0.2633333333333333,0.6906666666666667
europe,60,dense_deterministic,1.0,leagueews,20261001,dragon,0.17335962710648978,0.9453333333333334,0.266,0.6793333333333333
europe,60,dense_deterministic,1.0,leagueews,20261002,dragon,0.1826819648619577,0.954,0.2773333333333333,0.6766666666666666
europe,60,dense_deterministic,1.0,leagueews,20260930,teamfight,0.06013229104028864,0.9406666666666667,0.572,0.36866666666666664
europe,60,dense_deterministic,1.0,leagueews,20261001,teamfight,0.05431950290639407,0.9386666666666666,0.5733333333333334,0.36533333333333334
europe,60,dense_deterministic,1.0,leagueews,20261002,teamfight,0.056724794548005615,0.9326666666666666,0.5753333333333334,0.35733333333333334
europe,60,dense_deterministic,1.0,leagueews,20260930,macro,0.16020030073301114,0.9404444444444443,0.4917777777777778,0.4486666666666667
europe,60,dense_deterministic,1.0,leagueews,20261001,macro,0.16284956507675838,0.936,0.4917777777777778,0.44422222222222224
europe,60,dense_deterministic,1.0,leagueews,20261002,macro,0.16675877487578486,0.9424444444444444,0.5035555555555556,0.4388888888888889
europe,60,dense_deterministic,1.0,tcn,20260930,baron,0.25403726708074537,0.936,0.6553333333333333,0.2806666666666667
europe,60,dense_deterministic,1.0,tcn,20261001,baron,0.25590062111801243,0.954,0.6713333333333333,0.2826666666666667
europe,60,dense_deterministic,1.0,tcn,20261002,baron,0.26149068322981367,0.9413333333333334,0.6573333333333333,0.284
europe,60,dense_deterministic,1.0,tcn,20260930,dragon,0.182502689135891,0.9773333333333334,0.2786666666666667,0.6986666666666667
europe,60,dense_deterministic,1.0,tcn,20261001,dragon,0.17425600573682323,0.9533333333333334,0.2693333333333333,0.684
europe,60,dense_deterministic,1.0,tcn,20261002,dragon,0.16798135532448907,0.9013333333333333,0.24066666666666667,0.6606666666666666
europe,60,dense_deterministic,1.0,tcn,20260930,teamfight,0.0550210463018641,0.8853333333333333,0.5493333333333333,0.336
europe,60,dense_deterministic,1.0,tcn,20261001,teamfight,0.054419723391461214,0.9173333333333333,0.5646666666666667,0.3526666666666667
europe,60,dense_deterministic,1.0,tcn,20261002,teamfight,0.05592303066746843,0.8746666666666667,0.5393333333333333,0.3353333333333333
europe,60,dense_deterministic,1.0,tcn,20260930,macro,0.1638536675061668,0.9328888888888889,0.49444444444444446,0.43844444444444447
europe,60,dense_deterministic,1.0,tcn,20261001,macro,0.16152545008209898,0.9415555555555555,0.5017777777777778,0.4397777777777778
europe,60,dense_deterministic,1.0,tcn,20261002,macro,0.16179835640725707,0.9057777777777778,0.4791111111111111,0.4266666666666666
europe,60,dense_deterministic,1.0,timely_leagueews,20260930,baron,0.27888198757763977,0.9346666666666666,0.7073333333333334,0.22733333333333333
europe,60,dense_deterministic,1.0,timely_leagueews,20261001,baron,0.27391304347826084,0.9213333333333333,0.7046666666666667,0.21666666666666667
europe,60,dense_deterministic,1.0,timely_leagueews,20261002,baron,0.27391304347826084,0.9353333333333333,0.7393333333333333,0.196
europe,60,dense_deterministic,1.0,timely_leagueews,20260930,dragon,0.2999282897095733,0.9626666666666667,0.6846666666666666,0.278
europe,60,dense_deterministic,1.0,timely_leagueews,20261001,dragon,0.2979562567228397,0.962,0.71,0.252
europe,60,dense_deterministic,1.0,timely_leagueews,20261002,dragon,0.2988526353531732,0.956,0.6946666666666667,0.2613333333333333
europe,60,dense_deterministic,1.0,timely_leagueews,20260930,teamfight,0.07596712768089797,0.9153333333333333,0.75,0.16533333333333333
europe,60,dense_deterministic,1.0,timely_leagueews,20261001,teamfight,0.07296051312888355,0.8846666666666667,0.7333333333333333,0.15133333333333332
europe,60,dense_deterministic,1.0,timely_leagueews,20261002,teamfight,0.07235919021848065,0.8813333333333333,0.7286666666666667,0.15266666666666667
europe,60,dense_deterministic,1.0,timely_leagueews,20260930,macro,0.21825913498937033,0.9375555555555556,0.714,0.2235555555555556
europe,60,dense_deterministic,1.0,timely_leagueews,20261001,macro,0.2149432711099947,0.9226666666666666,0.7160000000000001,0.20666666666666667
europe,60,dense_deterministic,1.0,timely_leagueews,20261002,macro,0.21504162301663823,0.9242222222222223,0.7208888888888888,0.20333333333333334
europe,60,dense_deterministic,1.0,timely_tcn,20260930,baron,0.2639751552795031,0.94,0.6986666666666667,0.24133333333333334
europe,60,dense_deterministic,1.0,timely_tcn,20261001,baron,0.2714285714285714,0.946,0.7093333333333334,0.23666666666666666
europe,60,dense_deterministic,1.0,timely_tcn,20261002,baron,0.2670807453416149,0.944,0.7266666666666667,0.21733333333333332
europe,60,dense_deterministic,1.0,timely_tcn,20260930,dragon,0.2932950878451058,0.9526666666666667,0.6913333333333334,0.2613333333333333
europe,60,dense_deterministic,1.0,timely_tcn,20261001,dragon,0.29437074220150594,0.9433333333333334,0.65,0.29333333333333333
europe,60,dense_deterministic,1.0,timely_tcn,20261002,dragon,0.2941914664754392,0.9613333333333334,0.6993333333333334,0.262
europe,60,dense_deterministic,1.0,timely_tcn,20260930,teamfight,0.07235919021848065,0.95,0.7933333333333333,0.15666666666666668
europe,60,dense_deterministic,1.0,timely_tcn,20261001,teamfight,0.07356183603928643,0.894,0.736,0.158
europe,60,dense_deterministic,1.0,timely_tcn,20261002,teamfight,0.0722589697334135,0.896,0.7353333333333333,0.16066666666666668
europe,60,dense_deterministic,1.0,timely_tcn,20260930,macro,0.20987647778102983,0.9475555555555554,0.7277777777777779,0.21977777777777777
europe,60,dense_deterministic,1.0,timely_tcn,20261001,macro,0.2131203832231213,0.9277777777777777,0.6984444444444445,0.22933333333333336
europe,60,dense_deterministic,1.0,timely_tcn,20261002,macro,0.21117706051682253,0.9337777777777778,0.7204444444444444,0.21333333333333335
europe,60,dense_deterministic,mean,leagueews,20260930,baron,0.15574534161490683,0.5873333333333334,0.3566666666666667,0.2306666666666667
europe,60,dense_deterministic,mean,leagueews,20261001,baron,0.15822981366459626,0.5838333333333333,0.35083333333333333,0.23299999999999998
europe,60,dense_deterministic,mean,leagueews,20261002,baron,0.16304347826086957,0.59,0.35916666666666663,0.23083333333333333
europe,60,dense_deterministic,mean,leagueews,20260930,dragon,0.09295446396557905,0.5845,0.13116666666666665,0.45333333333333337
europe,60,dense_deterministic,mean,leagueews,20261001,dragon,0.09497131588382933,0.5853333333333333,0.13483333333333333,0.4505
europe,60,dense_deterministic,mean,leagueews,20261002,dragon,0.09869128719971317,0.5816666666666666,0.13483333333333333,0.4468333333333333
europe,60,dense_deterministic,mean,leagueews,20260930,teamfight,0.035002004409701346,0.572,0.3298333333333333,0.2421666666666667
europe,60,dense_deterministic,mean,leagueews,20261001,teamfight,0.03141912206855081,0.5616666666666666,0.32733333333333337,0.23433333333333334
europe,60,dense_deterministic,mean,leagueews,20261002,teamfight,0.03399979955902987,0.5636666666666666,0.3328333333333333,0.23083333333333333
europe,60,dense_deterministic,mean,leagueews,20260930,macro,0.09456726999672908,0.5812777777777778,0.27255555555555555,0.3087222222222223
europe,60,dense_deterministic,mean,leagueews,20261001,macro,0.0948734172056588,0.5769444444444444,0.271,0.3059444444444444
europe,60,dense_deterministic,mean,leagueews,20261002,macro,0.09857818833987086,0.5784444444444444,0.2756111111111111,0.30283333333333334
europe,60,dense_deterministic,mean,tcn,20260930,baron,0.1548136645962733,0.5993333333333334,0.37,0.22933333333333333
europe,60,dense_deterministic,mean,tcn,20261001,baron,0.1549689440993789,0.593,0.3625,0.23049999999999998
europe,60,dense_deterministic,mean,tcn,20261002,baron,0.1604037267080745,0.5921666666666667,0.36383333333333334,0.22833333333333333
europe,60,dense_deterministic,mean,tcn,20260930,dragon,0.0955091430620294,0.5771666666666666,0.13333333333333333,0.4438333333333333
europe,60,dense_deterministic,mean,tcn,20261001,dragon,0.09376120473287916,0.5796666666666668,0.13266666666666665,0.44700000000000006
europe,60,dense_deterministic,mean,tcn,20261002,dragon,0.09376120473287916,0.5651666666666666,0.12616666666666668,0.43900000000000006
europe,60,dense_deterministic,mean,tcn,20260930,teamfight,0.0318200040088194,0.5395,0.3168333333333333,0.22266666666666668
europe,60,dense_deterministic,mean,tcn,20261001,teamfight,0.03096812988574865,0.5415000000000001,0.3158333333333333,0.22566666666666668
europe,60,dense_deterministic,mean,tcn,20261002,teamfight,0.03397474443776308,0.5466666666666666,0.32216666666666666,0.22449999999999998
europe,60,dense_deterministic,mean,tcn,20260930,macro,0.09404760388904071,0.572,0.27338888888888885,0.2986111111111111
europe,60,dense_deterministic,mean,tcn,20261001,macro,0.0932327595726689,0.571388888888889,0.2703333333333333,0.3010555555555556
europe,60,dense_deterministic,mean,tcn,20261002,macro,0.0960465586262389,0.568,0.27072222222222225,0.29727777777777775
europe,60,dense_deterministic,mean,timely_leagueews,20260930,baron,0.19130434782608696,0.6013333333333334,0.44,0.16133333333333333
europe,60,dense_deterministic,mean,timely_leagueews,20261001,baron,0.18462732919254657,0.5801666666666667,0.4301666666666667,0.15
europe,60,dense_deterministic,mean,timely_leagueews,20261002,baron,0.18618012422360247,0.6056666666666667,0.4716666666666667,0.134
europe,60,dense_deterministic,mean,timely_leagueews,20260930,dragon,0.21297956256722841,0.5863333333333334,0.4418333333333333,0.14450000000000002
europe,60,dense_deterministic,mean,timely_leagueews,20261001,dragon,0.21136608103262816,0.5868333333333333,0.4543333333333333,0.1325
europe,60,dense_deterministic,mean,timely_leagueews,20261002,dragon,0.21253137325206167,0.5865,0.45033333333333336,0.13616666666666666
europe,60,dense_deterministic,mean,timely_leagueews,20260930,teamfight,0.04960914010823812,0.5591666666666667,0.46366666666666667,0.0955
europe,60,dense_deterministic,mean,timely_leagueews,20261001,teamfight,0.04803066746843055,0.5406666666666666,0.4511666666666666,0.0895
europe,60,dense_deterministic,mean,timely_leagueews,20261002,teamfight,0.04803066746843054,0.5383333333333333,0.44733333333333336,0.091
europe,60,dense_deterministic,mean,timely_leagueews,20260930,macro,0.15129768350051784,0.5822777777777778,0.44849999999999995,0.13377777777777777
europe,60,dense_deterministic,mean,timely_leagueews,20261001,macro,0.14800802589786843,0.5692222222222222,0.4452222222222222,0.124
europe,60,dense_deterministic,mean,timely_leagueews,20261002,macro,0.1489140549813649,0.5768333333333333,0.4564444444444445,0.12038888888888888
europe,60,dense_deterministic,mean,timely_tcn,20260930,baron,0.17453416149068324,0.5928333333333333,0.4321666666666667,0.16066666666666668
europe,60,dense_deterministic,mean,timely_tcn,20261001,baron,0.17531055900621118,0.5868333333333333,0.42566666666666664,0.16116666666666668
europe,60,dense_deterministic,mean,timely_tcn,20261002,baron,0.17577639751552795,0.5906666666666667,0.45033333333333336,0.1403333333333333
europe,60,dense_deterministic,mean,timely_tcn,20260930,dragon,0.21091789171746145,0.5908333333333333,0.45,0.1408333333333333
europe,60,dense_deterministic,mean,timely_tcn,20261001,dragon,0.2120383650053783,0.5813333333333334,0.4165,0.16483333333333333
europe,60,dense_deterministic,mean,timely_tcn,20261002,dragon,0.21132126210111152,0.5883333333333334,0.45016666666666666,0.13816666666666666
europe,60,dense_deterministic,mean,timely_tcn,20260930,teamfight,0.04717879334535979,0.5595,0.4678333333333333,0.09166666666666667
europe,60,dense_deterministic,mean,timely_tcn,20261001,teamfight,0.04840649428743235,0.5545,0.45916666666666667,0.09533333333333333
europe,60,dense_deterministic,mean,timely_tcn,20261002,teamfight,0.04785528161956304,0.5451666666666667,0.4505,0.09466666666666668
europe,60,dense_deterministic,mean,timely_tcn,20260930,macro,0.1442102821845015,0.5810555555555555,0.45,0.13105555555555556
europe,60,dense_deterministic,mean,timely_tcn,20261001,macro,0.14525180609967395,0.5742222222222222,0.43377777777777776,0.14044444444444446
europe,60,dense_deterministic,mean,timely_tcn,20261002,macro,0.14498431374540083,0.5747222222222222,0.4503333333333333,0.12438888888888888
europe,60,dense_regional_deterministic,0.25,leagueews,20260930,baron,0.0577639751552795,0.25266666666666665,0.09,0.16266666666666665
europe,60,dense_regional_deterministic,0.25,leagueews,20261001,baron,0.05962732919254658,0.25133333333333335,0.084,0.16733333333333333
europe,60,dense_regional_deterministic,0.25,leagueews,20261002,baron,0.059006211180124224,0.24,0.086,0.154
europe,60,dense_regional_deterministic,0.25,leagueews,20260930,dragon,0.024022947292936535,0.204,0.02266666666666667,0.18133333333333335
europe,60,dense_regional_deterministic,0.25,leagueews,20261001,dragon,0.024022947292936535,0.21533333333333332,0.02666666666666667,0.18866666666666668
europe,60,dense_regional_deterministic,0.25,leagueews,20261002,dragon,0.026174256005736824,0.216,0.024,0.192
europe,60,dense_regional_deterministic,0.25,leagueews,20260930,teamfight,0.011725796752856284,0.23066666666666666,0.11533333333333333,0.11533333333333333
europe,60,dense_regional_deterministic,0.25,leagueews,20261001,teamfight,0.011625576267789137,0.23133333333333334,0.12066666666666667,0.11066666666666666
europe,60,dense_regional_deterministic,0.25,leagueews,20261002,teamfight,0.011324914812587693,0.208,0.106,0.102
europe,60,dense_regional_deterministic,0.25,leagueews,20260930,macro,0.03117090640035744,0.22911111111111113,0.076,0.15311111111111111
europe,60,dense_regional_deterministic,0.25,leagueews,20261001,macro,0.03175861758442409,0.23266666666666666,0.07711111111111112,0.15555555555555556
europe,60,dense_regional_deterministic,0.25,leagueews,20261002,macro,0.03216846066614958,0.2213333333333333,0.072,0.14933333333333332
europe,60,dense_regional_deterministic,0.25,tcn,20260930,baron,0.05962732919254658,0.2633333333333333,0.09666666666666666,0.16666666666666666
europe,60,dense_regional_deterministic,0.25,tcn,20261001,baron,0.05093167701863354,0.2613333333333333,0.09866666666666667,0.16266666666666665
europe,60,dense_regional_deterministic,0.25,tcn,20261002,baron,0.06024844720496894,0.23333333333333334,0.08666666666666667,0.14666666666666667
europe,60,dense_regional_deterministic,0.25,tcn,20260930,dragon,0.029759770527070635,0.254,0.03133333333333333,0.22266666666666668
europe,60,dense_regional_deterministic,0.25,tcn,20261001,dragon,0.026353531731803513,0.22733333333333333,0.032,0.19533333333333333
europe,60,dense_regional_deterministic,0.25,tcn,20261002,dragon,0.026174256005736824,0.224,0.034,0.19
europe,60,dense_regional_deterministic,0.25,tcn,20260930,teamfight,0.010322709961916216,0.208,0.10066666666666667,0.10733333333333334
europe,60,dense_regional_deterministic,0.25,tcn,20261001,teamfight,0.010823812387251955,0.214,0.108,0.106
europe,60,dense_regional_deterministic,0.25,tcn,20261002,teamfight,0.01102425335738625,0.21066666666666667,0.104,0.10666666666666667
europe,60,dense_regional_deterministic,0.25,tcn,20260930,macro,0.033236603227177815,0.24177777777777776,0.07622222222222223,0.16555555555555554
europe,60,dense_regional_deterministic,0.25,tcn,20261001,macro,0.029369673712563004,0.23422222222222222,0.07955555555555555,0.15466666666666665
europe,60,dense_regional_deterministic,0.25,tcn,20261002,macro,0.03248231885603067,0.22266666666666668,0.0748888888888889,0.14777777777777779
europe,60,dense_regional_deterministic,0.25,timely_leagueews,20260930,baron,0.1,0.278,0.186,0.092
europe,60,dense_regional_deterministic,0.25,timely_leagueews,20261001,baron,0.09254658385093167,0.25733333333333336,0.17533333333333334,0.082
europe,60,dense_regional_deterministic,0.25,timely_leagueews,20261002,baron,0.08198757763975155,0.24666666666666667,0.18666666666666668,0.06
europe,60,dense_regional_deterministic,0.25,timely_leagueews,20260930,dragon,0.11007529580494801,0.21266666666666667,0.18133333333333335,0.03133333333333333
europe,60,dense_regional_deterministic,0.25,timely_leagueews,20261001,dragon,0.10702760846181426,0.20266666666666666,0.17533333333333334,0.027333333333333334
europe,60,dense_regional_deterministic,0.25,timely_leagueews,20261002,dragon,0.10595195410541412,0.20266666666666666,0.174,0.028666666666666667
europe,60,dense_regional_deterministic,0.25,timely_leagueews,20260930,teamfight,0.027660853878532773,0.252,0.20866666666666667,0.043333333333333335
europe,60,dense_regional_deterministic,0.25,timely_leagueews,20261001,teamfight,0.023652034475846864,0.228,0.188,0.04
europe,60,dense_regional_deterministic,0.25,timely_leagueews,20261002,teamfight,0.027660853878532773,0.2653333333333333,0.22133333333333333,0.044
europe,60,dense_regional_deterministic,0.25,timely_leagueews,20260930,macro,0.07924538322782693,0.24755555555555556,0.19200000000000003,0.05555555555555555
europe,60,dense_regional_deterministic,0.25,timely_leagueews,20261001,macro,0.07440874226286426,0.22933333333333336,0.17955555555555555,0.04977777777777778
europe,60,dense_regional_deterministic,0.25,timely_leagueews,20261002,macro,0.07186679520789947,0.23822222222222222,0.19400000000000003,0.04422222222222222
europe,60,dense_regional_deterministic,0.25,timely_tcn,20260930,baron,0.08136645962732919,0.24933333333333332,0.174,0.07533333333333334
europe,60,dense_regional_deterministic,0.25,timely_tcn,20261001,baron,0.08198757763975155,0.24266666666666667,0.16666666666666666,0.076
europe,60,dense_regional_deterministic,0.25,timely_tcn,20261002,baron,0.07267080745341616,0.224,0.16866666666666666,0.05533333333333333
europe,60,dense_regional_deterministic,0.25,timely_tcn,20260930,dragon,0.11258515596988168,0.216,0.17933333333333334,0.03666666666666667
europe,60,dense_regional_deterministic,0.25,timely_tcn,20261001,dragon,0.11473646468268196,0.22,0.16866666666666666,0.051333333333333335
europe,60,dense_regional_deterministic,0.25,timely_tcn,20261002,dragon,0.11168877733954823,0.21666666666666667,0.17466666666666666,0.042
europe,60,dense_regional_deterministic,0.25,timely_tcn,20260930,teamfight,0.023952695931048307,0.23933333333333334,0.2,0.03933333333333333
europe,60,dense_regional_deterministic,0.25,timely_tcn,20261001,teamfight,0.023952695931048307,0.228,0.19,0.038
europe,60,dense_regional_deterministic,0.25,timely_tcn,20261002,teamfight,0.02425335738624975,0.22733333333333333,0.19066666666666668,0.03666666666666667
europe,60,dense_regional_deterministic,0.25,timely_tcn,20260930,macro,0.07263477050941973,0.2348888888888889,0.18444444444444444,0.05044444444444444
europe,60,dense_regional_deterministic,0.25,timely_tcn,20261001,macro,0.07355891275116061,0.23022222222222222,0.1751111111111111,0.05511111111111111
europe,60,dense_regional_deterministic,0.25,timely_tcn,20261002,macro,0.06953764739307138,0.22266666666666665,0.17800000000000002,0.04466666666666667
europe,60,dense_regional_deterministic,0.5,leagueews,20260930,baron,0.13975155279503104,0.4886666666666667,0.2733333333333333,0.21533333333333332
europe,60,dense_regional_deterministic,0.5,leagueews,20261001,baron,0.1298136645962733,0.48733333333333334,0.26066666666666666,0.22666666666666666
europe,60,dense_regional_deterministic,0.5,leagueews,20261002,baron,0.13850931677018632,0.49866666666666665,0.2713333333333333,0.22733333333333333
europe,60,dense_regional_deterministic,0.5,leagueews,20260930,dragon,0.06167084976694156,0.46266666666666667,0.07933333333333334,0.38333333333333336
europe,60,dense_regional_deterministic,0.5,leagueews,20261001,dragon,0.0647185371100753,0.4573333333333333,0.07666666666666666,0.38066666666666665
europe,60,dense_regional_deterministic,0.5,leagueews,20261002,dragon,0.06973825743994264,0.46266666666666667,0.08,0.38266666666666665
europe,60,dense_regional_deterministic,0.5,leagueews,20260930,teamfight,0.025355782721988376,0.44,0.238,0.202
europe,60,dense_regional_deterministic,0.5,leagueews,20261001,teamfight,0.02345159350571257,0.432,0.242,0.19
europe,60,dense_regional_deterministic,0.5,leagueews,20261002,teamfight,0.025856885147324114,0.43333333333333335,0.242,0.19133333333333333
europe,60,dense_regional_deterministic,0.5,leagueews,20260930,macro,0.07559272842798699,0.4637777777777778,0.1968888888888889,0.2668888888888889
europe,60,dense_regional_deterministic,0.5,leagueews,20261001,macro,0.07266126507068706,0.4588888888888889,0.1931111111111111,0.2657777777777777
europe,60,dense_regional_deterministic,0.5,leagueews,20261002,macro,0.0780348197858177,0.4648888888888889,0.19777777777777775,0.26711111111111113
europe,60,dense_regional_deterministic,0.5,tcn,20260930,baron,0.12857142857142856,0.5126666666666667,0.2846666666666667,0.228
europe,60,dense_regional_deterministic,0.5,tcn,20261001,baron,0.13478260869565217,0.5146666666666667,0.2846666666666667,0.23
europe,60,dense_regional_deterministic,0.5,tcn,20261002,baron,0.1372670807453416,0.5113333333333333,0.2853333333333333,0.226
europe,60,dense_regional_deterministic,0.5,tcn,20260930,dragon,0.0665112943707422,0.4513333333333333,0.07533333333333334,0.376
europe,60,dense_regional_deterministic,0.5,tcn,20261001,dragon,0.06955898171387594,0.504,0.09466666666666666,0.4093333333333333
europe,60,dense_regional_deterministic,0.5,tcn,20261002,dragon,0.07637145930441018,0.508,0.094,0.414
europe,60,dense_regional_deterministic,0.5,tcn,20260930,teamfight,0.022649829625175387,0.414,0.23133333333333334,0.18266666666666667
europe,60,dense_regional_deterministic,0.5,tcn,20261001,teamfight,0.021747845259571057,0.406,0.22333333333333333,0.18266666666666667
europe,60,dense_regional_deterministic,0.5,tcn,20261002,teamfight,0.025856885147324114,0.43133333333333335,0.242,0.18933333333333333
europe,60,dense_regional_deterministic,0.5,tcn,20260930,macro,0.07257751752244872,0.4593333333333333,0.1971111111111111,0.2622222222222222
europe,60,dense_regional_deterministic,0.5,tcn,20261001,macro,0.07536314522303304,0.47488888888888897,0.2008888888888889,0.27399999999999997
europe,60,dense_regional_deterministic,0.5,tcn,20261002,macro,0.0798318083990253,0.48355555555555557,0.2071111111111111,0.27644444444444444
europe,60,dense_regional_deterministic,0.5,timely_leagueews,20260930,baron,0.17391304347826086,0.5206666666666667,0.37266666666666665,0.148
europe,60,dense_regional_deterministic,0.5,timely_leagueews,20261001,baron,0.16645962732919253,0.49466666666666664,0.36,0.13466666666666666
europe,60,dense_regional_deterministic,0.5,timely_leagueews,20261002,baron,0.16335403726708075,0.5013333333333333,0.3873333333333333,0.114
europe,60,dense_regional_deterministic,0.5,timely_leagueews,20260930,dragon,0.18895661527429186,0.45,0.35733333333333334,0.09266666666666666
europe,60,dense_regional_deterministic,0.5,timely_leagueews,20261001,dragon,0.19128719971315883,0.462,0.37333333333333335,0.08866666666666667
europe,60,dense_regional_deterministic,0.5,timely_leagueews,20261002,dragon,0.1902115453567587,0.46,0.374,0.086
europe,60,dense_regional_deterministic,0.5,timely_leagueews,20260930,teamfight,0.04439767488474644,0.48333333333333334,0.4106666666666667,0.07266666666666667
europe,60,dense_regional_deterministic,0.5,timely_leagueews,20261001,teamfight,0.04329524954900782,0.4573333333333333,0.38533333333333336,0.072
europe,60,dense_regional_deterministic,0.5,timely_leagueews,20261002,teamfight,0.04439767488474644,0.454,0.38133333333333336,0.07266666666666667
europe,60,dense_regional_deterministic,0.5,timely_leagueews,20260930,macro,0.13575577787909973,0.48466666666666675,0.38022222222222224,0.10444444444444444
europe,60,dense_regional_deterministic,0.5,timely_leagueews,20261001,macro,0.13368069219711973,0.4713333333333333,0.3728888888888889,0.09844444444444445
europe,60,dense_regional_deterministic,0.5,timely_leagueews,20261002,macro,0.1326544191695286,0.4717777777777778,0.3808888888888889,0.0908888888888889
europe,60,dense_regional_deterministic,0.5,timely_tcn,20260930,baron,0.1577639751552795,0.514,0.37,0.144
europe,60,dense_regional_deterministic,0.5,timely_tcn,20261001,baron,0.15962732919254657,0.5066666666666667,0.3526666666666667,0.154
europe,60,dense_regional_deterministic,0.5,timely_tcn,20261002,baron,0.15527950310559005,0.482,0.364,0.118
europe,60,dense_regional_deterministic,0.5,timely_tcn,20260930,dragon,0.18931516672642523,0.4786666666666667,0.38066666666666665,0.098
europe,60,dense_regional_deterministic,0.5,timely_tcn,20261001,dragon,0.19092864826102546,0.4633333333333333,0.3433333333333333,0.12
europe,60,dense_regional_deterministic,0.5,timely_tcn,20261002,dragon,0.19254212979562568,0.48,0.3873333333333333,0.09266666666666666
europe,60,dense_regional_deterministic,0.5,timely_tcn,20260930,teamfight,0.04299458809380637,0.4826666666666667,0.4073333333333333,0.07533333333333334
europe,60,dense_regional_deterministic,0.5,timely_tcn,20261001,teamfight,0.04319502906394067,0.47733333333333333,0.3973333333333333,0.08
europe,60,dense_regional_deterministic,0.5,timely_tcn,20261002,teamfight,0.043395470034074964,0.458,0.382,0.076
europe,60,dense_regional_deterministic,0.5,timely_tcn,20260930,macro,0.1300245766585037,0.4917777777777778,0.38599999999999995,0.10577777777777779
europe,60,dense_regional_deterministic,0.5,timely_tcn,20261001,macro,0.13125033550583756,0.48244444444444445,0.3644444444444444,0.11800000000000001
europe,60,dense_regional_deterministic,0.5,timely_tcn,20261002,macro,0.1304057009784302,0.47333333333333333,0.37777777777777777,0.09555555555555556
europe,60,dense_regional_deterministic,0.75,leagueews,20260930,baron,0.21055900621118012,0.778,0.5073333333333333,0.27066666666666667
europe,60,dense_regional_deterministic,0.75,leagueews,20261001,baron,0.21180124223602484,0.7426666666666667,0.486,0.25666666666666665
europe,60,dense_regional_deterministic,0.75,leagueews,20261002,baron,0.2111801242236025,0.756,0.49066666666666664,0.2653333333333333
europe,60,dense_regional_deterministic,0.75,leagueews,20260930,dragon,0.11348153460021514,0.7173333333333334,0.15933333333333333,0.558
europe,60,dense_regional_deterministic,0.75,leagueews,20261001,dragon,0.1177841520258157,0.7233333333333334,0.17,0.5533333333333333
europe,60,dense_regional_deterministic,0.75,leagueews,20261002,dragon,0.1290785227680172,0.7433333333333333,0.174,0.5693333333333334
europe,60,dense_regional_deterministic,0.75,leagueews,20260930,teamfight,0.04279414712367208,0.6766666666666666,0.394,0.2826666666666667
europe,60,dense_regional_deterministic,0.75,leagueews,20261001,teamfight,0.037582681900180395,0.67,0.3893333333333333,0.2806666666666667
europe,60,dense_regional_deterministic,0.75,leagueews,20261002,teamfight,0.04209260372820205,0.6806666666666666,0.408,0.27266666666666667
europe,60,dense_regional_deterministic,0.75,leagueews,20260930,macro,0.12227822931168912,0.7240000000000001,0.35355555555555557,0.3704444444444444
europe,60,dense_regional_deterministic,0.75,leagueews,20261001,macro,0.12238935872067364,0.7120000000000001,0.3484444444444444,0.3635555555555556
europe,60,dense_regional_deterministic,0.75,leagueews,20261002,macro,0.12745041690660724,0.7266666666666667,0.35755555555555557,0.3691111111111111
europe,60,dense_regional_deterministic,0.75,tcn,20260930,baron,0.20683229813664597,0.77,0.506,0.264
europe,60,dense_regional_deterministic,0.75,tcn,20261001,baron,0.21055900621118012,0.7493333333333333,0.4886666666666667,0.26066666666666666
europe,60,dense_regional_deterministic,0.75,tcn,20261002,baron,0.21366459627329193,0.7726666666666666,0.5066666666666667,0.266
europe,60,dense_regional_deterministic,0.75,tcn,20260930,dragon,0.12011473646468268,0.7366666666666667,0.17666666666666667,0.56
europe,60,dense_regional_deterministic,0.75,tcn,20261001,dragon,0.12065256364288275,0.7286666666666667,0.17,0.5586666666666666
europe,60,dense_regional_deterministic,0.75,tcn,20261002,dragon,0.12979562567228398,0.738,0.172,0.566
europe,60,dense_regional_deterministic,0.75,tcn,20260930,teamfight,0.03928643014632191,0.6506666666666666,0.386,0.26466666666666666
europe,60,dense_regional_deterministic,0.75,tcn,20261001,teamfight,0.036881138504710365,0.6286666666666667,0.36733333333333335,0.2613333333333333
europe,60,dense_regional_deterministic,0.75,tcn,20261002,teamfight,0.043094808578873524,0.67,0.4033333333333333,0.26666666666666666
europe,60,dense_regional_deterministic,0.75,tcn,20260930,macro,0.1220778215825502,0.7191111111111111,0.3562222222222222,0.36288888888888887
europe,60,dense_regional_deterministic,0.75,tcn,20261001,macro,0.12269756945292441,0.7022222222222222,0.342,0.3602222222222222
europe,60,dense_regional_deterministic,0.75,tcn,20261002,macro,0.12885167684148316,0.7268888888888889,0.3606666666666667,0.3662222222222222
europe,60,dense_regional_deterministic,0.75,timely_leagueews,20260930,baron,0.24161490683229814,0.7693333333333333,0.57,0.19933333333333333
europe,60,dense_regional_deterministic,0.75,timely_leagueews,20261001,baron,0.23167701863354037,0.7693333333333333,0.58,0.18933333333333333
europe,60,dense_regional_deterministic,0.75,timely_leagueews,20261002,baron,0.23664596273291927,0.7973333333333333,0.6213333333333333,0.176
europe,60,dense_regional_deterministic,0.75,timely_leagueews,20260930,dragon,0.2529580494801004,0.72,0.544,0.176
europe,60,dense_regional_deterministic,0.75,timely_leagueews,20261001,dragon,0.2491932592326999,0.7206666666666667,0.5586666666666666,0.162
europe,60,dense_regional_deterministic,0.75,timely_leagueews,20261002,dragon,0.2551093581929007,0.7273333333333334,0.5586666666666666,0.16866666666666666
europe,60,dense_regional_deterministic,0.75,timely_leagueews,20260930,teamfight,0.06353978753257165,0.738,0.6133333333333333,0.12466666666666666
europe,60,dense_regional_deterministic,0.75,timely_leagueews,20261001,teamfight,0.06023251152535578,0.7006666666666667,0.586,0.11466666666666667
europe,60,dense_regional_deterministic,0.75,timely_leagueews,20261002,teamfight,0.05953096812988575,0.7206666666666667,0.6046666666666667,0.116
europe,60,dense_regional_deterministic,0.75,timely_leagueews,20260930,macro,0.18603758128165673,0.7424444444444444,0.5757777777777777,0.16666666666666666
europe,60,dense_regional_deterministic,0.75,timely_leagueews,20261001,macro,0.18036759646386535,0.7302222222222222,0.5748888888888888,0.15533333333333332
europe,60,dense_regional_deterministic,0.75,timely_leagueews,20261002,macro,0.1837620963519019,0.7484444444444445,0.5948888888888889,0.15355555555555556
europe,60,dense_regional_deterministic,0.75,timely_tcn,20260930,baron,0.2186335403726708,0.7593333333333333,0.5533333333333333,0.206
europe,60,dense_regional_deterministic,0.75,timely_tcn,20261001,baron,0.2248447204968944,0.7626666666666667,0.5526666666666666,0.21
europe,60,dense_regional_deterministic,0.75,timely_tcn,20261002,baron,0.21614906832298136,0.748,0.5686666666666667,0.17933333333333334
europe,60,dense_regional_deterministic,0.75,timely_tcn,20260930,dragon,0.2545715310147006,0.7373333333333333,0.5653333333333334,0.172
europe,60,dense_regional_deterministic,0.75,timely_tcn,20261001,dragon,0.2533166009322338,0.7233333333333334,0.5206666666666667,0.20266666666666666
europe,60,dense_regional_deterministic,0.75,timely_tcn,20261002,dragon,0.2513445679455002,0.7206666666666667,0.5546666666666666,0.166
europe,60,dense_regional_deterministic,0.75,timely_tcn,20260930,teamfight,0.05953096812988575,0.7086666666666667,0.596,0.11266666666666666
europe,60,dense_regional_deterministic,0.75,timely_tcn,20261001,teamfight,0.06203648025656444,0.714,0.5906666666666667,0.12333333333333334
europe,60,dense_regional_deterministic,0.75,timely_tcn,20261002,teamfight,0.06093405492082582,0.7193333333333334,0.594,0.12533333333333332
europe,60,dense_regional_deterministic,0.75,timely_tcn,20260930,macro,0.1775786798390857,0.7351111111111112,0.5715555555555555,0.16355555555555557
europe,60,dense_regional_deterministic,0.75,timely_tcn,20261001,macro,0.18006593389523087,0.7333333333333334,0.5546666666666666,0.17866666666666664
europe,60,dense_regional_deterministic,0.75,timely_tcn,20261002,macro,0.1761425637297691,0.7293333333333333,0.5724444444444444,0.15688888888888888
europe,60,dense_regional_deterministic,1.0,leagueews,20260930,baron,0.2677018633540373,1.0113333333333334,0.7193333333333334,0.292
europe,60,dense_regional_deterministic,1.0,leagueews,20261001,baron,0.277639751552795,1.004,0.7126666666666667,0.29133333333333333
europe,60,dense_regional_deterministic,1.0,leagueews,20261002,baron,0.2819875776397516,1.0193333333333334,0.728,0.29133333333333333
europe,60,dense_regional_deterministic,1.0,leagueews,20260930,dragon,0.18357834349229116,1.002,0.288,0.714
europe,60,dense_regional_deterministic,1.0,leagueews,20261001,dragon,0.18447472212262458,0.992,0.288,0.704
europe,60,dense_regional_deterministic,1.0,leagueews,20261002,dragon,0.19487271423449265,0.992,0.2966666666666667,0.6953333333333334
europe,60,dense_regional_deterministic,1.0,leagueews,20260930,teamfight,0.06013229104028864,0.9406666666666667,0.572,0.36866666666666664
europe,60,dense_regional_deterministic,1.0,leagueews,20261001,teamfight,0.05431950290639407,0.9386666666666666,0.5733333333333334,0.36533333333333334
europe,60,dense_regional_deterministic,1.0,leagueews,20261002,teamfight,0.056724794548005615,0.9326666666666666,0.5753333333333334,0.35733333333333334
europe,60,dense_regional_deterministic,1.0,leagueews,20260930,macro,0.17047083262887233,0.9846666666666667,0.5264444444444445,0.45822222222222225
europe,60,dense_regional_deterministic,1.0,leagueews,20261001,macro,0.17214465886060457,0.9782222222222222,0.5246666666666666,0.45355555555555555
europe,60,dense_regional_deterministic,1.0,leagueews,20261002,macro,0.1778616954740833,0.9813333333333333,0.5333333333333333,0.448
europe,60,dense_regional_deterministic,1.0,tcn,20260930,baron,0.2745341614906832,1.0286666666666666,0.7346666666666667,0.294
europe,60,dense_regional_deterministic,1.0,tcn,20261001,baron,0.2732919254658385,1.0286666666666666,0.7386666666666667,0.29
europe,60,dense_regional_deterministic,1.0,tcn,20261002,baron,0.27701863354037265,1.018,0.726,0.292
europe,60,dense_regional_deterministic,1.0,tcn,20260930,dragon,0.19343850842595914,1.0153333333333334,0.30333333333333334,0.712
europe,60,dense_regional_deterministic,1.0,tcn,20261001,dragon,0.18590892793115812,0.998,0.29333333333333333,0.7046666666666667
europe,60,dense_regional_deterministic,1.0,tcn,20261002,dragon,0.1959483685908928,1.0113333333333334,0.2986666666666667,0.7126666666666667
europe,60,dense_regional_deterministic,1.0,tcn,20260930,teamfight,0.0550210463018641,0.8853333333333333,0.5493333333333333,0.336
europe,60,dense_regional_deterministic,1.0,tcn,20261001,teamfight,0.054419723391461214,0.9173333333333333,0.5646666666666667,0.3526666666666667
europe,60,dense_regional_deterministic,1.0,tcn,20261002,teamfight,0.05592303066746843,0.8746666666666667,0.5393333333333333,0.3353333333333333
europe,60,dense_regional_deterministic,1.0,tcn,20260930,macro,0.17433123873950215,0.9764444444444443,0.5291111111111112,0.44733333333333336
europe,60,dense_regional_deterministic,1.0,tcn,20261001,macro,0.17120685892948595,0.9813333333333333,0.5322222222222223,0.44911111111111107
europe,60,dense_regional_deterministic,1.0,tcn,20261002,macro,0.17629667759957793,0.9680000000000001,0.5213333333333333,0.4466666666666666
europe,60,dense_regional_deterministic,1.0,timely_leagueews,20260930,baron,0.28633540372670807,0.9813333333333333,0.744,0.23733333333333334
europe,60,dense_regional_deterministic,1.0,timely_leagueews,20261001,baron,0.29316770186335406,1.0386666666666666,0.8066666666666666,0.232
europe,60,dense_regional_deterministic,1.0,timely_leagueews,20261002,baron,0.2937888198757764,1.0193333333333334,0.8126666666666666,0.20666666666666667
europe,60,dense_regional_deterministic,1.0,timely_leagueews,20260930,dragon,0.2999282897095733,0.9626666666666667,0.6846666666666666,0.278
europe,60,dense_regional_deterministic,1.0,timely_leagueews,20261001,dragon,0.30494801003944066,0.9953333333333333,0.732,0.2633333333333333
europe,60,dense_regional_deterministic,1.0,timely_leagueews,20261002,dragon,0.2988526353531732,0.956,0.6946666666666667,0.2613333333333333
europe,60,dense_regional_deterministic,1.0,timely_leagueews,20260930,teamfight,0.07596712768089797,0.9153333333333333,0.75,0.16533333333333333
europe,60,dense_regional_deterministic,1.0,timely_leagueews,20261001,teamfight,0.076668671076368,0.944,0.7826666666666666,0.16133333333333333
europe,60,dense_regional_deterministic,1.0,timely_leagueews,20261002,teamfight,0.07716977350170375,0.942,0.774,0.168
europe,60,dense_regional_deterministic,1.0,timely_leagueews,20260930,macro,0.2207436070390598,0.9531111111111111,0.7262222222222222,0.22688888888888892
europe,60,dense_regional_deterministic,1.0,timely_leagueews,20261001,macro,0.2249281276597209,0.9926666666666666,0.7737777777777778,0.21888888888888888
europe,60,dense_regional_deterministic,1.0,timely_leagueews,20261002,macro,0.22327040957688446,0.9724444444444446,0.7604444444444445,0.212
europe,60,dense_regional_deterministic,1.0,timely_tcn,20260930,baron,0.277639751552795,0.9846666666666667,0.7373333333333333,0.24733333333333332
europe,60,dense_regional_deterministic,1.0,timely_tcn,20261001,baron,0.2937888198757764,1.0033333333333334,0.7573333333333333,0.246
europe,60,dense_regional_deterministic,1.0,timely_tcn,20261002,baron,0.2826086956521739,1.0093333333333334,0.7786666666666666,0.23066666666666666
europe,60,dense_regional_deterministic,1.0,timely_tcn,20260930,dragon,0.29723915381857297,0.9846666666666667,0.7133333333333334,0.2713333333333333
europe,60,dense_regional_deterministic,1.0,timely_tcn,20261001,dragon,0.29939046253137325,0.9746666666666667,0.6666666666666666,0.308
europe,60,dense_regional_deterministic,1.0,timely_tcn,20261002,dragon,0.3004661168877734,0.99,0.714,0.276
europe,60,dense_regional_deterministic,1.0,timely_tcn,20260930,teamfight,0.07235919021848065,0.95,0.7933333333333333,0.15666666666666668
europe,60,dense_regional_deterministic,1.0,timely_tcn,20261001,teamfight,0.07356183603928643,0.894,0.736,0.158
europe,60,dense_regional_deterministic,1.0,timely_tcn,20261002,teamfight,0.07646823010623371,0.956,0.7866666666666666,0.16933333333333334
europe,60,dense_regional_deterministic,1.0,timely_tcn,20260930,macro,0.2157460318632829,0.9731111111111111,0.7480000000000001,0.22511111111111112
europe,60,dense_regional_deterministic,1.0,timely_tcn,20261001,macro,0.22224703948214533,0.9573333333333335,0.7200000000000001,0.23733333333333337
europe,60,dense_regional_deterministic,1.0,timely_tcn,20261002,macro,0.21984768088206033,0.9851111111111112,0.7597777777777778,0.22533333333333336
europe,60,dense_regional_deterministic,mean,leagueews,20260930,baron,0.168944099378882,0.6326666666666667,0.39749999999999996,0.2351666666666667
europe,60,dense_regional_deterministic,mean,leagueews,20261001,baron,0.16972049689440993,0.6213333333333333,0.38583333333333336,0.23550000000000001
europe,60,dense_regional_deterministic,mean,leagueews,20261002,baron,0.17267080745341615,0.6285000000000001,0.39399999999999996,0.2345
europe,60,dense_regional_deterministic,mean,leagueews,20260930,dragon,0.09568841878809609,0.5965,0.1373333333333333,0.45916666666666667
europe,60,dense_regional_deterministic,mean,leagueews,20261001,dragon,0.09775008963786302,0.597,0.1403333333333333,0.45666666666666667
europe,60,dense_regional_deterministic,mean,leagueews,20261002,dragon,0.10496593761204732,0.6034999999999999,0.14366666666666666,0.45983333333333337
europe,60,dense_regional_deterministic,mean,leagueews,20260930,teamfight,0.035002004409701346,0.572,0.3298333333333333,0.2421666666666667
europe,60,dense_regional_deterministic,mean,leagueews,20261001,teamfight,0.03174483864501904,0.5680000000000001,0.33133333333333337,0.23666666666666664
europe,60,dense_regional_deterministic,mean,leagueews,20261002,teamfight,0.03399979955902987,0.5636666666666666,0.3328333333333333,0.23083333333333333
europe,60,dense_regional_deterministic,mean,leagueews,20260930,macro,0.09987817419222648,0.6003888888888889,0.2882222222222222,0.3121666666666667
europe,60,dense_regional_deterministic,mean,leagueews,20261001,macro,0.09973847505909733,0.5954444444444444,0.28583333333333333,0.3096111111111111
europe,60,dense_regional_deterministic,mean,leagueews,20261002,macro,0.10387884820816445,0.5985555555555555,0.29016666666666663,0.3083888888888889
europe,60,dense_regional_deterministic,mean,tcn,20260930,baron,0.1673913043478261,0.6436666666666666,0.40549999999999997,0.2381666666666667
europe,60,dense_regional_deterministic,mean,tcn,20261001,baron,0.1673913043478261,0.6385,0.40266666666666673,0.23583333333333334
europe,60,dense_regional_deterministic,mean,tcn,20261002,baron,0.1720496894409938,0.6338333333333332,0.40116666666666667,0.2326666666666667
europe,60,dense_regional_deterministic,mean,tcn,20260930,dragon,0.10245607744711366,0.6143333333333334,0.14666666666666667,0.4676666666666667
europe,60,dense_regional_deterministic,mean,tcn,20261001,dragon,0.10061850125493008,0.6145,0.1475,0.46699999999999997
europe,60,dense_regional_deterministic,mean,tcn,20261002,dragon,0.10707242739333095,0.6203333333333334,0.14966666666666667,0.4706666666666667
europe,60,dense_regional_deterministic,mean,tcn,20260930,teamfight,0.0318200040088194,0.5395,0.3168333333333333,0.22266666666666668
europe,60,dense_regional_deterministic,mean,tcn,20261001,teamfight,0.03096812988574865,0.5415000000000001,0.3158333333333333,0.22566666666666668
europe,60,dense_regional_deterministic,mean,tcn,20261002,teamfight,0.03397474443776308,0.5466666666666666,0.32216666666666666,0.22449999999999998
europe,60,dense_regional_deterministic,mean,tcn,20260930,macro,0.1005557952679197,0.5991666666666666,0.2896666666666667,0.3095
europe,60,dense_regional_deterministic,mean,tcn,20261001,macro,0.0996593118295016,0.5981666666666667,0.2886666666666667,0.3095
europe,60,dense_regional_deterministic,mean,tcn,20261002,macro,0.10436562042402926,0.6002777777777778,0.291,0.30927777777777776
europe,60,dense_regional_deterministic,mean,timely_leagueews,20260930,baron,0.20046583850931676,0.6373333333333333,0.4681666666666667,0.1691666666666667
europe,60,dense_regional_deterministic,mean,timely_leagueews,20261001,baron,0.19596273291925467,0.6399999999999999,0.4805,0.1595
europe,60,dense_regional_deterministic,mean,timely_leagueews,20261002,baron,0.193944099378882,0.6411666666666667,0.502,0.13916666666666666
europe,60,dense_regional_deterministic,mean,timely_leagueews,20260930,dragon,0.21297956256722841,0.5863333333333334,0.4418333333333333,0.14450000000000002
europe,60,dense_regional_deterministic,mean,timely_leagueews,20261001,dragon,0.21311401936177843,0.5951666666666667,0.4598333333333333,0.13533333333333333
europe,60,dense_regional_deterministic,mean,timely_leagueews,20261002,dragon,0.21253137325206167,0.5865,0.45033333333333336,0.13616666666666666
europe,60,dense_regional_deterministic,mean,timely_leagueews,20260930,teamfight,0.05289136099418721,0.5971666666666666,0.49566666666666664,0.1015
europe,60,dense_regional_deterministic,mean,timely_leagueews,20261001,teamfight,0.050962116656644615,0.5825,0.4855,0.097
europe,60,dense_regional_deterministic,mean,timely_leagueews,20261002,teamfight,0.05218981759871717,0.5954999999999999,0.49533333333333335,0.10016666666666668
europe,60,dense_regional_deterministic,mean,timely_leagueews,20260930,macro,0.1554455873569108,0.6069444444444444,0.46855555555555556,0.1383888888888889
europe,60,dense_regional_deterministic,mean,timely_leagueews,20261001,macro,0.1533462896458926,0.6058888888888889,0.47527777777777774,0.13061111111111112
europe,60,dense_regional_deterministic,mean,timely_leagueews,20261002,macro,0.1528884300765536,0.6077222222222222,0.48255555555555557,0.12516666666666668
europe,60,dense_regional_deterministic,mean,timely_tcn,20260930,baron,0.18385093167701863,0.6268333333333334,0.45866666666666667,0.16816666666666666
europe,60,dense_regional_deterministic,mean,timely_tcn,20261001,baron,0.19006211180124222,0.6288333333333334,0.45733333333333337,0.17149999999999999
europe,60,dense_regional_deterministic,mean,timely_tcn,20261002,baron,0.18167701863354035,0.6158333333333333,0.47,0.14583333333333334
europe,60,dense_regional_deterministic,mean,timely_tcn,20260930,dragon,0.2134277518823951,0.6041666666666666,0.45966666666666667,0.1445
europe,60,dense_regional_deterministic,mean,timely_tcn,20261001,dragon,0.2145930441018286,0.5953333333333334,0.4248333333333333,0.17049999999999998
europe,60,dense_regional_deterministic,mean,timely_tcn,20261002,dragon,0.21401039799211186,0.6018333333333333,0.45766666666666667,0.14416666666666667
europe,60,dense_regional_deterministic,mean,timely_tcn,20260930,teamfight,0.049709360593305274,0.5951666666666666,0.49916666666666665,0.096
europe,60,dense_regional_deterministic,mean,timely_tcn,20261001,teamfight,0.05068651032270996,0.5783333333333334,0.4785,0.09983333333333333
europe,60,dense_regional_deterministic,mean,timely_tcn,20261002,teamfight,0.05126277811184606,0.5901666666666667,0.4883333333333333,0.10183333333333333
europe,60,dense_regional_deterministic,mean,timely_tcn,20260930,macro,0.148996014717573,0.6087222222222222,0.4725,0.13622222222222222
europe,60,dense_regional_deterministic,mean,timely_tcn,20261001,macro,0.1517805554085936,0.6008333333333333,0.45355555555555555,0.14727777777777776
europe,60,dense_regional_deterministic,mean,timely_tcn,20261002,macro,0.14898339824583276,0.6026111111111111,0.472,0.13061111111111112
americas,30,deterministic,0.25,leagueews,20260930,baron,0.08890251379521766,0.21066666666666667,0.13533333333333333,0.07533333333333334
americas,30,deterministic,0.25,leagueews,20261001,baron,0.08522378908645004,0.18933333333333333,0.11933333333333333,0.07
americas,30,deterministic,0.25,leagueews,20261002,baron,0.0809319435928878,0.216,0.14266666666666666,0.07333333333333333
americas,30,deterministic,0.25,leagueews,20260930,dragon,0.022083115979829596,0.146,0.04666666666666667,0.09933333333333333
americas,30,deterministic,0.25,leagueews,20261001,dragon,0.03251608415927665,0.19666666666666666,0.06466666666666666,0.132
americas,30,deterministic,0.25,leagueews,20261002,dragon,0.02434359241870979,0.15733333333333333,0.056666666666666664,0.10066666666666667
americas,30,deterministic,0.25,leagueews,20260930,teamfight,0.00926963430783335,0.21466666666666667,0.12866666666666668,0.086
americas,30,deterministic,0.25,leagueews,20261001,teamfight,0.006213710909646532,0.15466666666666667,0.08733333333333333,0.06733333333333333
americas,30,deterministic,0.25,leagueews,20261002,teamfight,0.008352857288377305,0.18066666666666667,0.10866666666666666,0.072
americas,30,deterministic,0.25,leagueews,20260930,macro,0.04008508802762687,0.19044444444444444,0.10355555555555555,0.08688888888888889
americas,30,deterministic,0.25,leagueews,20261001,macro,0.04131786138512441,0.1802222222222222,0.09044444444444444,0.08977777777777778
americas,30,deterministic,0.25,leagueews,20261002,macro,0.037876131099991626,0.18466666666666665,0.10266666666666667,0.082
americas,30,deterministic,0.25,tcn,20260930,baron,0.07909258123850399,0.23,0.156,0.074
americas,30,deterministic,0.25,tcn,20261001,baron,0.08215818516247701,0.23866666666666667,0.164,0.07466666666666667
americas,30,deterministic,0.25,tcn,20261002,baron,0.08399754751686082,0.22466666666666665,0.15133333333333332,0.07333333333333333
americas,30,deterministic,0.25,tcn,20260930,dragon,0.024517475221700575,0.162,0.048666666666666664,0.11333333333333333
americas,30,deterministic,0.25,tcn,20261001,dragon,0.02156146757085724,0.13733333333333334,0.04066666666666666,0.09666666666666666
americas,30,deterministic,0.25,tcn,20261002,dragon,0.037037037037037035,0.21066666666666667,0.07666666666666666,0.134
americas,30,deterministic,0.25,tcn,20260930,teamfight,0.007334216155648365,0.15533333333333332,0.09,0.06533333333333333
americas,30,deterministic,0.25,tcn,20261001,teamfight,0.00926963430783335,0.20533333333333334,0.13,0.07533333333333334
americas,30,deterministic,0.25,tcn,20261002,teamfight,0.011306916573291229,0.24133333333333334,0.146,0.09533333333333334
americas,30,deterministic,0.25,tcn,20260930,macro,0.03698142420528431,0.18244444444444444,0.09822222222222221,0.08422222222222221
americas,30,deterministic,0.25,tcn,20261001,macro,0.037663095680389204,0.1937777777777778,0.11155555555555556,0.08222222222222222
americas,30,deterministic,0.25,tcn,20261002,macro,0.04411383370906303,0.2255555555555556,0.12466666666666666,0.1008888888888889
americas,30,deterministic,0.25,timely_leagueews,20260930,baron,0.08031882280809319,0.202,0.13,0.072
americas,30,deterministic,0.25,timely_leagueews,20261001,baron,0.0931943592887799,0.24933333333333332,0.16866666666666666,0.08066666666666666
americas,30,deterministic,0.25,timely_leagueews,20261002,baron,0.06866952789699571,0.182,0.11466666666666667,0.06733333333333333
americas,30,deterministic,0.25,timely_leagueews,20260930,dragon,0.037037037037037035,0.148,0.10133333333333333,0.04666666666666667
americas,30,deterministic,0.25,timely_leagueews,20261001,dragon,0.03842809946096331,0.144,0.108,0.036
americas,30,deterministic,0.25,timely_leagueews,20261002,dragon,0.045731177186576245,0.202,0.14533333333333334,0.056666666666666664
americas,30,deterministic,0.25,timely_leagueews,20260930,teamfight,0.009880818987470714,0.166,0.124,0.042
americas,30,deterministic,0.25,timely_leagueews,20261001,teamfight,0.011510644799837018,0.22733333333333333,0.17733333333333334,0.05
americas,30,deterministic,0.25,timely_leagueews,20261002,teamfight,0.007843536722012835,0.146,0.114,0.032
americas,30,deterministic,0.25,timely_leagueews,20260930,macro,0.04241222627753364,0.17200000000000001,0.11844444444444445,0.05355555555555556
americas,30,deterministic,0.25,timely_leagueews,20261001,macro,0.047711034516526744,0.2068888888888889,0.15133333333333335,0.05555555555555556
americas,30,deterministic,0.25,timely_leagueews,20261002,macro,0.040748080601861594,0.17666666666666667,0.12466666666666666,0.052
americas,30,deterministic,0.25,timely_tcn,20260930,baron,0.09012875536480687,0.26666666666666666,0.18333333333333332,0.08333333333333333
americas,30,deterministic,0.25,timely_tcn,20261001,baron,0.08522378908645004,0.22333333333333333,0.14666666666666667,0.07666666666666666
americas,30,deterministic,0.25,timely_tcn,20261002,baron,0.08706315144083385,0.25,0.17133333333333334,0.07866666666666666
americas,30,deterministic,0.25,timely_tcn,20260930,dragon,0.03564597461311076,0.146,0.112,0.034
americas,30,deterministic,0.25,timely_tcn,20261001,dragon,0.025039123630672927,0.098,0.06866666666666667,0.029333333333333333
americas,30,deterministic,0.25,timely_tcn,20261002,dragon,0.03495044340114763,0.16733333333333333,0.12733333333333333,0.04
americas,30,deterministic,0.25,timely_tcn,20260930,teamfight,0.011103188346745441,0.22266666666666668,0.17466666666666666,0.048
americas,30,deterministic,0.25,timely_tcn,20261001,teamfight,0.007334216155648365,0.156,0.122,0.034
americas,30,deterministic,0.25,timely_tcn,20261002,teamfight,0.004787613323826016,0.08266666666666667,0.06133333333333333,0.021333333333333333
americas,30,deterministic,0.25,timely_tcn,20260930,macro,0.045625972774887696,0.21177777777777776,0.15666666666666665,0.05511111111111111
americas,30,deterministic,0.25,timely_tcn,20261001,macro,0.03919904295759044,0.15911111111111112,0.11244444444444444,0.04666666666666667
americas,30,deterministic,0.25,timely_tcn,20261002,macro,0.042267069388602495,0.16666666666666666,0.12,0.04666666666666667
americas,30,deterministic,0.5,leagueews,20260930,baron,0.14530962599632127,0.48133333333333334,0.37666666666666665,0.10466666666666667
americas,30,deterministic,0.5,leagueews,20261001,baron,0.1477621091354997,0.484,0.376,0.108
americas,30,deterministic,0.5,leagueews,20261002,baron,0.14163090128755365,0.53,0.41533333333333333,0.11466666666666667
americas,30,deterministic,0.5,leagueews,20260930,dragon,0.04660059120153017,0.318,0.13066666666666665,0.18733333333333332
americas,30,deterministic,0.5,leagueews,20261001,dragon,0.06016344983481134,0.386,0.16466666666666666,0.22133333333333333
americas,30,deterministic,0.5,leagueews,20261002,dragon,0.05703355938097722,0.356,0.152,0.204
americas,30,deterministic,0.5,leagueews,20260930,teamfight,0.01589080167057146,0.3413333333333333,0.214,0.12733333333333333
americas,30,deterministic,0.5,leagueews,20261001,teamfight,0.013038606498930426,0.2926666666666667,0.18466666666666667,0.108
americas,30,deterministic,0.5,leagueews,20261002,teamfight,0.01415911174493226,0.3006666666666667,0.18733333333333332,0.11333333333333333
americas,30,deterministic,0.5,leagueews,20260930,macro,0.06926700628947431,0.38022222222222224,0.24044444444444443,0.13977777777777778
americas,30,deterministic,0.5,leagueews,20261001,macro,0.07365472182308049,0.3875555555555556,0.24177777777777776,0.14577777777777776
americas,30,deterministic,0.5,leagueews,20261002,macro,0.07094119080448771,0.3955555555555556,0.2515555555555556,0.144
americas,30,deterministic,0.5,tcn,20260930,baron,0.1459227467811159,0.5366666666666666,0.4266666666666667,0.11
americas,30,deterministic,0.5,tcn,20261001,baron,0.12998160637645617,0.4653333333333333,0.35933333333333334,0.106
americas,30,deterministic,0.5,tcn,20261002,baron,0.13733905579399142,0.5026666666666667,0.3893333333333333,0.11333333333333333
americas,30,deterministic,0.5,tcn,20260930,dragon,0.05546861415406017,0.344,0.14866666666666667,0.19533333333333333
americas,30,deterministic,0.5,tcn,20261001,dragon,0.07772561293688054,0.48733333333333334,0.22533333333333333,0.262
americas,30,deterministic,0.5,tcn,20261002,dragon,0.07355242566510173,0.4573333333333333,0.21066666666666667,0.24666666666666667
americas,30,deterministic,0.5,tcn,20260930,teamfight,0.01904858918203117,0.46,0.314,0.146
americas,30,deterministic,0.5,tcn,20261001,teamfight,0.01599266578384435,0.358,0.234,0.124
americas,30,deterministic,0.5,tcn,20261002,teamfight,0.017826219822756444,0.412,0.2733333333333333,0.13866666666666666
americas,30,deterministic,0.5,tcn,20260930,macro,0.07347998337240241,0.4468888888888889,0.29644444444444445,0.15044444444444446
americas,30,deterministic,0.5,tcn,20261001,macro,0.07456662836572701,0.4368888888888889,0.2728888888888889,0.164
americas,30,deterministic,0.5,tcn,20261002,macro,0.07623923376061653,0.4573333333333333,0.2911111111111111,0.16622222222222222
americas,30,deterministic,0.5,timely_leagueews,20260930,baron,0.13856529736358061,0.43666666666666665,0.336,0.10066666666666667
americas,30,deterministic,0.5,timely_leagueews,20261001,baron,0.14714898835070508,0.52,0.4126666666666667,0.10733333333333334
americas,30,deterministic,0.5,timely_leagueews,20261002,baron,0.13917841814837523,0.4806666666666667,0.37333333333333335,0.10733333333333334
americas,30,deterministic,0.5,timely_leagueews,20260930,dragon,0.07737784733089897,0.39666666666666667,0.258,0.13866666666666666
americas,30,deterministic,0.5,timely_leagueews,20261001,dragon,0.06816205877238742,0.326,0.23733333333333334,0.08866666666666667
americas,30,deterministic,0.5,timely_leagueews,20261002,dragon,0.09372283081203268,0.49466666666666664,0.3293333333333333,0.16533333333333333
americas,30,deterministic,0.5,timely_leagueews,20260930,teamfight,0.018946725068758278,0.37866666666666665,0.292,0.08666666666666667
americas,30,deterministic,0.5,timely_leagueews,20261001,teamfight,0.022715697259855352,0.49733333333333335,0.3933333333333333,0.104
americas,30,deterministic,0.5,timely_leagueews,20261002,teamfight,0.01772435570948355,0.31933333333333336,0.26,0.059333333333333335
americas,30,deterministic,0.5,timely_leagueews,20260930,macro,0.07829662325441263,0.40399999999999997,0.2953333333333334,0.10866666666666668
americas,30,deterministic,0.5,timely_leagueews,20261001,macro,0.07934224812764928,0.44777777777777783,0.3477777777777778,0.09999999999999999
americas,30,deterministic,0.5,timely_leagueews,20261002,macro,0.08354186822329716,0.4315555555555555,0.3208888888888889,0.11066666666666668
americas,30,deterministic,0.5,timely_tcn,20260930,baron,0.13304721030042918,0.5066666666666667,0.4033333333333333,0.10333333333333333
americas,30,deterministic,0.5,timely_tcn,20261001,baron,0.12262415695892091,0.43533333333333335,0.33466666666666667,0.10066666666666667
americas,30,deterministic,0.5,timely_tcn,20261002,baron,0.13856529736358061,0.51,0.4033333333333333,0.10666666666666667
americas,30,deterministic,0.5,timely_tcn,20260930,dragon,0.08415927664753955,0.43466666666666665,0.2853333333333333,0.14933333333333335
americas,30,deterministic,0.5,timely_tcn,20261001,dragon,0.06103286384976526,0.312,0.198,0.114
americas,30,deterministic,0.5,timely_tcn,20261002,dragon,0.08155103460267779,0.44266666666666665,0.30133333333333334,0.14133333333333334
americas,30,deterministic,0.5,timely_tcn,20260930,teamfight,0.011103188346745441,0.22266666666666668,0.17466666666666666,0.048
americas,30,deterministic,0.5,timely_tcn,20261001,teamfight,0.017113171029846184,0.3893333333333333,0.3006666666666667,0.08866666666666667
americas,30,deterministic,0.5,timely_tcn,20261002,teamfight,0.011918101252928593,0.24733333333333332,0.18533333333333332,0.062
americas,30,deterministic,0.5,timely_tcn,20260930,macro,0.07610322509823807,0.38800000000000007,0.28777777777777774,0.10022222222222223
americas,30,deterministic,0.5,timely_tcn,20261001,macro,0.06692339727951079,0.3788888888888889,0.27777777777777773,0.10111111111111111
americas,30,deterministic,0.5,timely_tcn,20261002,macro,0.07734481107306233,0.39999999999999997,0.2966666666666667,0.10333333333333333
americas,30,deterministic,0.75,leagueews,20260930,baron,0.18148375229920294,0.768,0.6446666666666667,0.12333333333333334
americas,30,deterministic,0.75,leagueews,20261001,baron,0.1747394236664623,0.682,0.5586666666666666,0.12333333333333334
americas,30,deterministic,0.75,leagueews,20261002,baron,0.17351318209687308,0.7466666666666667,0.6213333333333333,0.12533333333333332
americas,30,deterministic,0.75,leagueews,20260930,dragon,0.1111111111111111,0.7373333333333333,0.39266666666666666,0.3446666666666667
americas,30,deterministic,0.75,leagueews,20261001,dragon,0.09007129194922622,0.5773333333333334,0.288,0.28933333333333333
americas,30,deterministic,0.75,leagueews,20261002,dragon,0.09076682316118936,0.5846666666666667,0.288,0.2966666666666667
americas,30,deterministic,0.75,leagueews,20260930,teamfight,0.024141794845675867,0.5326666666666666,0.35933333333333334,0.17333333333333334
americas,30,deterministic,0.75,leagueews,20261001,teamfight,0.020678414994397473,0.4826666666666667,0.322,0.16066666666666668
americas,30,deterministic,0.75,leagueews,20261002,teamfight,0.021595192013853518,0.4746666666666667,0.32066666666666666,0.154
americas,30,deterministic,0.75,leagueews,20260930,macro,0.10557888608532996,0.6793333333333332,0.46555555555555556,0.21377777777777776
americas,30,deterministic,0.75,leagueews,20261001,macro,0.09516304353669534,0.5806666666666667,0.3895555555555556,0.19111111111111112
americas,30,deterministic,0.75,leagueews,20261002,macro,0.09529173242397199,0.602,0.41,0.19200000000000003
americas,30,deterministic,0.75,tcn,20260930,baron,0.1771919068056407,0.8126666666666666,0.6826666666666666,0.13
americas,30,deterministic,0.75,tcn,20261001,baron,0.17167381974248927,0.6973333333333334,0.5733333333333334,0.124
americas,30,deterministic,0.75,tcn,20261002,baron,0.17290006131207847,0.778,0.646,0.132
americas,30,deterministic,0.75,tcn,20260930,dragon,0.08711528429838289,0.5646666666666667,0.27466666666666667,0.29
americas,30,deterministic,0.75,tcn,20261001,dragon,0.10867675186924013,0.6926666666666667,0.36,0.33266666666666667
americas,30,deterministic,0.75,tcn,20261002,dragon,0.10972004868718484,0.7226666666666667,0.37733333333333335,0.3453333333333333
americas,30,deterministic,0.75,tcn,20260930,teamfight,0.01904858918203117,0.46,0.314,0.146
americas,30,deterministic,0.75,tcn,20261001,teamfight,0.023225017826219822,0.5753333333333334,0.39466666666666667,0.18066666666666667
americas,30,deterministic,0.75,tcn,20261002,teamfight,0.025160435978404807,0.642,0.448,0.194
americas,30,deterministic,0.75,tcn,20260930,macro,0.09445192676201825,0.6124444444444445,0.4237777777777778,0.18866666666666665
americas,30,deterministic,0.75,tcn,20261001,macro,0.10119186314598307,0.6551111111111112,0.4426666666666667,0.21244444444444444
americas,30,deterministic,0.75,tcn,20261002,macro,0.10259351532588935,0.7142222222222222,0.49044444444444446,0.22377777777777777
americas,30,deterministic,0.75,timely_leagueews,20260930,baron,0.1747394236664623,0.7193333333333334,0.5926666666666667,0.12666666666666668
americas,30,deterministic,0.75,timely_leagueews,20261001,baron,0.17351318209687308,0.7293333333333333,0.606,0.12333333333333334
americas,30,deterministic,0.75,timely_leagueews,20261002,baron,0.17290006131207847,0.7213333333333334,0.596,0.12533333333333332
americas,30,deterministic,0.75,timely_leagueews,20260930,dragon,0.07737784733089897,0.39666666666666667,0.258,0.13866666666666666
americas,30,deterministic,0.75,timely_leagueews,20261001,dragon,0.11650147800382542,0.67,0.44133333333333336,0.22866666666666666
americas,30,deterministic,0.75,timely_leagueews,20261002,dragon,0.09372283081203268,0.49466666666666664,0.3293333333333333,0.16533333333333333
americas,30,deterministic,0.75,timely_leagueews,20260930,teamfight,0.029948049302230825,0.706,0.5606666666666666,0.14533333333333334
americas,30,deterministic,0.75,timely_leagueews,20261001,teamfight,0.022715697259855352,0.49733333333333335,0.3933333333333333,0.104
americas,30,deterministic,0.75,timely_leagueews,20261002,teamfight,0.026688397677498216,0.5946666666666667,0.482,0.11266666666666666
americas,30,deterministic,0.75,timely_leagueews,20260930,macro,0.09402177343319736,0.6073333333333334,0.47044444444444444,0.13688888888888887
americas,30,deterministic,0.75,timely_leagueews,20261001,macro,0.10424345245351795,0.6322222222222222,0.4802222222222223,0.152
americas,30,deterministic,0.75,timely_leagueews,20261002,macro,0.09777042993386979,0.6035555555555555,0.4691111111111111,0.13444444444444445
americas,30,deterministic,0.75,timely_tcn,20260930,baron,0.18025751072961374,0.7626666666666667,0.6393333333333333,0.12333333333333334
americas,30,deterministic,0.75,timely_tcn,20261001,baron,0.1618638871857756,0.7006666666666667,0.584,0.11666666666666667
americas,30,deterministic,0.75,timely_tcn,20261002,baron,0.16983445738810546,0.7226666666666667,0.596,0.12666666666666668
americas,30,deterministic,0.75,timely_tcn,20260930,dragon,0.08415927664753955,0.43466666666666665,0.2853333333333333,0.14933333333333335
americas,30,deterministic,0.75,timely_tcn,20261001,dragon,0.11337158754999131,0.6886666666666666,0.4046666666666667,0.284
americas,30,deterministic,0.75,timely_tcn,20261002,dragon,0.08155103460267779,0.44266666666666665,0.30133333333333334,0.14133333333333334
americas,30,deterministic,0.75,timely_tcn,20260930,teamfight,0.02342874605276561,0.508,0.4,0.108
americas,30,deterministic,0.75,timely_tcn,20261001,teamfight,0.017113171029846184,0.3893333333333333,0.3006666666666667,0.08866666666666667
americas,30,deterministic,0.75,timely_tcn,20261002,teamfight,0.022206376693490883,0.504,0.39266666666666666,0.11133333333333334
americas,30,deterministic,0.75,timely_tcn,20260930,macro,0.09594851114330631,0.5684444444444444,0.44155555555555553,0.12688888888888888
americas,30,deterministic,0.75,timely_tcn,20261001,macro,0.0974495485885377,0.5928888888888889,0.42977777777777776,0.1631111111111111
americas,30,deterministic,0.75,timely_tcn,20261002,macro,0.09119728956142471,0.5564444444444444,0.43,0.12644444444444444
americas,30,deterministic,1.0,leagueews,20260930,baron,0.20600858369098712,0.9886666666666667,0.8533333333333334,0.13533333333333333
americas,30,deterministic,1.0,leagueews,20261001,baron,0.20907418761496016,1.0113333333333334,0.8746666666666667,0.13666666666666666
americas,30,deterministic,1.0,leagueews,20261002,baron,0.2017167381974249,0.976,0.8413333333333334,0.13466666666666666
americas,30,deterministic,1.0,leagueews,20260930,dragon,0.1411928360285168,0.9666666666666667,0.5526666666666666,0.414
americas,30,deterministic,1.0,leagueews,20261001,dragon,0.12606503216831855,0.7973333333333333,0.43466666666666665,0.3626666666666667
americas,30,deterministic,1.0,leagueews,20261002,dragon,0.13162928186402365,0.87,0.48733333333333334,0.38266666666666665
americas,30,deterministic,1.0,leagueews,20260930,teamfight,0.03259651624732607,0.8073333333333333,0.5786666666666667,0.22866666666666666
americas,30,deterministic,1.0,leagueews,20261001,teamfight,0.02913313639604767,0.76,0.542,0.218
americas,30,deterministic,1.0,leagueews,20261002,teamfight,0.030253641642049505,0.7226666666666667,0.522,0.20066666666666666
americas,30,deterministic,1.0,leagueews,20260930,macro,0.12659931198894334,0.9208888888888889,0.6615555555555556,0.25933333333333336
americas,30,deterministic,1.0,leagueews,20261001,macro,0.12142411872644214,0.8562222222222223,0.6171111111111112,0.23911111111111114
americas,30,deterministic,1.0,leagueews,20261002,macro,0.12119988723449936,0.8562222222222222,0.6168888888888889,0.23933333333333331
americas,30,deterministic,1.0,tcn,20260930,baron,0.20478234212139793,1.02,0.876,0.144
americas,30,deterministic,1.0,tcn,20261001,baron,0.20784794604537093,1.026,0.8826666666666667,0.14333333333333334
americas,30,deterministic,1.0,tcn,20261002,baron,0.19865113427345188,1.004,0.864,0.14
americas,30,deterministic,1.0,tcn,20260930,dragon,0.1255433837593462,0.8066666666666666,0.44333333333333336,0.36333333333333334
americas,30,deterministic,1.0,tcn,20261001,dragon,0.1364980003477656,0.8926666666666667,0.5073333333333333,0.38533333333333336
americas,30,deterministic,1.0,tcn,20261002,dragon,0.1507563901930099,0.9966666666666667,0.5866666666666667,0.41
americas,30,deterministic,1.0,tcn,20260930,teamfight,0.027401446470408476,0.6993333333333334,0.5033333333333333,0.196
americas,30,deterministic,1.0,tcn,20261001,teamfight,0.03178160334114292,0.862,0.626,0.236
americas,30,deterministic,1.0,tcn,20261002,teamfight,0.025160435978404807,0.642,0.448,0.194
americas,30,deterministic,1.0,tcn,20260930,macro,0.11924239078371755,0.842,0.6075555555555555,0.23444444444444446
americas,30,deterministic,1.0,tcn,20261001,macro,0.1253758499114265,0.926888888888889,0.672,0.2548888888888889
americas,30,deterministic,1.0,tcn,20261002,macro,0.12485598681495552,0.8808888888888888,0.632888888888889,0.248
americas,30,deterministic,1.0,timely_leagueews,20260930,baron,0.21213979153893317,1.0573333333333332,0.9153333333333333,0.142
americas,30,deterministic,1.0,timely_leagueews,20261001,baron,0.2035561005518087,0.9573333333333334,0.8186666666666667,0.13866666666666666
americas,30,deterministic,1.0,timely_leagueews,20261002,baron,0.19987737584304108,0.9886666666666667,0.8506666666666667,0.138
americas,30,deterministic,1.0,timely_leagueews,20260930,dragon,0.12519561815336464,0.7493333333333333,0.474,0.2753333333333333
americas,30,deterministic,1.0,timely_leagueews,20261001,dragon,0.11650147800382542,0.67,0.44133333333333336,0.22866666666666666
americas,30,deterministic,1.0,timely_leagueews,20261002,dragon,0.14571378890627718,0.8806666666666667,0.57,0.31066666666666665
americas,30,deterministic,1.0,timely_leagueews,20260930,teamfight,0.029948049302230825,0.706,0.5606666666666666,0.14533333333333334
americas,30,deterministic,1.0,timely_leagueews,20261001,teamfight,0.03595803198533157,0.8746666666666667,0.7073333333333334,0.16733333333333333
americas,30,deterministic,1.0,timely_leagueews,20261002,teamfight,0.026688397677498216,0.5946666666666667,0.482,0.11266666666666666
americas,30,deterministic,1.0,timely_leagueews,20260930,macro,0.12242781966484288,0.8375555555555555,0.65,0.18755555555555556
americas,30,deterministic,1.0,timely_leagueews,20261001,macro,0.11867187018032188,0.8340000000000001,0.6557777777777778,0.1782222222222222
americas,30,deterministic,1.0,timely_leagueews,20261002,macro,0.1240931874756055,0.8213333333333335,0.6342222222222221,0.18711111111111112
americas,30,deterministic,1.0,timely_tcn,20260930,baron,0.19926425505824646,0.9646666666666667,0.8313333333333334,0.13333333333333333
americas,30,deterministic,1.0,timely_tcn,20261001,baron,0.20662170447578174,1.0406666666666666,0.9053333333333333,0.13533333333333333
americas,30,deterministic,1.0,timely_tcn,20261002,baron,0.2004904966278357,0.9606666666666667,0.8246666666666667,0.136
americas,30,deterministic,1.0,timely_tcn,20260930,dragon,0.13197704747000522,0.8086666666666666,0.516,0.2926666666666667
americas,30,deterministic,1.0,timely_tcn,20261001,dragon,0.11337158754999131,0.6886666666666666,0.4046666666666667,0.284
americas,30,deterministic,1.0,timely_tcn,20261002,dragon,0.14084507042253522,0.9,0.582,0.318
americas,30,deterministic,1.0,timely_tcn,20260930,teamfight,0.03667108077824183,0.898,0.7266666666666667,0.17133333333333334
americas,30,deterministic,1.0,timely_tcn,20261001,teamfight,0.03178160334114292,0.774,0.6213333333333333,0.15266666666666667
americas,30,deterministic,1.0,timely_tcn,20261002,teamfight,0.037893450137516556,0.9013333333333333,0.726,0.17533333333333334
americas,30,deterministic,1.0,timely_tcn,20260930,macro,0.1226374611021645,0.8904444444444445,0.6913333333333332,0.19911111111111113
americas,30,deterministic,1.0,timely_tcn,20261001,macro,0.11725829845563866,0.8344444444444444,0.6437777777777778,0.19066666666666668
americas,30,deterministic,1.0,timely_tcn,20261002,macro,0.12640967239596249,0.9206666666666666,0.7108888888888889,0.20977777777777776
americas,30,deterministic,mean,leagueews,20260930,baron,0.15542611894543223,0.6121666666666666,0.5025000000000001,0.10966666666666666
americas,30,deterministic,mean,leagueews,20261001,baron,0.15419987737584306,0.5916666666666667,0.4821666666666667,0.1095
americas,30,deterministic,mean,leagueews,20261002,baron,0.14944819129368486,0.6171666666666666,0.5051666666666667,0.112
americas,30,deterministic,mean,leagueews,20260930,dragon,0.08024691358024691,0.542,0.2806666666666666,0.2613333333333333
americas,30,deterministic,mean,leagueews,20261001,dragon,0.07720396452790819,0.4893333333333334,0.238,0.25133333333333335
americas,30,deterministic,mean,leagueews,20261002,dragon,0.075943314206225,0.492,0.246,0.246
americas,30,deterministic,mean,leagueews,20260930,teamfight,0.020474686767851687,0.474,0.32016666666666665,0.15383333333333332
americas,30,deterministic,mean,leagueews,20261001,teamfight,0.017265967199755525,0.4225,0.28400000000000003,0.1385
americas,30,deterministic,mean,leagueews,20261002,teamfight,0.01859020067230315,0.4196666666666667,0.2846666666666667,0.135
americas,30,deterministic,mean,leagueews,20260930,macro,0.0853825730978436,0.5427222222222222,0.36777777777777776,0.17494444444444443
americas,30,deterministic,mean,leagueews,20261001,macro,0.08288993636783559,0.5011666666666666,0.3347222222222222,0.16644444444444445
americas,30,deterministic,mean,leagueews,20261002,macro,0.08132723539073768,0.5096111111111111,0.3452777777777778,0.16433333333333333
americas,30,deterministic,mean,tcn,20260930,baron,0.1517473942366646,0.6498333333333333,0.5353333333333333,0.11449999999999999
americas,30,deterministic,mean,tcn,20261001,baron,0.14791538933169834,0.6068333333333333,0.49483333333333335,0.11199999999999999
americas,30,deterministic,mean,tcn,20261002,baron,0.14822194972409564,0.6273333333333333,0.5126666666666666,0.11466666666666667
americas,30,deterministic,mean,tcn,20260930,dragon,0.07316118935837246,0.4693333333333333,0.22883333333333333,0.2405
americas,30,deterministic,mean,tcn,20261001,dragon,0.08611545818118588,0.5525,0.2833333333333333,0.26916666666666667
americas,30,deterministic,mean,tcn,20261002,dragon,0.09276647539558337,0.5968333333333333,0.31283333333333335,0.284
americas,30,deterministic,mean,tcn,20260930,teamfight,0.018208210247529794,0.44366666666666665,0.30533333333333335,0.1383333333333333
americas,30,deterministic,mean,tcn,20261001,teamfight,0.020067230314760112,0.5001666666666666,0.3461666666666666,0.154
americas,30,deterministic,mean,tcn,20261002,teamfight,0.019863502088214323,0.4843333333333333,0.3288333333333333,0.1555
americas,30,deterministic,mean,tcn,20260930,macro,0.08103893128085563,0.5209444444444444,0.35650000000000004,0.16444444444444442
americas,30,deterministic,mean,tcn,20261001,macro,0.08469935927588144,0.5531666666666667,0.3747777777777778,0.1783888888888889
americas,30,deterministic,mean,tcn,20261002,macro,0.0869506424026311,0.5695,0.3847777777777777,0.1847222222222222
americas,30,deterministic,mean,timely_leagueews,20260930,baron,0.15144083384426732,0.6038333333333333,0.4935,0.11033333333333334
americas,30,deterministic,mean,timely_leagueews,20261001,baron,0.15435315757204168,0.614,0.5015000000000001,0.1125
americas,30,deterministic,mean,timely_leagueews,20261002,baron,0.14515634580012263,0.5931666666666667,0.4836666666666667,0.1095
americas,30,deterministic,mean,timely_leagueews,20260930,dragon,0.0792470874630499,0.42266666666666663,0.2728333333333333,0.14983333333333332
americas,30,deterministic,mean,timely_leagueews,20261001,dragon,0.0848982785602504,0.4525,0.307,0.1455
americas,30,deterministic,mean,timely_leagueews,20261002,dragon,0.0947226569292297,0.518,0.3435,0.1745
americas,30,deterministic,mean,timely_leagueews,20260930,teamfight,0.02218091066517266,0.48916666666666664,0.3843333333333333,0.10483333333333333
americas,30,deterministic,mean,timely_leagueews,20261001,teamfight,0.023225017826219822,0.5241666666666667,0.41783333333333333,0.10633333333333334
americas,30,deterministic,mean,timely_leagueews,20261002,teamfight,0.019736171946623204,0.4136666666666667,0.3345,0.07916666666666666
americas,30,deterministic,mean,timely_leagueews,20260930,macro,0.08428961065749663,0.5052222222222222,0.3835555555555555,0.12166666666666666
americas,30,deterministic,mean,timely_leagueews,20261001,macro,0.08749215131950396,0.5302222222222223,0.40877777777777774,0.12144444444444445
americas,30,deterministic,mean,timely_leagueews,20261002,macro,0.0865383915586585,0.5082777777777777,0.3872222222222222,0.12105555555555554
americas,30,deterministic,mean,timely_tcn,20260930,baron,0.1506744328632741,0.6251666666666666,0.5143333333333333,0.11083333333333334
americas,30,deterministic,mean,timely_tcn,20261001,baron,0.14408338442673208,0.6,0.49266666666666664,0.10733333333333334
americas,30,deterministic,mean,timely_tcn,20261002,baron,0.1489883507050889,0.6108333333333333,0.4988333333333333,0.11200000000000002
americas,30,deterministic,mean,timely_tcn,20260930,dragon,0.08398539384454877,0.456,0.29966666666666664,0.15633333333333332
americas,30,deterministic,mean,timely_tcn,20261001,dragon,0.0782037906451052,0.4468333333333333,0.269,0.17783333333333334
americas,30,deterministic,mean,timely_tcn,20261002,dragon,0.0847243957572596,0.48816666666666664,0.32799999999999996,0.16016666666666668
americas,30,deterministic,mean,timely_tcn,20260930,teamfight,0.020576550881124582,0.4628333333333333,0.369,0.09383333333333334
americas,30,deterministic,mean,timely_tcn,20261001,teamfight,0.018335540389120913,0.4271666666666667,0.33616666666666667,0.091
americas,30,deterministic,mean,timely_tcn,20261002,teamfight,0.019201385351940513,0.4338333333333333,0.3413333333333333,0.0925
americas,30,deterministic,mean,timely_tcn,20260930,macro,0.08507879252964916,0.5146666666666667,0.39433333333333326,0.12033333333333333
americas,30,deterministic,mean,timely_tcn,20261001,macro,0.08020757182031939,0.49133333333333334,0.36594444444444446,0.12538888888888888
americas,30,deterministic,mean,timely_tcn,20261002,macro,0.08430471060476301,0.5109444444444444,0.38938888888888884,0.12155555555555557
americas,30,regional_deterministic,0.25,leagueews,20260930,baron,0.08890251379521766,0.21066666666666667,0.13533333333333333,0.07533333333333334
americas,30,regional_deterministic,0.25,leagueews,20261001,baron,0.08522378908645004,0.18933333333333333,0.11933333333333333,0.07
americas,30,regional_deterministic,0.25,leagueews,20261002,baron,0.0809319435928878,0.216,0.14266666666666666,0.07333333333333333
americas,30,regional_deterministic,0.25,leagueews,20260930,dragon,0.022083115979829596,0.146,0.04666666666666667,0.09933333333333333
americas,30,regional_deterministic,0.25,leagueews,20261001,dragon,0.03251608415927665,0.19666666666666666,0.06466666666666666,0.132
americas,30,regional_deterministic,0.25,leagueews,20261002,dragon,0.02434359241870979,0.15733333333333333,0.056666666666666664,0.10066666666666667
americas,30,regional_deterministic,0.25,leagueews,20260930,teamfight,0.00926963430783335,0.21466666666666667,0.12866666666666668,0.086
americas,30,regional_deterministic,0.25,leagueews,20261001,teamfight,0.006213710909646532,0.15466666666666667,0.08733333333333333,0.06733333333333333
americas,30,regional_deterministic,0.25,leagueews,20261002,teamfight,0.008352857288377305,0.18066666666666667,0.10866666666666666,0.072
americas,30,regional_deterministic,0.25,leagueews,20260930,macro,0.04008508802762687,0.19044444444444444,0.10355555555555555,0.08688888888888889
americas,30,regional_deterministic,0.25,leagueews,20261001,macro,0.04131786138512441,0.1802222222222222,0.09044444444444444,0.08977777777777778
americas,30,regional_deterministic,0.25,leagueews,20261002,macro,0.037876131099991626,0.18466666666666665,0.10266666666666667,0.082
americas,30,regional_deterministic,0.25,tcn,20260930,baron,0.07909258123850399,0.23,0.156,0.074
americas,30,regional_deterministic,0.25,tcn,20261001,baron,0.08215818516247701,0.23866666666666667,0.164,0.07466666666666667
americas,30,regional_deterministic,0.25,tcn,20261002,baron,0.08399754751686082,0.22466666666666665,0.15133333333333332,0.07333333333333333
americas,30,regional_deterministic,0.25,tcn,20260930,dragon,0.024517475221700575,0.162,0.048666666666666664,0.11333333333333333
americas,30,regional_deterministic,0.25,tcn,20261001,dragon,0.02156146757085724,0.13733333333333334,0.04066666666666666,0.09666666666666666
americas,30,regional_deterministic,0.25,tcn,20261002,dragon,0.037037037037037035,0.21066666666666667,0.07666666666666666,0.134
americas,30,regional_deterministic,0.25,tcn,20260930,teamfight,0.007334216155648365,0.15533333333333332,0.09,0.06533333333333333
americas,30,regional_deterministic,0.25,tcn,20261001,teamfight,0.00926963430783335,0.20533333333333334,0.13,0.07533333333333334
americas,30,regional_deterministic,0.25,tcn,20261002,teamfight,0.011306916573291229,0.24133333333333334,0.146,0.09533333333333334
americas,30,regional_deterministic,0.25,tcn,20260930,macro,0.03698142420528431,0.18244444444444444,0.09822222222222221,0.08422222222222221
americas,30,regional_deterministic,0.25,tcn,20261001,macro,0.037663095680389204,0.1937777777777778,0.11155555555555556,0.08222222222222222
americas,30,regional_deterministic,0.25,tcn,20261002,macro,0.04411383370906303,0.2255555555555556,0.12466666666666666,0.1008888888888889
americas,30,regional_deterministic,0.25,timely_leagueews,20260930,baron,0.08031882280809319,0.202,0.13,0.072
americas,30,regional_deterministic,0.25,timely_leagueews,20261001,baron,0.0931943592887799,0.24933333333333332,0.16866666666666666,0.08066666666666666
americas,30,regional_deterministic,0.25,timely_leagueews,20261002,baron,0.06866952789699571,0.182,0.11466666666666667,0.06733333333333333
americas,30,regional_deterministic,0.25,timely_leagueews,20260930,dragon,0.037037037037037035,0.148,0.10133333333333333,0.04666666666666667
americas,30,regional_deterministic,0.25,timely_leagueews,20261001,dragon,0.03842809946096331,0.144,0.108,0.036
americas,30,regional_deterministic,0.25,timely_leagueews,20261002,dragon,0.045731177186576245,0.202,0.14533333333333334,0.056666666666666664
americas,30,regional_deterministic,0.25,timely_leagueews,20260930,teamfight,0.009880818987470714,0.166,0.124,0.042
americas,30,regional_deterministic,0.25,timely_leagueews,20261001,teamfight,0.011510644799837018,0.22733333333333333,0.17733333333333334,0.05
americas,30,regional_deterministic,0.25,timely_leagueews,20261002,teamfight,0.007843536722012835,0.146,0.114,0.032
americas,30,regional_deterministic,0.25,timely_leagueews,20260930,macro,0.04241222627753364,0.17200000000000001,0.11844444444444445,0.05355555555555556
americas,30,regional_deterministic,0.25,timely_leagueews,20261001,macro,0.047711034516526744,0.2068888888888889,0.15133333333333335,0.05555555555555556
americas,30,regional_deterministic,0.25,timely_leagueews,20261002,macro,0.040748080601861594,0.17666666666666667,0.12466666666666666,0.052
americas,30,regional_deterministic,0.25,timely_tcn,20260930,baron,0.09012875536480687,0.26666666666666666,0.18333333333333332,0.08333333333333333
americas,30,regional_deterministic,0.25,timely_tcn,20261001,baron,0.08522378908645004,0.22333333333333333,0.14666666666666667,0.07666666666666666
americas,30,regional_deterministic,0.25,timely_tcn,20261002,baron,0.08706315144083385,0.25,0.17133333333333334,0.07866666666666666
americas,30,regional_deterministic,0.25,timely_tcn,20260930,dragon,0.03564597461311076,0.146,0.112,0.034
americas,30,regional_deterministic,0.25,timely_tcn,20261001,dragon,0.025039123630672927,0.098,0.06866666666666667,0.029333333333333333
americas,30,regional_deterministic,0.25,timely_tcn,20261002,dragon,0.03495044340114763,0.16733333333333333,0.12733333333333333,0.04
americas,30,regional_deterministic,0.25,timely_tcn,20260930,teamfight,0.011103188346745441,0.22266666666666668,0.17466666666666666,0.048
americas,30,regional_deterministic,0.25,timely_tcn,20261001,teamfight,0.007334216155648365,0.156,0.122,0.034
americas,30,regional_deterministic,0.25,timely_tcn,20261002,teamfight,0.011918101252928593,0.24733333333333332,0.18533333333333332,0.062
americas,30,regional_deterministic,0.25,timely_tcn,20260930,macro,0.045625972774887696,0.21177777777777776,0.15666666666666665,0.05511111111111111
americas,30,regional_deterministic,0.25,timely_tcn,20261001,macro,0.03919904295759044,0.15911111111111112,0.11244444444444444,0.04666666666666667
americas,30,regional_deterministic,0.25,timely_tcn,20261002,macro,0.044643898698303354,0.22155555555555553,0.16133333333333333,0.060222222222222226
americas,30,regional_deterministic,0.5,leagueews,20260930,baron,0.14530962599632127,0.48133333333333334,0.37666666666666665,0.10466666666666667
americas,30,regional_deterministic,0.5,leagueews,20261001,baron,0.1477621091354997,0.484,0.376,0.108
americas,30,regional_deterministic,0.5,leagueews,20261002,baron,0.14163090128755365,0.53,0.41533333333333333,0.11466666666666667
americas,30,regional_deterministic,0.5,leagueews,20260930,dragon,0.07650843331594505,0.5066666666666667,0.23866666666666667,0.268
americas,30,regional_deterministic,0.5,leagueews,20261001,dragon,0.06016344983481134,0.386,0.16466666666666666,0.22133333333333333
americas,30,regional_deterministic,0.5,leagueews,20261002,dragon,0.05703355938097722,0.356,0.152,0.204
americas,30,regional_deterministic,0.5,leagueews,20260930,teamfight,0.01589080167057146,0.3413333333333333,0.214,0.12733333333333333
americas,30,regional_deterministic,0.5,leagueews,20261001,teamfight,0.020678414994397473,0.4826666666666667,0.322,0.16066666666666668
americas,30,regional_deterministic,0.5,leagueews,20261002,teamfight,0.021595192013853518,0.4746666666666667,0.32066666666666666,0.154
americas,30,regional_deterministic,0.5,leagueews,20260930,macro,0.07923628699427927,0.44311111111111107,0.27644444444444444,0.16666666666666666
americas,30,regional_deterministic,0.5,leagueews,20261001,macro,0.07620132465490283,0.4508888888888889,0.28755555555555556,0.16333333333333333
americas,30,regional_deterministic,0.5,leagueews,20261002,macro,0.07341988422746147,0.45355555555555555,0.296,0.15755555555555556
americas,30,regional_deterministic,0.5,tcn,20260930,baron,0.1459227467811159,0.5366666666666666,0.4266666666666667,0.11
americas,30,regional_deterministic,0.5,tcn,20261001,baron,0.12998160637645617,0.4653333333333333,0.35933333333333334,0.106
americas,30,regional_deterministic,0.5,tcn,20261002,baron,0.13733905579399142,0.5026666666666667,0.3893333333333333,0.11333333333333333
americas,30,regional_deterministic,0.5,tcn,20260930,dragon,0.05546861415406017,0.344,0.14866666666666667,0.19533333333333333
americas,30,regional_deterministic,0.5,tcn,20261001,dragon,0.07772561293688054,0.48733333333333334,0.22533333333333333,0.262
americas,30,regional_deterministic,0.5,tcn,20261002,dragon,0.07355242566510173,0.4573333333333333,0.21066666666666667,0.24666666666666667
americas,30,regional_deterministic,0.5,tcn,20260930,teamfight,0.01904858918203117,0.46,0.314,0.146
americas,30,regional_deterministic,0.5,tcn,20261001,teamfight,0.01599266578384435,0.358,0.234,0.124
americas,30,regional_deterministic,0.5,tcn,20261002,teamfight,0.017826219822756444,0.412,0.2733333333333333,0.13866666666666666
americas,30,regional_deterministic,0.5,tcn,20260930,macro,0.07347998337240241,0.4468888888888889,0.29644444444444445,0.15044444444444446
americas,30,regional_deterministic,0.5,tcn,20261001,macro,0.07456662836572701,0.4368888888888889,0.2728888888888889,0.164
americas,30,regional_deterministic,0.5,tcn,20261002,macro,0.07623923376061653,0.4573333333333333,0.2911111111111111,0.16622222222222222
americas,30,regional_deterministic,0.5,timely_leagueews,20260930,baron,0.13856529736358061,0.43666666666666665,0.336,0.10066666666666667
americas,30,regional_deterministic,0.5,timely_leagueews,20261001,baron,0.14714898835070508,0.52,0.4126666666666667,0.10733333333333334
americas,30,regional_deterministic,0.5,timely_leagueews,20261002,baron,0.13917841814837523,0.4806666666666667,0.37333333333333335,0.10733333333333334
americas,30,regional_deterministic,0.5,timely_leagueews,20260930,dragon,0.07737784733089897,0.39666666666666667,0.258,0.13866666666666666
americas,30,regional_deterministic,0.5,timely_leagueews,20261001,dragon,0.06816205877238742,0.326,0.23733333333333334,0.08866666666666667
americas,30,regional_deterministic,0.5,timely_leagueews,20261002,dragon,0.09372283081203268,0.49466666666666664,0.3293333333333333,0.16533333333333333
americas,30,regional_deterministic,0.5,timely_leagueews,20260930,teamfight,0.018946725068758278,0.37866666666666665,0.292,0.08666666666666667
americas,30,regional_deterministic,0.5,timely_leagueews,20261001,teamfight,0.022715697259855352,0.49733333333333335,0.3933333333333333,0.104
americas,30,regional_deterministic,0.5,timely_leagueews,20261002,teamfight,0.01772435570948355,0.31933333333333336,0.26,0.059333333333333335
americas,30,regional_deterministic,0.5,timely_leagueews,20260930,macro,0.07829662325441263,0.40399999999999997,0.2953333333333334,0.10866666666666668
americas,30,regional_deterministic,0.5,timely_leagueews,20261001,macro,0.07934224812764928,0.44777777777777783,0.3477777777777778,0.09999999999999999
americas,30,regional_deterministic,0.5,timely_leagueews,20261002,macro,0.08354186822329716,0.4315555555555555,0.3208888888888889,0.11066666666666668
americas,30,regional_deterministic,0.5,timely_tcn,20260930,baron,0.13304721030042918,0.5066666666666667,0.4033333333333333,0.10333333333333333
americas,30,regional_deterministic,0.5,timely_tcn,20261001,baron,0.12262415695892091,0.43533333333333335,0.33466666666666667,0.10066666666666667
americas,30,regional_deterministic,0.5,timely_tcn,20261002,baron,0.13856529736358061,0.51,0.4033333333333333,0.10666666666666667
americas,30,regional_deterministic,0.5,timely_tcn,20260930,dragon,0.08415927664753955,0.43466666666666665,0.2853333333333333,0.14933333333333335
americas,30,regional_deterministic,0.5,timely_tcn,20261001,dragon,0.06103286384976526,0.312,0.198,0.114
americas,30,regional_deterministic,0.5,timely_tcn,20261002,dragon,0.08155103460267779,0.44266666666666665,0.30133333333333334,0.14133333333333334
americas,30,regional_deterministic,0.5,timely_tcn,20260930,teamfight,0.011103188346745441,0.22266666666666668,0.17466666666666666,0.048
americas,30,regional_deterministic,0.5,timely_tcn,20261001,teamfight,0.017113171029846184,0.3893333333333333,0.3006666666666667,0.08866666666666667
americas,30,regional_deterministic,0.5,timely_tcn,20261002,teamfight,0.011918101252928593,0.24733333333333332,0.18533333333333332,0.062
americas,30,regional_deterministic,0.5,timely_tcn,20260930,macro,0.07610322509823807,0.38800000000000007,0.28777777777777774,0.10022222222222223
americas,30,regional_deterministic,0.5,timely_tcn,20261001,macro,0.06692339727951079,0.3788888888888889,0.27777777777777773,0.10111111111111111
americas,30,regional_deterministic,0.5,timely_tcn,20261002,macro,0.07734481107306233,0.39999999999999997,0.2966666666666667,0.10333333333333333
americas,30,regional_deterministic,0.75,leagueews,20260930,baron,0.18148375229920294,0.768,0.6446666666666667,0.12333333333333334
americas,30,regional_deterministic,0.75,leagueews,20261001,baron,0.1747394236664623,0.682,0.5586666666666666,0.12333333333333334
americas,30,regional_deterministic,0.75,leagueews,20261002,baron,0.17351318209687308,0.7466666666666667,0.6213333333333333,0.12533333333333332
americas,30,regional_deterministic,0.75,leagueews,20260930,dragon,0.1111111111111111,0.7373333333333333,0.39266666666666666,0.3446666666666667
americas,30,regional_deterministic,0.75,leagueews,20261001,dragon,0.09007129194922622,0.5773333333333334,0.288,0.28933333333333333
americas,30,regional_deterministic,0.75,leagueews,20261002,dragon,0.09076682316118936,0.5846666666666667,0.288,0.2966666666666667
americas,30,regional_deterministic,0.75,leagueews,20260930,teamfight,0.024141794845675867,0.5326666666666666,0.35933333333333334,0.17333333333333334
americas,30,regional_deterministic,0.75,leagueews,20261001,teamfight,0.020678414994397473,0.4826666666666667,0.322,0.16066666666666668
americas,30,regional_deterministic,0.75,leagueews,20261002,teamfight,0.030253641642049505,0.7226666666666667,0.522,0.20066666666666666
americas,30,regional_deterministic,0.75,leagueews,20260930,macro,0.10557888608532996,0.6793333333333332,0.46555555555555556,0.21377777777777776
americas,30,regional_deterministic,0.75,leagueews,20261001,macro,0.09516304353669534,0.5806666666666667,0.3895555555555556,0.19111111111111112
americas,30,regional_deterministic,0.75,leagueews,20261002,macro,0.09817788230003732,0.6846666666666666,0.4771111111111111,0.20755555555555558
americas,30,regional_deterministic,0.75,tcn,20260930,baron,0.1771919068056407,0.8126666666666666,0.6826666666666666,0.13
americas,30,regional_deterministic,0.75,tcn,20261001,baron,0.17167381974248927,0.6973333333333334,0.5733333333333334,0.124
americas,30,regional_deterministic,0.75,tcn,20261002,baron,0.17290006131207847,0.778,0.646,0.132
americas,30,regional_deterministic,0.75,tcn,20260930,dragon,0.08711528429838289,0.5646666666666667,0.27466666666666667,0.29
americas,30,regional_deterministic,0.75,tcn,20261001,dragon,0.10867675186924013,0.6926666666666667,0.36,0.33266666666666667
americas,30,regional_deterministic,0.75,tcn,20261002,dragon,0.10972004868718484,0.7226666666666667,0.37733333333333335,0.3453333333333333
americas,30,regional_deterministic,0.75,tcn,20260930,teamfight,0.027401446470408476,0.6993333333333334,0.5033333333333333,0.196
americas,30,regional_deterministic,0.75,tcn,20261001,teamfight,0.023225017826219822,0.5753333333333334,0.39466666666666667,0.18066666666666667
americas,30,regional_deterministic,0.75,tcn,20261002,teamfight,0.025160435978404807,0.642,0.448,0.194
americas,30,regional_deterministic,0.75,tcn,20260930,macro,0.09723621252481068,0.6922222222222222,0.48688888888888887,0.20533333333333334
americas,30,regional_deterministic,0.75,tcn,20261001,macro,0.10119186314598307,0.6551111111111112,0.4426666666666667,0.21244444444444444
americas,30,regional_deterministic,0.75,tcn,20261002,macro,0.10259351532588935,0.7142222222222222,0.49044444444444446,0.22377777777777777
americas,30,regional_deterministic,0.75,timely_leagueews,20260930,baron,0.1747394236664623,0.7193333333333334,0.5926666666666667,0.12666666666666668
americas,30,regional_deterministic,0.75,timely_leagueews,20261001,baron,0.17351318209687308,0.7293333333333333,0.606,0.12333333333333334
americas,30,regional_deterministic,0.75,timely_leagueews,20261002,baron,0.17290006131207847,0.7213333333333334,0.596,0.12533333333333332
americas,30,regional_deterministic,0.75,timely_leagueews,20260930,dragon,0.12519561815336464,0.7493333333333333,0.474,0.2753333333333333
americas,30,regional_deterministic,0.75,timely_leagueews,20261001,dragon,0.11650147800382542,0.67,0.44133333333333336,0.22866666666666666
americas,30,regional_deterministic,0.75,timely_leagueews,20261002,dragon,0.09372283081203268,0.49466666666666664,0.3293333333333333,0.16533333333333333
americas,30,regional_deterministic,0.75,timely_leagueews,20260930,teamfight,0.029948049302230825,0.706,0.5606666666666666,0.14533333333333334
americas,30,regional_deterministic,0.75,timely_leagueews,20261001,teamfight,0.022715697259855352,0.49733333333333335,0.3933333333333333,0.104
americas,30,regional_deterministic,0.75,timely_leagueews,20261002,teamfight,0.026688397677498216,0.5946666666666667,0.482,0.11266666666666666
americas,30,regional_deterministic,0.75,timely_leagueews,20260930,macro,0.10996103037401926,0.7248888888888888,0.5424444444444444,0.18244444444444444
americas,30,regional_deterministic,0.75,timely_leagueews,20261001,macro,0.10424345245351795,0.6322222222222222,0.4802222222222223,0.152
americas,30,regional_deterministic,0.75,timely_leagueews,20261002,macro,0.09777042993386979,0.6035555555555555,0.4691111111111111,0.13444444444444445
americas,30,regional_deterministic,0.75,timely_tcn,20260930,baron,0.18025751072961374,0.7626666666666667,0.6393333333333333,0.12333333333333334
americas,30,regional_deterministic,0.75,timely_tcn,20261001,baron,0.1618638871857756,0.7006666666666667,0.584,0.11666666666666667
americas,30,regional_deterministic,0.75,timely_tcn,20261002,baron,0.16983445738810546,0.7226666666666667,0.596,0.12666666666666668
americas,30,regional_deterministic,0.75,timely_tcn,20260930,dragon,0.08415927664753955,0.43466666666666665,0.2853333333333333,0.14933333333333335
americas,30,regional_deterministic,0.75,timely_tcn,20261001,dragon,0.11337158754999131,0.6886666666666666,0.4046666666666667,0.284
americas,30,regional_deterministic,0.75,timely_tcn,20261002,dragon,0.08155103460267779,0.44266666666666665,0.30133333333333334,0.14133333333333334
americas,30,regional_deterministic,0.75,timely_tcn,20260930,teamfight,0.02342874605276561,0.508,0.4,0.108
americas,30,regional_deterministic,0.75,timely_tcn,20261001,teamfight,0.017113171029846184,0.3893333333333333,0.3006666666666667,0.08866666666666667
americas,30,regional_deterministic,0.75,timely_tcn,20261002,teamfight,0.022206376693490883,0.504,0.39266666666666666,0.11133333333333334
americas,30,regional_deterministic,0.75,timely_tcn,20260930,macro,0.09594851114330631,0.5684444444444444,0.44155555555555553,0.12688888888888888
americas,30,regional_deterministic,0.75,timely_tcn,20261001,macro,0.0974495485885377,0.5928888888888889,0.42977777777777776,0.1631111111111111
americas,30,regional_deterministic,0.75,timely_tcn,20261002,macro,0.09119728956142471,0.5564444444444444,0.43,0.12644444444444444
americas,30,regional_deterministic,1.0,leagueews,20260930,baron,0.20600858369098712,0.9886666666666667,0.8533333333333334,0.13533333333333333
americas,30,regional_deterministic,1.0,leagueews,20261001,baron,0.20907418761496016,1.0113333333333334,0.8746666666666667,0.13666666666666666
americas,30,regional_deterministic,1.0,leagueews,20261002,baron,0.2017167381974249,0.976,0.8413333333333334,0.13466666666666666
americas,30,regional_deterministic,1.0,leagueews,20260930,dragon,0.1411928360285168,0.9666666666666667,0.5526666666666666,0.414
americas,30,regional_deterministic,1.0,leagueews,20261001,dragon,0.12606503216831855,0.7973333333333333,0.43466666666666665,0.3626666666666667
americas,30,regional_deterministic,1.0,leagueews,20261002,dragon,0.13162928186402365,0.87,0.48733333333333334,0.38266666666666665
americas,30,regional_deterministic,1.0,leagueews,20260930,teamfight,0.03259651624732607,0.8073333333333333,0.5786666666666667,0.22866666666666666
americas,30,regional_deterministic,1.0,leagueews,20261001,teamfight,0.02913313639604767,0.76,0.542,0.218
americas,30,regional_deterministic,1.0,leagueews,20261002,teamfight,0.030253641642049505,0.7226666666666667,0.522,0.20066666666666666
americas,30,regional_deterministic,1.0,leagueews,20260930,macro,0.12659931198894334,0.9208888888888889,0.6615555555555556,0.25933333333333336
americas,30,regional_deterministic,1.0,leagueews,20261001,macro,0.12142411872644214,0.8562222222222223,0.6171111111111112,0.23911111111111114
americas,30,regional_deterministic,1.0,leagueews,20261002,macro,0.12119988723449936,0.8562222222222222,0.6168888888888889,0.23933333333333331
americas,30,regional_deterministic,1.0,tcn,20260930,baron,0.20478234212139793,1.02,0.876,0.144
americas,30,regional_deterministic,1.0,tcn,20261001,baron,0.20784794604537093,1.026,0.8826666666666667,0.14333333333333334
americas,30,regional_deterministic,1.0,tcn,20261002,baron,0.19865113427345188,1.004,0.864,0.14
americas,30,regional_deterministic,1.0,tcn,20260930,dragon,0.1255433837593462,0.8066666666666666,0.44333333333333336,0.36333333333333334
americas,30,regional_deterministic,1.0,tcn,20261001,dragon,0.1364980003477656,0.8926666666666667,0.5073333333333333,0.38533333333333336
americas,30,regional_deterministic,1.0,tcn,20261002,dragon,0.1507563901930099,0.9966666666666667,0.5866666666666667,0.41
americas,30,regional_deterministic,1.0,tcn,20260930,teamfight,0.027401446470408476,0.6993333333333334,0.5033333333333333,0.196
americas,30,regional_deterministic,1.0,tcn,20261001,teamfight,0.03178160334114292,0.862,0.626,0.236
americas,30,regional_deterministic,1.0,tcn,20261002,teamfight,0.03667108077824183,0.9726666666666667,0.7186666666666667,0.254
americas,30,regional_deterministic,1.0,tcn,20260930,macro,0.11924239078371755,0.842,0.6075555555555555,0.23444444444444446
americas,30,regional_deterministic,1.0,tcn,20261001,macro,0.1253758499114265,0.926888888888889,0.672,0.2548888888888889
americas,30,regional_deterministic,1.0,tcn,20261002,macro,0.1286928684149012,0.991111111111111,0.7231111111111111,0.268
americas,30,regional_deterministic,1.0,timely_leagueews,20260930,baron,0.21213979153893317,1.0573333333333332,0.9153333333333333,0.142
americas,30,regional_deterministic,1.0,timely_leagueews,20261001,baron,0.2035561005518087,0.9573333333333334,0.8186666666666667,0.13866666666666666
americas,30,regional_deterministic,1.0,timely_leagueews,20261002,baron,0.19987737584304108,0.9886666666666667,0.8506666666666667,0.138
americas,30,regional_deterministic,1.0,timely_leagueews,20260930,dragon,0.12519561815336464,0.7493333333333333,0.474,0.2753333333333333
americas,30,regional_deterministic,1.0,timely_leagueews,20261001,dragon,0.11650147800382542,0.67,0.44133333333333336,0.22866666666666666
americas,30,regional_deterministic,1.0,timely_leagueews,20261002,dragon,0.14571378890627718,0.8806666666666667,0.57,0.31066666666666665
americas,30,regional_deterministic,1.0,timely_leagueews,20260930,teamfight,0.029948049302230825,0.706,0.5606666666666666,0.14533333333333334
americas,30,regional_deterministic,1.0,timely_leagueews,20261001,teamfight,0.03595803198533157,0.8746666666666667,0.7073333333333334,0.16733333333333333
americas,30,regional_deterministic,1.0,timely_leagueews,20261002,teamfight,0.026688397677498216,0.5946666666666667,0.482,0.11266666666666666
americas,30,regional_deterministic,1.0,timely_leagueews,20260930,macro,0.12242781966484288,0.8375555555555555,0.65,0.18755555555555556
americas,30,regional_deterministic,1.0,timely_leagueews,20261001,macro,0.11867187018032188,0.8340000000000001,0.6557777777777778,0.1782222222222222
americas,30,regional_deterministic,1.0,timely_leagueews,20261002,macro,0.1240931874756055,0.8213333333333335,0.6342222222222221,0.18711111111111112
americas,30,regional_deterministic,1.0,timely_tcn,20260930,baron,0.19926425505824646,0.9646666666666667,0.8313333333333334,0.13333333333333333
americas,30,regional_deterministic,1.0,timely_tcn,20261001,baron,0.20662170447578174,1.0406666666666666,0.9053333333333333,0.13533333333333333
americas,30,regional_deterministic,1.0,timely_tcn,20261002,baron,0.2004904966278357,0.9606666666666667,0.8246666666666667,0.136
americas,30,regional_deterministic,1.0,timely_tcn,20260930,dragon,0.13197704747000522,0.8086666666666666,0.516,0.2926666666666667
americas,30,regional_deterministic,1.0,timely_tcn,20261001,dragon,0.11337158754999131,0.6886666666666666,0.4046666666666667,0.284
americas,30,regional_deterministic,1.0,timely_tcn,20261002,dragon,0.14084507042253522,0.9,0.582,0.318
americas,30,regional_deterministic,1.0,timely_tcn,20260930,teamfight,0.03667108077824183,0.898,0.7266666666666667,0.17133333333333334
americas,30,regional_deterministic,1.0,timely_tcn,20261001,teamfight,0.03178160334114292,0.774,0.6213333333333333,0.15266666666666667
americas,30,regional_deterministic,1.0,timely_tcn,20261002,teamfight,0.037893450137516556,0.9013333333333333,0.726,0.17533333333333334
americas,30,regional_deterministic,1.0,timely_tcn,20260930,macro,0.1226374611021645,0.8904444444444445,0.6913333333333332,0.19911111111111113
americas,30,regional_deterministic,1.0,timely_tcn,20261001,macro,0.11725829845563866,0.8344444444444444,0.6437777777777778,0.19066666666666668
americas,30,regional_deterministic,1.0,timely_tcn,20261002,macro,0.12640967239596249,0.9206666666666666,0.7108888888888889,0.20977777777777776
americas,30,regional_deterministic,mean,leagueews,20260930,baron,0.15542611894543223,0.6121666666666666,0.5025000000000001,0.10966666666666666
americas,30,regional_deterministic,mean,leagueews,20261001,baron,0.15419987737584306,0.5916666666666667,0.4821666666666667,0.1095
americas,30,regional_deterministic,mean,leagueews,20261002,baron,0.14944819129368486,0.6171666666666666,0.5051666666666667,0.112
americas,30,regional_deterministic,mean,leagueews,20260930,dragon,0.08772387410885063,0.5891666666666667,0.30766666666666664,0.2815
americas,30,regional_deterministic,mean,leagueews,20261001,dragon,0.07720396452790819,0.4893333333333334,0.238,0.25133333333333335
americas,30,regional_deterministic,mean,leagueews,20261002,dragon,0.075943314206225,0.492,0.246,0.246
americas,30,regional_deterministic,mean,leagueews,20260930,teamfight,0.020474686767851687,0.474,0.32016666666666665,0.15383333333333332
americas,30,regional_deterministic,mean,leagueews,20261001,teamfight,0.01917591932362229,0.47000000000000003,0.31833333333333336,0.15166666666666667
americas,30,regional_deterministic,mean,leagueews,20261002,teamfight,0.022613833146582458,0.5251666666666667,0.36833333333333335,0.15683333333333332
americas,30,regional_deterministic,mean,leagueews,20260930,macro,0.08787489327404485,0.5584444444444444,0.3767777777777778,0.18166666666666664
americas,30,regional_deterministic,mean,leagueews,20261001,macro,0.08352658707579118,0.517,0.3461666666666667,0.1708333333333333
americas,30,regional_deterministic,mean,leagueews,20261002,macro,0.08266844621549745,0.5447777777777777,0.37316666666666665,0.17161111111111108
americas,30,regional_deterministic,mean,tcn,20260930,baron,0.1517473942366646,0.6498333333333333,0.5353333333333333,0.11449999999999999
americas,30,regional_deterministic,mean,tcn,20261001,baron,0.14791538933169834,0.6068333333333333,0.49483333333333335,0.11199999999999999
americas,30,regional_deterministic,mean,tcn,20261002,baron,0.14822194972409564,0.6273333333333333,0.5126666666666666,0.11466666666666667
americas,30,regional_deterministic,mean,tcn,20260930,dragon,0.07316118935837246,0.4693333333333333,0.22883333333333333,0.2405
americas,30,regional_deterministic,mean,tcn,20261001,dragon,0.08611545818118588,0.5525,0.2833333333333333,0.26916666666666667
americas,30,regional_deterministic,mean,tcn,20261002,dragon,0.09276647539558337,0.5968333333333333,0.31283333333333335,0.284
americas,30,regional_deterministic,mean,tcn,20260930,teamfight,0.02029642456962412,0.5035000000000001,0.3526666666666667,0.15083333333333332
americas,30,regional_deterministic,mean,tcn,20261001,teamfight,0.020067230314760112,0.5001666666666666,0.3461666666666666,0.154
americas,30,regional_deterministic,mean,tcn,20261002,teamfight,0.022741163288173577,0.567,0.39649999999999996,0.17049999999999998
americas,30,regional_deterministic,mean,tcn,20260930,macro,0.08173500272155372,0.5408888888888889,0.37227777777777776,0.16861111111111113
americas,30,regional_deterministic,mean,tcn,20261001,macro,0.08469935927588144,0.5531666666666667,0.3747777777777778,0.1783888888888889
americas,30,regional_deterministic,mean,tcn,20261002,macro,0.08790986280261752,0.5970555555555556,0.4073333333333333,0.1897222222222222
americas,30,regional_deterministic,mean,timely_leagueews,20260930,baron,0.15144083384426732,0.6038333333333333,0.4935,0.11033333333333334
americas,30,regional_deterministic,mean,timely_leagueews,20261001,baron,0.15435315757204168,0.614,0.5015000000000001,0.1125
americas,30,regional_deterministic,mean,timely_leagueews,20261002,baron,0.14515634580012263,0.5931666666666667,0.4836666666666667,0.1095
americas,30,regional_deterministic,mean,timely_leagueews,20260930,dragon,0.09120153016866632,0.5108333333333334,0.3268333333333333,0.184
americas,30,regional_deterministic,mean,timely_leagueews,20261001,dragon,0.0848982785602504,0.4525,0.307,0.1455
americas,30,regional_deterministic,mean,timely_leagueews,20261002,dragon,0.0947226569292297,0.518,0.3435,0.1745
americas,30,regional_deterministic,mean,timely_leagueews,20260930,teamfight,0.02218091066517266,0.48916666666666664,0.3843333333333333,0.10483333333333333
americas,30,regional_deterministic,mean,timely_leagueews,20261001,teamfight,0.023225017826219822,0.5241666666666667,0.41783333333333333,0.10633333333333334
americas,30,regional_deterministic,mean,timely_leagueews,20261002,teamfight,0.019736171946623204,0.4136666666666667,0.3345,0.07916666666666666
americas,30,regional_deterministic,mean,timely_leagueews,20260930,macro,0.0882744248927021,0.534611111111111,0.4015555555555556,0.13305555555555557
americas,30,regional_deterministic,mean,timely_leagueews,20261001,macro,0.08749215131950396,0.5302222222222223,0.40877777777777774,0.12144444444444445
americas,30,regional_deterministic,mean,timely_leagueews,20261002,macro,0.0865383915586585,0.5082777777777777,0.3872222222222222,0.12105555555555554
americas,30,regional_deterministic,mean,timely_tcn,20260930,baron,0.1506744328632741,0.6251666666666666,0.5143333333333333,0.11083333333333334
americas,30,regional_deterministic,mean,timely_tcn,20261001,baron,0.14408338442673208,0.6,0.49266666666666664,0.10733333333333334
americas,30,regional_deterministic,mean,timely_tcn,20261002,baron,0.1489883507050889,0.6108333333333333,0.4988333333333333,0.11200000000000002
americas,30,regional_deterministic,mean,timely_tcn,20260930,dragon,0.08398539384454877,0.456,0.29966666666666664,0.15633333333333332
americas,30,regional_deterministic,mean,timely_tcn,20261001,dragon,0.0782037906451052,0.4468333333333333,0.269,0.17783333333333334
americas,30,regional_deterministic,mean,timely_tcn,20261002,dragon,0.0847243957572596,0.48816666666666664,0.32799999999999996,0.16016666666666668
americas,30,regional_deterministic,mean,timely_tcn,20260930,teamfight,0.020576550881124582,0.4628333333333333,0.369,0.09383333333333334
americas,30,regional_deterministic,mean,timely_tcn,20261001,teamfight,0.018335540389120913,0.4271666666666667,0.33616666666666667,0.091
americas,30,regional_deterministic,mean,timely_tcn,20261002,teamfight,0.020984007334216154,0.475,0.3723333333333333,0.10266666666666667
americas,30,regional_deterministic,mean,timely_tcn,20260930,macro,0.08507879252964916,0.5146666666666667,0.39433333333333326,0.12033333333333333
americas,30,regional_deterministic,mean,timely_tcn,20261001,macro,0.08020757182031939,0.49133333333333334,0.36594444444444446,0.12538888888888888
americas,30,regional_deterministic,mean,timely_tcn,20261002,macro,0.08489891793218822,0.5246666666666666,0.39972222222222226,0.12494444444444446
americas,30,matched_early_mixture,0.25,leagueews,20260930,baron,0.09435289426863731,0.25142126789366126,0.1712535787321067,0.0801676891615543
americas,30,matched_early_mixture,0.25,leagueews,20261001,baron,0.09936538017469962,0.24379220779220806,0.16290043290043285,0.08089177489177485
americas,30,matched_early_mixture,0.25,leagueews,20261002,baron,0.08773827320386608,0.2530037453183525,0.17343820224719086,0.07956554307116098
americas,30,matched_early_mixture,0.25,leagueews,20260930,dragon,0.04018300069114761,0.2661064425770307,0.12535014005602235,0.14075630252100807
americas,30,matched_early_mixture,0.25,leagueews,20261001,dragon,0.04372343737995023,0.2805232558139548,0.11967054263565924,0.16085271317829536
americas,30,matched_early_mixture,0.25,leagueews,20261002,dragon,0.045896104652073805,0.28648068669527965,0.12231759656652336,0.16416309012875469
americas,30,matched_early_mixture,0.25,leagueews,20260930,teamfight,0.011508270690860476,0.28002621995629884,0.17969458606457833,0.10033163389172099
americas,30,matched_early_mixture,0.25,leagueews,20261001,teamfight,0.009302322045674665,0.25859950248756264,0.17803855721393036,0.0805609452736318
americas,30,matched_early_mixture,0.25,leagueews,20261002,teamfight,0.010684012149077899,0.24423521891978206,0.16932502396932056,0.0749101949504636
americas,30,matched_early_mixture,0.25,leagueews,20260930,macro,0.04868138855021512,0.26585131014233027,0.15876610161756913,0.10708520852476112
americas,30,matched_early_mixture,0.25,leagueews,20261001,macro,0.050797046533441505,0.2609716553645752,0.15353651091667417,0.10743514444790066
americas,30,matched_early_mixture,0.25,leagueews,20261002,macro,0.0481061300016726,0.2612398836444714,0.15502694092767824,0.10621294271679309
americas,30,matched_early_mixture,0.25,tcn,20260930,baron,0.09010761326877945,0.26616091954023086,0.18358620689655197,0.08257471264367847
americas,30,matched_early_mixture,0.25,tcn,20261001,baron,0.09004878308852927,0.2651207729468606,0.18580676328502416,0.07931400966183574
americas,30,matched_early_mixture,0.25,tcn,20261002,baron,0.09145950615907698,0.2671666666666665,0.18649242424242443,0.0806742424242425
americas,30,matched_early_mixture,0.25,tcn,20260930,dragon,0.04083528951486698,0.2646875,0.12875,0.1359375
americas,30,matched_early_mixture,0.25,tcn,20261001,dragon,0.043309219689940726,0.2715453194650824,0.12555720653788974,0.14598811292719252
americas,30,matched_early_mixture,0.25,tcn,20261002,dragon,0.043232225116635166,0.26880877742946707,0.12382445141065862,0.14498432601880976
americas,30,matched_early_mixture,0.25,tcn,20260930,teamfight,0.011560229447567736,0.2602292768959435,0.16544620811287475,0.09478306878306876
americas,30,matched_early_mixture,0.25,tcn,20261001,teamfight,0.009737034814772484,0.2556642647451295,0.18071470509741092,0.07494955964771786
americas,30,matched_early_mixture,0.25,tcn,20261002,teamfight,0.00990022167571315,0.25158730158730264,0.17314285714285677,0.07844444444444422
americas,30,matched_early_mixture,0.25,tcn,20260930,macro,0.04750104407707139,0.26369256547872477,0.15926080500314224,0.1044317604755824
americas,30,matched_early_mixture,0.25,tcn,20261001,macro,0.047698345864414154,0.26411011905235754,0.16402622497344163,0.10008389407891538
americas,30,matched_early_mixture,0.25,tcn,20261002,macro,0.0481973176504751,0.26252091522781207,0.16115324426531327,0.10136767096249882
americas,30,matched_early_mixture,0.25,timely_leagueews,20260930,baron,0.09641324340895156,0.252,0.1725,0.0795
americas,30,matched_early_mixture,0.25,timely_leagueews,20261001,baron,0.09683790493612479,0.26791256830601134,0.1845136612021856,0.0833989071038251
americas,30,matched_early_mixture,0.25,timely_leagueews,20261002,baron,0.08671209034631434,0.2564059139784947,0.17687096774193495,0.07953494623655871
americas,30,matched_early_mixture,0.25,timely_leagueews,20260930,dragon,0.05777086132215037,0.27580633147113537,0.18185474860335168,0.09395158286778375
americas,30,matched_early_mixture,0.25,timely_leagueews,20261001,dragon,0.057283780975524855,0.25941463414634036,0.1900162601626015,0.06939837398373959
americas,30,matched_early_mixture,0.25,timely_leagueews,20261002,dragon,0.057617998802140684,0.27448919753086404,0.1909074074074076,0.08358179012345643
americas,30,matched_early_mixture,0.25,timely_leagueews,20260930,teamfight,0.01335998589689471,0.2476137761377608,0.1884723247232471,0.059141451414514296
americas,30,matched_early_mixture,0.25,timely_leagueews,20261001,teamfight,0.012203679236180489,0.24568393613554856,0.19235777126099732,0.05332616487455212
americas,30,matched_early_mixture,0.25,timely_leagueews,20261002,teamfight,0.013406360010234528,0.24358530183726942,0.1961968503936999,0.04738845144356935
americas,30,matched_early_mixture,0.25,timely_leagueews,20260930,macro,0.05584803020933222,0.25847336920296543,0.1809423577755329,0.07753101142743268
americas,30,matched_early_mixture,0.25,timely_leagueews,20261001,macro,0.05544178838261005,0.25767037952930005,0.1889625642085948,0.06870781532070559
americas,30,matched_early_mixture,0.25,timely_leagueews,20261002,macro,0.052578816386229854,0.2581601377822094,0.18799174184768083,0.07016839593452816
americas,30,matched_early_mixture,0.25,timely_tcn,20260930,baron,0.09174998820921565,0.27456410256410274,0.19024358974358954,0.08432051282051281
americas,30,matched_early_mixture,0.25,timely_tcn,20261001,baron,0.09195896666270127,0.25692537313432856,0.1762786069651744,0.08064676616915428
americas,30,matched_early_mixture,0.25,timely_tcn,20261002,baron,0.08983552368512247,0.2632173913043474,0.1829275362318838,0.08028985507246368
americas,30,matched_early_mixture,0.25,timely_tcn,20260930,dragon,0.05357980190545866,0.2527109004739324,0.17607582938388586,0.07663507109004683
americas,30,matched_early_mixture,0.25,timely_tcn,20261001,dragon,0.0533034388668191,0.2660448717948733,0.17022649572649556,0.09581837606837598
americas,30,matched_early_mixture,0.25,timely_tcn,20261002,dragon,0.05169046159975563,0.26623948220064725,0.18983818770226552,0.07640129449838219
americas,30,matched_early_mixture,0.25,timely_tcn,20260930,teamfight,0.012160459662385976,0.2471422121896162,0.19399548532731398,0.05314672686230277
americas,30,matched_early_mixture,0.25,timely_tcn,20261001,teamfight,0.011988371149250516,0.2670516934046349,0.20703386809269148,0.06001782531194272
americas,30,matched_early_mixture,0.25,timely_tcn,20261002,teamfight,0.013118117370792116,0.2775470003208218,0.2103111966634584,0.0672358036573626
americas,30,matched_early_mixture,0.25,timely_tcn,20260930,macro,0.05249674992568676,0.2581390717425504,0.18677163481826312,0.07136743692428747
americas,30,matched_early_mixture,0.25,timely_tcn,20261001,macro,0.052416925559590294,0.2633406461112789,0.18451299026145382,0.07882765584982433
americas,30,matched_early_mixture,0.25,timely_tcn,20261002,macro,0.05154803421855673,0.26900129127527217,0.19435897353253592,0.07464231774273616
americas,30,matched_early_mixture,0.5,leagueews,20260930,baron,0.14918797142571968,0.5169147286821717,0.4090852713178302,0.10782945736434126
americas,30,matched_early_mixture,0.5,leagueews,20261001,baron,0.14794871111348054,0.5064154589371999,0.39769082125603944,0.10872463768115978
americas,30,matched_early_mixture,0.5,leagueews,20261002,baron,0.14343167562051676,0.5412587412587424,0.4258927738927738,0.11536596736596724
americas,30,matched_early_mixture,0.5,leagueews,20260930,dragon,0.08018305396675929,0.5311622418879084,0.2550206489675522,0.2761415929203556
americas,30,matched_early_mixture,0.5,leagueews,20261001,dragon,0.0819654281985902,0.5254766355140196,0.2545732087227407,0.2709034267912765
americas,30,matched_early_mixture,0.5,leagueews,20261002,dragon,0.08172491740566874,0.5233745704467354,0.25154639175257737,0.2718281786941595
americas,30,matched_early_mixture,0.5,leagueews,20260930,teamfight,0.020439000942298724,0.5407691187181347,0.3832634134498662,0.15750570526826901
americas,30,matched_early_mixture,0.5,leagueews,20261001,teamfight,0.018519503936971913,0.5138855721393041,0.3725348258706463,0.14135074626865618
americas,30,matched_early_mixture,0.5,leagueews,20261002,teamfight,0.020792291845860813,0.4913589006072228,0.351491850431451,0.13986705017577578
americas,30,matched_early_mixture,0.5,leagueews,20260930,macro,0.08327000877825923,0.5296153630960716,0.34912311124508283,0.1804922518509886
americas,30,matched_early_mixture,0.5,leagueews,20261001,macro,0.08281121441634755,0.5152592221968412,0.3415996186164754,0.17365960358036414
americas,30,matched_early_mixture,0.5,leagueews,20261002,macro,0.08198296162401544,0.5186640707709002,0.34297700535893405,0.17568706541196746
americas,30,matched_early_mixture,0.5,tcn,20260930,baron,0.14626542250741217,0.5396913242009125,0.4294721461187218,0.11021917808219202
americas,30,matched_early_mixture,0.5,tcn,20261001,baron,0.138928949974805,0.5190053981106616,0.4092887989203782,0.10971659919028345
americas,30,matched_early_mixture,0.5,tcn,20261002,baron,0.14126302881667693,0.5325333333333321,0.41653333333333264,0.11599999999999987
americas,30,matched_early_mixture,0.5,tcn,20260930,dragon,0.08167057902973396,0.529375,0.2575,0.271875
americas,30,matched_early_mixture,0.5,tcn,20261001,dragon,0.08492032490927827,0.5369528351881251,0.2598547959724432,0.27709803921568354
americas,30,matched_early_mixture,0.5,tcn,20261002,dragon,0.08407391599879879,0.5345212121212094,0.2591515151515155,0.275369696969696
americas,30,matched_early_mixture,0.5,tcn,20260930,teamfight,0.020392506103002882,0.5167931136835856,0.3661899673493621,0.1506031463342246
americas,30,matched_early_mixture,0.5,tcn,20261001,teamfight,0.018942728798501732,0.5088668267947687,0.3666634641046165,0.14220336269015205
americas,30,matched_early_mixture,0.5,tcn,20261002,teamfight,0.019682410331284667,0.501851851851853,0.3493333333333316,0.1525185185185179
americas,30,matched_early_mixture,0.5,tcn,20260930,macro,0.082776169213383,0.528619812628166,0.3510540378226947,0.1775657748054722
americas,30,matched_early_mixture,0.5,tcn,20261001,macro,0.08093066789419501,0.5216083533645185,0.34526901966581264,0.17633933369870633
americas,30,matched_early_mixture,0.5,tcn,20261002,macro,0.08167311838225347,0.5229687991021316,0.34167272727272663,0.18129607182940458
americas,30,matched_early_mixture,0.5,timely_leagueews,20260930,baron,0.14911481231788465,0.5244902797534398,0.4171322901849235,0.1073579895685161
americas,30,matched_early_mixture,0.5,timely_leagueews,20261001,baron,0.14159495283763074,0.5290705754614563,0.4210618892508143,0.1080086862106404
americas,30,matched_early_mixture,0.5,timely_leagueews,20261002,baron,0.14387571448349512,0.5190071684587823,0.4089498207885315,0.1100573476702512
americas,30,matched_early_mixture,0.5,timely_leagueews,20260930,dragon,0.09463345224169915,0.5239305804907218,0.33594614003590756,0.1879844404548171
americas,30,matched_early_mixture,0.5,timely_leagueews,20261001,dragon,0.09172532324219135,0.5039506641366196,0.3466312460468045,0.1573194180898156
americas,30,matched_early_mixture,0.5,timely_leagueews,20261002,dragon,0.0978622383036128,0.5253991507430967,0.348494692144374,0.17690445859872533
americas,30,matched_early_mixture,0.5,timely_leagueews,20260930,teamfight,0.023815396218890846,0.523529078014182,0.41089929078014187,0.11262978723404274
americas,30,matched_early_mixture,0.5,timely_leagueews,20261001,teamfight,0.02116533143027674,0.48297621375040595,0.3866392961876828,0.09633691756272386
americas,30,matched_early_mixture,0.5,timely_leagueews,20261002,teamfight,0.023358896375092794,0.49239999999999784,0.39954285714285637,0.09285714285714304
americas,30,matched_early_mixture,0.5,timely_leagueews,20260930,macro,0.08918788692615821,0.5239833127527812,0.38799257366699097,0.13599073908579198
americas,30,matched_early_mixture,0.5,timely_leagueews,20261001,macro,0.08482853583669962,0.5053324844494939,0.3847774771617672,0.12055500728772661
americas,30,matched_early_mixture,0.5,timely_leagueews,20261002,macro,0.08836561638740024,0.5122687730672922,0.3856624566919206,0.1266063163753732
americas,30,matched_early_mixture,0.5,timely_tcn,20260930,baron,0.13910723184002804,0.5451161048689159,0.4391036204744074,0.10601248439450668
americas,30,matched_early_mixture,0.5,timely_tcn,20261001,baron,0.13498742242876025,0.514979439252334,0.4095426791277242,0.10543676012461034
americas,30,matched_early_mixture,0.5,timely_tcn,20261002,baron,0.14236222968128126,0.5350847457627125,0.4264322033898306,0.1086525423728811
americas,30,matched_early_mixture,0.5,timely_tcn,20260930,dragon,0.09384726367290877,0.5104399008674123,0.3320669144981406,0.17837298636926957
americas,30,matched_early_mixture,0.5,timely_tcn,20261001,dragon,0.09105209457540707,0.528039726877719,0.31653507138423365,0.211504655493484
americas,30,matched_early_mixture,0.5,timely_tcn,20261002,dragon,0.09137437486537084,0.5184338308457732,0.3478318407960209,0.17060199004975182
americas,30,matched_early_mixture,0.5,timely_tcn,20260930,teamfight,0.022594058171996775,0.488677200902933,0.3847404063205419,0.10393679458239306
americas,30,matched_early_mixture,0.5,timely_tcn,20261001,teamfight,0.021601460574670342,0.5070347578347562,0.3987851851851846,0.10824957264957218
americas,30,matched_early_mixture,0.5,timely_tcn,20261002,teamfight,0.022493243291601062,0.513591273660574,0.4054507539300633,0.10814051973051007
americas,30,matched_early_mixture,0.5,timely_tcn,20260930,macro,0.0851828512283112,0.514744402213087,0.38530364709769666,0.12944075511538977
americas,30,matched_early_mixture,0.5,timely_tcn,20261001,macro,0.08254699252627921,0.5166846413216031,0.37495431189904743,0.1417303294225555
americas,30,matched_early_mixture,0.5,timely_tcn,20261002,macro,0.08540994927941771,0.5223699500896867,0.39323826603863826,0.12913168405104766
americas,30,matched_early_mixture,0.75,leagueews,20260930,baron,0.18173354224856364,0.7699753086419733,0.6465185185185176,0.12345679012345696
americas,30,matched_early_mixture,0.75,leagueews,20261001,baron,0.18233016747066474,0.7669329140461186,0.6393396226415101,0.1275932914046122
americas,30,matched_early_mixture,0.75,leagueews,20261002,baron,0.1788740133967777,0.7915600384245897,0.6621594620557153,0.12940057636887628
americas,30,matched_early_mixture,0.75,leagueews,20260930,dragon,0.11726419120785325,0.7842424242424276,0.42539393939393993,0.35884848484848675
americas,30,matched_early_mixture,0.75,leagueews,20261001,dragon,0.11448605222195472,0.7625646316996249,0.42865692175408493,0.3339077099455426
americas,30,matched_early_mixture,0.75,leagueews,20261002,dragon,0.11880157330920993,0.7804270042194111,0.42475780590717327,0.3556691983122375
americas,30,matched_early_mixture,0.75,leagueews,20260930,teamfight,0.029369731193736807,0.8015120174799724,0.5868322408351542,0.21467977664481744
americas,30,matched_early_mixture,0.75,leagueews,20261001,teamfight,0.02773668582826929,0.769171641791044,0.5670310945273633,0.2021405472636806
americas,30,matched_early_mixture,0.75,leagueews,20261002,teamfight,0.03075070470100773,0.7406915629322274,0.5366058091286338,0.20408575380359628
americas,30,matched_early_mixture,0.75,leagueews,20260930,macro,0.10945582155005124,0.7852432501214578,0.5529148995825373,0.2323283505389204
americas,30,matched_early_mixture,0.75,leagueews,20261001,macro,0.10818430184029625,0.7662230625122625,0.5450092129743195,0.22121384953794512
americas,30,matched_early_mixture,0.75,leagueews,20261002,macro,0.10947543046899844,0.7708928685254094,0.5411743590305074,0.22971850949490336
americas,30,matched_early_mixture,0.75,tcn,20260930,baron,0.17839522797206012,0.8217092419522357,0.691098650051923,0.13061059190031118
americas,30,matched_early_mixture,0.75,tcn,20261001,baron,0.1803518370041976,0.7674871794871757,0.6405641025641011,0.12692307692307644
americas,30,matched_early_mixture,0.75,tcn,20261002,baron,0.17608977125593442,0.8059939577039253,0.6730030211480358,0.1329909365558909
americas,30,matched_early_mixture,0.75,tcn,20260930,dragon,0.1196390663942503,0.7694843750000006,0.4174184027777777,0.3520659722222217
americas,30,matched_early_mixture,0.75,tcn,20261001,dragon,0.11995950659303302,0.7786062533121334,0.42797880233174335,0.35062745098038983
americas,30,matched_early_mixture,0.75,tcn,20261002,dragon,0.11959199876641649,0.7885817610062918,0.427691823899372,0.3608899371069192
americas,30,matched_early_mixture,0.75,tcn,20260930,teamfight,0.028964330416705795,0.7734716533095873,0.5698854259424143,0.20358622736717055
americas,30,matched_early_mixture,0.75,tcn,20261001,teamfight,0.028148422782230995,0.7620693888444102,0.5526122231118209,0.20945716573258522
americas,30,matched_early_mixture,0.75,tcn,20261002,teamfight,0.029059668452798518,0.7582768942937319,0.5455491113189854,0.2127277829747417
americas,30,matched_early_mixture,0.75,tcn,20260930,macro,0.10899954159433874,0.7882217567539412,0.5594674929240383,0.22875426382990116
americas,30,matched_early_mixture,0.75,tcn,20261001,macro,0.10948658879315387,0.7693876072145732,0.5403850426692217,0.2290025645453505
americas,30,matched_early_mixture,0.75,tcn,20261002,macro,0.10824714615838314,0.7842842043346497,0.5487479854554644,0.23553621887918394
americas,30,matched_early_mixture,0.75,timely_leagueews,20260930,baron,0.18051217825331223,0.785870080606921,0.6585974395448062,0.12727264106211392
americas,30,matched_early_mixture,0.75,timely_leagueews,20261001,baron,0.17904125484055888,0.7749989142236685,0.6482605863192199,0.126738327904452
americas,30,matched_early_mixture,0.75,timely_leagueews,20261002,baron,0.1747789798461265,0.7712473118279535,0.6432688172043,0.1279784946236555
americas,30,matched_early_mixture,0.75,timely_leagueews,20260930,dragon,0.1267586936727229,0.7623632019115842,0.482739545997612,0.27962365591397753
americas,30,matched_early_mixture,0.75,timely_leagueews,20261001,dragon,0.12445207945025365,0.7511043643263735,0.4984339025932973,0.25267046173308055
americas,30,matched_early_mixture,0.75,timely_leagueews,20261002,dragon,0.12890779449046288,0.7558927813163453,0.49220488322717754,0.26368789808917154
americas,30,matched_early_mixture,0.75,timely_leagueews,20260930,teamfight,0.03259417454357259,0.7777614942528706,0.621279693486588,0.15648180076628307
americas,30,matched_early_mixture,0.75,timely_leagueews,20261001,teamfight,0.030126983624372865,0.7202684913652623,0.5809208211143672,0.13934767025089587
americas,30,matched_early_mixture,0.75,timely_leagueews,20261002,teamfight,0.032274240651160274,0.7471044619422589,0.6116755905511784,0.13542887139107562
americas,30,matched_early_mixture,0.75,timely_leagueews,20260930,macro,0.11328834882320259,0.7753315922571252,0.5875388930096688,0.18779269924745814
americas,30,matched_early_mixture,0.75,timely_leagueews,20261001,macro,0.11120677263839514,0.7487905899717681,0.5758717700089614,0.17291881996280947
americas,30,matched_early_mixture,0.75,timely_leagueews,20261002,macro,0.11198700499591656,0.7580815183621858,0.5823830969942186,0.17569842136796754
americas,30,matched_early_mixture,0.75,timely_tcn,20260930,baron,0.17828840558743644,0.7937116104868925,0.6703770287141083,0.12333458177278359
americas,30,matched_early_mixture,0.75,timely_tcn,20261001,baron,0.17495487545625912,0.7724560747663578,0.6515987538940802,0.12085732087227408
americas,30,matched_early_mixture,0.75,timely_tcn,20261002,baron,0.18084465182013743,0.7893220338983035,0.6605423728813554,0.12877966101694854
americas,30,matched_early_mixture,0.75,timely_tcn,20260930,dragon,0.12717749426477626,0.7711276332094191,0.4928475836431226,0.2782800495662957
americas,30,matched_early_mixture,0.75,timely_tcn,20261001,dragon,0.12568549395713932,0.7841675895164244,0.4747294204503508,0.309438169066075
americas,30,matched_early_mixture,0.75,timely_tcn,20261002,dragon,0.12456133521230608,0.7744039800994992,0.504921393034827,0.26948258706467626
americas,30,matched_early_mixture,0.75,timely_tcn,20260930,teamfight,0.030881609805276756,0.7274942903752027,0.5838499184339331,0.14364437194127277
americas,30,matched_early_mixture,0.75,timely_tcn,20261001,teamfight,0.03100430179986051,0.7536159544159544,0.6043407407407391,0.1492752136752127
americas,30,matched_early_mixture,0.75,timely_tcn,20261002,teamfight,0.03186836921240999,0.7496355470003206,0.600590311196664,0.14904523580365667
americas,30,matched_early_mixture,0.75,timely_tcn,20260930,macro,0.1121158365524965,0.7641111780238381,0.5823581769303879,0.1817530010934507
americas,30,matched_early_mixture,0.75,timely_tcn,20261001,macro,0.11054822373775298,0.7700798728995789,0.5768896383617234,0.19319023453785392
americas,30,matched_early_mixture,0.75,timely_tcn,20261002,macro,0.11242478541495116,0.7711205203327077,0.5886846923709488,0.1824358279617605
americas,30,matched_early_mixture,1.0,leagueews,20260930,baron,0.20644307873532977,1.0328398950131223,0.8949028871391077,0.1379370078740161
americas,30,matched_early_mixture,1.0,leagueews,20261001,baron,0.20955311592610149,1.0181823899371019,0.8811987421383614,0.1369836477987417
americas,30,matched_early_mixture,1.0,leagueews,20261002,baron,0.2068652730067277,1.0458721461187166,0.906675799086755,0.13919634703196343
americas,30,matched_early_mixture,1.0,leagueews,20260930,dragon,0.14942518906191635,1.0277158469945318,0.6018797814207644,0.42583606557376863
americas,30,matched_early_mixture,1.0,leagueews,20261001,dragon,0.14627610466040264,1.003751218114071,0.6118039552880467,0.391947262826024
americas,30,matched_early_mixture,1.0,leagueews,20261002,dragon,0.15241241688816026,1.029807760141086,0.6103985890652558,0.41940917107583453
americas,30,matched_early_mixture,1.0,leagueews,20260930,teamfight,0.03830046144517501,1.0622549162418045,0.7904010682204405,0.27185384802136414
americas,30,matched_early_mixture,1.0,leagueews,20261001,teamfight,0.036953867719566685,1.0244577114427909,0.7615273631840823,0.26293034825870754
americas,30,matched_early_mixture,1.0,leagueews,20261002,teamfight,0.038517314997229345,1.0223305670816032,0.7648215767634843,0.2575089903181187
americas,30,matched_early_mixture,1.0,leagueews,20260930,macro,0.13138957641414037,1.040936886083153,0.7623945789267709,0.27854230715638295
americas,30,matched_early_mixture,1.0,leagueews,20261001,macro,0.1309276961020236,1.0154637731646545,0.7515100202034968,0.26395375296115775
americas,30,matched_early_mixture,1.0,leagueews,20261002,macro,0.13259833496403908,1.0326701577804684,0.760631988305165,0.27203816947530557
americas,30,matched_early_mixture,1.0,tcn,20260930,baron,0.20917099615992774,1.063543859649125,0.9174561403508776,0.14608771929824574
americas,30,matched_early_mixture,1.0,tcn,20261001,baron,0.20885257769274515,1.038208835341368,0.8946184738955842,0.14359036144578313
americas,30,matched_early_mixture,1.0,tcn,20261002,baron,0.2032326961818072,1.0640915750915776,0.9212893772893793,0.14280219780219802
americas,30,matched_early_mixture,1.0,tcn,20260930,dragon,0.15206352810949877,1.0233144058885413,0.6041577287066233,0.4191566771819163
americas,30,matched_early_mixture,1.0,tcn,20261001,dragon,0.15178541304951512,1.0212189054726375,0.6110124378109446,0.41020646766169283
americas,30,matched_early_mixture,1.0,tcn,20261002,dragon,0.15468357281737535,1.0306950757575726,0.6138693181818162,0.4168257575757581
americas,30,matched_early_mixture,1.0,tcn,20260930,teamfight,0.03753615473040894,1.0301501929355898,0.7735808845354721,0.25656930840012016
americas,30,matched_early_mixture,1.0,tcn,20261001,teamfight,0.03728928365465989,1.02078083989501,0.7597572178477673,0.26102362204724333
americas,30,matched_early_mixture,1.0,tcn,20261002,teamfight,0.0379215604400567,1.0225425631431246,0.7672516370439739,0.25529092609915965
americas,30,matched_early_mixture,1.0,tcn,20260930,macro,0.13292355966661182,1.0390028194910854,0.7650649178643244,0.27393790162676074
americas,30,matched_early_mixture,1.0,tcn,20261001,macro,0.1326424247989734,1.026736193569672,0.7551293765180987,0.2716068170515731
americas,30,matched_early_mixture,1.0,tcn,20261002,macro,0.13194594314641309,1.039109737997425,0.7674701108383898,0.2716396271590386
americas,30,matched_early_mixture,1.0,timely_leagueews,20260930,baron,0.21256268572671508,1.063081170168931,0.9209105892047784,0.14217058096415333
americas,30,matched_early_mixture,1.0,timely_leagueews,20261001,baron,0.20617772045920624,1.020747126436785,0.8799804597701179,0.1407666666666668
americas,30,matched_early_mixture,1.0,timely_leagueews,20261002,baron,0.20391106521669006,1.0307368421052663,0.8892481203007546,0.14148872180451144
americas,30,matched_early_mixture,1.0,timely_leagueews,20260930,dragon,0.15760886839689398,1.0195316606929452,0.6552305854241334,0.36430107526881483
americas,30,matched_early_mixture,1.0,timely_leagueews,20261001,dragon,0.15717883565831448,0.9982580645161294,0.6502365591397834,0.34802150537634446
americas,30,matched_early_mixture,1.0,timely_leagueews,20261002,dragon,0.1588944131301518,1.0032483775811243,0.6556448377581118,0.34760353982300907
americas,30,matched_early_mixture,1.0,timely_leagueews,20260930,teamfight,0.04137556361882226,1.0159080459770145,0.8224291187739483,0.19347892720306462
americas,30,matched_early_mixture,1.0,timely_leagueews,20261001,teamfight,0.038580878706315255,0.9601288619779532,0.7818941158205254,0.1782347461574298
americas,30,matched_early_mixture,1.0,timely_leagueews,20261002,teamfight,0.04183904026359552,1.0081280839894984,0.8337228346456663,0.17440524934383203
americas,30,matched_early_mixture,1.0,timely_leagueews,20260930,macro,0.13718237258081042,1.0328402922796303,0.7995234311342867,0.23331686114534425
americas,30,matched_early_mixture,1.0,timely_leagueews,20261001,macro,0.13397914494127866,0.9930446843102891,0.7707037115768088,0.22234097273348033
americas,30,matched_early_mixture,1.0,timely_leagueews,20261002,macro,0.13488150620347913,1.0140377678919628,0.7928719309015109,0.22116583699045086
americas,30,matched_early_mixture,1.0,timely_tcn,20260930,baron,0.20529175998413512,1.0341186943620204,0.8952779426310603,0.1388407517309593
americas,30,matched_early_mixture,1.0,timely_tcn,20261001,baron,0.20750695908484348,1.0500784313725473,0.9144777183600705,0.1356007130124777
americas,30,matched_early_mixture,1.0,timely_tcn,20261002,baron,0.2077822545327144,1.0604345238095212,0.9204702380952369,0.13996428571428596
americas,30,matched_early_mixture,1.0,timely_tcn,20260930,dragon,0.15543458793201126,1.018250156347718,0.6673658536585355,0.3508843026891789
americas,30,matched_early_mixture,1.0,timely_tcn,20261001,dragon,0.15731367822207376,1.0294610557401294,0.6546851236618654,0.37477593207826065
americas,30,matched_early_mixture,1.0,timely_tcn,20261002,dragon,0.15489834462970917,1.0251341393206685,0.6730466321243521,0.35208750719631665
americas,30,matched_early_mixture,1.0,timely_tcn,20260930,teamfight,0.03886875746914454,0.9671717171717158,0.7855291375291368,0.1816425796425797
americas,30,matched_early_mixture,1.0,timely_tcn,20261001,teamfight,0.03911772572581159,0.9942136452241725,0.8120421052631583,0.18217153996101337
americas,30,matched_early_mixture,1.0,timely_tcn,20261002,teamfight,0.04048831489855748,0.9903165115139636,0.8037782132941448,0.18653829821982731
americas,30,matched_early_mixture,1.0,timely_tcn,20260930,macro,0.13319836846176364,1.0065135226271515,0.7827243112729109,0.22378921135423932
americas,30,matched_early_mixture,1.0,timely_tcn,20261001,macro,0.13464612101090961,1.0245843774456165,0.7937349824283647,0.23084939501725055
americas,30,matched_early_mixture,1.0,timely_tcn,20261002,macro,0.13438963802032702,1.0252950582147178,0.7990983611712447,0.22619669704347664
americas,30,matched_early_mixture,mean,leagueews,20260930,baron,0.1579293716695626,0.6427878000577322,0.5304400639268906,0.11234773613084215
americas,30,matched_early_mixture,mean,leagueews,20261001,baron,0.1597993436712366,0.6338307426781571,0.5202824047340859,0.11354833794407213
americas,30,matched_early_mixture,mean,leagueews,20261002,baron,0.15422730880697205,0.6579236677801004,0.5420415593206087,0.11588210845949198
americas,30,matched_early_mixture,mean,leagueews,20260930,dragon,0.09676385873191912,0.6523067389254746,0.3519111274595697,0.30039561146590477
americas,30,matched_early_mixture,mean,leagueews,20261001,dragon,0.09661275561522445,0.6430789352854176,0.3536761571001329,0.2894027781852846
americas,30,matched_early_mixture,mean,leagueews,20261002,dragon,0.09970875306377819,0.655022505375628,0.35225509582288245,0.30276740955274656
americas,30,matched_early_mixture,mean,leagueews,20260930,teamfight,0.024904366068017755,0.6711405680990525,0.4850478271425098,0.1860927409565429
americas,30,matched_early_mixture,mean,leagueews,20261001,teamfight,0.023128094882620638,0.6415286069651754,0.46978296019900556,0.17174564676616905
americas,30,matched_early_mixture,mean,leagueews,20261002,teamfight,0.025186080923293948,0.6246540623852088,0.4555610650732224,0.16909299731198857
americas,30,matched_early_mixture,mean,leagueews,20260930,macro,0.0931991988231665,0.6554117023607531,0.45579967284299006,0.19961202951776327
americas,30,matched_early_mixture,mean,leagueews,20261001,macro,0.09318006472302721,0.6394794283095834,0.4479138406777414,0.19156558763184192
americas,30,matched_early_mixture,mean,leagueews,20261002,macro,0.0930407142646814,0.6458667451803124,0.4499525734055712,0.19591417177474235
americas,30,matched_early_mixture,mean,tcn,20260930,baron,0.15598481497704486,0.672776336335626,0.5554032858545186,0.11737305048110686
americas,30,matched_early_mixture,mean,tcn,20261001,baron,0.15454553694006926,0.6474555464715165,0.532569534666272,0.1148860118052447
americas,30,matched_early_mixture,mean,tcn,20261002,baron,0.15301125060337387,0.6674463831988753,0.5493295390032931,0.11811684419558283
americas,30,matched_early_mixture,mean,tcn,20260930,dragon,0.0985521157620875,0.6467153202221354,0.35195653287110024,0.29475878735103445
americas,30,matched_early_mixture,mean,tcn,20261001,dragon,0.09999361606044177,0.6520808283594945,0.3561008106632552,0.29598001769623966
americas,30,matched_early_mixture,mean,tcn,20261002,dragon,0.10039542817480646,0.6556517065786351,0.35613427716084056,0.2995174294177958
americas,30,matched_early_mixture,mean,tcn,20260930,teamfight,0.02461330517442134,0.6451610592061765,0.4687756214850308,0.176385437721146
americas,30,matched_early_mixture,mean,tcn,20261001,teamfight,0.023529367512541276,0.6368453300698296,0.4649369025404039,0.17190842752942462
americas,30,matched_early_mixture,mean,tcn,20261002,teamfight,0.024140965224963257,0.6335646527190031,0.4588192347097869,0.17474541800921586
americas,30,matched_early_mixture,mean,tcn,20260930,macro,0.09305007863785124,0.6548842385879793,0.45871181340354994,0.1961724251844291
americas,30,matched_early_mixture,mean,tcn,20261001,macro,0.09268950683768408,0.6454605683002802,0.4512024159566437,0.19425815234363633
americas,30,matched_early_mixture,mean,tcn,20261002,macro,0.0925158813343812,0.6522209141655045,0.4547610169579735,0.19745989720753152
americas,30,matched_early_mixture,mean,timely_leagueews,20260930,baron,0.1596507299267159,0.6563603826323229,0.542285079733627,0.11407530289869583
americas,30,matched_early_mixture,mean,timely_leagueews,20261001,baron,0.15591295826838017,0.6481822961069803,0.5334541491355844,0.11472814697139608
americas,30,matched_early_mixture,mean,timely_leagueews,20261002,baron,0.1523194624731565,0.6443493090926242,0.5295844315088802,0.11476487758374421
americas,30,matched_early_mixture,mean,timely_leagueews,20260930,dragon,0.1091929689083666,0.6454079436415967,0.41394275501525113,0.23146518862634832
americas,30,matched_early_mixture,mean,timely_leagueews,20261001,dragon,0.10766000483157108,0.6281819317813657,0.4213294919856217,0.20685243979574505
americas,30,matched_early_mixture,mean,timely_leagueews,20261002,dragon,0.11082061118159205,0.6397573767928576,0.42181295513426775,0.21794442165859057
americas,30,matched_early_mixture,mean,timely_leagueews,20260930,teamfight,0.027786280069545102,0.6412030985954569,0.5107701069409813,0.13043299165447617
americas,30,matched_early_mixture,mean,timely_leagueews,20261001,teamfight,0.025519218249286338,0.6022643758072925,0.4854530010958932,0.11681137471140042
americas,30,matched_early_mixture,mean,timely_leagueews,20261002,teamfight,0.02771963432502078,0.6228044619422561,0.5102845331833502,0.11251992875890501
americas,30,matched_early_mixture,mean,timely_leagueews,20260930,macro,0.09887665963487587,0.6476571416231255,0.4889993138966198,0.1586578277265068
americas,30,matched_early_mixture,mean,timely_leagueews,20261001,macro,0.09636406044974587,0.6262095345652129,0.48007888073903304,0.1461306538261805
americas,30,matched_early_mixture,mean,timely_leagueews,20261002,macro,0.09695323599325645,0.6356370492759126,0.4872273066088327,0.14840974266707993
americas,30,matched_early_mixture,mean,timely_tcn,20260930,baron,0.1536093464052038,0.661877628070483,0.5487505453907914,0.1131270826796906
americas,30,matched_early_mixture,mean,timely_tcn,20261001,baron,0.15235205590814105,0.6486098296313919,0.5379744395867623,0.1106353900446291
americas,30,matched_early_mixture,mean,timely_tcn,20261002,baron,0.1552061649298139,0.6620146736937211,0.5475930876495767,0.11442158604414482
americas,30,matched_early_mixture,mean,timely_tcn,20260930,dragon,0.10750978694378874,0.6381321477246205,0.41708904529592117,0.22104310242869776
americas,30,matched_early_mixture,mean,timely_tcn,20261001,dragon,0.10683867640535982,0.6519283109822865,0.40404402780573634,0.24788428317654893
americas,30,matched_early_mixture,mean,timely_tcn,20261002,dragon,0.10563112907678543,0.6460528581166471,0.42890951341436645,0.21714334470228172
americas,30,matched_early_mixture,mean,timely_tcn,20260930,teamfight,0.02612622127720101,0.6076213551598669,0.4870287369027314,0.12059261825713707
americas,30,matched_early_mixture,mean,timely_tcn,20261001,teamfight,0.025927964812398237,0.6304790127198795,0.5055504748204434,0.12492853789943524
americas,30,matched_early_mixture,mean,timely_tcn,20261002,teamfight,0.02699201119334016,0.63277258312392,0.5050326187710826,0.12773996435283919
americas,30,matched_early_mixture,mean,timely_tcn,20260930,macro,0.0957484515420645,0.6358770436516568,0.4842894425298147,0.1515876011218418
americas,30,matched_early_mixture,mean,timely_tcn,20261001,macro,0.09503956570863303,0.6436723844445194,0.48252298073764727,0.1611494037068711
americas,30,matched_early_mixture,mean,timely_tcn,20261002,macro,0.09594310173331316,0.6469467049780961,0.49384507327834193,0.15310163169975524
americas,30,dense_deterministic,0.25,leagueews,20260930,baron,0.09258123850398528,0.23933333333333334,0.16066666666666668,0.07866666666666666
americas,30,dense_deterministic,0.25,leagueews,20261001,baron,0.09625996321275292,0.24133333333333334,0.16066666666666668,0.08066666666666666
americas,30,dense_deterministic,0.25,leagueews,20261002,baron,0.08706315144083385,0.25266666666666665,0.174,0.07866666666666666
americas,30,dense_deterministic,0.25,leagueews,20260930,dragon,0.03355938097722135,0.244,0.094,0.15
americas,30,dense_deterministic,0.25,leagueews,20261001,dragon,0.03842809946096331,0.24866666666666667,0.086,0.16266666666666665
americas,30,dense_deterministic,0.25,leagueews,20261002,dragon,0.037732568249000176,0.23733333333333334,0.08866666666666667,0.14866666666666667
americas,30,dense_deterministic,0.25,leagueews,20260930,teamfight,0.011612508913109911,0.256,0.15666666666666668,0.09933333333333333
americas,30,dense_deterministic,0.25,leagueews,20261001,teamfight,0.009677090760924927,0.228,0.14066666666666666,0.08733333333333333
americas,30,dense_deterministic,0.25,leagueews,20261002,teamfight,0.010492003667108079,0.22266666666666668,0.136,0.08666666666666667
americas,30,dense_deterministic,0.25,leagueews,20260930,macro,0.04591770946477219,0.24644444444444447,0.13711111111111113,0.10933333333333332
americas,30,dense_deterministic,0.25,leagueews,20261001,macro,0.04812171781154705,0.23933333333333331,0.1291111111111111,0.11022222222222222
americas,30,dense_deterministic,0.25,leagueews,20261002,macro,0.04509590778564737,0.23755555555555555,0.1328888888888889,0.10466666666666667
americas,30,dense_deterministic,0.25,tcn,20260930,baron,0.09074187614960147,0.256,0.17466666666666666,0.08133333333333333
americas,30,dense_deterministic,0.25,tcn,20261001,baron,0.09258123850398528,0.262,0.18533333333333332,0.07666666666666666
americas,30,dense_deterministic,0.25,tcn,20261002,baron,0.09258123850398528,0.252,0.17466666666666666,0.07733333333333334
americas,30,dense_deterministic,0.25,tcn,20260930,dragon,0.03912363067292645,0.24666666666666667,0.098,0.14866666666666667
americas,30,dense_deterministic,0.25,tcn,20261001,dragon,0.03808033385498174,0.246,0.096,0.15
americas,30,dense_deterministic,0.25,tcn,20261002,dragon,0.040166927490871154,0.234,0.09066666666666667,0.14333333333333334
americas,30,dense_deterministic,0.25,tcn,20260930,teamfight,0.009880818987470714,0.22733333333333333,0.144,0.08333333333333333
americas,30,dense_deterministic,0.25,tcn,20261001,teamfight,0.009575226647652032,0.22,0.13933333333333334,0.08066666666666666
americas,30,dense_deterministic,0.25,tcn,20261002,teamfight,0.011306916573291229,0.24133333333333334,0.146,0.09533333333333334
americas,30,dense_deterministic,0.25,tcn,20260930,macro,0.046582108603332874,0.24333333333333332,0.13888888888888887,0.10444444444444444
americas,30,dense_deterministic,0.25,tcn,20261001,macro,0.04674559966887302,0.24266666666666667,0.14022222222222222,0.10244444444444445
americas,30,dense_deterministic,0.25,tcn,20261002,macro,0.04801836085604922,0.24244444444444446,0.1371111111111111,0.10533333333333333
americas,30,dense_deterministic,0.25,timely_leagueews,20260930,baron,0.09748620478234211,0.25266666666666665,0.17266666666666666,0.08
americas,30,dense_deterministic,0.25,timely_leagueews,20261001,baron,0.0944206008583691,0.25533333333333336,0.17333333333333334,0.082
americas,30,dense_deterministic,0.25,timely_leagueews,20261002,baron,0.08828939301042306,0.24466666666666667,0.16466666666666666,0.08
americas,30,dense_deterministic,0.25,timely_leagueews,20260930,dragon,0.05964180142583898,0.2733333333333333,0.18666666666666668,0.08666666666666667
americas,30,dense_deterministic,0.25,timely_leagueews,20261001,dragon,0.055120848548078596,0.252,0.192,0.06
americas,30,dense_deterministic,0.25,timely_leagueews,20261002,dragon,0.055120848548078596,0.25466666666666665,0.18066666666666667,0.074
americas,30,dense_deterministic,0.25,timely_leagueews,20260930,teamfight,0.013751655291840685,0.24666666666666667,0.18866666666666668,0.058
americas,30,dense_deterministic,0.25,timely_leagueews,20261001,teamfight,0.012019965366201488,0.24666666666666667,0.19333333333333333,0.05333333333333334
americas,30,dense_deterministic,0.25,timely_leagueews,20261002,teamfight,0.012325557706020169,0.22866666666666666,0.18533333333333332,0.043333333333333335
americas,30,dense_deterministic,0.25,timely_leagueews,20260930,macro,0.05695988716667393,0.2575555555555556,0.18266666666666667,0.0748888888888889
americas,30,dense_deterministic,0.25,timely_leagueews,20261001,macro,0.053853804924216396,0.25133333333333335,0.1862222222222222,0.06511111111111112
americas,30,dense_deterministic,0.25,timely_leagueews,20261002,macro,0.05191193308817394,0.24266666666666667,0.17688888888888887,0.06577777777777778
americas,30,dense_deterministic,0.25,timely_tcn,20260930,baron,0.09012875536480687,0.26666666666666666,0.18333333333333332,0.08333333333333333
americas,30,dense_deterministic,0.25,timely_tcn,20261001,baron,0.09196811771919068,0.25133333333333335,0.17133333333333334,0.08
americas,30,dense_deterministic,0.25,timely_tcn,20261002,baron,0.08890251379521766,0.25533333333333336,0.17533333333333334,0.08
americas,30,dense_deterministic,0.25,timely_tcn,20260930,dragon,0.05233872370022605,0.22266666666666668,0.164,0.058666666666666666
americas,30,dense_deterministic,0.25,timely_tcn,20261001,dragon,0.05216484089723526,0.25466666666666665,0.16333333333333333,0.09133333333333334
americas,30,dense_deterministic,0.25,timely_tcn,20261002,dragon,0.05216484089723526,0.244,0.182,0.062
americas,30,dense_deterministic,0.25,timely_tcn,20260930,teamfight,0.011103188346745441,0.22266666666666668,0.17466666666666666,0.048
americas,30,dense_deterministic,0.25,timely_tcn,20261001,teamfight,0.00977895487419782,0.23933333333333334,0.18533333333333332,0.054
americas,30,dense_deterministic,0.25,timely_tcn,20261002,teamfight,0.010593867780380972,0.22466666666666665,0.168,0.056666666666666664
americas,30,dense_deterministic,0.25,timely_tcn,20260930,macro,0.051190222470592794,0.2373333333333333,0.17400000000000002,0.06333333333333334
americas,30,dense_deterministic,0.25,timely_tcn,20261001,macro,0.05130397116354126,0.24844444444444447,0.17333333333333334,0.07511111111111111
americas,30,dense_deterministic,0.25,timely_tcn,20261002,macro,0.05055374082427796,0.24133333333333332,0.1751111111111111,0.06622222222222222
americas,30,dense_deterministic,0.5,leagueews,20260930,baron,0.15144083384426732,0.5213333333333333,0.4106666666666667,0.11066666666666666
americas,30,dense_deterministic,0.5,leagueews,20261001,baron,0.15021459227467812,0.5053333333333333,0.39666666666666667,0.10866666666666666
americas,30,dense_deterministic,0.5,leagueews,20261002,baron,0.14469650521152666,0.5466666666666666,0.432,0.11466666666666667
americas,30,dense_deterministic,0.5,leagueews,20260930,dragon,0.07424795687706486,0.488,0.22666666666666666,0.2613333333333333
americas,30,dense_deterministic,0.5,leagueews,20261001,dragon,0.07546513649800035,0.48333333333333334,0.22666666666666666,0.25666666666666665
americas,30,dense_deterministic,0.5,leagueews,20261002,dragon,0.07720396452790819,0.486,0.22133333333333333,0.26466666666666666
americas,30,dense_deterministic,0.5,leagueews,20260930,teamfight,0.021493327900580627,0.452,0.3006666666666667,0.15133333333333332
americas,30,dense_deterministic,0.5,leagueews,20261001,teamfight,0.02006723031476011,0.46266666666666667,0.30866666666666664,0.154
americas,30,dense_deterministic,0.5,leagueews,20261002,teamfight,0.02108587144748905,0.45466666666666666,0.30533333333333335,0.14933333333333335
americas,30,dense_deterministic,0.5,leagueews,20260930,macro,0.0823940395406376,0.48711111111111105,0.31266666666666665,0.17444444444444443
americas,30,dense_deterministic,0.5,leagueews,20261001,macro,0.08191565302914619,0.4837777777777778,0.31066666666666665,0.1731111111111111
americas,30,dense_deterministic,0.5,leagueews,20261002,macro,0.08099544706230796,0.4957777777777778,0.31955555555555554,0.1762222222222222
americas,30,dense_deterministic,0.5,tcn,20260930,baron,0.1459227467811159,0.5366666666666666,0.4266666666666667,0.11
americas,30,dense_deterministic,0.5,tcn,20261001,baron,0.13611281422440222,0.5,0.38866666666666666,0.11133333333333334
americas,30,dense_deterministic,0.5,tcn,20261002,baron,0.13856529736358061,0.5306666666666666,0.4146666666666667,0.116
americas,30,dense_deterministic,0.5,tcn,20260930,dragon,0.07581290210398192,0.4766666666666667,0.218,0.25866666666666666
americas,30,dense_deterministic,0.5,tcn,20261001,dragon,0.08033385498174231,0.5113333333333333,0.24066666666666667,0.27066666666666667
americas,30,dense_deterministic,0.5,tcn,20261002,dragon,0.08068162058772388,0.508,0.24333333333333335,0.26466666666666666
americas,30,dense_deterministic,0.5,tcn,20260930,teamfight,0.01904858918203117,0.46,0.314,0.146
americas,30,dense_deterministic,0.5,tcn,20261001,teamfight,0.019150453295304064,0.45066666666666666,0.29933333333333334,0.15133333333333332
americas,30,dense_deterministic,0.5,tcn,20261002,teamfight,0.020678414994397473,0.46266666666666667,0.314,0.14866666666666667
americas,30,dense_deterministic,0.5,tcn,20260930,macro,0.080261412689043,0.49111111111111105,0.3195555555555556,0.17155555555555554
americas,30,dense_deterministic,0.5,tcn,20261001,macro,0.07853237416714953,0.4873333333333334,0.30955555555555553,0.17777777777777778
americas,30,dense_deterministic,0.5,tcn,20261002,macro,0.07997511098190065,0.5004444444444444,0.324,0.17644444444444443
americas,30,dense_deterministic,0.5,timely_leagueews,20260930,baron,0.15021459227467812,0.5013333333333333,0.396,0.10533333333333333
americas,30,dense_deterministic,0.5,timely_leagueews,20261001,baron,0.1489883507050889,0.532,0.424,0.108
americas,30,dense_deterministic,0.5,timely_leagueews,20261002,baron,0.14163090128755365,0.5033333333333333,0.3933333333333333,0.11
americas,30,dense_deterministic,0.5,timely_leagueews,20260930,dragon,0.09267953399408799,0.492,0.314,0.178
americas,30,dense_deterministic,0.5,timely_leagueews,20261001,dragon,0.09076682316118936,0.476,0.326,0.15
americas,30,dense_deterministic,0.5,timely_leagueews,20261002,dragon,0.09372283081203268,0.49466666666666664,0.3293333333333333,0.16533333333333333
americas,30,dense_deterministic,0.5,timely_leagueews,20260930,teamfight,0.02342874605276561,0.484,0.376,0.108
americas,30,dense_deterministic,0.5,timely_leagueews,20261001,teamfight,0.022715697259855352,0.49733333333333335,0.3933333333333333,0.104
americas,30,dense_deterministic,0.5,timely_leagueews,20261002,teamfight,0.022613833146582458,0.4766666666666667,0.38866666666666666,0.088
americas,30,dense_deterministic,0.5,timely_leagueews,20260930,macro,0.08877429077384391,0.4924444444444444,0.36199999999999993,0.13044444444444445
americas,30,dense_deterministic,0.5,timely_leagueews,20261001,macro,0.08749029037537787,0.5017777777777778,0.3811111111111111,0.12066666666666666
americas,30,dense_deterministic,0.5,timely_leagueews,20261002,macro,0.08598918841538959,0.4915555555555556,0.3704444444444444,0.1211111111111111
americas,30,dense_deterministic,0.5,timely_tcn,20260930,baron,0.13733905579399142,0.5353333333333333,0.42866666666666664,0.10666666666666667
americas,30,dense_deterministic,0.5,timely_tcn,20261001,baron,0.13243408951563457,0.51,0.404,0.106
americas,30,dense_deterministic,0.5,timely_tcn,20261002,baron,0.14224402207234826,0.53,0.42,0.11
americas,30,dense_deterministic,0.5,timely_tcn,20260930,dragon,0.09024517475221701,0.4713333333333333,0.30333333333333334,0.168
americas,30,dense_deterministic,0.5,timely_tcn,20261001,dragon,0.08763693270735524,0.49,0.298,0.192
americas,30,dense_deterministic,0.5,timely_tcn,20261002,dragon,0.08676751869240132,0.48,0.32466666666666666,0.15533333333333332
americas,30,dense_deterministic,0.5,timely_tcn,20260930,teamfight,0.022613833146582458,0.4686666666666667,0.37,0.09866666666666667
americas,30,dense_deterministic,0.5,timely_tcn,20261001,teamfight,0.021900784353672202,0.484,0.378,0.106
americas,30,dense_deterministic,0.5,timely_tcn,20261002,teamfight,0.020474686767851687,0.4746666666666667,0.37,0.10466666666666667
americas,30,dense_deterministic,0.5,timely_tcn,20260930,macro,0.08339935456426362,0.4917777777777778,0.3673333333333333,0.12444444444444445
americas,30,dense_deterministic,0.5,timely_tcn,20261001,macro,0.08065726885888734,0.49466666666666664,0.36000000000000004,0.13466666666666666
americas,30,dense_deterministic,0.5,timely_tcn,20261002,macro,0.08316207584420042,0.4948888888888889,0.3715555555555555,0.12333333333333334
americas,30,dense_deterministic,0.75,leagueews,20260930,baron,0.18148375229920294,0.768,0.6446666666666667,0.12333333333333334
americas,30,dense_deterministic,0.75,leagueews,20261001,baron,0.18454935622317598,0.7566666666666667,0.6313333333333333,0.12533333333333332
americas,30,dense_deterministic,0.75,leagueews,20261002,baron,0.17657878602084612,0.796,0.6673333333333333,0.12866666666666668
americas,30,dense_deterministic,0.75,leagueews,20260930,dragon,0.1111111111111111,0.7373333333333333,0.39266666666666666,0.3446666666666667
americas,30,dense_deterministic,0.75,leagueews,20261001,dragon,0.11319770474700053,0.726,0.388,0.338
americas,30,dense_deterministic,0.75,leagueews,20261002,dragon,0.11615371239784385,0.7533333333333333,0.404,0.34933333333333333
americas,30,dense_deterministic,0.75,leagueews,20260930,teamfight,0.02964245696241214,0.7246666666666667,0.5066666666666667,0.218
americas,30,dense_deterministic,0.75,leagueews,20261001,teamfight,0.026382805337679536,0.674,0.4693333333333333,0.20466666666666666
americas,30,dense_deterministic,0.75,leagueews,20261002,teamfight,0.029438728735866355,0.6966666666666667,0.5006666666666667,0.196
americas,30,dense_deterministic,0.75,leagueews,20260930,macro,0.10741244012424206,0.7433333333333333,0.5146666666666667,0.22866666666666668
americas,30,dense_deterministic,0.75,leagueews,20261001,macro,0.10804328876928536,0.7188888888888889,0.4962222222222223,0.22266666666666668
americas,30,dense_deterministic,0.75,leagueews,20261002,macro,0.10739040905151877,0.7486666666666667,0.524,0.22466666666666665
americas,30,dense_deterministic,0.75,tcn,20260930,baron,0.1771919068056407,0.8126666666666666,0.6826666666666666,0.13
americas,30,dense_deterministic,0.75,tcn,20261001,baron,0.18270999386879216,0.7593333333333333,0.6313333333333333,0.128
americas,30,dense_deterministic,0.75,tcn,20261002,baron,0.1741263028816677,0.798,0.6646666666666666,0.13333333333333333
americas,30,dense_deterministic,0.75,tcn,20260930,dragon,0.11841418883672405,0.76,0.4086666666666667,0.35133333333333333
americas,30,dense_deterministic,0.75,tcn,20261001,dragon,0.11650147800382542,0.7533333333333333,0.40066666666666667,0.3526666666666667
americas,30,dense_deterministic,0.75,tcn,20261002,dragon,0.11511041557989915,0.754,0.4013333333333333,0.3526666666666667
americas,30,dense_deterministic,0.75,tcn,20260930,teamfight,0.02658653356422532,0.6686666666666666,0.47933333333333333,0.18933333333333333
americas,30,dense_deterministic,0.75,tcn,20261001,teamfight,0.028216359376591626,0.7,0.49333333333333335,0.20666666666666667
americas,30,dense_deterministic,0.75,tcn,20261002,teamfight,0.02597534888458796,0.6706666666666666,0.474,0.19666666666666666
americas,30,dense_deterministic,0.75,tcn,20260930,macro,0.10739754306886334,0.7471111111111112,0.5235555555555556,0.22355555555555554
americas,30,dense_deterministic,0.75,tcn,20261001,macro,0.10914261041640307,0.7375555555555554,0.5084444444444445,0.22911111111111113
americas,30,dense_deterministic,0.75,tcn,20261002,macro,0.10507068911538493,0.7408888888888888,0.5133333333333333,0.22755555555555554
americas,30,dense_deterministic,0.75,timely_leagueews,20260930,baron,0.18454935622317598,0.7826666666666666,0.6526666666666666,0.13
americas,30,dense_deterministic,0.75,timely_leagueews,20261001,baron,0.17841814837522993,0.7806666666666666,0.654,0.12666666666666668
americas,30,dense_deterministic,0.75,timely_leagueews,20261002,baron,0.1771919068056407,0.762,0.636,0.126
americas,30,dense_deterministic,0.75,timely_leagueews,20260930,dragon,0.12206572769953052,0.718,0.45266666666666666,0.2653333333333333
americas,30,dense_deterministic,0.75,timely_leagueews,20261001,dragon,0.12641279777430012,0.7373333333333333,0.4846666666666667,0.25266666666666665
americas,30,dense_deterministic,0.75,timely_leagueews,20261002,dragon,0.12571726656233698,0.7226666666666667,0.464,0.25866666666666666
americas,30,dense_deterministic,0.75,timely_leagueews,20260930,teamfight,0.03157787511459713,0.7406666666666667,0.59,0.15066666666666667
americas,30,dense_deterministic,0.75,timely_leagueews,20261001,teamfight,0.030762962208413975,0.7053333333333334,0.5666666666666667,0.13866666666666666
americas,30,dense_deterministic,0.75,timely_leagueews,20261002,teamfight,0.03137414688805134,0.7013333333333334,0.572,0.12933333333333333
americas,30,dense_deterministic,0.75,timely_leagueews,20260930,macro,0.11273098634576788,0.7471111111111112,0.565111111111111,0.18200000000000002
americas,30,dense_deterministic,0.75,timely_leagueews,20261001,macro,0.11186463611931467,0.741111111111111,0.5684444444444444,0.17266666666666666
americas,30,dense_deterministic,0.75,timely_leagueews,20261002,macro,0.11142777341867634,0.7286666666666667,0.5573333333333333,0.17133333333333334
americas,30,dense_deterministic,0.75,timely_tcn,20260930,baron,0.18332311465358675,0.802,0.676,0.126
americas,30,dense_deterministic,0.75,timely_tcn,20261001,baron,0.17106069895769466,0.758,0.636,0.122
americas,30,dense_deterministic,0.75,timely_tcn,20261002,baron,0.18209687308399755,0.78,0.65,0.13
americas,30,dense_deterministic,0.75,timely_tcn,20260930,dragon,0.12293514171448444,0.738,0.4693333333333333,0.26866666666666666
americas,30,dense_deterministic,0.75,timely_tcn,20261001,dragon,0.11910972004868718,0.7193333333333334,0.42533333333333334,0.294
americas,30,dense_deterministic,0.75,timely_tcn,20261002,dragon,0.11910972004868718,0.7006666666666667,0.4553333333333333,0.24533333333333332
americas,30,dense_deterministic,0.75,timely_tcn,20260930,teamfight,0.02954059284913925,0.698,0.558,0.14
americas,30,dense_deterministic,0.75,timely_tcn,20261001,teamfight,0.03055923398186819,0.73,0.5846666666666667,0.14533333333333334
americas,30,dense_deterministic,0.75,timely_tcn,20261002,teamfight,0.03117041866150555,0.714,0.57,0.144
americas,30,dense_deterministic,0.75,timely_tcn,20260930,macro,0.11193294973907014,0.746,0.5677777777777778,0.1782222222222222
americas,30,dense_deterministic,0.75,timely_tcn,20261001,macro,0.10690988432941669,0.7357777777777779,0.5486666666666666,0.18711111111111112
americas,30,dense_deterministic,0.75,timely_tcn,20261002,macro,0.11079233726473009,0.7315555555555555,0.5584444444444444,0.1731111111111111
americas,30,dense_deterministic,1.0,leagueews,20260930,baron,0.21030042918454936,1.0313333333333334,0.892,0.13933333333333334
americas,30,dense_deterministic,1.0,leagueews,20261001,baron,0.20907418761496016,1.0113333333333334,0.8746666666666667,0.13666666666666666
americas,30,dense_deterministic,1.0,leagueews,20261002,baron,0.20662170447578174,1.038,0.8986666666666666,0.13933333333333334
americas,30,dense_deterministic,1.0,leagueews,20260930,dragon,0.1443227264823509,0.99,0.5686666666666667,0.42133333333333334
americas,30,dense_deterministic,1.0,leagueews,20261001,dragon,0.15006085898104676,0.9666666666666667,0.5553333333333333,0.41133333333333333
americas,30,dense_deterministic,1.0,leagueews,20261002,dragon,0.14901756216310208,0.988,0.576,0.412
americas,30,dense_deterministic,1.0,leagueews,20260930,teamfight,0.03595803198533157,0.9386666666666666,0.6806666666666666,0.258
americas,30,dense_deterministic,1.0,leagueews,20261001,teamfight,0.03432820617296527,0.9093333333333333,0.6646666666666666,0.24466666666666667
americas,30,dense_deterministic,1.0,leagueews,20261002,teamfight,0.03565243964551289,0.9293333333333333,0.6906666666666667,0.23866666666666667
americas,30,dense_deterministic,1.0,leagueews,20260930,macro,0.1301937292174106,0.9866666666666668,0.7137777777777777,0.2728888888888889
americas,30,dense_deterministic,1.0,leagueews,20261001,macro,0.1311544175896574,0.9624444444444444,0.6982222222222223,0.26422222222222225
americas,30,dense_deterministic,1.0,leagueews,20261002,macro,0.13043056876146555,0.9851111111111109,0.7217777777777777,0.26333333333333336
americas,30,dense_deterministic,1.0,tcn,20260930,baron,0.20846106683016555,1.0713333333333332,0.9253333333333333,0.146
americas,30,dense_deterministic,1.0,tcn,20261001,baron,0.20846106683016555,1.0366666666666666,0.8933333333333333,0.14333333333333334
americas,30,dense_deterministic,1.0,tcn,20261002,baron,0.20294297976701411,1.0706666666666667,0.928,0.14266666666666666
americas,30,dense_deterministic,1.0,tcn,20260930,dragon,0.1465832029212311,0.984,0.5773333333333334,0.4066666666666667
americas,30,dense_deterministic,1.0,tcn,20261001,dragon,0.1484959137541297,0.9873333333333333,0.578,0.4093333333333333
americas,30,dense_deterministic,1.0,tcn,20261002,dragon,0.1507563901930099,0.9966666666666667,0.5866666666666667,0.41
americas,30,dense_deterministic,1.0,tcn,20260930,teamfight,0.03493939085260263,0.9406666666666667,0.692,0.24866666666666667
americas,30,dense_deterministic,1.0,tcn,20261001,teamfight,0.03514311907914842,0.9653333333333334,0.7093333333333334,0.256
americas,30,dense_deterministic,1.0,tcn,20261002,teamfight,0.03555057553223999,0.9433333333333334,0.694,0.24933333333333332
americas,30,dense_deterministic,1.0,tcn,20260930,macro,0.1299945535346664,0.9986666666666667,0.7315555555555555,0.26711111111111113
americas,30,dense_deterministic,1.0,tcn,20261001,macro,0.1307000332211479,0.9964444444444446,0.7268888888888889,0.26955555555555555
americas,30,dense_deterministic,1.0,tcn,20261002,macro,0.12974998183075467,1.0035555555555555,0.7362222222222222,0.2673333333333333
americas,30,dense_deterministic,1.0,timely_leagueews,20260930,baron,0.21213979153893317,1.0573333333333332,0.9153333333333333,0.142
americas,30,dense_deterministic,1.0,timely_leagueews,20261001,baron,0.20846106683016555,1.014,0.8726666666666667,0.14133333333333334
americas,30,dense_deterministic,1.0,timely_leagueews,20261002,baron,0.20110361741263028,1.0226666666666666,0.8806666666666667,0.142
americas,30,dense_deterministic,1.0,timely_leagueews,20260930,dragon,0.149886976178056,0.9533333333333334,0.6086666666666667,0.3446666666666667
americas,30,dense_deterministic,1.0,timely_leagueews,20261001,dragon,0.15614675708572423,0.992,0.6413333333333333,0.3506666666666667
americas,30,dense_deterministic,1.0,timely_leagueews,20261002,dragon,0.1554512258737611,0.974,0.6273333333333333,0.3466666666666667
americas,30,dense_deterministic,1.0,timely_leagueews,20260930,teamfight,0.041254965875522055,1.012,0.8186666666666667,0.19333333333333333
americas,30,dense_deterministic,1.0,timely_leagueews,20261001,teamfight,0.03758785779769787,0.9346666666666666,0.756,0.17866666666666667
americas,30,dense_deterministic,1.0,timely_leagueews,20261002,teamfight,0.041356829988794946,0.982,0.8133333333333334,0.16866666666666666
americas,30,dense_deterministic,1.0,timely_leagueews,20260930,macro,0.13442724453083707,1.0075555555555555,0.7808888888888889,0.22666666666666668
americas,30,dense_deterministic,1.0,timely_leagueews,20261001,macro,0.13406522723786254,0.9802222222222223,0.7566666666666667,0.22355555555555554
americas,30,dense_deterministic,1.0,timely_leagueews,20261002,macro,0.1326372244250621,0.9928888888888888,0.7737777777777778,0.21911111111111112
americas,30,dense_deterministic,1.0,timely_tcn,20260930,baron,0.2053954629061925,1.028,0.8893333333333333,0.13866666666666666
americas,30,dense_deterministic,1.0,timely_tcn,20261001,baron,0.20662170447578174,1.0406666666666666,0.9053333333333333,0.13533333333333333
americas,30,dense_deterministic,1.0,timely_tcn,20261002,baron,0.20662170447578174,1.0486666666666666,0.9086666666666666,0.14
americas,30,dense_deterministic,1.0,timely_tcn,20260930,dragon,0.15353851504086247,0.9826666666666667,0.6333333333333333,0.34933333333333333
americas,30,dense_deterministic,1.0,timely_tcn,20261001,dragon,0.15058250739001913,0.96,0.5853333333333334,0.37466666666666665
americas,30,dense_deterministic,1.0,timely_tcn,20261002,dragon,0.15214745261693619,0.984,0.6393333333333333,0.3446666666666667
americas,30,dense_deterministic,1.0,timely_tcn,20260930,teamfight,0.037384129571152086,0.948,0.7673333333333333,0.18066666666666667
americas,30,dense_deterministic,1.0,timely_tcn,20261001,teamfight,0.038402770703881026,0.9786666666666667,0.796,0.18266666666666667
americas,30,dense_deterministic,1.0,timely_tcn,20261002,teamfight,0.03931954772333707,0.95,0.768,0.182
americas,30,dense_deterministic,1.0,timely_tcn,20260930,macro,0.13210603583940236,0.9862222222222222,0.7633333333333333,0.2228888888888889
americas,30,dense_deterministic,1.0,timely_tcn,20261001,macro,0.13186899418989398,0.9931111111111112,0.7622222222222224,0.2308888888888889
americas,30,dense_deterministic,1.0,timely_tcn,20261002,macro,0.13269623493868501,0.9942222222222222,0.7719999999999999,0.22222222222222224
americas,30,dense_deterministic,mean,leagueews,20260930,baron,0.15895156345800124,0.64,0.527,0.11299999999999999
americas,30,dense_deterministic,mean,leagueews,20261001,baron,0.1600245248313918,0.6286666666666667,0.5158333333333334,0.11283333333333333
americas,30,dense_deterministic,mean,leagueews,20261002,baron,0.1537400367872471,0.6583333333333333,0.543,0.11533333333333334
americas,30,dense_deterministic,mean,leagueews,20260930,dragon,0.09081029386193705,0.6148333333333333,0.3205,0.29433333333333334
americas,30,dense_deterministic,mean,leagueews,20261001,dragon,0.09428794992175274,0.6061666666666666,0.314,0.2921666666666667
americas,30,dense_deterministic,mean,leagueews,20261002,dragon,0.09502695183446358,0.6161666666666666,0.3225,0.29366666666666663
americas,30,dense_deterministic,mean,leagueews,20260930,teamfight,0.02467658144035856,0.5928333333333333,0.4111666666666667,0.18166666666666667
americas,30,dense_deterministic,mean,leagueews,20261001,teamfight,0.02261383314658246,0.5685,0.3958333333333333,0.17266666666666666
americas,30,dense_deterministic,mean,leagueews,20261002,teamfight,0.024167260873994092,0.5758333333333334,0.4081666666666667,0.16766666666666669
americas,30,dense_deterministic,mean,leagueews,20260930,macro,0.09147947958676561,0.6158888888888889,0.4195555555555555,0.19633333333333333
americas,30,dense_deterministic,mean,leagueews,20261001,macro,0.092308769299909,0.6011111111111112,0.40855555555555556,0.19255555555555556
americas,30,dense_deterministic,mean,leagueews,20261002,macro,0.09097808316523492,0.6167777777777778,0.4245555555555556,0.1922222222222222
americas,30,dense_deterministic,mean,tcn,20260930,baron,0.1555793991416309,0.6691666666666667,0.5523333333333333,0.11683333333333334
americas,30,dense_deterministic,mean,tcn,20261001,baron,0.1549662783568363,0.6395,0.5246666666666666,0.11483333333333334
americas,30,dense_deterministic,mean,tcn,20261002,baron,0.15205395462906193,0.6628333333333334,0.5455,0.11733333333333333
americas,30,dense_deterministic,mean,tcn,20260930,dragon,0.09498348113371588,0.6168333333333333,0.3255,0.29133333333333333
americas,30,dense_deterministic,mean,tcn,20261001,dragon,0.09585289514866979,0.6244999999999999,0.3288333333333333,0.29566666666666663
americas,30,dense_deterministic,mean,tcn,20261002,dragon,0.09667883846287602,0.6231666666666666,0.3305,0.2926666666666667
americas,30,dense_deterministic,mean,tcn,20260930,teamfight,0.022613833146582458,0.5741666666666666,0.4073333333333333,0.16683333333333333
americas,30,dense_deterministic,mean,tcn,20261001,teamfight,0.023021289599674033,0.5840000000000001,0.4103333333333333,0.17366666666666666
americas,30,dense_deterministic,mean,tcn,20261002,teamfight,0.023377813996129163,0.5795,0.407,0.1725
americas,30,dense_deterministic,mean,tcn,20260930,macro,0.09105890447397641,0.6200555555555556,0.4283888888888889,0.19166666666666665
americas,30,dense_deterministic,mean,tcn,20261001,macro,0.09128015436839337,0.616,0.4212777777777778,0.1947222222222222
americas,30,dense_deterministic,mean,tcn,20261002,macro,0.09070353569602237,0.6218333333333333,0.42766666666666664,0.19416666666666668
americas,30,dense_deterministic,mean,timely_leagueews,20260930,baron,0.16109748620478234,0.6485,0.5341666666666667,0.11433333333333334
americas,30,dense_deterministic,mean,timely_leagueews,20261001,baron,0.15757204169221337,0.6455,0.5309999999999999,0.11449999999999999
americas,30,dense_deterministic,mean,timely_leagueews,20261002,baron,0.15205395462906193,0.6331666666666667,0.5186666666666666,0.11449999999999999
americas,30,dense_deterministic,mean,timely_leagueews,20260930,dragon,0.10606850982437838,0.6091666666666666,0.3905,0.21866666666666668
americas,30,dense_deterministic,mean,timely_leagueews,20261001,dragon,0.10711180664232309,0.6143333333333333,0.41100000000000003,0.20333333333333334
americas,30,dense_deterministic,mean,timely_leagueews,20261002,dragon,0.10750304294905234,0.6114999999999999,0.4003333333333333,0.21116666666666667
americas,30,dense_deterministic,mean,timely_leagueews,20260930,teamfight,0.02750331058368137,0.6208333333333333,0.4933333333333333,0.1275
americas,30,dense_deterministic,mean,timely_leagueews,20261001,teamfight,0.02577162065804217,0.596,0.47733333333333333,0.11866666666666667
americas,30,dense_deterministic,mean,timely_leagueews,20261002,teamfight,0.026917591932362227,0.5971666666666666,0.48983333333333334,0.10733333333333334
americas,30,dense_deterministic,mean,timely_leagueews,20260930,macro,0.0982231022042807,0.6261666666666666,0.47266666666666673,0.1535
americas,30,dense_deterministic,mean,timely_leagueews,20261001,macro,0.09681848966419287,0.6186111111111111,0.4731111111111111,0.1455
americas,30,dense_deterministic,mean,timely_leagueews,20261002,macro,0.0954915298368255,0.6139444444444444,0.46961111111111115,0.14433333333333334
americas,30,dense_deterministic,mean,timely_tcn,20260930,baron,0.1540465971796444,0.658,0.5443333333333333,0.11366666666666667
americas,30,dense_deterministic,mean,timely_tcn,20261001,baron,0.15052115266707541,0.64,0.5291666666666667,0.11083333333333334
americas,30,dense_deterministic,mean,timely_tcn,20261002,baron,0.1549662783568363,0.6535,0.5385,0.115
americas,30,dense_deterministic,mean,timely_tcn,20260930,dragon,0.1047643888019475,0.6036666666666667,0.3925,0.21116666666666667
americas,30,dense_deterministic,mean,timely_tcn,20261001,dragon,0.1023735002608242,0.606,0.368,0.238
americas,30,dense_deterministic,mean,timely_tcn,20261002,dragon,0.10254738306381499,0.6021666666666666,0.4003333333333333,0.20183333333333334
americas,30,dense_deterministic,mean,timely_tcn,20260930,teamfight,0.02516043597840481,0.5843333333333334,0.4675,0.11683333333333334
americas,30,dense_deterministic,mean,timely_tcn,20261001,teamfight,0.02516043597840481,0.608,0.48600000000000004,0.122
americas,30,dense_deterministic,mean,timely_tcn,20261002,teamfight,0.025389630233268817,0.5908333333333333,0.46900000000000003,0.12183333333333334
americas,30,dense_deterministic,mean,timely_tcn,20260930,macro,0.09465714065333224,0.6153333333333334,0.46811111111111114,0.14722222222222223
americas,30,dense_deterministic,mean,timely_tcn,20261001,macro,0.09268502963543479,0.618,0.46105555555555555,0.15694444444444444
americas,30,dense_deterministic,mean,timely_tcn,20261002,macro,0.09430109721797338,0.6154999999999999,0.46927777777777774,0.14622222222222223
americas,30,dense_regional_deterministic,0.25,leagueews,20260930,baron,0.0944206008583691,0.24466666666666667,0.16466666666666666,0.08
americas,30,dense_regional_deterministic,0.25,leagueews,20261001,baron,0.09625996321275292,0.24133333333333334,0.16066666666666668,0.08066666666666666
americas,30,dense_regional_deterministic,0.25,leagueews,20261002,baron,0.08706315144083385,0.25266666666666665,0.174,0.07866666666666666
americas,30,dense_regional_deterministic,0.25,leagueews,20260930,dragon,0.03686315423404625,0.26066666666666666,0.09866666666666667,0.162
americas,30,dense_regional_deterministic,0.25,leagueews,20261001,dragon,0.0406885758998435,0.2673333333333333,0.096,0.17133333333333334
americas,30,dense_regional_deterministic,0.25,leagueews,20261002,dragon,0.04207963832376978,0.26,0.098,0.162
americas,30,dense_regional_deterministic,0.25,leagueews,20260930,teamfight,0.012733014159111745,0.266,0.16266666666666665,0.10333333333333333
americas,30,dense_regional_deterministic,0.25,leagueews,20261001,teamfight,0.010797596006926759,0.24333333333333335,0.152,0.09133333333333334
americas,30,dense_regional_deterministic,0.25,leagueews,20261002,teamfight,0.010695731893653866,0.23266666666666666,0.142,0.09066666666666667
americas,30,dense_regional_deterministic,0.25,leagueews,20260930,macro,0.04800558975050903,0.2571111111111111,0.142,0.11511111111111111
americas,30,dense_regional_deterministic,0.25,leagueews,20261001,macro,0.04924871170650772,0.25066666666666665,0.13622222222222224,0.11444444444444445
americas,30,dense_regional_deterministic,0.25,leagueews,20261002,macro,0.0466128405527525,0.24844444444444444,0.138,0.11044444444444446
americas,30,dense_regional_deterministic,0.25,tcn,20260930,baron,0.09074187614960147,0.256,0.17466666666666666,0.08133333333333333
americas,30,dense_regional_deterministic,0.25,tcn,20261001,baron,0.09258123850398528,0.262,0.18533333333333332,0.07666666666666666
americas,30,dense_regional_deterministic,0.25,tcn,20261002,baron,0.09380748007357449,0.26,0.18133333333333335,0.07866666666666666
americas,30,dense_regional_deterministic,0.25,tcn,20260930,dragon,0.03912363067292645,0.24666666666666667,0.098,0.14866666666666667
americas,30,dense_regional_deterministic,0.25,tcn,20261001,dragon,0.04086245870283429,0.27,0.10866666666666666,0.16133333333333333
americas,30,dense_regional_deterministic,0.25,tcn,20261002,dragon,0.04242740392975135,0.25466666666666665,0.10266666666666667,0.152
americas,30,dense_regional_deterministic,0.25,tcn,20260930,teamfight,0.010695731893653866,0.25333333333333335,0.16066666666666668,0.09266666666666666
americas,30,dense_regional_deterministic,0.25,tcn,20261001,teamfight,0.011001324233472548,0.24666666666666667,0.158,0.08866666666666667
americas,30,dense_regional_deterministic,0.25,tcn,20261002,teamfight,0.011816237139655699,0.25666666666666665,0.15666666666666668,0.1
americas,30,dense_regional_deterministic,0.25,tcn,20260930,macro,0.04685374623872726,0.252,0.14444444444444446,0.10755555555555556
americas,30,dense_regional_deterministic,0.25,tcn,20261001,macro,0.04814834048009737,0.2595555555555556,0.15066666666666664,0.10888888888888888
americas,30,dense_regional_deterministic,0.25,tcn,20261002,macro,0.049350373714327184,0.25711111111111107,0.1468888888888889,0.11022222222222222
americas,30,dense_regional_deterministic,0.25,timely_leagueews,20260930,baron,0.09748620478234211,0.25266666666666665,0.17266666666666666,0.08
americas,30,dense_regional_deterministic,0.25,timely_leagueews,20261001,baron,0.09687308399754752,0.2653333333333333,0.18133333333333335,0.084
americas,30,dense_regional_deterministic,0.25,timely_leagueews,20261002,baron,0.08828939301042306,0.24466666666666667,0.16466666666666666,0.08
americas,30,dense_regional_deterministic,0.25,timely_leagueews,20260930,dragon,0.05964180142583898,0.2733333333333333,0.18666666666666668,0.08666666666666667
americas,30,dense_regional_deterministic,0.25,timely_leagueews,20261001,dragon,0.057902973395931145,0.274,0.20533333333333334,0.06866666666666667
americas,30,dense_regional_deterministic,0.25,timely_leagueews,20261002,dragon,0.05894627021387585,0.27266666666666667,0.192,0.08066666666666666
americas,30,dense_regional_deterministic,0.25,timely_leagueews,20260930,teamfight,0.013751655291840685,0.24666666666666667,0.18866666666666668,0.058
americas,30,dense_regional_deterministic,0.25,timely_leagueews,20261001,teamfight,0.012019965366201488,0.24666666666666667,0.19333333333333333,0.05333333333333334
americas,30,dense_regional_deterministic,0.25,timely_leagueews,20261002,teamfight,0.012325557706020169,0.22866666666666666,0.18533333333333332,0.043333333333333335
americas,30,dense_regional_deterministic,0.25,timely_leagueews,20260930,macro,0.05695988716667393,0.2575555555555556,0.18266666666666667,0.0748888888888889
americas,30,dense_regional_deterministic,0.25,timely_leagueews,20261001,macro,0.05559867425322671,0.262,0.19333333333333336,0.06866666666666667
americas,30,dense_regional_deterministic,0.25,timely_leagueews,20261002,macro,0.05318707364343969,0.24866666666666667,0.18066666666666667,0.068
americas,30,dense_regional_deterministic,0.25,timely_tcn,20260930,baron,0.09012875536480687,0.26666666666666666,0.18333333333333332,0.08333333333333333
americas,30,dense_regional_deterministic,0.25,timely_tcn,20261001,baron,0.09196811771919068,0.25133333333333335,0.17133333333333334,0.08
americas,30,dense_regional_deterministic,0.25,timely_tcn,20261002,baron,0.08890251379521766,0.25533333333333336,0.17533333333333334,0.08
americas,30,dense_regional_deterministic,0.25,timely_tcn,20260930,dragon,0.05233872370022605,0.22266666666666668,0.164,0.058666666666666666
americas,30,dense_regional_deterministic,0.25,timely_tcn,20261001,dragon,0.05216484089723526,0.25466666666666665,0.16333333333333333,0.09133333333333334
americas,30,dense_regional_deterministic,0.25,timely_tcn,20261002,dragon,0.05216484089723526,0.244,0.182,0.062
americas,30,dense_regional_deterministic,0.25,timely_tcn,20260930,teamfight,0.012325557706020169,0.25,0.19333333333333333,0.056666666666666664
americas,30,dense_regional_deterministic,0.25,timely_tcn,20261001,teamfight,0.012325557706020169,0.282,0.22,0.062
americas,30,dense_regional_deterministic,0.25,timely_tcn,20261002,teamfight,0.012223693592747276,0.262,0.196,0.066
americas,30,dense_regional_deterministic,0.25,timely_tcn,20260930,macro,0.051597678923684366,0.24644444444444447,0.1802222222222222,0.06622222222222222
americas,30,dense_regional_deterministic,0.25,timely_tcn,20261001,macro,0.0521528387741487,0.26266666666666666,0.18488888888888888,0.07777777777777778
americas,30,dense_regional_deterministic,0.25,timely_tcn,20261002,macro,0.05109701609506673,0.2537777777777778,0.18444444444444444,0.06933333333333334
americas,30,dense_regional_deterministic,0.5,leagueews,20260930,baron,0.15144083384426732,0.5213333333333333,0.4106666666666667,0.11066666666666666
americas,30,dense_regional_deterministic,0.5,leagueews,20261001,baron,0.15021459227467812,0.5053333333333333,0.39666666666666667,0.10866666666666666
americas,30,dense_regional_deterministic,0.5,leagueews,20261002,baron,0.14469650521152666,0.5466666666666666,0.432,0.11466666666666667
americas,30,dense_regional_deterministic,0.5,leagueews,20260930,dragon,0.07650843331594505,0.5066666666666667,0.23866666666666667,0.268
americas,30,dense_regional_deterministic,0.5,leagueews,20261001,dragon,0.08189880020865936,0.5173333333333333,0.24666666666666667,0.27066666666666667
americas,30,dense_regional_deterministic,0.5,leagueews,20261002,dragon,0.07998608937576074,0.508,0.23333333333333334,0.27466666666666667
americas,30,dense_regional_deterministic,0.5,leagueews,20260930,teamfight,0.021900784353672202,0.466,0.31066666666666665,0.15533333333333332
americas,30,dense_regional_deterministic,0.5,leagueews,20261001,teamfight,0.020678414994397473,0.4826666666666667,0.322,0.16066666666666668
americas,30,dense_regional_deterministic,0.5,leagueews,20261002,teamfight,0.021595192013853518,0.4746666666666667,0.32066666666666666,0.154
americas,30,dense_regional_deterministic,0.5,leagueews,20260930,macro,0.08328335050462819,0.498,0.32,0.17800000000000002
americas,30,dense_regional_deterministic,0.5,leagueews,20261001,macro,0.08426393582591164,0.5017777777777778,0.3217777777777778,0.18000000000000002
americas,30,dense_regional_deterministic,0.5,leagueews,20261002,macro,0.08209259553371363,0.5097777777777778,0.32866666666666666,0.1811111111111111
americas,30,dense_regional_deterministic,0.5,tcn,20260930,baron,0.14469650521152666,0.5306666666666666,0.42133333333333334,0.10933333333333334
americas,30,dense_regional_deterministic,0.5,tcn,20261001,baron,0.13611281422440222,0.5,0.38866666666666666,0.11133333333333334
americas,30,dense_regional_deterministic,0.5,tcn,20261002,baron,0.13856529736358061,0.5306666666666666,0.4146666666666667,0.116
americas,30,dense_regional_deterministic,0.5,tcn,20260930,dragon,0.07842114414884369,0.5033333333333333,0.23666666666666666,0.26666666666666666
americas,30,dense_regional_deterministic,0.5,tcn,20261001,dragon,0.08311597982959486,0.5266666666666666,0.25133333333333335,0.2753333333333333
americas,30,dense_regional_deterministic,0.5,tcn,20261002,dragon,0.08311597982959486,0.53,0.256,0.274
americas,30,dense_regional_deterministic,0.5,tcn,20260930,teamfight,0.02006723031476011,0.48933333333333334,0.33466666666666667,0.15466666666666667
americas,30,dense_regional_deterministic,0.5,tcn,20261001,teamfight,0.020678414994397473,0.5033333333333333,0.33866666666666667,0.16466666666666666
americas,30,dense_regional_deterministic,0.5,tcn,20261002,teamfight,0.021289599674034838,0.48733333333333334,0.33,0.15733333333333333
americas,30,dense_regional_deterministic,0.5,tcn,20260930,macro,0.08106162655837681,0.5077777777777778,0.3308888888888889,0.17688888888888887
americas,30,dense_regional_deterministic,0.5,tcn,20261001,macro,0.0799690696827982,0.5099999999999999,0.32622222222222225,0.1837777777777778
americas,30,dense_regional_deterministic,0.5,tcn,20261002,macro,0.0809902922890701,0.516,0.3335555555555556,0.18244444444444444
americas,30,dense_regional_deterministic,0.5,timely_leagueews,20260930,baron,0.15021459227467812,0.5013333333333333,0.396,0.10533333333333333
americas,30,dense_regional_deterministic,0.5,timely_leagueews,20261001,baron,0.1489883507050889,0.532,0.424,0.108
americas,30,dense_regional_deterministic,0.5,timely_leagueews,20261002,baron,0.14101778050275904,0.49466666666666664,0.386,0.10866666666666666
americas,30,dense_regional_deterministic,0.5,timely_leagueews,20260930,dragon,0.09267953399408799,0.492,0.314,0.178
americas,30,dense_regional_deterministic,0.5,timely_leagueews,20261001,dragon,0.09389671361502347,0.512,0.348,0.164
americas,30,dense_regional_deterministic,0.5,timely_leagueews,20261002,dragon,0.09372283081203268,0.49466666666666664,0.3293333333333333,0.16533333333333333
americas,30,dense_regional_deterministic,0.5,timely_leagueews,20260930,teamfight,0.02342874605276561,0.484,0.376,0.108
americas,30,dense_regional_deterministic,0.5,timely_leagueews,20261001,teamfight,0.022715697259855352,0.49733333333333335,0.3933333333333333,0.104
americas,30,dense_regional_deterministic,0.5,timely_leagueews,20261002,teamfight,0.022613833146582458,0.4766666666666667,0.38866666666666666,0.088
americas,30,dense_regional_deterministic,0.5,timely_leagueews,20260930,macro,0.08877429077384391,0.4924444444444444,0.36199999999999993,0.13044444444444445
americas,30,dense_regional_deterministic,0.5,timely_leagueews,20261001,macro,0.08853358719332256,0.5137777777777778,0.3884444444444444,0.12533333333333332
americas,30,dense_regional_deterministic,0.5,timely_leagueews,20261002,macro,0.08578481482045806,0.48866666666666664,0.36800000000000005,0.12066666666666666
americas,30,dense_regional_deterministic,0.5,timely_tcn,20260930,baron,0.13733905579399142,0.5353333333333333,0.42866666666666664,0.10666666666666667
americas,30,dense_regional_deterministic,0.5,timely_tcn,20261001,baron,0.13243408951563457,0.51,0.404,0.106
americas,30,dense_regional_deterministic,0.5,timely_tcn,20261002,baron,0.14224402207234826,0.53,0.42,0.11
americas,30,dense_regional_deterministic,0.5,timely_tcn,20260930,dragon,0.09024517475221701,0.4713333333333333,0.30333333333333334,0.168
americas,30,dense_regional_deterministic,0.5,timely_tcn,20261001,dragon,0.09215788558511563,0.5313333333333333,0.31866666666666665,0.21266666666666667
americas,30,dense_regional_deterministic,0.5,timely_tcn,20261002,dragon,0.08676751869240132,0.48,0.32466666666666666,0.15533333333333332
americas,30,dense_regional_deterministic,0.5,timely_tcn,20260930,teamfight,0.022613833146582458,0.4686666666666667,0.37,0.09866666666666667
americas,30,dense_regional_deterministic,0.5,timely_tcn,20261001,teamfight,0.021900784353672202,0.484,0.378,0.106
americas,30,dense_regional_deterministic,0.5,timely_tcn,20261002,teamfight,0.020474686767851687,0.4746666666666667,0.37,0.10466666666666667
americas,30,dense_regional_deterministic,0.5,timely_tcn,20260930,macro,0.08339935456426362,0.4917777777777778,0.3673333333333333,0.12444444444444445
americas,30,dense_regional_deterministic,0.5,timely_tcn,20261001,macro,0.08216425315147413,0.5084444444444444,0.3668888888888889,0.14155555555555555
americas,30,dense_regional_deterministic,0.5,timely_tcn,20261002,macro,0.08316207584420042,0.4948888888888889,0.3715555555555555,0.12333333333333334
americas,30,dense_regional_deterministic,0.75,leagueews,20260930,baron,0.18148375229920294,0.768,0.6446666666666667,0.12333333333333334
americas,30,dense_regional_deterministic,0.75,leagueews,20261001,baron,0.18454935622317598,0.7566666666666667,0.6313333333333333,0.12533333333333332
americas,30,dense_regional_deterministic,0.75,leagueews,20261002,baron,0.17657878602084612,0.796,0.6673333333333333,0.12866666666666668
americas,30,dense_regional_deterministic,0.75,leagueews,20260930,dragon,0.11371935315597287,0.766,0.414,0.352
americas,30,dense_regional_deterministic,0.75,leagueews,20261001,dragon,0.11806642323074248,0.7486666666666667,0.4033333333333333,0.3453333333333333
americas,30,dense_regional_deterministic,0.75,leagueews,20261002,dragon,0.11615371239784385,0.7533333333333333,0.404,0.34933333333333333
americas,30,dense_regional_deterministic,0.75,leagueews,20260930,teamfight,0.030762962208413975,0.748,0.526,0.222
americas,30,dense_regional_deterministic,0.75,leagueews,20261001,teamfight,0.02811449526331873,0.7346666666666667,0.5206666666666667,0.214
americas,30,dense_regional_deterministic,0.75,leagueews,20261002,teamfight,0.030253641642049505,0.7226666666666667,0.522,0.20066666666666666
americas,30,dense_regional_deterministic,0.75,leagueews,20260930,macro,0.10865535588786325,0.7606666666666667,0.5282222222222223,0.23244444444444445
americas,30,dense_regional_deterministic,0.75,leagueews,20261001,macro,0.11024342490574573,0.7466666666666667,0.5184444444444445,0.22822222222222222
americas,30,dense_regional_deterministic,0.75,leagueews,20261002,macro,0.10766204668691316,0.7573333333333333,0.5311111111111112,0.2262222222222222
americas,30,dense_regional_deterministic,0.75,tcn,20260930,baron,0.17657878602084612,0.8006666666666666,0.6706666666666666,0.13
americas,30,dense_regional_deterministic,0.75,tcn,20261001,baron,0.18270999386879216,0.7593333333333333,0.6313333333333333,0.128
americas,30,dense_regional_deterministic,0.75,tcn,20261002,baron,0.1741263028816677,0.798,0.6646666666666666,0.13333333333333333
americas,30,dense_regional_deterministic,0.75,tcn,20260930,dragon,0.11841418883672405,0.76,0.4086666666666667,0.35133333333333333
americas,30,dense_regional_deterministic,0.75,tcn,20261001,dragon,0.11650147800382542,0.7533333333333333,0.40066666666666667,0.3526666666666667
americas,30,dense_regional_deterministic,0.75,tcn,20261002,dragon,0.11997913406364111,0.7786666666666666,0.41933333333333334,0.35933333333333334
americas,30,dense_regional_deterministic,0.75,tcn,20260930,teamfight,0.028420087603137415,0.7286666666666667,0.5253333333333333,0.20333333333333334
americas,30,dense_regional_deterministic,0.75,tcn,20261001,teamfight,0.02933686462259346,0.7306666666666667,0.5186666666666667,0.212
americas,30,dense_regional_deterministic,0.75,tcn,20261002,teamfight,0.0286238158296832,0.7366666666666667,0.5286666666666666,0.208
americas,30,dense_regional_deterministic,0.75,tcn,20260930,macro,0.10780435415356919,0.7631111111111112,0.5348888888888889,0.22822222222222222
americas,30,dense_regional_deterministic,0.75,tcn,20261001,macro,0.10951611216507035,0.7477777777777778,0.516888888888889,0.2308888888888889
americas,30,dense_regional_deterministic,0.75,tcn,20261002,macro,0.10757641759166399,0.7711111111111112,0.5375555555555556,0.23355555555555554
americas,30,dense_regional_deterministic,0.75,timely_leagueews,20260930,baron,0.18454935622317598,0.7826666666666666,0.6526666666666666,0.13
americas,30,dense_regional_deterministic,0.75,timely_leagueews,20261001,baron,0.17841814837522993,0.7806666666666666,0.654,0.12666666666666668
americas,30,dense_regional_deterministic,0.75,timely_leagueews,20261002,baron,0.1771919068056407,0.762,0.636,0.126
americas,30,dense_regional_deterministic,0.75,timely_leagueews,20260930,dragon,0.12519561815336464,0.7493333333333333,0.474,0.2753333333333333
americas,30,dense_regional_deterministic,0.75,timely_leagueews,20261001,dragon,0.12641279777430012,0.7373333333333333,0.4846666666666667,0.25266666666666665
americas,30,dense_regional_deterministic,0.75,timely_leagueews,20261002,dragon,0.12571726656233698,0.7226666666666667,0.464,0.25866666666666666
americas,30,dense_regional_deterministic,0.75,timely_leagueews,20260930,teamfight,0.03157787511459713,0.7406666666666667,0.59,0.15066666666666667
americas,30,dense_regional_deterministic,0.75,timely_leagueews,20261001,teamfight,0.03167973922787002,0.7513333333333333,0.6046666666666667,0.14666666666666667
americas,30,dense_regional_deterministic,0.75,timely_leagueews,20261002,teamfight,0.03137414688805134,0.7013333333333334,0.572,0.12933333333333333
americas,30,dense_regional_deterministic,0.75,timely_leagueews,20260930,macro,0.11377428316371258,0.7575555555555556,0.5722222222222221,0.18533333333333335
americas,30,dense_regional_deterministic,0.75,timely_leagueews,20261001,macro,0.11217022845913337,0.7564444444444444,0.5811111111111111,0.17533333333333334
americas,30,dense_regional_deterministic,0.75,timely_leagueews,20261002,macro,0.11142777341867634,0.7286666666666667,0.5573333333333333,0.17133333333333334
americas,30,dense_regional_deterministic,0.75,timely_tcn,20260930,baron,0.18332311465358675,0.802,0.676,0.126
americas,30,dense_regional_deterministic,0.75,timely_tcn,20261001,baron,0.17106069895769466,0.758,0.636,0.122
americas,30,dense_regional_deterministic,0.75,timely_tcn,20261002,baron,0.18209687308399755,0.78,0.65,0.13
americas,30,dense_regional_deterministic,0.75,timely_tcn,20260930,dragon,0.12293514171448444,0.738,0.4693333333333333,0.26866666666666666
americas,30,dense_regional_deterministic,0.75,timely_tcn,20261001,dragon,0.1222396105025213,0.7513333333333333,0.444,0.30733333333333335
americas,30,dense_regional_deterministic,0.75,timely_tcn,20261002,dragon,0.12502173535037384,0.744,0.48133333333333334,0.26266666666666666
americas,30,dense_regional_deterministic,0.75,timely_tcn,20260930,teamfight,0.02954059284913925,0.698,0.558,0.14
americas,30,dense_regional_deterministic,0.75,timely_tcn,20261001,teamfight,0.03055923398186819,0.73,0.5846666666666667,0.14533333333333334
americas,30,dense_regional_deterministic,0.75,timely_tcn,20261002,teamfight,0.03117041866150555,0.714,0.57,0.144
americas,30,dense_regional_deterministic,0.75,timely_tcn,20260930,macro,0.11193294973907014,0.746,0.5677777777777778,0.1782222222222222
americas,30,dense_regional_deterministic,0.75,timely_tcn,20261001,macro,0.10795318114736137,0.7464444444444444,0.5548888888888889,0.19155555555555556
americas,30,dense_regional_deterministic,0.75,timely_tcn,20261002,macro,0.11276300903195897,0.746,0.5671111111111111,0.17888888888888888
americas,30,dense_regional_deterministic,1.0,leagueews,20260930,baron,0.21030042918454936,1.0313333333333334,0.892,0.13933333333333334
americas,30,dense_regional_deterministic,1.0,leagueews,20261001,baron,0.20907418761496016,1.0113333333333334,0.8746666666666667,0.13666666666666666
americas,30,dense_regional_deterministic,1.0,leagueews,20261002,baron,0.20662170447578174,1.038,0.8986666666666666,0.13933333333333334
americas,30,dense_regional_deterministic,1.0,leagueews,20260930,dragon,0.14884367936011128,1.0066666666666666,0.582,0.4246666666666667
americas,30,dense_regional_deterministic,1.0,leagueews,20261001,dragon,0.15179968701095461,0.994,0.5806666666666667,0.41333333333333333
americas,30,dense_regional_deterministic,1.0,leagueews,20261002,dragon,0.1519735698139454,1.0093333333333334,0.5906666666666667,0.4186666666666667
americas,30,dense_regional_deterministic,1.0,leagueews,20260930,teamfight,0.037689721910970767,1.014,0.742,0.272
americas,30,dense_regional_deterministic,1.0,leagueews,20261001,teamfight,0.03667108077824183,0.9813333333333333,0.7213333333333334,0.26
americas,30,dense_regional_deterministic,1.0,leagueews,20261002,teamfight,0.037689721910970767,1.006,0.7526666666666667,0.25333333333333335
americas,30,dense_regional_deterministic,1.0,leagueews,20260930,macro,0.13227794348521046,1.0173333333333334,0.7386666666666667,0.2786666666666667
americas,30,dense_regional_deterministic,1.0,leagueews,20261001,macro,0.13251498513471888,0.9955555555555556,0.7255555555555556,0.27
americas,30,dense_regional_deterministic,1.0,leagueews,20261002,macro,0.13209499873356598,1.017777777777778,0.7473333333333333,0.2704444444444445
americas,30,dense_regional_deterministic,1.0,tcn,20260930,baron,0.20846106683016555,1.0713333333333332,0.9253333333333333,0.146
americas,30,dense_regional_deterministic,1.0,tcn,20261001,baron,0.20846106683016555,1.0366666666666666,0.8933333333333333,0.14333333333333334
americas,30,dense_regional_deterministic,1.0,tcn,20261002,baron,0.20294297976701411,1.0706666666666667,0.928,0.14266666666666666
americas,30,dense_regional_deterministic,1.0,tcn,20260930,dragon,0.14936532776908365,1.0073333333333334,0.5913333333333334,0.416
americas,30,dense_regional_deterministic,1.0,tcn,20261001,dragon,0.15040862458702833,1.006,0.5913333333333334,0.4146666666666667
americas,30,dense_regional_deterministic,1.0,tcn,20261002,dragon,0.1540601634498348,1.0153333333333334,0.6033333333333334,0.412
americas,30,dense_regional_deterministic,1.0,tcn,20260930,teamfight,0.03728226545787919,1.0146666666666666,0.7573333333333333,0.25733333333333336
americas,30,dense_regional_deterministic,1.0,tcn,20261001,teamfight,0.03626362432515025,0.9946666666666667,0.734,0.26066666666666666
americas,30,dense_regional_deterministic,1.0,tcn,20261002,teamfight,0.03748599368442498,1.012,0.75,0.262
americas,30,dense_regional_deterministic,1.0,tcn,20260930,macro,0.13170288668570948,1.0311111111111113,0.758,0.2731111111111111
americas,30,dense_regional_deterministic,1.0,tcn,20261001,macro,0.13171110524744803,1.0124444444444445,0.7395555555555555,0.2728888888888889
americas,30,dense_regional_deterministic,1.0,tcn,20261002,macro,0.1314963789670913,1.0326666666666668,0.7604444444444445,0.2722222222222222
americas,30,dense_regional_deterministic,1.0,timely_leagueews,20260930,baron,0.21213979153893317,1.0573333333333332,0.9153333333333333,0.142
americas,30,dense_regional_deterministic,1.0,timely_leagueews,20261001,baron,0.20846106683016555,1.014,0.8726666666666667,0.14133333333333334
americas,30,dense_regional_deterministic,1.0,timely_leagueews,20261002,baron,0.20110361741263028,1.0226666666666666,0.8806666666666667,0.142
americas,30,dense_regional_deterministic,1.0,timely_leagueews,20260930,dragon,0.15388628064684404,0.982,0.63,0.352
americas,30,dense_regional_deterministic,1.0,timely_leagueews,20261001,dragon,0.15614675708572423,0.992,0.6413333333333333,0.3506666666666667
americas,30,dense_regional_deterministic,1.0,timely_leagueews,20261002,dragon,0.1554512258737611,0.974,0.6273333333333333,0.3466666666666667
americas,30,dense_regional_deterministic,1.0,timely_leagueews,20260930,teamfight,0.041254965875522055,1.012,0.8186666666666667,0.19333333333333333
americas,30,dense_regional_deterministic,1.0,timely_leagueews,20261001,teamfight,0.03758785779769787,0.9346666666666666,0.756,0.17866666666666667
americas,30,dense_regional_deterministic,1.0,timely_leagueews,20261002,teamfight,0.041356829988794946,0.982,0.8133333333333334,0.16866666666666666
americas,30,dense_regional_deterministic,1.0,timely_leagueews,20260930,macro,0.1357603460204331,1.017111111111111,0.7879999999999999,0.22911111111111113
americas,30,dense_regional_deterministic,1.0,timely_leagueews,20261001,macro,0.13406522723786254,0.9802222222222223,0.7566666666666667,0.22355555555555554
americas,30,dense_regional_deterministic,1.0,timely_leagueews,20261002,macro,0.1326372244250621,0.9928888888888888,0.7737777777777778,0.21911111111111112
americas,30,dense_regional_deterministic,1.0,timely_tcn,20260930,baron,0.2053954629061925,1.028,0.8893333333333333,0.13866666666666666
americas,30,dense_regional_deterministic,1.0,timely_tcn,20261001,baron,0.2035561005518087,1.0153333333333334,0.8806666666666667,0.13466666666666666
americas,30,dense_regional_deterministic,1.0,timely_tcn,20261002,baron,0.20662170447578174,1.0486666666666666,0.9086666666666666,0.14
americas,30,dense_regional_deterministic,1.0,timely_tcn,20260930,dragon,0.15353851504086247,0.9826666666666667,0.6333333333333333,0.34933333333333333
americas,30,dense_regional_deterministic,1.0,timely_tcn,20261001,dragon,0.15058250739001913,0.96,0.5853333333333334,0.37466666666666665
americas,30,dense_regional_deterministic,1.0,timely_tcn,20261002,dragon,0.15214745261693619,0.984,0.6393333333333333,0.3446666666666667
americas,30,dense_regional_deterministic,1.0,timely_tcn,20260930,teamfight,0.037384129571152086,0.948,0.7673333333333333,0.18066666666666667
americas,30,dense_regional_deterministic,1.0,timely_tcn,20261001,teamfight,0.038402770703881026,0.9786666666666667,0.796,0.18266666666666667
americas,30,dense_regional_deterministic,1.0,timely_tcn,20261002,teamfight,0.03931954772333707,0.95,0.768,0.182
americas,30,dense_regional_deterministic,1.0,timely_tcn,20260930,macro,0.13210603583940236,0.9862222222222222,0.7633333333333333,0.2228888888888889
americas,30,dense_regional_deterministic,1.0,timely_tcn,20261001,macro,0.13084712621523628,0.9846666666666667,0.7540000000000001,0.23066666666666666
americas,30,dense_regional_deterministic,1.0,timely_tcn,20261002,macro,0.13269623493868501,0.9942222222222222,0.7719999999999999,0.22222222222222224
americas,30,dense_regional_deterministic,mean,leagueews,20260930,baron,0.15941140404659718,0.6413333333333333,0.528,0.11333333333333334
americas,30,dense_regional_deterministic,mean,leagueews,20261001,baron,0.1600245248313918,0.6286666666666667,0.5158333333333334,0.11283333333333333
americas,30,dense_regional_deterministic,mean,leagueews,20261002,baron,0.1537400367872471,0.6583333333333333,0.543,0.11533333333333334
americas,30,dense_regional_deterministic,mean,leagueews,20260930,dragon,0.09398365501651887,0.635,0.3333333333333333,0.3016666666666667
americas,30,dense_regional_deterministic,mean,leagueews,20261001,dragon,0.09811337158754999,0.6318333333333332,0.33166666666666667,0.3001666666666667
americas,30,dense_regional_deterministic,mean,leagueews,20261002,dragon,0.09754825247782994,0.6326666666666667,0.3315,0.3011666666666667
americas,30,dense_regional_deterministic,mean,leagueews,20260930,teamfight,0.02577162065804217,0.6234999999999999,0.43533333333333335,0.18816666666666668
americas,30,dense_regional_deterministic,mean,leagueews,20261001,teamfight,0.024065396760721197,0.6104999999999999,0.42900000000000005,0.1815
americas,30,dense_regional_deterministic,mean,leagueews,20261002,teamfight,0.025058571865131916,0.609,0.43433333333333335,0.1746666666666667
americas,30,dense_regional_deterministic,mean,leagueews,20260930,macro,0.09305555990705273,0.6332777777777777,0.43222222222222223,0.20105555555555557
americas,30,dense_regional_deterministic,mean,leagueews,20261001,macro,0.094067764393221,0.6236666666666667,0.4255,0.19816666666666669
americas,30,dense_regional_deterministic,mean,leagueews,20261002,macro,0.09211562037673633,0.6333333333333333,0.43627777777777776,0.19705555555555557
americas,30,dense_regional_deterministic,mean,tcn,20260930,baron,0.15511955855303494,0.6646666666666666,0.548,0.11666666666666667
americas,30,dense_regional_deterministic,mean,tcn,20261001,baron,0.1549662783568363,0.6395,0.5246666666666666,0.11483333333333334
americas,30,dense_regional_deterministic,mean,tcn,20261002,baron,0.15236051502145923,0.6648333333333334,0.5471666666666667,0.11766666666666666
americas,30,dense_regional_deterministic,mean,tcn,20260930,dragon,0.09633107285689446,0.6293333333333333,0.33366666666666667,0.29566666666666663
americas,30,dense_regional_deterministic,mean,tcn,20261001,dragon,0.09772213528082072,0.639,0.33799999999999997,0.301
americas,30,dense_regional_deterministic,mean,tcn,20261002,dragon,0.09989567031820554,0.6446666666666667,0.3453333333333334,0.29933333333333334
americas,30,dense_regional_deterministic,mean,tcn,20260930,teamfight,0.024116328817357646,0.6214999999999999,0.4445,0.177
americas,30,dense_regional_deterministic,mean,tcn,20261001,teamfight,0.024320057043903432,0.6188333333333333,0.43733333333333335,0.1815
americas,30,dense_regional_deterministic,mean,tcn,20261002,teamfight,0.02480391158194968,0.6231666666666666,0.44133333333333336,0.18183333333333332
americas,30,dense_regional_deterministic,mean,tcn,20260930,macro,0.09185565340909568,0.6385,0.4420555555555556,0.19644444444444442
americas,30,dense_regional_deterministic,mean,tcn,20261001,macro,0.0923361568938535,0.6324444444444445,0.4333333333333333,0.1991111111111111
americas,30,dense_regional_deterministic,mean,tcn,20261002,macro,0.09235336564053814,0.6442222222222223,0.4446111111111111,0.1996111111111111
americas,30,dense_regional_deterministic,mean,timely_leagueews,20260930,baron,0.16109748620478234,0.6485,0.5341666666666667,0.11433333333333334
americas,30,dense_regional_deterministic,mean,timely_leagueews,20261001,baron,0.15818516247700798,0.6479999999999999,0.5329999999999999,0.11499999999999999
americas,30,dense_regional_deterministic,mean,timely_leagueews,20261002,baron,0.15190067443286326,0.631,0.5168333333333333,0.11416666666666667
americas,30,dense_regional_deterministic,mean,timely_leagueews,20260930,dragon,0.10785080855503393,0.6241666666666666,0.40116666666666667,0.223
americas,30,dense_regional_deterministic,mean,timely_leagueews,20261001,dragon,0.10858981046774474,0.6288333333333334,0.41983333333333334,0.20900000000000002
americas,30,dense_regional_deterministic,mean,timely_leagueews,20261002,dragon,0.10845939836550166,0.616,0.4031666666666667,0.21283333333333332
americas,30,dense_regional_deterministic,mean,timely_leagueews,20260930,teamfight,0.02750331058368137,0.6208333333333333,0.4933333333333333,0.1275
americas,30,dense_regional_deterministic,mean,timely_leagueews,20261001,teamfight,0.026000814912906182,0.6075,0.48683333333333334,0.12066666666666667
americas,30,dense_regional_deterministic,mean,timely_leagueews,20261002,teamfight,0.026917591932362227,0.5971666666666666,0.48983333333333334,0.10733333333333334
americas,30,dense_regional_deterministic,mean,timely_leagueews,20260930,macro,0.09881720178116589,0.6311666666666667,0.47622222222222216,0.15494444444444447
americas,30,dense_regional_deterministic,mean,timely_leagueews,20261001,macro,0.0975919292858863,0.6281111111111111,0.47988888888888886,0.14822222222222223
americas,30,dense_regional_deterministic,mean,timely_leagueews,20261002,macro,0.09575922157690904,0.6147222222222222,0.46994444444444444,0.14477777777777776
americas,30,dense_regional_deterministic,mean,timely_tcn,20260930,baron,0.1540465971796444,0.658,0.5443333333333333,0.11366666666666667
americas,30,dense_regional_deterministic,mean,timely_tcn,20261001,baron,0.14975475168608215,0.6336666666666667,0.523,0.11066666666666666
americas,30,dense_regional_deterministic,mean,timely_tcn,20261002,baron,0.1549662783568363,0.6535,0.5385,0.115
americas,30,dense_regional_deterministic,mean,timely_tcn,20260930,dragon,0.1047643888019475,0.6036666666666667,0.3925,0.21116666666666667
americas,30,dense_regional_deterministic,mean,timely_tcn,20261001,dragon,0.10428621109372282,0.6243333333333333,0.37783333333333335,0.2465
americas,30,dense_regional_deterministic,mean,timely_tcn,20261002,dragon,0.10402538688923665,0.613,0.4068333333333333,0.20616666666666666
americas,30,dense_regional_deterministic,mean,timely_tcn,20260930,teamfight,0.02546602831822349,0.5911666666666666,0.4721666666666666,0.119
americas,30,dense_regional_deterministic,mean,timely_tcn,20261001,teamfight,0.025797086686360396,0.6186666666666667,0.49466666666666664,0.124
americas,30,dense_regional_deterministic,mean,timely_tcn,20261002,teamfight,0.025797086686360396,0.6001666666666667,0.47600000000000003,0.12416666666666666
americas,30,dense_regional_deterministic,mean,timely_tcn,20260930,macro,0.09475900476660513,0.6176111111111111,0.4696666666666667,0.14794444444444443
americas,30,dense_regional_deterministic,mean,timely_tcn,20261001,macro,0.09327934982205512,0.6255555555555555,0.4651666666666667,0.1603888888888889
americas,30,dense_regional_deterministic,mean,timely_tcn,20261002,macro,0.09492958397747779,0.6222222222222222,0.4737777777777778,0.14844444444444443
americas,60,deterministic,0.25,leagueews,20260930,baron,0.0539546290619252,0.22733333333333333,0.092,0.13533333333333333
americas,60,deterministic,0.25,leagueews,20261001,baron,0.03678724708767627,0.18333333333333332,0.068,0.11533333333333333
americas,60,deterministic,0.25,leagueews,20261002,baron,0.03862660944206009,0.20533333333333334,0.08066666666666666,0.12466666666666666
americas,60,deterministic,0.25,leagueews,20260930,dragon,0.010432968179447054,0.14333333333333334,0.012666666666666666,0.13066666666666665
americas,60,deterministic,0.25,leagueews,20261001,dragon,0.014953921057207442,0.18,0.019333333333333334,0.16066666666666668
americas,60,deterministic,0.25,leagueews,20261002,dragon,0.009563554164493131,0.13533333333333333,0.010666666666666666,0.12466666666666666
americas,60,deterministic,0.25,leagueews,20260930,teamfight,0.005195069776917592,0.114,0.04666666666666667,0.06733333333333333
americas,60,deterministic,0.25,leagueews,20261001,teamfight,0.009473362534379139,0.18933333333333333,0.08333333333333333,0.106
americas,60,deterministic,0.25,leagueews,20261002,teamfight,0.005500662116736274,0.114,0.037333333333333336,0.07666666666666666
americas,60,deterministic,0.25,leagueews,20260930,macro,0.023194222339429946,0.16155555555555556,0.05044444444444444,0.11111111111111112
americas,60,deterministic,0.25,leagueews,20261001,macro,0.020404843559754283,0.1842222222222222,0.0568888888888889,0.12733333333333333
americas,60,deterministic,0.25,leagueews,20261002,macro,0.017896941907763166,0.15155555555555555,0.04288888888888889,0.10866666666666665
americas,60,deterministic,0.25,tcn,20260930,baron,0.03801348865726548,0.21133333333333335,0.088,0.12333333333333334
americas,60,deterministic,0.25,tcn,20261001,baron,0.04721030042918455,0.246,0.116,0.13
americas,60,deterministic,0.25,tcn,20261002,baron,0.045370938074800735,0.184,0.072,0.112
americas,60,deterministic,0.25,tcn,20260930,dragon,0.013910624239262736,0.17133333333333334,0.017333333333333333,0.154
americas,60,deterministic,0.25,tcn,20261001,dragon,0.007998608937576073,0.12,0.011333333333333334,0.10866666666666666
americas,60,deterministic,0.25,tcn,20261002,dragon,0.016344983481133717,0.17933333333333334,0.02,0.15933333333333333
americas,60,deterministic,0.25,tcn,20260930,teamfight,0.004583885097280228,0.09133333333333334,0.034666666666666665,0.056666666666666664
americas,60,deterministic,0.25,tcn,20261001,teamfight,0.004176428644188652,0.09333333333333334,0.036,0.05733333333333333
americas,60,deterministic,0.25,tcn,20261002,teamfight,0.0033615157380055007,0.06,0.019333333333333334,0.04066666666666666
americas,60,deterministic,0.25,tcn,20260930,macro,0.018835999331269483,0.158,0.04666666666666667,0.11133333333333333
americas,60,deterministic,0.25,tcn,20261001,macro,0.019795112670316424,0.15311111111111111,0.054444444444444455,0.09866666666666667
americas,60,deterministic,0.25,tcn,20261002,macro,0.021692479097979986,0.1411111111111111,0.037111111111111116,0.104
americas,60,deterministic,0.25,timely_leagueews,20260930,baron,0.028816676885346414,0.052,0.032,0.02
americas,60,deterministic,0.25,timely_leagueews,20261001,baron,0.020846106683016553,0.06,0.03666666666666667,0.023333333333333334
americas,60,deterministic,0.25,timely_leagueews,20261002,baron,0.02023298589822195,0.051333333333333335,0.034666666666666665,0.016666666666666666
americas,60,deterministic,0.25,timely_leagueews,20260930,dragon,0.06416275430359937,0.12,0.10333333333333333,0.016666666666666666
americas,60,deterministic,0.25,timely_leagueews,20261001,dragon,0.055990262563032515,0.104,0.09066666666666667,0.013333333333333334
americas,60,deterministic,0.25,timely_leagueews,20261002,dragon,0.06225004347070075,0.11333333333333333,0.10266666666666667,0.010666666666666666
americas,60,deterministic,0.25,timely_leagueews,20260930,teamfight,0.012223693592747276,0.10866666666666666,0.08866666666666667,0.02
americas,60,deterministic,0.25,timely_leagueews,20261001,teamfight,0.012733014159111745,0.116,0.09666666666666666,0.019333333333333334
americas,60,deterministic,0.25,timely_leagueews,20261002,teamfight,0.010899460120199654,0.11,0.092,0.018
americas,60,deterministic,0.25,timely_leagueews,20260930,macro,0.03506770826056435,0.09355555555555554,0.07466666666666667,0.01888888888888889
americas,60,deterministic,0.25,timely_leagueews,20261001,macro,0.029856461135053608,0.09333333333333332,0.07466666666666667,0.018666666666666668
americas,60,deterministic,0.25,timely_leagueews,20261002,macro,0.031127496496374116,0.09155555555555556,0.07644444444444444,0.015111111111111112
americas,60,deterministic,0.25,timely_tcn,20260930,baron,0.05272838749233599,0.20733333333333334,0.14733333333333334,0.06
americas,60,deterministic,0.25,timely_tcn,20261001,baron,0.04475781729000613,0.18333333333333332,0.12666666666666668,0.056666666666666664
americas,60,deterministic,0.25,timely_tcn,20261002,baron,0.030656039239730228,0.132,0.09533333333333334,0.03666666666666667
americas,60,deterministic,0.25,timely_tcn,20260930,dragon,0.059989567031820554,0.11866666666666667,0.09933333333333333,0.019333333333333334
americas,60,deterministic,0.25,timely_tcn,20261001,dragon,0.10954616588419405,0.23466666666666666,0.184,0.050666666666666665
americas,60,deterministic,0.25,timely_tcn,20261002,dragon,0.0495565988523735,0.09266666666666666,0.08066666666666666,0.012
americas,60,deterministic,0.25,timely_tcn,20260930,teamfight,0.01466843231129673,0.13466666666666666,0.11333333333333333,0.021333333333333333
americas,60,deterministic,0.25,timely_tcn,20261001,teamfight,0.011408780686564124,0.09866666666666667,0.08133333333333333,0.017333333333333333
americas,60,deterministic,0.25,timely_tcn,20261002,teamfight,0.011306916573291229,0.108,0.088,0.02
americas,60,deterministic,0.25,timely_tcn,20260930,macro,0.04246212894515109,0.15355555555555556,0.12,0.033555555555555554
americas,60,deterministic,0.25,timely_tcn,20261001,macro,0.0552375879535881,0.1722222222222222,0.13066666666666665,0.04155555555555556
americas,60,deterministic,0.25,timely_tcn,20261002,macro,0.030506518221798323,0.11088888888888888,0.08800000000000001,0.02288888888888889
americas,60,deterministic,0.5,leagueews,20260930,baron,0.1072961373390558,0.42,0.23266666666666666,0.18733333333333332
americas,60,deterministic,0.5,leagueews,20261001,baron,0.0931943592887799,0.37933333333333336,0.19466666666666665,0.18466666666666667
americas,60,deterministic,0.5,leagueews,20261002,baron,0.1342734518700184,0.5353333333333333,0.32666666666666666,0.20866666666666667
americas,60,deterministic,0.5,leagueews,20260930,dragon,0.010432968179447054,0.14333333333333334,0.012666666666666666,0.13066666666666665
americas,60,deterministic,0.5,leagueews,20261001,dragon,0.014953921057207442,0.18,0.019333333333333334,0.16066666666666668
americas,60,deterministic,0.5,leagueews,20261002,dragon,0.009563554164493131,0.13533333333333333,0.010666666666666666,0.12466666666666666
americas,60,deterministic,0.5,leagueews,20260930,teamfight,0.01670571457675461,0.3453333333333333,0.162,0.18333333333333332
americas,60,deterministic,0.5,leagueews,20261001,teamfight,0.009473362534379139,0.18933333333333333,0.08333333333333333,0.106
americas,60,deterministic,0.5,leagueews,20261002,teamfight,0.016094529897117245,0.31133333333333335,0.152,0.15933333333333333
americas,60,deterministic,0.5,leagueews,20260930,macro,0.04481160669841915,0.30288888888888893,0.13577777777777778,0.1671111111111111
americas,60,deterministic,0.5,leagueews,20261001,macro,0.03920721429345549,0.24955555555555556,0.09911111111111111,0.15044444444444446
americas,60,deterministic,0.5,leagueews,20261002,macro,0.053310511977209596,0.3273333333333333,0.1631111111111111,0.16422222222222221
americas,60,deterministic,0.5,tcn,20260930,baron,0.11465358675659104,0.4826666666666667,0.2866666666666667,0.196
americas,60,deterministic,0.5,tcn,20261001,baron,0.09748620478234211,0.426,0.24333333333333335,0.18266666666666667
americas,60,deterministic,0.5,tcn,20261002,baron,0.11281422440220723,0.5046666666666667,0.30466666666666664,0.2
americas,60,deterministic,0.5,tcn,20260930,dragon,0.013910624239262736,0.17133333333333334,0.017333333333333333,0.154
americas,60,deterministic,0.5,tcn,20261001,dragon,0.007998608937576073,0.12,0.011333333333333334,0.10866666666666666
americas,60,deterministic,0.5,tcn,20261002,dragon,0.016344983481133717,0.17933333333333334,0.02,0.15933333333333333
americas,60,deterministic,0.5,tcn,20260930,teamfight,0.015788937557298564,0.31133333333333335,0.15866666666666668,0.15266666666666667
americas,60,deterministic,0.5,tcn,20261001,teamfight,0.016298258123663034,0.32666666666666666,0.16266666666666665,0.164
americas,60,deterministic,0.5,tcn,20261002,teamfight,0.011306916573291229,0.248,0.11733333333333333,0.13066666666666665
americas,60,deterministic,0.5,tcn,20260930,macro,0.04811771618438412,0.3217777777777778,0.15422222222222223,0.16755555555555554
americas,60,deterministic,0.5,tcn,20261001,macro,0.04059435728119374,0.2908888888888889,0.1391111111111111,0.1517777777777778
americas,60,deterministic,0.5,tcn,20261002,macro,0.04682204148554406,0.3106666666666667,0.14733333333333334,0.16333333333333333
americas,60,deterministic,0.5,timely_leagueews,20260930,baron,0.0956468424279583,0.2693333333333333,0.19333333333333333,0.076
americas,60,deterministic,0.5,timely_leagueews,20261001,baron,0.10913549969343961,0.3433333333333333,0.25333333333333335,0.09
americas,60,deterministic,0.5,timely_leagueews,20261002,baron,0.09687308399754752,0.33,0.25733333333333336,0.07266666666666667
americas,60,deterministic,0.5,timely_leagueews,20260930,dragon,0.14049730481655365,0.306,0.25133333333333335,0.05466666666666667
americas,60,deterministic,0.5,timely_leagueews,20261001,dragon,0.19196661450182578,0.44866666666666666,0.362,0.08666666666666667
americas,60,deterministic,0.5,timely_leagueews,20261002,dragon,0.1431055468614154,0.29,0.24866666666666667,0.04133333333333333
americas,60,deterministic,0.5,timely_leagueews,20260930,teamfight,0.030762962208413975,0.35133333333333333,0.2906666666666667,0.06066666666666667
americas,60,deterministic,0.5,timely_leagueews,20261001,teamfight,0.03259651624732607,0.34933333333333333,0.292,0.05733333333333333
americas,60,deterministic,0.5,timely_leagueews,20261002,teamfight,0.02811449526331873,0.30466666666666664,0.24866666666666667,0.056
americas,60,deterministic,0.5,timely_leagueews,20260930,macro,0.08896903648430864,0.3088888888888888,0.24511111111111114,0.06377777777777778
americas,60,deterministic,0.5,timely_leagueews,20261001,macro,0.11123287681419715,0.3804444444444444,0.30244444444444446,0.078
americas,60,deterministic,0.5,timely_leagueews,20261002,macro,0.08936437537409388,0.30822222222222223,0.2515555555555556,0.05666666666666667
americas,60,deterministic,0.5,timely_tcn,20260930,baron,0.1220110361741263,0.44666666666666666,0.3293333333333333,0.11733333333333333
americas,60,deterministic,0.5,timely_tcn,20261001,baron,0.1079092581238504,0.398,0.2853333333333333,0.11266666666666666
americas,60,deterministic,0.5,timely_tcn,20261002,baron,0.10055180870631514,0.382,0.2886666666666667,0.09333333333333334
americas,60,deterministic,0.5,timely_tcn,20260930,dragon,0.13841071118066423,0.2926666666666667,0.23866666666666667,0.054
americas,60,deterministic,0.5,timely_tcn,20261001,dragon,0.18466353677621283,0.446,0.33066666666666666,0.11533333333333333
americas,60,deterministic,0.5,timely_tcn,20261002,dragon,0.1959659189706138,0.46266666666666667,0.38,0.08266666666666667
americas,60,deterministic,0.5,timely_tcn,20260930,teamfight,0.03565243964551289,0.41133333333333333,0.354,0.05733333333333333
americas,60,deterministic,0.5,timely_tcn,20261001,teamfight,0.027910767036772945,0.3333333333333333,0.2786666666666667,0.05466666666666667
americas,60,deterministic,0.5,timely_tcn,20261002,teamfight,0.0319853315676887,0.3586666666666667,0.306,0.05266666666666667
americas,60,deterministic,0.5,timely_tcn,20260930,macro,0.09869139566676781,0.3835555555555556,0.3073333333333333,0.07622222222222223
americas,60,deterministic,0.5,timely_tcn,20261001,macro,0.10682785397894538,0.39244444444444443,0.2982222222222222,0.09422222222222221
americas,60,deterministic,0.5,timely_tcn,20261002,macro,0.10950101974820588,0.40111111111111114,0.32488888888888895,0.07622222222222222
americas,60,deterministic,0.75,leagueews,20260930,baron,0.18516247700797056,0.7353333333333333,0.49933333333333335,0.236
americas,60,deterministic,0.75,leagueews,20261001,baron,0.18516247700797056,0.69,0.45866666666666667,0.23133333333333334
americas,60,deterministic,0.75,leagueews,20261002,baron,0.18332311465358675,0.7,0.468,0.232
americas,60,deterministic,0.75,leagueews,20260930,dragon,0.0848548078595027,0.6726666666666666,0.144,0.5286666666666666
americas,60,deterministic,0.75,leagueews,20261001,dragon,0.09667883846287602,0.722,0.15266666666666667,0.5693333333333334
americas,60,deterministic,0.75,leagueews,20261002,dragon,0.09424447922100504,0.6886666666666666,0.148,0.5406666666666666
americas,60,deterministic,0.75,leagueews,20260930,teamfight,0.03565243964551289,0.694,0.3873333333333333,0.30666666666666664
americas,60,deterministic,0.75,leagueews,20261001,teamfight,0.026077212997860852,0.49933333333333335,0.268,0.23133333333333334
americas,60,deterministic,0.75,leagueews,20261002,teamfight,0.03595803198533157,0.6553333333333333,0.37666666666666665,0.2786666666666667
americas,60,deterministic,0.75,leagueews,20260930,macro,0.10188990817099537,0.7006666666666667,0.34355555555555556,0.3571111111111111
americas,60,deterministic,0.75,leagueews,20261001,macro,0.10263950948956914,0.6371111111111111,0.2931111111111111,0.34400000000000003
americas,60,deterministic,0.75,leagueews,20261002,macro,0.10450854195330779,0.6813333333333332,0.33088888888888884,0.3504444444444444
americas,60,deterministic,0.75,tcn,20260930,baron,0.1882280809319436,0.7426666666666667,0.502,0.24066666666666667
americas,60,deterministic,0.75,tcn,20261001,baron,0.16860821581851626,0.688,0.452,0.236
americas,60,deterministic,0.75,tcn,20261002,baron,0.15266707541385652,0.6426666666666667,0.41733333333333333,0.22533333333333333
americas,60,deterministic,0.75,tcn,20260930,dragon,0.09772213528082073,0.7333333333333333,0.162,0.5713333333333334
americas,60,deterministic,0.75,tcn,20261001,dragon,0.074943488089028,0.6133333333333333,0.11733333333333333,0.496
americas,60,deterministic,0.75,tcn,20261002,dragon,0.016344983481133717,0.17933333333333334,0.02,0.15933333333333333
americas,60,deterministic,0.75,tcn,20260930,teamfight,0.03483752673932974,0.6586666666666666,0.38266666666666665,0.276
americas,60,deterministic,0.75,tcn,20261001,teamfight,0.03585616787205868,0.668,0.378,0.29
americas,60,deterministic,0.75,tcn,20261002,teamfight,0.0320871956809616,0.586,0.3253333333333333,0.26066666666666666
americas,60,deterministic,0.75,tcn,20260930,macro,0.10692924765069801,0.7115555555555555,0.34888888888888886,0.3626666666666667
americas,60,deterministic,0.75,tcn,20261001,macro,0.09313595725986766,0.6564444444444444,0.31577777777777777,0.3406666666666667
americas,60,deterministic,0.75,tcn,20261002,macro,0.06703308485865062,0.4693333333333333,0.2542222222222222,0.21511111111111111
americas,60,deterministic,0.75,timely_leagueews,20260930,baron,0.16431637032495403,0.5393333333333333,0.38866666666666666,0.15066666666666667
americas,60,deterministic,0.75,timely_leagueews,20261001,baron,0.18577559779276517,0.6373333333333333,0.47733333333333333,0.16
americas,60,deterministic,0.75,timely_leagueews,20261002,baron,0.20294297976701411,0.6506666666666666,0.5213333333333333,0.12933333333333333
americas,60,deterministic,0.75,timely_leagueews,20260930,dragon,0.21387584767866458,0.5466666666666666,0.416,0.13066666666666665
americas,60,deterministic,0.75,timely_leagueews,20261001,dragon,0.24656581464093202,0.6726666666666666,0.516,0.15666666666666668
americas,60,deterministic,0.75,timely_leagueews,20261002,dragon,0.21665797252651714,0.552,0.43533333333333335,0.11666666666666667
americas,60,deterministic,0.75,timely_leagueews,20260930,teamfight,0.030762962208413975,0.35133333333333333,0.2906666666666667,0.06066666666666667
americas,60,deterministic,0.75,timely_leagueews,20261001,teamfight,0.03259651624732607,0.34933333333333333,0.292,0.05733333333333333
americas,60,deterministic,0.75,timely_leagueews,20261002,teamfight,0.05785881633900377,0.7126666666666667,0.596,0.11666666666666667
americas,60,deterministic,0.75,timely_leagueews,20260930,macro,0.13631839340401083,0.47911111111111104,0.3651111111111111,0.11399999999999999
americas,60,deterministic,0.75,timely_leagueews,20261001,macro,0.1549793095603411,0.5531111111111111,0.42844444444444446,0.12466666666666666
americas,60,deterministic,0.75,timely_leagueews,20261002,macro,0.159153256210845,0.6384444444444445,0.5175555555555555,0.12088888888888889
americas,60,deterministic,0.75,timely_tcn,20260930,baron,0.1888412017167382,0.7326666666666667,0.5493333333333333,0.18333333333333332
americas,60,deterministic,0.75,timely_tcn,20261001,baron,0.1759656652360515,0.652,0.4886666666666667,0.16333333333333333
americas,60,deterministic,0.75,timely_tcn,20261002,baron,0.19374616799509503,0.7213333333333334,0.5613333333333334,0.16
americas,60,deterministic,0.75,timely_tcn,20260930,dragon,0.21005042601286733,0.5313333333333333,0.41933333333333334,0.112
americas,60,deterministic,0.75,timely_tcn,20261001,dragon,0.2422187445661624,0.6973333333333334,0.49533333333333335,0.202
americas,60,deterministic,0.75,timely_tcn,20261002,dragon,0.25143453312467395,0.6986666666666667,0.5333333333333333,0.16533333333333333
americas,60,deterministic,0.75,timely_tcn,20260930,teamfight,0.03565243964551289,0.41133333333333333,0.354,0.05733333333333333
americas,60,deterministic,0.75,timely_tcn,20261001,teamfight,0.027910767036772945,0.3333333333333333,0.2786666666666667,0.05466666666666667
americas,60,deterministic,0.75,timely_tcn,20261002,teamfight,0.0319853315676887,0.3586666666666667,0.306,0.05266666666666667
americas,60,deterministic,0.75,timely_tcn,20260930,macro,0.1448480224583728,0.5584444444444444,0.4408888888888889,0.11755555555555557
americas,60,deterministic,0.75,timely_tcn,20261001,macro,0.14869839227966228,0.5608888888888889,0.42088888888888887,0.14
americas,60,deterministic,0.75,timely_tcn,20261002,macro,0.15905534422915255,0.5928888888888889,0.4668888888888889,0.126
americas,60,deterministic,1.0,leagueews,20260930,baron,0.2317596566523605,0.918,0.6633333333333333,0.25466666666666665
americas,60,deterministic,1.0,leagueews,20261001,baron,0.23666462293071736,0.88,0.6233333333333333,0.25666666666666665
americas,60,deterministic,1.0,leagueews,20261002,baron,0.24340895156345801,0.9073333333333333,0.6473333333333333,0.26
americas,60,deterministic,1.0,leagueews,20260930,dragon,0.0848548078595027,0.6726666666666666,0.144,0.5286666666666666
americas,60,deterministic,1.0,leagueews,20261001,dragon,0.09667883846287602,0.722,0.15266666666666667,0.5693333333333334
americas,60,deterministic,1.0,leagueews,20261002,dragon,0.09424447922100504,0.6886666666666666,0.148,0.5406666666666666
americas,60,deterministic,1.0,leagueews,20260930,teamfight,0.03565243964551289,0.694,0.3873333333333333,0.30666666666666664
americas,60,deterministic,1.0,leagueews,20261001,teamfight,0.051339513089538553,0.972,0.5906666666666667,0.38133333333333336
americas,60,deterministic,1.0,leagueews,20261002,teamfight,0.03595803198533157,0.6553333333333333,0.37666666666666665,0.2786666666666667
americas,60,deterministic,1.0,leagueews,20260930,macro,0.11742230138579203,0.7615555555555554,0.3982222222222222,0.3633333333333333
americas,60,deterministic,1.0,leagueews,20261001,macro,0.12822765816104398,0.858,0.45555555555555555,0.40244444444444444
americas,60,deterministic,1.0,leagueews,20261002,macro,0.12453715425659821,0.7504444444444444,0.39066666666666666,0.35977777777777775
americas,60,deterministic,1.0,tcn,20260930,baron,0.2299202942979767,0.932,0.668,0.264
americas,60,deterministic,1.0,tcn,20261001,baron,0.21397915389331698,0.872,0.612,0.26
americas,60,deterministic,1.0,tcn,20261002,baron,0.2575107296137339,1.034,0.7673333333333333,0.26666666666666666
americas,60,deterministic,1.0,tcn,20260930,dragon,0.09772213528082073,0.7333333333333333,0.162,0.5713333333333334
americas,60,deterministic,1.0,tcn,20261001,dragon,0.074943488089028,0.6133333333333333,0.11733333333333333,0.496
americas,60,deterministic,1.0,tcn,20261002,dragon,0.11719700921578856,0.8113333333333334,0.188,0.6233333333333333
americas,60,deterministic,1.0,tcn,20260930,teamfight,0.03483752673932974,0.6586666666666666,0.38266666666666665,0.276
americas,60,deterministic,1.0,tcn,20261001,teamfight,0.03585616787205868,0.668,0.378,0.29
americas,60,deterministic,1.0,tcn,20261002,teamfight,0.0320871956809616,0.586,0.3253333333333333,0.26066666666666666
americas,60,deterministic,1.0,tcn,20260930,macro,0.12082665210604238,0.7746666666666666,0.40422222222222226,0.3704444444444445
americas,60,deterministic,1.0,tcn,20261001,macro,0.10825960328480122,0.7177777777777777,0.3691111111111111,0.3486666666666667
americas,60,deterministic,1.0,tcn,20261002,macro,0.1355983115034947,0.8104444444444444,0.4268888888888889,0.3835555555555555
americas,60,deterministic,1.0,timely_leagueews,20260930,baron,0.2299202942979767,0.818,0.6226666666666667,0.19533333333333333
americas,60,deterministic,1.0,timely_leagueews,20261001,baron,0.26180257510729615,0.926,0.7226666666666667,0.20333333333333334
americas,60,deterministic,1.0,timely_leagueews,20261002,baron,0.29000613120784796,0.9886666666666667,0.7986666666666666,0.19
americas,60,deterministic,1.0,timely_leagueews,20260930,dragon,0.26899669622674316,0.7826666666666666,0.5693333333333334,0.21333333333333335
americas,60,deterministic,1.0,timely_leagueews,20261001,dragon,0.2942097026604069,0.918,0.6673333333333333,0.25066666666666665
americas,60,deterministic,1.0,timely_leagueews,20261002,dragon,0.2729960006955312,0.8153333333333334,0.598,0.21733333333333332
americas,60,deterministic,1.0,timely_leagueews,20260930,teamfight,0.06498930426810634,0.82,0.6853333333333333,0.13466666666666666
americas,60,deterministic,1.0,timely_leagueews,20261001,teamfight,0.06641540185392686,0.824,0.694,0.13
americas,60,deterministic,1.0,timely_leagueews,20261002,teamfight,0.05785881633900377,0.7126666666666667,0.596,0.11666666666666667
americas,60,deterministic,1.0,timely_leagueews,20260930,macro,0.18796876493094206,0.8068888888888889,0.6257777777777779,0.1811111111111111
americas,60,deterministic,1.0,timely_leagueews,20261001,macro,0.20747589320720997,0.8893333333333334,0.6946666666666667,0.19466666666666665
americas,60,deterministic,1.0,timely_leagueews,20261002,macro,0.20695364941412764,0.8388888888888889,0.6642222222222222,0.17466666666666666
americas,60,deterministic,1.0,timely_tcn,20260930,baron,0.26364193746167996,1.03,0.792,0.238
americas,60,deterministic,1.0,timely_tcn,20261001,baron,0.24524831391784183,0.9333333333333333,0.716,0.21733333333333332
americas,60,deterministic,1.0,timely_tcn,20261002,baron,0.19374616799509503,0.7213333333333334,0.5613333333333334,0.16
americas,60,deterministic,1.0,timely_tcn,20260930,dragon,0.2604764388801947,0.7633333333333333,0.5746666666666667,0.18866666666666668
americas,60,deterministic,1.0,timely_tcn,20261001,dragon,0.29438358546339766,0.9433333333333334,0.634,0.30933333333333335
americas,60,deterministic,1.0,timely_tcn,20261002,dragon,0.29890453834115804,0.9646666666666667,0.692,0.27266666666666667
americas,60,deterministic,1.0,timely_tcn,20260930,teamfight,0.0690638687990221,0.882,0.756,0.126
americas,60,deterministic,1.0,timely_tcn,20261001,teamfight,0.06274829377610268,0.808,0.6886666666666666,0.11933333333333333
americas,60,deterministic,1.0,timely_tcn,20261002,teamfight,0.06529489660792503,0.8106666666666666,0.6946666666666667,0.116
americas,60,deterministic,1.0,timely_tcn,20260930,macro,0.1977274150469656,0.8917777777777779,0.7075555555555555,0.1842222222222222
americas,60,deterministic,1.0,timely_tcn,20261001,macro,0.20079339771911406,0.894888888888889,0.6795555555555556,0.2153333333333333
americas,60,deterministic,1.0,timely_tcn,20261002,macro,0.18598186764805935,0.8322222222222222,0.6493333333333333,0.18288888888888888
americas,60,deterministic,mean,leagueews,20260930,baron,0.14454322501532801,0.5751666666666667,0.37183333333333335,0.2033333333333333
americas,60,deterministic,mean,leagueews,20261001,baron,0.13795217657878603,0.5331666666666667,0.33616666666666667,0.197
americas,60,deterministic,mean,leagueews,20261002,baron,0.1499080318822808,0.587,0.38066666666666665,0.20633333333333334
americas,60,deterministic,mean,leagueews,20260930,dragon,0.047643888019474875,0.40800000000000003,0.07833333333333334,0.32966666666666666
americas,60,deterministic,mean,leagueews,20261001,dragon,0.05581637976004172,0.45099999999999996,0.08600000000000001,0.365
americas,60,deterministic,mean,leagueews,20261002,dragon,0.051904016692749085,0.41200000000000003,0.07933333333333334,0.33266666666666667
americas,60,deterministic,mean,leagueews,20260930,teamfight,0.023301415911174496,0.4618333333333333,0.24583333333333332,0.21599999999999997
americas,60,deterministic,mean,leagueews,20261001,teamfight,0.02409086278903942,0.4625,0.2563333333333333,0.20616666666666666
americas,60,deterministic,mean,leagueews,20261002,teamfight,0.023377813996129163,0.434,0.23566666666666664,0.1983333333333333
americas,60,deterministic,mean,leagueews,20260930,macro,0.07182950964865913,0.4816666666666667,0.232,0.24966666666666662
americas,60,deterministic,mean,leagueews,20261001,macro,0.07261980637595572,0.4822222222222223,0.22616666666666665,0.25605555555555554
americas,60,deterministic,mean,leagueews,20261002,macro,0.07506328752371967,0.4776666666666667,0.2318888888888889,0.2457777777777778
americas,60,deterministic,mean,tcn,20260930,baron,0.1427038626609442,0.5921666666666667,0.38616666666666666,0.20600000000000002
americas,60,deterministic,mean,tcn,20261001,baron,0.13182096873083998,0.5579999999999999,0.35583333333333333,0.20216666666666666
americas,60,deterministic,mean,tcn,20261002,baron,0.1420907418761496,0.5913333333333334,0.3903333333333333,0.201
americas,60,deterministic,mean,tcn,20260930,dragon,0.05581637976004174,0.45233333333333337,0.08966666666666667,0.3626666666666667
americas,60,deterministic,mean,tcn,20261001,dragon,0.041471048513302036,0.36666666666666664,0.06433333333333334,0.30233333333333334
americas,60,deterministic,mean,tcn,20261002,dragon,0.04155798991479743,0.3373333333333334,0.062,0.2753333333333333
americas,60,deterministic,mean,tcn,20260930,teamfight,0.022511969033309567,0.42999999999999994,0.2396666666666667,0.19033333333333335
americas,60,deterministic,mean,tcn,20261001,teamfight,0.023046755627992258,0.43900000000000006,0.23866666666666667,0.2003333333333333
americas,60,deterministic,mean,tcn,20261002,teamfight,0.019710705918304983,0.37,0.1968333333333333,0.17316666666666664
americas,60,deterministic,mean,tcn,20260930,macro,0.0736774038180985,0.49150000000000005,0.23850000000000002,0.253
americas,60,deterministic,mean,tcn,20261001,macro,0.06544625762404475,0.45455555555555555,0.21961111111111112,0.2349444444444444
americas,60,deterministic,mean,tcn,20261002,macro,0.06778647923641733,0.4328888888888889,0.21638888888888888,0.2165
americas,60,deterministic,mean,timely_leagueews,20260930,baron,0.12967504598405885,0.41966666666666663,0.3091666666666667,0.1105
americas,60,deterministic,mean,timely_leagueews,20261001,baron,0.14438994481912937,0.4916666666666667,0.37250000000000005,0.11916666666666667
americas,60,deterministic,mean,timely_leagueews,20261002,baron,0.1525137952176579,0.5051666666666667,0.403,0.10216666666666667
americas,60,deterministic,mean,timely_leagueews,20260930,dragon,0.17188315075639019,0.4388333333333333,0.33499999999999996,0.10383333333333333
americas,60,deterministic,mean,timely_leagueews,20261001,dragon,0.1971830985915493,0.5358333333333334,0.40900000000000003,0.12683333333333335
americas,60,deterministic,mean,timely_leagueews,20261002,dragon,0.1737523908885411,0.44266666666666665,0.3461666666666666,0.0965
americas,60,deterministic,mean,timely_leagueews,20260930,teamfight,0.03468473056942039,0.40783333333333327,0.3388333333333333,0.069
americas,60,deterministic,mean,timely_leagueews,20261001,teamfight,0.03608536212692268,0.4096666666666666,0.3436666666666667,0.066
americas,60,deterministic,mean,timely_leagueews,20261002,teamfight,0.03868289701538148,0.45999999999999996,0.38316666666666666,0.07683333333333334
americas,60,deterministic,mean,timely_leagueews,20260930,macro,0.11208097576995647,0.4221111111111111,0.32766666666666666,0.09444444444444444
americas,60,deterministic,mean,timely_leagueews,20261001,macro,0.12588613517920047,0.47905555555555557,0.37505555555555564,0.10400000000000002
americas,60,deterministic,mean,timely_leagueews,20261002,macro,0.12164969437386015,0.46927777777777774,0.37744444444444447,0.09183333333333332
americas,60,deterministic,mean,timely_tcn,20260930,baron,0.1568056407112201,0.6041666666666667,0.4545,0.14966666666666667
americas,60,deterministic,mean,timely_tcn,20261001,baron,0.14347026364193746,0.5416666666666667,0.4041666666666667,0.1375
americas,60,deterministic,mean,timely_tcn,20261002,baron,0.12967504598405885,0.4891666666666667,0.3766666666666667,0.11250000000000002
americas,60,deterministic,mean,timely_tcn,20260930,dragon,0.1672317857763867,0.4265,0.33299999999999996,0.0935
americas,60,deterministic,mean,timely_tcn,20261001,dragon,0.20770300817249177,0.5803333333333334,0.41100000000000003,0.16933333333333334
americas,60,deterministic,mean,timely_tcn,20261002,dragon,0.1989653973222048,0.5546666666666666,0.4215,0.13316666666666666
americas,60,deterministic,mean,timely_tcn,20260930,teamfight,0.038759295100336155,0.4598333333333333,0.3943333333333333,0.0655
americas,60,deterministic,mean,timely_tcn,20261001,teamfight,0.03249465213405317,0.3933333333333333,0.3318333333333333,0.0615
americas,60,deterministic,mean,timely_tcn,20261002,teamfight,0.03514311907914842,0.40900000000000003,0.3486666666666667,0.060333333333333336
americas,60,deterministic,mean,timely_tcn,20260930,macro,0.12093224052931432,0.4968333333333334,0.39394444444444443,0.10288888888888888
americas,60,deterministic,mean,timely_tcn,20261001,macro,0.12788930798282747,0.5051111111111112,0.38233333333333336,0.12277777777777778
americas,60,deterministic,mean,timely_tcn,20261002,macro,0.12126118746180402,0.4842777777777778,0.38227777777777777,0.102
americas,60,regional_deterministic,0.25,leagueews,20260930,baron,0.0539546290619252,0.22733333333333333,0.092,0.13533333333333333
americas,60,regional_deterministic,0.25,leagueews,20261001,baron,0.03678724708767627,0.18333333333333332,0.068,0.11533333333333333
americas,60,regional_deterministic,0.25,leagueews,20261002,baron,0.03862660944206009,0.20533333333333334,0.08066666666666666,0.12466666666666666
americas,60,regional_deterministic,0.25,leagueews,20260930,dragon,0.010432968179447054,0.14333333333333334,0.012666666666666666,0.13066666666666665
americas,60,regional_deterministic,0.25,leagueews,20261001,dragon,0.014953921057207442,0.18,0.019333333333333334,0.16066666666666668
americas,60,regional_deterministic,0.25,leagueews,20261002,dragon,0.009563554164493131,0.13533333333333333,0.010666666666666666,0.12466666666666666
americas,60,regional_deterministic,0.25,leagueews,20260930,teamfight,0.005195069776917592,0.114,0.04666666666666667,0.06733333333333333
americas,60,regional_deterministic,0.25,leagueews,20261001,teamfight,0.009473362534379139,0.18933333333333333,0.08333333333333333,0.106
americas,60,regional_deterministic,0.25,leagueews,20261002,teamfight,0.005500662116736274,0.114,0.037333333333333336,0.07666666666666666
americas,60,regional_deterministic,0.25,leagueews,20260930,macro,0.023194222339429946,0.16155555555555556,0.05044444444444444,0.11111111111111112
americas,60,regional_deterministic,0.25,leagueews,20261001,macro,0.020404843559754283,0.1842222222222222,0.0568888888888889,0.12733333333333333
americas,60,regional_deterministic,0.25,leagueews,20261002,macro,0.017896941907763166,0.15155555555555555,0.04288888888888889,0.10866666666666665
americas,60,regional_deterministic,0.25,tcn,20260930,baron,0.03801348865726548,0.21133333333333335,0.088,0.12333333333333334
americas,60,regional_deterministic,0.25,tcn,20261001,baron,0.04721030042918455,0.246,0.116,0.13
americas,60,regional_deterministic,0.25,tcn,20261002,baron,0.045370938074800735,0.184,0.072,0.112
americas,60,regional_deterministic,0.25,tcn,20260930,dragon,0.013910624239262736,0.17133333333333334,0.017333333333333333,0.154
americas,60,regional_deterministic,0.25,tcn,20261001,dragon,0.007998608937576073,0.12,0.011333333333333334,0.10866666666666666
americas,60,regional_deterministic,0.25,tcn,20261002,dragon,0.016344983481133717,0.17933333333333334,0.02,0.15933333333333333
americas,60,regional_deterministic,0.25,tcn,20260930,teamfight,0.004583885097280228,0.09133333333333334,0.034666666666666665,0.056666666666666664
americas,60,regional_deterministic,0.25,tcn,20261001,teamfight,0.004176428644188652,0.09333333333333334,0.036,0.05733333333333333
americas,60,regional_deterministic,0.25,tcn,20261002,teamfight,0.011306916573291229,0.248,0.11733333333333333,0.13066666666666665
americas,60,regional_deterministic,0.25,tcn,20260930,macro,0.018835999331269483,0.158,0.04666666666666667,0.11133333333333333
americas,60,regional_deterministic,0.25,tcn,20261001,macro,0.019795112670316424,0.15311111111111111,0.054444444444444455,0.09866666666666667
americas,60,regional_deterministic,0.25,tcn,20261002,macro,0.024340946043075226,0.20377777777777775,0.06977777777777777,0.13399999999999998
americas,60,regional_deterministic,0.25,timely_leagueews,20260930,baron,0.028816676885346414,0.052,0.032,0.02
americas,60,regional_deterministic,0.25,timely_leagueews,20261001,baron,0.020846106683016553,0.06,0.03666666666666667,0.023333333333333334
americas,60,regional_deterministic,0.25,timely_leagueews,20261002,baron,0.02023298589822195,0.051333333333333335,0.034666666666666665,0.016666666666666666
americas,60,regional_deterministic,0.25,timely_leagueews,20260930,dragon,0.06416275430359937,0.12,0.10333333333333333,0.016666666666666666
americas,60,regional_deterministic,0.25,timely_leagueews,20261001,dragon,0.055990262563032515,0.104,0.09066666666666667,0.013333333333333334
americas,60,regional_deterministic,0.25,timely_leagueews,20261002,dragon,0.06225004347070075,0.11333333333333333,0.10266666666666667,0.010666666666666666
americas,60,regional_deterministic,0.25,timely_leagueews,20260930,teamfight,0.012223693592747276,0.10866666666666666,0.08866666666666667,0.02
americas,60,regional_deterministic,0.25,timely_leagueews,20261001,teamfight,0.012733014159111745,0.116,0.09666666666666666,0.019333333333333334
americas,60,regional_deterministic,0.25,timely_leagueews,20261002,teamfight,0.010899460120199654,0.11,0.092,0.018
americas,60,regional_deterministic,0.25,timely_leagueews,20260930,macro,0.03506770826056435,0.09355555555555554,0.07466666666666667,0.01888888888888889
americas,60,regional_deterministic,0.25,timely_leagueews,20261001,macro,0.029856461135053608,0.09333333333333332,0.07466666666666667,0.018666666666666668
americas,60,regional_deterministic,0.25,timely_leagueews,20261002,macro,0.031127496496374116,0.09155555555555556,0.07644444444444444,0.015111111111111112
americas,60,regional_deterministic,0.25,timely_tcn,20260930,baron,0.05272838749233599,0.20733333333333334,0.14733333333333334,0.06
americas,60,regional_deterministic,0.25,timely_tcn,20261001,baron,0.04475781729000613,0.18333333333333332,0.12666666666666668,0.056666666666666664
americas,60,regional_deterministic,0.25,timely_tcn,20261002,baron,0.030656039239730228,0.132,0.09533333333333334,0.03666666666666667
americas,60,regional_deterministic,0.25,timely_tcn,20260930,dragon,0.059989567031820554,0.11866666666666667,0.09933333333333333,0.019333333333333334
americas,60,regional_deterministic,0.25,timely_tcn,20261001,dragon,0.10954616588419405,0.23466666666666666,0.184,0.050666666666666665
americas,60,regional_deterministic,0.25,timely_tcn,20261002,dragon,0.0495565988523735,0.09266666666666666,0.08066666666666666,0.012
americas,60,regional_deterministic,0.25,timely_tcn,20260930,teamfight,0.01466843231129673,0.13466666666666666,0.11333333333333333,0.021333333333333333
americas,60,regional_deterministic,0.25,timely_tcn,20261001,teamfight,0.011408780686564124,0.09866666666666667,0.08133333333333333,0.017333333333333333
americas,60,regional_deterministic,0.25,timely_tcn,20261002,teamfight,0.011306916573291229,0.108,0.088,0.02
americas,60,regional_deterministic,0.25,timely_tcn,20260930,macro,0.04246212894515109,0.15355555555555556,0.12,0.033555555555555554
americas,60,regional_deterministic,0.25,timely_tcn,20261001,macro,0.0552375879535881,0.1722222222222222,0.13066666666666665,0.04155555555555556
americas,60,regional_deterministic,0.25,timely_tcn,20261002,macro,0.030506518221798323,0.11088888888888888,0.08800000000000001,0.02288888888888889
americas,60,regional_deterministic,0.5,leagueews,20260930,baron,0.1072961373390558,0.42,0.23266666666666666,0.18733333333333332
americas,60,regional_deterministic,0.5,leagueews,20261001,baron,0.0931943592887799,0.37933333333333336,0.19466666666666665,0.18466666666666667
americas,60,regional_deterministic,0.5,leagueews,20261002,baron,0.1342734518700184,0.5353333333333333,0.32666666666666666,0.20866666666666667
americas,60,regional_deterministic,0.5,leagueews,20260930,dragon,0.010432968179447054,0.14333333333333334,0.012666666666666666,0.13066666666666665
americas,60,regional_deterministic,0.5,leagueews,20261001,dragon,0.014953921057207442,0.18,0.019333333333333334,0.16066666666666668
americas,60,regional_deterministic,0.5,leagueews,20261002,dragon,0.009563554164493131,0.13533333333333333,0.010666666666666666,0.12466666666666666
americas,60,regional_deterministic,0.5,leagueews,20260930,teamfight,0.01670571457675461,0.3453333333333333,0.162,0.18333333333333332
americas,60,regional_deterministic,0.5,leagueews,20261001,teamfight,0.026077212997860852,0.49933333333333335,0.268,0.23133333333333334
americas,60,regional_deterministic,0.5,leagueews,20261002,teamfight,0.016094529897117245,0.31133333333333335,0.152,0.15933333333333333
americas,60,regional_deterministic,0.5,leagueews,20260930,macro,0.04481160669841915,0.30288888888888893,0.13577777777777778,0.1671111111111111
americas,60,regional_deterministic,0.5,leagueews,20261001,macro,0.04474183111461607,0.35288888888888886,0.16066666666666665,0.1922222222222222
americas,60,regional_deterministic,0.5,leagueews,20261002,macro,0.053310511977209596,0.3273333333333333,0.1631111111111111,0.16422222222222221
americas,60,regional_deterministic,0.5,tcn,20260930,baron,0.11465358675659104,0.4826666666666667,0.2866666666666667,0.196
americas,60,regional_deterministic,0.5,tcn,20261001,baron,0.09748620478234211,0.426,0.24333333333333335,0.18266666666666667
americas,60,regional_deterministic,0.5,tcn,20261002,baron,0.11281422440220723,0.5046666666666667,0.30466666666666664,0.2
americas,60,regional_deterministic,0.5,tcn,20260930,dragon,0.013910624239262736,0.17133333333333334,0.017333333333333333,0.154
americas,60,regional_deterministic,0.5,tcn,20261001,dragon,0.007998608937576073,0.12,0.011333333333333334,0.10866666666666666
americas,60,regional_deterministic,0.5,tcn,20261002,dragon,0.016344983481133717,0.17933333333333334,0.02,0.15933333333333333
americas,60,regional_deterministic,0.5,tcn,20260930,teamfight,0.015788937557298564,0.31133333333333335,0.15866666666666668,0.15266666666666667
americas,60,regional_deterministic,0.5,tcn,20261001,teamfight,0.016298258123663034,0.32666666666666666,0.16266666666666665,0.164
americas,60,regional_deterministic,0.5,tcn,20261002,teamfight,0.011306916573291229,0.248,0.11733333333333333,0.13066666666666665
americas,60,regional_deterministic,0.5,tcn,20260930,macro,0.04811771618438412,0.3217777777777778,0.15422222222222223,0.16755555555555554
americas,60,regional_deterministic,0.5,tcn,20261001,macro,0.04059435728119374,0.2908888888888889,0.1391111111111111,0.1517777777777778
americas,60,regional_deterministic,0.5,tcn,20261002,macro,0.04682204148554406,0.3106666666666667,0.14733333333333334,0.16333333333333333
americas,60,regional_deterministic,0.5,timely_leagueews,20260930,baron,0.0956468424279583,0.2693333333333333,0.19333333333333333,0.076
americas,60,regional_deterministic,0.5,timely_leagueews,20261001,baron,0.10913549969343961,0.3433333333333333,0.25333333333333335,0.09
americas,60,regional_deterministic,0.5,timely_leagueews,20261002,baron,0.09687308399754752,0.33,0.25733333333333336,0.07266666666666667
americas,60,regional_deterministic,0.5,timely_leagueews,20260930,dragon,0.14049730481655365,0.306,0.25133333333333335,0.05466666666666667
americas,60,regional_deterministic,0.5,timely_leagueews,20261001,dragon,0.19196661450182578,0.44866666666666666,0.362,0.08666666666666667
americas,60,regional_deterministic,0.5,timely_leagueews,20261002,dragon,0.1431055468614154,0.29,0.24866666666666667,0.04133333333333333
americas,60,regional_deterministic,0.5,timely_leagueews,20260930,teamfight,0.030762962208413975,0.35133333333333333,0.2906666666666667,0.06066666666666667
americas,60,regional_deterministic,0.5,timely_leagueews,20261001,teamfight,0.03259651624732607,0.34933333333333333,0.292,0.05733333333333333
americas,60,regional_deterministic,0.5,timely_leagueews,20261002,teamfight,0.02811449526331873,0.30466666666666664,0.24866666666666667,0.056
americas,60,regional_deterministic,0.5,timely_leagueews,20260930,macro,0.08896903648430864,0.3088888888888888,0.24511111111111114,0.06377777777777778
americas,60,regional_deterministic,0.5,timely_leagueews,20261001,macro,0.11123287681419715,0.3804444444444444,0.30244444444444446,0.078
americas,60,regional_deterministic,0.5,timely_leagueews,20261002,macro,0.08936437537409388,0.30822222222222223,0.2515555555555556,0.05666666666666667
americas,60,regional_deterministic,0.5,timely_tcn,20260930,baron,0.1220110361741263,0.44666666666666666,0.3293333333333333,0.11733333333333333
americas,60,regional_deterministic,0.5,timely_tcn,20261001,baron,0.1079092581238504,0.398,0.2853333333333333,0.11266666666666666
americas,60,regional_deterministic,0.5,timely_tcn,20261002,baron,0.10055180870631514,0.382,0.2886666666666667,0.09333333333333334
americas,60,regional_deterministic,0.5,timely_tcn,20260930,dragon,0.13841071118066423,0.2926666666666667,0.23866666666666667,0.054
americas,60,regional_deterministic,0.5,timely_tcn,20261001,dragon,0.18466353677621283,0.446,0.33066666666666666,0.11533333333333333
americas,60,regional_deterministic,0.5,timely_tcn,20261002,dragon,0.1959659189706138,0.46266666666666667,0.38,0.08266666666666667
americas,60,regional_deterministic,0.5,timely_tcn,20260930,teamfight,0.03565243964551289,0.41133333333333333,0.354,0.05733333333333333
americas,60,regional_deterministic,0.5,timely_tcn,20261001,teamfight,0.027910767036772945,0.3333333333333333,0.2786666666666667,0.05466666666666667
americas,60,regional_deterministic,0.5,timely_tcn,20261002,teamfight,0.0319853315676887,0.3586666666666667,0.306,0.05266666666666667
americas,60,regional_deterministic,0.5,timely_tcn,20260930,macro,0.09869139566676781,0.3835555555555556,0.3073333333333333,0.07622222222222223
americas,60,regional_deterministic,0.5,timely_tcn,20261001,macro,0.10682785397894538,0.39244444444444443,0.2982222222222222,0.09422222222222221
americas,60,regional_deterministic,0.5,timely_tcn,20261002,macro,0.10950101974820588,0.40111111111111114,0.32488888888888895,0.07622222222222222
americas,60,regional_deterministic,0.75,leagueews,20260930,baron,0.18516247700797056,0.7353333333333333,0.49933333333333335,0.236
americas,60,regional_deterministic,0.75,leagueews,20261001,baron,0.18516247700797056,0.69,0.45866666666666667,0.23133333333333334
americas,60,regional_deterministic,0.75,leagueews,20261002,baron,0.18332311465358675,0.7,0.468,0.232
americas,60,regional_deterministic,0.75,leagueews,20260930,dragon,0.0848548078595027,0.6726666666666666,0.144,0.5286666666666666
americas,60,regional_deterministic,0.75,leagueews,20261001,dragon,0.09667883846287602,0.722,0.15266666666666667,0.5693333333333334
americas,60,regional_deterministic,0.75,leagueews,20261002,dragon,0.09424447922100504,0.6886666666666666,0.148,0.5406666666666666
americas,60,regional_deterministic,0.75,leagueews,20260930,teamfight,0.03565243964551289,0.694,0.3873333333333333,0.30666666666666664
americas,60,regional_deterministic,0.75,leagueews,20261001,teamfight,0.026077212997860852,0.49933333333333335,0.268,0.23133333333333334
americas,60,regional_deterministic,0.75,leagueews,20261002,teamfight,0.03595803198533157,0.6553333333333333,0.37666666666666665,0.2786666666666667
americas,60,regional_deterministic,0.75,leagueews,20260930,macro,0.10188990817099537,0.7006666666666667,0.34355555555555556,0.3571111111111111
americas,60,regional_deterministic,0.75,leagueews,20261001,macro,0.10263950948956914,0.6371111111111111,0.2931111111111111,0.34400000000000003
americas,60,regional_deterministic,0.75,leagueews,20261002,macro,0.10450854195330779,0.6813333333333332,0.33088888888888884,0.3504444444444444
americas,60,regional_deterministic,0.75,tcn,20260930,baron,0.1882280809319436,0.7426666666666667,0.502,0.24066666666666667
americas,60,regional_deterministic,0.75,tcn,20261001,baron,0.16860821581851626,0.688,0.452,0.236
americas,60,regional_deterministic,0.75,tcn,20261002,baron,0.15266707541385652,0.6426666666666667,0.41733333333333333,0.22533333333333333
americas,60,regional_deterministic,0.75,tcn,20260930,dragon,0.09772213528082073,0.7333333333333333,0.162,0.5713333333333334
americas,60,regional_deterministic,0.75,tcn,20261001,dragon,0.074943488089028,0.6133333333333333,0.11733333333333333,0.496
americas,60,regional_deterministic,0.75,tcn,20261002,dragon,0.016344983481133717,0.17933333333333334,0.02,0.15933333333333333
americas,60,regional_deterministic,0.75,tcn,20260930,teamfight,0.03483752673932974,0.6586666666666666,0.38266666666666665,0.276
americas,60,regional_deterministic,0.75,tcn,20261001,teamfight,0.03585616787205868,0.668,0.378,0.29
americas,60,regional_deterministic,0.75,tcn,20261002,teamfight,0.0320871956809616,0.586,0.3253333333333333,0.26066666666666666
americas,60,regional_deterministic,0.75,tcn,20260930,macro,0.10692924765069801,0.7115555555555555,0.34888888888888886,0.3626666666666667
americas,60,regional_deterministic,0.75,tcn,20261001,macro,0.09313595725986766,0.6564444444444444,0.31577777777777777,0.3406666666666667
americas,60,regional_deterministic,0.75,tcn,20261002,macro,0.06703308485865062,0.4693333333333333,0.2542222222222222,0.21511111111111111
americas,60,regional_deterministic,0.75,timely_leagueews,20260930,baron,0.16431637032495403,0.5393333333333333,0.38866666666666666,0.15066666666666667
americas,60,regional_deterministic,0.75,timely_leagueews,20261001,baron,0.18577559779276517,0.6373333333333333,0.47733333333333333,0.16
americas,60,regional_deterministic,0.75,timely_leagueews,20261002,baron,0.20294297976701411,0.6506666666666666,0.5213333333333333,0.12933333333333333
americas,60,regional_deterministic,0.75,timely_leagueews,20260930,dragon,0.21387584767866458,0.5466666666666666,0.416,0.13066666666666665
americas,60,regional_deterministic,0.75,timely_leagueews,20261001,dragon,0.24656581464093202,0.6726666666666666,0.516,0.15666666666666668
americas,60,regional_deterministic,0.75,timely_leagueews,20261002,dragon,0.21665797252651714,0.552,0.43533333333333335,0.11666666666666667
americas,60,regional_deterministic,0.75,timely_leagueews,20260930,teamfight,0.030762962208413975,0.35133333333333333,0.2906666666666667,0.06066666666666667
americas,60,regional_deterministic,0.75,timely_leagueews,20261001,teamfight,0.03259651624732607,0.34933333333333333,0.292,0.05733333333333333
americas,60,regional_deterministic,0.75,timely_leagueews,20261002,teamfight,0.05785881633900377,0.7126666666666667,0.596,0.11666666666666667
americas,60,regional_deterministic,0.75,timely_leagueews,20260930,macro,0.13631839340401083,0.47911111111111104,0.3651111111111111,0.11399999999999999
americas,60,regional_deterministic,0.75,timely_leagueews,20261001,macro,0.1549793095603411,0.5531111111111111,0.42844444444444446,0.12466666666666666
americas,60,regional_deterministic,0.75,timely_leagueews,20261002,macro,0.159153256210845,0.6384444444444445,0.5175555555555555,0.12088888888888889
americas,60,regional_deterministic,0.75,timely_tcn,20260930,baron,0.1888412017167382,0.7326666666666667,0.5493333333333333,0.18333333333333332
americas,60,regional_deterministic,0.75,timely_tcn,20261001,baron,0.1759656652360515,0.652,0.4886666666666667,0.16333333333333333
americas,60,regional_deterministic,0.75,timely_tcn,20261002,baron,0.19374616799509503,0.7213333333333334,0.5613333333333334,0.16
americas,60,regional_deterministic,0.75,timely_tcn,20260930,dragon,0.21005042601286733,0.5313333333333333,0.41933333333333334,0.112
americas,60,regional_deterministic,0.75,timely_tcn,20261001,dragon,0.2422187445661624,0.6973333333333334,0.49533333333333335,0.202
americas,60,regional_deterministic,0.75,timely_tcn,20261002,dragon,0.25143453312467395,0.6986666666666667,0.5333333333333333,0.16533333333333333
americas,60,regional_deterministic,0.75,timely_tcn,20260930,teamfight,0.03565243964551289,0.41133333333333333,0.354,0.05733333333333333
americas,60,regional_deterministic,0.75,timely_tcn,20261001,teamfight,0.027910767036772945,0.3333333333333333,0.2786666666666667,0.05466666666666667
americas,60,regional_deterministic,0.75,timely_tcn,20261002,teamfight,0.0319853315676887,0.3586666666666667,0.306,0.05266666666666667
americas,60,regional_deterministic,0.75,timely_tcn,20260930,macro,0.1448480224583728,0.5584444444444444,0.4408888888888889,0.11755555555555557
americas,60,regional_deterministic,0.75,timely_tcn,20261001,macro,0.14869839227966228,0.5608888888888889,0.42088888888888887,0.14
americas,60,regional_deterministic,0.75,timely_tcn,20261002,macro,0.15905534422915255,0.5928888888888889,0.4668888888888889,0.126
americas,60,regional_deterministic,1.0,leagueews,20260930,baron,0.2317596566523605,0.918,0.6633333333333333,0.25466666666666665
americas,60,regional_deterministic,1.0,leagueews,20261001,baron,0.23666462293071736,0.88,0.6233333333333333,0.25666666666666665
americas,60,regional_deterministic,1.0,leagueews,20261002,baron,0.24340895156345801,0.9073333333333333,0.6473333333333333,0.26
americas,60,regional_deterministic,1.0,leagueews,20260930,dragon,0.0848548078595027,0.6726666666666666,0.144,0.5286666666666666
americas,60,regional_deterministic,1.0,leagueews,20261001,dragon,0.09667883846287602,0.722,0.15266666666666667,0.5693333333333334
americas,60,regional_deterministic,1.0,leagueews,20261002,dragon,0.09424447922100504,0.6886666666666666,0.148,0.5406666666666666
americas,60,regional_deterministic,1.0,leagueews,20260930,teamfight,0.03565243964551289,0.694,0.3873333333333333,0.30666666666666664
americas,60,regional_deterministic,1.0,leagueews,20261001,teamfight,0.051339513089538553,0.972,0.5906666666666667,0.38133333333333336
americas,60,regional_deterministic,1.0,leagueews,20261002,teamfight,0.03595803198533157,0.6553333333333333,0.37666666666666665,0.2786666666666667
americas,60,regional_deterministic,1.0,leagueews,20260930,macro,0.11742230138579203,0.7615555555555554,0.3982222222222222,0.3633333333333333
americas,60,regional_deterministic,1.0,leagueews,20261001,macro,0.12822765816104398,0.858,0.45555555555555555,0.40244444444444444
americas,60,regional_deterministic,1.0,leagueews,20261002,macro,0.12453715425659821,0.7504444444444444,0.39066666666666666,0.35977777777777775
americas,60,regional_deterministic,1.0,tcn,20260930,baron,0.2299202942979767,0.932,0.668,0.264
americas,60,regional_deterministic,1.0,tcn,20261001,baron,0.21397915389331698,0.872,0.612,0.26
americas,60,regional_deterministic,1.0,tcn,20261002,baron,0.2575107296137339,1.034,0.7673333333333333,0.26666666666666666
americas,60,regional_deterministic,1.0,tcn,20260930,dragon,0.09772213528082073,0.7333333333333333,0.162,0.5713333333333334
americas,60,regional_deterministic,1.0,tcn,20261001,dragon,0.074943488089028,0.6133333333333333,0.11733333333333333,0.496
americas,60,regional_deterministic,1.0,tcn,20261002,dragon,0.11719700921578856,0.8113333333333334,0.188,0.6233333333333333
americas,60,regional_deterministic,1.0,tcn,20260930,teamfight,0.03483752673932974,0.6586666666666666,0.38266666666666665,0.276
americas,60,regional_deterministic,1.0,tcn,20261001,teamfight,0.03585616787205868,0.668,0.378,0.29
americas,60,regional_deterministic,1.0,tcn,20261002,teamfight,0.0320871956809616,0.586,0.3253333333333333,0.26066666666666666
americas,60,regional_deterministic,1.0,tcn,20260930,macro,0.12082665210604238,0.7746666666666666,0.40422222222222226,0.3704444444444445
americas,60,regional_deterministic,1.0,tcn,20261001,macro,0.10825960328480122,0.7177777777777777,0.3691111111111111,0.3486666666666667
americas,60,regional_deterministic,1.0,tcn,20261002,macro,0.1355983115034947,0.8104444444444444,0.4268888888888889,0.3835555555555555
americas,60,regional_deterministic,1.0,timely_leagueews,20260930,baron,0.2299202942979767,0.818,0.6226666666666667,0.19533333333333333
americas,60,regional_deterministic,1.0,timely_leagueews,20261001,baron,0.26180257510729615,0.926,0.7226666666666667,0.20333333333333334
americas,60,regional_deterministic,1.0,timely_leagueews,20261002,baron,0.29000613120784796,0.9886666666666667,0.7986666666666666,0.19
americas,60,regional_deterministic,1.0,timely_leagueews,20260930,dragon,0.26899669622674316,0.7826666666666666,0.5693333333333334,0.21333333333333335
americas,60,regional_deterministic,1.0,timely_leagueews,20261001,dragon,0.2942097026604069,0.918,0.6673333333333333,0.25066666666666665
americas,60,regional_deterministic,1.0,timely_leagueews,20261002,dragon,0.2729960006955312,0.8153333333333334,0.598,0.21733333333333332
americas,60,regional_deterministic,1.0,timely_leagueews,20260930,teamfight,0.06498930426810634,0.82,0.6853333333333333,0.13466666666666666
americas,60,regional_deterministic,1.0,timely_leagueews,20261001,teamfight,0.06641540185392686,0.824,0.694,0.13
americas,60,regional_deterministic,1.0,timely_leagueews,20261002,teamfight,0.05785881633900377,0.7126666666666667,0.596,0.11666666666666667
americas,60,regional_deterministic,1.0,timely_leagueews,20260930,macro,0.18796876493094206,0.8068888888888889,0.6257777777777779,0.1811111111111111
americas,60,regional_deterministic,1.0,timely_leagueews,20261001,macro,0.20747589320720997,0.8893333333333334,0.6946666666666667,0.19466666666666665
americas,60,regional_deterministic,1.0,timely_leagueews,20261002,macro,0.20695364941412764,0.8388888888888889,0.6642222222222222,0.17466666666666666
americas,60,regional_deterministic,1.0,timely_tcn,20260930,baron,0.26364193746167996,1.03,0.792,0.238
americas,60,regional_deterministic,1.0,timely_tcn,20261001,baron,0.24524831391784183,0.9333333333333333,0.716,0.21733333333333332
americas,60,regional_deterministic,1.0,timely_tcn,20261002,baron,0.19374616799509503,0.7213333333333334,0.5613333333333334,0.16
americas,60,regional_deterministic,1.0,timely_tcn,20260930,dragon,0.2604764388801947,0.7633333333333333,0.5746666666666667,0.18866666666666668
americas,60,regional_deterministic,1.0,timely_tcn,20261001,dragon,0.29438358546339766,0.9433333333333334,0.634,0.30933333333333335
americas,60,regional_deterministic,1.0,timely_tcn,20261002,dragon,0.29890453834115804,0.9646666666666667,0.692,0.27266666666666667
americas,60,regional_deterministic,1.0,timely_tcn,20260930,teamfight,0.0690638687990221,0.882,0.756,0.126
americas,60,regional_deterministic,1.0,timely_tcn,20261001,teamfight,0.06274829377610268,0.808,0.6886666666666666,0.11933333333333333
americas,60,regional_deterministic,1.0,timely_tcn,20261002,teamfight,0.06529489660792503,0.8106666666666666,0.6946666666666667,0.116
americas,60,regional_deterministic,1.0,timely_tcn,20260930,macro,0.1977274150469656,0.8917777777777779,0.7075555555555555,0.1842222222222222
americas,60,regional_deterministic,1.0,timely_tcn,20261001,macro,0.20079339771911406,0.894888888888889,0.6795555555555556,0.2153333333333333
americas,60,regional_deterministic,1.0,timely_tcn,20261002,macro,0.18598186764805935,0.8322222222222222,0.6493333333333333,0.18288888888888888
americas,60,regional_deterministic,mean,leagueews,20260930,baron,0.14454322501532801,0.5751666666666667,0.37183333333333335,0.2033333333333333
americas,60,regional_deterministic,mean,leagueews,20261001,baron,0.13795217657878603,0.5331666666666667,0.33616666666666667,0.197
americas,60,regional_deterministic,mean,leagueews,20261002,baron,0.1499080318822808,0.587,0.38066666666666665,0.20633333333333334
americas,60,regional_deterministic,mean,leagueews,20260930,dragon,0.047643888019474875,0.40800000000000003,0.07833333333333334,0.32966666666666666
americas,60,regional_deterministic,mean,leagueews,20261001,dragon,0.05581637976004172,0.45099999999999996,0.08600000000000001,0.365
americas,60,regional_deterministic,mean,leagueews,20261002,dragon,0.051904016692749085,0.41200000000000003,0.07933333333333334,0.33266666666666667
americas,60,regional_deterministic,mean,leagueews,20260930,teamfight,0.023301415911174496,0.4618333333333333,0.24583333333333332,0.21599999999999997
americas,60,regional_deterministic,mean,leagueews,20261001,teamfight,0.028241825404909847,0.54,0.3025,0.2375
americas,60,regional_deterministic,mean,leagueews,20261002,teamfight,0.023377813996129163,0.434,0.23566666666666664,0.1983333333333333
americas,60,regional_deterministic,mean,leagueews,20260930,macro,0.07182950964865913,0.4816666666666667,0.232,0.24966666666666662
americas,60,regional_deterministic,mean,leagueews,20261001,macro,0.07400346058124586,0.5080555555555556,0.24155555555555555,0.2665
americas,60,regional_deterministic,mean,leagueews,20261002,macro,0.07506328752371967,0.4776666666666667,0.2318888888888889,0.2457777777777778
americas,60,regional_deterministic,mean,tcn,20260930,baron,0.1427038626609442,0.5921666666666667,0.38616666666666666,0.20600000000000002
americas,60,regional_deterministic,mean,tcn,20261001,baron,0.13182096873083998,0.5579999999999999,0.35583333333333333,0.20216666666666666
americas,60,regional_deterministic,mean,tcn,20261002,baron,0.1420907418761496,0.5913333333333334,0.3903333333333333,0.201
americas,60,regional_deterministic,mean,tcn,20260930,dragon,0.05581637976004174,0.45233333333333337,0.08966666666666667,0.3626666666666667
americas,60,regional_deterministic,mean,tcn,20261001,dragon,0.041471048513302036,0.36666666666666664,0.06433333333333334,0.30233333333333334
americas,60,regional_deterministic,mean,tcn,20261002,dragon,0.04155798991479743,0.3373333333333334,0.062,0.2753333333333333
americas,60,regional_deterministic,mean,tcn,20260930,teamfight,0.022511969033309567,0.42999999999999994,0.2396666666666667,0.19033333333333335
americas,60,regional_deterministic,mean,tcn,20261001,teamfight,0.023046755627992258,0.43900000000000006,0.23866666666666667,0.2003333333333333
americas,60,regional_deterministic,mean,tcn,20261002,teamfight,0.021697056127126413,0.4169999999999999,0.22133333333333333,0.19566666666666666
americas,60,regional_deterministic,mean,tcn,20260930,macro,0.0736774038180985,0.49150000000000005,0.23850000000000002,0.253
americas,60,regional_deterministic,mean,tcn,20261001,macro,0.06544625762404475,0.45455555555555555,0.21961111111111112,0.2349444444444444
americas,60,regional_deterministic,mean,tcn,20261002,macro,0.06844859597269114,0.4485555555555556,0.22455555555555554,0.22399999999999998
americas,60,regional_deterministic,mean,timely_leagueews,20260930,baron,0.12967504598405885,0.41966666666666663,0.3091666666666667,0.1105
americas,60,regional_deterministic,mean,timely_leagueews,20261001,baron,0.14438994481912937,0.4916666666666667,0.37250000000000005,0.11916666666666667
americas,60,regional_deterministic,mean,timely_leagueews,20261002,baron,0.1525137952176579,0.5051666666666667,0.403,0.10216666666666667
americas,60,regional_deterministic,mean,timely_leagueews,20260930,dragon,0.17188315075639019,0.4388333333333333,0.33499999999999996,0.10383333333333333
americas,60,regional_deterministic,mean,timely_leagueews,20261001,dragon,0.1971830985915493,0.5358333333333334,0.40900000000000003,0.12683333333333335
americas,60,regional_deterministic,mean,timely_leagueews,20261002,dragon,0.1737523908885411,0.44266666666666665,0.3461666666666666,0.0965
americas,60,regional_deterministic,mean,timely_leagueews,20260930,teamfight,0.03468473056942039,0.40783333333333327,0.3388333333333333,0.069
americas,60,regional_deterministic,mean,timely_leagueews,20261001,teamfight,0.03608536212692268,0.4096666666666666,0.3436666666666667,0.066
americas,60,regional_deterministic,mean,timely_leagueews,20261002,teamfight,0.03868289701538148,0.45999999999999996,0.38316666666666666,0.07683333333333334
americas,60,regional_deterministic,mean,timely_leagueews,20260930,macro,0.11208097576995647,0.4221111111111111,0.32766666666666666,0.09444444444444444
americas,60,regional_deterministic,mean,timely_leagueews,20261001,macro,0.12588613517920047,0.47905555555555557,0.37505555555555564,0.10400000000000002
americas,60,regional_deterministic,mean,timely_leagueews,20261002,macro,0.12164969437386015,0.46927777777777774,0.37744444444444447,0.09183333333333332
americas,60,regional_deterministic,mean,timely_tcn,20260930,baron,0.1568056407112201,0.6041666666666667,0.4545,0.14966666666666667
americas,60,regional_deterministic,mean,timely_tcn,20261001,baron,0.14347026364193746,0.5416666666666667,0.4041666666666667,0.1375
americas,60,regional_deterministic,mean,timely_tcn,20261002,baron,0.12967504598405885,0.4891666666666667,0.3766666666666667,0.11250000000000002
americas,60,regional_deterministic,mean,timely_tcn,20260930,dragon,0.1672317857763867,0.4265,0.33299999999999996,0.0935
americas,60,regional_deterministic,mean,timely_tcn,20261001,dragon,0.20770300817249177,0.5803333333333334,0.41100000000000003,0.16933333333333334
americas,60,regional_deterministic,mean,timely_tcn,20261002,dragon,0.1989653973222048,0.5546666666666666,0.4215,0.13316666666666666
americas,60,regional_deterministic,mean,timely_tcn,20260930,teamfight,0.038759295100336155,0.4598333333333333,0.3943333333333333,0.0655
americas,60,regional_deterministic,mean,timely_tcn,20261001,teamfight,0.03249465213405317,0.3933333333333333,0.3318333333333333,0.0615
americas,60,regional_deterministic,mean,timely_tcn,20261002,teamfight,0.03514311907914842,0.40900000000000003,0.3486666666666667,0.060333333333333336
americas,60,regional_deterministic,mean,timely_tcn,20260930,macro,0.12093224052931432,0.4968333333333334,0.39394444444444443,0.10288888888888888
americas,60,regional_deterministic,mean,timely_tcn,20261001,macro,0.12788930798282747,0.5051111111111112,0.38233333333333336,0.12277777777777778
americas,60,regional_deterministic,mean,timely_tcn,20261002,macro,0.12126118746180402,0.4842777777777778,0.38227777777777777,0.102
americas,60,matched_early_mixture,0.25,leagueews,20260930,baron,0.0652514355315816,0.2591352009744214,0.1629110840438485,0.09622411693057199
americas,60,matched_early_mixture,0.25,leagueews,20261001,baron,0.06895822346466103,0.2564102564102551,0.181623931623931,0.0747863247863244
americas,60,matched_early_mixture,0.25,leagueews,20261002,baron,0.06804397898818511,0.271283783783783,0.16554054054054007,0.10574324324324255
americas,60,matched_early_mixture,0.25,leagueews,20260930,dragon,0.05211743746750246,0.2532310177705973,0.10621970920840079,0.14701130856219716
americas,60,matched_early_mixture,0.25,leagueews,20261001,dragon,0.0535429822316189,0.2513069454817029,0.11557132188200149,0.1357356235997009
americas,60,matched_early_mixture,0.25,leagueews,20261002,dragon,0.05315597287428272,0.2478000000000001,0.10700000000000011,0.14080000000000012
americas,60,matched_early_mixture,0.25,leagueews,20260930,teamfight,0.014248216261552971,0.2599164926931107,0.1784968684759916,0.0814196242171191
americas,60,matched_early_mixture,0.25,leagueews,20261001,teamfight,0.01359626935633963,0.25741525423728695,0.15642655367231578,0.10098870056497124
americas,60,matched_early_mixture,0.25,leagueews,20261002,teamfight,0.014046284677764536,0.25396688513280485,0.17713004484304826,0.07683684028975504
americas,60,matched_early_mixture,0.25,leagueews,20260930,macro,0.04387236308687901,0.2574275704793764,0.1492092205760803,0.10821834990329608
americas,60,matched_early_mixture,0.25,leagueews,20261001,macro,0.04536582501753985,0.2550441520430817,0.1512072690594161,0.1038368829836655
americas,60,matched_early_mixture,0.25,leagueews,20261002,macro,0.04508207884674412,0.2576835563055293,0.1498901951278628,0.10779336117766591
americas,60,matched_early_mixture,0.25,tcn,20260930,baron,0.06735260529530428,0.26574427480916146,0.17962786259542018,0.0861164122137412
americas,60,matched_early_mixture,0.25,tcn,20261001,baron,0.061235053255240014,0.25847989949748745,0.1598618090452264,0.09861809045226168
americas,60,matched_early_mixture,0.25,tcn,20261002,baron,0.06365806944449587,0.2641874462596745,0.1842218400687882,0.07996560619088605
americas,60,matched_early_mixture,0.25,tcn,20260930,dragon,0.05262560616518425,0.25327510917030577,0.10946804287415633,0.1438070662961498
americas,60,matched_early_mixture,0.25,tcn,20261001,dragon,0.05179943023589541,0.25198788337750866,0.11340401363120037,0.1385838697463082
americas,60,matched_early_mixture,0.25,tcn,20261002,dragon,0.05215914355768791,0.25294888597640963,0.10026212319790337,0.15268676277850554
americas,60,matched_early_mixture,0.25,tcn,20260930,teamfight,0.013426728463035248,0.2602519039250144,0.1682776801405974,0.0919742237844168
americas,60,matched_early_mixture,0.25,tcn,20261001,teamfight,0.013987512323503551,0.25600413650465376,0.14387383660806577,0.11213029989658732
americas,60,matched_early_mixture,0.25,tcn,20261002,teamfight,0.01375344574706457,0.2584218455743884,0.161394852479599,0.09702699309479006
americas,60,matched_early_mixture,0.25,tcn,20260930,macro,0.044468313307841255,0.25975709596816055,0.15245786187005797,0.1072992340981026
americas,60,matched_early_mixture,0.25,tcn,20261001,macro,0.04234066527154632,0.2554906397932166,0.13904655309483083,0.11644408669838573
americas,60,matched_early_mixture,0.25,tcn,20261002,macro,0.043190219583082785,0.2585193926034908,0.14862627191543018,0.10989312068806055
americas,60,matched_early_mixture,0.25,timely_leagueews,20260930,baron,0.08890953091435709,0.2681278016213643,0.19017835002384384,0.07794945159752027
americas,60,matched_early_mixture,0.25,timely_leagueews,20261001,baron,0.08475708520548701,0.2650995024875608,0.19350746268656702,0.07159203980099506
americas,60,matched_early_mixture,0.25,timely_leagueews,20261002,baron,0.08207928490062667,0.27620911528150255,0.21435210008936573,0.061857015192135746
americas,60,matched_early_mixture,0.25,timely_leagueews,20260930,dragon,0.11703049953518595,0.2488197879858655,0.20583510011778566,0.04298468786808
americas,60,matched_early_mixture,0.25,timely_leagueews,20261001,dragon,0.12247869935663373,0.2375277777777779,0.20694444444444443,0.030583333333333636
americas,60,matched_early_mixture,0.25,timely_leagueews,20261002,dragon,0.11807884343095619,0.23531746031746062,0.20347619047619123,0.0318412698412698
americas,60,matched_early_mixture,0.25,timely_leagueews,20260930,teamfight,0.022913466861390737,0.24858867223769854,0.20514020427112378,0.043448467966574145
americas,60,matched_early_mixture,0.25,timely_leagueews,20261001,teamfight,0.02320238135660367,0.23898195631528957,0.19962013295346673,0.03936182336182348
americas,60,matched_early_mixture,0.25,timely_leagueews,20261002,teamfight,0.023007368170860125,0.2469155555555562,0.2021888888888894,0.04472666666666661
americas,60,matched_early_mixture,0.25,timely_leagueews,20260930,macro,0.07628449910364458,0.2551787539483094,0.20038455147091774,0.054794202477391474
americas,60,matched_early_mixture,0.25,timely_leagueews,20261001,macro,0.07681272197290813,0.2472030788602094,0.2000240133614927,0.04717906549871739
americas,60,matched_early_mixture,0.25,timely_leagueews,20261002,macro,0.07438849883414766,0.2528140437181731,0.20667239315148211,0.04614165056669072
americas,60,matched_early_mixture,0.25,timely_tcn,20260930,baron,0.0723871004791801,0.27524334251606986,0.1989752066115703,0.07626813590449956
americas,60,matched_early_mixture,0.25,timely_tcn,20261001,baron,0.07001033182775765,0.25821799307958465,0.18512110726643577,0.07309688581314855
americas,60,matched_early_mixture,0.25,timely_tcn,20261002,baron,0.07127963755173553,0.2707939508506607,0.2046313799621922,0.06616257088846855
americas,60,matched_early_mixture,0.25,timely_tcn,20260930,dragon,0.11589374899931297,0.24270627062706324,0.19866006600660038,0.044046204620462506
americas,60,matched_early_mixture,0.25,timely_tcn,20261001,dragon,0.11848871003800535,0.2598253968253964,0.20146031746031723,0.058365079365079134
americas,60,matched_early_mixture,0.25,timely_tcn,20261002,dragon,0.1212701979525141,0.2567887667887676,0.21511355311355324,0.041675213675214234
americas,60,matched_early_mixture,0.25,timely_tcn,20260930,teamfight,0.023631450519378972,0.25284087102177566,0.21613065326633113,0.03671021775544369
americas,60,matched_early_mixture,0.25,timely_tcn,20261001,teamfight,0.02277335619189663,0.2602767295597482,0.2172327044025159,0.04304402515723264
americas,60,matched_early_mixture,0.25,timely_tcn,20261002,teamfight,0.022159035147374464,0.2395509138381215,0.20240731070496118,0.03714360313315952
americas,60,matched_early_mixture,0.25,timely_tcn,20260930,macro,0.07063743333262401,0.25693016138830294,0.20458864196150062,0.05234151942680192
americas,60,matched_early_mixture,0.25,timely_tcn,20261001,macro,0.07042413268588654,0.2594400398215764,0.20127137637642298,0.058168663445153444
americas,60,matched_early_mixture,0.25,timely_tcn,20261002,macro,0.07156962355054138,0.2557112104925166,0.20738408126023555,0.048327129232280774
americas,60,matched_early_mixture,0.5,leagueews,20260930,baron,0.1305028710631632,0.5182704019488428,0.325822168087697,0.1924482338611439
americas,60,matched_early_mixture,0.5,leagueews,20261001,baron,0.13791644692932206,0.5128205128205102,0.363247863247862,0.1495726495726488
americas,60,matched_early_mixture,0.5,leagueews,20261002,baron,0.1361105178918748,0.5415006242197251,0.3319600499375777,0.20954057428214723
americas,60,matched_early_mixture,0.5,leagueews,20260930,dragon,0.10423487493500493,0.5064620355411946,0.21243941841680158,0.2940226171243943
americas,60,matched_early_mixture,0.5,leagueews,20261001,dragon,0.1070859644632377,0.5026138909634056,0.23114264376400273,0.2714712471994016
americas,60,matched_early_mixture,0.5,leagueews,20261002,dragon,0.10631194574856544,0.4956000000000002,0.21400000000000022,0.2816000000000001
americas,60,matched_early_mixture,0.5,leagueews,20260930,teamfight,0.028496432523105946,0.5198329853862216,0.35699373695198333,0.16283924843423833
americas,60,matched_early_mixture,0.5,leagueews,20261001,teamfight,0.02719253871267926,0.5148305084745739,0.3128531073446316,0.20197740112994247
americas,60,matched_early_mixture,0.5,leagueews,20261002,teamfight,0.028092569355529073,0.5079337702656097,0.3542600896860965,0.15367368057951009
americas,60,matched_early_mixture,0.5,leagueews,20260930,macro,0.08774472617375802,0.514855140958753,0.29841844115216065,0.2164366998065922
americas,60,matched_early_mixture,0.5,leagueews,20261001,macro,0.09073165003507967,0.5100883040861632,0.3024145381188321,0.20767376596733092
americas,60,matched_early_mixture,0.5,leagueews,20261002,macro,0.0901716776653231,0.5150114648284451,0.3000733798745581,0.21493808495388578
americas,60,matched_early_mixture,0.5,tcn,20260930,baron,0.13470521059060855,0.5314885496183229,0.35925572519084037,0.1722328244274824
americas,60,matched_early_mixture,0.5,tcn,20261001,baron,0.12247010651048003,0.5169597989949749,0.3197236180904528,0.19723618090452336
americas,60,matched_early_mixture,0.5,tcn,20261002,baron,0.12731613888899174,0.528374892519349,0.3684436801375764,0.1599312123817721
americas,60,matched_early_mixture,0.5,tcn,20260930,dragon,0.1052512123303685,0.5065502183406115,0.21893608574831266,0.2876141325922996
americas,60,matched_early_mixture,0.5,tcn,20261001,dragon,0.10359886047179082,0.5039757667550168,0.22680802726240074,0.2771677394926162
americas,60,matched_early_mixture,0.5,tcn,20261002,dragon,0.10431828711537582,0.5058977719528193,0.20052424639580674,0.3053735255570111
americas,60,matched_early_mixture,0.5,tcn,20260930,teamfight,0.026853456926070496,0.5205038078500289,0.33655536028119487,0.1839484475688336
americas,60,matched_early_mixture,0.5,tcn,20261001,teamfight,0.027655422041350526,0.5135015511892437,0.2902026887280241,0.22329886246121888
americas,60,matched_early_mixture,0.5,tcn,20261002,teamfight,0.027589508213745357,0.5183088512241049,0.32429504080351773,0.19401381042059032
americas,60,matched_early_mixture,0.5,tcn,20260930,macro,0.08893662661568251,0.5195141919363211,0.30491572374011594,0.2145984681962052
americas,60,matched_early_mixture,0.5,tcn,20261001,macro,0.08457479634120713,0.5114790389797451,0.2789114446936259,0.23256759428611948
americas,60,matched_early_mixture,0.5,tcn,20261002,macro,0.0864079780727043,0.5175271718987577,0.2977543224456336,0.2197728494531245
americas,60,matched_early_mixture,0.5,timely_leagueews,20260930,baron,0.1616024994978372,0.5295727229375322,0.3815231282784931,0.1480495946590365
americas,60,matched_early_mixture,0.5,timely_leagueews,20261001,baron,0.15480815409123208,0.5185387509405555,0.38682317531978866,0.13171557562076672
americas,60,matched_early_mixture,0.5,timely_leagueews,20261002,baron,0.15867919634014033,0.5168500000000016,0.4111641025641023,0.105685897435897
americas,60,matched_early_mixture,0.5,timely_leagueews,20260930,dragon,0.1901056489534629,0.4900214477211787,0.3741000893655053,0.11592135835567448
americas,60,matched_early_mixture,0.5,timely_leagueews,20261001,dragon,0.19881188735508673,0.4767502487562186,0.38130746268656684,0.09544278606965174
americas,60,matched_early_mixture,0.5,timely_leagueews,20261002,dragon,0.19910792994154744,0.4894852546916915,0.3907935656836477,0.09869168900804288
americas,60,matched_early_mixture,0.5,timely_leagueews,20260930,teamfight,0.04238012245089723,0.5104089294774204,0.4246250634195841,0.08578386605783843
americas,60,matched_early_mixture,0.5,timely_leagueews,20261001,teamfight,0.04255165299631136,0.48905915492957397,0.4103352112676051,0.07872394366197162
americas,60,matched_early_mixture,0.5,timely_leagueews,20261002,teamfight,0.04201461916470106,0.4953333333333318,0.4109825708061001,0.08435076252723286
americas,60,matched_early_mixture,0.5,timely_leagueews,20260930,macro,0.1313627569673991,0.5100010333787104,0.39341609368786085,0.1165849396908498
americas,60,matched_early_mixture,0.5,timely_leagueews,20261001,macro,0.13205723148087672,0.49478271820878267,0.39282194975798684,0.1019607684507967
americas,60,matched_early_mixture,0.5,timely_leagueews,20261002,macro,0.1332672484821296,0.5005561960083417,0.40431341301795004,0.09624278299039091
americas,60,matched_early_mixture,0.5,timely_tcn,20260930,baron,0.14039732573728478,0.525350877192983,0.3898596491228071,0.135491228070176
americas,60,matched_early_mixture,0.5,timely_tcn,20261001,baron,0.1398920505372343,0.5173661202185812,0.3808888888888892,0.13647723132969083
americas,60,matched_early_mixture,0.5,timely_tcn,20261002,baron,0.1431054314394148,0.5369435261707998,0.4131694214876039,0.1237741046831965
americas,60,matched_early_mixture,0.5,timely_tcn,20260930,dragon,0.19652969110087434,0.48628920187793195,0.38523568075117515,0.10105352112676019
americas,60,matched_early_mixture,0.5,timely_tcn,20261001,dragon,0.1961455100474402,0.49613973063972755,0.363516835016836,0.13262289562289425
americas,60,matched_early_mixture,0.5,timely_tcn,20261002,dragon,0.19781487277574905,0.47053333333333086,0.3851111111111119,0.08542222222222139
americas,60,matched_early_mixture,0.5,timely_tcn,20260930,teamfight,0.04272950028753879,0.5110278578290104,0.439149855907782,0.07187800192122973
americas,60,matched_early_mixture,0.5,timely_tcn,20261001,teamfight,0.04182561129155604,0.5229252291365194,0.44242932947419383,0.08049589966232547
americas,60,matched_early_mixture,0.5,timely_tcn,20261002,teamfight,0.04141164542804895,0.4865786901270782,0.4159892473118296,0.07058944281524941
americas,60,matched_early_mixture,0.5,timely_tcn,20260930,macro,0.12655217237523264,0.5075559789666418,0.4047483952605881,0.1028075837060553
americas,60,matched_early_mixture,0.5,timely_tcn,20261001,macro,0.12595439062541017,0.5121436933316094,0.395611684459973,0.11653200887163685
americas,60,matched_early_mixture,0.5,timely_tcn,20261002,macro,0.12744398321440426,0.4980185165437363,0.4047565933035151,0.09326192324022244
americas,60,matched_early_mixture,0.75,leagueews,20260930,baron,0.195663550521373,0.773892757102842,0.5388963585434153,0.23499639855942295
americas,60,matched_early_mixture,0.75,leagueews,20261001,baron,0.20687467039398347,0.7692307692307648,0.5448717948717929,0.2243589743589729
americas,60,matched_early_mixture,0.75,leagueews,20261002,baron,0.2036014236488363,0.781735797399042,0.5422245037645452,0.23951129363449788
americas,60,matched_early_mixture,0.75,leagueews,20260930,dragon,0.15635231240250652,0.7596930533117918,0.3186591276252026,0.4410339256865908
americas,60,matched_early_mixture,0.75,leagueews,20261001,dragon,0.16062894669485644,0.7539208364451081,0.34671396564600415,0.4072068707991042
americas,60,matched_early_mixture,0.75,leagueews,20261002,dragon,0.15946791862284818,0.7434000000000003,0.32099999999999995,0.4223999999999999
americas,60,matched_early_mixture,0.75,leagueews,20260930,teamfight,0.04274464878465904,0.7797494780793304,0.5354906054279746,0.24425887265135676
americas,60,matched_early_mixture,0.75,leagueews,20261001,teamfight,0.040788808069018856,0.7722457627118656,0.4692796610169476,0.30296610169491395
americas,60,matched_early_mixture,0.75,leagueews,20261002,teamfight,0.04213885403329355,0.7619006553984093,0.5313901345291427,0.23051052086926477
americas,60,matched_early_mixture,0.75,leagueews,20260930,macro,0.13158683723617953,0.7711117628313214,0.4643486971988642,0.30676306563245687
americas,60,matched_early_mixture,0.75,leagueews,20261001,macro,0.1360974750526196,0.7651324561292462,0.45362180717824824,0.31151064895099706
americas,60,matched_early_mixture,0.75,leagueews,20261002,macro,0.135069398768326,0.7623454842658172,0.464871546097896,0.29747393816792084
americas,60,matched_early_mixture,0.75,tcn,20260930,baron,0.20034242217414958,0.7976805031446517,0.5502339622641519,0.2474465408805034
americas,60,matched_early_mixture,0.75,tcn,20261001,baron,0.18743523035368495,0.769823977823981,0.5258350658350668,0.24398891198891287
americas,60,matched_early_mixture,0.75,tcn,20261002,baron,0.19097420833348736,0.7925623387790238,0.552665520206365,0.23989681857265838
americas,60,matched_early_mixture,0.75,tcn,20260930,dragon,0.1578768184955532,0.759825327510917,0.3284041286224705,0.43142119888844693
americas,60,matched_early_mixture,0.75,tcn,20261001,dragon,0.15539829070768563,0.7559636501325252,0.3402120408936007,0.4157516092389215
americas,60,matched_early_mixture,0.75,tcn,20261002,dragon,0.15647743067306344,0.7588466579292253,0.30078636959370914,0.45806028833551593
americas,60,matched_early_mixture,0.75,tcn,20260930,teamfight,0.040280185389105674,0.7807557117750423,0.5048330404217923,0.2759226713532511
americas,60,matched_early_mixture,0.75,tcn,20261001,teamfight,0.04110878529356404,0.7699822639540944,0.4547344809598332,0.31524778299426065
americas,60,matched_early_mixture,0.75,tcn,20261002,teamfight,0.041425570680425856,0.7781958568738224,0.4871952291274256,0.2910006277463895
americas,60,matched_early_mixture,0.75,tcn,20260930,macro,0.1328331420196028,0.779420514143537,0.4611570437694716,0.31826347037406716
americas,60,matched_early_mixture,0.75,tcn,20261001,macro,0.1279807687849782,0.7652566306368668,0.44026052922950026,0.324996101407365
americas,60,matched_early_mixture,0.75,tcn,20261002,macro,0.12962573656232554,0.7765349511940238,0.44688237297583316,0.3296525782181879
americas,60,matched_early_mixture,0.75,timely_leagueews,20260930,baron,0.22083908286495676,0.7794256165473381,0.5902752585521103,0.18915035799522767
americas,60,matched_early_mixture,0.75,timely_leagueews,20261001,baron,0.22011036174126258,0.7676989247311851,0.5881290322580653,0.17956989247311864
americas,60,matched_early_mixture,0.75,timely_leagueews,20261002,baron,0.2314232653315106,0.7612339544513423,0.6120552104899928,0.14917874396135278
americas,60,matched_early_mixture,0.75,timely_leagueews,20260930,dragon,0.2546998470483981,0.729632707774801,0.5339526362823973,0.19568007149240552
americas,60,matched_early_mixture,0.75,timely_leagueews,20261001,dragon,0.2578246008587913,0.7306416906820391,0.5517617675312204,0.17887992315081722
americas,60,matched_early_mixture,0.75,timely_leagueews,20261002,dragon,0.258618066423231,0.7481284722222217,0.5564861111111103,0.19164236111111055
americas,60,matched_early_mixture,0.75,timely_leagueews,20260930,teamfight,0.06191570581830154,0.7779127346524651,0.6498914256722506,0.12802130898021422
americas,60,matched_early_mixture,0.75,timely_leagueews,20261001,teamfight,0.060413740464586384,0.7397633802816879,0.6226591549295758,0.11710422535211183
americas,60,matched_early_mixture,0.75,timely_leagueews,20261002,teamfight,0.059892146553510446,0.7450164888457795,0.6233436792757887,0.1216728095699976
americas,60,matched_early_mixture,0.75,timely_leagueews,20260930,macro,0.17915154524388546,0.762323686324868,0.5913731068355861,0.17095057948928247
americas,60,matched_early_mixture,0.75,timely_leagueews,20261001,macro,0.1794495676882134,0.7460346652316373,0.5875166515729539,0.15851801365868257
americas,60,matched_early_mixture,0.75,timely_leagueews,20261002,macro,0.18331115943608403,0.7514596385064478,0.5972950002922973,0.15416463821415363
americas,60,matched_early_mixture,0.75,timely_tcn,20260930,baron,0.20187903487575276,0.7830196078431362,0.5918039215686266,0.1912156862745095
americas,60,matched_early_mixture,0.75,timely_tcn,20261001,baron,0.20625590536021596,0.7749983896940392,0.5880563607085335,0.18694202898550683
americas,60,matched_early_mixture,0.75,timely_tcn,20261002,baron,0.2110583545033344,0.8004786004373649,0.6283723836301149,0.1721062168072475
americas,60,matched_early_mixture,0.75,timely_tcn,20260930,dragon,0.2508147618741194,0.7188818897637771,0.5449046369203857,0.17397725284339563
americas,60,matched_early_mixture,0.75,timely_tcn,20261001,dragon,0.24943965332997983,0.7313858392999206,0.5145282418456628,0.21685759745425487
americas,60,matched_early_mixture,0.75,timely_tcn,20261002,dragon,0.25475497390406526,0.7172728842832508,0.5444317789291871,0.1728411053540584
americas,60,matched_early_mixture,0.75,timely_tcn,20260930,teamfight,0.06078322641515512,0.7653506243996121,0.65636887608069,0.10898174831892395
americas,60,matched_early_mixture,0.75,timely_tcn,20261001,teamfight,0.060731649681206784,0.7805229136517158,0.6649329474192016,0.11558996623251369
americas,60,matched_early_mixture,0.75,timely_tcn,20261002,teamfight,0.05972702209973304,0.7351124144672537,0.6296989247311854,0.1054134897360706
americas,60,matched_early_mixture,0.75,timely_tcn,20260930,macro,0.17115900772167578,0.7557507073355084,0.5976924781899008,0.15805822914560969
americas,60,matched_early_mixture,0.75,timely_tcn,20261001,macro,0.17214240279046752,0.762302380881892,0.5891725166577993,0.1731298642240918
americas,60,matched_early_mixture,0.75,timely_tcn,20261002,macro,0.1751801168357109,0.7509546330626232,0.6008343624301625,0.15012027063245884
americas,60,matched_early_mixture,1.0,leagueews,20260930,baron,0.2608030336598161,1.0286946778711474,0.7636862745098041,0.26500840336134607
americas,60,matched_early_mixture,1.0,leagueews,20261001,baron,0.27072435058081973,1.0226348733234003,0.7543288623944355,0.26830601092896056
americas,60,matched_early_mixture,1.0,leagueews,20261002,baron,0.26804520223543543,1.041489390828198,0.7781074606433932,0.2633819301848033
americas,60,matched_early_mixture,1.0,leagueews,20260930,dragon,0.20846974987000985,1.0129240710823892,0.42487883683360317,0.5880452342487886
americas,60,matched_early_mixture,1.0,leagueews,20261001,dragon,0.2141719289264754,1.0052277819268112,0.46228528752800546,0.5429424943988032
americas,60,matched_early_mixture,1.0,leagueews,20261002,dragon,0.21262389149713087,0.9912000000000004,0.42800000000000044,0.5632000000000001
americas,60,matched_early_mixture,1.0,leagueews,20260930,teamfight,0.05699286504621189,1.0396659707724432,0.7139874739039667,0.32567849686847666
americas,60,matched_early_mixture,1.0,leagueews,20261001,teamfight,0.05425521309075141,1.0279999999999954,0.6332765408196178,0.394723459180379
americas,60,matched_early_mixture,1.0,leagueews,20261002,teamfight,0.056185138711058145,1.0158675405312194,0.708520179372193,0.30734736115902017
americas,60,matched_early_mixture,1.0,leagueews,20260930,macro,0.1754218828586793,1.0270949065753265,0.6341841950824579,0.3929107114928705
americas,60,matched_early_mixture,1.0,leagueews,20261001,macro,0.17971716419934883,1.0186208850834022,0.616630230247353,0.4019906548360475
americas,60,matched_early_mixture,1.0,leagueews,20261002,macro,0.17895141081454147,1.0161856437864725,0.6382092133385289,0.37797643044794116
americas,60,matched_early_mixture,1.0,tcn,20260930,baron,0.2630244989248801,1.0566666666666635,0.783009389671361,0.2736572769953047
americas,60,matched_early_mixture,1.0,tcn,20261001,baron,0.2524114865620007,1.0310505394662117,0.7596536059057357,0.27139693356047756
americas,60,matched_early_mixture,1.0,tcn,20261002,baron,0.257039634739792,1.0560813512581841,0.7901916580489462,0.26588969320923644
americas,60,matched_early_mixture,1.0,tcn,20260930,dragon,0.210502424660737,1.013100436681223,0.43787217149662533,0.5752282651845992
americas,60,matched_early_mixture,1.0,tcn,20261001,dragon,0.20719772094358163,1.0079515335100335,0.45361605452480147,0.5543354789852324
americas,60,matched_early_mixture,1.0,tcn,20261002,dragon,0.20863657423075163,1.0117955439056385,0.4010484927916135,0.6107470511140222
americas,60,matched_early_mixture,1.0,tcn,20260930,teamfight,0.05370691385214099,1.0410076157000578,0.6731107205623897,0.3678968951376672
americas,60,matched_early_mixture,1.0,tcn,20261001,teamfight,0.05424032884732707,1.0249379238393288,0.6465706833594159,0.37836724047991604
americas,60,matched_early_mixture,1.0,tcn,20261002,teamfight,0.05526163314710663,1.0380828625235432,0.650095417451347,0.3879874450721908
americas,60,matched_early_mixture,1.0,tcn,20260930,macro,0.1757446124792527,1.0369249063493147,0.631330760576792,0.4055941457725238
americas,60,matched_early_mixture,1.0,tcn,20261001,macro,0.17128317878430313,1.0213133322718582,0.6199467812633177,0.401366551008542
americas,60,matched_early_mixture,1.0,tcn,20261002,macro,0.1736459473725501,1.0353199192291218,0.6137785227639689,0.42154139646514976
americas,60,matched_early_mixture,1.0,timely_leagueews,20260930,baron,0.28224779512333226,1.0261869313482275,0.8025359801488867,0.22365095119934006
americas,60,matched_early_mixture,1.0,timely_leagueews,20261001,baron,0.28395467296078847,1.0226738265712016,0.8087684964200492,0.21390533015115298
americas,60,matched_early_mixture,1.0,timely_leagueews,20261002,baron,0.29750133022901587,1.023982378854622,0.8295036710719527,0.1944787077826729
americas,60,matched_early_mixture,1.0,timely_leagueews,20260930,dragon,0.3039448814096711,0.9731197691197655,0.6729870129870142,0.3001327561327547
americas,60,matched_early_mixture,1.0,timely_leagueews,20261001,dragon,0.30556099925492247,0.9844125831820927,0.7003399879007874,0.28407259528130513
americas,60,matched_early_mixture,1.0,timely_leagueews,20261002,dragon,0.3023749793469068,0.9839087136929493,0.6857358229598878,0.2981728907330568
americas,60,matched_early_mixture,1.0,timely_leagueews,20260930,teamfight,0.07767422100928105,1.007595451825256,0.8434278874925186,0.16416756433273486
americas,60,matched_early_mixture,1.0,timely_leagueews,20261001,teamfight,0.07656106753590733,0.9847051724137934,0.829805172413794,0.15490000000000018
americas,60,matched_early_mixture,1.0,timely_leagueews,20261002,teamfight,0.07545334717473309,0.9925916585838996,0.8326065308761726,0.15998512770772738
americas,60,matched_early_mixture,1.0,timely_leagueews,20260930,macro,0.2212889658474281,1.002300717431083,0.7729836268761399,0.2293170905549432
americas,60,matched_early_mixture,1.0,timely_leagueews,20261001,macro,0.22202557991720606,0.9972638607223626,0.7796378855782103,0.21762597514415274
americas,60,matched_early_mixture,1.0,timely_leagueews,20261002,macro,0.22510988558355194,1.0001609170438235,0.7826153416360043,0.21754557540781905
americas,60,matched_early_mixture,1.0,timely_tcn,20260930,baron,0.26978441591228847,1.0452745098039262,0.8130049019607877,0.2322696078431385
americas,60,matched_early_mixture,1.0,timely_tcn,20261001,baron,0.27130370960451505,1.0388256285482624,0.8053690186536933,0.23345660989456715
americas,60,matched_early_mixture,1.0,timely_tcn,20261002,baron,0.2690232646871736,1.0654739144017493,0.8528334895345223,0.21264042486722945
americas,60,matched_early_mixture,1.0,timely_tcn,20260930,dragon,0.2955778517287852,0.9704434998228818,0.6863521076868594,0.28409139213602597
americas,60,matched_early_mixture,1.0,timely_tcn,20261001,dragon,0.29604866694068627,0.9527636867636922,0.6390838530838528,0.3136798336798364
americas,60,matched_early_mixture,1.0,timely_tcn,20261002,dragon,0.3008255293075321,0.9760740740740718,0.6979047619047609,0.27816931216931123
americas,60,matched_early_mixture,1.0,timely_tcn,20260930,teamfight,0.07603740535811826,1.0099544964997313,0.8634577275175027,0.14649676898222938
americas,60,matched_early_mixture,1.0,timely_tcn,20261001,teamfight,0.07656729724200845,1.0290774410774417,0.8707786960514243,0.15829874502601804
americas,60,matched_early_mixture,1.0,timely_tcn,20261002,teamfight,0.07570162546020745,0.9811866666666668,0.8350266666666645,0.14615999999999985
americas,60,matched_early_mixture,1.0,timely_tcn,20260930,macro,0.21379989099973065,1.0085575020421798,0.7876049123883831,0.22095258965379797
americas,60,matched_early_mixture,1.0,timely_tcn,20261001,macro,0.21463989126240324,1.0068889187964654,0.7717438559296568,0.23514506286680717
americas,60,matched_early_mixture,1.0,timely_tcn,20261002,macro,0.2151834731516377,1.0075782183808293,0.7952549727019825,0.21232324567884686
americas,60,matched_early_mixture,mean,leagueews,20260930,baron,0.16305522269398348,0.6449982594743133,0.44782897129619126,0.19716928817812124
americas,60,matched_early_mixture,mean,leagueews,20261001,baron,0.17111842284219658,0.6402741029462327,0.46101811303450535,0.17925598991172664
americas,60,matched_early_mixture,mean,leagueews,20261002,baron,0.16895028069108292,0.659002399057687,0.4544581387215141,0.20454426033617273
americas,60,matched_early_mixture,mean,leagueews,20260930,dragon,0.13029359366875595,0.6330775444264932,0.26554927302100206,0.3675282714054927
americas,60,matched_early_mixture,mean,leagueews,20261001,dragon,0.1338574555790471,0.6282673637042568,0.28892830470500347,0.33933905899925243
americas,60,matched_early_mixture,mean,leagueews,20261002,dragon,0.1328899321857068,0.6195000000000003,0.2675000000000002,0.3520000000000001
americas,60,matched_early_mixture,mean,leagueews,20260930,teamfight,0.03562054065388246,0.6497912317327764,0.446242171189979,0.2035490605427977
americas,60,matched_early_mixture,mean,leagueews,20261001,teamfight,0.033958207307197286,0.6431228813559304,0.3929589657133782,0.2501639156425517
americas,60,matched_early_mixture,mean,leagueews,20261002,teamfight,0.03511571169441133,0.6349172128320109,0.4428251121076201,0.1920921007243875
americas,60,matched_early_mixture,mean,leagueews,20260930,macro,0.10965645233887399,0.6426223452111944,0.3865401385023908,0.25608220670880383
americas,60,matched_early_mixture,mean,leagueews,20261001,macro,0.11297802857614699,0.6372214493354733,0.38096846115096233,0.25625298818451026
americas,60,matched_early_mixture,mean,leagueews,20261002,macro,0.11231864152373368,0.6378065372965661,0.3882610836097114,0.24954545368685344
americas,60,matched_early_mixture,mean,tcn,20260930,baron,0.16635618424623563,0.6628949985596999,0.46803173493044337,0.19486326362925793
americas,60,matched_early_mixture,mean,tcn,20261001,baron,0.15588796917035141,0.6440785539456637,0.4412685247191204,0.20281002922654387
americas,60,matched_early_mixture,mean,tcn,20261002,baron,0.15974701285169174,0.6603015072040579,0.47388067461541894,0.18642083258863823
americas,60,matched_early_mixture,mean,tcn,20260930,dragon,0.13156401541296073,0.6331877729257643,0.2736701071853912,0.3595176657403739
americas,60,matched_early_mixture,mean,tcn,20261001,dragon,0.12949857558973837,0.629969708443771,0.2835100340780008,0.3464596743657696
americas,60,matched_early_mixture,mean,tcn,20261002,dragon,0.1303978588942197,0.6323722149410231,0.2506553079947582,0.3817169069462637
americas,60,matched_early_mixture,mean,tcn,20260930,teamfight,0.033566821157588106,0.6506297598125359,0.4206942003514935,0.2299355594610422
americas,60,matched_early_mixture,mean,tcn,20261001,teamfight,0.0342480121264363,0.6411064688718302,0.3838454224138348,0.25726104645799575
americas,60,matched_early_mixture,mean,tcn,20261002,teamfight,0.0345075394470856,0.6482523540489646,0.4057451349654724,0.24250721908349016
americas,60,matched_early_mixture,mean,tcn,20260930,macro,0.11049567360559483,0.6489041770993333,0.3874653474891094,0.26143882961022463
americas,60,matched_early_mixture,mean,tcn,20261001,macro,0.1065448522955087,0.6383849104204217,0.36954132707031867,0.26884358335010305
americas,60,matched_early_mixture,mean,tcn,20261002,macro,0.10821747039766567,0.6469753587313486,0.3767603725252165,0.27021498620613066
americas,60,matched_early_mixture,mean,timely_leagueews,20260930,baron,0.18839972710012082,0.6508282681136155,0.4911281792508335,0.15970008886278111
americas,60,matched_early_mixture,mean,timely_leagueews,20261001,baron,0.18590756849969253,0.6435027511826257,0.49430704167111755,0.14919570951150835
americas,60,matched_early_mixture,mean,timely_leagueews,20261002,baron,0.19242076920032336,0.6445688621468671,0.5167687710538533,0.1278000910930146
americas,60,matched_early_mixture,mean,timely_leagueews,20260930,dragon,0.21644521923667948,0.6103984281504027,0.4467187096881756,0.16367971846222867
americas,60,matched_early_mixture,mean,timely_leagueews,20261001,dragon,0.22116904670635856,0.607333075099532,0.46008841564075476,0.14724465945877693
americas,60,matched_early_mixture,mean,timely_leagueews,20261002,dragon,0.21954495478566036,0.6142099752310808,0.45912292255770926,0.15508705267337003
americas,60,matched_early_mixture,mean,timely_leagueews,20260930,teamfight,0.05122087903496764,0.63612644704821,0.5307711452138693,0.10535530183434041
americas,60,matched_early_mixture,mean,timely_leagueews,20261001,teamfight,0.050682210588352185,0.6131274159850861,0.5156049178911104,0.09752249809397678
americas,60,matched_early_mixture,mean,timely_leagueews,20261002,teamfight,0.05009187026595118,0.6199642590796417,0.5172804174617377,0.10268384161790611
americas,60,matched_early_mixture,mean,timely_leagueews,20260930,macro,0.1520219417905893,0.6324510477707427,0.48953934471762617,0.14291170305311673
americas,60,matched_early_mixture,mean,timely_leagueews,20261001,macro,0.1525862752648011,0.621321080755748,0.4900001250676609,0.13132095568808735
americas,60,matched_early_mixture,mean,timely_leagueews,20261002,macro,0.15401919808397832,0.6262476988191965,0.4977240370244334,0.12852366179476357
americas,60,matched_early_mixture,mean,timely_tcn,20260930,baron,0.17111196925112654,0.6572220843390288,0.49841091981594793,0.15881116452308086
americas,60,matched_early_mixture,mean,timely_tcn,20261001,baron,0.17186549933243073,0.6473520328851169,0.48985884387938794,0.15749318900572834
americas,60,matched_early_mixture,mean,timely_tcn,20261002,baron,0.1736166720454146,0.6684224979651436,0.5247516686536083,0.1436708293115355
americas,60,matched_early_mixture,mean,timely_tcn,20260930,dragon,0.214704013425773,0.6045802155229135,0.45378812284125514,0.15079209268166108
americas,60,matched_early_mixture,mean,timely_tcn,20261001,dragon,0.21503063508902792,0.6100286633821842,0.42964731185166716,0.18038135153051615
americas,60,matched_early_mixture,mean,timely_tcn,20261002,dragon,0.21866639348496514,0.6051672646198553,0.4606403012646533,0.14452696335520132
americas,60,matched_early_mixture,mean,timely_tcn,20260930,teamfight,0.050795395645047786,0.6347934624375324,0.5437767781930765,0.09101668424445669
americas,60,matched_early_mixture,mean,timely_tcn,20261001,teamfight,0.050474478601666976,0.6482005783563562,0.5488434193368339,0.09935715901952247
americas,60,matched_early_mixture,mean,timely_tcn,20261002,teamfight,0.04974983203384097,0.61060717127478,0.5207805373536601,0.08982663392111985
americas,60,matched_early_mixture,mean,timely_tcn,20260930,macro,0.14553712610731576,0.6321985874331583,0.4986586069500932,0.1335399804830662
americas,60,matched_early_mixture,mean,timely_tcn,20261001,macro,0.14579020434104187,0.6351937582078858,0.489449858355963,0.14574389985192232
americas,60,matched_early_mixture,mean,timely_tcn,20261002,macro,0.14734429918807357,0.6280656446199263,0.5020575024239738,0.12600814219595222
americas,60,dense_deterministic,0.25,leagueews,20260930,baron,0.054567749846719804,0.238,0.09933333333333333,0.13866666666666666
americas,60,dense_deterministic,0.25,leagueews,20261001,baron,0.054567749846719804,0.23666666666666666,0.102,0.13466666666666666
americas,60,dense_deterministic,0.25,leagueews,20261002,baron,0.05211526670754139,0.254,0.11533333333333333,0.13866666666666666
americas,60,dense_deterministic,0.25,leagueews,20260930,dragon,0.02156146757085724,0.23533333333333334,0.025333333333333333,0.21
americas,60,dense_deterministic,0.25,leagueews,20261001,dragon,0.02017040514693097,0.23666666666666666,0.025333333333333333,0.21133333333333335
americas,60,dense_deterministic,0.25,leagueews,20261002,dragon,0.022256998782820378,0.23266666666666666,0.025333333333333333,0.20733333333333334
americas,60,dense_deterministic,0.25,leagueews,20260930,teamfight,0.011510644799837018,0.2653333333333333,0.118,0.14733333333333334
americas,60,dense_deterministic,0.25,leagueews,20261001,teamfight,0.010390139553835184,0.218,0.10266666666666667,0.11533333333333333
americas,60,dense_deterministic,0.25,leagueews,20261002,teamfight,0.011205052460018336,0.222,0.09533333333333334,0.12666666666666668
americas,60,dense_deterministic,0.25,leagueews,20260930,macro,0.029213287405804686,0.2462222222222222,0.08088888888888889,0.16533333333333333
americas,60,dense_deterministic,0.25,leagueews,20261001,macro,0.028376098182495316,0.23044444444444445,0.07666666666666666,0.15377777777777776
americas,60,dense_deterministic,0.25,leagueews,20261002,macro,0.028525772650126704,0.23622222222222222,0.07866666666666666,0.15755555555555556
americas,60,dense_deterministic,0.25,tcn,20260930,baron,0.05027590435315757,0.24666666666666667,0.11533333333333333,0.13133333333333333
americas,60,dense_deterministic,0.25,tcn,20261001,baron,0.049049662783568364,0.25533333333333336,0.124,0.13133333333333333
americas,60,dense_deterministic,0.25,tcn,20261002,baron,0.05885959534028203,0.248,0.11333333333333333,0.13466666666666666
americas,60,dense_deterministic,0.25,tcn,20260930,dragon,0.018257694314032343,0.21266666666666667,0.019333333333333334,0.19333333333333333
americas,60,dense_deterministic,0.25,tcn,20261001,dragon,0.023995826812728223,0.25466666666666665,0.029333333333333333,0.22533333333333333
americas,60,dense_deterministic,0.25,tcn,20261002,dragon,0.02277864719179273,0.24933333333333332,0.034666666666666665,0.21466666666666667
americas,60,dense_deterministic,0.25,tcn,20260930,teamfight,0.011612508913109911,0.22466666666666665,0.10466666666666667,0.12
americas,60,dense_deterministic,0.25,tcn,20261001,teamfight,0.011510644799837018,0.21866666666666668,0.09866666666666667,0.12
americas,60,dense_deterministic,0.25,tcn,20261002,teamfight,0.010084547214016502,0.22133333333333333,0.10266666666666667,0.11866666666666667
americas,60,dense_deterministic,0.25,tcn,20260930,macro,0.026715369193433276,0.228,0.07977777777777778,0.14822222222222223
americas,60,dense_deterministic,0.25,tcn,20261001,macro,0.028185378132044536,0.2428888888888889,0.084,0.15888888888888889
americas,60,dense_deterministic,0.25,tcn,20261002,macro,0.030574263248697085,0.23955555555555552,0.08355555555555555,0.156
americas,60,dense_deterministic,0.25,timely_leagueews,20260930,baron,0.09012875536480687,0.24333333333333335,0.174,0.06933333333333333
americas,60,dense_deterministic,0.25,timely_leagueews,20261001,baron,0.08215818516247701,0.25666666666666665,0.18066666666666667,0.076
americas,60,dense_deterministic,0.25,timely_leagueews,20261002,baron,0.08461066830165542,0.258,0.19666666666666666,0.06133333333333333
americas,60,dense_deterministic,0.25,timely_leagueews,20260930,dragon,0.10711180664232307,0.226,0.192,0.034
americas,60,dense_deterministic,0.25,timely_leagueews,20261001,dragon,0.11250217353503739,0.22,0.19133333333333333,0.028666666666666667
americas,60,dense_deterministic,0.25,timely_leagueews,20261002,dragon,0.10972004868718484,0.21666666666666667,0.19066666666666668,0.026
americas,60,dense_deterministic,0.25,timely_leagueews,20260930,teamfight,0.020882143220943263,0.22733333333333333,0.18533333333333332,0.042
americas,60,dense_deterministic,0.25,timely_leagueews,20261001,teamfight,0.02393806661913008,0.236,0.19733333333333333,0.03866666666666667
americas,60,dense_deterministic,0.25,timely_leagueews,20261002,teamfight,0.021493327900580627,0.22666666666666666,0.18533333333333332,0.04133333333333333
americas,60,dense_deterministic,0.25,timely_leagueews,20260930,macro,0.07270756840935773,0.23222222222222225,0.1837777777777778,0.04844444444444445
americas,60,dense_deterministic,0.25,timely_leagueews,20261001,macro,0.07286614177221483,0.23755555555555555,0.1897777777777778,0.04777777777777777
americas,60,dense_deterministic,0.25,timely_leagueews,20261002,macro,0.07194134829647363,0.23377777777777778,0.19088888888888889,0.042888888888888886
americas,60,dense_deterministic,0.25,timely_tcn,20260930,baron,0.06253832004904966,0.25066666666666665,0.18133333333333335,0.06933333333333333
americas,60,dense_deterministic,0.25,timely_tcn,20261001,baron,0.06376456161863887,0.24533333333333332,0.17,0.07533333333333334
americas,60,dense_deterministic,0.25,timely_tcn,20261002,baron,0.0668301655426119,0.232,0.17133333333333334,0.06066666666666667
americas,60,dense_deterministic,0.25,timely_tcn,20260930,dragon,0.11493653277690837,0.234,0.19133333333333333,0.042666666666666665
americas,60,dense_deterministic,0.25,timely_tcn,20261001,dragon,0.11737089201877934,0.24733333333333332,0.19333333333333333,0.054
americas,60,dense_deterministic,0.25,timely_tcn,20261002,dragon,0.11545818118588072,0.23733333333333334,0.20066666666666666,0.03666666666666667
americas,60,dense_deterministic,0.25,timely_tcn,20260930,teamfight,0.019150453295304064,0.22066666666666668,0.18533333333333332,0.035333333333333335
americas,60,dense_deterministic,0.25,timely_tcn,20261001,teamfight,0.022919425486401142,0.256,0.212,0.044
americas,60,dense_deterministic,0.25,timely_tcn,20261002,teamfight,0.021187735560761943,0.236,0.196,0.04
americas,60,dense_deterministic,0.25,timely_tcn,20260930,macro,0.06554176870708738,0.23511111111111113,0.18600000000000003,0.049111111111111105
americas,60,dense_deterministic,0.25,timely_tcn,20261001,macro,0.06801829304127312,0.24955555555555553,0.1917777777777778,0.05777777777777778
americas,60,dense_deterministic,0.25,timely_tcn,20261002,macro,0.06782536076308486,0.23511111111111113,0.18933333333333335,0.04577777777777778
americas,60,dense_deterministic,0.5,leagueews,20260930,baron,0.12875536480686695,0.5013333333333333,0.29933333333333334,0.202
americas,60,dense_deterministic,0.5,leagueews,20261001,baron,0.1342734518700184,0.49466666666666664,0.296,0.19866666666666666
americas,60,dense_deterministic,0.5,leagueews,20261002,baron,0.1342734518700184,0.5353333333333333,0.32666666666666666,0.20866666666666667
americas,60,dense_deterministic,0.5,leagueews,20260930,dragon,0.05738132498695879,0.5153333333333333,0.088,0.42733333333333334
americas,60,dense_deterministic,0.5,leagueews,20261001,dragon,0.059989567031820554,0.5253333333333333,0.096,0.42933333333333334
americas,60,dense_deterministic,0.5,leagueews,20261002,dragon,0.0650321683185533,0.5206666666666667,0.092,0.42866666666666664
americas,60,dense_deterministic,0.5,leagueews,20260930,teamfight,0.026179077111133747,0.49333333333333335,0.25666666666666665,0.23666666666666666
americas,60,dense_deterministic,0.5,leagueews,20261001,teamfight,0.023632474279311397,0.464,0.242,0.222
americas,60,dense_deterministic,0.5,leagueews,20261002,teamfight,0.02577162065804217,0.476,0.25866666666666666,0.21733333333333332
americas,60,dense_deterministic,0.5,leagueews,20260930,macro,0.07077192230165316,0.5033333333333333,0.21466666666666664,0.2886666666666667
americas,60,dense_deterministic,0.5,leagueews,20261001,macro,0.07263183106038344,0.49466666666666664,0.21133333333333335,0.2833333333333333
americas,60,dense_deterministic,0.5,leagueews,20261002,macro,0.07502574694887129,0.5106666666666667,0.22577777777777777,0.2848888888888889
americas,60,dense_deterministic,0.5,tcn,20260930,baron,0.12507664009809932,0.5113333333333333,0.312,0.19933333333333333
americas,60,dense_deterministic,0.5,tcn,20261001,baron,0.11955855303494789,0.5113333333333333,0.308,0.20333333333333334
americas,60,dense_deterministic,0.5,tcn,20261002,baron,0.11587982832618025,0.5173333333333333,0.31466666666666665,0.20266666666666666
americas,60,dense_deterministic,0.5,tcn,20260930,dragon,0.06103286384976526,0.5066666666666667,0.088,0.4186666666666667
americas,60,dense_deterministic,0.5,tcn,20261001,dragon,0.058772387410885064,0.5126666666666667,0.08733333333333333,0.42533333333333334
americas,60,dense_deterministic,0.5,tcn,20261002,dragon,0.05859850460789428,0.5073333333333333,0.08733333333333333,0.42
americas,60,dense_deterministic,0.5,tcn,20260930,teamfight,0.024549251298767446,0.4613333333333333,0.252,0.20933333333333334
americas,60,dense_deterministic,0.5,tcn,20261001,teamfight,0.024549251298767446,0.43933333333333335,0.22933333333333333,0.21
americas,60,dense_deterministic,0.5,tcn,20261002,teamfight,0.02546602831822349,0.47733333333333333,0.25933333333333336,0.218
americas,60,dense_deterministic,0.5,tcn,20260930,macro,0.07021958508221067,0.4931111111111111,0.21733333333333335,0.2757777777777778
americas,60,dense_deterministic,0.5,tcn,20261001,macro,0.06762673058153347,0.4877777777777778,0.20822222222222223,0.27955555555555556
americas,60,dense_deterministic,0.5,tcn,20261002,macro,0.06664812041743268,0.5006666666666667,0.22044444444444444,0.2802222222222222
americas,60,dense_deterministic,0.5,timely_leagueews,20260930,baron,0.15941140404659718,0.5233333333333333,0.37733333333333335,0.146
americas,60,dense_deterministic,0.5,timely_leagueews,20261001,baron,0.14530962599632127,0.49,0.36133333333333334,0.12866666666666668
americas,60,dense_deterministic,0.5,timely_leagueews,20261002,baron,0.1600245248313918,0.53,0.4166666666666667,0.11333333333333333
americas,60,dense_deterministic,0.5,timely_leagueews,20260930,dragon,0.1949226221526691,0.46266666666666667,0.362,0.10066666666666667
americas,60,dense_deterministic,0.5,timely_leagueews,20261001,dragon,0.19805251260650322,0.4686666666666667,0.374,0.09466666666666666
americas,60,dense_deterministic,0.5,timely_leagueews,20261002,dragon,0.19579203616762303,0.458,0.374,0.084
americas,60,dense_deterministic,0.5,timely_leagueews,20260930,teamfight,0.042884791687888356,0.5013333333333333,0.422,0.07933333333333334
americas,60,dense_deterministic,0.5,timely_leagueews,20261001,teamfight,0.041356829988794946,0.4633333333333333,0.3893333333333333,0.074
americas,60,dense_deterministic,0.5,timely_leagueews,20261002,teamfight,0.042273607008250995,0.48,0.4,0.08
americas,60,dense_deterministic,0.5,timely_leagueews,20260930,macro,0.13240627262905152,0.4957777777777778,0.38711111111111113,0.10866666666666665
americas,60,dense_deterministic,0.5,timely_leagueews,20261001,macro,0.12823965619720648,0.474,0.3748888888888889,0.09911111111111111
americas,60,dense_deterministic,0.5,timely_leagueews,20261002,macro,0.1326967226690886,0.48933333333333334,0.39688888888888885,0.09244444444444444
americas,60,dense_deterministic,0.5,timely_tcn,20260930,baron,0.14714898835070508,0.5333333333333333,0.39866666666666667,0.13466666666666666
americas,60,dense_deterministic,0.5,timely_tcn,20261001,baron,0.134886572654813,0.5,0.366,0.134
americas,60,dense_deterministic,0.5,timely_tcn,20261002,baron,0.13979153893316984,0.5226666666666666,0.396,0.12666666666666668
americas,60,dense_deterministic,0.5,timely_tcn,20260930,dragon,0.19718309859154928,0.482,0.38266666666666665,0.09933333333333333
americas,60,dense_deterministic,0.5,timely_tcn,20261001,dragon,0.19109720048687184,0.4746666666666667,0.35133333333333333,0.12333333333333334
americas,60,dense_deterministic,0.5,timely_tcn,20261002,dragon,0.1959659189706138,0.46266666666666667,0.38,0.08266666666666667
americas,60,dense_deterministic,0.5,timely_tcn,20260930,teamfight,0.041254965875522055,0.49466666666666664,0.426,0.06866666666666667
americas,60,dense_deterministic,0.5,timely_tcn,20261001,teamfight,0.039727004176428646,0.4726666666666667,0.396,0.07666666666666666
americas,60,dense_deterministic,0.5,timely_tcn,20261002,teamfight,0.03901395538351839,0.48,0.41,0.07
americas,60,dense_deterministic,0.5,timely_tcn,20260930,macro,0.12852901760592547,0.5033333333333333,0.40244444444444444,0.10088888888888888
americas,60,dense_deterministic,0.5,timely_tcn,20261001,macro,0.12190359243937116,0.48244444444444445,0.3711111111111111,0.11133333333333334
americas,60,dense_deterministic,0.5,timely_tcn,20261002,macro,0.12492380442910067,0.4884444444444444,0.3953333333333333,0.0931111111111111
americas,60,dense_deterministic,0.75,leagueews,20260930,baron,0.19681177191906807,0.7713333333333333,0.5326666666666666,0.23866666666666667
americas,60,dense_deterministic,0.75,leagueews,20261001,baron,0.19803801348865727,0.7393333333333333,0.5033333333333333,0.236
americas,60,dense_deterministic,0.75,leagueews,20261002,baron,0.20600858369098712,0.7566666666666667,0.516,0.24066666666666667
americas,60,dense_deterministic,0.75,leagueews,20260930,dragon,0.10502521300643367,0.7773333333333333,0.17666666666666667,0.6006666666666667
americas,60,dense_deterministic,0.75,leagueews,20261001,dragon,0.10606850982437836,0.7686666666666667,0.168,0.6006666666666667
americas,60,dense_deterministic,0.75,leagueews,20261002,dragon,0.10293861937054426,0.7506666666666667,0.168,0.5826666666666667
americas,60,dense_deterministic,0.75,leagueews,20260930,teamfight,0.038402770703881026,0.736,0.4206666666666667,0.31533333333333335
americas,60,dense_deterministic,0.75,leagueews,20261001,teamfight,0.03850463481715392,0.7066666666666667,0.4053333333333333,0.30133333333333334
americas,60,dense_deterministic,0.75,leagueews,20261002,teamfight,0.03901395538351839,0.7093333333333334,0.4086666666666667,0.3006666666666667
americas,60,dense_deterministic,0.75,leagueews,20260930,macro,0.11341325187646091,0.7615555555555554,0.37666666666666665,0.3848888888888889
americas,60,dense_deterministic,0.75,leagueews,20261001,macro,0.11420371937672985,0.7382222222222222,0.35888888888888887,0.3793333333333333
americas,60,dense_deterministic,0.75,leagueews,20261002,macro,0.11598705281501659,0.7388888888888889,0.3642222222222222,0.3746666666666667
americas,60,dense_deterministic,0.75,tcn,20260930,baron,0.2017167381974249,0.7986666666666666,0.5513333333333333,0.24733333333333332
americas,60,dense_deterministic,0.75,tcn,20261001,baron,0.18332311465358675,0.7513333333333333,0.504,0.24733333333333332
americas,60,dense_deterministic,0.75,tcn,20261002,baron,0.1863887185775598,0.7773333333333333,0.5353333333333333,0.242
americas,60,dense_deterministic,0.75,tcn,20260930,dragon,0.09772213528082073,0.7333333333333333,0.162,0.5713333333333334
americas,60,dense_deterministic,0.75,tcn,20261001,dragon,0.10189532255259955,0.76,0.168,0.592
americas,60,dense_deterministic,0.75,tcn,20261002,dragon,0.10554686141540602,0.7486666666666667,0.16733333333333333,0.5813333333333334
americas,60,dense_deterministic,0.75,tcn,20260930,teamfight,0.0371804013446063,0.7013333333333334,0.4146666666666667,0.2866666666666667
americas,60,dense_deterministic,0.75,tcn,20261001,teamfight,0.03585616787205868,0.668,0.378,0.29
americas,60,dense_deterministic,0.75,tcn,20261002,teamfight,0.039930732402974435,0.7126666666666667,0.4086666666666667,0.304
americas,60,dense_deterministic,0.75,tcn,20260930,macro,0.11220642494095064,0.7444444444444445,0.37600000000000006,0.3684444444444444
americas,60,dense_deterministic,0.75,tcn,20261001,macro,0.10702486835941499,0.7264444444444446,0.35000000000000003,0.3764444444444444
americas,60,dense_deterministic,0.75,tcn,20261002,macro,0.11062210413198009,0.7462222222222222,0.3704444444444444,0.37577777777777777
americas,60,dense_deterministic,0.75,timely_leagueews,20260930,baron,0.21704475781729002,0.774,0.584,0.19
americas,60,dense_deterministic,0.75,timely_leagueews,20261001,baron,0.21704475781729002,0.742,0.568,0.174
americas,60,dense_deterministic,0.75,timely_leagueews,20261002,baron,0.2268546903740037,0.742,0.5906666666666667,0.15133333333333332
americas,60,dense_deterministic,0.75,timely_leagueews,20260930,dragon,0.26169361850113027,0.734,0.5353333333333333,0.19866666666666666
americas,60,dense_deterministic,0.75,timely_leagueews,20261001,dragon,0.25786819683533296,0.7273333333333334,0.5506666666666666,0.17666666666666667
americas,60,dense_deterministic,0.75,timely_leagueews,20261002,dragon,0.2568249000173883,0.7353333333333333,0.552,0.18333333333333332
americas,60,dense_deterministic,0.75,timely_leagueews,20260930,teamfight,0.06101660385046348,0.762,0.6353333333333333,0.12666666666666668
americas,60,dense_deterministic,0.75,timely_leagueews,20261001,teamfight,0.06009982683100744,0.702,0.5946666666666667,0.10733333333333334
americas,60,dense_deterministic,0.75,timely_leagueews,20261002,teamfight,0.05785881633900377,0.7126666666666667,0.596,0.11666666666666667
americas,60,dense_deterministic,0.75,timely_leagueews,20260930,macro,0.17991832672296126,0.7566666666666667,0.5848888888888889,0.17177777777777778
americas,60,dense_deterministic,0.75,timely_leagueews,20261001,macro,0.1783375938278768,0.7237777777777777,0.571111111111111,0.15266666666666667
americas,60,dense_deterministic,0.75,timely_leagueews,20261002,macro,0.18051280224346525,0.73,0.5795555555555555,0.15044444444444446
americas,60,dense_deterministic,0.75,timely_tcn,20260930,baron,0.19926425505824646,0.7826666666666666,0.588,0.19466666666666665
americas,60,dense_deterministic,0.75,timely_tcn,20261001,baron,0.20110361741263028,0.7553333333333333,0.566,0.18933333333333333
americas,60,dense_deterministic,0.75,timely_tcn,20261002,baron,0.2023298589822195,0.758,0.59,0.168
americas,60,dense_deterministic,0.75,timely_tcn,20260930,dragon,0.2524778299426187,0.716,0.546,0.17
americas,60,dense_deterministic,0.75,timely_tcn,20261001,dragon,0.2467396974439228,0.7206666666666667,0.5093333333333333,0.21133333333333335
americas,60,dense_deterministic,0.75,timely_tcn,20261002,dragon,0.25143453312467395,0.6986666666666667,0.5333333333333333,0.16533333333333333
americas,60,dense_deterministic,0.75,timely_tcn,20260930,teamfight,0.0589793215850056,0.724,0.6213333333333333,0.10266666666666667
americas,60,dense_deterministic,0.75,timely_tcn,20261001,teamfight,0.05867372924518692,0.7453333333333333,0.636,0.10933333333333334
americas,60,dense_deterministic,0.75,timely_tcn,20261002,teamfight,0.05785881633900377,0.7066666666666667,0.6026666666666667,0.104
americas,60,dense_deterministic,0.75,timely_tcn,20260930,macro,0.1702404688619569,0.7408888888888888,0.585111111111111,0.1557777777777778
americas,60,dense_deterministic,0.75,timely_tcn,20261001,macro,0.16883901470057996,0.7404444444444445,0.5704444444444444,0.17
americas,60,dense_deterministic,0.75,timely_tcn,20261002,macro,0.17054106948196576,0.721111111111111,0.5753333333333334,0.14577777777777778
americas,60,dense_deterministic,1.0,leagueews,20260930,baron,0.2556713672593501,1.0026666666666666,0.7346666666666667,0.268
americas,60,dense_deterministic,1.0,leagueews,20261001,baron,0.2611894543225015,0.9793333333333333,0.7126666666666667,0.26666666666666666
americas,60,dense_deterministic,1.0,leagueews,20261002,baron,0.26241569589209074,1.01,0.74,0.27
americas,60,dense_deterministic,1.0,leagueews,20260930,dragon,0.15840723352460442,1.0033333333333334,0.266,0.7373333333333333
americas,60,dense_deterministic,1.0,leagueews,20261001,dragon,0.1564945226917058,0.986,0.25733333333333336,0.7286666666666667
americas,60,dense_deterministic,1.0,leagueews,20261002,dragon,0.16710137367414363,0.9926666666666667,0.2633333333333333,0.7293333333333333
americas,60,dense_deterministic,1.0,leagueews,20260930,teamfight,0.05276561067535907,0.984,0.5913333333333334,0.39266666666666666
americas,60,dense_deterministic,1.0,leagueews,20261001,teamfight,0.051339513089538553,0.972,0.5906666666666667,0.38133333333333336
americas,60,dense_deterministic,1.0,leagueews,20261002,teamfight,0.05184883365590302,0.9693333333333334,0.5973333333333334,0.372
americas,60,dense_deterministic,1.0,leagueews,20260930,macro,0.15561473715310453,0.9966666666666667,0.5306666666666667,0.46599999999999997
americas,60,dense_deterministic,1.0,leagueews,20261001,macro,0.1563411633679153,0.979111111111111,0.5202222222222223,0.4588888888888889
americas,60,dense_deterministic,1.0,leagueews,20261002,macro,0.1604553010740458,0.9906666666666668,0.5335555555555556,0.4571111111111111
americas,60,dense_deterministic,1.0,tcn,20260930,baron,0.2568976088289393,1.038,0.7633333333333333,0.27466666666666667
americas,60,dense_deterministic,1.0,tcn,20261001,baron,0.2575107296137339,1.0253333333333334,0.7566666666666667,0.26866666666666666
americas,60,dense_deterministic,1.0,tcn,20261002,baron,0.2575107296137339,1.034,0.7673333333333333,0.26666666666666666
americas,60,dense_deterministic,1.0,tcn,20260930,dragon,0.16466701443227263,1.0273333333333334,0.2713333333333333,0.756
americas,60,dense_deterministic,1.0,tcn,20261001,dragon,0.1554512258737611,1.0113333333333334,0.26666666666666666,0.7446666666666667
americas,60,dense_deterministic,1.0,tcn,20261002,dragon,0.1552773430707703,0.978,0.262,0.716
americas,60,dense_deterministic,1.0,tcn,20260930,teamfight,0.048792910257716204,0.9306666666666666,0.57,0.3606666666666667
americas,60,dense_deterministic,1.0,tcn,20261001,teamfight,0.050320871956809614,0.9886666666666667,0.6033333333333334,0.38533333333333336
americas,60,dense_deterministic,1.0,tcn,20261002,teamfight,0.04970968727717225,0.9133333333333333,0.5513333333333333,0.362
americas,60,dense_deterministic,1.0,tcn,20260930,macro,0.15678584450630936,0.9986666666666667,0.5348888888888889,0.4637777777777778
americas,60,dense_deterministic,1.0,tcn,20261001,macro,0.15442760914810152,1.0084444444444445,0.5422222222222223,0.46622222222222226
americas,60,dense_deterministic,1.0,tcn,20261002,macro,0.15416591998722548,0.9751111111111112,0.5268888888888889,0.44822222222222213
americas,60,dense_deterministic,1.0,timely_leagueews,20260930,baron,0.29123237277743713,0.9993333333333333,0.7693333333333333,0.23
americas,60,dense_deterministic,1.0,timely_leagueews,20261001,baron,0.2832618025751073,0.9866666666666667,0.7753333333333333,0.21133333333333335
americas,60,dense_deterministic,1.0,timely_leagueews,20261002,baron,0.29000613120784796,0.9886666666666667,0.7986666666666666,0.19
americas,60,dense_deterministic,1.0,timely_leagueews,20260930,dragon,0.3065553816727526,0.9806666666666667,0.6746666666666666,0.306
americas,60,dense_deterministic,1.0,timely_leagueews,20261001,dragon,0.30203442879499215,0.968,0.6913333333333334,0.27666666666666667
americas,60,dense_deterministic,1.0,timely_leagueews,20261002,dragon,0.3030777256129369,0.978,0.678,0.3
americas,60,dense_deterministic,1.0,timely_leagueews,20260930,teamfight,0.07629622084139757,0.992,0.834,0.158
americas,60,dense_deterministic,1.0,timely_leagueews,20261001,teamfight,0.07324029744321076,0.9526666666666667,0.798,0.15466666666666667
americas,60,dense_deterministic,1.0,timely_leagueews,20261002,teamfight,0.07232352042375471,0.9426666666666667,0.7906666666666666,0.152
americas,60,dense_deterministic,1.0,timely_leagueews,20260930,macro,0.22469465843052908,0.9906666666666667,0.7593333333333333,0.23133333333333336
americas,60,dense_deterministic,1.0,timely_leagueews,20261001,macro,0.21951217627110342,0.9691111111111111,0.7548888888888889,0.21422222222222223
americas,60,dense_deterministic,1.0,timely_leagueews,20261002,macro,0.22180245908151316,0.9697777777777778,0.7557777777777778,0.214
americas,60,dense_deterministic,1.0,timely_tcn,20260930,baron,0.2691600245248314,1.058,0.816,0.242
americas,60,dense_deterministic,1.0,timely_tcn,20261001,baron,0.2709993868792152,1.022,0.7893333333333333,0.23266666666666666
americas,60,dense_deterministic,1.0,timely_tcn,20261002,baron,0.2654812998160638,1.012,0.798,0.214
americas,60,dense_deterministic,1.0,timely_tcn,20260930,dragon,0.2954268822813424,0.97,0.6926666666666667,0.2773333333333333
americas,60,dense_deterministic,1.0,timely_tcn,20261001,dragon,0.29438358546339766,0.9433333333333334,0.634,0.30933333333333335
americas,60,dense_deterministic,1.0,timely_tcn,20261002,dragon,0.29890453834115804,0.9646666666666667,0.692,0.27266666666666667
americas,60,dense_deterministic,1.0,timely_tcn,20260930,teamfight,0.07721299786085362,1.004,0.8593333333333333,0.14466666666666667
americas,60,dense_deterministic,1.0,timely_tcn,20261001,teamfight,0.07741672608739941,1.0033333333333334,0.846,0.15733333333333333
americas,60,dense_deterministic,1.0,timely_tcn,20261002,teamfight,0.07395334623612101,0.9273333333333333,0.7866666666666666,0.14066666666666666
americas,60,dense_deterministic,1.0,timely_tcn,20260930,macro,0.21393330155567578,1.0106666666666666,0.7893333333333333,0.2213333333333333
americas,60,dense_deterministic,1.0,timely_tcn,20261001,macro,0.21426656614333747,0.9895555555555555,0.7564444444444445,0.23311111111111113
americas,60,dense_deterministic,1.0,timely_tcn,20261002,macro,0.21277972813111426,0.968,0.7588888888888888,0.2091111111111111
americas,60,dense_deterministic,mean,leagueews,20260930,baron,0.1589515634580012,0.6283333333333333,0.4165,0.21183333333333335
americas,60,dense_deterministic,mean,leagueews,20261001,baron,0.16201716738197425,0.6124999999999999,0.40349999999999997,0.20899999999999996
americas,60,dense_deterministic,mean,leagueews,20261002,baron,0.1637032495401594,0.639,0.4245,0.2145
americas,60,dense_deterministic,mean,leagueews,20260930,dragon,0.08559380977221354,0.6328333333333334,0.139,0.49383333333333335
americas,60,dense_deterministic,mean,leagueews,20261001,dragon,0.08568075117370892,0.6291666666666667,0.13666666666666666,0.49250000000000005
americas,60,dense_deterministic,mean,leagueews,20261002,dragon,0.08933229003651538,0.6241666666666666,0.13716666666666666,0.487
americas,60,dense_deterministic,mean,leagueews,20260930,teamfight,0.032214525822552714,0.6196666666666666,0.3466666666666667,0.273
americas,60,dense_deterministic,mean,leagueews,20261001,teamfight,0.03096669043495976,0.5901666666666667,0.33516666666666667,0.255
americas,60,dense_deterministic,mean,leagueews,20261002,teamfight,0.03195986553937048,0.5941666666666667,0.33999999999999997,0.25416666666666665
americas,60,dense_deterministic,mean,leagueews,20260930,macro,0.09225329968425582,0.6269444444444444,0.3007222222222222,0.32622222222222225
americas,60,dense_deterministic,mean,leagueews,20261001,macro,0.09288820299688098,0.6106111111111111,0.29177777777777775,0.31883333333333336
americas,60,dense_deterministic,mean,leagueews,20261002,macro,0.09499846837201509,0.6191111111111112,0.3005555555555555,0.31855555555555554
americas,60,dense_deterministic,mean,tcn,20260930,baron,0.15849172286940527,0.6486666666666667,0.4355,0.21316666666666667
americas,60,dense_deterministic,mean,tcn,20261001,baron,0.15236051502145923,0.6358333333333333,0.4231666666666667,0.21266666666666667
americas,60,dense_deterministic,mean,tcn,20261002,baron,0.154659717964439,0.6441666666666667,0.43266666666666664,0.21149999999999997
americas,60,dense_deterministic,mean,tcn,20260930,dragon,0.08541992696922274,0.62,0.13516666666666666,0.48483333333333334
americas,60,dense_deterministic,mean,tcn,20261001,dragon,0.08502869066249348,0.6346666666666667,0.13783333333333334,0.49683333333333335
americas,60,dense_deterministic,mean,tcn,20261002,dragon,0.08555033907146584,0.6208333333333333,0.13783333333333334,0.48300000000000004
americas,60,dense_deterministic,mean,tcn,20260930,teamfight,0.030533767953549965,0.5795,0.33533333333333337,0.2441666666666667
americas,60,dense_deterministic,mean,tcn,20261001,teamfight,0.03055923398186819,0.5786666666666667,0.32733333333333337,0.2513333333333333
americas,60,dense_deterministic,mean,tcn,20261002,teamfight,0.03129774880309667,0.5811666666666666,0.3305,0.2506666666666667
americas,60,dense_deterministic,mean,tcn,20260930,macro,0.09148180593072598,0.6160555555555556,0.302,0.31405555555555553
americas,60,dense_deterministic,mean,tcn,20261001,macro,0.08931614655527365,0.6163888888888889,0.29611111111111116,0.3202777777777778
americas,60,dense_deterministic,mean,tcn,20261002,macro,0.09050260194633385,0.6153888888888889,0.30033333333333334,0.3150555555555556
americas,60,dense_deterministic,mean,timely_leagueews,20260930,baron,0.18945432250153282,0.635,0.4761666666666666,0.15883333333333333
americas,60,dense_deterministic,mean,timely_leagueews,20261001,baron,0.18194359288779888,0.6188333333333333,0.47133333333333327,0.1475
americas,60,dense_deterministic,mean,timely_leagueews,20261002,baron,0.1903740036787247,0.6296666666666667,0.5006666666666666,0.129
americas,60,dense_deterministic,mean,timely_leagueews,20260930,dragon,0.21757085724221875,0.6008333333333333,0.44099999999999995,0.15983333333333333
americas,60,dense_deterministic,mean,timely_leagueews,20261001,dragon,0.21761432794296642,0.596,0.45183333333333336,0.14416666666666667
americas,60,dense_deterministic,mean,timely_leagueews,20261002,dragon,0.21635367762128327,0.597,0.44866666666666666,0.14833333333333332
americas,60,dense_deterministic,mean,timely_leagueews,20260930,teamfight,0.05026993990017317,0.6206666666666667,0.5191666666666667,0.1015
americas,60,dense_deterministic,mean,timely_leagueews,20261001,teamfight,0.04965875522053581,0.5885,0.49483333333333335,0.09366666666666668
americas,60,dense_deterministic,mean,timely_leagueews,20261002,teamfight,0.048487317917897524,0.5905,0.493,0.0975
americas,60,dense_deterministic,mean,timely_leagueews,20260930,macro,0.15243170654797492,0.6188333333333333,0.47877777777777775,0.14005555555555557
americas,60,dense_deterministic,mean,timely_leagueews,20261001,macro,0.14973889201710036,0.6011111111111112,0.47266666666666673,0.12844444444444444
americas,60,dense_deterministic,mean,timely_leagueews,20261002,macro,0.15173833307263515,0.6057222222222222,0.48077777777777775,0.12494444444444446
americas,60,dense_deterministic,mean,timely_tcn,20260930,baron,0.16952789699570814,0.6561666666666667,0.496,0.16016666666666665
americas,60,dense_deterministic,mean,timely_tcn,20261001,baron,0.16768853464132433,0.6306666666666667,0.4728333333333333,0.15783333333333333
americas,60,dense_deterministic,mean,timely_tcn,20261002,baron,0.16860821581851626,0.6311666666666667,0.48883333333333334,0.14233333333333334
americas,60,dense_deterministic,mean,timely_tcn,20260930,dragon,0.2150060858981047,0.6005,0.4531666666666667,0.14733333333333332
americas,60,dense_deterministic,mean,timely_tcn,20261001,dragon,0.2123978438532429,0.5965,0.42199999999999993,0.17450000000000002
americas,60,dense_deterministic,mean,timely_tcn,20261002,dragon,0.21544079290558163,0.5908333333333333,0.45149999999999996,0.13933333333333334
americas,60,dense_deterministic,mean,timely_tcn,20260930,teamfight,0.049149434654171334,0.6108333333333333,0.5229999999999999,0.08783333333333333
americas,60,dense_deterministic,mean,timely_tcn,20261001,teamfight,0.049684221248854035,0.6193333333333333,0.5225,0.09683333333333333
americas,60,dense_deterministic,mean,timely_tcn,20261002,teamfight,0.04800346337985128,0.5875,0.49883333333333335,0.08866666666666667
americas,60,dense_deterministic,mean,timely_tcn,20260930,macro,0.14456113918266136,0.6225,0.4907222222222222,0.13177777777777777
americas,60,dense_deterministic,mean,timely_tcn,20261001,macro,0.14325686658114042,0.6155,0.4724444444444444,0.14305555555555557
americas,60,dense_deterministic,mean,timely_tcn,20261002,macro,0.1440174907013164,0.6031666666666666,0.47972222222222216,0.12344444444444445
americas,60,dense_regional_deterministic,0.25,leagueews,20260930,baron,0.054567749846719804,0.238,0.09933333333333333,0.13866666666666666
americas,60,dense_regional_deterministic,0.25,leagueews,20261001,baron,0.054567749846719804,0.23666666666666666,0.102,0.13466666666666666
americas,60,dense_regional_deterministic,0.25,leagueews,20261002,baron,0.05211526670754139,0.254,0.11533333333333333,0.13866666666666666
americas,60,dense_regional_deterministic,0.25,leagueews,20260930,dragon,0.02156146757085724,0.23533333333333334,0.025333333333333333,0.21
americas,60,dense_regional_deterministic,0.25,leagueews,20261001,dragon,0.02017040514693097,0.23666666666666666,0.025333333333333333,0.21133333333333335
americas,60,dense_regional_deterministic,0.25,leagueews,20261002,dragon,0.022256998782820378,0.23266666666666666,0.025333333333333333,0.20733333333333334
americas,60,dense_regional_deterministic,0.25,leagueews,20260930,teamfight,0.011510644799837018,0.2653333333333333,0.118,0.14733333333333334
americas,60,dense_regional_deterministic,0.25,leagueews,20261001,teamfight,0.010390139553835184,0.218,0.10266666666666667,0.11533333333333333
americas,60,dense_regional_deterministic,0.25,leagueews,20261002,teamfight,0.012427421819293063,0.24666666666666667,0.11066666666666666,0.136
americas,60,dense_regional_deterministic,0.25,leagueews,20260930,macro,0.029213287405804686,0.2462222222222222,0.08088888888888889,0.16533333333333333
americas,60,dense_regional_deterministic,0.25,leagueews,20261001,macro,0.028376098182495316,0.23044444444444445,0.07666666666666666,0.15377777777777776
americas,60,dense_regional_deterministic,0.25,leagueews,20261002,macro,0.028933229103218275,0.24444444444444446,0.08377777777777777,0.16066666666666665
americas,60,dense_regional_deterministic,0.25,tcn,20260930,baron,0.05027590435315757,0.24666666666666667,0.11533333333333333,0.13133333333333333
americas,60,dense_regional_deterministic,0.25,tcn,20261001,baron,0.049049662783568364,0.25533333333333336,0.124,0.13133333333333333
americas,60,dense_regional_deterministic,0.25,tcn,20261002,baron,0.05885959534028203,0.248,0.11333333333333333,0.13466666666666666
americas,60,dense_regional_deterministic,0.25,tcn,20260930,dragon,0.018257694314032343,0.21266666666666667,0.019333333333333334,0.19333333333333333
americas,60,dense_regional_deterministic,0.25,tcn,20261001,dragon,0.023995826812728223,0.25466666666666665,0.029333333333333333,0.22533333333333333
americas,60,dense_regional_deterministic,0.25,tcn,20261002,dragon,0.02277864719179273,0.24933333333333332,0.034666666666666665,0.21466666666666667
americas,60,dense_regional_deterministic,0.25,tcn,20260930,teamfight,0.012529285932565958,0.248,0.118,0.13
americas,60,dense_regional_deterministic,0.25,tcn,20261001,teamfight,0.01263115004583885,0.24266666666666667,0.11266666666666666,0.13
americas,60,dense_regional_deterministic,0.25,tcn,20261002,teamfight,0.011306916573291229,0.248,0.11733333333333333,0.13066666666666665
americas,60,dense_regional_deterministic,0.25,tcn,20260930,macro,0.027020961533251956,0.23577777777777778,0.08422222222222221,0.15155555555555555
americas,60,dense_regional_deterministic,0.25,tcn,20261001,macro,0.028558879880711815,0.2508888888888889,0.08866666666666667,0.16222222222222224
americas,60,dense_regional_deterministic,0.25,tcn,20261002,macro,0.030981719701788663,0.24844444444444444,0.08844444444444444,0.16
americas,60,dense_regional_deterministic,0.25,timely_leagueews,20260930,baron,0.09012875536480687,0.24333333333333335,0.174,0.06933333333333333
americas,60,dense_regional_deterministic,0.25,timely_leagueews,20261001,baron,0.08215818516247701,0.25666666666666665,0.18066666666666667,0.076
americas,60,dense_regional_deterministic,0.25,timely_leagueews,20261002,baron,0.08461066830165542,0.258,0.19666666666666666,0.06133333333333333
americas,60,dense_regional_deterministic,0.25,timely_leagueews,20260930,dragon,0.1178925404277517,0.24266666666666667,0.204,0.03866666666666667
americas,60,dense_regional_deterministic,0.25,timely_leagueews,20261001,dragon,0.11824030603373327,0.23533333333333334,0.20533333333333334,0.03
americas,60,dense_regional_deterministic,0.25,timely_leagueews,20261002,dragon,0.11841418883672405,0.23333333333333334,0.20333333333333334,0.03
americas,60,dense_regional_deterministic,0.25,timely_leagueews,20260930,teamfight,0.020882143220943263,0.22733333333333333,0.18533333333333332,0.042
americas,60,dense_regional_deterministic,0.25,timely_leagueews,20261001,teamfight,0.02393806661913008,0.236,0.19733333333333333,0.03866666666666667
americas,60,dense_regional_deterministic,0.25,timely_leagueews,20261002,teamfight,0.021493327900580627,0.22666666666666666,0.18533333333333332,0.04133333333333333
americas,60,dense_regional_deterministic,0.25,timely_leagueews,20260930,macro,0.07630114633783394,0.23777777777777778,0.1877777777777778,0.049999999999999996
americas,60,dense_regional_deterministic,0.25,timely_leagueews,20261001,macro,0.07477885260511345,0.24266666666666667,0.19444444444444445,0.04822222222222222
americas,60,dense_regional_deterministic,0.25,timely_leagueews,20261002,macro,0.0748393950129867,0.23933333333333331,0.19511111111111112,0.04422222222222222
americas,60,dense_regional_deterministic,0.25,timely_tcn,20260930,baron,0.06253832004904966,0.25066666666666665,0.18133333333333335,0.06933333333333333
americas,60,dense_regional_deterministic,0.25,timely_tcn,20261001,baron,0.06376456161863887,0.24533333333333332,0.17,0.07533333333333334
americas,60,dense_regional_deterministic,0.25,timely_tcn,20261002,baron,0.0668301655426119,0.232,0.17133333333333334,0.06066666666666667
americas,60,dense_regional_deterministic,0.25,timely_tcn,20260930,dragon,0.11493653277690837,0.234,0.19133333333333333,0.042666666666666665
americas,60,dense_regional_deterministic,0.25,timely_tcn,20261001,dragon,0.11737089201877934,0.24733333333333332,0.19333333333333333,0.054
americas,60,dense_regional_deterministic,0.25,timely_tcn,20261002,dragon,0.12032689966962268,0.258,0.21733333333333332,0.04066666666666666
americas,60,dense_regional_deterministic,0.25,timely_tcn,20260930,teamfight,0.019150453295304064,0.22066666666666668,0.18533333333333332,0.035333333333333335
americas,60,dense_regional_deterministic,0.25,timely_tcn,20261001,teamfight,0.022919425486401142,0.256,0.212,0.044
americas,60,dense_regional_deterministic,0.25,timely_tcn,20261002,teamfight,0.021187735560761943,0.236,0.196,0.04
americas,60,dense_regional_deterministic,0.25,timely_tcn,20260930,macro,0.06554176870708738,0.23511111111111113,0.18600000000000003,0.049111111111111105
americas,60,dense_regional_deterministic,0.25,timely_tcn,20261001,macro,0.06801829304127312,0.24955555555555553,0.1917777777777778,0.05777777777777778
americas,60,dense_regional_deterministic,0.25,timely_tcn,20261002,macro,0.06944826692433217,0.242,0.1948888888888889,0.04711111111111111
americas,60,dense_regional_deterministic,0.5,leagueews,20260930,baron,0.12875536480686695,0.5013333333333333,0.29933333333333334,0.202
americas,60,dense_regional_deterministic,0.5,leagueews,20261001,baron,0.1342734518700184,0.49466666666666664,0.296,0.19866666666666666
americas,60,dense_regional_deterministic,0.5,leagueews,20261002,baron,0.1342734518700184,0.5353333333333333,0.32666666666666666,0.20866666666666667
americas,60,dense_regional_deterministic,0.5,leagueews,20260930,dragon,0.05738132498695879,0.5153333333333333,0.088,0.42733333333333334
americas,60,dense_regional_deterministic,0.5,leagueews,20261001,dragon,0.059989567031820554,0.5253333333333333,0.096,0.42933333333333334
americas,60,dense_regional_deterministic,0.5,leagueews,20261002,dragon,0.0650321683185533,0.5206666666666667,0.092,0.42866666666666664
americas,60,dense_regional_deterministic,0.5,leagueews,20260930,teamfight,0.026179077111133747,0.49333333333333335,0.25666666666666665,0.23666666666666666
americas,60,dense_regional_deterministic,0.5,leagueews,20261001,teamfight,0.026077212997860852,0.49933333333333335,0.268,0.23133333333333334
americas,60,dense_regional_deterministic,0.5,leagueews,20261002,teamfight,0.02577162065804217,0.476,0.25866666666666666,0.21733333333333332
americas,60,dense_regional_deterministic,0.5,leagueews,20260930,macro,0.07077192230165316,0.5033333333333333,0.21466666666666664,0.2886666666666667
americas,60,dense_regional_deterministic,0.5,leagueews,20261001,macro,0.0734467439665666,0.5064444444444445,0.22,0.28644444444444445
americas,60,dense_regional_deterministic,0.5,leagueews,20261002,macro,0.07502574694887129,0.5106666666666667,0.22577777777777777,0.2848888888888889
americas,60,dense_regional_deterministic,0.5,tcn,20260930,baron,0.12507664009809932,0.5113333333333333,0.312,0.19933333333333333
americas,60,dense_regional_deterministic,0.5,tcn,20261001,baron,0.11955855303494789,0.5113333333333333,0.308,0.20333333333333334
americas,60,dense_regional_deterministic,0.5,tcn,20261002,baron,0.11587982832618025,0.5173333333333333,0.31466666666666665,0.20266666666666666
americas,60,dense_regional_deterministic,0.5,tcn,20260930,dragon,0.06103286384976526,0.5066666666666667,0.088,0.4186666666666667
americas,60,dense_regional_deterministic,0.5,tcn,20261001,dragon,0.058772387410885064,0.5126666666666667,0.08733333333333333,0.42533333333333334
americas,60,dense_regional_deterministic,0.5,tcn,20261002,dragon,0.05859850460789428,0.5073333333333333,0.08733333333333333,0.42
americas,60,dense_regional_deterministic,0.5,tcn,20260930,teamfight,0.02648466945095243,0.498,0.27466666666666667,0.22333333333333333
americas,60,dense_regional_deterministic,0.5,tcn,20261001,teamfight,0.027197718243862686,0.5113333333333333,0.2753333333333333,0.236
americas,60,dense_regional_deterministic,0.5,tcn,20261002,teamfight,0.027401446470408476,0.5086666666666667,0.2793333333333333,0.22933333333333333
americas,60,dense_regional_deterministic,0.5,tcn,20260930,macro,0.07086472446627233,0.5053333333333333,0.22488888888888892,0.28044444444444444
americas,60,dense_regional_deterministic,0.5,tcn,20261001,macro,0.06850955289656521,0.5117777777777778,0.22355555555555554,0.2882222222222222
americas,60,dense_regional_deterministic,0.5,tcn,20261002,macro,0.06729325980149434,0.5111111111111111,0.22711111111111112,0.28400000000000003
americas,60,dense_regional_deterministic,0.5,timely_leagueews,20260930,baron,0.15941140404659718,0.5233333333333333,0.37733333333333335,0.146
americas,60,dense_regional_deterministic,0.5,timely_leagueews,20261001,baron,0.14530962599632127,0.49,0.36133333333333334,0.12866666666666668
americas,60,dense_regional_deterministic,0.5,timely_leagueews,20261002,baron,0.1600245248313918,0.53,0.4166666666666667,0.11333333333333333
americas,60,dense_regional_deterministic,0.5,timely_leagueews,20260930,dragon,0.1949226221526691,0.46266666666666667,0.362,0.10066666666666667
americas,60,dense_regional_deterministic,0.5,timely_leagueews,20261001,dragon,0.19805251260650322,0.4686666666666667,0.374,0.09466666666666666
americas,60,dense_regional_deterministic,0.5,timely_leagueews,20261002,dragon,0.19579203616762303,0.458,0.374,0.084
americas,60,dense_regional_deterministic,0.5,timely_leagueews,20260930,teamfight,0.042884791687888356,0.5013333333333333,0.422,0.07933333333333334
americas,60,dense_regional_deterministic,0.5,timely_leagueews,20261001,teamfight,0.041356829988794946,0.4633333333333333,0.3893333333333333,0.074
americas,60,dense_regional_deterministic,0.5,timely_leagueews,20261002,teamfight,0.042273607008250995,0.48,0.4,0.08
americas,60,dense_regional_deterministic,0.5,timely_leagueews,20260930,macro,0.13240627262905152,0.4957777777777778,0.38711111111111113,0.10866666666666665
americas,60,dense_regional_deterministic,0.5,timely_leagueews,20261001,macro,0.12823965619720648,0.474,0.3748888888888889,0.09911111111111111
americas,60,dense_regional_deterministic,0.5,timely_leagueews,20261002,macro,0.1326967226690886,0.48933333333333334,0.39688888888888885,0.09244444444444444
americas,60,dense_regional_deterministic,0.5,timely_tcn,20260930,baron,0.14714898835070508,0.5333333333333333,0.39866666666666667,0.13466666666666666
americas,60,dense_regional_deterministic,0.5,timely_tcn,20261001,baron,0.134886572654813,0.5,0.366,0.134
americas,60,dense_regional_deterministic,0.5,timely_tcn,20261002,baron,0.13979153893316984,0.5226666666666666,0.396,0.12666666666666668
americas,60,dense_regional_deterministic,0.5,timely_tcn,20260930,dragon,0.19718309859154928,0.482,0.38266666666666665,0.09933333333333333
americas,60,dense_regional_deterministic,0.5,timely_tcn,20261001,dragon,0.19909580942444793,0.502,0.37,0.132
americas,60,dense_regional_deterministic,0.5,timely_tcn,20261002,dragon,0.1959659189706138,0.46266666666666667,0.38,0.08266666666666667
americas,60,dense_regional_deterministic,0.5,timely_tcn,20260930,teamfight,0.041254965875522055,0.49466666666666664,0.426,0.06866666666666667
americas,60,dense_regional_deterministic,0.5,timely_tcn,20261001,teamfight,0.039727004176428646,0.4726666666666667,0.396,0.07666666666666666
americas,60,dense_regional_deterministic,0.5,timely_tcn,20261002,teamfight,0.03901395538351839,0.48,0.41,0.07
americas,60,dense_regional_deterministic,0.5,timely_tcn,20260930,macro,0.12852901760592547,0.5033333333333333,0.40244444444444444,0.10088888888888888
americas,60,dense_regional_deterministic,0.5,timely_tcn,20261001,macro,0.12456979541856318,0.4915555555555556,0.37733333333333335,0.11422222222222222
americas,60,dense_regional_deterministic,0.5,timely_tcn,20261002,macro,0.12492380442910067,0.4884444444444444,0.3953333333333333,0.0931111111111111
americas,60,dense_regional_deterministic,0.75,leagueews,20260930,baron,0.19681177191906807,0.7713333333333333,0.5326666666666666,0.23866666666666667
americas,60,dense_regional_deterministic,0.75,leagueews,20261001,baron,0.19803801348865727,0.7393333333333333,0.5033333333333333,0.236
americas,60,dense_regional_deterministic,0.75,leagueews,20261002,baron,0.20600858369098712,0.7566666666666667,0.516,0.24066666666666667
americas,60,dense_regional_deterministic,0.75,leagueews,20260930,dragon,0.10502521300643367,0.7773333333333333,0.17666666666666667,0.6006666666666667
americas,60,dense_regional_deterministic,0.75,leagueews,20261001,dragon,0.10606850982437836,0.7686666666666667,0.168,0.6006666666666667
americas,60,dense_regional_deterministic,0.75,leagueews,20261002,dragon,0.10293861937054426,0.7506666666666667,0.168,0.5826666666666667
americas,60,dense_regional_deterministic,0.75,leagueews,20260930,teamfight,0.04084750942243048,0.7813333333333333,0.4513333333333333,0.33
americas,60,dense_regional_deterministic,0.75,leagueews,20261001,teamfight,0.04084750942243048,0.7406666666666667,0.42733333333333334,0.31333333333333335
americas,60,dense_regional_deterministic,0.75,leagueews,20261002,teamfight,0.03901395538351839,0.7093333333333334,0.4086666666666667,0.3006666666666667
americas,60,dense_regional_deterministic,0.75,leagueews,20260930,macro,0.11422816478264407,0.7766666666666667,0.38688888888888884,0.3897777777777778
americas,60,dense_regional_deterministic,0.75,leagueews,20261001,macro,0.1149846775784887,0.7495555555555556,0.3662222222222222,0.3833333333333333
americas,60,dense_regional_deterministic,0.75,leagueews,20261002,macro,0.11598705281501659,0.7388888888888889,0.3642222222222222,0.3746666666666667
americas,60,dense_regional_deterministic,0.75,tcn,20260930,baron,0.2017167381974249,0.7986666666666666,0.5513333333333333,0.24733333333333332
americas,60,dense_regional_deterministic,0.75,tcn,20261001,baron,0.18332311465358675,0.7513333333333333,0.504,0.24733333333333332
americas,60,dense_regional_deterministic,0.75,tcn,20261002,baron,0.1863887185775598,0.7773333333333333,0.5353333333333333,0.242
americas,60,dense_regional_deterministic,0.75,tcn,20260930,dragon,0.09772213528082073,0.7333333333333333,0.162,0.5713333333333334
americas,60,dense_regional_deterministic,0.75,tcn,20261001,dragon,0.10189532255259955,0.76,0.168,0.592
americas,60,dense_regional_deterministic,0.75,tcn,20261002,dragon,0.10554686141540602,0.7486666666666667,0.16733333333333333,0.5813333333333334
americas,60,dense_regional_deterministic,0.75,tcn,20260930,teamfight,0.039523275949882856,0.7486666666666667,0.44333333333333336,0.30533333333333335
americas,60,dense_regional_deterministic,0.75,tcn,20261001,teamfight,0.041764286441886525,0.7753333333333333,0.4513333333333333,0.324
americas,60,dense_regional_deterministic,0.75,tcn,20261002,teamfight,0.04268106346134257,0.7486666666666667,0.434,0.31466666666666665
americas,60,dense_regional_deterministic,0.75,tcn,20260930,macro,0.1129873831427095,0.7602222222222222,0.3855555555555556,0.3746666666666667
americas,60,dense_regional_deterministic,0.75,tcn,20261001,macro,0.10899424121602426,0.7622222222222222,0.3744444444444444,0.3877777777777778
americas,60,dense_regional_deterministic,0.75,tcn,20261002,macro,0.11153888115143613,0.7582222222222222,0.3788888888888889,0.3793333333333333
americas,60,dense_regional_deterministic,0.75,timely_leagueews,20260930,baron,0.21704475781729002,0.774,0.584,0.19
americas,60,dense_regional_deterministic,0.75,timely_leagueews,20261001,baron,0.21704475781729002,0.742,0.568,0.174
americas,60,dense_regional_deterministic,0.75,timely_leagueews,20261002,baron,0.2268546903740037,0.742,0.5906666666666667,0.15133333333333332
americas,60,dense_regional_deterministic,0.75,timely_leagueews,20260930,dragon,0.26169361850113027,0.734,0.5353333333333333,0.19866666666666666
americas,60,dense_regional_deterministic,0.75,timely_leagueews,20261001,dragon,0.25786819683533296,0.7273333333333334,0.5506666666666666,0.17666666666666667
americas,60,dense_regional_deterministic,0.75,timely_leagueews,20261002,dragon,0.2568249000173883,0.7353333333333333,0.552,0.18333333333333332
americas,60,dense_regional_deterministic,0.75,timely_leagueews,20260930,teamfight,0.06101660385046348,0.762,0.6353333333333333,0.12666666666666668
americas,60,dense_regional_deterministic,0.75,timely_leagueews,20261001,teamfight,0.06009982683100744,0.702,0.5946666666666667,0.10733333333333334
americas,60,dense_regional_deterministic,0.75,timely_leagueews,20261002,teamfight,0.05785881633900377,0.7126666666666667,0.596,0.11666666666666667
americas,60,dense_regional_deterministic,0.75,timely_leagueews,20260930,macro,0.17991832672296126,0.7566666666666667,0.5848888888888889,0.17177777777777778
americas,60,dense_regional_deterministic,0.75,timely_leagueews,20261001,macro,0.1783375938278768,0.7237777777777777,0.571111111111111,0.15266666666666667
americas,60,dense_regional_deterministic,0.75,timely_leagueews,20261002,macro,0.18051280224346525,0.73,0.5795555555555555,0.15044444444444446
americas,60,dense_regional_deterministic,0.75,timely_tcn,20260930,baron,0.19926425505824646,0.7826666666666666,0.588,0.19466666666666665
americas,60,dense_regional_deterministic,0.75,timely_tcn,20261001,baron,0.20110361741263028,0.7553333333333333,0.566,0.18933333333333333
americas,60,dense_regional_deterministic,0.75,timely_tcn,20261002,baron,0.2023298589822195,0.758,0.59,0.168
americas,60,dense_regional_deterministic,0.75,timely_tcn,20260930,dragon,0.2524778299426187,0.716,0.546,0.17
americas,60,dense_regional_deterministic,0.75,timely_tcn,20261001,dragon,0.2467396974439228,0.7206666666666667,0.5093333333333333,0.21133333333333335
americas,60,dense_regional_deterministic,0.75,timely_tcn,20261002,dragon,0.25143453312467395,0.6986666666666667,0.5333333333333333,0.16533333333333333
americas,60,dense_regional_deterministic,0.75,timely_tcn,20260930,teamfight,0.0589793215850056,0.724,0.6213333333333333,0.10266666666666667
americas,60,dense_regional_deterministic,0.75,timely_tcn,20261001,teamfight,0.05867372924518692,0.7453333333333333,0.636,0.10933333333333334
americas,60,dense_regional_deterministic,0.75,timely_tcn,20261002,teamfight,0.05785881633900377,0.7066666666666667,0.6026666666666667,0.104
americas,60,dense_regional_deterministic,0.75,timely_tcn,20260930,macro,0.1702404688619569,0.7408888888888888,0.585111111111111,0.1557777777777778
americas,60,dense_regional_deterministic,0.75,timely_tcn,20261001,macro,0.16883901470057996,0.7404444444444445,0.5704444444444444,0.17
americas,60,dense_regional_deterministic,0.75,timely_tcn,20261002,macro,0.17054106948196576,0.721111111111111,0.5753333333333334,0.14577777777777778
americas,60,dense_regional_deterministic,1.0,leagueews,20260930,baron,0.2556713672593501,1.0026666666666666,0.7346666666666667,0.268
americas,60,dense_regional_deterministic,1.0,leagueews,20261001,baron,0.2611894543225015,0.9793333333333333,0.7126666666666667,0.26666666666666666
americas,60,dense_regional_deterministic,1.0,leagueews,20261002,baron,0.26241569589209074,1.01,0.74,0.27
americas,60,dense_regional_deterministic,1.0,leagueews,20260930,dragon,0.15840723352460442,1.0033333333333334,0.266,0.7373333333333333
americas,60,dense_regional_deterministic,1.0,leagueews,20261001,dragon,0.1564945226917058,0.986,0.25733333333333336,0.7286666666666667
americas,60,dense_regional_deterministic,1.0,leagueews,20261002,dragon,0.16710137367414363,0.9926666666666667,0.2633333333333333,0.7293333333333333
americas,60,dense_regional_deterministic,1.0,leagueews,20260930,teamfight,0.05276561067535907,0.984,0.5913333333333334,0.39266666666666666
americas,60,dense_regional_deterministic,1.0,leagueews,20261001,teamfight,0.051339513089538553,0.972,0.5906666666666667,0.38133333333333336
americas,60,dense_regional_deterministic,1.0,leagueews,20261002,teamfight,0.05184883365590302,0.9693333333333334,0.5973333333333334,0.372
americas,60,dense_regional_deterministic,1.0,leagueews,20260930,macro,0.15561473715310453,0.9966666666666667,0.5306666666666667,0.46599999999999997
americas,60,dense_regional_deterministic,1.0,leagueews,20261001,macro,0.1563411633679153,0.979111111111111,0.5202222222222223,0.4588888888888889
americas,60,dense_regional_deterministic,1.0,leagueews,20261002,macro,0.1604553010740458,0.9906666666666668,0.5335555555555556,0.4571111111111111
americas,60,dense_regional_deterministic,1.0,tcn,20260930,baron,0.2568976088289393,1.038,0.7633333333333333,0.27466666666666667
americas,60,dense_regional_deterministic,1.0,tcn,20261001,baron,0.2575107296137339,1.0253333333333334,0.7566666666666667,0.26866666666666666
americas,60,dense_regional_deterministic,1.0,tcn,20261002,baron,0.2575107296137339,1.034,0.7673333333333333,0.26666666666666666
americas,60,dense_regional_deterministic,1.0,tcn,20260930,dragon,0.16466701443227263,1.0273333333333334,0.2713333333333333,0.756
americas,60,dense_regional_deterministic,1.0,tcn,20261001,dragon,0.1554512258737611,1.0113333333333334,0.26666666666666666,0.7446666666666667
americas,60,dense_regional_deterministic,1.0,tcn,20261002,dragon,0.1552773430707703,0.978,0.262,0.716
americas,60,dense_regional_deterministic,1.0,tcn,20260930,teamfight,0.05123764897626566,0.9913333333333333,0.6186666666666667,0.37266666666666665
americas,60,dense_regional_deterministic,1.0,tcn,20261001,teamfight,0.05347865946826933,1.036,0.6366666666666667,0.3993333333333333
americas,60,dense_regional_deterministic,1.0,tcn,20261002,teamfight,0.05205256188244881,0.9786666666666667,0.602,0.37666666666666665
americas,60,dense_regional_deterministic,1.0,tcn,20260930,macro,0.15760075741249252,1.018888888888889,0.5511111111111111,0.4677777777777778
americas,60,dense_regional_deterministic,1.0,tcn,20261001,macro,0.15548020498525478,1.0242222222222224,0.5533333333333333,0.4708888888888889
americas,60,dense_regional_deterministic,1.0,tcn,20261002,macro,0.15494687818898434,0.9968888888888889,0.5437777777777777,0.4531111111111111
americas,60,dense_regional_deterministic,1.0,timely_leagueews,20260930,baron,0.29123237277743713,0.9993333333333333,0.7693333333333333,0.23
americas,60,dense_regional_deterministic,1.0,timely_leagueews,20261001,baron,0.2832618025751073,0.9866666666666667,0.7753333333333333,0.21133333333333335
americas,60,dense_regional_deterministic,1.0,timely_leagueews,20261002,baron,0.29000613120784796,0.9886666666666667,0.7986666666666666,0.19
americas,60,dense_regional_deterministic,1.0,timely_leagueews,20260930,dragon,0.3065553816727526,0.9806666666666667,0.6746666666666666,0.306
americas,60,dense_regional_deterministic,1.0,timely_leagueews,20261001,dragon,0.30203442879499215,0.968,0.6913333333333334,0.27666666666666667
americas,60,dense_regional_deterministic,1.0,timely_leagueews,20261002,dragon,0.3030777256129369,0.978,0.678,0.3
americas,60,dense_regional_deterministic,1.0,timely_leagueews,20260930,teamfight,0.07629622084139757,0.992,0.834,0.158
americas,60,dense_regional_deterministic,1.0,timely_leagueews,20261001,teamfight,0.07324029744321076,0.9526666666666667,0.798,0.15466666666666667
americas,60,dense_regional_deterministic,1.0,timely_leagueews,20261002,teamfight,0.07232352042375471,0.9426666666666667,0.7906666666666666,0.152
americas,60,dense_regional_deterministic,1.0,timely_leagueews,20260930,macro,0.22469465843052908,0.9906666666666667,0.7593333333333333,0.23133333333333336
americas,60,dense_regional_deterministic,1.0,timely_leagueews,20261001,macro,0.21951217627110342,0.9691111111111111,0.7548888888888889,0.21422222222222223
americas,60,dense_regional_deterministic,1.0,timely_leagueews,20261002,macro,0.22180245908151316,0.9697777777777778,0.7557777777777778,0.214
americas,60,dense_regional_deterministic,1.0,timely_tcn,20260930,baron,0.2691600245248314,1.058,0.816,0.242
americas,60,dense_regional_deterministic,1.0,timely_tcn,20261001,baron,0.2709993868792152,1.022,0.7893333333333333,0.23266666666666666
americas,60,dense_regional_deterministic,1.0,timely_tcn,20261002,baron,0.2654812998160638,1.012,0.798,0.214
americas,60,dense_regional_deterministic,1.0,timely_tcn,20260930,dragon,0.2954268822813424,0.97,0.6926666666666667,0.2773333333333333
americas,60,dense_regional_deterministic,1.0,timely_tcn,20261001,dragon,0.29438358546339766,0.9433333333333334,0.634,0.30933333333333335
americas,60,dense_regional_deterministic,1.0,timely_tcn,20261002,dragon,0.29890453834115804,0.9646666666666667,0.692,0.27266666666666667
americas,60,dense_regional_deterministic,1.0,timely_tcn,20260930,teamfight,0.07721299786085362,1.004,0.8593333333333333,0.14466666666666667
americas,60,dense_regional_deterministic,1.0,timely_tcn,20261001,teamfight,0.07741672608739941,1.0033333333333334,0.846,0.15733333333333333
americas,60,dense_regional_deterministic,1.0,timely_tcn,20261002,teamfight,0.07395334623612101,0.9273333333333333,0.7866666666666666,0.14066666666666666
americas,60,dense_regional_deterministic,1.0,timely_tcn,20260930,macro,0.21393330155567578,1.0106666666666666,0.7893333333333333,0.2213333333333333
americas,60,dense_regional_deterministic,1.0,timely_tcn,20261001,macro,0.21426656614333747,0.9895555555555555,0.7564444444444445,0.23311111111111113
americas,60,dense_regional_deterministic,1.0,timely_tcn,20261002,macro,0.21277972813111426,0.968,0.7588888888888888,0.2091111111111111
americas,60,dense_regional_deterministic,mean,leagueews,20260930,baron,0.1589515634580012,0.6283333333333333,0.4165,0.21183333333333335
americas,60,dense_regional_deterministic,mean,leagueews,20261001,baron,0.16201716738197425,0.6124999999999999,0.40349999999999997,0.20899999999999996
americas,60,dense_regional_deterministic,mean,leagueews,20261002,baron,0.1637032495401594,0.639,0.4245,0.2145
americas,60,dense_regional_deterministic,mean,leagueews,20260930,dragon,0.08559380977221354,0.6328333333333334,0.139,0.49383333333333335
americas,60,dense_regional_deterministic,mean,leagueews,20261001,dragon,0.08568075117370892,0.6291666666666667,0.13666666666666666,0.49250000000000005
americas,60,dense_regional_deterministic,mean,leagueews,20261002,dragon,0.08933229003651538,0.6241666666666666,0.13716666666666666,0.487
americas,60,dense_regional_deterministic,mean,leagueews,20260930,teamfight,0.032825710502190075,0.631,0.35433333333333333,0.27666666666666667
americas,60,dense_regional_deterministic,mean,leagueews,20261001,teamfight,0.032163593765916265,0.6075,0.3471666666666667,0.26033333333333336
americas,60,dense_regional_deterministic,mean,leagueews,20261002,teamfight,0.03226545787918916,0.6003333333333334,0.3438333333333333,0.2565
americas,60,dense_regional_deterministic,mean,leagueews,20260930,macro,0.09245702791080161,0.6307222222222222,0.30327777777777776,0.3274444444444444
americas,60,dense_regional_deterministic,mean,leagueews,20261001,macro,0.09328717077386649,0.6163888888888889,0.29577777777777775,0.3206111111111111
americas,60,dense_regional_deterministic,mean,leagueews,20261002,macro,0.09510033248528799,0.6211666666666668,0.30183333333333334,0.3193333333333333
americas,60,dense_regional_deterministic,mean,tcn,20260930,baron,0.15849172286940527,0.6486666666666667,0.4355,0.21316666666666667
americas,60,dense_regional_deterministic,mean,tcn,20261001,baron,0.15236051502145923,0.6358333333333333,0.4231666666666667,0.21266666666666667
americas,60,dense_regional_deterministic,mean,tcn,20261002,baron,0.154659717964439,0.6441666666666667,0.43266666666666664,0.21149999999999997
americas,60,dense_regional_deterministic,mean,tcn,20260930,dragon,0.08541992696922274,0.62,0.13516666666666666,0.48483333333333334
americas,60,dense_regional_deterministic,mean,tcn,20261001,dragon,0.08502869066249348,0.6346666666666667,0.13783333333333334,0.49683333333333335
americas,60,dense_regional_deterministic,mean,tcn,20261002,dragon,0.08555033907146584,0.6208333333333333,0.13783333333333334,0.48300000000000004
americas,60,dense_regional_deterministic,mean,tcn,20260930,teamfight,0.03244372007741672,0.6215,0.3636666666666667,0.25783333333333336
americas,60,dense_regional_deterministic,mean,tcn,20261001,teamfight,0.03376795354996435,0.6413333333333333,0.369,0.2723333333333333
americas,60,dense_regional_deterministic,mean,tcn,20261002,teamfight,0.03336049709687277,0.621,0.35816666666666663,0.2628333333333333
americas,60,dense_regional_deterministic,mean,tcn,20260930,macro,0.09211845663868157,0.6300555555555557,0.31144444444444447,0.3186111111111111
americas,60,dense_regional_deterministic,mean,tcn,20261001,macro,0.09038571974463903,0.6372777777777777,0.31,0.3272777777777778
americas,60,dense_regional_deterministic,mean,tcn,20261002,macro,0.09119018471092587,0.6286666666666667,0.30955555555555553,0.3191111111111111
americas,60,dense_regional_deterministic,mean,timely_leagueews,20260930,baron,0.18945432250153282,0.635,0.4761666666666666,0.15883333333333333
americas,60,dense_regional_deterministic,mean,timely_leagueews,20261001,baron,0.18194359288779888,0.6188333333333333,0.47133333333333327,0.1475
americas,60,dense_regional_deterministic,mean,timely_leagueews,20261002,baron,0.1903740036787247,0.6296666666666667,0.5006666666666666,0.129
americas,60,dense_regional_deterministic,mean,timely_leagueews,20260930,dragon,0.22026604068857591,0.605,0.44399999999999995,0.16099999999999998
americas,60,dense_regional_deterministic,mean,timely_leagueews,20261001,dragon,0.21904886106764038,0.5998333333333333,0.4553333333333333,0.14450000000000002
americas,60,dense_regional_deterministic,mean,timely_leagueews,20261002,dragon,0.21852721265866806,0.6011666666666666,0.4518333333333333,0.14933333333333332
americas,60,dense_regional_deterministic,mean,timely_leagueews,20260930,teamfight,0.05026993990017317,0.6206666666666667,0.5191666666666667,0.1015
americas,60,dense_regional_deterministic,mean,timely_leagueews,20261001,teamfight,0.04965875522053581,0.5885,0.49483333333333335,0.09366666666666668
americas,60,dense_regional_deterministic,mean,timely_leagueews,20261002,teamfight,0.048487317917897524,0.5905,0.493,0.0975
americas,60,dense_regional_deterministic,mean,timely_leagueews,20260930,macro,0.15333010103009395,0.6202222222222222,0.4797777777777778,0.14044444444444446
americas,60,dense_regional_deterministic,mean,timely_leagueews,20261001,macro,0.15021706972532503,0.6023888888888889,0.47383333333333333,0.12855555555555556
americas,60,dense_regional_deterministic,mean,timely_leagueews,20261002,macro,0.15246284475176342,0.6071111111111112,0.48183333333333334,0.1252777777777778
americas,60,dense_regional_deterministic,mean,timely_tcn,20260930,baron,0.16952789699570814,0.6561666666666667,0.496,0.16016666666666665
americas,60,dense_regional_deterministic,mean,timely_tcn,20261001,baron,0.16768853464132433,0.6306666666666667,0.4728333333333333,0.15783333333333333
americas,60,dense_regional_deterministic,mean,timely_tcn,20261002,baron,0.16860821581851626,0.6311666666666667,0.48883333333333334,0.14233333333333334
americas,60,dense_regional_deterministic,mean,timely_tcn,20260930,dragon,0.2150060858981047,0.6005,0.4531666666666667,0.14733333333333332
americas,60,dense_regional_deterministic,mean,timely_tcn,20261001,dragon,0.21439749608763692,0.6033333333333333,0.42666666666666664,0.17666666666666667
americas,60,dense_regional_deterministic,mean,timely_tcn,20261002,dragon,0.2166579725265171,0.596,0.4556666666666666,0.1403333333333333
americas,60,dense_regional_deterministic,mean,timely_tcn,20260930,teamfight,0.049149434654171334,0.6108333333333333,0.5229999999999999,0.08783333333333333
americas,60,dense_regional_deterministic,mean,timely_tcn,20261001,teamfight,0.049684221248854035,0.6193333333333333,0.5225,0.09683333333333333
americas,60,dense_regional_deterministic,mean,timely_tcn,20261002,teamfight,0.04800346337985128,0.5875,0.49883333333333335,0.08866666666666667
americas,60,dense_regional_deterministic,mean,timely_tcn,20260930,macro,0.14456113918266136,0.6225,0.4907222222222222,0.13177777777777777
americas,60,dense_regional_deterministic,mean,timely_tcn,20261001,macro,0.1439234173259384,0.6177777777777778,0.474,0.14377777777777778
americas,60,dense_regional_deterministic,mean,timely_tcn,20261002,macro,0.1444232172416282,0.6048888888888889,0.4811111111111111,0.12377777777777776
