policy,budget,family,seed,event,horizon,region,matches,events,matched,timely,alerts,false,opportunities
deterministic,0.25,leagueews,20260930,baron,30,overall,3000,3241.0,545.0,294.0,921.0,376.0,1091.0
deterministic,0.25,leagueews,20260930,baron,30,europe,1500,1610.0,287.0,149.0,460.0,173.0,558.0
deterministic,0.25,leagueews,20260930,baron,30,americas,1500,1631.0,258.0,145.0,461.0,203.0,533.0
deterministic,0.25,leagueews,20260930,dragon,30,overall,3000,11329.0,547.0,262.0,697.0,150.0,3736.0
deterministic,0.25,leagueews,20260930,dragon,30,europe,1500,5578.0,271.0,135.0,351.0,80.0,1834.0
deterministic,0.25,leagueews,20260930,dragon,30,americas,1500,5751.0,276.0,127.0,346.0,70.0,1902.0
deterministic,0.25,leagueews,20260930,teamfight,30,overall,3000,19795.0,400.0,176.0,772.0,372.0,6648.0
deterministic,0.25,leagueews,20260930,teamfight,30,europe,1500,9978.0,180.0,85.0,359.0,179.0,3351.0
deterministic,0.25,leagueews,20260930,teamfight,30,americas,1500,9817.0,220.0,91.0,413.0,193.0,3297.0
deterministic,0.25,leagueews,20261001,baron,30,overall,3000,3241.0,524.0,283.0,842.0,318.0,1091.0
deterministic,0.25,leagueews,20261001,baron,30,europe,1500,1610.0,280.0,144.0,419.0,139.0,558.0
deterministic,0.25,leagueews,20261001,baron,30,americas,1500,1631.0,244.0,139.0,423.0,179.0,533.0
deterministic,0.25,leagueews,20261001,dragon,30,overall,3000,11329.0,738.0,366.0,950.0,212.0,3736.0
deterministic,0.25,leagueews,20261001,dragon,30,europe,1500,5578.0,353.0,179.0,468.0,115.0,1834.0
deterministic,0.25,leagueews,20261001,dragon,30,americas,1500,5751.0,385.0,187.0,482.0,97.0,1902.0
deterministic,0.25,leagueews,20261001,teamfight,30,overall,3000,19795.0,304.0,117.0,576.0,272.0,6648.0
deterministic,0.25,leagueews,20261001,teamfight,30,europe,1500,9978.0,142.0,56.0,283.0,141.0,3351.0
deterministic,0.25,leagueews,20261001,teamfight,30,americas,1500,9817.0,162.0,61.0,293.0,131.0,3297.0
deterministic,0.25,leagueews,20261002,baron,30,overall,3000,3241.0,532.0,286.0,929.0,397.0,1091.0
deterministic,0.25,leagueews,20261002,baron,30,europe,1500,1610.0,290.0,154.0,473.0,183.0,558.0
deterministic,0.25,leagueews,20261002,baron,30,americas,1500,1631.0,242.0,132.0,456.0,214.0,533.0
deterministic,0.25,leagueews,20261002,dragon,30,overall,3000,11329.0,586.0,286.0,761.0,175.0,3736.0
deterministic,0.25,leagueews,20261002,dragon,30,europe,1500,5578.0,295.0,146.0,385.0,90.0,1834.0
deterministic,0.25,leagueews,20261002,dragon,30,americas,1500,5751.0,291.0,140.0,376.0,85.0,1902.0
deterministic,0.25,leagueews,20261002,teamfight,30,overall,3000,19795.0,361.0,163.0,684.0,323.0,6648.0
deterministic,0.25,leagueews,20261002,teamfight,30,europe,1500,9978.0,171.0,81.0,331.0,160.0,3351.0
deterministic,0.25,leagueews,20261002,teamfight,30,americas,1500,9817.0,190.0,82.0,353.0,163.0,3297.0
deterministic,0.5,leagueews,20260930,baron,30,overall,3000,3241.0,813.0,476.0,1882.0,1069.0,1091.0
deterministic,0.5,leagueews,20260930,baron,30,europe,1500,1610.0,419.0,239.0,923.0,504.0,558.0
deterministic,0.5,leagueews,20260930,baron,30,americas,1500,1631.0,394.0,237.0,959.0,565.0,533.0
deterministic,0.5,leagueews,20260930,dragon,30,overall,3000,11329.0,1069.0,530.0,1445.0,376.0,3736.0
deterministic,0.5,leagueews,20260930,dragon,30,europe,1500,5578.0,520.0,262.0,700.0,180.0,1834.0
deterministic,0.5,leagueews,20260930,dragon,30,americas,1500,5751.0,549.0,268.0,745.0,196.0,1902.0
deterministic,0.5,leagueews,20260930,teamfight,30,overall,3000,19795.0,633.0,289.0,1286.0,653.0,6648.0
deterministic,0.5,leagueews,20260930,teamfight,30,europe,1500,9978.0,286.0,133.0,618.0,332.0,3351.0
deterministic,0.5,leagueews,20260930,teamfight,30,americas,1500,9817.0,347.0,156.0,668.0,321.0,3297.0
deterministic,0.5,leagueews,20261001,baron,30,overall,3000,3241.0,826.0,480.0,1876.0,1050.0,1091.0
deterministic,0.5,leagueews,20261001,baron,30,europe,1500,1610.0,423.0,239.0,909.0,486.0,558.0
deterministic,0.5,leagueews,20261001,baron,30,americas,1500,1631.0,403.0,241.0,967.0,564.0,533.0
deterministic,0.5,leagueews,20261001,dragon,30,overall,3000,11329.0,1298.0,667.0,1791.0,493.0,3736.0
deterministic,0.5,leagueews,20261001,dragon,30,europe,1500,5578.0,620.0,321.0,866.0,246.0,1834.0
deterministic,0.5,leagueews,20261001,dragon,30,americas,1500,5751.0,678.0,346.0,925.0,247.0,1902.0
deterministic,0.5,leagueews,20261001,teamfight,30,overall,3000,19795.0,542.0,247.0,1101.0,559.0,6648.0
deterministic,0.5,leagueews,20261001,teamfight,30,europe,1500,9978.0,252.0,119.0,534.0,282.0,3351.0
deterministic,0.5,leagueews,20261001,teamfight,30,americas,1500,9817.0,290.0,128.0,567.0,277.0,3297.0
deterministic,0.5,leagueews,20261002,baron,30,overall,3000,3241.0,828.0,475.0,1976.0,1148.0,1091.0
deterministic,0.5,leagueews,20261002,baron,30,europe,1500,1610.0,425.0,244.0,950.0,525.0,558.0
deterministic,0.5,leagueews,20261002,baron,30,americas,1500,1631.0,403.0,231.0,1026.0,623.0,533.0
deterministic,0.5,leagueews,20261002,dragon,30,overall,3000,11329.0,1212.0,626.0,1659.0,447.0,3736.0
deterministic,0.5,leagueews,20261002,dragon,30,europe,1500,5578.0,578.0,298.0,797.0,219.0,1834.0
deterministic,0.5,leagueews,20261002,dragon,30,americas,1500,5751.0,634.0,328.0,862.0,228.0,1902.0
deterministic,0.5,leagueews,20261002,teamfight,30,overall,3000,19795.0,594.0,281.0,1175.0,581.0,6648.0
deterministic,0.5,leagueews,20261002,teamfight,30,europe,1500,9978.0,285.0,142.0,585.0,300.0,3351.0
deterministic,0.5,leagueews,20261002,teamfight,30,americas,1500,9817.0,309.0,139.0,590.0,281.0,3297.0
deterministic,0.75,leagueews,20260930,baron,30,overall,3000,3241.0,997.0,604.0,2803.0,1806.0,1091.0
deterministic,0.75,leagueews,20260930,baron,30,europe,1500,1610.0,516.0,308.0,1355.0,839.0,558.0
deterministic,0.75,leagueews,20260930,baron,30,americas,1500,1631.0,481.0,296.0,1448.0,967.0,533.0
deterministic,0.75,leagueews,20260930,dragon,30,overall,3000,11329.0,2272.0,1246.0,3470.0,1198.0,3736.0
deterministic,0.75,leagueews,20260930,dragon,30,europe,1500,5578.0,1116.0,607.0,1725.0,609.0,1834.0
deterministic,0.75,leagueews,20260930,dragon,30,americas,1500,5751.0,1156.0,639.0,1745.0,589.0,1902.0
deterministic,0.75,leagueews,20260930,teamfight,30,overall,3000,19795.0,953.0,469.0,2083.0,1130.0,6648.0
deterministic,0.75,leagueews,20260930,teamfight,30,europe,1500,9978.0,456.0,232.0,1047.0,591.0,3351.0
deterministic,0.75,leagueews,20260930,teamfight,30,americas,1500,9817.0,497.0,237.0,1036.0,539.0,3297.0
deterministic,0.75,leagueews,20261001,baron,30,overall,3000,3241.0,952.0,567.0,2506.0,1554.0,1091.0
deterministic,0.75,leagueews,20261001,baron,30,europe,1500,1610.0,482.0,282.0,1198.0,716.0,558.0
deterministic,0.75,leagueews,20261001,baron,30,americas,1500,1631.0,470.0,285.0,1308.0,838.0,533.0
deterministic,0.75,leagueews,20261001,dragon,30,overall,3000,11329.0,1861.0,1019.0,2744.0,883.0,3736.0
deterministic,0.75,leagueews,20261001,dragon,30,europe,1500,5578.0,909.0,501.0,1360.0,451.0,1834.0
deterministic,0.75,leagueews,20261001,dragon,30,americas,1500,5751.0,952.0,518.0,1384.0,432.0,1902.0
deterministic,0.75,leagueews,20261001,teamfight,30,overall,3000,19795.0,853.0,403.0,1860.0,1007.0,6648.0
deterministic,0.75,leagueews,20261001,teamfight,30,europe,1500,9978.0,409.0,200.0,933.0,524.0,3351.0
deterministic,0.75,leagueews,20261001,teamfight,30,americas,1500,9817.0,444.0,203.0,927.0,483.0,3297.0
deterministic,0.75,leagueews,20261002,baron,30,overall,3000,3241.0,970.0,575.0,2694.0,1724.0,1091.0
deterministic,0.75,leagueews,20261002,baron,30,europe,1500,1610.0,499.0,292.0,1291.0,792.0,558.0
deterministic,0.75,leagueews,20261002,baron,30,americas,1500,1631.0,471.0,283.0,1403.0,932.0,533.0
deterministic,0.75,leagueews,20261002,dragon,30,overall,3000,11329.0,1893.0,1033.0,2762.0,869.0,3736.0
deterministic,0.75,leagueews,20261002,dragon,30,europe,1500,5578.0,926.0,511.0,1363.0,437.0,1834.0
deterministic,0.75,leagueews,20261002,dragon,30,americas,1500,5751.0,967.0,522.0,1399.0,432.0,1902.0
deterministic,0.75,leagueews,20261002,teamfight,30,overall,3000,19795.0,848.0,415.0,1846.0,998.0,6648.0
deterministic,0.75,leagueews,20261002,teamfight,30,europe,1500,9978.0,405.0,203.0,922.0,517.0,3351.0
deterministic,0.75,leagueews,20261002,teamfight,30,americas,1500,9817.0,443.0,212.0,924.0,481.0,3297.0
deterministic,1.0,leagueews,20260930,baron,30,overall,3000,3241.0,1105.0,681.0,3499.0,2394.0,1091.0
deterministic,1.0,leagueews,20260930,baron,30,europe,1500,1610.0,566.0,345.0,1680.0,1114.0,558.0
deterministic,1.0,leagueews,20260930,baron,30,americas,1500,1631.0,539.0,336.0,1819.0,1280.0,533.0
deterministic,1.0,leagueews,20260930,dragon,30,overall,3000,11329.0,2805.0,1590.0,4513.0,1708.0,3736.0
deterministic,1.0,leagueews,20260930,dragon,30,europe,1500,5578.0,1372.0,778.0,2251.0,879.0,1834.0
deterministic,1.0,leagueews,20260930,dragon,30,americas,1500,5751.0,1433.0,812.0,2262.0,829.0,1902.0
deterministic,1.0,leagueews,20260930,teamfight,30,overall,3000,19795.0,1292.0,648.0,3038.0,1746.0,6648.0
deterministic,1.0,leagueews,20260930,teamfight,30,europe,1500,9978.0,629.0,328.0,1507.0,878.0,3351.0
deterministic,1.0,leagueews,20260930,teamfight,30,americas,1500,9817.0,663.0,320.0,1531.0,868.0,3297.0
deterministic,1.0,leagueews,20261001,baron,30,overall,3000,3241.0,1114.0,690.0,3611.0,2497.0,1091.0
deterministic,1.0,leagueews,20261001,baron,30,europe,1500,1610.0,568.0,349.0,1753.0,1185.0,558.0
deterministic,1.0,leagueews,20261001,baron,30,americas,1500,1631.0,546.0,341.0,1858.0,1312.0,533.0
deterministic,1.0,leagueews,20261001,dragon,30,overall,3000,11329.0,2484.0,1400.0,3839.0,1355.0,3736.0
deterministic,1.0,leagueews,20261001,dragon,30,europe,1500,5578.0,1215.0,675.0,1918.0,703.0,1834.0
deterministic,1.0,leagueews,20261001,dragon,30,americas,1500,5751.0,1269.0,725.0,1921.0,652.0,1902.0
deterministic,1.0,leagueews,20261001,teamfight,30,overall,3000,19795.0,1207.0,588.0,2851.0,1644.0,6648.0
deterministic,1.0,leagueews,20261001,teamfight,30,europe,1500,9978.0,594.0,302.0,1425.0,831.0,3351.0
deterministic,1.0,leagueews,20261001,teamfight,30,americas,1500,9817.0,613.0,286.0,1426.0,813.0,3297.0
deterministic,1.0,leagueews,20261002,baron,30,overall,3000,3241.0,1083.0,659.0,3451.0,2368.0,1091.0
deterministic,1.0,leagueews,20261002,baron,30,europe,1500,1610.0,552.0,330.0,1658.0,1106.0,558.0
deterministic,1.0,leagueews,20261002,baron,30,americas,1500,1631.0,531.0,329.0,1793.0,1262.0,533.0
deterministic,1.0,leagueews,20261002,dragon,30,overall,3000,11329.0,2619.0,1488.0,4124.0,1505.0,3736.0
deterministic,1.0,leagueews,20261002,dragon,30,europe,1500,5578.0,1288.0,731.0,2062.0,774.0,1834.0
deterministic,1.0,leagueews,20261002,dragon,30,americas,1500,5751.0,1331.0,757.0,2062.0,731.0,1902.0
deterministic,1.0,leagueews,20261002,teamfight,30,overall,3000,19795.0,1176.0,594.0,2761.0,1585.0,6648.0
deterministic,1.0,leagueews,20261002,teamfight,30,europe,1500,9978.0,578.0,297.0,1380.0,802.0,3351.0
deterministic,1.0,leagueews,20261002,teamfight,30,americas,1500,9817.0,598.0,297.0,1381.0,783.0,3297.0
deterministic,0.25,leagueews,20260930,baron,60,overall,3000,3241.0,614.0,173.0,870.0,256.0,2152.0
deterministic,0.25,leagueews,20260930,baron,60,europe,1500,1610.0,323.0,85.0,441.0,118.0,1048.0
deterministic,0.25,leagueews,20260930,baron,60,americas,1500,1631.0,291.0,88.0,429.0,138.0,1104.0
deterministic,0.25,leagueews,20260930,dragon,60,overall,3000,11329.0,518.0,133.0,559.0,41.0,7555.0
deterministic,0.25,leagueews,20260930,dragon,60,europe,1500,5578.0,262.0,73.0,284.0,22.0,3749.0
deterministic,0.25,leagueews,20260930,dragon,60,americas,1500,5751.0,256.0,60.0,275.0,19.0,3806.0
deterministic,0.25,leagueews,20260930,teamfight,60,overall,3000,19795.0,301.0,101.0,446.0,145.0,13137.0
deterministic,0.25,leagueews,20260930,teamfight,60,europe,1500,9978.0,149.0,50.0,224.0,75.0,6630.0
deterministic,0.25,leagueews,20260930,teamfight,60,americas,1500,9817.0,152.0,51.0,222.0,70.0,6507.0
deterministic,0.25,leagueews,20261001,baron,60,overall,3000,3241.0,514.0,125.0,681.0,167.0,2152.0
deterministic,0.25,leagueews,20261001,baron,60,europe,1500,1610.0,281.0,65.0,346.0,65.0,1048.0
deterministic,0.25,leagueews,20261001,baron,60,americas,1500,1631.0,233.0,60.0,335.0,102.0,1104.0
deterministic,0.25,leagueews,20261001,dragon,60,overall,3000,11329.0,656.0,179.0,718.0,62.0,7555.0
deterministic,0.25,leagueews,20261001,dragon,60,europe,1500,5578.0,329.0,93.0,362.0,33.0,3749.0
deterministic,0.25,leagueews,20261001,dragon,60,americas,1500,5751.0,327.0,86.0,356.0,29.0,3806.0
deterministic,0.25,leagueews,20261001,teamfight,60,overall,3000,19795.0,483.0,185.0,745.0,262.0,13137.0
deterministic,0.25,leagueews,20261001,teamfight,60,europe,1500,9978.0,231.0,92.0,368.0,137.0,6630.0
deterministic,0.25,leagueews,20261001,teamfight,60,americas,1500,9817.0,252.0,93.0,377.0,125.0,6507.0
deterministic,0.25,leagueews,20261002,baron,60,overall,3000,3241.0,530.0,137.0,745.0,215.0,2152.0
deterministic,0.25,leagueews,20261002,baron,60,europe,1500,1610.0,280.0,74.0,374.0,94.0,1048.0
deterministic,0.25,leagueews,20261002,baron,60,americas,1500,1631.0,250.0,63.0,371.0,121.0,1104.0
deterministic,0.25,leagueews,20261002,dragon,60,overall,3000,11329.0,497.0,129.0,537.0,40.0,7555.0
deterministic,0.25,leagueews,20261002,dragon,60,europe,1500,5578.0,255.0,74.0,279.0,24.0,3749.0
deterministic,0.25,leagueews,20261002,dragon,60,americas,1500,5751.0,242.0,55.0,258.0,16.0,3806.0
deterministic,0.25,leagueews,20261002,teamfight,60,overall,3000,19795.0,319.0,106.0,447.0,128.0,13137.0
deterministic,0.25,leagueews,20261002,teamfight,60,europe,1500,9978.0,150.0,52.0,222.0,72.0,6630.0
deterministic,0.25,leagueews,20261002,teamfight,60,americas,1500,9817.0,169.0,54.0,225.0,56.0,6507.0
deterministic,0.5,leagueews,20260930,baron,60,overall,3000,3241.0,927.0,345.0,1582.0,655.0,2152.0
deterministic,0.5,leagueews,20260930,baron,60,europe,1500,1610.0,471.0,170.0,777.0,306.0,1048.0
deterministic,0.5,leagueews,20260930,baron,60,americas,1500,1631.0,456.0,175.0,805.0,349.0,1104.0
deterministic,0.5,leagueews,20260930,dragon,60,overall,3000,11329.0,518.0,133.0,559.0,41.0,7555.0
deterministic,0.5,leagueews,20260930,dragon,60,europe,1500,5578.0,262.0,73.0,284.0,22.0,3749.0
deterministic,0.5,leagueews,20260930,dragon,60,americas,1500,5751.0,256.0,60.0,275.0,19.0,3806.0
deterministic,0.5,leagueews,20260930,teamfight,60,overall,3000,19795.0,813.0,329.0,1285.0,472.0,13137.0
deterministic,0.5,leagueews,20260930,teamfight,60,europe,1500,9978.0,374.0,165.0,603.0,229.0,6630.0
deterministic,0.5,leagueews,20260930,teamfight,60,americas,1500,9817.0,439.0,164.0,682.0,243.0,6507.0
deterministic,0.5,leagueews,20261001,baron,60,overall,3000,3241.0,876.0,301.0,1417.0,541.0,2152.0
deterministic,0.5,leagueews,20261001,baron,60,europe,1500,1610.0,447.0,149.0,696.0,249.0,1048.0
deterministic,0.5,leagueews,20261001,baron,60,americas,1500,1631.0,429.0,152.0,721.0,292.0,1104.0
deterministic,0.5,leagueews,20261001,dragon,60,overall,3000,11329.0,656.0,179.0,718.0,62.0,7555.0
deterministic,0.5,leagueews,20261001,dragon,60,europe,1500,5578.0,329.0,93.0,362.0,33.0,3749.0
deterministic,0.5,leagueews,20261001,dragon,60,americas,1500,5751.0,327.0,86.0,356.0,29.0,3806.0
deterministic,0.5,leagueews,20261001,teamfight,60,overall,3000,19795.0,483.0,185.0,745.0,262.0,13137.0
deterministic,0.5,leagueews,20261001,teamfight,60,europe,1500,9978.0,231.0,92.0,368.0,137.0,6630.0
deterministic,0.5,leagueews,20261001,teamfight,60,americas,1500,9817.0,252.0,93.0,377.0,125.0,6507.0
deterministic,0.5,leagueews,20261002,baron,60,overall,3000,3241.0,1088.0,436.0,1973.0,885.0,2152.0
deterministic,0.5,leagueews,20261002,baron,60,europe,1500,1610.0,556.0,217.0,951.0,395.0,1048.0
deterministic,0.5,leagueews,20261002,baron,60,americas,1500,1631.0,532.0,219.0,1022.0,490.0,1104.0
deterministic,0.5,leagueews,20261002,dragon,60,overall,3000,11329.0,497.0,129.0,537.0,40.0,7555.0
deterministic,0.5,leagueews,20261002,dragon,60,europe,1500,5578.0,255.0,74.0,279.0,24.0,3749.0
deterministic,0.5,leagueews,20261002,dragon,60,americas,1500,5751.0,242.0,55.0,258.0,16.0,3806.0
deterministic,0.5,leagueews,20261002,teamfight,60,overall,3000,19795.0,781.0,329.0,1240.0,459.0,13137.0
deterministic,0.5,leagueews,20261002,teamfight,60,europe,1500,9978.0,384.0,171.0,615.0,231.0,6630.0
deterministic,0.5,leagueews,20261002,teamfight,60,americas,1500,9817.0,397.0,158.0,625.0,228.0,6507.0
deterministic,0.75,leagueews,20260930,baron,60,overall,3000,3241.0,1339.0,601.0,2712.0,1373.0,2152.0
deterministic,0.75,leagueews,20260930,baron,60,europe,1500,1610.0,683.0,299.0,1307.0,624.0,1048.0
deterministic,0.75,leagueews,20260930,baron,60,americas,1500,1631.0,656.0,302.0,1405.0,749.0,1104.0
deterministic,0.75,leagueews,20260930,dragon,60,overall,3000,11329.0,2542.0,1010.0,2944.0,402.0,7555.0
deterministic,0.75,leagueews,20260930,dragon,60,europe,1500,5578.0,1261.0,522.0,1447.0,186.0,3749.0
deterministic,0.75,leagueews,20260930,dragon,60,americas,1500,5751.0,1281.0,488.0,1497.0,216.0,3806.0
deterministic,0.75,leagueews,20260930,teamfight,60,overall,3000,19795.0,1603.0,741.0,2734.0,1131.0,13137.0
deterministic,0.75,leagueews,20260930,teamfight,60,europe,1500,9978.0,793.0,391.0,1343.0,550.0,6630.0
deterministic,0.75,leagueews,20260930,teamfight,60,americas,1500,9817.0,810.0,350.0,1391.0,581.0,6507.0
deterministic,0.75,leagueews,20261001,baron,60,overall,3000,3241.0,1315.0,595.0,2595.0,1280.0,2152.0
deterministic,0.75,leagueews,20261001,baron,60,europe,1500,1610.0,666.0,293.0,1258.0,592.0,1048.0
deterministic,0.75,leagueews,20261001,baron,60,americas,1500,1631.0,649.0,302.0,1337.0,688.0,1104.0
deterministic,0.75,leagueews,20261001,dragon,60,overall,3000,11329.0,2786.0,1145.0,3231.0,445.0,7555.0
deterministic,0.75,leagueews,20261001,dragon,60,europe,1500,5578.0,1376.0,589.0,1592.0,216.0,3749.0
deterministic,0.75,leagueews,20261001,dragon,60,americas,1500,5751.0,1410.0,556.0,1639.0,229.0,3806.0
deterministic,0.75,leagueews,20261001,teamfight,60,overall,3000,19795.0,1168.0,508.0,1961.0,793.0,13137.0
deterministic,0.75,leagueews,20261001,teamfight,60,europe,1500,9978.0,565.0,252.0,956.0,391.0,6630.0
deterministic,0.75,leagueews,20261001,teamfight,60,americas,1500,9817.0,603.0,256.0,1005.0,402.0,6507.0
deterministic,0.75,leagueews,20261002,baron,60,overall,3000,3241.0,1324.0,595.0,2603.0,1279.0,2152.0
deterministic,0.75,leagueews,20261002,baron,60,europe,1500,1610.0,677.0,296.0,1254.0,577.0,1048.0
deterministic,0.75,leagueews,20261002,baron,60,americas,1500,1631.0,647.0,299.0,1349.0,702.0,1104.0
deterministic,0.75,leagueews,20261002,dragon,60,overall,3000,11329.0,2694.0,1123.0,3123.0,429.0,7555.0
deterministic,0.75,leagueews,20261002,dragon,60,europe,1500,5578.0,1341.0,581.0,1548.0,207.0,3749.0
deterministic,0.75,leagueews,20261002,dragon,60,americas,1500,5751.0,1353.0,542.0,1575.0,222.0,3806.0
deterministic,0.75,leagueews,20261002,teamfight,60,overall,3000,19795.0,1533.0,728.0,2660.0,1127.0,13137.0
deterministic,0.75,leagueews,20261002,teamfight,60,europe,1500,9978.0,762.0,375.0,1324.0,562.0,6630.0
deterministic,0.75,leagueews,20261002,teamfight,60,americas,1500,9817.0,771.0,353.0,1336.0,565.0,6507.0
deterministic,1.0,leagueews,20260930,baron,60,overall,3000,3241.0,1552.0,749.0,3422.0,1870.0,2152.0
deterministic,1.0,leagueews,20260930,baron,60,europe,1500,1610.0,792.0,371.0,1667.0,875.0,1048.0
deterministic,1.0,leagueews,20260930,baron,60,americas,1500,1631.0,760.0,378.0,1755.0,995.0,1104.0
deterministic,1.0,leagueews,20260930,dragon,60,overall,3000,11329.0,2542.0,1010.0,2944.0,402.0,7555.0
deterministic,1.0,leagueews,20260930,dragon,60,europe,1500,5578.0,1261.0,522.0,1447.0,186.0,3749.0
deterministic,1.0,leagueews,20260930,dragon,60,americas,1500,5751.0,1281.0,488.0,1497.0,216.0,3806.0
deterministic,1.0,leagueews,20260930,teamfight,60,overall,3000,19795.0,1603.0,741.0,2734.0,1131.0,13137.0
deterministic,1.0,leagueews,20260930,teamfight,60,europe,1500,9978.0,793.0,391.0,1343.0,550.0,6630.0
deterministic,1.0,leagueews,20260930,teamfight,60,americas,1500,9817.0,810.0,350.0,1391.0,581.0,6507.0
deterministic,1.0,leagueews,20261001,baron,60,overall,3000,3241.0,1562.0,768.0,3326.0,1764.0,2152.0
deterministic,1.0,leagueews,20261001,baron,60,europe,1500,1610.0,791.0,382.0,1620.0,829.0,1048.0
deterministic,1.0,leagueews,20261001,baron,60,americas,1500,1631.0,771.0,386.0,1706.0,935.0,1104.0
deterministic,1.0,leagueews,20261001,dragon,60,overall,3000,11329.0,2786.0,1145.0,3231.0,445.0,7555.0
deterministic,1.0,leagueews,20261001,dragon,60,europe,1500,5578.0,1376.0,589.0,1592.0,216.0,3749.0
deterministic,1.0,leagueews,20261001,dragon,60,americas,1500,5751.0,1410.0,556.0,1639.0,229.0,3806.0
deterministic,1.0,leagueews,20261001,teamfight,60,overall,3000,19795.0,2166.0,1046.0,3912.0,1746.0,13137.0
deterministic,1.0,leagueews,20261001,teamfight,60,europe,1500,9978.0,1090.0,542.0,1950.0,860.0,6630.0
deterministic,1.0,leagueews,20261001,teamfight,60,americas,1500,9817.0,1076.0,504.0,1962.0,886.0,6507.0
deterministic,1.0,leagueews,20261002,baron,60,overall,3000,3241.0,1577.0,772.0,3414.0,1837.0,2152.0
deterministic,1.0,leagueews,20261002,baron,60,europe,1500,1610.0,790.0,375.0,1656.0,866.0,1048.0
deterministic,1.0,leagueews,20261002,baron,60,americas,1500,1631.0,787.0,397.0,1758.0,971.0,1104.0
deterministic,1.0,leagueews,20261002,dragon,60,overall,3000,11329.0,2694.0,1123.0,3123.0,429.0,7555.0
deterministic,1.0,leagueews,20261002,dragon,60,europe,1500,5578.0,1341.0,581.0,1548.0,207.0,3749.0
deterministic,1.0,leagueews,20261002,dragon,60,americas,1500,5751.0,1353.0,542.0,1575.0,222.0,3806.0
deterministic,1.0,leagueews,20261002,teamfight,60,overall,3000,19795.0,1533.0,728.0,2660.0,1127.0,13137.0
deterministic,1.0,leagueews,20261002,teamfight,60,europe,1500,9978.0,762.0,375.0,1324.0,562.0,6630.0
deterministic,1.0,leagueews,20261002,teamfight,60,americas,1500,9817.0,771.0,353.0,1336.0,565.0,6507.0
deterministic,0.25,gru,20260930,baron,30,overall,3000,3241.0,249.0,139.0,760.0,511.0,1091.0
deterministic,0.25,gru,20260930,baron,30,europe,1500,1610.0,133.0,75.0,356.0,223.0,558.0
deterministic,0.25,gru,20260930,baron,30,americas,1500,1631.0,116.0,64.0,404.0,288.0,533.0
deterministic,0.25,gru,20260930,dragon,30,overall,3000,11329.0,367.0,274.0,761.0,394.0,3736.0
deterministic,0.25,gru,20260930,dragon,30,europe,1500,5578.0,178.0,128.0,368.0,190.0,1834.0
deterministic,0.25,gru,20260930,dragon,30,americas,1500,5751.0,189.0,146.0,393.0,204.0,1902.0
deterministic,0.25,gru,20260930,teamfight,30,overall,3000,19795.0,221.0,114.0,524.0,303.0,6648.0
deterministic,0.25,gru,20260930,teamfight,30,europe,1500,9978.0,118.0,64.0,256.0,138.0,3351.0
deterministic,0.25,gru,20260930,teamfight,30,americas,1500,9817.0,103.0,50.0,268.0,165.0,3297.0
deterministic,0.25,gru,20261001,baron,30,overall,3000,3241.0,249.0,136.0,623.0,374.0,1091.0
deterministic,0.25,gru,20261001,baron,30,europe,1500,1610.0,135.0,74.0,307.0,172.0,558.0
deterministic,0.25,gru,20261001,baron,30,americas,1500,1631.0,114.0,62.0,316.0,202.0,533.0
deterministic,0.25,gru,20261001,dragon,30,overall,3000,11329.0,308.0,256.0,891.0,583.0,3736.0
deterministic,0.25,gru,20261001,dragon,30,europe,1500,5578.0,160.0,132.0,440.0,280.0,1834.0
deterministic,0.25,gru,20261001,dragon,30,americas,1500,5751.0,148.0,124.0,451.0,303.0,1902.0
deterministic,0.25,gru,20261001,teamfight,30,overall,3000,19795.0,255.0,143.0,671.0,416.0,6648.0
deterministic,0.25,gru,20261001,teamfight,30,europe,1500,9978.0,127.0,74.0,324.0,197.0,3351.0
deterministic,0.25,gru,20261001,teamfight,30,americas,1500,9817.0,128.0,69.0,347.0,219.0,3297.0
deterministic,0.25,gru,20261002,baron,30,overall,3000,3241.0,129.0,73.0,511.0,382.0,1091.0
deterministic,0.25,gru,20261002,baron,30,europe,1500,1610.0,57.0,31.0,216.0,159.0,558.0
deterministic,0.25,gru,20261002,baron,30,americas,1500,1631.0,72.0,42.0,295.0,223.0,533.0
deterministic,0.25,gru,20261002,dragon,30,overall,3000,11329.0,130.0,106.0,323.0,193.0,3736.0
deterministic,0.25,gru,20261002,dragon,30,europe,1500,5578.0,63.0,51.0,148.0,85.0,1834.0
deterministic,0.25,gru,20261002,dragon,30,americas,1500,5751.0,67.0,55.0,175.0,108.0,1902.0
deterministic,0.25,gru,20261002,teamfight,30,overall,3000,19795.0,205.0,115.0,600.0,395.0,6648.0
deterministic,0.25,gru,20261002,teamfight,30,europe,1500,9978.0,106.0,61.0,297.0,191.0,3351.0
deterministic,0.25,gru,20261002,teamfight,30,americas,1500,9817.0,99.0,54.0,303.0,204.0,3297.0
deterministic,0.5,gru,20260930,baron,30,overall,3000,3241.0,422.0,257.0,1636.0,1214.0,1091.0
deterministic,0.5,gru,20260930,baron,30,europe,1500,1610.0,211.0,130.0,766.0,555.0,558.0
deterministic,0.5,gru,20260930,baron,30,americas,1500,1631.0,211.0,127.0,870.0,659.0,533.0
deterministic,0.5,gru,20260930,dragon,30,overall,3000,11329.0,955.0,666.0,2022.0,1067.0,3736.0
deterministic,0.5,gru,20260930,dragon,30,europe,1500,5578.0,450.0,312.0,974.0,524.0,1834.0
deterministic,0.5,gru,20260930,dragon,30,americas,1500,5751.0,505.0,354.0,1048.0,543.0,1902.0
deterministic,0.5,gru,20260930,teamfight,30,overall,3000,19795.0,429.0,236.0,1107.0,678.0,6648.0
deterministic,0.5,gru,20260930,teamfight,30,europe,1500,9978.0,218.0,126.0,543.0,325.0,3351.0
deterministic,0.5,gru,20260930,teamfight,30,americas,1500,9817.0,211.0,110.0,564.0,353.0,3297.0
deterministic,0.5,gru,20261001,baron,30,overall,3000,3241.0,465.0,273.0,1504.0,1039.0,1091.0
deterministic,0.5,gru,20261001,baron,30,europe,1500,1610.0,241.0,143.0,714.0,473.0,558.0
deterministic,0.5,gru,20261001,baron,30,americas,1500,1631.0,224.0,130.0,790.0,566.0,533.0
deterministic,0.5,gru,20261001,dragon,30,overall,3000,11329.0,308.0,256.0,891.0,583.0,3736.0
deterministic,0.5,gru,20261001,dragon,30,europe,1500,5578.0,160.0,132.0,440.0,280.0,1834.0
deterministic,0.5,gru,20261001,dragon,30,americas,1500,5751.0,148.0,124.0,451.0,303.0,1902.0
deterministic,0.5,gru,20261001,teamfight,30,overall,3000,19795.0,500.0,287.0,1388.0,888.0,6648.0
deterministic,0.5,gru,20261001,teamfight,30,europe,1500,9978.0,252.0,148.0,686.0,434.0,3351.0
deterministic,0.5,gru,20261001,teamfight,30,americas,1500,9817.0,248.0,139.0,702.0,454.0,3297.0
deterministic,0.5,gru,20261002,baron,30,overall,3000,3241.0,275.0,165.0,1321.0,1046.0,1091.0
deterministic,0.5,gru,20261002,baron,30,europe,1500,1610.0,132.0,81.0,610.0,478.0,558.0
deterministic,0.5,gru,20261002,baron,30,americas,1500,1631.0,143.0,84.0,711.0,568.0,533.0
deterministic,0.5,gru,20261002,dragon,30,overall,3000,11329.0,614.0,438.0,1349.0,735.0,3736.0
deterministic,0.5,gru,20261002,dragon,30,europe,1500,5578.0,305.0,213.0,662.0,357.0,1834.0
deterministic,0.5,gru,20261002,dragon,30,americas,1500,5751.0,309.0,225.0,687.0,378.0,1902.0
deterministic,0.5,gru,20261002,teamfight,30,overall,3000,19795.0,393.0,229.0,1350.0,957.0,6648.0
deterministic,0.5,gru,20261002,teamfight,30,europe,1500,9978.0,201.0,119.0,666.0,465.0,3351.0
deterministic,0.5,gru,20261002,teamfight,30,americas,1500,9817.0,192.0,110.0,684.0,492.0,3297.0
deterministic,0.75,gru,20260930,baron,30,overall,3000,3241.0,422.0,257.0,1636.0,1214.0,1091.0
deterministic,0.75,gru,20260930,baron,30,europe,1500,1610.0,211.0,130.0,766.0,555.0,558.0
deterministic,0.75,gru,20260930,baron,30,americas,1500,1631.0,211.0,127.0,870.0,659.0,533.0
deterministic,0.75,gru,20260930,dragon,30,overall,3000,11329.0,955.0,666.0,2022.0,1067.0,3736.0
deterministic,0.75,gru,20260930,dragon,30,europe,1500,5578.0,450.0,312.0,974.0,524.0,1834.0
deterministic,0.75,gru,20260930,dragon,30,americas,1500,5751.0,505.0,354.0,1048.0,543.0,1902.0
deterministic,0.75,gru,20260930,teamfight,30,overall,3000,19795.0,712.0,399.0,2138.0,1426.0,6648.0
deterministic,0.75,gru,20260930,teamfight,30,europe,1500,9978.0,358.0,208.0,1055.0,697.0,3351.0
deterministic,0.75,gru,20260930,teamfight,30,americas,1500,9817.0,354.0,191.0,1083.0,729.0,3297.0
deterministic,0.75,gru,20261001,baron,30,overall,3000,3241.0,566.0,336.0,2075.0,1509.0,1091.0
deterministic,0.75,gru,20261001,baron,30,europe,1500,1610.0,280.0,167.0,973.0,693.0,558.0
deterministic,0.75,gru,20261001,baron,30,americas,1500,1631.0,286.0,169.0,1102.0,816.0,533.0
deterministic,0.75,gru,20261001,dragon,30,overall,3000,11329.0,765.0,578.0,2023.0,1258.0,3736.0
deterministic,0.75,gru,20261001,dragon,30,europe,1500,5578.0,376.0,285.0,984.0,608.0,1834.0
deterministic,0.75,gru,20261001,dragon,30,americas,1500,5751.0,389.0,293.0,1039.0,650.0,1902.0
deterministic,0.75,gru,20261001,teamfight,30,overall,3000,19795.0,854.0,482.0,2581.0,1727.0,6648.0
deterministic,0.75,gru,20261001,teamfight,30,europe,1500,9978.0,424.0,252.0,1260.0,836.0,3351.0
deterministic,0.75,gru,20261001,teamfight,30,americas,1500,9817.0,430.0,230.0,1321.0,891.0,3297.0
deterministic,0.75,gru,20261002,baron,30,overall,3000,3241.0,418.0,258.0,2333.0,1915.0,1091.0
deterministic,0.75,gru,20261002,baron,30,europe,1500,1610.0,201.0,124.0,1074.0,873.0,558.0
deterministic,0.75,gru,20261002,baron,30,americas,1500,1631.0,217.0,134.0,1259.0,1042.0,533.0
deterministic,0.75,gru,20261002,dragon,30,overall,3000,11329.0,1337.0,917.0,3084.0,1747.0,3736.0
deterministic,0.75,gru,20261002,dragon,30,europe,1500,5578.0,655.0,448.0,1501.0,846.0,1834.0
deterministic,0.75,gru,20261002,dragon,30,americas,1500,5751.0,682.0,469.0,1583.0,901.0,1902.0
deterministic,0.75,gru,20261002,teamfight,30,overall,3000,19795.0,393.0,229.0,1350.0,957.0,6648.0
deterministic,0.75,gru,20261002,teamfight,30,europe,1500,9978.0,201.0,119.0,666.0,465.0,3351.0
deterministic,0.75,gru,20261002,teamfight,30,americas,1500,9817.0,192.0,110.0,684.0,492.0,3297.0
deterministic,1.0,gru,20260930,baron,30,overall,3000,3241.0,601.0,377.0,2606.0,2005.0,1091.0
deterministic,1.0,gru,20260930,baron,30,europe,1500,1610.0,298.0,186.0,1199.0,901.0,558.0
deterministic,1.0,gru,20260930,baron,30,americas,1500,1631.0,303.0,191.0,1407.0,1104.0,533.0
deterministic,1.0,gru,20260930,dragon,30,overall,3000,11329.0,1628.0,1119.0,3669.0,2041.0,3736.0
deterministic,1.0,gru,20260930,dragon,30,europe,1500,5578.0,785.0,538.0,1764.0,979.0,1834.0
deterministic,1.0,gru,20260930,dragon,30,americas,1500,5751.0,843.0,581.0,1905.0,1062.0,1902.0
deterministic,1.0,gru,20260930,teamfight,30,overall,3000,19795.0,712.0,399.0,2138.0,1426.0,6648.0
deterministic,1.0,gru,20260930,teamfight,30,europe,1500,9978.0,358.0,208.0,1055.0,697.0,3351.0
deterministic,1.0,gru,20260930,teamfight,30,americas,1500,9817.0,354.0,191.0,1083.0,729.0,3297.0
deterministic,1.0,gru,20261001,baron,30,overall,3000,3241.0,785.0,489.0,3329.0,2544.0,1091.0
deterministic,1.0,gru,20261001,baron,30,europe,1500,1610.0,399.0,248.0,1570.0,1171.0,558.0
deterministic,1.0,gru,20261001,baron,30,americas,1500,1631.0,386.0,241.0,1759.0,1373.0,533.0
deterministic,1.0,gru,20261001,dragon,30,overall,3000,11329.0,1425.0,1015.0,3696.0,2271.0,3736.0
deterministic,1.0,gru,20261001,dragon,30,europe,1500,5578.0,702.0,497.0,1814.0,1112.0,1834.0
deterministic,1.0,gru,20261001,dragon,30,americas,1500,5751.0,723.0,518.0,1882.0,1159.0,1902.0
deterministic,1.0,gru,20261001,teamfight,30,overall,3000,19795.0,854.0,482.0,2581.0,1727.0,6648.0
deterministic,1.0,gru,20261001,teamfight,30,europe,1500,9978.0,424.0,252.0,1260.0,836.0,3351.0
deterministic,1.0,gru,20261001,teamfight,30,americas,1500,9817.0,430.0,230.0,1321.0,891.0,3297.0
deterministic,1.0,gru,20261002,baron,30,overall,3000,3241.0,493.0,309.0,2899.0,2406.0,1091.0
deterministic,1.0,gru,20261002,baron,30,europe,1500,1610.0,241.0,155.0,1330.0,1089.0,558.0
deterministic,1.0,gru,20261002,baron,30,americas,1500,1631.0,252.0,154.0,1569.0,1317.0,533.0
deterministic,1.0,gru,20261002,dragon,30,overall,3000,11329.0,1337.0,917.0,3084.0,1747.0,3736.0
deterministic,1.0,gru,20261002,dragon,30,europe,1500,5578.0,655.0,448.0,1501.0,846.0,1834.0
deterministic,1.0,gru,20261002,dragon,30,americas,1500,5751.0,682.0,469.0,1583.0,901.0,1902.0
deterministic,1.0,gru,20261002,teamfight,30,overall,3000,19795.0,732.0,428.0,2715.0,1983.0,6648.0
deterministic,1.0,gru,20261002,teamfight,30,europe,1500,9978.0,374.0,225.0,1357.0,983.0,3351.0
deterministic,1.0,gru,20261002,teamfight,30,americas,1500,9817.0,358.0,203.0,1358.0,1000.0,3297.0
deterministic,0.25,gru,20260930,baron,60,overall,3000,3241.0,263.0,118.0,598.0,335.0,2152.0
deterministic,0.25,gru,20260930,baron,60,europe,1500,1610.0,140.0,65.0,286.0,146.0,1048.0
deterministic,0.25,gru,20260930,baron,60,americas,1500,1631.0,123.0,53.0,312.0,189.0,1104.0
deterministic,0.25,gru,20260930,dragon,60,overall,3000,11329.0,549.0,433.0,722.0,173.0,7555.0
deterministic,0.25,gru,20260930,dragon,60,europe,1500,5578.0,275.0,212.0,353.0,78.0,3749.0
deterministic,0.25,gru,20260930,dragon,60,americas,1500,5751.0,274.0,221.0,369.0,95.0,3806.0
deterministic,0.25,gru,20260930,teamfight,60,overall,3000,19795.0,373.0,195.0,694.0,321.0,13137.0
deterministic,0.25,gru,20260930,teamfight,60,europe,1500,9978.0,203.0,100.0,350.0,147.0,6630.0
deterministic,0.25,gru,20260930,teamfight,60,americas,1500,9817.0,170.0,95.0,344.0,174.0,6507.0
deterministic,0.25,gru,20261001,baron,60,overall,3000,3241.0,381.0,149.0,807.0,426.0,2152.0
deterministic,0.25,gru,20261001,baron,60,europe,1500,1610.0,200.0,82.0,397.0,197.0,1048.0
deterministic,0.25,gru,20261001,baron,60,americas,1500,1631.0,181.0,67.0,410.0,229.0,1104.0
deterministic,0.25,gru,20261001,dragon,60,overall,3000,11329.0,1106.0,912.0,1634.0,528.0,7555.0
deterministic,0.25,gru,20261001,dragon,60,europe,1500,5578.0,556.0,457.0,812.0,256.0,3749.0
deterministic,0.25,gru,20261001,dragon,60,americas,1500,5751.0,550.0,455.0,822.0,272.0,3806.0
deterministic,0.25,gru,20261001,teamfight,60,overall,3000,19795.0,352.0,203.0,653.0,301.0,13137.0
deterministic,0.25,gru,20261001,teamfight,60,europe,1500,9978.0,192.0,106.0,332.0,140.0,6630.0
deterministic,0.25,gru,20261001,teamfight,60,americas,1500,9817.0,160.0,97.0,321.0,161.0,6507.0
deterministic,0.25,gru,20261002,baron,60,overall,3000,3241.0,261.0,128.0,748.0,487.0,2152.0
deterministic,0.25,gru,20261002,baron,60,europe,1500,1610.0,123.0,59.0,332.0,209.0,1048.0
deterministic,0.25,gru,20261002,baron,60,americas,1500,1631.0,138.0,69.0,416.0,278.0,1104.0
deterministic,0.25,gru,20261002,dragon,60,overall,3000,11329.0,196.0,170.0,279.0,83.0,7555.0
deterministic,0.25,gru,20261002,dragon,60,europe,1500,5578.0,90.0,77.0,127.0,37.0,3749.0
deterministic,0.25,gru,20261002,dragon,60,americas,1500,5751.0,106.0,93.0,152.0,46.0,3806.0
deterministic,0.25,gru,20261002,teamfight,60,overall,3000,19795.0,162.0,107.0,326.0,164.0,13137.0
deterministic,0.25,gru,20261002,teamfight,60,europe,1500,9978.0,83.0,53.0,155.0,72.0,6630.0
deterministic,0.25,gru,20261002,teamfight,60,americas,1500,9817.0,79.0,54.0,171.0,92.0,6507.0
deterministic,0.5,gru,20260930,baron,60,overall,3000,3241.0,263.0,118.0,598.0,335.0,2152.0
deterministic,0.5,gru,20260930,baron,60,europe,1500,1610.0,140.0,65.0,286.0,146.0,1048.0
deterministic,0.5,gru,20260930,baron,60,americas,1500,1631.0,123.0,53.0,312.0,189.0,1104.0
deterministic,0.5,gru,20260930,dragon,60,overall,3000,11329.0,549.0,433.0,722.0,173.0,7555.0
deterministic,0.5,gru,20260930,dragon,60,europe,1500,5578.0,275.0,212.0,353.0,78.0,3749.0
deterministic,0.5,gru,20260930,dragon,60,americas,1500,5751.0,274.0,221.0,369.0,95.0,3806.0
deterministic,0.5,gru,20260930,teamfight,60,overall,3000,19795.0,373.0,195.0,694.0,321.0,13137.0
deterministic,0.5,gru,20260930,teamfight,60,europe,1500,9978.0,203.0,100.0,350.0,147.0,6630.0
deterministic,0.5,gru,20260930,teamfight,60,americas,1500,9817.0,170.0,95.0,344.0,174.0,6507.0
deterministic,0.5,gru,20261001,baron,60,overall,3000,3241.0,666.0,307.0,1635.0,969.0,2152.0
deterministic,0.5,gru,20261001,baron,60,europe,1500,1610.0,334.0,153.0,784.0,450.0,1048.0
deterministic,0.5,gru,20261001,baron,60,americas,1500,1631.0,332.0,154.0,851.0,519.0,1104.0
deterministic,0.5,gru,20261001,dragon,60,overall,3000,11329.0,1106.0,912.0,1634.0,528.0,7555.0
deterministic,0.5,gru,20261001,dragon,60,europe,1500,5578.0,556.0,457.0,812.0,256.0,3749.0
deterministic,0.5,gru,20261001,dragon,60,americas,1500,5751.0,550.0,455.0,822.0,272.0,3806.0
deterministic,0.5,gru,20261001,teamfight,60,overall,3000,19795.0,936.0,574.0,1928.0,992.0,13137.0
deterministic,0.5,gru,20261001,teamfight,60,europe,1500,9978.0,472.0,284.0,945.0,473.0,6630.0
deterministic,0.5,gru,20261001,teamfight,60,americas,1500,9817.0,464.0,290.0,983.0,519.0,6507.0
deterministic,0.5,gru,20261002,baron,60,overall,3000,3241.0,409.0,213.0,1356.0,947.0,2152.0
deterministic,0.5,gru,20261002,baron,60,europe,1500,1610.0,195.0,98.0,635.0,440.0,1048.0
deterministic,0.5,gru,20261002,baron,60,americas,1500,1631.0,214.0,115.0,721.0,507.0,1104.0
deterministic,0.5,gru,20261002,dragon,60,overall,3000,11329.0,1630.0,1218.0,2334.0,704.0,7555.0
deterministic,0.5,gru,20261002,dragon,60,europe,1500,5578.0,800.0,601.0,1138.0,338.0,3749.0
deterministic,0.5,gru,20261002,dragon,60,americas,1500,5751.0,830.0,617.0,1196.0,366.0,3806.0
deterministic,0.5,gru,20261002,teamfight,60,overall,3000,19795.0,515.0,340.0,1130.0,615.0,13137.0
deterministic,0.5,gru,20261002,teamfight,60,europe,1500,9978.0,248.0,156.0,533.0,285.0,6630.0
deterministic,0.5,gru,20261002,teamfight,60,americas,1500,9817.0,267.0,184.0,597.0,330.0,6507.0
deterministic,0.75,gru,20260930,baron,60,overall,3000,3241.0,722.0,382.0,1925.0,1203.0,2152.0
deterministic,0.75,gru,20260930,baron,60,europe,1500,1610.0,361.0,193.0,899.0,538.0,1048.0
deterministic,0.75,gru,20260930,baron,60,americas,1500,1631.0,361.0,189.0,1026.0,665.0,1104.0
deterministic,0.75,gru,20260930,dragon,60,overall,3000,11329.0,2368.0,1681.0,3302.0,934.0,7555.0
deterministic,0.75,gru,20260930,dragon,60,europe,1500,5578.0,1149.0,825.0,1598.0,449.0,3749.0
deterministic,0.75,gru,20260930,dragon,60,americas,1500,5751.0,1219.0,856.0,1704.0,485.0,3806.0
deterministic,0.75,gru,20260930,teamfight,60,overall,3000,19795.0,989.0,577.0,2015.0,1026.0,13137.0
deterministic,0.75,gru,20260930,teamfight,60,europe,1500,9978.0,500.0,286.0,995.0,495.0,6630.0
deterministic,0.75,gru,20260930,teamfight,60,americas,1500,9817.0,489.0,291.0,1020.0,531.0,6507.0
deterministic,0.75,gru,20261001,baron,60,overall,3000,3241.0,961.0,509.0,2541.0,1580.0,2152.0
deterministic,0.75,gru,20261001,baron,60,europe,1500,1610.0,482.0,252.0,1195.0,713.0,1048.0
deterministic,0.75,gru,20261001,baron,60,americas,1500,1631.0,479.0,257.0,1346.0,867.0,1104.0
deterministic,0.75,gru,20261001,dragon,60,overall,3000,11329.0,2615.0,1967.0,4011.0,1396.0,7555.0
deterministic,0.75,gru,20261001,dragon,60,europe,1500,5578.0,1276.0,964.0,1972.0,696.0,3749.0
deterministic,0.75,gru,20261001,dragon,60,americas,1500,5751.0,1339.0,1003.0,2039.0,700.0,3806.0
deterministic,0.75,gru,20261001,teamfight,60,overall,3000,19795.0,936.0,574.0,1928.0,992.0,13137.0
deterministic,0.75,gru,20261001,teamfight,60,europe,1500,9978.0,472.0,284.0,945.0,473.0,6630.0
deterministic,0.75,gru,20261001,teamfight,60,americas,1500,9817.0,464.0,290.0,983.0,519.0,6507.0
deterministic,0.75,gru,20261002,baron,60,overall,3000,3241.0,617.0,340.0,2146.0,1529.0,2152.0
deterministic,0.75,gru,20261002,baron,60,europe,1500,1610.0,288.0,157.0,991.0,703.0,1048.0
deterministic,0.75,gru,20261002,baron,60,americas,1500,1631.0,329.0,183.0,1155.0,826.0,1104.0
deterministic,0.75,gru,20261002,dragon,60,overall,3000,11329.0,1630.0,1218.0,2334.0,704.0,7555.0
deterministic,0.75,gru,20261002,dragon,60,europe,1500,5578.0,800.0,601.0,1138.0,338.0,3749.0
deterministic,0.75,gru,20261002,dragon,60,americas,1500,5751.0,830.0,617.0,1196.0,366.0,3806.0
deterministic,0.75,gru,20261002,teamfight,60,overall,3000,19795.0,1202.0,783.0,2869.0,1667.0,13137.0
deterministic,0.75,gru,20261002,teamfight,60,europe,1500,9978.0,594.0,375.0,1415.0,821.0,6630.0
deterministic,0.75,gru,20261002,teamfight,60,americas,1500,9817.0,608.0,408.0,1454.0,846.0,6507.0
deterministic,1.0,gru,20260930,baron,60,overall,3000,3241.0,1140.0,656.0,3334.0,2194.0,2152.0
deterministic,1.0,gru,20260930,baron,60,europe,1500,1610.0,565.0,320.0,1567.0,1002.0,1048.0
deterministic,1.0,gru,20260930,baron,60,americas,1500,1631.0,575.0,336.0,1767.0,1192.0,1104.0
deterministic,1.0,gru,20260930,dragon,60,overall,3000,11329.0,2368.0,1681.0,3302.0,934.0,7555.0
deterministic,1.0,gru,20260930,dragon,60,europe,1500,5578.0,1149.0,825.0,1598.0,449.0,3749.0
deterministic,1.0,gru,20260930,dragon,60,americas,1500,5751.0,1219.0,856.0,1704.0,485.0,3806.0
deterministic,1.0,gru,20260930,teamfight,60,overall,3000,19795.0,989.0,577.0,2015.0,1026.0,13137.0
deterministic,1.0,gru,20260930,teamfight,60,europe,1500,9978.0,500.0,286.0,995.0,495.0,6630.0
deterministic,1.0,gru,20260930,teamfight,60,americas,1500,9817.0,489.0,291.0,1020.0,531.0,6507.0
deterministic,1.0,gru,20261001,baron,60,overall,3000,3241.0,1236.0,686.0,3492.0,2256.0,2152.0
deterministic,1.0,gru,20261001,baron,60,europe,1500,1610.0,613.0,338.0,1638.0,1025.0,1048.0
deterministic,1.0,gru,20261001,baron,60,americas,1500,1631.0,623.0,348.0,1854.0,1231.0,1104.0
deterministic,1.0,gru,20261001,dragon,60,overall,3000,11329.0,2615.0,1967.0,4011.0,1396.0,7555.0
deterministic,1.0,gru,20261001,dragon,60,europe,1500,5578.0,1276.0,964.0,1972.0,696.0,3749.0
deterministic,1.0,gru,20261001,dragon,60,americas,1500,5751.0,1339.0,1003.0,2039.0,700.0,3806.0
deterministic,1.0,gru,20261001,teamfight,60,overall,3000,19795.0,936.0,574.0,1928.0,992.0,13137.0
deterministic,1.0,gru,20261001,teamfight,60,europe,1500,9978.0,472.0,284.0,945.0,473.0,6630.0
deterministic,1.0,gru,20261001,teamfight,60,americas,1500,9817.0,464.0,290.0,983.0,519.0,6507.0
deterministic,1.0,gru,20261002,baron,60,overall,3000,3241.0,805.0,463.0,2945.0,2140.0,2152.0
deterministic,1.0,gru,20261002,baron,60,europe,1500,1610.0,381.0,219.0,1362.0,981.0,1048.0
deterministic,1.0,gru,20261002,baron,60,americas,1500,1631.0,424.0,244.0,1583.0,1159.0,1104.0
deterministic,1.0,gru,20261002,dragon,60,overall,3000,11329.0,3632.0,2514.0,5492.0,1860.0,7555.0
deterministic,1.0,gru,20261002,dragon,60,europe,1500,5578.0,1784.0,1225.0,2710.0,926.0,3749.0
deterministic,1.0,gru,20261002,dragon,60,americas,1500,5751.0,1848.0,1289.0,2782.0,934.0,3806.0
deterministic,1.0,gru,20261002,teamfight,60,overall,3000,19795.0,1202.0,783.0,2869.0,1667.0,13137.0
deterministic,1.0,gru,20261002,teamfight,60,europe,1500,9978.0,594.0,375.0,1415.0,821.0,6630.0
deterministic,1.0,gru,20261002,teamfight,60,americas,1500,9817.0,608.0,408.0,1454.0,846.0,6507.0
deterministic,0.25,tcn,20260930,baron,30,overall,3000,3241.0,531.0,282.0,953.0,422.0,1091.0
deterministic,0.25,tcn,20260930,baron,30,europe,1500,1610.0,291.0,153.0,479.0,188.0,558.0
deterministic,0.25,tcn,20260930,baron,30,americas,1500,1631.0,240.0,129.0,474.0,234.0,533.0
deterministic,0.25,tcn,20260930,dragon,30,overall,3000,11329.0,597.0,278.0,757.0,160.0,3736.0
deterministic,0.25,tcn,20260930,dragon,30,europe,1500,5578.0,286.0,137.0,373.0,87.0,1834.0
deterministic,0.25,tcn,20260930,dragon,30,americas,1500,5751.0,311.0,141.0,384.0,73.0,1902.0
deterministic,0.25,tcn,20260930,teamfight,30,overall,3000,19795.0,323.0,144.0,594.0,271.0,6648.0
deterministic,0.25,tcn,20260930,teamfight,30,europe,1500,9978.0,153.0,72.0,289.0,136.0,3351.0
deterministic,0.25,tcn,20260930,teamfight,30,americas,1500,9817.0,170.0,72.0,305.0,135.0,3297.0
deterministic,0.25,tcn,20261001,baron,30,overall,3000,3241.0,533.0,284.0,963.0,430.0,1091.0
deterministic,0.25,tcn,20261001,baron,30,europe,1500,1610.0,287.0,150.0,471.0,184.0,558.0
deterministic,0.25,tcn,20261001,baron,30,americas,1500,1631.0,246.0,134.0,492.0,246.0,533.0
deterministic,0.25,tcn,20261001,dragon,30,overall,3000,11329.0,513.0,243.0,649.0,136.0,3736.0
deterministic,0.25,tcn,20261001,dragon,30,europe,1500,5578.0,244.0,119.0,319.0,75.0,1834.0
deterministic,0.25,tcn,20261001,dragon,30,americas,1500,5751.0,269.0,124.0,330.0,61.0,1902.0
deterministic,0.25,tcn,20261001,teamfight,30,overall,3000,19795.0,392.0,176.0,776.0,384.0,6648.0
deterministic,0.25,tcn,20261001,teamfight,30,europe,1500,9978.0,188.0,85.0,377.0,189.0,3351.0
deterministic,0.25,tcn,20261001,teamfight,30,americas,1500,9817.0,204.0,91.0,399.0,195.0,3297.0
deterministic,0.25,tcn,20261002,baron,30,overall,3000,3241.0,520.0,280.0,937.0,417.0,1091.0
deterministic,0.25,tcn,20261002,baron,30,europe,1500,1610.0,273.0,143.0,463.0,190.0,558.0
deterministic,0.25,tcn,20261002,baron,30,americas,1500,1631.0,247.0,137.0,474.0,227.0,533.0
deterministic,0.25,tcn,20261002,dragon,30,overall,3000,11329.0,789.0,405.0,1050.0,261.0,3736.0
deterministic,0.25,tcn,20261002,dragon,30,europe,1500,5578.0,375.0,192.0,521.0,146.0,1834.0
deterministic,0.25,tcn,20261002,dragon,30,americas,1500,5751.0,414.0,213.0,529.0,115.0,1902.0
deterministic,0.25,tcn,20261002,teamfight,30,overall,3000,19795.0,479.0,216.0,931.0,452.0,6648.0
deterministic,0.25,tcn,20261002,teamfight,30,europe,1500,9978.0,225.0,105.0,458.0,233.0,3351.0
deterministic,0.25,tcn,20261002,teamfight,30,americas,1500,9817.0,254.0,111.0,473.0,219.0,3297.0
deterministic,0.5,tcn,20260930,baron,30,overall,3000,3241.0,826.0,482.0,2008.0,1182.0,1091.0
deterministic,0.5,tcn,20260930,baron,30,europe,1500,1610.0,423.0,244.0,965.0,542.0,558.0
deterministic,0.5,tcn,20260930,baron,30,americas,1500,1631.0,403.0,238.0,1043.0,640.0,533.0
deterministic,0.5,tcn,20260930,dragon,30,overall,3000,11329.0,1186.0,619.0,1638.0,452.0,3736.0
deterministic,0.5,tcn,20260930,dragon,30,europe,1500,5578.0,574.0,300.0,803.0,229.0,1834.0
deterministic,0.5,tcn,20260930,dragon,30,americas,1500,5751.0,612.0,319.0,835.0,223.0,1902.0
deterministic,0.5,tcn,20260930,teamfight,30,overall,3000,19795.0,785.0,375.0,1743.0,958.0,6648.0
deterministic,0.5,tcn,20260930,teamfight,30,europe,1500,9978.0,379.0,188.0,866.0,487.0,3351.0
deterministic,0.5,tcn,20260930,teamfight,30,americas,1500,9817.0,406.0,187.0,877.0,471.0,3297.0
deterministic,0.5,tcn,20261001,baron,30,overall,3000,3241.0,776.0,442.0,1772.0,996.0,1091.0
deterministic,0.5,tcn,20261001,baron,30,europe,1500,1610.0,405.0,230.0,862.0,457.0,558.0
deterministic,0.5,tcn,20261001,baron,30,americas,1500,1631.0,371.0,212.0,910.0,539.0,533.0
deterministic,0.5,tcn,20261001,dragon,30,overall,3000,11329.0,1593.0,843.0,2277.0,684.0,3736.0
deterministic,0.5,tcn,20261001,dragon,30,europe,1500,5578.0,753.0,396.0,1099.0,346.0,1834.0
deterministic,0.5,tcn,20261001,dragon,30,americas,1500,5751.0,840.0,447.0,1178.0,338.0,1902.0
deterministic,0.5,tcn,20261001,teamfight,30,overall,3000,19795.0,661.0,313.0,1384.0,723.0,6648.0
deterministic,0.5,tcn,20261001,teamfight,30,europe,1500,9978.0,318.0,156.0,690.0,372.0,3351.0
deterministic,0.5,tcn,20261001,teamfight,30,americas,1500,9817.0,343.0,157.0,694.0,351.0,3297.0
deterministic,0.5,tcn,20261002,baron,30,overall,3000,3241.0,801.0,457.0,1873.0,1072.0,1091.0
deterministic,0.5,tcn,20261002,baron,30,europe,1500,1610.0,407.0,233.0,895.0,488.0,558.0
deterministic,0.5,tcn,20261002,baron,30,americas,1500,1631.0,394.0,224.0,978.0,584.0,533.0
deterministic,0.5,tcn,20261002,dragon,30,overall,3000,11329.0,1502.0,803.0,2142.0,640.0,3736.0
deterministic,0.5,tcn,20261002,dragon,30,europe,1500,5578.0,709.0,380.0,1033.0,324.0,1834.0
deterministic,0.5,tcn,20261002,dragon,30,americas,1500,5751.0,793.0,423.0,1109.0,316.0,1902.0
deterministic,0.5,tcn,20261002,teamfight,30,overall,3000,19795.0,724.0,336.0,1575.0,851.0,6648.0
deterministic,0.5,tcn,20261002,teamfight,30,europe,1500,9978.0,341.0,161.0,782.0,441.0,3351.0
deterministic,0.5,tcn,20261002,teamfight,30,americas,1500,9817.0,383.0,175.0,793.0,410.0,3297.0
deterministic,0.75,tcn,20260930,baron,30,overall,3000,3241.0,993.0,594.0,2893.0,1900.0,1091.0
deterministic,0.75,tcn,20260930,baron,30,europe,1500,1610.0,509.0,305.0,1385.0,876.0,558.0
deterministic,0.75,tcn,20260930,baron,30,americas,1500,1631.0,484.0,289.0,1508.0,1024.0,533.0
deterministic,0.75,tcn,20260930,dragon,30,overall,3000,11329.0,1792.0,961.0,2650.0,858.0,3736.0
deterministic,0.75,tcn,20260930,dragon,30,europe,1500,5578.0,856.0,460.0,1302.0,446.0,1834.0
deterministic,0.75,tcn,20260930,dragon,30,americas,1500,5751.0,936.0,501.0,1348.0,412.0,1902.0
deterministic,0.75,tcn,20260930,teamfight,30,overall,3000,19795.0,785.0,375.0,1743.0,958.0,6648.0
deterministic,0.75,tcn,20260930,teamfight,30,europe,1500,9978.0,379.0,188.0,866.0,487.0,3351.0
deterministic,0.75,tcn,20260930,teamfight,30,americas,1500,9817.0,406.0,187.0,877.0,471.0,3297.0
deterministic,0.75,tcn,20261001,baron,30,overall,3000,3241.0,949.0,563.0,2577.0,1628.0,1091.0
deterministic,0.75,tcn,20261001,baron,30,europe,1500,1610.0,483.0,283.0,1251.0,768.0,558.0
deterministic,0.75,tcn,20261001,baron,30,americas,1500,1631.0,466.0,280.0,1326.0,860.0,533.0
deterministic,0.75,tcn,20261001,dragon,30,overall,3000,11329.0,2148.0,1196.0,3240.0,1092.0,3736.0
deterministic,0.75,tcn,20261001,dragon,30,europe,1500,5578.0,1024.0,571.0,1576.0,552.0,1834.0
deterministic,0.75,tcn,20261001,dragon,30,americas,1500,5751.0,1124.0,625.0,1664.0,540.0,1902.0
deterministic,0.75,tcn,20261001,teamfight,30,overall,3000,19795.0,955.0,459.0,2149.0,1194.0,6648.0
deterministic,0.75,tcn,20261001,teamfight,30,europe,1500,9978.0,456.0,231.0,1058.0,602.0,3351.0
deterministic,0.75,tcn,20261001,teamfight,30,americas,1500,9817.0,499.0,228.0,1091.0,592.0,3297.0
deterministic,0.75,tcn,20261002,baron,30,overall,3000,3241.0,986.0,584.0,2824.0,1838.0,1091.0
deterministic,0.75,tcn,20261002,baron,30,europe,1500,1610.0,506.0,302.0,1375.0,869.0,558.0
deterministic,0.75,tcn,20261002,baron,30,americas,1500,1631.0,480.0,282.0,1449.0,969.0,533.0
deterministic,0.75,tcn,20261002,dragon,30,overall,3000,11329.0,2228.0,1225.0,3385.0,1157.0,3736.0
deterministic,0.75,tcn,20261002,dragon,30,europe,1500,5578.0,1079.0,594.0,1670.0,591.0,1834.0
deterministic,0.75,tcn,20261002,dragon,30,americas,1500,5751.0,1149.0,631.0,1715.0,566.0,1902.0
deterministic,0.75,tcn,20261002,teamfight,30,overall,3000,19795.0,1048.0,502.0,2420.0,1372.0,6648.0
deterministic,0.75,tcn,20261002,teamfight,30,europe,1500,9978.0,510.0,255.0,1210.0,700.0,3351.0
deterministic,0.75,tcn,20261002,teamfight,30,americas,1500,9817.0,538.0,247.0,1210.0,672.0,3297.0
deterministic,1.0,tcn,20260930,baron,30,overall,3000,3241.0,1110.0,673.0,3533.0,2423.0,1091.0
deterministic,1.0,tcn,20260930,baron,30,europe,1500,1610.0,560.0,339.0,1669.0,1109.0,558.0
deterministic,1.0,tcn,20260930,baron,30,americas,1500,1631.0,550.0,334.0,1864.0,1314.0,533.0
deterministic,1.0,tcn,20260930,dragon,30,overall,3000,11329.0,2470.0,1405.0,3830.0,1360.0,3736.0
deterministic,1.0,tcn,20260930,dragon,30,europe,1500,5578.0,1203.0,683.0,1898.0,695.0,1834.0
deterministic,1.0,tcn,20260930,dragon,30,americas,1500,5751.0,1267.0,722.0,1932.0,665.0,1902.0
deterministic,1.0,tcn,20260930,teamfight,30,overall,3000,19795.0,1103.0,544.0,2625.0,1522.0,6648.0
deterministic,1.0,tcn,20260930,teamfight,30,europe,1500,9978.0,540.0,275.0,1307.0,767.0,3351.0
deterministic,1.0,tcn,20260930,teamfight,30,americas,1500,9817.0,563.0,269.0,1318.0,755.0,3297.0
deterministic,1.0,tcn,20261001,baron,30,overall,3000,3241.0,1117.0,680.0,3628.0,2511.0,1091.0
deterministic,1.0,tcn,20261001,baron,30,europe,1500,1610.0,563.0,341.0,1750.0,1187.0,558.0
deterministic,1.0,tcn,20261001,baron,30,americas,1500,1631.0,554.0,339.0,1878.0,1324.0,533.0
deterministic,1.0,tcn,20261001,dragon,30,overall,3000,11329.0,2645.0,1515.0,4194.0,1549.0,3736.0
deterministic,1.0,tcn,20261001,dragon,30,europe,1500,5578.0,1282.0,730.0,2070.0,788.0,1834.0
deterministic,1.0,tcn,20261001,dragon,30,americas,1500,5751.0,1363.0,785.0,2124.0,761.0,1902.0
deterministic,1.0,tcn,20261001,teamfight,30,overall,3000,19795.0,1295.0,637.0,3172.0,1877.0,6648.0
deterministic,1.0,tcn,20261001,teamfight,30,europe,1500,9978.0,629.0,325.0,1567.0,938.0,3351.0
deterministic,1.0,tcn,20261001,teamfight,30,americas,1500,9817.0,666.0,312.0,1605.0,939.0,3297.0
deterministic,1.0,tcn,20261002,baron,30,overall,3000,3241.0,1093.0,663.0,3547.0,2454.0,1091.0
deterministic,1.0,tcn,20261002,baron,30,europe,1500,1610.0,559.0,339.0,1717.0,1158.0,558.0
deterministic,1.0,tcn,20261002,baron,30,americas,1500,1631.0,534.0,324.0,1830.0,1296.0,533.0
deterministic,1.0,tcn,20261002,dragon,30,overall,3000,11329.0,2873.0,1679.0,4667.0,1794.0,3736.0
deterministic,1.0,tcn,20261002,dragon,30,europe,1500,5578.0,1391.0,812.0,2305.0,914.0,1834.0
deterministic,1.0,tcn,20261002,dragon,30,americas,1500,5751.0,1482.0,867.0,2362.0,880.0,1902.0
deterministic,1.0,tcn,20261002,teamfight,30,overall,3000,19795.0,1048.0,502.0,2420.0,1372.0,6648.0
deterministic,1.0,tcn,20261002,teamfight,30,europe,1500,9978.0,510.0,255.0,1210.0,700.0,3351.0
deterministic,1.0,tcn,20261002,teamfight,30,americas,1500,9817.0,538.0,247.0,1210.0,672.0,3297.0
deterministic,0.25,tcn,20260930,baron,60,overall,3000,3241.0,546.0,137.0,777.0,231.0,2152.0
deterministic,0.25,tcn,20260930,baron,60,europe,1500,1610.0,299.0,75.0,398.0,99.0,1048.0
deterministic,0.25,tcn,20260930,baron,60,americas,1500,1631.0,247.0,62.0,379.0,132.0,1104.0
deterministic,0.25,tcn,20260930,dragon,60,overall,3000,11329.0,596.0,171.0,646.0,50.0,7555.0
deterministic,0.25,tcn,20260930,dragon,60,europe,1500,5578.0,285.0,91.0,309.0,24.0,3749.0
deterministic,0.25,tcn,20260930,dragon,60,americas,1500,5751.0,311.0,80.0,337.0,26.0,3806.0
deterministic,0.25,tcn,20260930,teamfight,60,overall,3000,19795.0,260.0,92.0,371.0,111.0,13137.0
deterministic,0.25,tcn,20260930,teamfight,60,europe,1500,9978.0,130.0,47.0,189.0,59.0,6630.0
deterministic,0.25,tcn,20260930,teamfight,60,americas,1500,9817.0,130.0,45.0,182.0,52.0,6507.0
deterministic,0.25,tcn,20261001,baron,60,overall,3000,3241.0,579.0,152.0,881.0,302.0,2152.0
deterministic,0.25,tcn,20261001,baron,60,europe,1500,1610.0,307.0,75.0,435.0,128.0,1048.0
deterministic,0.25,tcn,20261001,baron,60,americas,1500,1631.0,272.0,77.0,446.0,174.0,1104.0
deterministic,0.25,tcn,20261001,dragon,60,overall,3000,11329.0,411.0,103.0,440.0,29.0,7555.0
deterministic,0.25,tcn,20261001,dragon,60,europe,1500,5578.0,202.0,57.0,214.0,12.0,3749.0
deterministic,0.25,tcn,20261001,dragon,60,americas,1500,5751.0,209.0,46.0,226.0,17.0,3806.0
deterministic,0.25,tcn,20261001,teamfight,60,overall,3000,19795.0,269.0,95.0,393.0,124.0,13137.0
deterministic,0.25,tcn,20261001,teamfight,60,europe,1500,9978.0,142.0,54.0,212.0,70.0,6630.0
deterministic,0.25,tcn,20261001,teamfight,60,americas,1500,9817.0,127.0,41.0,181.0,54.0,6507.0
deterministic,0.25,tcn,20261002,baron,60,overall,3000,3241.0,506.0,141.0,703.0,197.0,2152.0
deterministic,0.25,tcn,20261002,baron,60,europe,1500,1610.0,264.0,67.0,353.0,89.0,1048.0
deterministic,0.25,tcn,20261002,baron,60,americas,1500,1631.0,242.0,74.0,350.0,108.0,1104.0
deterministic,0.25,tcn,20261002,dragon,60,overall,3000,11329.0,666.0,204.0,732.0,66.0,7555.0
deterministic,0.25,tcn,20261002,dragon,60,europe,1500,5578.0,333.0,110.0,369.0,36.0,3749.0
deterministic,0.25,tcn,20261002,dragon,60,americas,1500,5751.0,333.0,94.0,363.0,30.0,3806.0
deterministic,0.25,tcn,20261002,teamfight,60,overall,3000,19795.0,184.0,62.0,251.0,67.0,13137.0
deterministic,0.25,tcn,20261002,teamfight,60,europe,1500,9978.0,90.0,29.0,128.0,38.0,6630.0
deterministic,0.25,tcn,20261002,teamfight,60,americas,1500,9817.0,94.0,33.0,123.0,29.0,6507.0
deterministic,0.5,tcn,20260930,baron,60,overall,3000,3241.0,965.0,357.0,1740.0,775.0,2152.0
deterministic,0.5,tcn,20260930,baron,60,europe,1500,1610.0,484.0,170.0,829.0,345.0,1048.0
deterministic,0.5,tcn,20260930,baron,60,americas,1500,1631.0,481.0,187.0,911.0,430.0,1104.0
deterministic,0.5,tcn,20260930,dragon,60,overall,3000,11329.0,596.0,171.0,646.0,50.0,7555.0
deterministic,0.5,tcn,20260930,dragon,60,europe,1500,5578.0,285.0,91.0,309.0,24.0,3749.0
deterministic,0.5,tcn,20260930,dragon,60,americas,1500,5751.0,311.0,80.0,337.0,26.0,3806.0
deterministic,0.5,tcn,20260930,teamfight,60,overall,3000,19795.0,722.0,293.0,1167.0,445.0,13137.0
deterministic,0.5,tcn,20260930,teamfight,60,europe,1500,9978.0,338.0,138.0,545.0,207.0,6630.0
deterministic,0.5,tcn,20260930,teamfight,60,americas,1500,9817.0,384.0,155.0,622.0,238.0,6507.0
deterministic,0.5,tcn,20261001,baron,60,overall,3000,3241.0,896.0,313.0,1561.0,665.0,2152.0
deterministic,0.5,tcn,20261001,baron,60,europe,1500,1610.0,463.0,154.0,763.0,300.0,1048.0
deterministic,0.5,tcn,20261001,baron,60,americas,1500,1631.0,433.0,159.0,798.0,365.0,1104.0
deterministic,0.5,tcn,20261001,dragon,60,overall,3000,11329.0,411.0,103.0,440.0,29.0,7555.0
deterministic,0.5,tcn,20261001,dragon,60,europe,1500,5578.0,202.0,57.0,214.0,12.0,3749.0
deterministic,0.5,tcn,20261001,dragon,60,americas,1500,5751.0,209.0,46.0,226.0,17.0,3806.0
deterministic,0.5,tcn,20261001,teamfight,60,overall,3000,19795.0,786.0,319.0,1261.0,475.0,13137.0
deterministic,0.5,tcn,20261001,teamfight,60,europe,1500,9978.0,380.0,159.0,611.0,231.0,6630.0
deterministic,0.5,tcn,20261001,teamfight,60,americas,1500,9817.0,406.0,160.0,650.0,244.0,6507.0
deterministic,0.5,tcn,20261002,baron,60,overall,3000,3241.0,1001.0,376.0,1819.0,818.0,2152.0
deterministic,0.5,tcn,20261002,baron,60,europe,1500,1610.0,517.0,192.0,878.0,361.0,1048.0
deterministic,0.5,tcn,20261002,baron,60,americas,1500,1631.0,484.0,184.0,941.0,457.0,1104.0
deterministic,0.5,tcn,20261002,dragon,60,overall,3000,11329.0,666.0,204.0,732.0,66.0,7555.0
deterministic,0.5,tcn,20261002,dragon,60,europe,1500,5578.0,333.0,110.0,369.0,36.0,3749.0
deterministic,0.5,tcn,20261002,dragon,60,americas,1500,5751.0,333.0,94.0,363.0,30.0,3806.0
deterministic,0.5,tcn,20261002,teamfight,60,overall,3000,19795.0,608.0,236.0,966.0,358.0,13137.0
deterministic,0.5,tcn,20261002,teamfight,60,europe,1500,9978.0,301.0,125.0,483.0,182.0,6630.0
deterministic,0.5,tcn,20261002,teamfight,60,americas,1500,9817.0,307.0,111.0,483.0,176.0,6507.0
deterministic,0.75,tcn,20260930,baron,60,overall,3000,3241.0,1340.0,600.0,2760.0,1420.0,2152.0
deterministic,0.75,tcn,20260930,baron,60,europe,1500,1610.0,672.0,293.0,1339.0,667.0,1048.0
deterministic,0.75,tcn,20260930,baron,60,americas,1500,1631.0,668.0,307.0,1421.0,753.0,1104.0
deterministic,0.75,tcn,20260930,dragon,60,overall,3000,11329.0,2815.0,1169.0,3292.0,477.0,7555.0
deterministic,0.75,tcn,20260930,dragon,60,europe,1500,5578.0,1396.0,607.0,1630.0,234.0,3749.0
deterministic,0.75,tcn,20260930,dragon,60,americas,1500,5751.0,1419.0,562.0,1662.0,243.0,3806.0
deterministic,0.75,tcn,20260930,teamfight,60,overall,3000,19795.0,1500.0,708.0,2610.0,1110.0,13137.0
deterministic,0.75,tcn,20260930,teamfight,60,europe,1500,9978.0,744.0,366.0,1280.0,536.0,6630.0
deterministic,0.75,tcn,20260930,teamfight,60,americas,1500,9817.0,756.0,342.0,1330.0,574.0,6507.0
deterministic,0.75,tcn,20261001,baron,60,overall,3000,3241.0,1287.0,558.0,2563.0,1276.0,2152.0
deterministic,0.75,tcn,20261001,baron,60,europe,1500,1610.0,658.0,283.0,1256.0,598.0,1048.0
deterministic,0.75,tcn,20261001,baron,60,americas,1500,1631.0,629.0,275.0,1307.0,678.0,1104.0
deterministic,0.75,tcn,20261001,dragon,60,overall,3000,11329.0,2290.0,884.0,2622.0,332.0,7555.0
deterministic,0.75,tcn,20261001,dragon,60,europe,1500,5578.0,1115.0,453.0,1271.0,156.0,3749.0
deterministic,0.75,tcn,20261001,dragon,60,americas,1500,5751.0,1175.0,431.0,1351.0,176.0,3806.0
deterministic,0.75,tcn,20261001,teamfight,60,overall,3000,19795.0,1547.0,720.0,2665.0,1118.0,13137.0
deterministic,0.75,tcn,20261001,teamfight,60,europe,1500,9978.0,760.0,368.0,1311.0,551.0,6630.0
deterministic,0.75,tcn,20261001,teamfight,60,americas,1500,9817.0,787.0,352.0,1354.0,567.0,6507.0
deterministic,0.75,tcn,20261002,baron,60,overall,3000,3241.0,1209.0,504.0,2365.0,1156.0,2152.0
deterministic,0.75,tcn,20261002,baron,60,europe,1500,1610.0,622.0,255.0,1152.0,530.0,1048.0
deterministic,0.75,tcn,20261002,baron,60,americas,1500,1631.0,587.0,249.0,1213.0,626.0,1104.0
deterministic,0.75,tcn,20261002,dragon,60,overall,3000,11329.0,666.0,204.0,732.0,66.0,7555.0
deterministic,0.75,tcn,20261002,dragon,60,europe,1500,5578.0,333.0,110.0,369.0,36.0,3749.0
deterministic,0.75,tcn,20261002,dragon,60,americas,1500,5751.0,333.0,94.0,363.0,30.0,3806.0
deterministic,0.75,tcn,20261002,teamfight,60,overall,3000,19795.0,1383.0,643.0,2340.0,957.0,13137.0
deterministic,0.75,tcn,20261002,teamfight,60,europe,1500,9978.0,677.0,328.0,1146.0,469.0,6630.0
deterministic,0.75,tcn,20261002,teamfight,60,americas,1500,9817.0,706.0,315.0,1194.0,488.0,6507.0
deterministic,1.0,tcn,20260930,baron,60,overall,3000,3241.0,1542.0,736.0,3396.0,1854.0,2152.0
deterministic,1.0,tcn,20260930,baron,60,europe,1500,1610.0,771.0,361.0,1623.0,852.0,1048.0
deterministic,1.0,tcn,20260930,baron,60,americas,1500,1631.0,771.0,375.0,1773.0,1002.0,1104.0
deterministic,1.0,tcn,20260930,dragon,60,overall,3000,11329.0,2815.0,1169.0,3292.0,477.0,7555.0
deterministic,1.0,tcn,20260930,dragon,60,europe,1500,5578.0,1396.0,607.0,1630.0,234.0,3749.0
deterministic,1.0,tcn,20260930,dragon,60,americas,1500,5751.0,1419.0,562.0,1662.0,243.0,3806.0
deterministic,1.0,tcn,20260930,teamfight,60,overall,3000,19795.0,1500.0,708.0,2610.0,1110.0,13137.0
deterministic,1.0,tcn,20260930,teamfight,60,europe,1500,9978.0,744.0,366.0,1280.0,536.0,6630.0
deterministic,1.0,tcn,20260930,teamfight,60,americas,1500,9817.0,756.0,342.0,1330.0,574.0,6507.0
deterministic,1.0,tcn,20261001,baron,60,overall,3000,3241.0,1500.0,702.0,3236.0,1736.0,2152.0
deterministic,1.0,tcn,20261001,baron,60,europe,1500,1610.0,761.0,353.0,1579.0,818.0,1048.0
deterministic,1.0,tcn,20261001,baron,60,americas,1500,1631.0,739.0,349.0,1657.0,918.0,1104.0
deterministic,1.0,tcn,20261001,dragon,60,overall,3000,11329.0,2290.0,884.0,2622.0,332.0,7555.0
deterministic,1.0,tcn,20261001,dragon,60,europe,1500,5578.0,1115.0,453.0,1271.0,156.0,3749.0
deterministic,1.0,tcn,20261001,dragon,60,americas,1500,5751.0,1175.0,431.0,1351.0,176.0,3806.0
deterministic,1.0,tcn,20261001,teamfight,60,overall,3000,19795.0,1547.0,720.0,2665.0,1118.0,13137.0
deterministic,1.0,tcn,20261001,teamfight,60,europe,1500,9978.0,760.0,368.0,1311.0,551.0,6630.0
deterministic,1.0,tcn,20261001,teamfight,60,americas,1500,9817.0,787.0,352.0,1354.0,567.0,6507.0
deterministic,1.0,tcn,20261002,baron,60,overall,3000,3241.0,1667.0,841.0,3804.0,2137.0,2152.0
deterministic,1.0,tcn,20261002,baron,60,europe,1500,1610.0,847.0,421.0,1833.0,986.0,1048.0
deterministic,1.0,tcn,20261002,baron,60,americas,1500,1631.0,820.0,420.0,1971.0,1151.0,1104.0
deterministic,1.0,tcn,20261002,dragon,60,overall,3000,11329.0,3182.0,1398.0,3722.0,540.0,7555.0
deterministic,1.0,tcn,20261002,dragon,60,europe,1500,5578.0,1573.0,724.0,1831.0,258.0,3749.0
deterministic,1.0,tcn,20261002,dragon,60,americas,1500,5751.0,1609.0,674.0,1891.0,282.0,3806.0
deterministic,1.0,tcn,20261002,teamfight,60,overall,3000,19795.0,1383.0,643.0,2340.0,957.0,13137.0
deterministic,1.0,tcn,20261002,teamfight,60,europe,1500,9978.0,677.0,328.0,1146.0,469.0,6630.0
deterministic,1.0,tcn,20261002,teamfight,60,americas,1500,9817.0,706.0,315.0,1194.0,488.0,6507.0
deterministic,0.25,snapshot,20260930,baron,30,overall,3000,3241.0,434.0,225.0,875.0,441.0,1091.0
deterministic,0.25,snapshot,20260930,baron,30,europe,1500,1610.0,244.0,128.0,441.0,197.0,558.0
deterministic,0.25,snapshot,20260930,baron,30,americas,1500,1631.0,190.0,97.0,434.0,244.0,533.0
deterministic,0.25,snapshot,20260930,dragon,30,overall,3000,11329.0,421.0,199.0,568.0,147.0,3736.0
deterministic,0.25,snapshot,20260930,dragon,30,europe,1500,5578.0,208.0,97.0,288.0,80.0,1834.0
deterministic,0.25,snapshot,20260930,dragon,30,americas,1500,5751.0,213.0,102.0,280.0,67.0,1902.0
deterministic,0.25,snapshot,20260930,teamfight,30,overall,3000,19795.0,259.0,110.0,564.0,305.0,6648.0
deterministic,0.25,snapshot,20260930,teamfight,30,europe,1500,9978.0,113.0,47.0,260.0,147.0,3351.0
deterministic,0.25,snapshot,20260930,teamfight,30,americas,1500,9817.0,146.0,63.0,304.0,158.0,3297.0
deterministic,0.25,snapshot,20261001,baron,30,overall,3000,3241.0,413.0,207.0,799.0,386.0,1091.0
deterministic,0.25,snapshot,20261001,baron,30,europe,1500,1610.0,233.0,119.0,409.0,176.0,558.0
deterministic,0.25,snapshot,20261001,baron,30,americas,1500,1631.0,180.0,88.0,390.0,210.0,533.0
deterministic,0.25,snapshot,20261001,dragon,30,overall,3000,11329.0,364.0,171.0,488.0,124.0,3736.0
deterministic,0.25,snapshot,20261001,dragon,30,europe,1500,5578.0,187.0,88.0,252.0,65.0,1834.0
deterministic,0.25,snapshot,20261001,dragon,30,americas,1500,5751.0,177.0,83.0,236.0,59.0,1902.0
deterministic,0.25,snapshot,20261001,teamfight,30,overall,3000,19795.0,379.0,175.0,888.0,509.0,6648.0
deterministic,0.25,snapshot,20261001,teamfight,30,europe,1500,9978.0,171.0,79.0,412.0,241.0,3351.0
deterministic,0.25,snapshot,20261001,teamfight,30,americas,1500,9817.0,208.0,96.0,476.0,268.0,3297.0
deterministic,0.25,snapshot,20261002,baron,30,overall,3000,3241.0,484.0,262.0,990.0,506.0,1091.0
deterministic,0.25,snapshot,20261002,baron,30,europe,1500,1610.0,265.0,143.0,497.0,232.0,558.0
deterministic,0.25,snapshot,20261002,baron,30,americas,1500,1631.0,219.0,119.0,493.0,274.0,533.0
deterministic,0.25,snapshot,20261002,dragon,30,overall,3000,11329.0,409.0,191.0,553.0,144.0,3736.0
deterministic,0.25,snapshot,20261002,dragon,30,europe,1500,5578.0,201.0,91.0,276.0,75.0,1834.0
deterministic,0.25,snapshot,20261002,dragon,30,americas,1500,5751.0,208.0,100.0,277.0,69.0,1902.0
deterministic,0.25,snapshot,20261002,teamfight,30,overall,3000,19795.0,267.0,113.0,577.0,310.0,6648.0
deterministic,0.25,snapshot,20261002,teamfight,30,europe,1500,9978.0,116.0,49.0,270.0,154.0,3351.0
deterministic,0.25,snapshot,20261002,teamfight,30,americas,1500,9817.0,151.0,64.0,307.0,156.0,3297.0
deterministic,0.5,snapshot,20260930,baron,30,overall,3000,3241.0,712.0,411.0,1891.0,1179.0,1091.0
deterministic,0.5,snapshot,20260930,baron,30,europe,1500,1610.0,384.0,218.0,936.0,552.0,558.0
deterministic,0.5,snapshot,20260930,baron,30,americas,1500,1631.0,328.0,193.0,955.0,627.0,533.0
deterministic,0.5,snapshot,20260930,dragon,30,overall,3000,11329.0,1021.0,516.0,1457.0,436.0,3736.0
deterministic,0.5,snapshot,20260930,dragon,30,europe,1500,5578.0,485.0,247.0,721.0,236.0,1834.0
deterministic,0.5,snapshot,20260930,dragon,30,americas,1500,5751.0,536.0,269.0,736.0,200.0,1902.0
deterministic,0.5,snapshot,20260930,teamfight,30,overall,3000,19795.0,715.0,364.0,1835.0,1120.0,6648.0
deterministic,0.5,snapshot,20260930,teamfight,30,europe,1500,9978.0,326.0,170.0,851.0,525.0,3351.0
deterministic,0.5,snapshot,20260930,teamfight,30,americas,1500,9817.0,389.0,194.0,984.0,595.0,3297.0
deterministic,0.5,snapshot,20261001,baron,30,overall,3000,3241.0,658.0,366.0,1709.0,1051.0,1091.0
deterministic,0.5,snapshot,20261001,baron,30,europe,1500,1610.0,354.0,193.0,857.0,503.0,558.0
deterministic,0.5,snapshot,20261001,baron,30,americas,1500,1631.0,304.0,173.0,852.0,548.0,533.0
deterministic,0.5,snapshot,20261001,dragon,30,overall,3000,11329.0,976.0,496.0,1388.0,412.0,3736.0
deterministic,0.5,snapshot,20261001,dragon,30,europe,1500,5578.0,477.0,241.0,701.0,224.0,1834.0
deterministic,0.5,snapshot,20261001,dragon,30,americas,1500,5751.0,499.0,255.0,687.0,188.0,1902.0
deterministic,0.5,snapshot,20261001,teamfight,30,overall,3000,19795.0,639.0,320.0,1625.0,986.0,6648.0
deterministic,0.5,snapshot,20261001,teamfight,30,europe,1500,9978.0,293.0,156.0,768.0,475.0,3351.0
deterministic,0.5,snapshot,20261001,teamfight,30,americas,1500,9817.0,346.0,164.0,857.0,511.0,3297.0
deterministic,0.5,snapshot,20261002,baron,30,overall,3000,3241.0,666.0,379.0,1674.0,1008.0,1091.0
deterministic,0.5,snapshot,20261002,baron,30,europe,1500,1610.0,361.0,206.0,833.0,472.0,558.0
deterministic,0.5,snapshot,20261002,baron,30,americas,1500,1631.0,305.0,173.0,841.0,536.0,533.0
deterministic,0.5,snapshot,20261002,dragon,30,overall,3000,11329.0,1013.0,510.0,1443.0,430.0,3736.0
deterministic,0.5,snapshot,20261002,dragon,30,europe,1500,5578.0,491.0,246.0,721.0,230.0,1834.0
deterministic,0.5,snapshot,20261002,dragon,30,americas,1500,5751.0,522.0,264.0,722.0,200.0,1902.0
deterministic,0.5,snapshot,20261002,teamfight,30,overall,3000,19795.0,710.0,348.0,1812.0,1102.0,6648.0
deterministic,0.5,snapshot,20261002,teamfight,30,europe,1500,9978.0,320.0,166.0,840.0,520.0,3351.0
deterministic,0.5,snapshot,20261002,teamfight,30,americas,1500,9817.0,390.0,182.0,972.0,582.0,3297.0
deterministic,0.75,snapshot,20260930,baron,30,overall,3000,3241.0,877.0,525.0,2683.0,1806.0,1091.0
deterministic,0.75,snapshot,20260930,baron,30,europe,1500,1610.0,460.0,278.0,1306.0,846.0,558.0
deterministic,0.75,snapshot,20260930,baron,30,americas,1500,1631.0,417.0,247.0,1377.0,960.0,533.0
deterministic,0.75,snapshot,20260930,dragon,30,overall,3000,11329.0,1768.0,960.0,2680.0,912.0,3736.0
deterministic,0.75,snapshot,20260930,dragon,30,europe,1500,5578.0,853.0,462.0,1311.0,458.0,1834.0
deterministic,0.75,snapshot,20260930,dragon,30,americas,1500,5751.0,915.0,498.0,1369.0,454.0,1902.0
deterministic,0.75,snapshot,20260930,teamfight,30,overall,3000,19795.0,715.0,364.0,1835.0,1120.0,6648.0
deterministic,0.75,snapshot,20260930,teamfight,30,europe,1500,9978.0,326.0,170.0,851.0,525.0,3351.0
deterministic,0.75,snapshot,20260930,teamfight,30,americas,1500,9817.0,389.0,194.0,984.0,595.0,3297.0
deterministic,0.75,snapshot,20261001,baron,30,overall,3000,3241.0,824.0,483.0,2472.0,1648.0,1091.0
deterministic,0.75,snapshot,20261001,baron,30,europe,1500,1610.0,430.0,248.0,1214.0,784.0,558.0
deterministic,0.75,snapshot,20261001,baron,30,americas,1500,1631.0,394.0,235.0,1258.0,864.0,533.0
deterministic,0.75,snapshot,20261001,dragon,30,overall,3000,11329.0,1673.0,900.0,2531.0,858.0,3736.0
deterministic,0.75,snapshot,20261001,dragon,30,europe,1500,5578.0,812.0,438.0,1249.0,437.0,1834.0
deterministic,0.75,snapshot,20261001,dragon,30,americas,1500,5751.0,861.0,462.0,1282.0,421.0,1902.0
deterministic,0.75,snapshot,20261001,teamfight,30,overall,3000,19795.0,949.0,495.0,2643.0,1694.0,6648.0
deterministic,0.75,snapshot,20261001,teamfight,30,europe,1500,9978.0,439.0,237.0,1275.0,836.0,3351.0
deterministic,0.75,snapshot,20261001,teamfight,30,americas,1500,9817.0,510.0,258.0,1368.0,858.0,3297.0
deterministic,0.75,snapshot,20261002,baron,30,overall,3000,3241.0,849.0,499.0,2519.0,1670.0,1091.0
deterministic,0.75,snapshot,20261002,baron,30,europe,1500,1610.0,449.0,264.0,1240.0,791.0,558.0
deterministic,0.75,snapshot,20261002,baron,30,americas,1500,1631.0,400.0,235.0,1279.0,879.0,533.0
deterministic,0.75,snapshot,20261002,dragon,30,overall,3000,11329.0,1649.0,874.0,2508.0,859.0,3736.0
deterministic,0.75,snapshot,20261002,dragon,30,europe,1500,5578.0,791.0,414.0,1228.0,437.0,1834.0
deterministic,0.75,snapshot,20261002,dragon,30,americas,1500,5751.0,858.0,460.0,1280.0,422.0,1902.0
deterministic,0.75,snapshot,20261002,teamfight,30,overall,3000,19795.0,710.0,348.0,1812.0,1102.0,6648.0
deterministic,0.75,snapshot,20261002,teamfight,30,europe,1500,9978.0,320.0,166.0,840.0,520.0,3351.0
deterministic,0.75,snapshot,20261002,teamfight,30,americas,1500,9817.0,390.0,182.0,972.0,582.0,3297.0
deterministic,1.0,snapshot,20260930,baron,30,overall,3000,3241.0,1025.0,622.0,3583.0,2558.0,1091.0
deterministic,1.0,snapshot,20260930,baron,30,europe,1500,1610.0,528.0,324.0,1737.0,1209.0,558.0
deterministic,1.0,snapshot,20260930,baron,30,americas,1500,1631.0,497.0,298.0,1846.0,1349.0,533.0
deterministic,1.0,snapshot,20260930,dragon,30,overall,3000,11329.0,2436.0,1358.0,3933.0,1497.0,3736.0
deterministic,1.0,snapshot,20260930,dragon,30,europe,1500,5578.0,1195.0,666.0,1962.0,767.0,1834.0
deterministic,1.0,snapshot,20260930,dragon,30,americas,1500,5751.0,1241.0,692.0,1971.0,730.0,1902.0
deterministic,1.0,snapshot,20260930,teamfight,30,overall,3000,19795.0,1021.0,514.0,2876.0,1855.0,6648.0
deterministic,1.0,snapshot,20260930,teamfight,30,europe,1500,9978.0,470.0,246.0,1366.0,896.0,3351.0
deterministic,1.0,snapshot,20260930,teamfight,30,americas,1500,9817.0,551.0,268.0,1510.0,959.0,3297.0
deterministic,1.0,snapshot,20261001,baron,30,overall,3000,3241.0,982.0,585.0,3322.0,2340.0,1091.0
deterministic,1.0,snapshot,20261001,baron,30,europe,1500,1610.0,509.0,305.0,1601.0,1092.0,558.0
deterministic,1.0,snapshot,20261001,baron,30,americas,1500,1631.0,473.0,280.0,1721.0,1248.0,533.0
deterministic,1.0,snapshot,20261001,dragon,30,overall,3000,11329.0,2334.0,1309.0,3748.0,1414.0,3736.0
deterministic,1.0,snapshot,20261001,dragon,30,europe,1500,5578.0,1139.0,631.0,1860.0,721.0,1834.0
deterministic,1.0,snapshot,20261001,dragon,30,americas,1500,5751.0,1195.0,678.0,1888.0,693.0,1902.0
deterministic,1.0,snapshot,20261001,teamfight,30,overall,3000,19795.0,949.0,495.0,2643.0,1694.0,6648.0
deterministic,1.0,snapshot,20261001,teamfight,30,europe,1500,9978.0,439.0,237.0,1275.0,836.0,3351.0
deterministic,1.0,snapshot,20261001,teamfight,30,americas,1500,9817.0,510.0,258.0,1368.0,858.0,3297.0
deterministic,1.0,snapshot,20261002,baron,30,overall,3000,3241.0,1001.0,605.0,3431.0,2430.0,1091.0
deterministic,1.0,snapshot,20261002,baron,30,europe,1500,1610.0,519.0,317.0,1652.0,1133.0,558.0
deterministic,1.0,snapshot,20261002,baron,30,americas,1500,1631.0,482.0,288.0,1779.0,1297.0,533.0
deterministic,1.0,snapshot,20261002,dragon,30,overall,3000,11329.0,2346.0,1324.0,3748.0,1402.0,3736.0
deterministic,1.0,snapshot,20261002,dragon,30,europe,1500,5578.0,1137.0,642.0,1852.0,715.0,1834.0
deterministic,1.0,snapshot,20261002,dragon,30,americas,1500,5751.0,1209.0,682.0,1896.0,687.0,1902.0
deterministic,1.0,snapshot,20261002,teamfight,30,overall,3000,19795.0,1021.0,529.0,2860.0,1839.0,6648.0
deterministic,1.0,snapshot,20261002,teamfight,30,europe,1500,9978.0,469.0,251.0,1345.0,876.0,3351.0
deterministic,1.0,snapshot,20261002,teamfight,30,americas,1500,9817.0,552.0,278.0,1515.0,963.0,3297.0
deterministic,0.25,snapshot,20260930,baron,60,overall,3000,3241.0,564.0,198.0,950.0,386.0,2152.0
deterministic,0.25,snapshot,20260930,baron,60,europe,1500,1610.0,306.0,109.0,484.0,178.0,1048.0
deterministic,0.25,snapshot,20260930,baron,60,americas,1500,1631.0,258.0,89.0,466.0,208.0,1104.0
deterministic,0.25,snapshot,20260930,dragon,60,overall,3000,11329.0,140.0,39.0,146.0,6.0,7555.0
deterministic,0.25,snapshot,20260930,dragon,60,europe,1500,5578.0,79.0,18.0,82.0,3.0,3749.0
deterministic,0.25,snapshot,20260930,dragon,60,americas,1500,5751.0,61.0,21.0,64.0,3.0,3806.0
deterministic,0.25,snapshot,20260930,teamfight,60,overall,3000,19795.0,303.0,104.0,514.0,211.0,13137.0
deterministic,0.25,snapshot,20260930,teamfight,60,europe,1500,9978.0,146.0,48.0,243.0,97.0,6630.0
deterministic,0.25,snapshot,20260930,teamfight,60,americas,1500,9817.0,157.0,56.0,271.0,114.0,6507.0
deterministic,0.25,snapshot,20261001,baron,60,overall,3000,3241.0,520.0,168.0,852.0,332.0,2152.0
deterministic,0.25,snapshot,20261001,baron,60,europe,1500,1610.0,295.0,97.0,454.0,159.0,1048.0
deterministic,0.25,snapshot,20261001,baron,60,americas,1500,1631.0,225.0,71.0,398.0,173.0,1104.0
deterministic,0.25,snapshot,20261001,dragon,60,overall,3000,11329.0,49.0,13.0,52.0,3.0,7555.0
deterministic,0.25,snapshot,20261001,dragon,60,europe,1500,5578.0,25.0,4.0,26.0,1.0,3749.0
deterministic,0.25,snapshot,20261001,dragon,60,americas,1500,5751.0,24.0,9.0,26.0,2.0,3806.0
deterministic,0.25,snapshot,20261001,teamfight,60,overall,3000,19795.0,407.0,159.0,708.0,301.0,13137.0
deterministic,0.25,snapshot,20261001,teamfight,60,europe,1500,9978.0,186.0,74.0,329.0,143.0,6630.0
deterministic,0.25,snapshot,20261001,teamfight,60,americas,1500,9817.0,221.0,85.0,379.0,158.0,6507.0
deterministic,0.25,snapshot,20261002,baron,60,overall,3000,3241.0,402.0,113.0,605.0,203.0,2152.0
deterministic,0.25,snapshot,20261002,baron,60,europe,1500,1610.0,215.0,64.0,308.0,93.0,1048.0
deterministic,0.25,snapshot,20261002,baron,60,americas,1500,1631.0,187.0,49.0,297.0,110.0,1104.0
deterministic,0.25,snapshot,20261002,dragon,60,overall,3000,11329.0,94.0,30.0,97.0,3.0,7555.0
deterministic,0.25,snapshot,20261002,dragon,60,europe,1500,5578.0,53.0,14.0,54.0,1.0,3749.0
deterministic,0.25,snapshot,20261002,dragon,60,americas,1500,5751.0,41.0,16.0,43.0,2.0,3806.0
deterministic,0.25,snapshot,20261002,teamfight,60,overall,3000,19795.0,275.0,93.0,471.0,196.0,13137.0
deterministic,0.25,snapshot,20261002,teamfight,60,europe,1500,9978.0,131.0,45.0,220.0,89.0,6630.0
deterministic,0.25,snapshot,20261002,teamfight,60,americas,1500,9817.0,144.0,48.0,251.0,107.0,6507.0
deterministic,0.5,snapshot,20260930,baron,60,overall,3000,3241.0,817.0,337.0,1541.0,724.0,2152.0
deterministic,0.5,snapshot,20260930,baron,60,europe,1500,1610.0,431.0,173.0,763.0,332.0,1048.0
deterministic,0.5,snapshot,20260930,baron,60,americas,1500,1631.0,386.0,164.0,778.0,392.0,1104.0
deterministic,0.5,snapshot,20260930,dragon,60,overall,3000,11329.0,140.0,39.0,146.0,6.0,7555.0
deterministic,0.5,snapshot,20260930,dragon,60,europe,1500,5578.0,79.0,18.0,82.0,3.0,3749.0
deterministic,0.5,snapshot,20260930,dragon,60,americas,1500,5751.0,61.0,21.0,64.0,3.0,3806.0
deterministic,0.5,snapshot,20260930,teamfight,60,overall,3000,19795.0,781.0,344.0,1428.0,647.0,13137.0
deterministic,0.5,snapshot,20260930,teamfight,60,europe,1500,9978.0,354.0,159.0,657.0,303.0,6630.0
deterministic,0.5,snapshot,20260930,teamfight,60,americas,1500,9817.0,427.0,185.0,771.0,344.0,6507.0
deterministic,0.5,snapshot,20261001,baron,60,overall,3000,3241.0,752.0,287.0,1399.0,647.0,2152.0
deterministic,0.5,snapshot,20261001,baron,60,europe,1500,1610.0,409.0,158.0,703.0,294.0,1048.0
deterministic,0.5,snapshot,20261001,baron,60,americas,1500,1631.0,343.0,129.0,696.0,353.0,1104.0
deterministic,0.5,snapshot,20261001,dragon,60,overall,3000,11329.0,49.0,13.0,52.0,3.0,7555.0
deterministic,0.5,snapshot,20261001,dragon,60,europe,1500,5578.0,25.0,4.0,26.0,1.0,3749.0
deterministic,0.5,snapshot,20261001,dragon,60,americas,1500,5751.0,24.0,9.0,26.0,2.0,3806.0
deterministic,0.5,snapshot,20261001,teamfight,60,overall,3000,19795.0,1013.0,469.0,1955.0,942.0,13137.0
deterministic,0.5,snapshot,20261001,teamfight,60,europe,1500,9978.0,465.0,221.0,913.0,448.0,6630.0
deterministic,0.5,snapshot,20261001,teamfight,60,americas,1500,9817.0,548.0,248.0,1042.0,494.0,6507.0
deterministic,0.5,snapshot,20261002,baron,60,overall,3000,3241.0,953.0,415.0,1884.0,931.0,2152.0
deterministic,0.5,snapshot,20261002,baron,60,europe,1500,1610.0,505.0,218.0,942.0,437.0,1048.0
deterministic,0.5,snapshot,20261002,baron,60,americas,1500,1631.0,448.0,197.0,942.0,494.0,1104.0
deterministic,0.5,snapshot,20261002,dragon,60,overall,3000,11329.0,2131.0,961.0,2475.0,344.0,7555.0
deterministic,0.5,snapshot,20261002,dragon,60,europe,1500,5578.0,1043.0,502.0,1196.0,153.0,3749.0
deterministic,0.5,snapshot,20261002,dragon,60,americas,1500,5751.0,1088.0,459.0,1279.0,191.0,3806.0
deterministic,0.5,snapshot,20261002,teamfight,60,overall,3000,19795.0,731.0,312.0,1344.0,613.0,13137.0
deterministic,0.5,snapshot,20261002,teamfight,60,europe,1500,9978.0,330.0,144.0,627.0,297.0,6630.0
deterministic,0.5,snapshot,20261002,teamfight,60,americas,1500,9817.0,401.0,168.0,717.0,316.0,6507.0
deterministic,0.75,snapshot,20260930,baron,60,overall,3000,3241.0,1101.0,504.0,2311.0,1210.0,2152.0
deterministic,0.75,snapshot,20260930,baron,60,europe,1500,1610.0,574.0,256.0,1145.0,571.0,1048.0
deterministic,0.75,snapshot,20260930,baron,60,americas,1500,1631.0,527.0,248.0,1166.0,639.0,1104.0
deterministic,0.75,snapshot,20260930,dragon,60,overall,3000,11329.0,2454.0,1114.0,2873.0,419.0,7555.0
deterministic,0.75,snapshot,20260930,dragon,60,europe,1500,5578.0,1212.0,574.0,1416.0,204.0,3749.0
deterministic,0.75,snapshot,20260930,dragon,60,americas,1500,5751.0,1242.0,540.0,1457.0,215.0,3806.0
deterministic,0.75,snapshot,20260930,teamfight,60,overall,3000,19795.0,781.0,344.0,1428.0,647.0,13137.0
deterministic,0.75,snapshot,20260930,teamfight,60,europe,1500,9978.0,354.0,159.0,657.0,303.0,6630.0
deterministic,0.75,snapshot,20260930,teamfight,60,americas,1500,9817.0,427.0,185.0,771.0,344.0,6507.0
deterministic,0.75,snapshot,20261001,baron,60,overall,3000,3241.0,1286.0,623.0,2872.0,1586.0,2152.0
deterministic,0.75,snapshot,20261001,baron,60,europe,1500,1610.0,648.0,303.0,1402.0,754.0,1048.0
deterministic,0.75,snapshot,20261001,baron,60,americas,1500,1631.0,638.0,320.0,1470.0,832.0,1104.0
deterministic,0.75,snapshot,20261001,dragon,60,overall,3000,11329.0,2183.0,954.0,2532.0,349.0,7555.0
deterministic,0.75,snapshot,20261001,dragon,60,europe,1500,5578.0,1079.0,503.0,1239.0,160.0,3749.0
deterministic,0.75,snapshot,20261001,dragon,60,americas,1500,5751.0,1104.0,451.0,1293.0,189.0,3806.0
deterministic,0.75,snapshot,20261001,teamfight,60,overall,3000,19795.0,1013.0,469.0,1955.0,942.0,13137.0
deterministic,0.75,snapshot,20261001,teamfight,60,europe,1500,9978.0,465.0,221.0,913.0,448.0,6630.0
deterministic,0.75,snapshot,20261001,teamfight,60,americas,1500,9817.0,548.0,248.0,1042.0,494.0,6507.0
deterministic,0.75,snapshot,20261002,baron,60,overall,3000,3241.0,1226.0,587.0,2665.0,1439.0,2152.0
deterministic,0.75,snapshot,20261002,baron,60,europe,1500,1610.0,631.0,294.0,1313.0,682.0,1048.0
deterministic,0.75,snapshot,20261002,baron,60,americas,1500,1631.0,595.0,293.0,1352.0,757.0,1104.0
deterministic,0.75,snapshot,20261002,dragon,60,overall,3000,11329.0,2131.0,961.0,2475.0,344.0,7555.0
deterministic,0.75,snapshot,20261002,dragon,60,europe,1500,5578.0,1043.0,502.0,1196.0,153.0,3749.0
deterministic,0.75,snapshot,20261002,dragon,60,americas,1500,5751.0,1088.0,459.0,1279.0,191.0,3806.0
deterministic,0.75,snapshot,20261002,teamfight,60,overall,3000,19795.0,731.0,312.0,1344.0,613.0,13137.0
deterministic,0.75,snapshot,20261002,teamfight,60,europe,1500,9978.0,330.0,144.0,627.0,297.0,6630.0
deterministic,0.75,snapshot,20261002,teamfight,60,americas,1500,9817.0,401.0,168.0,717.0,316.0,6507.0
deterministic,1.0,snapshot,20260930,baron,60,overall,3000,3241.0,1379.0,685.0,3133.0,1754.0,2152.0
deterministic,1.0,snapshot,20260930,baron,60,europe,1500,1610.0,694.0,332.0,1515.0,821.0,1048.0
deterministic,1.0,snapshot,20260930,baron,60,americas,1500,1631.0,685.0,353.0,1618.0,933.0,1104.0
deterministic,1.0,snapshot,20260930,dragon,60,overall,3000,11329.0,2454.0,1114.0,2873.0,419.0,7555.0
deterministic,1.0,snapshot,20260930,dragon,60,europe,1500,5578.0,1212.0,574.0,1416.0,204.0,3749.0
deterministic,1.0,snapshot,20260930,dragon,60,americas,1500,5751.0,1242.0,540.0,1457.0,215.0,3806.0
deterministic,1.0,snapshot,20260930,teamfight,60,overall,3000,19795.0,1621.0,827.0,3278.0,1657.0,13137.0
deterministic,1.0,snapshot,20260930,teamfight,60,europe,1500,9978.0,755.0,399.0,1545.0,790.0,6630.0
deterministic,1.0,snapshot,20260930,teamfight,60,americas,1500,9817.0,866.0,428.0,1733.0,867.0,6507.0
deterministic,1.0,snapshot,20261001,baron,60,overall,3000,3241.0,1542.0,790.0,3625.0,2083.0,2152.0
deterministic,1.0,snapshot,20261001,baron,60,europe,1500,1610.0,766.0,381.0,1721.0,955.0,1048.0
deterministic,1.0,snapshot,20261001,baron,60,americas,1500,1631.0,776.0,409.0,1904.0,1128.0,1104.0
deterministic,1.0,snapshot,20261001,dragon,60,overall,3000,11329.0,2183.0,954.0,2532.0,349.0,7555.0
deterministic,1.0,snapshot,20261001,dragon,60,europe,1500,5578.0,1079.0,503.0,1239.0,160.0,3749.0
deterministic,1.0,snapshot,20261001,dragon,60,americas,1500,5751.0,1104.0,451.0,1293.0,189.0,3806.0
deterministic,1.0,snapshot,20261001,teamfight,60,overall,3000,19795.0,1013.0,469.0,1955.0,942.0,13137.0
deterministic,1.0,snapshot,20261001,teamfight,60,europe,1500,9978.0,465.0,221.0,913.0,448.0,6630.0
deterministic,1.0,snapshot,20261001,teamfight,60,americas,1500,9817.0,548.0,248.0,1042.0,494.0,6507.0
deterministic,1.0,snapshot,20261002,baron,60,overall,3000,3241.0,1495.0,766.0,3487.0,1992.0,2152.0
deterministic,1.0,snapshot,20261002,baron,60,europe,1500,1610.0,755.0,377.0,1680.0,925.0,1048.0
deterministic,1.0,snapshot,20261002,baron,60,americas,1500,1631.0,740.0,389.0,1807.0,1067.0,1104.0
deterministic,1.0,snapshot,20261002,dragon,60,overall,3000,11329.0,2131.0,961.0,2475.0,344.0,7555.0
deterministic,1.0,snapshot,20261002,dragon,60,europe,1500,5578.0,1043.0,502.0,1196.0,153.0,3749.0
deterministic,1.0,snapshot,20261002,dragon,60,americas,1500,5751.0,1088.0,459.0,1279.0,191.0,3806.0
deterministic,1.0,snapshot,20261002,teamfight,60,overall,3000,19795.0,1560.0,805.0,3110.0,1550.0,13137.0
deterministic,1.0,snapshot,20261002,teamfight,60,europe,1500,9978.0,735.0,399.0,1485.0,750.0,6630.0
deterministic,1.0,snapshot,20261002,teamfight,60,americas,1500,9817.0,825.0,406.0,1625.0,800.0,6507.0
deterministic,0.25,current_only,20260930,baron,30,overall,3000,3241.0,479.0,248.0,936.0,457.0,1091.0
deterministic,0.25,current_only,20260930,baron,30,europe,1500,1610.0,264.0,131.0,482.0,218.0,558.0
deterministic,0.25,current_only,20260930,baron,30,americas,1500,1631.0,215.0,117.0,454.0,239.0,533.0
deterministic,0.25,current_only,20260930,dragon,30,overall,3000,11329.0,456.0,213.0,585.0,129.0,3736.0
deterministic,0.25,current_only,20260930,dragon,30,europe,1500,5578.0,232.0,115.0,298.0,66.0,1834.0
deterministic,0.25,current_only,20260930,dragon,30,americas,1500,5751.0,224.0,98.0,287.0,63.0,1902.0
deterministic,0.25,current_only,20260930,teamfight,30,overall,3000,19795.0,426.0,199.0,984.0,558.0,6648.0
deterministic,0.25,current_only,20260930,teamfight,30,europe,1500,9978.0,184.0,95.0,454.0,270.0,3351.0
deterministic,0.25,current_only,20260930,teamfight,30,americas,1500,9817.0,242.0,104.0,530.0,288.0,3297.0
deterministic,0.25,current_only,20261001,baron,30,overall,3000,3241.0,496.0,265.0,989.0,493.0,1091.0
deterministic,0.25,current_only,20261001,baron,30,europe,1500,1610.0,261.0,135.0,492.0,231.0,558.0
deterministic,0.25,current_only,20261001,baron,30,americas,1500,1631.0,235.0,130.0,497.0,262.0,533.0
deterministic,0.25,current_only,20261001,dragon,30,overall,3000,11329.0,554.0,275.0,711.0,157.0,3736.0
deterministic,0.25,current_only,20261001,dragon,30,europe,1500,5578.0,274.0,136.0,357.0,83.0,1834.0
deterministic,0.25,current_only,20261001,dragon,30,americas,1500,5751.0,280.0,139.0,354.0,74.0,1902.0
deterministic,0.25,current_only,20261001,teamfight,30,overall,3000,19795.0,300.0,133.0,630.0,330.0,6648.0
deterministic,0.25,current_only,20261001,teamfight,30,europe,1500,9978.0,127.0,60.0,287.0,160.0,3351.0
deterministic,0.25,current_only,20261001,teamfight,30,americas,1500,9817.0,173.0,73.0,343.0,170.0,3297.0
deterministic,0.25,current_only,20261002,baron,30,overall,3000,3241.0,464.0,241.0,896.0,432.0,1091.0
deterministic,0.25,current_only,20261002,baron,30,europe,1500,1610.0,253.0,128.0,462.0,209.0,558.0
deterministic,0.25,current_only,20261002,baron,30,americas,1500,1631.0,211.0,113.0,434.0,223.0,533.0
deterministic,0.25,current_only,20261002,dragon,30,overall,3000,11329.0,489.0,222.0,628.0,139.0,3736.0
deterministic,0.25,current_only,20261002,dragon,30,europe,1500,5578.0,238.0,106.0,309.0,71.0,1834.0
deterministic,0.25,current_only,20261002,dragon,30,americas,1500,5751.0,251.0,116.0,319.0,68.0,1902.0
deterministic,0.25,current_only,20261002,teamfight,30,overall,3000,19795.0,271.0,128.0,578.0,307.0,6648.0
deterministic,0.25,current_only,20261002,teamfight,30,europe,1500,9978.0,118.0,61.0,266.0,148.0,3351.0
deterministic,0.25,current_only,20261002,teamfight,30,americas,1500,9817.0,153.0,67.0,312.0,159.0,3297.0
deterministic,0.5,current_only,20260930,baron,30,overall,3000,3241.0,696.0,397.0,1761.0,1065.0,1091.0
deterministic,0.5,current_only,20260930,baron,30,europe,1500,1610.0,375.0,205.0,879.0,504.0,558.0
deterministic,0.5,current_only,20260930,baron,30,americas,1500,1631.0,321.0,192.0,882.0,561.0,533.0
deterministic,0.5,current_only,20260930,dragon,30,overall,3000,11329.0,1561.0,817.0,2251.0,690.0,3736.0
deterministic,0.5,current_only,20260930,dragon,30,europe,1500,5578.0,754.0,393.0,1116.0,362.0,1834.0
deterministic,0.5,current_only,20260930,dragon,30,americas,1500,5751.0,807.0,424.0,1135.0,328.0,1902.0
deterministic,0.5,current_only,20260930,teamfight,30,overall,3000,19795.0,699.0,352.0,1749.0,1050.0,6648.0
deterministic,0.5,current_only,20260930,teamfight,30,europe,1500,9978.0,313.0,164.0,808.0,495.0,3351.0
deterministic,0.5,current_only,20260930,teamfight,30,americas,1500,9817.0,386.0,188.0,941.0,555.0,3297.0
deterministic,0.5,current_only,20261001,baron,30,overall,3000,3241.0,717.0,406.0,1820.0,1103.0,1091.0
deterministic,0.5,current_only,20261001,baron,30,europe,1500,1610.0,380.0,212.0,883.0,503.0,558.0
deterministic,0.5,current_only,20261001,baron,30,americas,1500,1631.0,337.0,194.0,937.0,600.0,533.0
deterministic,0.5,current_only,20261001,dragon,30,overall,3000,11329.0,1060.0,548.0,1471.0,411.0,3736.0
deterministic,0.5,current_only,20261001,dragon,30,europe,1500,5578.0,511.0,267.0,724.0,213.0,1834.0
deterministic,0.5,current_only,20261001,dragon,30,americas,1500,5751.0,549.0,281.0,747.0,198.0,1902.0
deterministic,0.5,current_only,20261001,teamfight,30,overall,3000,19795.0,492.0,230.0,1176.0,684.0,6648.0
deterministic,0.5,current_only,20261001,teamfight,30,europe,1500,9978.0,212.0,108.0,534.0,322.0,3351.0
deterministic,0.5,current_only,20261001,teamfight,30,americas,1500,9817.0,280.0,122.0,642.0,362.0,3297.0
deterministic,0.5,current_only,20261002,baron,30,overall,3000,3241.0,721.0,414.0,1865.0,1144.0,1091.0
deterministic,0.5,current_only,20261002,baron,30,europe,1500,1610.0,381.0,219.0,925.0,544.0,558.0
deterministic,0.5,current_only,20261002,baron,30,americas,1500,1631.0,340.0,195.0,940.0,600.0,533.0
deterministic,0.5,current_only,20261002,dragon,30,overall,3000,11329.0,1071.0,558.0,1450.0,379.0,3736.0
deterministic,0.5,current_only,20261002,dragon,30,europe,1500,5578.0,508.0,266.0,714.0,206.0,1834.0
deterministic,0.5,current_only,20261002,dragon,30,americas,1500,5751.0,563.0,292.0,736.0,173.0,1902.0
deterministic,0.5,current_only,20261002,teamfight,30,overall,3000,19795.0,727.0,377.0,1833.0,1106.0,6648.0
deterministic,0.5,current_only,20261002,teamfight,30,europe,1500,9978.0,326.0,179.0,875.0,549.0,3351.0
deterministic,0.5,current_only,20261002,teamfight,30,americas,1500,9817.0,401.0,198.0,958.0,557.0,3297.0
deterministic,0.75,current_only,20260930,baron,30,overall,3000,3241.0,890.0,525.0,2755.0,1865.0,1091.0
deterministic,0.75,current_only,20260930,baron,30,europe,1500,1610.0,466.0,275.0,1337.0,871.0,558.0
deterministic,0.75,current_only,20260930,baron,30,americas,1500,1631.0,424.0,250.0,1418.0,994.0,533.0
deterministic,0.75,current_only,20260930,dragon,30,overall,3000,11329.0,2195.0,1207.0,3371.0,1176.0,3736.0
deterministic,0.75,current_only,20260930,dragon,30,europe,1500,5578.0,1066.0,583.0,1688.0,622.0,1834.0
deterministic,0.75,current_only,20260930,dragon,30,americas,1500,5751.0,1129.0,624.0,1683.0,554.0,1902.0
deterministic,0.75,current_only,20260930,teamfight,30,overall,3000,19795.0,699.0,352.0,1749.0,1050.0,6648.0
deterministic,0.75,current_only,20260930,teamfight,30,europe,1500,9978.0,313.0,164.0,808.0,495.0,3351.0
deterministic,0.75,current_only,20260930,teamfight,30,americas,1500,9817.0,386.0,188.0,941.0,555.0,3297.0
deterministic,0.75,current_only,20261001,baron,30,overall,3000,3241.0,855.0,500.0,2486.0,1631.0,1091.0
deterministic,0.75,current_only,20261001,baron,30,europe,1500,1610.0,447.0,262.0,1200.0,753.0,558.0
deterministic,0.75,current_only,20261001,baron,30,americas,1500,1631.0,408.0,238.0,1286.0,878.0,533.0
deterministic,0.75,current_only,20261001,dragon,30,overall,3000,11329.0,2239.0,1239.0,3474.0,1235.0,3736.0
deterministic,0.75,current_only,20261001,dragon,30,europe,1500,5578.0,1089.0,603.0,1735.0,646.0,1834.0
deterministic,0.75,current_only,20261001,dragon,30,americas,1500,5751.0,1150.0,636.0,1739.0,589.0,1902.0
deterministic,0.75,current_only,20261001,teamfight,30,overall,3000,19795.0,775.0,390.0,2011.0,1236.0,6648.0
deterministic,0.75,current_only,20261001,teamfight,30,europe,1500,9978.0,358.0,191.0,965.0,607.0,3351.0
deterministic,0.75,current_only,20261001,teamfight,30,americas,1500,9817.0,417.0,199.0,1046.0,629.0,3297.0
deterministic,0.75,current_only,20261002,baron,30,overall,3000,3241.0,894.0,533.0,2695.0,1801.0,1091.0
deterministic,0.75,current_only,20261002,baron,30,europe,1500,1610.0,459.0,273.0,1296.0,837.0,558.0
deterministic,0.75,current_only,20261002,baron,30,americas,1500,1631.0,435.0,260.0,1399.0,964.0,533.0
deterministic,0.75,current_only,20261002,dragon,30,overall,3000,11329.0,1725.0,912.0,2531.0,806.0,3736.0
deterministic,0.75,current_only,20261002,dragon,30,europe,1500,5578.0,826.0,438.0,1248.0,422.0,1834.0
deterministic,0.75,current_only,20261002,dragon,30,americas,1500,5751.0,899.0,474.0,1283.0,384.0,1902.0
deterministic,0.75,current_only,20261002,teamfight,30,overall,3000,19795.0,727.0,377.0,1833.0,1106.0,6648.0
deterministic,0.75,current_only,20261002,teamfight,30,europe,1500,9978.0,326.0,179.0,875.0,549.0,3351.0
deterministic,0.75,current_only,20261002,teamfight,30,americas,1500,9817.0,401.0,198.0,958.0,557.0,3297.0
deterministic,1.0,current_only,20260930,baron,30,overall,3000,3241.0,1006.0,604.0,3505.0,2499.0,1091.0
deterministic,1.0,current_only,20260930,baron,30,europe,1500,1610.0,521.0,315.0,1699.0,1178.0,558.0
deterministic,1.0,current_only,20260930,baron,30,americas,1500,1631.0,485.0,289.0,1806.0,1321.0,533.0
deterministic,1.0,current_only,20260930,dragon,30,overall,3000,11329.0,2768.0,1569.0,4461.0,1693.0,3736.0
deterministic,1.0,current_only,20260930,dragon,30,europe,1500,5578.0,1346.0,761.0,2223.0,877.0,1834.0
deterministic,1.0,current_only,20260930,dragon,30,americas,1500,5751.0,1422.0,808.0,2238.0,816.0,1902.0
deterministic,1.0,current_only,20260930,teamfight,30,overall,3000,19795.0,1047.0,523.0,2858.0,1811.0,6648.0
deterministic,1.0,current_only,20260930,teamfight,30,europe,1500,9978.0,485.0,252.0,1373.0,888.0,3351.0
deterministic,1.0,current_only,20260930,teamfight,30,americas,1500,9817.0,562.0,271.0,1485.0,923.0,3297.0
deterministic,1.0,current_only,20261001,baron,30,overall,3000,3241.0,991.0,593.0,3247.0,2256.0,1091.0
deterministic,1.0,current_only,20261001,baron,30,europe,1500,1610.0,513.0,312.0,1561.0,1048.0,558.0
deterministic,1.0,current_only,20261001,baron,30,americas,1500,1631.0,478.0,281.0,1686.0,1208.0,533.0
deterministic,1.0,current_only,20261001,dragon,30,overall,3000,11329.0,2786.0,1589.0,4508.0,1722.0,3736.0
deterministic,1.0,current_only,20261001,dragon,30,europe,1500,5578.0,1351.0,769.0,2229.0,878.0,1834.0
deterministic,1.0,current_only,20261001,dragon,30,americas,1500,5751.0,1435.0,820.0,2279.0,844.0,1902.0
deterministic,1.0,current_only,20261001,teamfight,30,overall,3000,19795.0,1150.0,587.0,3241.0,2091.0,6648.0
deterministic,1.0,current_only,20261001,teamfight,30,europe,1500,9978.0,541.0,284.0,1565.0,1024.0,3351.0
deterministic,1.0,current_only,20261001,teamfight,30,americas,1500,9817.0,609.0,303.0,1676.0,1067.0,3297.0
deterministic,1.0,current_only,20261002,baron,30,overall,3000,3241.0,979.0,596.0,3193.0,2214.0,1091.0
deterministic,1.0,current_only,20261002,baron,30,europe,1500,1610.0,506.0,307.0,1539.0,1033.0,558.0
deterministic,1.0,current_only,20261002,baron,30,americas,1500,1631.0,473.0,289.0,1654.0,1181.0,533.0
deterministic,1.0,current_only,20261002,dragon,30,overall,3000,11329.0,2454.0,1378.0,3819.0,1365.0,3736.0
deterministic,1.0,current_only,20261002,dragon,30,europe,1500,5578.0,1184.0,662.0,1895.0,711.0,1834.0
deterministic,1.0,current_only,20261002,dragon,30,americas,1500,5751.0,1270.0,716.0,1924.0,654.0,1902.0
deterministic,1.0,current_only,20261002,teamfight,30,overall,3000,19795.0,1053.0,550.0,2904.0,1851.0,6648.0
deterministic,1.0,current_only,20261002,teamfight,30,europe,1500,9978.0,491.0,264.0,1392.0,901.0,3351.0
deterministic,1.0,current_only,20261002,teamfight,30,americas,1500,9817.0,562.0,286.0,1512.0,950.0,3297.0
deterministic,0.25,current_only,20260930,baron,60,overall,3000,3241.0,528.0,156.0,852.0,324.0,2152.0
deterministic,0.25,current_only,20260930,baron,60,europe,1500,1610.0,296.0,88.0,439.0,143.0,1048.0
deterministic,0.25,current_only,20260930,baron,60,americas,1500,1631.0,232.0,68.0,413.0,181.0,1104.0
deterministic,0.25,current_only,20260930,dragon,60,overall,3000,11329.0,342.0,86.0,367.0,25.0,7555.0
deterministic,0.25,current_only,20260930,dragon,60,europe,1500,5578.0,182.0,50.0,193.0,11.0,3749.0
deterministic,0.25,current_only,20260930,dragon,60,americas,1500,5751.0,160.0,36.0,174.0,14.0,3806.0
deterministic,0.25,current_only,20260930,teamfight,60,overall,3000,19795.0,256.0,90.0,418.0,162.0,13137.0
deterministic,0.25,current_only,20260930,teamfight,60,europe,1500,9978.0,124.0,47.0,198.0,74.0,6630.0
deterministic,0.25,current_only,20260930,teamfight,60,americas,1500,9817.0,132.0,43.0,220.0,88.0,6507.0
deterministic,0.25,current_only,20261001,baron,60,overall,3000,3241.0,451.0,118.0,687.0,236.0,2152.0
deterministic,0.25,current_only,20261001,baron,60,europe,1500,1610.0,244.0,63.0,354.0,110.0,1048.0
deterministic,0.25,current_only,20261001,baron,60,americas,1500,1631.0,207.0,55.0,333.0,126.0,1104.0
deterministic,0.25,current_only,20261001,dragon,60,overall,3000,11329.0,392.0,101.0,428.0,36.0,7555.0
deterministic,0.25,current_only,20261001,dragon,60,europe,1500,5578.0,198.0,55.0,219.0,21.0,3749.0
deterministic,0.25,current_only,20261001,dragon,60,americas,1500,5751.0,194.0,46.0,209.0,15.0,3806.0
deterministic,0.25,current_only,20261001,teamfight,60,overall,3000,19795.0,197.0,65.0,316.0,119.0,13137.0
deterministic,0.25,current_only,20261001,teamfight,60,europe,1500,9978.0,95.0,33.0,148.0,53.0,6630.0
deterministic,0.25,current_only,20261001,teamfight,60,americas,1500,9817.0,102.0,32.0,168.0,66.0,6507.0
deterministic,0.25,current_only,20261002,baron,60,overall,3000,3241.0,449.0,126.0,669.0,220.0,2152.0
deterministic,0.25,current_only,20261002,baron,60,europe,1500,1610.0,245.0,69.0,340.0,95.0,1048.0
deterministic,0.25,current_only,20261002,baron,60,americas,1500,1631.0,204.0,57.0,329.0,125.0,1104.0
deterministic,0.25,current_only,20261002,dragon,60,overall,3000,11329.0,351.0,92.0,382.0,31.0,7555.0
deterministic,0.25,current_only,20261002,dragon,60,europe,1500,5578.0,182.0,48.0,198.0,16.0,3749.0
deterministic,0.25,current_only,20261002,dragon,60,americas,1500,5751.0,169.0,44.0,184.0,15.0,3806.0
deterministic,0.25,current_only,20261002,teamfight,60,overall,3000,19795.0,287.0,111.0,474.0,187.0,13137.0
deterministic,0.25,current_only,20261002,teamfight,60,europe,1500,9978.0,132.0,52.0,225.0,93.0,6630.0
deterministic,0.25,current_only,20261002,teamfight,60,americas,1500,9817.0,155.0,59.0,249.0,94.0,6507.0
deterministic,0.5,current_only,20260930,baron,60,overall,3000,3241.0,925.0,382.0,1757.0,832.0,2152.0
deterministic,0.5,current_only,20260930,baron,60,europe,1500,1610.0,496.0,205.0,879.0,383.0,1048.0
deterministic,0.5,current_only,20260930,baron,60,americas,1500,1631.0,429.0,177.0,878.0,449.0,1104.0
deterministic,0.5,current_only,20260930,dragon,60,overall,3000,11329.0,342.0,86.0,367.0,25.0,7555.0
deterministic,0.5,current_only,20260930,dragon,60,europe,1500,5578.0,182.0,50.0,193.0,11.0,3749.0
deterministic,0.5,current_only,20260930,dragon,60,americas,1500,5751.0,160.0,36.0,174.0,14.0,3806.0
deterministic,0.5,current_only,20260930,teamfight,60,overall,3000,19795.0,785.0,374.0,1337.0,552.0,13137.0
deterministic,0.5,current_only,20260930,teamfight,60,europe,1500,9978.0,360.0,175.0,622.0,262.0,6630.0
deterministic,0.5,current_only,20260930,teamfight,60,americas,1500,9817.0,425.0,199.0,715.0,290.0,6507.0
deterministic,0.5,current_only,20261001,baron,60,overall,3000,3241.0,844.0,328.0,1540.0,696.0,2152.0
deterministic,0.5,current_only,20261001,baron,60,europe,1500,1610.0,442.0,166.0,757.0,315.0,1048.0
deterministic,0.5,current_only,20261001,baron,60,americas,1500,1631.0,402.0,162.0,783.0,381.0,1104.0
deterministic,0.5,current_only,20261001,dragon,60,overall,3000,11329.0,392.0,101.0,428.0,36.0,7555.0
deterministic,0.5,current_only,20261001,dragon,60,europe,1500,5578.0,198.0,55.0,219.0,21.0,3749.0
deterministic,0.5,current_only,20261001,dragon,60,americas,1500,5751.0,194.0,46.0,209.0,15.0,3806.0
deterministic,0.5,current_only,20261001,teamfight,60,overall,3000,19795.0,600.0,254.0,1025.0,425.0,13137.0
deterministic,0.5,current_only,20261001,teamfight,60,europe,1500,9978.0,282.0,128.0,488.0,206.0,6630.0
deterministic,0.5,current_only,20261001,teamfight,60,americas,1500,9817.0,318.0,126.0,537.0,219.0,6507.0
deterministic,0.5,current_only,20261002,baron,60,overall,3000,3241.0,883.0,354.0,1605.0,722.0,2152.0
deterministic,0.5,current_only,20261002,baron,60,europe,1500,1610.0,458.0,176.0,799.0,341.0,1048.0
deterministic,0.5,current_only,20261002,baron,60,americas,1500,1631.0,425.0,178.0,806.0,381.0,1104.0
deterministic,0.5,current_only,20261002,dragon,60,overall,3000,11329.0,351.0,92.0,382.0,31.0,7555.0
deterministic,0.5,current_only,20261002,dragon,60,europe,1500,5578.0,182.0,48.0,198.0,16.0,3749.0
deterministic,0.5,current_only,20261002,dragon,60,americas,1500,5751.0,169.0,44.0,184.0,15.0,3806.0
deterministic,0.5,current_only,20261002,teamfight,60,overall,3000,19795.0,778.0,376.0,1359.0,581.0,13137.0
deterministic,0.5,current_only,20261002,teamfight,60,europe,1500,9978.0,353.0,181.0,640.0,287.0,6630.0
deterministic,0.5,current_only,20261002,teamfight,60,americas,1500,9817.0,425.0,195.0,719.0,294.0,6507.0
deterministic,0.75,current_only,20260930,baron,60,overall,3000,3241.0,1144.0,525.0,2345.0,1201.0,2152.0
deterministic,0.75,current_only,20260930,baron,60,europe,1500,1610.0,599.0,272.0,1139.0,540.0,1048.0
deterministic,0.75,current_only,20260930,baron,60,americas,1500,1631.0,545.0,253.0,1206.0,661.0,1104.0
deterministic,0.75,current_only,20260930,dragon,60,overall,3000,11329.0,2299.0,921.0,2652.0,353.0,7555.0
deterministic,0.75,current_only,20260930,dragon,60,europe,1500,5578.0,1133.0,475.0,1299.0,166.0,3749.0
deterministic,0.75,current_only,20260930,dragon,60,americas,1500,5751.0,1166.0,446.0,1353.0,187.0,3806.0
deterministic,0.75,current_only,20260930,teamfight,60,overall,3000,19795.0,785.0,374.0,1337.0,552.0,13137.0
deterministic,0.75,current_only,20260930,teamfight,60,europe,1500,9978.0,360.0,175.0,622.0,262.0,6630.0
deterministic,0.75,current_only,20260930,teamfight,60,americas,1500,9817.0,425.0,199.0,715.0,290.0,6507.0
deterministic,0.75,current_only,20261001,baron,60,overall,3000,3241.0,1321.0,630.0,2801.0,1480.0,2152.0
deterministic,0.75,current_only,20261001,baron,60,europe,1500,1610.0,676.0,323.0,1345.0,669.0,1048.0
deterministic,0.75,current_only,20261001,baron,60,americas,1500,1631.0,645.0,307.0,1456.0,811.0,1104.0
deterministic,0.75,current_only,20261001,dragon,60,overall,3000,11329.0,2306.0,908.0,2675.0,369.0,7555.0
deterministic,0.75,current_only,20261001,dragon,60,europe,1500,5578.0,1129.0,464.0,1303.0,174.0,3749.0
deterministic,0.75,current_only,20261001,dragon,60,americas,1500,5751.0,1177.0,444.0,1372.0,195.0,3806.0
deterministic,0.75,current_only,20261001,teamfight,60,overall,3000,19795.0,1356.0,699.0,2562.0,1206.0,13137.0
deterministic,0.75,current_only,20261001,teamfight,60,europe,1500,9978.0,631.0,344.0,1215.0,584.0,6630.0
deterministic,0.75,current_only,20261001,teamfight,60,americas,1500,9817.0,725.0,355.0,1347.0,622.0,6507.0
deterministic,0.75,current_only,20261002,baron,60,overall,3000,3241.0,1140.0,531.0,2279.0,1139.0,2152.0
deterministic,0.75,current_only,20261002,baron,60,europe,1500,1610.0,584.0,264.0,1119.0,535.0,1048.0
deterministic,0.75,current_only,20261002,baron,60,americas,1500,1631.0,556.0,267.0,1160.0,604.0,1104.0
deterministic,0.75,current_only,20261002,dragon,60,overall,3000,11329.0,2473.0,1037.0,2844.0,371.0,7555.0
deterministic,0.75,current_only,20261002,dragon,60,europe,1500,5578.0,1220.0,547.0,1401.0,181.0,3749.0
deterministic,0.75,current_only,20261002,dragon,60,americas,1500,5751.0,1253.0,490.0,1443.0,190.0,3806.0
deterministic,0.75,current_only,20261002,teamfight,60,overall,3000,19795.0,778.0,376.0,1359.0,581.0,13137.0
deterministic,0.75,current_only,20261002,teamfight,60,europe,1500,9978.0,353.0,181.0,640.0,287.0,6630.0
deterministic,0.75,current_only,20261002,teamfight,60,americas,1500,9817.0,425.0,195.0,719.0,294.0,6507.0
deterministic,1.0,current_only,20260930,baron,60,overall,3000,3241.0,1578.0,816.0,3759.0,2181.0,2152.0
deterministic,1.0,current_only,20260930,baron,60,europe,1500,1610.0,803.0,408.0,1822.0,1019.0,1048.0
deterministic,1.0,current_only,20260930,baron,60,americas,1500,1631.0,775.0,408.0,1937.0,1162.0,1104.0
deterministic,1.0,current_only,20260930,dragon,60,overall,3000,11329.0,2299.0,921.0,2652.0,353.0,7555.0
deterministic,1.0,current_only,20260930,dragon,60,europe,1500,5578.0,1133.0,475.0,1299.0,166.0,3749.0
deterministic,1.0,current_only,20260930,dragon,60,americas,1500,5751.0,1166.0,446.0,1353.0,187.0,3806.0
deterministic,1.0,current_only,20260930,teamfight,60,overall,3000,19795.0,1648.0,868.0,3235.0,1587.0,13137.0
deterministic,1.0,current_only,20260930,teamfight,60,europe,1500,9978.0,778.0,420.0,1545.0,767.0,6630.0
deterministic,1.0,current_only,20260930,teamfight,60,americas,1500,9817.0,870.0,448.0,1690.0,820.0,6507.0
deterministic,1.0,current_only,20261001,baron,60,overall,3000,3241.0,1550.0,800.0,3559.0,2009.0,2152.0
deterministic,1.0,current_only,20261001,baron,60,europe,1500,1610.0,786.0,406.0,1728.0,942.0,1048.0
deterministic,1.0,current_only,20261001,baron,60,americas,1500,1631.0,764.0,394.0,1831.0,1067.0,1104.0
deterministic,1.0,current_only,20261001,dragon,60,overall,3000,11329.0,2306.0,908.0,2675.0,369.0,7555.0
deterministic,1.0,current_only,20261001,dragon,60,europe,1500,5578.0,1129.0,464.0,1303.0,174.0,3749.0
deterministic,1.0,current_only,20261001,dragon,60,americas,1500,5751.0,1177.0,444.0,1372.0,195.0,3806.0
deterministic,1.0,current_only,20261001,teamfight,60,overall,3000,19795.0,1356.0,699.0,2562.0,1206.0,13137.0
deterministic,1.0,current_only,20261001,teamfight,60,europe,1500,9978.0,631.0,344.0,1215.0,584.0,6630.0
deterministic,1.0,current_only,20261001,teamfight,60,americas,1500,9817.0,725.0,355.0,1347.0,622.0,6507.0
deterministic,1.0,current_only,20261002,baron,60,overall,3000,3241.0,1428.0,730.0,3108.0,1680.0,2152.0
deterministic,1.0,current_only,20261002,baron,60,europe,1500,1610.0,724.0,362.0,1508.0,784.0,1048.0
deterministic,1.0,current_only,20261002,baron,60,americas,1500,1631.0,704.0,368.0,1600.0,896.0,1104.0
deterministic,1.0,current_only,20261002,dragon,60,overall,3000,11329.0,2473.0,1037.0,2844.0,371.0,7555.0
deterministic,1.0,current_only,20261002,dragon,60,europe,1500,5578.0,1220.0,547.0,1401.0,181.0,3749.0
deterministic,1.0,current_only,20261002,dragon,60,americas,1500,5751.0,1253.0,490.0,1443.0,190.0,3806.0
deterministic,1.0,current_only,20261002,teamfight,60,overall,3000,19795.0,1687.0,930.0,3239.0,1552.0,13137.0
deterministic,1.0,current_only,20261002,teamfight,60,europe,1500,9978.0,811.0,464.0,1572.0,761.0,6630.0
deterministic,1.0,current_only,20261002,teamfight,60,americas,1500,9817.0,876.0,466.0,1667.0,791.0,6507.0
deterministic,0.25,independent,20260930,baron,30,overall,3000,3241.0,555.0,298.0,978.0,423.0,1091.0
deterministic,0.25,independent,20260930,baron,30,europe,1500,1610.0,289.0,151.0,489.0,200.0,558.0
deterministic,0.25,independent,20260930,baron,30,americas,1500,1631.0,266.0,147.0,489.0,223.0,533.0
deterministic,0.25,independent,20260930,dragon,30,overall,3000,11329.0,850.0,413.0,1150.0,300.0,3736.0
deterministic,0.25,independent,20260930,dragon,30,europe,1500,5578.0,404.0,196.0,564.0,160.0,1834.0
deterministic,0.25,independent,20260930,dragon,30,americas,1500,5751.0,446.0,217.0,586.0,140.0,1902.0
deterministic,0.25,independent,20260930,teamfight,30,overall,3000,19795.0,273.0,97.0,518.0,245.0,6648.0
deterministic,0.25,independent,20260930,teamfight,30,europe,1500,9978.0,128.0,47.0,249.0,121.0,3351.0
deterministic,0.25,independent,20260930,teamfight,30,americas,1500,9817.0,145.0,50.0,269.0,124.0,3297.0
deterministic,0.25,independent,20261001,baron,30,overall,3000,3241.0,577.0,312.0,1006.0,429.0,1091.0
deterministic,0.25,independent,20261001,baron,30,europe,1500,1610.0,308.0,162.0,521.0,213.0,558.0
deterministic,0.25,independent,20261001,baron,30,americas,1500,1631.0,269.0,150.0,485.0,216.0,533.0
deterministic,0.25,independent,20261001,dragon,30,overall,3000,11329.0,726.0,369.0,983.0,257.0,3736.0
deterministic,0.25,independent,20261001,dragon,30,europe,1500,5578.0,342.0,172.0,479.0,137.0,1834.0
deterministic,0.25,independent,20261001,dragon,30,americas,1500,5751.0,384.0,197.0,504.0,120.0,1902.0
deterministic,0.25,independent,20261001,teamfight,30,overall,3000,19795.0,284.0,103.0,523.0,239.0,6648.0
deterministic,0.25,independent,20261001,teamfight,30,europe,1500,9978.0,134.0,47.0,254.0,120.0,3351.0
deterministic,0.25,independent,20261001,teamfight,30,americas,1500,9817.0,150.0,56.0,269.0,119.0,3297.0
deterministic,0.25,independent,20261002,baron,30,overall,3000,3241.0,497.0,268.0,804.0,307.0,1091.0
deterministic,0.25,independent,20261002,baron,30,europe,1500,1610.0,259.0,137.0,401.0,142.0,558.0
deterministic,0.25,independent,20261002,baron,30,americas,1500,1631.0,238.0,131.0,403.0,165.0,533.0
deterministic,0.25,independent,20261002,dragon,30,overall,3000,11329.0,495.0,237.0,646.0,151.0,3736.0
deterministic,0.25,independent,20261002,dragon,30,europe,1500,5578.0,242.0,115.0,319.0,77.0,1834.0
deterministic,0.25,independent,20261002,dragon,30,americas,1500,5751.0,253.0,122.0,327.0,74.0,1902.0
deterministic,0.25,independent,20261002,teamfight,30,overall,3000,19795.0,311.0,127.0,550.0,239.0,6648.0
deterministic,0.25,independent,20261002,teamfight,30,europe,1500,9978.0,148.0,62.0,263.0,115.0,3351.0
deterministic,0.25,independent,20261002,teamfight,30,americas,1500,9817.0,163.0,65.0,287.0,124.0,3297.0
deterministic,0.5,independent,20260930,baron,30,overall,3000,3241.0,762.0,434.0,1690.0,928.0,1091.0
deterministic,0.5,independent,20260930,baron,30,europe,1500,1610.0,399.0,223.0,842.0,443.0,558.0
deterministic,0.5,independent,20260930,baron,30,americas,1500,1631.0,363.0,211.0,848.0,485.0,533.0
deterministic,0.5,independent,20260930,dragon,30,overall,3000,11329.0,1463.0,770.0,2124.0,661.0,3736.0
deterministic,0.5,independent,20260930,dragon,30,europe,1500,5578.0,706.0,375.0,1048.0,342.0,1834.0
deterministic,0.5,independent,20260930,dragon,30,americas,1500,5751.0,757.0,395.0,1076.0,319.0,1902.0
deterministic,0.5,independent,20260930,teamfight,30,overall,3000,19795.0,752.0,337.0,1657.0,905.0,6648.0
deterministic,0.5,independent,20260930,teamfight,30,europe,1500,9978.0,356.0,170.0,810.0,454.0,3351.0
deterministic,0.5,independent,20260930,teamfight,30,americas,1500,9817.0,396.0,167.0,847.0,451.0,3297.0
deterministic,0.5,independent,20261001,baron,30,overall,3000,3241.0,813.0,464.0,1756.0,943.0,1091.0
deterministic,0.5,independent,20261001,baron,30,europe,1500,1610.0,419.0,236.0,866.0,447.0,558.0
deterministic,0.5,independent,20261001,baron,30,americas,1500,1631.0,394.0,228.0,890.0,496.0,533.0
deterministic,0.5,independent,20261001,dragon,30,overall,3000,11329.0,1270.0,653.0,1819.0,549.0,3736.0
deterministic,0.5,independent,20261001,dragon,30,europe,1500,5578.0,616.0,324.0,902.0,286.0,1834.0
deterministic,0.5,independent,20261001,dragon,30,americas,1500,5751.0,654.0,329.0,917.0,263.0,1902.0
deterministic,0.5,independent,20261001,teamfight,30,overall,3000,19795.0,737.0,332.0,1606.0,869.0,6648.0
deterministic,0.5,independent,20261001,teamfight,30,europe,1500,9978.0,354.0,162.0,795.0,441.0,3351.0
deterministic,0.5,independent,20261001,teamfight,30,americas,1500,9817.0,383.0,170.0,811.0,428.0,3297.0
deterministic,0.5,independent,20261002,baron,30,overall,3000,3241.0,831.0,482.0,1820.0,989.0,1091.0
deterministic,0.5,independent,20261002,baron,30,europe,1500,1610.0,424.0,244.0,899.0,475.0,558.0
deterministic,0.5,independent,20261002,baron,30,americas,1500,1631.0,407.0,238.0,921.0,514.0,533.0
deterministic,0.5,independent,20261002,dragon,30,overall,3000,11329.0,1587.0,845.0,2340.0,753.0,3736.0
deterministic,0.5,independent,20261002,dragon,30,europe,1500,5578.0,774.0,421.0,1161.0,387.0,1834.0
deterministic,0.5,independent,20261002,dragon,30,americas,1500,5751.0,813.0,424.0,1179.0,366.0,1902.0
deterministic,0.5,independent,20261002,teamfight,30,overall,3000,19795.0,807.0,388.0,1733.0,926.0,6648.0
deterministic,0.5,independent,20261002,teamfight,30,europe,1500,9978.0,396.0,200.0,865.0,469.0,3351.0
deterministic,0.5,independent,20261002,teamfight,30,americas,1500,9817.0,411.0,188.0,868.0,457.0,3297.0
deterministic,0.75,independent,20260930,baron,30,overall,3000,3241.0,965.0,583.0,2594.0,1629.0,1091.0
deterministic,0.75,independent,20260930,baron,30,europe,1500,1610.0,499.0,302.0,1262.0,763.0,558.0
deterministic,0.75,independent,20260930,baron,30,americas,1500,1631.0,466.0,281.0,1332.0,866.0,533.0
deterministic,0.75,independent,20260930,dragon,30,overall,3000,11329.0,2188.0,1178.0,3355.0,1167.0,3736.0
deterministic,0.75,independent,20260930,dragon,30,europe,1500,5578.0,1067.0,573.0,1677.0,610.0,1834.0
deterministic,0.75,independent,20260930,dragon,30,americas,1500,5751.0,1121.0,605.0,1678.0,557.0,1902.0
deterministic,0.75,independent,20260930,teamfight,30,overall,3000,19795.0,1113.0,540.0,2560.0,1447.0,6648.0
deterministic,0.75,independent,20260930,teamfight,30,europe,1500,9978.0,540.0,279.0,1259.0,719.0,3351.0
deterministic,0.75,independent,20260930,teamfight,30,americas,1500,9817.0,573.0,261.0,1301.0,728.0,3297.0
deterministic,0.75,independent,20261001,baron,30,overall,3000,3241.0,1004.0,603.0,2728.0,1724.0,1091.0
deterministic,0.75,independent,20261001,baron,30,europe,1500,1610.0,512.0,306.0,1327.0,815.0,558.0
deterministic,0.75,independent,20261001,baron,30,americas,1500,1631.0,492.0,297.0,1401.0,909.0,533.0
deterministic,0.75,independent,20261001,dragon,30,overall,3000,11329.0,1866.0,1000.0,2797.0,931.0,3736.0
deterministic,0.75,independent,20261001,dragon,30,europe,1500,5578.0,893.0,480.0,1366.0,473.0,1834.0
deterministic,0.75,independent,20261001,dragon,30,americas,1500,5751.0,973.0,520.0,1431.0,458.0,1902.0
deterministic,0.75,independent,20261001,teamfight,30,overall,3000,19795.0,1084.0,524.0,2537.0,1453.0,6648.0
deterministic,0.75,independent,20261001,teamfight,30,europe,1500,9978.0,522.0,265.0,1267.0,745.0,3351.0
deterministic,0.75,independent,20261001,teamfight,30,americas,1500,9817.0,562.0,259.0,1270.0,708.0,3297.0
deterministic,0.75,independent,20261002,baron,30,overall,3000,3241.0,973.0,581.0,2489.0,1516.0,1091.0
deterministic,0.75,independent,20261002,baron,30,europe,1500,1610.0,493.0,293.0,1210.0,717.0,558.0
deterministic,0.75,independent,20261002,baron,30,americas,1500,1631.0,480.0,288.0,1279.0,799.0,533.0
deterministic,0.75,independent,20261002,dragon,30,overall,3000,11329.0,1587.0,845.0,2340.0,753.0,3736.0
deterministic,0.75,independent,20261002,dragon,30,europe,1500,5578.0,774.0,421.0,1161.0,387.0,1834.0
deterministic,0.75,independent,20261002,dragon,30,americas,1500,5751.0,813.0,424.0,1179.0,366.0,1902.0
deterministic,0.75,independent,20261002,teamfight,30,overall,3000,19795.0,1155.0,562.0,2718.0,1563.0,6648.0
deterministic,0.75,independent,20261002,teamfight,30,europe,1500,9978.0,553.0,281.0,1349.0,796.0,3351.0
deterministic,0.75,independent,20261002,teamfight,30,americas,1500,9817.0,602.0,281.0,1369.0,767.0,3297.0
deterministic,1.0,independent,20260930,baron,30,overall,3000,3241.0,1122.0,685.0,3593.0,2471.0,1091.0
deterministic,1.0,independent,20260930,baron,30,europe,1500,1610.0,577.0,356.0,1752.0,1175.0,558.0
deterministic,1.0,independent,20260930,baron,30,americas,1500,1631.0,545.0,329.0,1841.0,1296.0,533.0
deterministic,1.0,independent,20260930,dragon,30,overall,3000,11329.0,2188.0,1178.0,3355.0,1167.0,3736.0
deterministic,1.0,independent,20260930,dragon,30,europe,1500,5578.0,1067.0,573.0,1677.0,610.0,1834.0
deterministic,1.0,independent,20260930,dragon,30,americas,1500,5751.0,1121.0,605.0,1678.0,557.0,1902.0
deterministic,1.0,independent,20260930,teamfight,30,overall,3000,19795.0,1442.0,718.0,3593.0,2151.0,6648.0
deterministic,1.0,independent,20260930,teamfight,30,europe,1500,9978.0,700.0,367.0,1769.0,1069.0,3351.0
deterministic,1.0,independent,20260930,teamfight,30,americas,1500,9817.0,742.0,351.0,1824.0,1082.0,3297.0
deterministic,1.0,independent,20261001,baron,30,overall,3000,3241.0,1127.0,699.0,3517.0,2390.0,1091.0
deterministic,1.0,independent,20261001,baron,30,europe,1500,1610.0,580.0,363.0,1711.0,1131.0,558.0
deterministic,1.0,independent,20261001,baron,30,americas,1500,1631.0,547.0,336.0,1806.0,1259.0,533.0
deterministic,1.0,independent,20261001,dragon,30,overall,3000,11329.0,2518.0,1397.0,3978.0,1460.0,3736.0
deterministic,1.0,independent,20261001,dragon,30,europe,1500,5578.0,1234.0,683.0,1995.0,761.0,1834.0
deterministic,1.0,independent,20261001,dragon,30,americas,1500,5751.0,1284.0,714.0,1983.0,699.0,1902.0
deterministic,1.0,independent,20261001,teamfight,30,overall,3000,19795.0,1084.0,524.0,2537.0,1453.0,6648.0
deterministic,1.0,independent,20261001,teamfight,30,europe,1500,9978.0,522.0,265.0,1267.0,745.0,3351.0
deterministic,1.0,independent,20261001,teamfight,30,americas,1500,9817.0,562.0,259.0,1270.0,708.0,3297.0
deterministic,1.0,independent,20261002,baron,30,overall,3000,3241.0,1142.0,707.0,3547.0,2405.0,1091.0
deterministic,1.0,independent,20261002,baron,30,europe,1500,1610.0,587.0,363.0,1737.0,1150.0,558.0
deterministic,1.0,independent,20261002,baron,30,americas,1500,1631.0,555.0,344.0,1810.0,1255.0,533.0
deterministic,1.0,independent,20261002,dragon,30,overall,3000,11329.0,2292.0,1251.0,3559.0,1267.0,3736.0
deterministic,1.0,independent,20261002,dragon,30,europe,1500,5578.0,1126.0,611.0,1785.0,659.0,1834.0
deterministic,1.0,independent,20261002,dragon,30,americas,1500,5751.0,1166.0,640.0,1774.0,608.0,1902.0
deterministic,1.0,independent,20261002,teamfight,30,overall,3000,19795.0,1155.0,562.0,2718.0,1563.0,6648.0
deterministic,1.0,independent,20261002,teamfight,30,europe,1500,9978.0,553.0,281.0,1349.0,796.0,3351.0
deterministic,1.0,independent,20261002,teamfight,30,americas,1500,9817.0,602.0,281.0,1369.0,767.0,3297.0
deterministic,0.25,independent,20260930,baron,60,overall,3000,3241.0,594.0,179.0,857.0,263.0,2152.0
deterministic,0.25,independent,20260930,baron,60,europe,1500,1610.0,304.0,86.0,432.0,128.0,1048.0
deterministic,0.25,independent,20260930,baron,60,americas,1500,1631.0,290.0,93.0,425.0,135.0,1104.0
deterministic,0.25,independent,20260930,dragon,60,overall,3000,11329.0,442.0,120.0,478.0,36.0,7555.0
deterministic,0.25,independent,20260930,dragon,60,europe,1500,5578.0,223.0,65.0,243.0,20.0,3749.0
deterministic,0.25,independent,20260930,dragon,60,americas,1500,5751.0,219.0,55.0,235.0,16.0,3806.0
deterministic,0.25,independent,20260930,teamfight,60,overall,3000,19795.0,399.0,126.0,607.0,208.0,13137.0
deterministic,0.25,independent,20260930,teamfight,60,europe,1500,9978.0,186.0,56.0,298.0,112.0,6630.0
deterministic,0.25,independent,20260930,teamfight,60,americas,1500,9817.0,213.0,70.0,309.0,96.0,6507.0
deterministic,0.25,independent,20261001,baron,60,overall,3000,3241.0,551.0,147.0,776.0,225.0,2152.0
deterministic,0.25,independent,20261001,baron,60,europe,1500,1610.0,296.0,80.0,406.0,110.0,1048.0
deterministic,0.25,independent,20261001,baron,60,americas,1500,1631.0,255.0,67.0,370.0,115.0,1104.0
deterministic,0.25,independent,20261001,dragon,60,overall,3000,11329.0,697.0,199.0,780.0,83.0,7555.0
deterministic,0.25,independent,20261001,dragon,60,europe,1500,5578.0,341.0,108.0,383.0,42.0,3749.0
deterministic,0.25,independent,20261001,dragon,60,americas,1500,5751.0,356.0,91.0,397.0,41.0,3806.0
deterministic,0.25,independent,20261001,teamfight,60,overall,3000,19795.0,380.0,111.0,591.0,211.0,13137.0
deterministic,0.25,independent,20261001,teamfight,60,europe,1500,9978.0,181.0,47.0,298.0,117.0,6630.0
deterministic,0.25,independent,20261001,teamfight,60,americas,1500,9817.0,199.0,64.0,293.0,94.0,6507.0
deterministic,0.25,independent,20261002,baron,60,overall,3000,3241.0,599.0,163.0,851.0,252.0,2152.0
deterministic,0.25,independent,20261002,baron,60,europe,1500,1610.0,307.0,85.0,416.0,109.0,1048.0
deterministic,0.25,independent,20261002,baron,60,americas,1500,1631.0,292.0,78.0,435.0,143.0,1104.0
deterministic,0.25,independent,20261002,dragon,60,overall,3000,11329.0,401.0,106.0,436.0,35.0,7555.0
deterministic,0.25,independent,20261002,dragon,60,europe,1500,5578.0,196.0,51.0,215.0,19.0,3749.0
deterministic,0.25,independent,20261002,dragon,60,americas,1500,5751.0,205.0,55.0,221.0,16.0,3806.0
deterministic,0.25,independent,20261002,teamfight,60,overall,3000,19795.0,578.0,210.0,915.0,337.0,13137.0
deterministic,0.25,independent,20261002,teamfight,60,europe,1500,9978.0,281.0,103.0,457.0,176.0,6630.0
deterministic,0.25,independent,20261002,teamfight,60,americas,1500,9817.0,297.0,107.0,458.0,161.0,6507.0
deterministic,0.5,independent,20260930,baron,60,overall,3000,3241.0,923.0,359.0,1560.0,637.0,2152.0
deterministic,0.5,independent,20260930,baron,60,europe,1500,1610.0,480.0,183.0,776.0,296.0,1048.0
deterministic,0.5,independent,20260930,baron,60,americas,1500,1631.0,443.0,176.0,784.0,341.0,1104.0
deterministic,0.5,independent,20260930,dragon,60,overall,3000,11329.0,442.0,120.0,478.0,36.0,7555.0
deterministic,0.5,independent,20260930,dragon,60,europe,1500,5578.0,223.0,65.0,243.0,20.0,3749.0
deterministic,0.5,independent,20260930,dragon,60,americas,1500,5751.0,219.0,55.0,235.0,16.0,3806.0
deterministic,0.5,independent,20260930,teamfight,60,overall,3000,19795.0,877.0,338.0,1440.0,563.0,13137.0
deterministic,0.5,independent,20260930,teamfight,60,europe,1500,9978.0,426.0,167.0,701.0,275.0,6630.0
deterministic,0.5,independent,20260930,teamfight,60,americas,1500,9817.0,451.0,171.0,739.0,288.0,6507.0
deterministic,0.5,independent,20261001,baron,60,overall,3000,3241.0,949.0,368.0,1580.0,631.0,2152.0
deterministic,0.5,independent,20261001,baron,60,europe,1500,1610.0,489.0,182.0,785.0,296.0,1048.0
deterministic,0.5,independent,20261001,baron,60,americas,1500,1631.0,460.0,186.0,795.0,335.0,1104.0
deterministic,0.5,independent,20261001,dragon,60,overall,3000,11329.0,697.0,199.0,780.0,83.0,7555.0
deterministic,0.5,independent,20261001,dragon,60,europe,1500,5578.0,341.0,108.0,383.0,42.0,3749.0
deterministic,0.5,independent,20261001,dragon,60,americas,1500,5751.0,356.0,91.0,397.0,41.0,3806.0
deterministic,0.5,independent,20261001,teamfight,60,overall,3000,19795.0,937.0,370.0,1559.0,622.0,13137.0
deterministic,0.5,independent,20261001,teamfight,60,europe,1500,9978.0,462.0,189.0,781.0,319.0,6630.0
deterministic,0.5,independent,20261001,teamfight,60,americas,1500,9817.0,475.0,181.0,778.0,303.0,6507.0
deterministic,0.5,independent,20261002,baron,60,overall,3000,3241.0,974.0,370.0,1640.0,666.0,2152.0
deterministic,0.5,independent,20261002,baron,60,europe,1500,1610.0,499.0,186.0,804.0,305.0,1048.0
deterministic,0.5,independent,20261002,baron,60,americas,1500,1631.0,475.0,184.0,836.0,361.0,1104.0
deterministic,0.5,independent,20261002,dragon,60,overall,3000,11329.0,401.0,106.0,436.0,35.0,7555.0
deterministic,0.5,independent,20261002,dragon,60,europe,1500,5578.0,196.0,51.0,215.0,19.0,3749.0
deterministic,0.5,independent,20261002,dragon,60,americas,1500,5751.0,205.0,55.0,221.0,16.0,3806.0
deterministic,0.5,independent,20261002,teamfight,60,overall,3000,19795.0,578.0,210.0,915.0,337.0,13137.0
deterministic,0.5,independent,20261002,teamfight,60,europe,1500,9978.0,281.0,103.0,457.0,176.0,6630.0
deterministic,0.5,independent,20261002,teamfight,60,americas,1500,9817.0,297.0,107.0,458.0,161.0,6507.0
deterministic,0.75,independent,20260930,baron,60,overall,3000,3241.0,1324.0,610.0,2640.0,1316.0,2152.0
deterministic,0.75,independent,20260930,baron,60,europe,1500,1610.0,672.0,302.0,1281.0,609.0,1048.0
deterministic,0.75,independent,20260930,baron,60,americas,1500,1631.0,652.0,308.0,1359.0,707.0,1104.0
deterministic,0.75,independent,20260930,dragon,60,overall,3000,11329.0,2388.0,950.0,2775.0,387.0,7555.0
deterministic,0.75,independent,20260930,dragon,60,europe,1500,5578.0,1172.0,490.0,1357.0,185.0,3749.0
deterministic,0.75,independent,20260930,dragon,60,americas,1500,5751.0,1216.0,460.0,1418.0,202.0,3806.0
deterministic,0.75,independent,20260930,teamfight,60,overall,3000,19795.0,877.0,338.0,1440.0,563.0,13137.0
deterministic,0.75,independent,20260930,teamfight,60,europe,1500,9978.0,426.0,167.0,701.0,275.0,6630.0
deterministic,0.75,independent,20260930,teamfight,60,americas,1500,9817.0,451.0,171.0,739.0,288.0,6507.0
deterministic,0.75,independent,20261001,baron,60,overall,3000,3241.0,1180.0,517.0,2166.0,986.0,2152.0
deterministic,0.75,independent,20261001,baron,60,europe,1500,1610.0,598.0,254.0,1068.0,470.0,1048.0
deterministic,0.75,independent,20261001,baron,60,americas,1500,1631.0,582.0,263.0,1098.0,516.0,1104.0
deterministic,0.75,independent,20261001,dragon,60,overall,3000,11329.0,2749.0,1142.0,3236.0,487.0,7555.0
deterministic,0.75,independent,20261001,dragon,60,europe,1500,5578.0,1347.0,591.0,1581.0,234.0,3749.0
deterministic,0.75,independent,20261001,dragon,60,americas,1500,5751.0,1402.0,551.0,1655.0,253.0,3806.0
deterministic,0.75,independent,20261001,teamfight,60,overall,3000,19795.0,937.0,370.0,1559.0,622.0,13137.0
deterministic,0.75,independent,20261001,teamfight,60,europe,1500,9978.0,462.0,189.0,781.0,319.0,6630.0
deterministic,0.75,independent,20261001,teamfight,60,americas,1500,9817.0,475.0,181.0,778.0,303.0,6507.0
deterministic,0.75,independent,20261002,baron,60,overall,3000,3241.0,1425.0,667.0,2834.0,1409.0,2152.0
deterministic,0.75,independent,20261002,baron,60,europe,1500,1610.0,724.0,334.0,1411.0,687.0,1048.0
deterministic,0.75,independent,20261002,baron,60,americas,1500,1631.0,701.0,333.0,1423.0,722.0,1104.0
deterministic,0.75,independent,20261002,dragon,60,overall,3000,11329.0,2221.0,888.0,2560.0,339.0,7555.0
deterministic,0.75,independent,20261002,dragon,60,europe,1500,5578.0,1080.0,453.0,1237.0,157.0,3749.0
deterministic,0.75,independent,20261002,dragon,60,americas,1500,5751.0,1141.0,435.0,1323.0,182.0,3806.0
deterministic,0.75,independent,20261002,teamfight,60,overall,3000,19795.0,1317.0,578.0,2221.0,904.0,13137.0
deterministic,0.75,independent,20261002,teamfight,60,europe,1500,9978.0,677.0,313.0,1120.0,443.0,6630.0
deterministic,0.75,independent,20261002,teamfight,60,americas,1500,9817.0,640.0,265.0,1101.0,461.0,6507.0
deterministic,1.0,independent,20260930,baron,60,overall,3000,3241.0,1534.0,756.0,3286.0,1752.0,2152.0
deterministic,1.0,independent,20260930,baron,60,europe,1500,1610.0,778.0,378.0,1605.0,827.0,1048.0
deterministic,1.0,independent,20260930,baron,60,americas,1500,1631.0,756.0,378.0,1681.0,925.0,1104.0
deterministic,1.0,independent,20260930,dragon,60,overall,3000,11329.0,2388.0,950.0,2775.0,387.0,7555.0
deterministic,1.0,independent,20260930,dragon,60,europe,1500,5578.0,1172.0,490.0,1357.0,185.0,3749.0
deterministic,1.0,independent,20260930,dragon,60,americas,1500,5751.0,1216.0,460.0,1418.0,202.0,3806.0
deterministic,1.0,independent,20260930,teamfight,60,overall,3000,19795.0,1706.0,751.0,3002.0,1296.0,13137.0
deterministic,1.0,independent,20260930,teamfight,60,europe,1500,9978.0,863.0,407.0,1483.0,620.0,6630.0
deterministic,1.0,independent,20260930,teamfight,60,americas,1500,9817.0,843.0,344.0,1519.0,676.0,6507.0
deterministic,1.0,independent,20261001,baron,60,overall,3000,3241.0,1706.0,887.0,3738.0,2032.0,2152.0
deterministic,1.0,independent,20261001,baron,60,europe,1500,1610.0,878.0,453.0,1836.0,958.0,1048.0
deterministic,1.0,independent,20261001,baron,60,americas,1500,1631.0,828.0,434.0,1902.0,1074.0,1104.0
deterministic,1.0,independent,20261001,dragon,60,overall,3000,11329.0,2749.0,1142.0,3236.0,487.0,7555.0
deterministic,1.0,independent,20261001,dragon,60,europe,1500,5578.0,1347.0,591.0,1581.0,234.0,3749.0
deterministic,1.0,independent,20261001,dragon,60,americas,1500,5751.0,1402.0,551.0,1655.0,253.0,3806.0
deterministic,1.0,independent,20261001,teamfight,60,overall,3000,19795.0,1961.0,918.0,3492.0,1531.0,13137.0
deterministic,1.0,independent,20261001,teamfight,60,europe,1500,9978.0,1001.0,490.0,1761.0,760.0,6630.0
deterministic,1.0,independent,20261001,teamfight,60,americas,1500,9817.0,960.0,428.0,1731.0,771.0,6507.0
deterministic,1.0,independent,20261002,baron,60,overall,3000,3241.0,1673.0,854.0,3607.0,1934.0,2152.0
deterministic,1.0,independent,20261002,baron,60,europe,1500,1610.0,852.0,428.0,1775.0,923.0,1048.0
deterministic,1.0,independent,20261002,baron,60,americas,1500,1631.0,821.0,426.0,1832.0,1011.0,1104.0
deterministic,1.0,independent,20261002,dragon,60,overall,3000,11329.0,2221.0,888.0,2560.0,339.0,7555.0
deterministic,1.0,independent,20261002,dragon,60,europe,1500,5578.0,1080.0,453.0,1237.0,157.0,3749.0
deterministic,1.0,independent,20261002,dragon,60,americas,1500,5751.0,1141.0,435.0,1323.0,182.0,3806.0
deterministic,1.0,independent,20261002,teamfight,60,overall,3000,19795.0,1317.0,578.0,2221.0,904.0,13137.0
deterministic,1.0,independent,20261002,teamfight,60,europe,1500,9978.0,677.0,313.0,1120.0,443.0,6630.0
deterministic,1.0,independent,20261002,teamfight,60,americas,1500,9817.0,640.0,265.0,1101.0,461.0,6507.0
deterministic,0.25,pcgrad,20260930,baron,30,overall,3000,3241.0,578.0,317.0,978.0,400.0,1091.0
deterministic,0.25,pcgrad,20260930,baron,30,europe,1500,1610.0,305.0,161.0,486.0,181.0,558.0
deterministic,0.25,pcgrad,20260930,baron,30,americas,1500,1631.0,273.0,156.0,492.0,219.0,533.0
deterministic,0.25,pcgrad,20260930,dragon,30,overall,3000,11329.0,492.0,228.0,622.0,130.0,3736.0
deterministic,0.25,pcgrad,20260930,dragon,30,europe,1500,5578.0,249.0,122.0,316.0,67.0,1834.0
deterministic,0.25,pcgrad,20260930,dragon,30,americas,1500,5751.0,243.0,106.0,306.0,63.0,1902.0
deterministic,0.25,pcgrad,20260930,teamfight,30,overall,3000,19795.0,352.0,153.0,670.0,318.0,6648.0
deterministic,0.25,pcgrad,20260930,teamfight,30,europe,1500,9978.0,159.0,76.0,318.0,159.0,3351.0
deterministic,0.25,pcgrad,20260930,teamfight,30,americas,1500,9817.0,193.0,77.0,352.0,159.0,3297.0
deterministic,0.25,pcgrad,20261001,baron,30,overall,3000,3241.0,579.0,320.0,1010.0,431.0,1091.0
deterministic,0.25,pcgrad,20261001,baron,30,europe,1500,1610.0,311.0,165.0,497.0,186.0,558.0
deterministic,0.25,pcgrad,20261001,baron,30,americas,1500,1631.0,268.0,155.0,513.0,245.0,533.0
deterministic,0.25,pcgrad,20261001,dragon,30,overall,3000,11329.0,704.0,350.0,908.0,204.0,3736.0
deterministic,0.25,pcgrad,20261001,dragon,30,europe,1500,5578.0,344.0,171.0,448.0,104.0,1834.0
deterministic,0.25,pcgrad,20261001,dragon,30,americas,1500,5751.0,360.0,179.0,460.0,100.0,1902.0
deterministic,0.25,pcgrad,20261001,teamfight,30,overall,3000,19795.0,398.0,175.0,774.0,376.0,6648.0
deterministic,0.25,pcgrad,20261001,teamfight,30,europe,1500,9978.0,190.0,85.0,386.0,196.0,3351.0
deterministic,0.25,pcgrad,20261001,teamfight,30,americas,1500,9817.0,208.0,90.0,388.0,180.0,3297.0
deterministic,0.25,pcgrad,20261002,baron,30,overall,3000,3241.0,505.0,265.0,867.0,362.0,1091.0
deterministic,0.25,pcgrad,20261002,baron,30,europe,1500,1610.0,271.0,140.0,435.0,164.0,558.0
deterministic,0.25,pcgrad,20261002,baron,30,americas,1500,1631.0,234.0,125.0,432.0,198.0,533.0
deterministic,0.25,pcgrad,20261002,dragon,30,overall,3000,11329.0,606.0,295.0,775.0,169.0,3736.0
deterministic,0.25,pcgrad,20261002,dragon,30,europe,1500,5578.0,298.0,144.0,380.0,82.0,1834.0
deterministic,0.25,pcgrad,20261002,dragon,30,americas,1500,5751.0,308.0,151.0,395.0,87.0,1902.0
deterministic,0.25,pcgrad,20261002,teamfight,30,overall,3000,19795.0,278.0,117.0,487.0,209.0,6648.0
deterministic,0.25,pcgrad,20261002,teamfight,30,europe,1500,9978.0,135.0,56.0,240.0,105.0,3351.0
deterministic,0.25,pcgrad,20261002,teamfight,30,americas,1500,9817.0,143.0,61.0,247.0,104.0,3297.0
deterministic,0.5,pcgrad,20260930,baron,30,overall,3000,3241.0,773.0,448.0,1700.0,927.0,1091.0
deterministic,0.5,pcgrad,20260930,baron,30,europe,1500,1610.0,402.0,227.0,829.0,427.0,558.0
deterministic,0.5,pcgrad,20260930,baron,30,americas,1500,1631.0,371.0,221.0,871.0,500.0,533.0
deterministic,0.5,pcgrad,20260930,dragon,30,overall,3000,11329.0,1554.0,811.0,2233.0,679.0,3736.0
deterministic,0.5,pcgrad,20260930,dragon,30,europe,1500,5578.0,746.0,393.0,1079.0,333.0,1834.0
deterministic,0.5,pcgrad,20260930,dragon,30,americas,1500,5751.0,808.0,418.0,1154.0,346.0,1902.0
deterministic,0.5,pcgrad,20260930,teamfight,30,overall,3000,19795.0,580.0,268.0,1165.0,585.0,6648.0
deterministic,0.5,pcgrad,20260930,teamfight,30,europe,1500,9978.0,259.0,123.0,560.0,301.0,3351.0
deterministic,0.5,pcgrad,20260930,teamfight,30,americas,1500,9817.0,321.0,145.0,605.0,284.0,3297.0
deterministic,0.5,pcgrad,20261001,baron,30,overall,3000,3241.0,798.0,453.0,1799.0,1001.0,1091.0
deterministic,0.5,pcgrad,20261001,baron,30,europe,1500,1610.0,414.0,229.0,879.0,465.0,558.0
deterministic,0.5,pcgrad,20261001,baron,30,americas,1500,1631.0,384.0,224.0,920.0,536.0,533.0
deterministic,0.5,pcgrad,20261001,dragon,30,overall,3000,11329.0,1252.0,640.0,1710.0,458.0,3736.0
deterministic,0.5,pcgrad,20261001,dragon,30,europe,1500,5578.0,601.0,311.0,831.0,230.0,1834.0
deterministic,0.5,pcgrad,20261001,dragon,30,americas,1500,5751.0,651.0,329.0,879.0,228.0,1902.0
deterministic,0.5,pcgrad,20261001,teamfight,30,overall,3000,19795.0,659.0,299.0,1386.0,727.0,6648.0
deterministic,0.5,pcgrad,20261001,teamfight,30,europe,1500,9978.0,315.0,145.0,687.0,372.0,3351.0
deterministic,0.5,pcgrad,20261001,teamfight,30,americas,1500,9817.0,344.0,154.0,699.0,355.0,3297.0
deterministic,0.5,pcgrad,20261002,baron,30,overall,3000,3241.0,826.0,469.0,1864.0,1038.0,1091.0
deterministic,0.5,pcgrad,20261002,baron,30,europe,1500,1610.0,428.0,241.0,899.0,471.0,558.0
deterministic,0.5,pcgrad,20261002,baron,30,americas,1500,1631.0,398.0,228.0,965.0,567.0,533.0
deterministic,0.5,pcgrad,20261002,dragon,30,overall,3000,11329.0,1265.0,647.0,1732.0,467.0,3736.0
deterministic,0.5,pcgrad,20261002,dragon,30,europe,1500,5578.0,603.0,314.0,838.0,235.0,1834.0
deterministic,0.5,pcgrad,20261002,dragon,30,americas,1500,5751.0,662.0,333.0,894.0,232.0,1902.0
deterministic,0.5,pcgrad,20261002,teamfight,30,overall,3000,19795.0,734.0,350.0,1514.0,780.0,6648.0
deterministic,0.5,pcgrad,20261002,teamfight,30,europe,1500,9978.0,354.0,176.0,749.0,395.0,3351.0
deterministic,0.5,pcgrad,20261002,teamfight,30,americas,1500,9817.0,380.0,174.0,765.0,385.0,3297.0
deterministic,0.75,pcgrad,20260930,baron,30,overall,3000,3241.0,974.0,589.0,2619.0,1645.0,1091.0
deterministic,0.75,pcgrad,20260930,baron,30,europe,1500,1610.0,504.0,299.0,1252.0,748.0,558.0
deterministic,0.75,pcgrad,20260930,baron,30,americas,1500,1631.0,470.0,290.0,1367.0,897.0,533.0
deterministic,0.75,pcgrad,20260930,dragon,30,overall,3000,11329.0,2218.0,1215.0,3358.0,1140.0,3736.0
deterministic,0.75,pcgrad,20260930,dragon,30,europe,1500,5578.0,1087.0,597.0,1665.0,578.0,1834.0
deterministic,0.75,pcgrad,20260930,dragon,30,americas,1500,5751.0,1131.0,618.0,1693.0,562.0,1902.0
deterministic,0.75,pcgrad,20260930,teamfight,30,overall,3000,19795.0,882.0,431.0,1886.0,1004.0,6648.0
deterministic,0.75,pcgrad,20260930,teamfight,30,europe,1500,9978.0,420.0,213.0,930.0,510.0,3351.0
deterministic,0.75,pcgrad,20260930,teamfight,30,americas,1500,9817.0,462.0,218.0,956.0,494.0,3297.0
deterministic,0.75,pcgrad,20261001,baron,30,overall,3000,3241.0,982.0,589.0,2763.0,1781.0,1091.0
deterministic,0.75,pcgrad,20261001,baron,30,europe,1500,1610.0,506.0,299.0,1336.0,830.0,558.0
deterministic,0.75,pcgrad,20261001,baron,30,americas,1500,1631.0,476.0,290.0,1427.0,951.0,533.0
deterministic,0.75,pcgrad,20261001,dragon,30,overall,3000,11329.0,1800.0,983.0,2607.0,807.0,3736.0
deterministic,0.75,pcgrad,20261001,dragon,30,europe,1500,5578.0,861.0,470.0,1270.0,409.0,1834.0
deterministic,0.75,pcgrad,20261001,dragon,30,americas,1500,5751.0,939.0,513.0,1337.0,398.0,1902.0
deterministic,0.75,pcgrad,20261001,teamfight,30,overall,3000,19795.0,1002.0,490.0,2253.0,1251.0,6648.0
deterministic,0.75,pcgrad,20261001,teamfight,30,europe,1500,9978.0,491.0,251.0,1136.0,645.0,3351.0
deterministic,0.75,pcgrad,20261001,teamfight,30,americas,1500,9817.0,511.0,239.0,1117.0,606.0,3297.0
deterministic,0.75,pcgrad,20261002,baron,30,overall,3000,3241.0,1002.0,594.0,2826.0,1824.0,1091.0
deterministic,0.75,pcgrad,20261002,baron,30,europe,1500,1610.0,514.0,302.0,1372.0,858.0,558.0
deterministic,0.75,pcgrad,20261002,baron,30,americas,1500,1631.0,488.0,292.0,1454.0,966.0,533.0
deterministic,0.75,pcgrad,20261002,dragon,30,overall,3000,11329.0,1952.0,1063.0,2879.0,927.0,3736.0
deterministic,0.75,pcgrad,20261002,dragon,30,europe,1500,5578.0,948.0,522.0,1420.0,472.0,1834.0
deterministic,0.75,pcgrad,20261002,dragon,30,americas,1500,5751.0,1004.0,541.0,1459.0,455.0,1902.0
deterministic,0.75,pcgrad,20261002,teamfight,30,overall,3000,19795.0,1038.0,509.0,2360.0,1322.0,6648.0
deterministic,0.75,pcgrad,20261002,teamfight,30,europe,1500,9978.0,487.0,248.0,1144.0,657.0,3351.0
deterministic,0.75,pcgrad,20261002,teamfight,30,americas,1500,9817.0,551.0,261.0,1216.0,665.0,3297.0
deterministic,1.0,pcgrad,20260930,baron,30,overall,3000,3241.0,1086.0,668.0,3322.0,2236.0,1091.0
deterministic,1.0,pcgrad,20260930,baron,30,europe,1500,1610.0,561.0,341.0,1604.0,1043.0,558.0
deterministic,1.0,pcgrad,20260930,baron,30,americas,1500,1631.0,525.0,327.0,1718.0,1193.0,533.0
deterministic,1.0,pcgrad,20260930,dragon,30,overall,3000,11329.0,2772.0,1587.0,4443.0,1671.0,3736.0
deterministic,1.0,pcgrad,20260930,dragon,30,europe,1500,5578.0,1343.0,767.0,2204.0,861.0,1834.0
deterministic,1.0,pcgrad,20260930,dragon,30,americas,1500,5751.0,1429.0,820.0,2239.0,810.0,1902.0
deterministic,1.0,pcgrad,20260930,teamfight,30,overall,3000,19795.0,1207.0,609.0,2782.0,1575.0,6648.0
deterministic,1.0,pcgrad,20260930,teamfight,30,europe,1500,9978.0,583.0,312.0,1381.0,798.0,3351.0
deterministic,1.0,pcgrad,20260930,teamfight,30,americas,1500,9817.0,624.0,297.0,1401.0,777.0,3297.0
deterministic,1.0,pcgrad,20261001,baron,30,overall,3000,3241.0,1093.0,667.0,3478.0,2385.0,1091.0
deterministic,1.0,pcgrad,20261001,baron,30,europe,1500,1610.0,560.0,338.0,1681.0,1121.0,558.0
deterministic,1.0,pcgrad,20261001,baron,30,americas,1500,1631.0,533.0,329.0,1797.0,1264.0,533.0
deterministic,1.0,pcgrad,20261001,dragon,30,overall,3000,11329.0,2901.0,1678.0,4674.0,1773.0,3736.0
deterministic,1.0,pcgrad,20261001,dragon,30,europe,1500,5578.0,1418.0,819.0,2340.0,922.0,1834.0
deterministic,1.0,pcgrad,20261001,dragon,30,americas,1500,5751.0,1483.0,859.0,2334.0,851.0,1902.0
deterministic,1.0,pcgrad,20261001,teamfight,30,overall,3000,19795.0,1396.0,695.0,3460.0,2064.0,6648.0
deterministic,1.0,pcgrad,20261001,teamfight,30,europe,1500,9978.0,682.0,354.0,1730.0,1048.0,3351.0
deterministic,1.0,pcgrad,20261001,teamfight,30,americas,1500,9817.0,714.0,341.0,1730.0,1016.0,3297.0
deterministic,1.0,pcgrad,20261002,baron,30,overall,3000,3241.0,1108.0,680.0,3553.0,2445.0,1091.0
deterministic,1.0,pcgrad,20261002,baron,30,europe,1500,1610.0,570.0,346.0,1723.0,1153.0,558.0
deterministic,1.0,pcgrad,20261002,baron,30,americas,1500,1631.0,538.0,334.0,1830.0,1292.0,533.0
deterministic,1.0,pcgrad,20261002,dragon,30,overall,3000,11329.0,2668.0,1528.0,4185.0,1517.0,3736.0
deterministic,1.0,pcgrad,20261002,dragon,30,europe,1500,5578.0,1303.0,744.0,2085.0,782.0,1834.0
deterministic,1.0,pcgrad,20261002,dragon,30,americas,1500,5751.0,1365.0,784.0,2100.0,735.0,1902.0
deterministic,1.0,pcgrad,20261002,teamfight,30,overall,3000,19795.0,1411.0,721.0,3523.0,2112.0,6648.0
deterministic,1.0,pcgrad,20261002,teamfight,30,europe,1500,9978.0,679.0,355.0,1727.0,1048.0,3351.0
deterministic,1.0,pcgrad,20261002,teamfight,30,americas,1500,9817.0,732.0,366.0,1796.0,1064.0,3297.0
deterministic,0.25,pcgrad,20260930,baron,60,overall,3000,3241.0,625.0,180.0,889.0,264.0,2152.0
deterministic,0.25,pcgrad,20260930,baron,60,europe,1500,1610.0,330.0,89.0,452.0,122.0,1048.0
deterministic,0.25,pcgrad,20260930,baron,60,americas,1500,1631.0,295.0,91.0,437.0,142.0,1104.0
deterministic,0.25,pcgrad,20260930,dragon,60,overall,3000,11329.0,462.0,114.0,498.0,36.0,7555.0
deterministic,0.25,pcgrad,20260930,dragon,60,europe,1500,5578.0,231.0,67.0,249.0,18.0,3749.0
deterministic,0.25,pcgrad,20260930,dragon,60,americas,1500,5751.0,231.0,47.0,249.0,18.0,3806.0
deterministic,0.25,pcgrad,20260930,teamfight,60,overall,3000,19795.0,274.0,86.0,395.0,121.0,13137.0
deterministic,0.25,pcgrad,20260930,teamfight,60,europe,1500,9978.0,133.0,39.0,196.0,63.0,6630.0
deterministic,0.25,pcgrad,20260930,teamfight,60,americas,1500,9817.0,141.0,47.0,199.0,58.0,6507.0
deterministic,0.25,pcgrad,20261001,baron,60,overall,3000,3241.0,599.0,159.0,860.0,261.0,2152.0
deterministic,0.25,pcgrad,20261001,baron,60,europe,1500,1610.0,327.0,81.0,439.0,112.0,1048.0
deterministic,0.25,pcgrad,20261001,baron,60,americas,1500,1631.0,272.0,78.0,421.0,149.0,1104.0
deterministic,0.25,pcgrad,20261001,dragon,60,overall,3000,11329.0,591.0,154.0,646.0,55.0,7555.0
deterministic,0.25,pcgrad,20261001,dragon,60,europe,1500,5578.0,304.0,87.0,334.0,30.0,3749.0
deterministic,0.25,pcgrad,20261001,dragon,60,americas,1500,5751.0,287.0,67.0,312.0,25.0,3806.0
deterministic,0.25,pcgrad,20261001,teamfight,60,overall,3000,19795.0,266.0,88.0,390.0,124.0,13137.0
deterministic,0.25,pcgrad,20261001,teamfight,60,europe,1500,9978.0,127.0,48.0,200.0,73.0,6630.0
deterministic,0.25,pcgrad,20261001,teamfight,60,americas,1500,9817.0,139.0,40.0,190.0,51.0,6507.0
deterministic,0.25,pcgrad,20261002,baron,60,overall,3000,3241.0,622.0,176.0,945.0,323.0,2152.0
deterministic,0.25,pcgrad,20261002,baron,60,europe,1500,1610.0,322.0,89.0,463.0,141.0,1048.0
deterministic,0.25,pcgrad,20261002,baron,60,americas,1500,1631.0,300.0,87.0,482.0,182.0,1104.0
deterministic,0.25,pcgrad,20261002,dragon,60,overall,3000,11329.0,491.0,127.0,533.0,42.0,7555.0
deterministic,0.25,pcgrad,20261002,dragon,60,europe,1500,5578.0,247.0,71.0,272.0,25.0,3749.0
deterministic,0.25,pcgrad,20261002,dragon,60,americas,1500,5751.0,244.0,56.0,261.0,17.0,3806.0
deterministic,0.25,pcgrad,20261002,teamfight,60,overall,3000,19795.0,593.0,230.0,926.0,333.0,13137.0
deterministic,0.25,pcgrad,20261002,teamfight,60,europe,1500,9978.0,283.0,118.0,448.0,165.0,6630.0
deterministic,0.25,pcgrad,20261002,teamfight,60,americas,1500,9817.0,310.0,112.0,478.0,168.0,6507.0
deterministic,0.5,pcgrad,20260930,baron,60,overall,3000,3241.0,964.0,363.0,1659.0,695.0,2152.0
deterministic,0.5,pcgrad,20260930,baron,60,europe,1500,1610.0,491.0,178.0,800.0,309.0,1048.0
deterministic,0.5,pcgrad,20260930,baron,60,americas,1500,1631.0,473.0,185.0,859.0,386.0,1104.0
deterministic,0.5,pcgrad,20260930,dragon,60,overall,3000,11329.0,462.0,114.0,498.0,36.0,7555.0
deterministic,0.5,pcgrad,20260930,dragon,60,europe,1500,5578.0,231.0,67.0,249.0,18.0,3749.0
deterministic,0.5,pcgrad,20260930,dragon,60,americas,1500,5751.0,231.0,47.0,249.0,18.0,3806.0
deterministic,0.5,pcgrad,20260930,teamfight,60,overall,3000,19795.0,739.0,300.0,1153.0,414.0,13137.0
deterministic,0.5,pcgrad,20260930,teamfight,60,europe,1500,9978.0,335.0,143.0,538.0,203.0,6630.0
deterministic,0.5,pcgrad,20260930,teamfight,60,americas,1500,9817.0,404.0,157.0,615.0,211.0,6507.0
deterministic,0.5,pcgrad,20261001,baron,60,overall,3000,3241.0,986.0,361.0,1691.0,705.0,2152.0
deterministic,0.5,pcgrad,20261001,baron,60,europe,1500,1610.0,505.0,178.0,823.0,318.0,1048.0
deterministic,0.5,pcgrad,20261001,baron,60,americas,1500,1631.0,481.0,183.0,868.0,387.0,1104.0
deterministic,0.5,pcgrad,20261001,dragon,60,overall,3000,11329.0,591.0,154.0,646.0,55.0,7555.0
deterministic,0.5,pcgrad,20261001,dragon,60,europe,1500,5578.0,304.0,87.0,334.0,30.0,3749.0
deterministic,0.5,pcgrad,20261001,dragon,60,americas,1500,5751.0,287.0,67.0,312.0,25.0,3806.0
deterministic,0.5,pcgrad,20261001,teamfight,60,overall,3000,19795.0,748.0,304.0,1207.0,459.0,13137.0
deterministic,0.5,pcgrad,20261001,teamfight,60,europe,1500,9978.0,361.0,149.0,599.0,238.0,6630.0
deterministic,0.5,pcgrad,20261001,teamfight,60,americas,1500,9817.0,387.0,155.0,608.0,221.0,6507.0
deterministic,0.5,pcgrad,20261002,baron,60,overall,3000,3241.0,1009.0,375.0,1763.0,754.0,2152.0
deterministic,0.5,pcgrad,20261002,baron,60,europe,1500,1610.0,515.0,187.0,853.0,338.0,1048.0
deterministic,0.5,pcgrad,20261002,baron,60,americas,1500,1631.0,494.0,188.0,910.0,416.0,1104.0
deterministic,0.5,pcgrad,20261002,dragon,60,overall,3000,11329.0,491.0,127.0,533.0,42.0,7555.0
deterministic,0.5,pcgrad,20261002,dragon,60,europe,1500,5578.0,247.0,71.0,272.0,25.0,3749.0
deterministic,0.5,pcgrad,20261002,dragon,60,americas,1500,5751.0,244.0,56.0,261.0,17.0,3806.0
deterministic,0.5,pcgrad,20261002,teamfight,60,overall,3000,19795.0,593.0,230.0,926.0,333.0,13137.0
deterministic,0.5,pcgrad,20261002,teamfight,60,europe,1500,9978.0,283.0,118.0,448.0,165.0,6630.0
deterministic,0.5,pcgrad,20261002,teamfight,60,americas,1500,9817.0,310.0,112.0,478.0,168.0,6507.0
deterministic,0.75,pcgrad,20260930,baron,60,overall,3000,3241.0,1180.0,502.0,2238.0,1058.0,2152.0
deterministic,0.75,pcgrad,20260930,baron,60,europe,1500,1610.0,591.0,242.0,1057.0,466.0,1048.0
deterministic,0.75,pcgrad,20260930,baron,60,americas,1500,1631.0,589.0,260.0,1181.0,592.0,1104.0
deterministic,0.75,pcgrad,20260930,dragon,60,overall,3000,11329.0,2331.0,893.0,2688.0,357.0,7555.0
deterministic,0.75,pcgrad,20260930,dragon,60,europe,1500,5578.0,1148.0,461.0,1314.0,166.0,3749.0
deterministic,0.75,pcgrad,20260930,dragon,60,americas,1500,5751.0,1183.0,432.0,1374.0,191.0,3806.0
deterministic,0.75,pcgrad,20260930,teamfight,60,overall,3000,19795.0,1504.0,699.0,2531.0,1027.0,13137.0
deterministic,0.75,pcgrad,20260930,teamfight,60,europe,1500,9978.0,732.0,360.0,1230.0,498.0,6630.0
deterministic,0.75,pcgrad,20260930,teamfight,60,americas,1500,9817.0,772.0,339.0,1301.0,529.0,6507.0
deterministic,0.75,pcgrad,20261001,baron,60,overall,3000,3241.0,1189.0,497.0,2266.0,1077.0,2152.0
deterministic,0.75,pcgrad,20261001,baron,60,europe,1500,1610.0,603.0,240.0,1100.0,497.0,1048.0
deterministic,0.75,pcgrad,20261001,baron,60,americas,1500,1631.0,586.0,257.0,1166.0,580.0,1104.0
deterministic,0.75,pcgrad,20261001,dragon,60,overall,3000,11329.0,2579.0,1028.0,2966.0,387.0,7555.0
deterministic,0.75,pcgrad,20261001,dragon,60,europe,1500,5578.0,1266.0,528.0,1455.0,189.0,3749.0
deterministic,0.75,pcgrad,20261001,dragon,60,americas,1500,5751.0,1313.0,500.0,1511.0,198.0,3806.0
deterministic,0.75,pcgrad,20261001,teamfight,60,overall,3000,19795.0,1583.0,748.0,2727.0,1144.0,13137.0
deterministic,0.75,pcgrad,20261001,teamfight,60,europe,1500,9978.0,785.0,380.0,1342.0,557.0,6630.0
deterministic,0.75,pcgrad,20261001,teamfight,60,americas,1500,9817.0,798.0,368.0,1385.0,587.0,6507.0
deterministic,0.75,pcgrad,20261002,baron,60,overall,3000,3241.0,1402.0,636.0,2823.0,1421.0,2152.0
deterministic,0.75,pcgrad,20261002,baron,60,europe,1500,1610.0,714.0,316.0,1372.0,658.0,1048.0
deterministic,0.75,pcgrad,20261002,baron,60,americas,1500,1631.0,688.0,320.0,1451.0,763.0,1104.0
deterministic,0.75,pcgrad,20261002,dragon,60,overall,3000,11329.0,2641.0,1076.0,3045.0,404.0,7555.0
deterministic,0.75,pcgrad,20261002,dragon,60,europe,1500,5578.0,1297.0,545.0,1485.0,188.0,3749.0
deterministic,0.75,pcgrad,20261002,dragon,60,americas,1500,5751.0,1344.0,531.0,1560.0,216.0,3806.0
deterministic,0.75,pcgrad,20261002,teamfight,60,overall,3000,19795.0,1295.0,603.0,2179.0,884.0,13137.0
deterministic,0.75,pcgrad,20261002,teamfight,60,europe,1500,9978.0,632.0,302.0,1065.0,433.0,6630.0
deterministic,0.75,pcgrad,20261002,teamfight,60,americas,1500,9817.0,663.0,301.0,1114.0,451.0,6507.0
deterministic,1.0,pcgrad,20260930,baron,60,overall,3000,3241.0,1664.0,832.0,3707.0,2043.0,2152.0
deterministic,1.0,pcgrad,20260930,baron,60,europe,1500,1610.0,845.0,412.0,1808.0,963.0,1048.0
deterministic,1.0,pcgrad,20260930,baron,60,americas,1500,1631.0,819.0,420.0,1899.0,1080.0,1104.0
deterministic,1.0,pcgrad,20260930,dragon,60,overall,3000,11329.0,2331.0,893.0,2688.0,357.0,7555.0
deterministic,1.0,pcgrad,20260930,dragon,60,europe,1500,5578.0,1148.0,461.0,1314.0,166.0,3749.0
deterministic,1.0,pcgrad,20260930,dragon,60,americas,1500,5751.0,1183.0,432.0,1374.0,191.0,3806.0
deterministic,1.0,pcgrad,20260930,teamfight,60,overall,3000,19795.0,1504.0,699.0,2531.0,1027.0,13137.0
deterministic,1.0,pcgrad,20260930,teamfight,60,europe,1500,9978.0,732.0,360.0,1230.0,498.0,6630.0
deterministic,1.0,pcgrad,20260930,teamfight,60,americas,1500,9817.0,772.0,339.0,1301.0,529.0,6507.0
deterministic,1.0,pcgrad,20261001,baron,60,overall,3000,3241.0,1678.0,846.0,3767.0,2089.0,2152.0
deterministic,1.0,pcgrad,20261001,baron,60,europe,1500,1610.0,843.0,419.0,1836.0,993.0,1048.0
deterministic,1.0,pcgrad,20261001,baron,60,americas,1500,1631.0,835.0,427.0,1931.0,1096.0,1104.0
deterministic,1.0,pcgrad,20261001,dragon,60,overall,3000,11329.0,2579.0,1028.0,2966.0,387.0,7555.0
deterministic,1.0,pcgrad,20261001,dragon,60,europe,1500,5578.0,1266.0,528.0,1455.0,189.0,3749.0
deterministic,1.0,pcgrad,20261001,dragon,60,americas,1500,5751.0,1313.0,500.0,1511.0,198.0,3806.0
deterministic,1.0,pcgrad,20261001,teamfight,60,overall,3000,19795.0,1583.0,748.0,2727.0,1144.0,13137.0
deterministic,1.0,pcgrad,20261001,teamfight,60,europe,1500,9978.0,785.0,380.0,1342.0,557.0,6630.0
deterministic,1.0,pcgrad,20261001,teamfight,60,americas,1500,9817.0,798.0,368.0,1385.0,587.0,6507.0
deterministic,1.0,pcgrad,20261002,baron,60,overall,3000,3241.0,1597.0,780.0,3494.0,1897.0,2152.0
deterministic,1.0,pcgrad,20261002,baron,60,europe,1500,1610.0,811.0,390.0,1698.0,887.0,1048.0
deterministic,1.0,pcgrad,20261002,baron,60,americas,1500,1631.0,786.0,390.0,1796.0,1010.0,1104.0
deterministic,1.0,pcgrad,20261002,dragon,60,overall,3000,11329.0,2641.0,1076.0,3045.0,404.0,7555.0
deterministic,1.0,pcgrad,20261002,dragon,60,europe,1500,5578.0,1297.0,545.0,1485.0,188.0,3749.0
deterministic,1.0,pcgrad,20261002,dragon,60,americas,1500,5751.0,1344.0,531.0,1560.0,216.0,3806.0
deterministic,1.0,pcgrad,20261002,teamfight,60,overall,3000,19795.0,1295.0,603.0,2179.0,884.0,13137.0
deterministic,1.0,pcgrad,20261002,teamfight,60,europe,1500,9978.0,632.0,302.0,1065.0,433.0,6630.0
deterministic,1.0,pcgrad,20261002,teamfight,60,americas,1500,9817.0,663.0,301.0,1114.0,451.0,6507.0
deterministic,0.25,timely_leagueews,20260930,baron,30,overall,3000,3241.0,511.0,273.0,875.0,364.0,1091.0
deterministic,0.25,timely_leagueews,20260930,baron,30,europe,1500,1610.0,272.0,142.0,441.0,169.0,558.0
deterministic,0.25,timely_leagueews,20260930,baron,30,americas,1500,1631.0,239.0,131.0,434.0,195.0,533.0
deterministic,0.25,timely_leagueews,20260930,dragon,30,overall,3000,11329.0,519.0,395.0,821.0,302.0,3736.0
deterministic,0.25,timely_leagueews,20260930,dragon,30,europe,1500,5578.0,236.0,182.0,386.0,150.0,1834.0
deterministic,0.25,timely_leagueews,20260930,dragon,30,americas,1500,5751.0,283.0,213.0,435.0,152.0,1902.0
deterministic,0.25,timely_leagueews,20260930,teamfight,30,overall,3000,19795.0,302.0,190.0,688.0,386.0,6648.0
deterministic,0.25,timely_leagueews,20260930,teamfight,30,europe,1500,9978.0,142.0,93.0,342.0,200.0,3351.0
deterministic,0.25,timely_leagueews,20260930,teamfight,30,americas,1500,9817.0,160.0,97.0,346.0,186.0,3297.0
deterministic,0.25,timely_leagueews,20261001,baron,30,overall,3000,3241.0,584.0,319.0,1036.0,452.0,1091.0
deterministic,0.25,timely_leagueews,20261001,baron,30,europe,1500,1610.0,311.0,167.0,510.0,199.0,558.0
deterministic,0.25,timely_leagueews,20261001,baron,30,americas,1500,1631.0,273.0,152.0,526.0,253.0,533.0
deterministic,0.25,timely_leagueews,20261001,dragon,30,overall,3000,11329.0,491.0,406.0,814.0,323.0,3736.0
deterministic,0.25,timely_leagueews,20261001,dragon,30,europe,1500,5578.0,216.0,185.0,377.0,161.0,1834.0
deterministic,0.25,timely_leagueews,20261001,dragon,30,americas,1500,5751.0,275.0,221.0,437.0,162.0,1902.0
deterministic,0.25,timely_leagueews,20261001,teamfight,30,overall,3000,19795.0,359.0,223.0,871.0,512.0,6648.0
deterministic,0.25,timely_leagueews,20261001,teamfight,30,europe,1500,9978.0,171.0,110.0,417.0,246.0,3351.0
deterministic,0.25,timely_leagueews,20261001,teamfight,30,americas,1500,9817.0,188.0,113.0,454.0,266.0,3297.0
deterministic,0.25,timely_leagueews,20261002,baron,30,overall,3000,3241.0,476.0,246.0,773.0,297.0,1091.0
deterministic,0.25,timely_leagueews,20261002,baron,30,europe,1500,1610.0,263.0,134.0,388.0,125.0,558.0
deterministic,0.25,timely_leagueews,20261002,baron,30,americas,1500,1631.0,213.0,112.0,385.0,172.0,533.0
deterministic,0.25,timely_leagueews,20261002,dragon,30,overall,3000,11329.0,651.0,503.0,1075.0,424.0,3736.0
deterministic,0.25,timely_leagueews,20261002,dragon,30,europe,1500,5578.0,303.0,240.0,509.0,206.0,1834.0
deterministic,0.25,timely_leagueews,20261002,dragon,30,americas,1500,5751.0,348.0,263.0,566.0,218.0,1902.0
deterministic,0.25,timely_leagueews,20261002,teamfight,30,overall,3000,19795.0,253.0,161.0,597.0,344.0,6648.0
deterministic,0.25,timely_leagueews,20261002,teamfight,30,europe,1500,9978.0,128.0,84.0,301.0,173.0,3351.0
deterministic,0.25,timely_leagueews,20261002,teamfight,30,americas,1500,9817.0,125.0,77.0,296.0,171.0,3297.0
deterministic,0.5,timely_leagueews,20260930,baron,30,overall,3000,3241.0,780.0,451.0,1718.0,938.0,1091.0
deterministic,0.5,timely_leagueews,20260930,baron,30,europe,1500,1610.0,403.0,225.0,837.0,434.0,558.0
deterministic,0.5,timely_leagueews,20260930,baron,30,americas,1500,1631.0,377.0,226.0,881.0,504.0,533.0
deterministic,0.5,timely_leagueews,20260930,dragon,30,overall,3000,11329.0,1221.0,825.0,1993.0,772.0,3736.0
deterministic,0.5,timely_leagueews,20260930,dragon,30,europe,1500,5578.0,568.0,380.0,953.0,385.0,1834.0
deterministic,0.5,timely_leagueews,20260930,dragon,30,americas,1500,5751.0,653.0,445.0,1040.0,387.0,1902.0
deterministic,0.5,timely_leagueews,20260930,teamfight,30,overall,3000,19795.0,608.0,368.0,1460.0,852.0,6648.0
deterministic,0.5,timely_leagueews,20260930,teamfight,30,europe,1500,9978.0,292.0,182.0,706.0,414.0,3351.0
deterministic,0.5,timely_leagueews,20260930,teamfight,30,americas,1500,9817.0,316.0,186.0,754.0,438.0,3297.0
deterministic,0.5,timely_leagueews,20261001,baron,30,overall,3000,3241.0,833.0,491.0,1988.0,1155.0,1091.0
deterministic,0.5,timely_leagueews,20261001,baron,30,europe,1500,1610.0,432.0,251.0,968.0,536.0,558.0
deterministic,0.5,timely_leagueews,20261001,baron,30,americas,1500,1631.0,401.0,240.0,1020.0,619.0,533.0
deterministic,0.5,timely_leagueews,20261001,dragon,30,overall,3000,11329.0,1013.0,751.0,1731.0,718.0,3736.0
deterministic,0.5,timely_leagueews,20261001,dragon,30,europe,1500,5578.0,488.0,359.0,850.0,362.0,1834.0
deterministic,0.5,timely_leagueews,20261001,dragon,30,americas,1500,5751.0,525.0,392.0,881.0,356.0,1902.0
deterministic,0.5,timely_leagueews,20261001,teamfight,30,overall,3000,19795.0,720.0,443.0,1862.0,1142.0,6648.0
deterministic,0.5,timely_leagueews,20261001,teamfight,30,europe,1500,9978.0,341.0,220.0,893.0,552.0,3351.0
deterministic,0.5,timely_leagueews,20261001,teamfight,30,americas,1500,9817.0,379.0,223.0,969.0,590.0,3297.0
deterministic,0.5,timely_leagueews,20261002,baron,30,overall,3000,3241.0,801.0,458.0,1848.0,1047.0,1091.0
deterministic,0.5,timely_leagueews,20261002,baron,30,europe,1500,1610.0,413.0,231.0,900.0,487.0,558.0
deterministic,0.5,timely_leagueews,20261002,baron,30,americas,1500,1631.0,388.0,227.0,948.0,560.0,533.0
deterministic,0.5,timely_leagueews,20261002,dragon,30,overall,3000,11329.0,1480.0,1009.0,2474.0,994.0,3736.0
deterministic,0.5,timely_leagueews,20261002,dragon,30,europe,1500,5578.0,693.0,470.0,1193.0,500.0,1834.0
deterministic,0.5,timely_leagueews,20261002,dragon,30,americas,1500,5751.0,787.0,539.0,1281.0,494.0,1902.0
deterministic,0.5,timely_leagueews,20261002,teamfight,30,overall,3000,19795.0,497.0,323.0,1262.0,765.0,6648.0
deterministic,0.5,timely_leagueews,20261002,teamfight,30,europe,1500,9978.0,234.0,149.0,609.0,375.0,3351.0
deterministic,0.5,timely_leagueews,20261002,teamfight,30,americas,1500,9817.0,263.0,174.0,653.0,390.0,3297.0
deterministic,0.75,timely_leagueews,20260930,baron,30,overall,3000,3241.0,975.0,580.0,2667.0,1692.0,1091.0
deterministic,0.75,timely_leagueews,20260930,baron,30,europe,1500,1610.0,500.0,295.0,1303.0,803.0,558.0
deterministic,0.75,timely_leagueews,20260930,baron,30,americas,1500,1631.0,475.0,285.0,1364.0,889.0,533.0
deterministic,0.75,timely_leagueews,20260930,dragon,30,overall,3000,11329.0,1221.0,825.0,1993.0,772.0,3736.0
deterministic,0.75,timely_leagueews,20260930,dragon,30,europe,1500,5578.0,568.0,380.0,953.0,385.0,1834.0
deterministic,0.75,timely_leagueews,20260930,dragon,30,americas,1500,5751.0,653.0,445.0,1040.0,387.0,1902.0
deterministic,0.75,timely_leagueews,20260930,teamfight,30,overall,3000,19795.0,984.0,593.0,2625.0,1641.0,6648.0
deterministic,0.75,timely_leagueews,20260930,teamfight,30,europe,1500,9978.0,472.0,299.0,1272.0,800.0,3351.0
deterministic,0.75,timely_leagueews,20260930,teamfight,30,americas,1500,9817.0,512.0,294.0,1353.0,841.0,3297.0
deterministic,0.75,timely_leagueews,20261001,baron,30,overall,3000,3241.0,971.0,580.0,2679.0,1708.0,1091.0
deterministic,0.75,timely_leagueews,20261001,baron,30,europe,1500,1610.0,503.0,297.0,1302.0,799.0,558.0
deterministic,0.75,timely_leagueews,20261001,baron,30,americas,1500,1631.0,468.0,283.0,1377.0,909.0,533.0
deterministic,0.75,timely_leagueews,20261001,dragon,30,overall,3000,11329.0,1957.0,1308.0,3298.0,1341.0,3736.0
deterministic,0.75,timely_leagueews,20261001,dragon,30,europe,1500,5578.0,944.0,638.0,1623.0,679.0,1834.0
deterministic,0.75,timely_leagueews,20261001,dragon,30,americas,1500,5751.0,1013.0,670.0,1675.0,662.0,1902.0
deterministic,0.75,timely_leagueews,20261001,teamfight,30,overall,3000,19795.0,720.0,443.0,1862.0,1142.0,6648.0
deterministic,0.75,timely_leagueews,20261001,teamfight,30,europe,1500,9978.0,341.0,220.0,893.0,552.0,3351.0
deterministic,0.75,timely_leagueews,20261001,teamfight,30,americas,1500,9817.0,379.0,223.0,969.0,590.0,3297.0
deterministic,0.75,timely_leagueews,20261002,baron,30,overall,3000,3241.0,970.0,578.0,2644.0,1674.0,1091.0
deterministic,0.75,timely_leagueews,20261002,baron,30,europe,1500,1610.0,500.0,296.0,1280.0,780.0,558.0
deterministic,0.75,timely_leagueews,20261002,baron,30,americas,1500,1631.0,470.0,282.0,1364.0,894.0,533.0
deterministic,0.75,timely_leagueews,20261002,dragon,30,overall,3000,11329.0,1480.0,1009.0,2474.0,994.0,3736.0
deterministic,0.75,timely_leagueews,20261002,dragon,30,europe,1500,5578.0,693.0,470.0,1193.0,500.0,1834.0
deterministic,0.75,timely_leagueews,20261002,dragon,30,americas,1500,5751.0,787.0,539.0,1281.0,494.0,1902.0
deterministic,0.75,timely_leagueews,20261002,teamfight,30,overall,3000,19795.0,848.0,525.0,2284.0,1436.0,6648.0
deterministic,0.75,timely_leagueews,20261002,teamfight,30,europe,1500,9978.0,417.0,263.0,1130.0,713.0,3351.0
deterministic,0.75,timely_leagueews,20261002,teamfight,30,americas,1500,9817.0,431.0,262.0,1154.0,723.0,3297.0
deterministic,1.0,timely_leagueews,20260930,baron,30,overall,3000,3241.0,1146.0,707.0,3721.0,2575.0,1091.0
deterministic,1.0,timely_leagueews,20260930,baron,30,europe,1500,1610.0,587.0,361.0,1789.0,1202.0,558.0
deterministic,1.0,timely_leagueews,20260930,baron,30,americas,1500,1631.0,559.0,346.0,1932.0,1373.0,533.0
deterministic,1.0,timely_leagueews,20260930,dragon,30,overall,3000,11329.0,2198.0,1406.0,3652.0,1454.0,3736.0
deterministic,1.0,timely_leagueews,20260930,dragon,30,europe,1500,5578.0,1065.0,686.0,1808.0,743.0,1834.0
deterministic,1.0,timely_leagueews,20260930,dragon,30,americas,1500,5751.0,1133.0,720.0,1844.0,711.0,1902.0
deterministic,1.0,timely_leagueews,20260930,teamfight,30,overall,3000,19795.0,984.0,593.0,2625.0,1641.0,6648.0
deterministic,1.0,timely_leagueews,20260930,teamfight,30,europe,1500,9978.0,472.0,299.0,1272.0,800.0,3351.0
deterministic,1.0,timely_leagueews,20260930,teamfight,30,americas,1500,9817.0,512.0,294.0,1353.0,841.0,3297.0
deterministic,1.0,timely_leagueews,20261001,baron,30,overall,3000,3241.0,1095.0,669.0,3416.0,2321.0,1091.0
deterministic,1.0,timely_leagueews,20261001,baron,30,europe,1500,1610.0,555.0,337.0,1648.0,1093.0,558.0
deterministic,1.0,timely_leagueews,20261001,baron,30,americas,1500,1631.0,540.0,332.0,1768.0,1228.0,533.0
deterministic,1.0,timely_leagueews,20261001,dragon,30,overall,3000,11329.0,1957.0,1308.0,3298.0,1341.0,3736.0
deterministic,1.0,timely_leagueews,20261001,dragon,30,europe,1500,5578.0,944.0,638.0,1623.0,679.0,1834.0
deterministic,1.0,timely_leagueews,20261001,dragon,30,americas,1500,5751.0,1013.0,670.0,1675.0,662.0,1902.0
deterministic,1.0,timely_leagueews,20261001,teamfight,30,overall,3000,19795.0,1177.0,714.0,3313.0,2136.0,6648.0
deterministic,1.0,timely_leagueews,20261001,teamfight,30,europe,1500,9978.0,573.0,361.0,1648.0,1075.0,3351.0
deterministic,1.0,timely_leagueews,20261001,teamfight,30,americas,1500,9817.0,604.0,353.0,1665.0,1061.0,3297.0
deterministic,1.0,timely_leagueews,20261002,baron,30,overall,3000,3241.0,1091.0,663.0,3496.0,2405.0,1091.0
deterministic,1.0,timely_leagueews,20261002,baron,30,europe,1500,1610.0,558.0,337.0,1687.0,1129.0,558.0
deterministic,1.0,timely_leagueews,20261002,baron,30,americas,1500,1631.0,533.0,326.0,1809.0,1276.0,533.0
deterministic,1.0,timely_leagueews,20261002,dragon,30,overall,3000,11329.0,2526.0,1628.0,4278.0,1752.0,3736.0
deterministic,1.0,timely_leagueews,20261002,dragon,30,europe,1500,5578.0,1222.0,790.0,2119.0,897.0,1834.0
deterministic,1.0,timely_leagueews,20261002,dragon,30,americas,1500,5751.0,1304.0,838.0,2159.0,855.0,1902.0
deterministic,1.0,timely_leagueews,20261002,teamfight,30,overall,3000,19795.0,848.0,525.0,2284.0,1436.0,6648.0
deterministic,1.0,timely_leagueews,20261002,teamfight,30,europe,1500,9978.0,417.0,263.0,1130.0,713.0,3351.0
deterministic,1.0,timely_leagueews,20261002,teamfight,30,americas,1500,9817.0,431.0,262.0,1154.0,723.0,3297.0
deterministic,0.25,timely_leagueews,20260930,baron,60,overall,3000,3241.0,139.0,78.0,244.0,105.0,2152.0
deterministic,0.25,timely_leagueews,20260930,baron,60,europe,1500,1610.0,62.0,31.0,119.0,57.0,1048.0
deterministic,0.25,timely_leagueews,20260930,baron,60,americas,1500,1631.0,77.0,47.0,125.0,48.0,1104.0
deterministic,0.25,timely_leagueews,20260930,dragon,60,overall,3000,11329.0,762.0,715.0,1052.0,290.0,7555.0
deterministic,0.25,timely_leagueews,20260930,dragon,60,europe,1500,5578.0,368.0,346.0,503.0,135.0,3749.0
deterministic,0.25,timely_leagueews,20260930,dragon,60,americas,1500,5751.0,394.0,369.0,549.0,155.0,3806.0
deterministic,0.25,timely_leagueews,20260930,teamfight,60,overall,3000,19795.0,297.0,241.0,562.0,265.0,13137.0
deterministic,0.25,timely_leagueews,20260930,teamfight,60,europe,1500,9978.0,147.0,121.0,279.0,132.0,6630.0
deterministic,0.25,timely_leagueews,20260930,teamfight,60,americas,1500,9817.0,150.0,120.0,283.0,133.0,6507.0
deterministic,0.25,timely_leagueews,20261001,baron,60,overall,3000,3241.0,149.0,79.0,251.0,102.0,2152.0
deterministic,0.25,timely_leagueews,20261001,baron,60,europe,1500,1610.0,80.0,45.0,127.0,47.0,1048.0
deterministic,0.25,timely_leagueews,20261001,baron,60,americas,1500,1631.0,69.0,34.0,124.0,55.0,1104.0
deterministic,0.25,timely_leagueews,20261001,dragon,60,overall,3000,11329.0,641.0,608.0,882.0,241.0,7555.0
deterministic,0.25,timely_leagueews,20261001,dragon,60,europe,1500,5578.0,299.0,286.0,404.0,105.0,3749.0
deterministic,0.25,timely_leagueews,20261001,dragon,60,americas,1500,5751.0,342.0,322.0,478.0,136.0,3806.0
deterministic,0.25,timely_leagueews,20261001,teamfight,60,overall,3000,19795.0,308.0,248.0,593.0,285.0,13137.0
deterministic,0.25,timely_leagueews,20261001,teamfight,60,europe,1500,9978.0,154.0,123.0,294.0,140.0,6630.0
deterministic,0.25,timely_leagueews,20261001,teamfight,60,americas,1500,9817.0,154.0,125.0,299.0,145.0,6507.0
deterministic,0.25,timely_leagueews,20261002,baron,60,overall,3000,3241.0,113.0,68.0,221.0,108.0,2152.0
deterministic,0.25,timely_leagueews,20261002,baron,60,europe,1500,1610.0,55.0,35.0,111.0,56.0,1048.0
deterministic,0.25,timely_leagueews,20261002,baron,60,americas,1500,1631.0,58.0,33.0,110.0,52.0,1104.0
deterministic,0.25,timely_leagueews,20261002,dragon,60,overall,3000,11329.0,721.0,688.0,1001.0,280.0,7555.0
deterministic,0.25,timely_leagueews,20261002,dragon,60,europe,1500,5578.0,347.0,330.0,473.0,126.0,3749.0
deterministic,0.25,timely_leagueews,20261002,dragon,60,americas,1500,5751.0,374.0,358.0,528.0,154.0,3806.0
deterministic,0.25,timely_leagueews,20261002,teamfight,60,overall,3000,19795.0,267.0,215.0,521.0,254.0,13137.0
deterministic,0.25,timely_leagueews,20261002,teamfight,60,europe,1500,9978.0,133.0,108.0,249.0,116.0,6630.0
deterministic,0.25,timely_leagueews,20261002,teamfight,60,americas,1500,9817.0,134.0,107.0,272.0,138.0,6507.0
deterministic,0.5,timely_leagueews,20260930,baron,60,overall,3000,3241.0,569.0,317.0,1138.0,569.0,2152.0
deterministic,0.5,timely_leagueews,20260930,baron,60,europe,1500,1610.0,299.0,161.0,578.0,279.0,1048.0
deterministic,0.5,timely_leagueews,20260930,baron,60,americas,1500,1631.0,270.0,156.0,560.0,290.0,1104.0
deterministic,0.5,timely_leagueews,20260930,dragon,60,overall,3000,11329.0,1741.0,1583.0,2484.0,743.0,7555.0
deterministic,0.5,timely_leagueews,20260930,dragon,60,europe,1500,5578.0,851.0,775.0,1217.0,366.0,3749.0
deterministic,0.5,timely_leagueews,20260930,dragon,60,americas,1500,5751.0,890.0,808.0,1267.0,377.0,3806.0
deterministic,0.5,timely_leagueews,20260930,teamfight,60,overall,3000,19795.0,785.0,620.0,1602.0,817.0,13137.0
deterministic,0.5,timely_leagueews,20260930,teamfight,60,europe,1500,9978.0,392.0,318.0,773.0,381.0,6630.0
deterministic,0.5,timely_leagueews,20260930,teamfight,60,americas,1500,9817.0,393.0,302.0,829.0,436.0,6507.0
deterministic,0.5,timely_leagueews,20261001,baron,60,overall,3000,3241.0,638.0,358.0,1362.0,724.0,2152.0
deterministic,0.5,timely_leagueews,20261001,baron,60,europe,1500,1610.0,325.0,180.0,669.0,344.0,1048.0
deterministic,0.5,timely_leagueews,20261001,baron,60,americas,1500,1631.0,313.0,178.0,693.0,380.0,1104.0
deterministic,0.5,timely_leagueews,20261001,dragon,60,overall,3000,11329.0,2398.0,2142.0,3483.0,1085.0,7555.0
deterministic,0.5,timely_leagueews,20261001,dragon,60,europe,1500,5578.0,1164.0,1038.0,1706.0,542.0,3749.0
deterministic,0.5,timely_leagueews,20261001,dragon,60,americas,1500,5751.0,1234.0,1104.0,1777.0,543.0,3806.0
deterministic,0.5,timely_leagueews,20261001,teamfight,60,overall,3000,19795.0,791.0,631.0,1624.0,833.0,13137.0
deterministic,0.5,timely_leagueews,20261001,teamfight,60,europe,1500,9978.0,385.0,311.0,780.0,395.0,6630.0
deterministic,0.5,timely_leagueews,20261001,teamfight,60,americas,1500,9817.0,406.0,320.0,844.0,438.0,6507.0
deterministic,0.5,timely_leagueews,20261002,baron,60,overall,3000,3241.0,542.0,322.0,1286.0,744.0,2152.0
deterministic,0.5,timely_leagueews,20261002,baron,60,europe,1500,1610.0,275.0,164.0,633.0,358.0,1048.0
deterministic,0.5,timely_leagueews,20261002,baron,60,americas,1500,1631.0,267.0,158.0,653.0,386.0,1104.0
deterministic,0.5,timely_leagueews,20261002,dragon,60,overall,3000,11329.0,1726.0,1594.0,2463.0,737.0,7555.0
deterministic,0.5,timely_leagueews,20261002,dragon,60,europe,1500,5578.0,841.0,771.0,1205.0,364.0,3749.0
deterministic,0.5,timely_leagueews,20261002,dragon,60,americas,1500,5751.0,885.0,823.0,1258.0,373.0,3806.0
deterministic,0.5,timely_leagueews,20261002,teamfight,60,overall,3000,19795.0,702.0,552.0,1407.0,705.0,13137.0
deterministic,0.5,timely_leagueews,20261002,teamfight,60,europe,1500,9978.0,342.0,276.0,674.0,332.0,6630.0
deterministic,0.5,timely_leagueews,20261002,teamfight,60,americas,1500,9817.0,360.0,276.0,733.0,373.0,6507.0
deterministic,0.75,timely_leagueews,20260930,baron,60,overall,3000,3241.0,996.0,548.0,2138.0,1142.0,2152.0
deterministic,0.75,timely_leagueews,20260930,baron,60,europe,1500,1610.0,502.0,280.0,1061.0,559.0,1048.0
deterministic,0.75,timely_leagueews,20260930,baron,60,americas,1500,1631.0,494.0,268.0,1077.0,583.0,1104.0
deterministic,0.75,timely_leagueews,20260930,dragon,60,overall,3000,11329.0,2762.0,2396.0,4001.0,1239.0,7555.0
deterministic,0.75,timely_leagueews,20260930,dragon,60,europe,1500,5578.0,1336.0,1166.0,1951.0,615.0,3749.0
deterministic,0.75,timely_leagueews,20260930,dragon,60,americas,1500,5751.0,1426.0,1230.0,2050.0,624.0,3806.0
deterministic,0.75,timely_leagueews,20260930,teamfight,60,overall,3000,19795.0,785.0,620.0,1602.0,817.0,13137.0
deterministic,0.75,timely_leagueews,20260930,teamfight,60,europe,1500,9978.0,392.0,318.0,773.0,381.0,6630.0
deterministic,0.75,timely_leagueews,20260930,teamfight,60,americas,1500,9817.0,393.0,302.0,829.0,436.0,6507.0
deterministic,0.75,timely_leagueews,20261001,baron,60,overall,3000,3241.0,1091.0,616.0,2478.0,1387.0,2152.0
deterministic,0.75,timely_leagueews,20261001,baron,60,europe,1500,1610.0,548.0,313.0,1219.0,671.0,1048.0
deterministic,0.75,timely_leagueews,20261001,baron,60,americas,1500,1631.0,543.0,303.0,1259.0,716.0,1104.0
deterministic,0.75,timely_leagueews,20261001,dragon,60,overall,3000,11329.0,3212.0,2757.0,4763.0,1551.0,7555.0
deterministic,0.75,timely_leagueews,20261001,dragon,60,europe,1500,5578.0,1559.0,1339.0,2336.0,777.0,3749.0
deterministic,0.75,timely_leagueews,20261001,dragon,60,americas,1500,5751.0,1653.0,1418.0,2427.0,774.0,3806.0
deterministic,0.75,timely_leagueews,20261001,teamfight,60,overall,3000,19795.0,791.0,631.0,1624.0,833.0,13137.0
deterministic,0.75,timely_leagueews,20261001,teamfight,60,europe,1500,9978.0,385.0,311.0,780.0,395.0,6630.0
deterministic,0.75,timely_leagueews,20261001,teamfight,60,americas,1500,9817.0,406.0,320.0,844.0,438.0,6507.0
deterministic,0.75,timely_leagueews,20261002,baron,60,overall,3000,3241.0,1060.0,654.0,2583.0,1523.0,2152.0
deterministic,0.75,timely_leagueews,20261002,baron,60,europe,1500,1610.0,535.0,323.0,1276.0,741.0,1048.0
deterministic,0.75,timely_leagueews,20261002,baron,60,americas,1500,1631.0,525.0,331.0,1307.0,782.0,1104.0
deterministic,0.75,timely_leagueews,20261002,dragon,60,overall,3000,11329.0,2754.0,2421.0,4054.0,1300.0,7555.0
deterministic,0.75,timely_leagueews,20261002,dragon,60,europe,1500,5578.0,1333.0,1175.0,1980.0,647.0,3749.0
deterministic,0.75,timely_leagueews,20261002,dragon,60,americas,1500,5751.0,1421.0,1246.0,2074.0,653.0,3806.0
deterministic,0.75,timely_leagueews,20261002,teamfight,60,overall,3000,19795.0,1463.0,1128.0,3177.0,1714.0,13137.0
deterministic,0.75,timely_leagueews,20261002,teamfight,60,europe,1500,9978.0,720.0,560.0,1540.0,820.0,6630.0
deterministic,0.75,timely_leagueews,20261002,teamfight,60,americas,1500,9817.0,743.0,568.0,1637.0,894.0,6507.0
deterministic,1.0,timely_leagueews,20260930,baron,60,overall,3000,3241.0,1356.0,764.0,3145.0,1789.0,2152.0
deterministic,1.0,timely_leagueews,20260930,baron,60,europe,1500,1610.0,688.0,389.0,1543.0,855.0,1048.0
deterministic,1.0,timely_leagueews,20260930,baron,60,americas,1500,1631.0,668.0,375.0,1602.0,934.0,1104.0
deterministic,1.0,timely_leagueews,20260930,dragon,60,overall,3000,11329.0,3639.0,3028.0,5344.0,1705.0,7555.0
deterministic,1.0,timely_leagueews,20260930,dragon,60,europe,1500,5578.0,1772.0,1481.0,2623.0,851.0,3749.0
deterministic,1.0,timely_leagueews,20260930,dragon,60,americas,1500,5751.0,1867.0,1547.0,2721.0,854.0,3806.0
deterministic,1.0,timely_leagueews,20260930,teamfight,60,overall,3000,19795.0,1661.0,1272.0,3609.0,1948.0,13137.0
deterministic,1.0,timely_leagueews,20260930,teamfight,60,europe,1500,9978.0,821.0,634.0,1741.0,920.0,6630.0
deterministic,1.0,timely_leagueews,20260930,teamfight,60,americas,1500,9817.0,840.0,638.0,1868.0,1028.0,6507.0
deterministic,1.0,timely_leagueews,20261001,baron,60,overall,3000,3241.0,1456.0,843.0,3527.0,2071.0,2152.0
deterministic,1.0,timely_leagueews,20261001,baron,60,europe,1500,1610.0,724.0,416.0,1711.0,987.0,1048.0
deterministic,1.0,timely_leagueews,20261001,baron,60,americas,1500,1631.0,732.0,427.0,1816.0,1084.0,1104.0
deterministic,1.0,timely_leagueews,20261001,dragon,60,overall,3000,11329.0,4026.0,3298.0,6033.0,2007.0,7555.0
deterministic,1.0,timely_leagueews,20261001,dragon,60,europe,1500,5578.0,1958.0,1606.0,2964.0,1006.0,3749.0
deterministic,1.0,timely_leagueews,20261001,dragon,60,americas,1500,5751.0,2068.0,1692.0,3069.0,1001.0,3806.0
deterministic,1.0,timely_leagueews,20261001,teamfight,60,overall,3000,19795.0,1668.0,1288.0,3653.0,1985.0,13137.0
deterministic,1.0,timely_leagueews,20261001,teamfight,60,europe,1500,9978.0,821.0,636.0,1765.0,944.0,6630.0
deterministic,1.0,timely_leagueews,20261001,teamfight,60,americas,1500,9817.0,847.0,652.0,1888.0,1041.0,6507.0
deterministic,1.0,timely_leagueews,20261002,baron,60,overall,3000,3241.0,1493.0,914.0,3800.0,2307.0,2152.0
deterministic,1.0,timely_leagueews,20261002,baron,60,europe,1500,1610.0,735.0,441.0,1844.0,1109.0,1048.0
deterministic,1.0,timely_leagueews,20261002,baron,60,americas,1500,1631.0,758.0,473.0,1956.0,1198.0,1104.0
deterministic,1.0,timely_leagueews,20261002,dragon,60,overall,3000,11329.0,3704.0,3079.0,5501.0,1797.0,7555.0
deterministic,1.0,timely_leagueews,20261002,dragon,60,europe,1500,5578.0,1808.0,1509.0,2708.0,900.0,3749.0
deterministic,1.0,timely_leagueews,20261002,dragon,60,americas,1500,5751.0,1896.0,1570.0,2793.0,897.0,3806.0
deterministic,1.0,timely_leagueews,20261002,teamfight,60,overall,3000,19795.0,1463.0,1128.0,3177.0,1714.0,13137.0
deterministic,1.0,timely_leagueews,20261002,teamfight,60,europe,1500,9978.0,720.0,560.0,1540.0,820.0,6630.0
deterministic,1.0,timely_leagueews,20261002,teamfight,60,americas,1500,9817.0,743.0,568.0,1637.0,894.0,6507.0
deterministic,0.25,timely_tcn,20260930,baron,30,overall,3000,3241.0,575.0,308.0,1077.0,502.0,1091.0
deterministic,0.25,timely_tcn,20260930,baron,30,europe,1500,1610.0,303.0,161.0,530.0,227.0,558.0
deterministic,0.25,timely_tcn,20260930,baron,30,americas,1500,1631.0,272.0,147.0,547.0,275.0,533.0
deterministic,0.25,timely_tcn,20260930,dragon,30,overall,3000,11329.0,486.0,390.0,832.0,346.0,3736.0
deterministic,0.25,timely_tcn,20260930,dragon,30,europe,1500,5578.0,230.0,185.0,408.0,178.0,1834.0
deterministic,0.25,timely_tcn,20260930,dragon,30,americas,1500,5751.0,256.0,205.0,424.0,168.0,1902.0
deterministic,0.25,timely_tcn,20260930,teamfight,30,overall,3000,19795.0,352.0,212.0,878.0,526.0,6648.0
deterministic,0.25,timely_tcn,20260930,teamfight,30,europe,1500,9978.0,171.0,103.0,435.0,264.0,3351.0
deterministic,0.25,timely_tcn,20260930,teamfight,30,americas,1500,9817.0,181.0,109.0,443.0,262.0,3297.0
deterministic,0.25,timely_tcn,20261001,baron,30,overall,3000,3241.0,544.0,291.0,949.0,405.0,1091.0
deterministic,0.25,timely_tcn,20261001,baron,30,europe,1500,1610.0,290.0,152.0,475.0,185.0,558.0
deterministic,0.25,timely_tcn,20261001,baron,30,americas,1500,1631.0,254.0,139.0,474.0,220.0,533.0
deterministic,0.25,timely_tcn,20261001,dragon,30,overall,3000,11329.0,347.0,266.0,553.0,206.0,3736.0
deterministic,0.25,timely_tcn,20261001,dragon,30,europe,1500,5578.0,159.0,122.0,262.0,103.0,1834.0
deterministic,0.25,timely_tcn,20261001,dragon,30,americas,1500,5751.0,188.0,144.0,291.0,103.0,1902.0
deterministic,0.25,timely_tcn,20261001,teamfight,30,overall,3000,19795.0,244.0,150.0,603.0,359.0,6648.0
deterministic,0.25,timely_tcn,20261001,teamfight,30,europe,1500,9978.0,121.0,78.0,297.0,176.0,3351.0
deterministic,0.25,timely_tcn,20261001,teamfight,30,americas,1500,9817.0,123.0,72.0,306.0,183.0,3297.0
deterministic,0.25,timely_tcn,20261002,baron,30,overall,3000,3241.0,541.0,291.0,996.0,455.0,1091.0
deterministic,0.25,timely_tcn,20261002,baron,30,europe,1500,1610.0,281.0,149.0,479.0,198.0,558.0
deterministic,0.25,timely_tcn,20261002,baron,30,americas,1500,1631.0,260.0,142.0,517.0,257.0,533.0
deterministic,0.25,timely_tcn,20261002,dragon,30,overall,3000,11329.0,494.0,382.0,863.0,369.0,3736.0
deterministic,0.25,timely_tcn,20261002,dragon,30,europe,1500,5578.0,233.0,181.0,411.0,178.0,1834.0
deterministic,0.25,timely_tcn,20261002,dragon,30,americas,1500,5751.0,261.0,201.0,452.0,191.0,1902.0
deterministic,0.25,timely_tcn,20261002,teamfight,30,overall,3000,19795.0,172.0,109.0,373.0,201.0,6648.0
deterministic,0.25,timely_tcn,20261002,teamfight,30,europe,1500,9978.0,93.0,62.0,202.0,109.0,3351.0
deterministic,0.25,timely_tcn,20261002,teamfight,30,americas,1500,9817.0,79.0,47.0,171.0,92.0,3297.0
deterministic,0.5,timely_tcn,20260930,baron,30,overall,3000,3241.0,774.0,442.0,1894.0,1120.0,1091.0
deterministic,0.5,timely_tcn,20260930,baron,30,europe,1500,1610.0,402.0,225.0,917.0,515.0,558.0
deterministic,0.5,timely_tcn,20260930,baron,30,americas,1500,1631.0,372.0,217.0,977.0,605.0,533.0
deterministic,0.5,timely_tcn,20260930,dragon,30,overall,3000,11329.0,1364.0,921.0,2264.0,900.0,3736.0
deterministic,0.5,timely_tcn,20260930,dragon,30,europe,1500,5578.0,656.0,437.0,1128.0,472.0,1834.0
deterministic,0.5,timely_tcn,20260930,dragon,30,americas,1500,5751.0,708.0,484.0,1136.0,428.0,1902.0
deterministic,0.5,timely_tcn,20260930,teamfight,30,overall,3000,19795.0,352.0,212.0,878.0,526.0,6648.0
deterministic,0.5,timely_tcn,20260930,teamfight,30,europe,1500,9978.0,171.0,103.0,435.0,264.0,3351.0
deterministic,0.5,timely_tcn,20260930,teamfight,30,americas,1500,9817.0,181.0,109.0,443.0,262.0,3297.0
deterministic,0.5,timely_tcn,20261001,baron,30,overall,3000,3241.0,744.0,424.0,1675.0,931.0,1091.0
deterministic,0.5,timely_tcn,20261001,baron,30,europe,1500,1610.0,393.0,224.0,822.0,429.0,558.0
deterministic,0.5,timely_tcn,20261001,baron,30,americas,1500,1631.0,351.0,200.0,853.0,502.0,533.0
deterministic,0.5,timely_tcn,20261001,dragon,30,overall,3000,11329.0,1001.0,674.0,1614.0,613.0,3736.0
deterministic,0.5,timely_tcn,20261001,dragon,30,europe,1500,5578.0,479.0,323.0,795.0,316.0,1834.0
deterministic,0.5,timely_tcn,20261001,dragon,30,americas,1500,5751.0,522.0,351.0,819.0,297.0,1902.0
deterministic,0.5,timely_tcn,20261001,teamfight,30,overall,3000,19795.0,578.0,341.0,1447.0,869.0,6648.0
deterministic,0.5,timely_tcn,20261001,teamfight,30,europe,1500,9978.0,277.0,173.0,695.0,418.0,3351.0
deterministic,0.5,timely_tcn,20261001,teamfight,30,americas,1500,9817.0,301.0,168.0,752.0,451.0,3297.0
deterministic,0.5,timely_tcn,20261002,baron,30,overall,3000,3241.0,813.0,475.0,1946.0,1133.0,1091.0
deterministic,0.5,timely_tcn,20261002,baron,30,europe,1500,1610.0,427.0,249.0,955.0,528.0,558.0
deterministic,0.5,timely_tcn,20261002,baron,30,americas,1500,1631.0,386.0,226.0,991.0,605.0,533.0
deterministic,0.5,timely_tcn,20261002,dragon,30,overall,3000,11329.0,1306.0,905.0,2244.0,938.0,3736.0
deterministic,0.5,timely_tcn,20261002,dragon,30,europe,1500,5578.0,625.0,436.0,1111.0,486.0,1834.0
deterministic,0.5,timely_tcn,20261002,dragon,30,americas,1500,5751.0,681.0,469.0,1133.0,452.0,1902.0
deterministic,0.5,timely_tcn,20261002,teamfight,30,overall,3000,19795.0,399.0,233.0,942.0,543.0,6648.0
deterministic,0.5,timely_tcn,20261002,teamfight,30,europe,1500,9978.0,189.0,116.0,454.0,265.0,3351.0
deterministic,0.5,timely_tcn,20261002,teamfight,30,americas,1500,9817.0,210.0,117.0,488.0,278.0,3297.0
deterministic,0.75,timely_tcn,20260930,baron,30,overall,3000,3241.0,985.0,596.0,2785.0,1800.0,1091.0
deterministic,0.75,timely_tcn,20260930,baron,30,europe,1500,1610.0,506.0,302.0,1347.0,841.0,558.0
deterministic,0.75,timely_tcn,20260930,baron,30,americas,1500,1631.0,479.0,294.0,1438.0,959.0,533.0
deterministic,0.75,timely_tcn,20260930,dragon,30,overall,3000,11329.0,1364.0,921.0,2264.0,900.0,3736.0
deterministic,0.75,timely_tcn,20260930,dragon,30,europe,1500,5578.0,656.0,437.0,1128.0,472.0,1834.0
deterministic,0.75,timely_tcn,20260930,dragon,30,americas,1500,5751.0,708.0,484.0,1136.0,428.0,1902.0
deterministic,0.75,timely_tcn,20260930,teamfight,30,overall,3000,19795.0,735.0,443.0,1927.0,1192.0,6648.0
deterministic,0.75,timely_tcn,20260930,teamfight,30,europe,1500,9978.0,343.0,213.0,935.0,592.0,3351.0
deterministic,0.75,timely_tcn,20260930,teamfight,30,americas,1500,9817.0,392.0,230.0,992.0,600.0,3297.0
deterministic,0.75,timely_tcn,20261001,baron,30,overall,3000,3241.0,925.0,557.0,2589.0,1664.0,1091.0
deterministic,0.75,timely_tcn,20261001,baron,30,europe,1500,1610.0,486.0,293.0,1274.0,788.0,558.0
deterministic,0.75,timely_tcn,20261001,baron,30,americas,1500,1631.0,439.0,264.0,1315.0,876.0,533.0
deterministic,0.75,timely_tcn,20261001,dragon,30,overall,3000,11329.0,2066.0,1260.0,3305.0,1239.0,3736.0
deterministic,0.75,timely_tcn,20261001,dragon,30,europe,1500,5578.0,988.0,608.0,1620.0,632.0,1834.0
deterministic,0.75,timely_tcn,20261001,dragon,30,americas,1500,5751.0,1078.0,652.0,1685.0,607.0,1902.0
deterministic,0.75,timely_tcn,20261001,teamfight,30,overall,3000,19795.0,578.0,341.0,1447.0,869.0,6648.0
deterministic,0.75,timely_tcn,20261001,teamfight,30,europe,1500,9978.0,277.0,173.0,695.0,418.0,3351.0
deterministic,0.75,timely_tcn,20261001,teamfight,30,americas,1500,9817.0,301.0,168.0,752.0,451.0,3297.0
deterministic,0.75,timely_tcn,20261002,baron,30,overall,3000,3241.0,961.0,574.0,2660.0,1699.0,1091.0
deterministic,0.75,timely_tcn,20261002,baron,30,europe,1500,1610.0,494.0,297.0,1299.0,805.0,558.0
deterministic,0.75,timely_tcn,20261002,baron,30,americas,1500,1631.0,467.0,277.0,1361.0,894.0,533.0
deterministic,0.75,timely_tcn,20261002,dragon,30,overall,3000,11329.0,1306.0,905.0,2244.0,938.0,3736.0
deterministic,0.75,timely_tcn,20261002,dragon,30,europe,1500,5578.0,625.0,436.0,1111.0,486.0,1834.0
deterministic,0.75,timely_tcn,20261002,dragon,30,americas,1500,5751.0,681.0,469.0,1133.0,452.0,1902.0
deterministic,0.75,timely_tcn,20261002,teamfight,30,overall,3000,19795.0,728.0,440.0,1888.0,1160.0,6648.0
deterministic,0.75,timely_tcn,20261002,teamfight,30,europe,1500,9978.0,343.0,222.0,914.0,571.0,3351.0
deterministic,0.75,timely_tcn,20261002,teamfight,30,americas,1500,9817.0,385.0,218.0,974.0,589.0,3297.0
deterministic,1.0,timely_tcn,20260930,baron,30,overall,3000,3241.0,1071.0,658.0,3407.0,2336.0,1091.0
deterministic,1.0,timely_tcn,20260930,baron,30,europe,1500,1610.0,546.0,333.0,1635.0,1089.0,558.0
deterministic,1.0,timely_tcn,20260930,baron,30,americas,1500,1631.0,525.0,325.0,1772.0,1247.0,533.0
deterministic,1.0,timely_tcn,20260930,dragon,30,overall,3000,11329.0,2298.0,1458.0,3875.0,1577.0,3736.0
deterministic,1.0,timely_tcn,20260930,dragon,30,europe,1500,5578.0,1100.0,699.0,1903.0,803.0,1834.0
deterministic,1.0,timely_tcn,20260930,dragon,30,americas,1500,5751.0,1198.0,759.0,1972.0,774.0,1902.0
deterministic,1.0,timely_tcn,20260930,teamfight,30,overall,3000,19795.0,1195.0,721.0,3388.0,2193.0,6648.0
deterministic,1.0,timely_tcn,20260930,teamfight,30,europe,1500,9978.0,578.0,361.0,1681.0,1103.0,3351.0
deterministic,1.0,timely_tcn,20260930,teamfight,30,americas,1500,9817.0,617.0,360.0,1707.0,1090.0,3297.0
deterministic,1.0,timely_tcn,20261001,baron,30,overall,3000,3241.0,1112.0,687.0,3692.0,2580.0,1091.0
deterministic,1.0,timely_tcn,20261001,baron,30,europe,1500,1610.0,572.0,350.0,1794.0,1222.0,558.0
deterministic,1.0,timely_tcn,20261001,baron,30,americas,1500,1631.0,540.0,337.0,1898.0,1358.0,533.0
deterministic,1.0,timely_tcn,20261001,dragon,30,overall,3000,11329.0,2066.0,1260.0,3305.0,1239.0,3736.0
deterministic,1.0,timely_tcn,20261001,dragon,30,europe,1500,5578.0,988.0,608.0,1620.0,632.0,1834.0
deterministic,1.0,timely_tcn,20261001,dragon,30,americas,1500,5751.0,1078.0,652.0,1685.0,607.0,1902.0
deterministic,1.0,timely_tcn,20261001,teamfight,30,overall,3000,19795.0,1041.0,616.0,2888.0,1847.0,6648.0
deterministic,1.0,timely_tcn,20261001,teamfight,30,europe,1500,9978.0,500.0,304.0,1415.0,915.0,3351.0
deterministic,1.0,timely_tcn,20261001,teamfight,30,americas,1500,9817.0,541.0,312.0,1473.0,932.0,3297.0
deterministic,1.0,timely_tcn,20261002,baron,30,overall,3000,3241.0,1089.0,667.0,3432.0,2343.0,1091.0
deterministic,1.0,timely_tcn,20261002,baron,30,europe,1500,1610.0,558.0,340.0,1664.0,1106.0,558.0
deterministic,1.0,timely_tcn,20261002,baron,30,americas,1500,1631.0,531.0,327.0,1768.0,1237.0,533.0
deterministic,1.0,timely_tcn,20261002,dragon,30,overall,3000,11329.0,2483.0,1581.0,4254.0,1771.0,3736.0
deterministic,1.0,timely_tcn,20261002,dragon,30,europe,1500,5578.0,1196.0,771.0,2094.0,898.0,1834.0
deterministic,1.0,timely_tcn,20261002,dragon,30,americas,1500,5751.0,1287.0,810.0,2160.0,873.0,1902.0
deterministic,1.0,timely_tcn,20261002,teamfight,30,overall,3000,19795.0,1204.0,719.0,3420.0,2216.0,6648.0
deterministic,1.0,timely_tcn,20261002,teamfight,30,europe,1500,9978.0,569.0,347.0,1696.0,1127.0,3351.0
deterministic,1.0,timely_tcn,20261002,teamfight,30,americas,1500,9817.0,635.0,372.0,1724.0,1089.0,3297.0
deterministic,0.25,timely_tcn,20260930,baron,60,overall,3000,3241.0,369.0,189.0,783.0,414.0,2152.0
deterministic,0.25,timely_tcn,20260930,baron,60,europe,1500,1610.0,193.0,103.0,386.0,193.0,1048.0
deterministic,0.25,timely_tcn,20260930,baron,60,americas,1500,1631.0,176.0,86.0,397.0,221.0,1104.0
deterministic,0.25,timely_tcn,20260930,dragon,60,overall,3000,11329.0,721.0,674.0,980.0,259.0,7555.0
deterministic,0.25,timely_tcn,20260930,dragon,60,europe,1500,5578.0,347.0,329.0,457.0,110.0,3749.0
deterministic,0.25,timely_tcn,20260930,dragon,60,americas,1500,5751.0,374.0,345.0,523.0,149.0,3806.0
deterministic,0.25,timely_tcn,20260930,teamfight,60,overall,3000,19795.0,342.0,284.0,667.0,325.0,13137.0
deterministic,0.25,timely_tcn,20260930,teamfight,60,europe,1500,9978.0,166.0,140.0,321.0,155.0,6630.0
deterministic,0.25,timely_tcn,20260930,teamfight,60,americas,1500,9817.0,176.0,144.0,346.0,170.0,6507.0
deterministic,0.25,timely_tcn,20261001,baron,60,overall,3000,3241.0,329.0,163.0,683.0,354.0,2152.0
deterministic,0.25,timely_tcn,20261001,baron,60,europe,1500,1610.0,171.0,90.0,335.0,164.0,1048.0
deterministic,0.25,timely_tcn,20261001,baron,60,americas,1500,1631.0,158.0,73.0,348.0,190.0,1104.0
deterministic,0.25,timely_tcn,20261001,dragon,60,overall,3000,11329.0,1373.0,1227.0,1880.0,507.0,7555.0
deterministic,0.25,timely_tcn,20261001,dragon,60,europe,1500,5578.0,667.0,597.0,898.0,231.0,3749.0
deterministic,0.25,timely_tcn,20261001,dragon,60,americas,1500,5751.0,706.0,630.0,982.0,276.0,3806.0
deterministic,0.25,timely_tcn,20261001,teamfight,60,overall,3000,19795.0,255.0,211.0,482.0,227.0,13137.0
deterministic,0.25,timely_tcn,20261001,teamfight,60,europe,1500,9978.0,117.0,99.0,222.0,105.0,6630.0
deterministic,0.25,timely_tcn,20261001,teamfight,60,americas,1500,9817.0,138.0,112.0,260.0,122.0,6507.0
deterministic,0.25,timely_tcn,20261002,baron,60,overall,3000,3241.0,219.0,112.0,491.0,272.0,2152.0
deterministic,0.25,timely_tcn,20261002,baron,60,europe,1500,1610.0,114.0,62.0,243.0,129.0,1048.0
deterministic,0.25,timely_tcn,20261002,baron,60,americas,1500,1631.0,105.0,50.0,248.0,143.0,1104.0
deterministic,0.25,timely_tcn,20261002,dragon,60,overall,3000,11329.0,579.0,547.0,785.0,206.0,7555.0
deterministic,0.25,timely_tcn,20261002,dragon,60,europe,1500,5578.0,276.0,262.0,361.0,85.0,3749.0
deterministic,0.25,timely_tcn,20261002,dragon,60,americas,1500,5751.0,303.0,285.0,424.0,121.0,3806.0
deterministic,0.25,timely_tcn,20261002,teamfight,60,overall,3000,19795.0,272.0,219.0,521.0,249.0,13137.0
deterministic,0.25,timely_tcn,20261002,teamfight,60,europe,1500,9978.0,131.0,108.0,248.0,117.0,6630.0
deterministic,0.25,timely_tcn,20261002,teamfight,60,americas,1500,9817.0,141.0,111.0,273.0,132.0,6507.0
deterministic,0.5,timely_tcn,20260930,baron,60,overall,3000,3241.0,762.0,413.0,1707.0,945.0,2152.0
deterministic,0.5,timely_tcn,20260930,baron,60,europe,1500,1610.0,387.0,214.0,838.0,451.0,1048.0
deterministic,0.5,timely_tcn,20260930,baron,60,americas,1500,1631.0,375.0,199.0,869.0,494.0,1104.0
deterministic,0.5,timely_tcn,20260930,dragon,60,overall,3000,11329.0,1740.0,1573.0,2450.0,710.0,7555.0
deterministic,0.5,timely_tcn,20260930,dragon,60,europe,1500,5578.0,863.0,777.0,1215.0,352.0,3749.0
deterministic,0.5,timely_tcn,20260930,dragon,60,americas,1500,5751.0,877.0,796.0,1235.0,358.0,3806.0
deterministic,0.5,timely_tcn,20260930,teamfight,60,overall,3000,19795.0,858.0,690.0,1846.0,988.0,13137.0
deterministic,0.5,timely_tcn,20260930,teamfight,60,europe,1500,9978.0,422.0,340.0,879.0,457.0,6630.0
deterministic,0.5,timely_tcn,20260930,teamfight,60,americas,1500,9817.0,436.0,350.0,967.0,531.0,6507.0
deterministic,0.5,timely_tcn,20261001,baron,60,overall,3000,3241.0,698.0,370.0,1500.0,802.0,2152.0
deterministic,0.5,timely_tcn,20261001,baron,60,europe,1500,1610.0,353.0,194.0,727.0,374.0,1048.0
deterministic,0.5,timely_tcn,20261001,baron,60,americas,1500,1631.0,345.0,176.0,773.0,428.0,1104.0
deterministic,0.5,timely_tcn,20261001,dragon,60,overall,3000,11329.0,2424.0,2079.0,3414.0,990.0,7555.0
deterministic,0.5,timely_tcn,20261001,dragon,60,europe,1500,5578.0,1189.0,1017.0,1683.0,494.0,3749.0
deterministic,0.5,timely_tcn,20261001,dragon,60,americas,1500,5751.0,1235.0,1062.0,1731.0,496.0,3806.0
deterministic,0.5,timely_tcn,20261001,teamfight,60,overall,3000,19795.0,714.0,556.0,1480.0,766.0,13137.0
deterministic,0.5,timely_tcn,20261001,teamfight,60,europe,1500,9978.0,358.0,282.0,706.0,348.0,6630.0
deterministic,0.5,timely_tcn,20261001,teamfight,60,americas,1500,9817.0,356.0,274.0,774.0,418.0,6507.0
deterministic,0.5,timely_tcn,20261002,baron,60,overall,3000,3241.0,628.0,358.0,1470.0,842.0,2152.0
deterministic,0.5,timely_tcn,20261002,baron,60,europe,1500,1610.0,324.0,194.0,733.0,409.0,1048.0
deterministic,0.5,timely_tcn,20261002,baron,60,americas,1500,1631.0,304.0,164.0,737.0,433.0,1104.0
deterministic,0.5,timely_tcn,20261002,dragon,60,overall,3000,11329.0,2464.0,2201.0,3615.0,1151.0,7555.0
deterministic,0.5,timely_tcn,20261002,dragon,60,europe,1500,5578.0,1213.0,1074.0,1794.0,581.0,3749.0
deterministic,0.5,timely_tcn,20261002,dragon,60,americas,1500,5751.0,1251.0,1127.0,1821.0,570.0,3806.0
deterministic,0.5,timely_tcn,20261002,teamfight,60,overall,3000,19795.0,778.0,626.0,1639.0,861.0,13137.0
deterministic,0.5,timely_tcn,20261002,teamfight,60,europe,1500,9978.0,385.0,312.0,787.0,402.0,6630.0
deterministic,0.5,timely_tcn,20261002,teamfight,60,americas,1500,9817.0,393.0,314.0,852.0,459.0,6507.0
deterministic,0.75,timely_tcn,20260930,baron,60,overall,3000,3241.0,1172.0,626.0,2718.0,1546.0,2152.0
deterministic,0.75,timely_tcn,20260930,baron,60,europe,1500,1610.0,589.0,318.0,1311.0,722.0,1048.0
deterministic,0.75,timely_tcn,20260930,baron,60,americas,1500,1631.0,583.0,308.0,1407.0,824.0,1104.0
deterministic,0.75,timely_tcn,20260930,dragon,60,overall,3000,11329.0,2672.0,2339.0,3933.0,1261.0,7555.0
deterministic,0.75,timely_tcn,20260930,dragon,60,europe,1500,5578.0,1296.0,1131.0,1928.0,632.0,3749.0
deterministic,0.75,timely_tcn,20260930,dragon,60,americas,1500,5751.0,1376.0,1208.0,2005.0,629.0,3806.0
deterministic,0.75,timely_tcn,20260930,teamfight,60,overall,3000,19795.0,858.0,690.0,1846.0,988.0,13137.0
deterministic,0.75,timely_tcn,20260930,teamfight,60,europe,1500,9978.0,422.0,340.0,879.0,457.0,6630.0
deterministic,0.75,timely_tcn,20260930,teamfight,60,americas,1500,9817.0,436.0,350.0,967.0,531.0,6507.0
deterministic,0.75,timely_tcn,20261001,baron,60,overall,3000,3241.0,1092.0,578.0,2465.0,1373.0,2152.0
deterministic,0.75,timely_tcn,20261001,baron,60,europe,1500,1610.0,560.0,291.0,1200.0,640.0,1048.0
deterministic,0.75,timely_tcn,20261001,baron,60,americas,1500,1631.0,532.0,287.0,1265.0,733.0,1104.0
deterministic,0.75,timely_tcn,20261001,dragon,60,overall,3000,11329.0,3340.0,2753.0,4811.0,1471.0,7555.0
deterministic,0.75,timely_tcn,20261001,dragon,60,europe,1500,5578.0,1644.0,1360.0,2372.0,728.0,3749.0
deterministic,0.75,timely_tcn,20261001,dragon,60,americas,1500,5751.0,1696.0,1393.0,2439.0,743.0,3806.0
deterministic,0.75,timely_tcn,20261001,teamfight,60,overall,3000,19795.0,714.0,556.0,1480.0,766.0,13137.0
deterministic,0.75,timely_tcn,20261001,teamfight,60,europe,1500,9978.0,358.0,282.0,706.0,348.0,6630.0
deterministic,0.75,timely_tcn,20261001,teamfight,60,americas,1500,9817.0,356.0,274.0,774.0,418.0,6507.0
deterministic,0.75,timely_tcn,20261002,baron,60,overall,3000,3241.0,1126.0,639.0,2742.0,1616.0,2152.0
deterministic,0.75,timely_tcn,20261002,baron,60,europe,1500,1610.0,570.0,323.0,1344.0,774.0,1048.0
deterministic,0.75,timely_tcn,20261002,baron,60,americas,1500,1631.0,556.0,316.0,1398.0,842.0,1104.0
deterministic,0.75,timely_tcn,20261002,dragon,60,overall,3000,11329.0,3305.0,2823.0,4914.0,1609.0,7555.0
deterministic,0.75,timely_tcn,20261002,dragon,60,europe,1500,5578.0,1611.0,1377.0,2420.0,809.0,3749.0
deterministic,0.75,timely_tcn,20261002,dragon,60,americas,1500,5751.0,1694.0,1446.0,2494.0,800.0,3806.0
deterministic,0.75,timely_tcn,20261002,teamfight,60,overall,3000,19795.0,778.0,626.0,1639.0,861.0,13137.0
deterministic,0.75,timely_tcn,20261002,teamfight,60,europe,1500,9978.0,385.0,312.0,787.0,402.0,6630.0
deterministic,0.75,timely_tcn,20261002,teamfight,60,americas,1500,9817.0,393.0,314.0,852.0,459.0,6507.0
deterministic,1.0,timely_tcn,20260930,baron,60,overall,3000,3241.0,1561.0,845.0,3764.0,2203.0,2152.0
deterministic,1.0,timely_tcn,20260930,baron,60,europe,1500,1610.0,774.0,415.0,1789.0,1015.0,1048.0
deterministic,1.0,timely_tcn,20260930,baron,60,americas,1500,1631.0,787.0,430.0,1975.0,1188.0,1104.0
deterministic,1.0,timely_tcn,20260930,dragon,60,overall,3000,11329.0,3493.0,2938.0,5225.0,1732.0,7555.0
deterministic,1.0,timely_tcn,20260930,dragon,60,europe,1500,5578.0,1712.0,1440.0,2582.0,870.0,3749.0
deterministic,1.0,timely_tcn,20260930,dragon,60,americas,1500,5751.0,1781.0,1498.0,2643.0,862.0,3806.0
deterministic,1.0,timely_tcn,20260930,teamfight,60,overall,3000,19795.0,1718.0,1332.0,3881.0,2163.0,13137.0
deterministic,1.0,timely_tcn,20260930,teamfight,60,europe,1500,9978.0,851.0,654.0,1880.0,1029.0,6630.0
deterministic,1.0,timely_tcn,20260930,teamfight,60,americas,1500,9817.0,867.0,678.0,2001.0,1134.0,6507.0
deterministic,1.0,timely_tcn,20261001,baron,60,overall,3000,3241.0,1471.0,807.0,3509.0,2038.0,2152.0
deterministic,1.0,timely_tcn,20261001,baron,60,europe,1500,1610.0,745.0,407.0,1709.0,964.0,1048.0
deterministic,1.0,timely_tcn,20261001,baron,60,americas,1500,1631.0,726.0,400.0,1800.0,1074.0,1104.0
deterministic,1.0,timely_tcn,20261001,dragon,60,overall,3000,11329.0,4239.0,3335.0,6165.0,1926.0,7555.0
deterministic,1.0,timely_tcn,20261001,dragon,60,europe,1500,5578.0,2082.0,1642.0,3057.0,975.0,3749.0
deterministic,1.0,timely_tcn,20261001,dragon,60,americas,1500,5751.0,2157.0,1693.0,3108.0,951.0,3806.0
deterministic,1.0,timely_tcn,20261001,teamfight,60,overall,3000,19795.0,1599.0,1235.0,3518.0,1919.0,13137.0
deterministic,1.0,timely_tcn,20261001,teamfight,60,europe,1500,9978.0,804.0,619.0,1690.0,886.0,6630.0
deterministic,1.0,timely_tcn,20261001,teamfight,60,americas,1500,9817.0,795.0,616.0,1828.0,1033.0,6507.0
deterministic,1.0,timely_tcn,20261002,baron,60,overall,3000,3241.0,1126.0,639.0,2742.0,1616.0,2152.0
deterministic,1.0,timely_tcn,20261002,baron,60,europe,1500,1610.0,570.0,323.0,1344.0,774.0,1048.0
deterministic,1.0,timely_tcn,20261002,baron,60,americas,1500,1631.0,556.0,316.0,1398.0,842.0,1104.0
deterministic,1.0,timely_tcn,20261002,dragon,60,overall,3000,11329.0,4162.0,3360.0,6249.0,2087.0,7555.0
deterministic,1.0,timely_tcn,20261002,dragon,60,europe,1500,5578.0,2034.0,1641.0,3083.0,1049.0,3749.0
deterministic,1.0,timely_tcn,20261002,dragon,60,americas,1500,5751.0,2128.0,1719.0,3166.0,1038.0,3806.0
deterministic,1.0,timely_tcn,20261002,teamfight,60,overall,3000,19795.0,1667.0,1291.0,3662.0,1995.0,13137.0
deterministic,1.0,timely_tcn,20261002,teamfight,60,europe,1500,9978.0,852.0,650.0,1805.0,953.0,6630.0
deterministic,1.0,timely_tcn,20261002,teamfight,60,americas,1500,9817.0,815.0,641.0,1857.0,1042.0,6507.0
regional_deterministic,0.25,leagueews,20260930,baron,30,overall,3000,3241.0,545.0,294.0,921.0,376.0,1091.0
regional_deterministic,0.25,leagueews,20260930,baron,30,europe,1500,1610.0,287.0,149.0,460.0,173.0,558.0
regional_deterministic,0.25,leagueews,20260930,baron,30,americas,1500,1631.0,258.0,145.0,461.0,203.0,533.0
regional_deterministic,0.25,leagueews,20260930,dragon,30,overall,3000,11329.0,547.0,262.0,697.0,150.0,3736.0
regional_deterministic,0.25,leagueews,20260930,dragon,30,europe,1500,5578.0,271.0,135.0,351.0,80.0,1834.0
regional_deterministic,0.25,leagueews,20260930,dragon,30,americas,1500,5751.0,276.0,127.0,346.0,70.0,1902.0
regional_deterministic,0.25,leagueews,20260930,teamfight,30,overall,3000,19795.0,400.0,176.0,772.0,372.0,6648.0
regional_deterministic,0.25,leagueews,20260930,teamfight,30,europe,1500,9978.0,180.0,85.0,359.0,179.0,3351.0
regional_deterministic,0.25,leagueews,20260930,teamfight,30,americas,1500,9817.0,220.0,91.0,413.0,193.0,3297.0
regional_deterministic,0.25,leagueews,20261001,baron,30,overall,3000,3241.0,561.0,304.0,939.0,378.0,1091.0
regional_deterministic,0.25,leagueews,20261001,baron,30,europe,1500,1610.0,317.0,165.0,516.0,199.0,558.0
regional_deterministic,0.25,leagueews,20261001,baron,30,americas,1500,1631.0,244.0,139.0,423.0,179.0,533.0
regional_deterministic,0.25,leagueews,20261001,dragon,30,overall,3000,11329.0,738.0,366.0,950.0,212.0,3736.0
regional_deterministic,0.25,leagueews,20261001,dragon,30,europe,1500,5578.0,353.0,179.0,468.0,115.0,1834.0
regional_deterministic,0.25,leagueews,20261001,dragon,30,americas,1500,5751.0,385.0,187.0,482.0,97.0,1902.0
regional_deterministic,0.25,leagueews,20261001,teamfight,30,overall,3000,19795.0,304.0,117.0,576.0,272.0,6648.0
regional_deterministic,0.25,leagueews,20261001,teamfight,30,europe,1500,9978.0,142.0,56.0,283.0,141.0,3351.0
regional_deterministic,0.25,leagueews,20261001,teamfight,30,americas,1500,9817.0,162.0,61.0,293.0,131.0,3297.0
regional_deterministic,0.25,leagueews,20261002,baron,30,overall,3000,3241.0,532.0,286.0,929.0,397.0,1091.0
regional_deterministic,0.25,leagueews,20261002,baron,30,europe,1500,1610.0,290.0,154.0,473.0,183.0,558.0
regional_deterministic,0.25,leagueews,20261002,baron,30,americas,1500,1631.0,242.0,132.0,456.0,214.0,533.0
regional_deterministic,0.25,leagueews,20261002,dragon,30,overall,3000,11329.0,586.0,286.0,761.0,175.0,3736.0
regional_deterministic,0.25,leagueews,20261002,dragon,30,europe,1500,5578.0,295.0,146.0,385.0,90.0,1834.0
regional_deterministic,0.25,leagueews,20261002,dragon,30,americas,1500,5751.0,291.0,140.0,376.0,85.0,1902.0
regional_deterministic,0.25,leagueews,20261002,teamfight,30,overall,3000,19795.0,361.0,163.0,684.0,323.0,6648.0
regional_deterministic,0.25,leagueews,20261002,teamfight,30,europe,1500,9978.0,171.0,81.0,331.0,160.0,3351.0
regional_deterministic,0.25,leagueews,20261002,teamfight,30,americas,1500,9817.0,190.0,82.0,353.0,163.0,3297.0
regional_deterministic,0.5,leagueews,20260930,baron,30,overall,3000,3241.0,813.0,476.0,1882.0,1069.0,1091.0
regional_deterministic,0.5,leagueews,20260930,baron,30,europe,1500,1610.0,419.0,239.0,923.0,504.0,558.0
regional_deterministic,0.5,leagueews,20260930,baron,30,americas,1500,1631.0,394.0,237.0,959.0,565.0,533.0
regional_deterministic,0.5,leagueews,20260930,dragon,30,overall,3000,11329.0,1362.0,702.0,1900.0,538.0,3736.0
regional_deterministic,0.5,leagueews,20260930,dragon,30,europe,1500,5578.0,520.0,262.0,700.0,180.0,1834.0
regional_deterministic,0.5,leagueews,20260930,dragon,30,americas,1500,5751.0,842.0,440.0,1200.0,358.0,1902.0
regional_deterministic,0.5,leagueews,20260930,teamfight,30,overall,3000,19795.0,633.0,289.0,1286.0,653.0,6648.0
regional_deterministic,0.5,leagueews,20260930,teamfight,30,europe,1500,9978.0,286.0,133.0,618.0,332.0,3351.0
regional_deterministic,0.5,leagueews,20260930,teamfight,30,americas,1500,9817.0,347.0,156.0,668.0,321.0,3297.0
regional_deterministic,0.5,leagueews,20261001,baron,30,overall,3000,3241.0,826.0,480.0,1876.0,1050.0,1091.0
regional_deterministic,0.5,leagueews,20261001,baron,30,europe,1500,1610.0,423.0,239.0,909.0,486.0,558.0
regional_deterministic,0.5,leagueews,20261001,baron,30,americas,1500,1631.0,403.0,241.0,967.0,564.0,533.0
regional_deterministic,0.5,leagueews,20261001,dragon,30,overall,3000,11329.0,1298.0,667.0,1791.0,493.0,3736.0
regional_deterministic,0.5,leagueews,20261001,dragon,30,europe,1500,5578.0,620.0,321.0,866.0,246.0,1834.0
regional_deterministic,0.5,leagueews,20261001,dragon,30,americas,1500,5751.0,678.0,346.0,925.0,247.0,1902.0
regional_deterministic,0.5,leagueews,20261001,teamfight,30,overall,3000,19795.0,696.0,322.0,1461.0,765.0,6648.0
regional_deterministic,0.5,leagueews,20261001,teamfight,30,europe,1500,9978.0,252.0,119.0,534.0,282.0,3351.0
regional_deterministic,0.5,leagueews,20261001,teamfight,30,americas,1500,9817.0,444.0,203.0,927.0,483.0,3297.0
regional_deterministic,0.5,leagueews,20261002,baron,30,overall,3000,3241.0,828.0,475.0,1976.0,1148.0,1091.0
regional_deterministic,0.5,leagueews,20261002,baron,30,europe,1500,1610.0,425.0,244.0,950.0,525.0,558.0
regional_deterministic,0.5,leagueews,20261002,baron,30,americas,1500,1631.0,403.0,231.0,1026.0,623.0,533.0
regional_deterministic,0.5,leagueews,20261002,dragon,30,overall,3000,11329.0,1212.0,626.0,1659.0,447.0,3736.0
regional_deterministic,0.5,leagueews,20261002,dragon,30,europe,1500,5578.0,578.0,298.0,797.0,219.0,1834.0
regional_deterministic,0.5,leagueews,20261002,dragon,30,americas,1500,5751.0,634.0,328.0,862.0,228.0,1902.0
regional_deterministic,0.5,leagueews,20261002,teamfight,30,overall,3000,19795.0,728.0,354.0,1509.0,781.0,6648.0
regional_deterministic,0.5,leagueews,20261002,teamfight,30,europe,1500,9978.0,285.0,142.0,585.0,300.0,3351.0
regional_deterministic,0.5,leagueews,20261002,teamfight,30,americas,1500,9817.0,443.0,212.0,924.0,481.0,3297.0
regional_deterministic,0.75,leagueews,20260930,baron,30,overall,3000,3241.0,997.0,604.0,2803.0,1806.0,1091.0
regional_deterministic,0.75,leagueews,20260930,baron,30,europe,1500,1610.0,516.0,308.0,1355.0,839.0,558.0
regional_deterministic,0.75,leagueews,20260930,baron,30,americas,1500,1631.0,481.0,296.0,1448.0,967.0,533.0
regional_deterministic,0.75,leagueews,20260930,dragon,30,overall,3000,11329.0,2272.0,1246.0,3470.0,1198.0,3736.0
regional_deterministic,0.75,leagueews,20260930,dragon,30,europe,1500,5578.0,1116.0,607.0,1725.0,609.0,1834.0
regional_deterministic,0.75,leagueews,20260930,dragon,30,americas,1500,5751.0,1156.0,639.0,1745.0,589.0,1902.0
regional_deterministic,0.75,leagueews,20260930,teamfight,30,overall,3000,19795.0,953.0,469.0,2083.0,1130.0,6648.0
regional_deterministic,0.75,leagueews,20260930,teamfight,30,europe,1500,9978.0,456.0,232.0,1047.0,591.0,3351.0
regional_deterministic,0.75,leagueews,20260930,teamfight,30,americas,1500,9817.0,497.0,237.0,1036.0,539.0,3297.0
regional_deterministic,0.75,leagueews,20261001,baron,30,overall,3000,3241.0,986.0,595.0,2669.0,1683.0,1091.0
regional_deterministic,0.75,leagueews,20261001,baron,30,europe,1500,1610.0,516.0,310.0,1361.0,845.0,558.0
regional_deterministic,0.75,leagueews,20261001,baron,30,americas,1500,1631.0,470.0,285.0,1308.0,838.0,533.0
regional_deterministic,0.75,leagueews,20261001,dragon,30,overall,3000,11329.0,1861.0,1019.0,2744.0,883.0,3736.0
regional_deterministic,0.75,leagueews,20261001,dragon,30,europe,1500,5578.0,909.0,501.0,1360.0,451.0,1834.0
regional_deterministic,0.75,leagueews,20261001,dragon,30,americas,1500,5751.0,952.0,518.0,1384.0,432.0,1902.0
regional_deterministic,0.75,leagueews,20261001,teamfight,30,overall,3000,19795.0,853.0,403.0,1860.0,1007.0,6648.0
regional_deterministic,0.75,leagueews,20261001,teamfight,30,europe,1500,9978.0,409.0,200.0,933.0,524.0,3351.0
regional_deterministic,0.75,leagueews,20261001,teamfight,30,americas,1500,9817.0,444.0,203.0,927.0,483.0,3297.0
regional_deterministic,0.75,leagueews,20261002,baron,30,overall,3000,3241.0,970.0,575.0,2694.0,1724.0,1091.0
regional_deterministic,0.75,leagueews,20261002,baron,30,europe,1500,1610.0,499.0,292.0,1291.0,792.0,558.0
regional_deterministic,0.75,leagueews,20261002,baron,30,americas,1500,1631.0,471.0,283.0,1403.0,932.0,533.0
regional_deterministic,0.75,leagueews,20261002,dragon,30,overall,3000,11329.0,1893.0,1033.0,2762.0,869.0,3736.0
regional_deterministic,0.75,leagueews,20261002,dragon,30,europe,1500,5578.0,926.0,511.0,1363.0,437.0,1834.0
regional_deterministic,0.75,leagueews,20261002,dragon,30,americas,1500,5751.0,967.0,522.0,1399.0,432.0,1902.0
regional_deterministic,0.75,leagueews,20261002,teamfight,30,overall,3000,19795.0,1003.0,500.0,2303.0,1300.0,6648.0
regional_deterministic,0.75,leagueews,20261002,teamfight,30,europe,1500,9978.0,405.0,203.0,922.0,517.0,3351.0
regional_deterministic,0.75,leagueews,20261002,teamfight,30,americas,1500,9817.0,598.0,297.0,1381.0,783.0,3297.0
regional_deterministic,1.0,leagueews,20260930,baron,30,overall,3000,3241.0,1125.0,699.0,3696.0,2571.0,1091.0
regional_deterministic,1.0,leagueews,20260930,baron,30,europe,1500,1610.0,586.0,363.0,1877.0,1291.0,558.0
regional_deterministic,1.0,leagueews,20260930,baron,30,americas,1500,1631.0,539.0,336.0,1819.0,1280.0,533.0
regional_deterministic,1.0,leagueews,20260930,dragon,30,overall,3000,11329.0,2805.0,1590.0,4513.0,1708.0,3736.0
regional_deterministic,1.0,leagueews,20260930,dragon,30,europe,1500,5578.0,1372.0,778.0,2251.0,879.0,1834.0
regional_deterministic,1.0,leagueews,20260930,dragon,30,americas,1500,5751.0,1433.0,812.0,2262.0,829.0,1902.0
regional_deterministic,1.0,leagueews,20260930,teamfight,30,overall,3000,19795.0,1292.0,648.0,3038.0,1746.0,6648.0
regional_deterministic,1.0,leagueews,20260930,teamfight,30,europe,1500,9978.0,629.0,328.0,1507.0,878.0,3351.0
regional_deterministic,1.0,leagueews,20260930,teamfight,30,americas,1500,9817.0,663.0,320.0,1531.0,868.0,3297.0
regional_deterministic,1.0,leagueews,20261001,baron,30,overall,3000,3241.0,1114.0,690.0,3611.0,2497.0,1091.0
regional_deterministic,1.0,leagueews,20261001,baron,30,europe,1500,1610.0,568.0,349.0,1753.0,1185.0,558.0
regional_deterministic,1.0,leagueews,20261001,baron,30,americas,1500,1631.0,546.0,341.0,1858.0,1312.0,533.0
regional_deterministic,1.0,leagueews,20261001,dragon,30,overall,3000,11329.0,2484.0,1400.0,3839.0,1355.0,3736.0
regional_deterministic,1.0,leagueews,20261001,dragon,30,europe,1500,5578.0,1215.0,675.0,1918.0,703.0,1834.0
regional_deterministic,1.0,leagueews,20261001,dragon,30,americas,1500,5751.0,1269.0,725.0,1921.0,652.0,1902.0
regional_deterministic,1.0,leagueews,20261001,teamfight,30,overall,3000,19795.0,1207.0,588.0,2851.0,1644.0,6648.0
regional_deterministic,1.0,leagueews,20261001,teamfight,30,europe,1500,9978.0,594.0,302.0,1425.0,831.0,3351.0
regional_deterministic,1.0,leagueews,20261001,teamfight,30,americas,1500,9817.0,613.0,286.0,1426.0,813.0,3297.0
regional_deterministic,1.0,leagueews,20261002,baron,30,overall,3000,3241.0,1114.0,683.0,3657.0,2543.0,1091.0
regional_deterministic,1.0,leagueews,20261002,baron,30,europe,1500,1610.0,583.0,354.0,1864.0,1281.0,558.0
regional_deterministic,1.0,leagueews,20261002,baron,30,americas,1500,1631.0,531.0,329.0,1793.0,1262.0,533.0
regional_deterministic,1.0,leagueews,20261002,dragon,30,overall,3000,11329.0,2619.0,1488.0,4124.0,1505.0,3736.0
regional_deterministic,1.0,leagueews,20261002,dragon,30,europe,1500,5578.0,1288.0,731.0,2062.0,774.0,1834.0
regional_deterministic,1.0,leagueews,20261002,dragon,30,americas,1500,5751.0,1331.0,757.0,2062.0,731.0,1902.0
regional_deterministic,1.0,leagueews,20261002,teamfight,30,overall,3000,19795.0,1176.0,594.0,2761.0,1585.0,6648.0
regional_deterministic,1.0,leagueews,20261002,teamfight,30,europe,1500,9978.0,578.0,297.0,1380.0,802.0,3351.0
regional_deterministic,1.0,leagueews,20261002,teamfight,30,americas,1500,9817.0,598.0,297.0,1381.0,783.0,3297.0
regional_deterministic,0.25,leagueews,20260930,baron,60,overall,3000,3241.0,614.0,173.0,870.0,256.0,2152.0
regional_deterministic,0.25,leagueews,20260930,baron,60,europe,1500,1610.0,323.0,85.0,441.0,118.0,1048.0
regional_deterministic,0.25,leagueews,20260930,baron,60,americas,1500,1631.0,291.0,88.0,429.0,138.0,1104.0
regional_deterministic,0.25,leagueews,20260930,dragon,60,overall,3000,11329.0,518.0,133.0,559.0,41.0,7555.0
regional_deterministic,0.25,leagueews,20260930,dragon,60,europe,1500,5578.0,262.0,73.0,284.0,22.0,3749.0
regional_deterministic,0.25,leagueews,20260930,dragon,60,americas,1500,5751.0,256.0,60.0,275.0,19.0,3806.0
regional_deterministic,0.25,leagueews,20260930,teamfight,60,overall,3000,19795.0,301.0,101.0,446.0,145.0,13137.0
regional_deterministic,0.25,leagueews,20260930,teamfight,60,europe,1500,9978.0,149.0,50.0,224.0,75.0,6630.0
regional_deterministic,0.25,leagueews,20260930,teamfight,60,americas,1500,9817.0,152.0,51.0,222.0,70.0,6507.0
regional_deterministic,0.25,leagueews,20261001,baron,60,overall,3000,3241.0,514.0,125.0,681.0,167.0,2152.0
regional_deterministic,0.25,leagueews,20261001,baron,60,europe,1500,1610.0,281.0,65.0,346.0,65.0,1048.0
regional_deterministic,0.25,leagueews,20261001,baron,60,americas,1500,1631.0,233.0,60.0,335.0,102.0,1104.0
regional_deterministic,0.25,leagueews,20261001,dragon,60,overall,3000,11329.0,656.0,179.0,718.0,62.0,7555.0
regional_deterministic,0.25,leagueews,20261001,dragon,60,europe,1500,5578.0,329.0,93.0,362.0,33.0,3749.0
regional_deterministic,0.25,leagueews,20261001,dragon,60,americas,1500,5751.0,327.0,86.0,356.0,29.0,3806.0
regional_deterministic,0.25,leagueews,20261001,teamfight,60,overall,3000,19795.0,483.0,185.0,745.0,262.0,13137.0
regional_deterministic,0.25,leagueews,20261001,teamfight,60,europe,1500,9978.0,231.0,92.0,368.0,137.0,6630.0
regional_deterministic,0.25,leagueews,20261001,teamfight,60,americas,1500,9817.0,252.0,93.0,377.0,125.0,6507.0
regional_deterministic,0.25,leagueews,20261002,baron,60,overall,3000,3241.0,530.0,137.0,745.0,215.0,2152.0
regional_deterministic,0.25,leagueews,20261002,baron,60,europe,1500,1610.0,280.0,74.0,374.0,94.0,1048.0
regional_deterministic,0.25,leagueews,20261002,baron,60,americas,1500,1631.0,250.0,63.0,371.0,121.0,1104.0
regional_deterministic,0.25,leagueews,20261002,dragon,60,overall,3000,11329.0,497.0,129.0,537.0,40.0,7555.0
regional_deterministic,0.25,leagueews,20261002,dragon,60,europe,1500,5578.0,255.0,74.0,279.0,24.0,3749.0
regional_deterministic,0.25,leagueews,20261002,dragon,60,americas,1500,5751.0,242.0,55.0,258.0,16.0,3806.0
regional_deterministic,0.25,leagueews,20261002,teamfight,60,overall,3000,19795.0,319.0,106.0,447.0,128.0,13137.0
regional_deterministic,0.25,leagueews,20261002,teamfight,60,europe,1500,9978.0,150.0,52.0,222.0,72.0,6630.0
regional_deterministic,0.25,leagueews,20261002,teamfight,60,americas,1500,9817.0,169.0,54.0,225.0,56.0,6507.0
regional_deterministic,0.5,leagueews,20260930,baron,60,overall,3000,3241.0,927.0,345.0,1582.0,655.0,2152.0
regional_deterministic,0.5,leagueews,20260930,baron,60,europe,1500,1610.0,471.0,170.0,777.0,306.0,1048.0
regional_deterministic,0.5,leagueews,20260930,baron,60,americas,1500,1631.0,456.0,175.0,805.0,349.0,1104.0
regional_deterministic,0.5,leagueews,20260930,dragon,60,overall,3000,11329.0,518.0,133.0,559.0,41.0,7555.0
regional_deterministic,0.5,leagueews,20260930,dragon,60,europe,1500,5578.0,262.0,73.0,284.0,22.0,3749.0
regional_deterministic,0.5,leagueews,20260930,dragon,60,americas,1500,5751.0,256.0,60.0,275.0,19.0,3806.0
regional_deterministic,0.5,leagueews,20260930,teamfight,60,overall,3000,19795.0,813.0,329.0,1285.0,472.0,13137.0
regional_deterministic,0.5,leagueews,20260930,teamfight,60,europe,1500,9978.0,374.0,165.0,603.0,229.0,6630.0
regional_deterministic,0.5,leagueews,20260930,teamfight,60,americas,1500,9817.0,439.0,164.0,682.0,243.0,6507.0
regional_deterministic,0.5,leagueews,20261001,baron,60,overall,3000,3241.0,978.0,361.0,1661.0,683.0,2152.0
regional_deterministic,0.5,leagueews,20261001,baron,60,europe,1500,1610.0,549.0,209.0,940.0,391.0,1048.0
regional_deterministic,0.5,leagueews,20261001,baron,60,americas,1500,1631.0,429.0,152.0,721.0,292.0,1104.0
regional_deterministic,0.5,leagueews,20261001,dragon,60,overall,3000,11329.0,656.0,179.0,718.0,62.0,7555.0
regional_deterministic,0.5,leagueews,20261001,dragon,60,europe,1500,5578.0,329.0,93.0,362.0,33.0,3749.0
regional_deterministic,0.5,leagueews,20261001,dragon,60,americas,1500,5751.0,327.0,86.0,356.0,29.0,3806.0
regional_deterministic,0.5,leagueews,20261001,teamfight,60,overall,3000,19795.0,834.0,348.0,1373.0,539.0,13137.0
regional_deterministic,0.5,leagueews,20261001,teamfight,60,europe,1500,9978.0,231.0,92.0,368.0,137.0,6630.0
regional_deterministic,0.5,leagueews,20261001,teamfight,60,americas,1500,9817.0,603.0,256.0,1005.0,402.0,6507.0
regional_deterministic,0.5,leagueews,20261002,baron,60,overall,3000,3241.0,1088.0,436.0,1973.0,885.0,2152.0
regional_deterministic,0.5,leagueews,20261002,baron,60,europe,1500,1610.0,556.0,217.0,951.0,395.0,1048.0
regional_deterministic,0.5,leagueews,20261002,baron,60,americas,1500,1631.0,532.0,219.0,1022.0,490.0,1104.0
regional_deterministic,0.5,leagueews,20261002,dragon,60,overall,3000,11329.0,497.0,129.0,537.0,40.0,7555.0
regional_deterministic,0.5,leagueews,20261002,dragon,60,europe,1500,5578.0,255.0,74.0,279.0,24.0,3749.0
regional_deterministic,0.5,leagueews,20261002,dragon,60,americas,1500,5751.0,242.0,55.0,258.0,16.0,3806.0
regional_deterministic,0.5,leagueews,20261002,teamfight,60,overall,3000,19795.0,781.0,329.0,1240.0,459.0,13137.0
regional_deterministic,0.5,leagueews,20261002,teamfight,60,europe,1500,9978.0,384.0,171.0,615.0,231.0,6630.0
regional_deterministic,0.5,leagueews,20261002,teamfight,60,americas,1500,9817.0,397.0,158.0,625.0,228.0,6507.0
regional_deterministic,0.75,leagueews,20260930,baron,60,overall,3000,3241.0,1339.0,601.0,2712.0,1373.0,2152.0
regional_deterministic,0.75,leagueews,20260930,baron,60,europe,1500,1610.0,683.0,299.0,1307.0,624.0,1048.0
regional_deterministic,0.75,leagueews,20260930,baron,60,americas,1500,1631.0,656.0,302.0,1405.0,749.0,1104.0
regional_deterministic,0.75,leagueews,20260930,dragon,60,overall,3000,11329.0,2542.0,1010.0,2944.0,402.0,7555.0
regional_deterministic,0.75,leagueews,20260930,dragon,60,europe,1500,5578.0,1261.0,522.0,1447.0,186.0,3749.0
regional_deterministic,0.75,leagueews,20260930,dragon,60,americas,1500,5751.0,1281.0,488.0,1497.0,216.0,3806.0
regional_deterministic,0.75,leagueews,20260930,teamfight,60,overall,3000,19795.0,1603.0,741.0,2734.0,1131.0,13137.0
regional_deterministic,0.75,leagueews,20260930,teamfight,60,europe,1500,9978.0,793.0,391.0,1343.0,550.0,6630.0
regional_deterministic,0.75,leagueews,20260930,teamfight,60,americas,1500,9817.0,810.0,350.0,1391.0,581.0,6507.0
regional_deterministic,0.75,leagueews,20261001,baron,60,overall,3000,3241.0,1315.0,595.0,2595.0,1280.0,2152.0
regional_deterministic,0.75,leagueews,20261001,baron,60,europe,1500,1610.0,666.0,293.0,1258.0,592.0,1048.0
regional_deterministic,0.75,leagueews,20261001,baron,60,americas,1500,1631.0,649.0,302.0,1337.0,688.0,1104.0
regional_deterministic,0.75,leagueews,20261001,dragon,60,overall,3000,11329.0,2786.0,1145.0,3231.0,445.0,7555.0
regional_deterministic,0.75,leagueews,20261001,dragon,60,europe,1500,5578.0,1376.0,589.0,1592.0,216.0,3749.0
regional_deterministic,0.75,leagueews,20261001,dragon,60,americas,1500,5751.0,1410.0,556.0,1639.0,229.0,3806.0
regional_deterministic,0.75,leagueews,20261001,teamfight,60,overall,3000,19795.0,1168.0,508.0,1961.0,793.0,13137.0
regional_deterministic,0.75,leagueews,20261001,teamfight,60,europe,1500,9978.0,565.0,252.0,956.0,391.0,6630.0
regional_deterministic,0.75,leagueews,20261001,teamfight,60,americas,1500,9817.0,603.0,256.0,1005.0,402.0,6507.0
regional_deterministic,0.75,leagueews,20261002,baron,60,overall,3000,3241.0,1324.0,595.0,2603.0,1279.0,2152.0
regional_deterministic,0.75,leagueews,20261002,baron,60,europe,1500,1610.0,677.0,296.0,1254.0,577.0,1048.0
regional_deterministic,0.75,leagueews,20261002,baron,60,americas,1500,1631.0,647.0,299.0,1349.0,702.0,1104.0
regional_deterministic,0.75,leagueews,20261002,dragon,60,overall,3000,11329.0,2694.0,1123.0,3123.0,429.0,7555.0
regional_deterministic,0.75,leagueews,20261002,dragon,60,europe,1500,5578.0,1341.0,581.0,1548.0,207.0,3749.0
regional_deterministic,0.75,leagueews,20261002,dragon,60,americas,1500,5751.0,1353.0,542.0,1575.0,222.0,3806.0
regional_deterministic,0.75,leagueews,20261002,teamfight,60,overall,3000,19795.0,1533.0,728.0,2660.0,1127.0,13137.0
regional_deterministic,0.75,leagueews,20261002,teamfight,60,europe,1500,9978.0,762.0,375.0,1324.0,562.0,6630.0
regional_deterministic,0.75,leagueews,20261002,teamfight,60,americas,1500,9817.0,771.0,353.0,1336.0,565.0,6507.0
regional_deterministic,1.0,leagueews,20260930,baron,60,overall,3000,3241.0,1552.0,749.0,3422.0,1870.0,2152.0
regional_deterministic,1.0,leagueews,20260930,baron,60,europe,1500,1610.0,792.0,371.0,1667.0,875.0,1048.0
regional_deterministic,1.0,leagueews,20260930,baron,60,americas,1500,1631.0,760.0,378.0,1755.0,995.0,1104.0
regional_deterministic,1.0,leagueews,20260930,dragon,60,overall,3000,11329.0,2542.0,1010.0,2944.0,402.0,7555.0
regional_deterministic,1.0,leagueews,20260930,dragon,60,europe,1500,5578.0,1261.0,522.0,1447.0,186.0,3749.0
regional_deterministic,1.0,leagueews,20260930,dragon,60,americas,1500,5751.0,1281.0,488.0,1497.0,216.0,3806.0
regional_deterministic,1.0,leagueews,20260930,teamfight,60,overall,3000,19795.0,1603.0,741.0,2734.0,1131.0,13137.0
regional_deterministic,1.0,leagueews,20260930,teamfight,60,europe,1500,9978.0,793.0,391.0,1343.0,550.0,6630.0
regional_deterministic,1.0,leagueews,20260930,teamfight,60,americas,1500,9817.0,810.0,350.0,1391.0,581.0,6507.0
regional_deterministic,1.0,leagueews,20261001,baron,60,overall,3000,3241.0,1562.0,768.0,3326.0,1764.0,2152.0
regional_deterministic,1.0,leagueews,20261001,baron,60,europe,1500,1610.0,791.0,382.0,1620.0,829.0,1048.0
regional_deterministic,1.0,leagueews,20261001,baron,60,americas,1500,1631.0,771.0,386.0,1706.0,935.0,1104.0
regional_deterministic,1.0,leagueews,20261001,dragon,60,overall,3000,11329.0,2786.0,1145.0,3231.0,445.0,7555.0
regional_deterministic,1.0,leagueews,20261001,dragon,60,europe,1500,5578.0,1376.0,589.0,1592.0,216.0,3749.0
regional_deterministic,1.0,leagueews,20261001,dragon,60,americas,1500,5751.0,1410.0,556.0,1639.0,229.0,3806.0
regional_deterministic,1.0,leagueews,20261001,teamfight,60,overall,3000,19795.0,2166.0,1046.0,3912.0,1746.0,13137.0
regional_deterministic,1.0,leagueews,20261001,teamfight,60,europe,1500,9978.0,1090.0,542.0,1950.0,860.0,6630.0
regional_deterministic,1.0,leagueews,20261001,teamfight,60,americas,1500,9817.0,1076.0,504.0,1962.0,886.0,6507.0
regional_deterministic,1.0,leagueews,20261002,baron,60,overall,3000,3241.0,1577.0,772.0,3414.0,1837.0,2152.0
regional_deterministic,1.0,leagueews,20261002,baron,60,europe,1500,1610.0,790.0,375.0,1656.0,866.0,1048.0
regional_deterministic,1.0,leagueews,20261002,baron,60,americas,1500,1631.0,787.0,397.0,1758.0,971.0,1104.0
regional_deterministic,1.0,leagueews,20261002,dragon,60,overall,3000,11329.0,2694.0,1123.0,3123.0,429.0,7555.0
regional_deterministic,1.0,leagueews,20261002,dragon,60,europe,1500,5578.0,1341.0,581.0,1548.0,207.0,3749.0
regional_deterministic,1.0,leagueews,20261002,dragon,60,americas,1500,5751.0,1353.0,542.0,1575.0,222.0,3806.0
regional_deterministic,1.0,leagueews,20261002,teamfight,60,overall,3000,19795.0,1533.0,728.0,2660.0,1127.0,13137.0
regional_deterministic,1.0,leagueews,20261002,teamfight,60,europe,1500,9978.0,762.0,375.0,1324.0,562.0,6630.0
regional_deterministic,1.0,leagueews,20261002,teamfight,60,americas,1500,9817.0,771.0,353.0,1336.0,565.0,6507.0
regional_deterministic,0.25,gru,20260930,baron,30,overall,3000,3241.0,249.0,139.0,760.0,511.0,1091.0
regional_deterministic,0.25,gru,20260930,baron,30,europe,1500,1610.0,133.0,75.0,356.0,223.0,558.0
regional_deterministic,0.25,gru,20260930,baron,30,americas,1500,1631.0,116.0,64.0,404.0,288.0,533.0
regional_deterministic,0.25,gru,20260930,dragon,30,overall,3000,11329.0,367.0,274.0,761.0,394.0,3736.0
regional_deterministic,0.25,gru,20260930,dragon,30,europe,1500,5578.0,178.0,128.0,368.0,190.0,1834.0
regional_deterministic,0.25,gru,20260930,dragon,30,americas,1500,5751.0,189.0,146.0,393.0,204.0,1902.0
regional_deterministic,0.25,gru,20260930,teamfight,30,overall,3000,19795.0,221.0,114.0,524.0,303.0,6648.0
regional_deterministic,0.25,gru,20260930,teamfight,30,europe,1500,9978.0,118.0,64.0,256.0,138.0,3351.0
regional_deterministic,0.25,gru,20260930,teamfight,30,americas,1500,9817.0,103.0,50.0,268.0,165.0,3297.0
regional_deterministic,0.25,gru,20261001,baron,30,overall,3000,3241.0,249.0,136.0,623.0,374.0,1091.0
regional_deterministic,0.25,gru,20261001,baron,30,europe,1500,1610.0,135.0,74.0,307.0,172.0,558.0
regional_deterministic,0.25,gru,20261001,baron,30,americas,1500,1631.0,114.0,62.0,316.0,202.0,533.0
regional_deterministic,0.25,gru,20261001,dragon,30,overall,3000,11329.0,308.0,256.0,891.0,583.0,3736.0
regional_deterministic,0.25,gru,20261001,dragon,30,europe,1500,5578.0,160.0,132.0,440.0,280.0,1834.0
regional_deterministic,0.25,gru,20261001,dragon,30,americas,1500,5751.0,148.0,124.0,451.0,303.0,1902.0
regional_deterministic,0.25,gru,20261001,teamfight,30,overall,3000,19795.0,255.0,143.0,671.0,416.0,6648.0
regional_deterministic,0.25,gru,20261001,teamfight,30,europe,1500,9978.0,127.0,74.0,324.0,197.0,3351.0
regional_deterministic,0.25,gru,20261001,teamfight,30,americas,1500,9817.0,128.0,69.0,347.0,219.0,3297.0
regional_deterministic,0.25,gru,20261002,baron,30,overall,3000,3241.0,129.0,73.0,511.0,382.0,1091.0
regional_deterministic,0.25,gru,20261002,baron,30,europe,1500,1610.0,57.0,31.0,216.0,159.0,558.0
regional_deterministic,0.25,gru,20261002,baron,30,americas,1500,1631.0,72.0,42.0,295.0,223.0,533.0
regional_deterministic,0.25,gru,20261002,dragon,30,overall,3000,11329.0,130.0,106.0,323.0,193.0,3736.0
regional_deterministic,0.25,gru,20261002,dragon,30,europe,1500,5578.0,63.0,51.0,148.0,85.0,1834.0
regional_deterministic,0.25,gru,20261002,dragon,30,americas,1500,5751.0,67.0,55.0,175.0,108.0,1902.0
regional_deterministic,0.25,gru,20261002,teamfight,30,overall,3000,19795.0,205.0,115.0,600.0,395.0,6648.0
regional_deterministic,0.25,gru,20261002,teamfight,30,europe,1500,9978.0,106.0,61.0,297.0,191.0,3351.0
regional_deterministic,0.25,gru,20261002,teamfight,30,americas,1500,9817.0,99.0,54.0,303.0,204.0,3297.0
regional_deterministic,0.5,gru,20260930,baron,30,overall,3000,3241.0,422.0,257.0,1636.0,1214.0,1091.0
regional_deterministic,0.5,gru,20260930,baron,30,europe,1500,1610.0,211.0,130.0,766.0,555.0,558.0
regional_deterministic,0.5,gru,20260930,baron,30,americas,1500,1631.0,211.0,127.0,870.0,659.0,533.0
regional_deterministic,0.5,gru,20260930,dragon,30,overall,3000,11329.0,955.0,666.0,2022.0,1067.0,3736.0
regional_deterministic,0.5,gru,20260930,dragon,30,europe,1500,5578.0,450.0,312.0,974.0,524.0,1834.0
regional_deterministic,0.5,gru,20260930,dragon,30,americas,1500,5751.0,505.0,354.0,1048.0,543.0,1902.0
regional_deterministic,0.5,gru,20260930,teamfight,30,overall,3000,19795.0,429.0,236.0,1107.0,678.0,6648.0
regional_deterministic,0.5,gru,20260930,teamfight,30,europe,1500,9978.0,218.0,126.0,543.0,325.0,3351.0
regional_deterministic,0.5,gru,20260930,teamfight,30,americas,1500,9817.0,211.0,110.0,564.0,353.0,3297.0
regional_deterministic,0.5,gru,20261001,baron,30,overall,3000,3241.0,465.0,273.0,1504.0,1039.0,1091.0
regional_deterministic,0.5,gru,20261001,baron,30,europe,1500,1610.0,241.0,143.0,714.0,473.0,558.0
regional_deterministic,0.5,gru,20261001,baron,30,americas,1500,1631.0,224.0,130.0,790.0,566.0,533.0
regional_deterministic,0.5,gru,20261001,dragon,30,overall,3000,11329.0,524.0,409.0,1435.0,911.0,3736.0
regional_deterministic,0.5,gru,20261001,dragon,30,europe,1500,5578.0,376.0,285.0,984.0,608.0,1834.0
regional_deterministic,0.5,gru,20261001,dragon,30,americas,1500,5751.0,148.0,124.0,451.0,303.0,1902.0
regional_deterministic,0.5,gru,20261001,teamfight,30,overall,3000,19795.0,500.0,287.0,1388.0,888.0,6648.0
regional_deterministic,0.5,gru,20261001,teamfight,30,europe,1500,9978.0,252.0,148.0,686.0,434.0,3351.0
regional_deterministic,0.5,gru,20261001,teamfight,30,americas,1500,9817.0,248.0,139.0,702.0,454.0,3297.0
regional_deterministic,0.5,gru,20261002,baron,30,overall,3000,3241.0,275.0,165.0,1321.0,1046.0,1091.0
regional_deterministic,0.5,gru,20261002,baron,30,europe,1500,1610.0,132.0,81.0,610.0,478.0,558.0
regional_deterministic,0.5,gru,20261002,baron,30,americas,1500,1631.0,143.0,84.0,711.0,568.0,533.0
regional_deterministic,0.5,gru,20261002,dragon,30,overall,3000,11329.0,614.0,438.0,1349.0,735.0,3736.0
regional_deterministic,0.5,gru,20261002,dragon,30,europe,1500,5578.0,305.0,213.0,662.0,357.0,1834.0
regional_deterministic,0.5,gru,20261002,dragon,30,americas,1500,5751.0,309.0,225.0,687.0,378.0,1902.0
regional_deterministic,0.5,gru,20261002,teamfight,30,overall,3000,19795.0,393.0,229.0,1350.0,957.0,6648.0
regional_deterministic,0.5,gru,20261002,teamfight,30,europe,1500,9978.0,201.0,119.0,666.0,465.0,3351.0
regional_deterministic,0.5,gru,20261002,teamfight,30,americas,1500,9817.0,192.0,110.0,684.0,492.0,3297.0
regional_deterministic,0.75,gru,20260930,baron,30,overall,3000,3241.0,509.0,313.0,2069.0,1560.0,1091.0
regional_deterministic,0.75,gru,20260930,baron,30,europe,1500,1610.0,298.0,186.0,1199.0,901.0,558.0
regional_deterministic,0.75,gru,20260930,baron,30,americas,1500,1631.0,211.0,127.0,870.0,659.0,533.0
regional_deterministic,0.75,gru,20260930,dragon,30,overall,3000,11329.0,955.0,666.0,2022.0,1067.0,3736.0
regional_deterministic,0.75,gru,20260930,dragon,30,europe,1500,5578.0,450.0,312.0,974.0,524.0,1834.0
regional_deterministic,0.75,gru,20260930,dragon,30,americas,1500,5751.0,505.0,354.0,1048.0,543.0,1902.0
regional_deterministic,0.75,gru,20260930,teamfight,30,overall,3000,19795.0,712.0,399.0,2138.0,1426.0,6648.0
regional_deterministic,0.75,gru,20260930,teamfight,30,europe,1500,9978.0,358.0,208.0,1055.0,697.0,3351.0
regional_deterministic,0.75,gru,20260930,teamfight,30,americas,1500,9817.0,354.0,191.0,1083.0,729.0,3297.0
regional_deterministic,0.75,gru,20261001,baron,30,overall,3000,3241.0,566.0,336.0,2075.0,1509.0,1091.0
regional_deterministic,0.75,gru,20261001,baron,30,europe,1500,1610.0,280.0,167.0,973.0,693.0,558.0
regional_deterministic,0.75,gru,20261001,baron,30,americas,1500,1631.0,286.0,169.0,1102.0,816.0,533.0
regional_deterministic,0.75,gru,20261001,dragon,30,overall,3000,11329.0,765.0,578.0,2023.0,1258.0,3736.0
regional_deterministic,0.75,gru,20261001,dragon,30,europe,1500,5578.0,376.0,285.0,984.0,608.0,1834.0
regional_deterministic,0.75,gru,20261001,dragon,30,americas,1500,5751.0,389.0,293.0,1039.0,650.0,1902.0
regional_deterministic,0.75,gru,20261001,teamfight,30,overall,3000,19795.0,854.0,482.0,2581.0,1727.0,6648.0
regional_deterministic,0.75,gru,20261001,teamfight,30,europe,1500,9978.0,424.0,252.0,1260.0,836.0,3351.0
regional_deterministic,0.75,gru,20261001,teamfight,30,americas,1500,9817.0,430.0,230.0,1321.0,891.0,3297.0
regional_deterministic,0.75,gru,20261002,baron,30,overall,3000,3241.0,418.0,258.0,2333.0,1915.0,1091.0
regional_deterministic,0.75,gru,20261002,baron,30,europe,1500,1610.0,201.0,124.0,1074.0,873.0,558.0
regional_deterministic,0.75,gru,20261002,baron,30,americas,1500,1631.0,217.0,134.0,1259.0,1042.0,533.0
regional_deterministic,0.75,gru,20261002,dragon,30,overall,3000,11329.0,1337.0,917.0,3084.0,1747.0,3736.0
regional_deterministic,0.75,gru,20261002,dragon,30,europe,1500,5578.0,655.0,448.0,1501.0,846.0,1834.0
regional_deterministic,0.75,gru,20261002,dragon,30,americas,1500,5751.0,682.0,469.0,1583.0,901.0,1902.0
regional_deterministic,0.75,gru,20261002,teamfight,30,overall,3000,19795.0,393.0,229.0,1350.0,957.0,6648.0
regional_deterministic,0.75,gru,20261002,teamfight,30,europe,1500,9978.0,201.0,119.0,666.0,465.0,3351.0
regional_deterministic,0.75,gru,20261002,teamfight,30,americas,1500,9817.0,192.0,110.0,684.0,492.0,3297.0
regional_deterministic,1.0,gru,20260930,baron,30,overall,3000,3241.0,601.0,377.0,2606.0,2005.0,1091.0
regional_deterministic,1.0,gru,20260930,baron,30,europe,1500,1610.0,298.0,186.0,1199.0,901.0,558.0
regional_deterministic,1.0,gru,20260930,baron,30,americas,1500,1631.0,303.0,191.0,1407.0,1104.0,533.0
regional_deterministic,1.0,gru,20260930,dragon,30,overall,3000,11329.0,1628.0,1119.0,3669.0,2041.0,3736.0
regional_deterministic,1.0,gru,20260930,dragon,30,europe,1500,5578.0,785.0,538.0,1764.0,979.0,1834.0
regional_deterministic,1.0,gru,20260930,dragon,30,americas,1500,5751.0,843.0,581.0,1905.0,1062.0,1902.0
regional_deterministic,1.0,gru,20260930,teamfight,30,overall,3000,19795.0,712.0,399.0,2138.0,1426.0,6648.0
regional_deterministic,1.0,gru,20260930,teamfight,30,europe,1500,9978.0,358.0,208.0,1055.0,697.0,3351.0
regional_deterministic,1.0,gru,20260930,teamfight,30,americas,1500,9817.0,354.0,191.0,1083.0,729.0,3297.0
regional_deterministic,1.0,gru,20261001,baron,30,overall,3000,3241.0,785.0,489.0,3329.0,2544.0,1091.0
regional_deterministic,1.0,gru,20261001,baron,30,europe,1500,1610.0,399.0,248.0,1570.0,1171.0,558.0
regional_deterministic,1.0,gru,20261001,baron,30,americas,1500,1631.0,386.0,241.0,1759.0,1373.0,533.0
regional_deterministic,1.0,gru,20261001,dragon,30,overall,3000,11329.0,1425.0,1015.0,3696.0,2271.0,3736.0
regional_deterministic,1.0,gru,20261001,dragon,30,europe,1500,5578.0,702.0,497.0,1814.0,1112.0,1834.0
regional_deterministic,1.0,gru,20261001,dragon,30,americas,1500,5751.0,723.0,518.0,1882.0,1159.0,1902.0
regional_deterministic,1.0,gru,20261001,teamfight,30,overall,3000,19795.0,854.0,482.0,2581.0,1727.0,6648.0
regional_deterministic,1.0,gru,20261001,teamfight,30,europe,1500,9978.0,424.0,252.0,1260.0,836.0,3351.0
regional_deterministic,1.0,gru,20261001,teamfight,30,americas,1500,9817.0,430.0,230.0,1321.0,891.0,3297.0
regional_deterministic,1.0,gru,20261002,baron,30,overall,3000,3241.0,525.0,336.0,3178.0,2653.0,1091.0
regional_deterministic,1.0,gru,20261002,baron,30,europe,1500,1610.0,273.0,182.0,1609.0,1336.0,558.0
regional_deterministic,1.0,gru,20261002,baron,30,americas,1500,1631.0,252.0,154.0,1569.0,1317.0,533.0
regional_deterministic,1.0,gru,20261002,dragon,30,overall,3000,11329.0,1337.0,917.0,3084.0,1747.0,3736.0
regional_deterministic,1.0,gru,20261002,dragon,30,europe,1500,5578.0,655.0,448.0,1501.0,846.0,1834.0
regional_deterministic,1.0,gru,20261002,dragon,30,americas,1500,5751.0,682.0,469.0,1583.0,901.0,1902.0
regional_deterministic,1.0,gru,20261002,teamfight,30,overall,3000,19795.0,732.0,428.0,2715.0,1983.0,6648.0
regional_deterministic,1.0,gru,20261002,teamfight,30,europe,1500,9978.0,374.0,225.0,1357.0,983.0,3351.0
regional_deterministic,1.0,gru,20261002,teamfight,30,americas,1500,9817.0,358.0,203.0,1358.0,1000.0,3297.0
regional_deterministic,0.25,gru,20260930,baron,60,overall,3000,3241.0,263.0,118.0,598.0,335.0,2152.0
regional_deterministic,0.25,gru,20260930,baron,60,europe,1500,1610.0,140.0,65.0,286.0,146.0,1048.0
regional_deterministic,0.25,gru,20260930,baron,60,americas,1500,1631.0,123.0,53.0,312.0,189.0,1104.0
regional_deterministic,0.25,gru,20260930,dragon,60,overall,3000,11329.0,549.0,433.0,722.0,173.0,7555.0
regional_deterministic,0.25,gru,20260930,dragon,60,europe,1500,5578.0,275.0,212.0,353.0,78.0,3749.0
regional_deterministic,0.25,gru,20260930,dragon,60,americas,1500,5751.0,274.0,221.0,369.0,95.0,3806.0
regional_deterministic,0.25,gru,20260930,teamfight,60,overall,3000,19795.0,373.0,195.0,694.0,321.0,13137.0
regional_deterministic,0.25,gru,20260930,teamfight,60,europe,1500,9978.0,203.0,100.0,350.0,147.0,6630.0
regional_deterministic,0.25,gru,20260930,teamfight,60,americas,1500,9817.0,170.0,95.0,344.0,174.0,6507.0
regional_deterministic,0.25,gru,20261001,baron,60,overall,3000,3241.0,381.0,149.0,807.0,426.0,2152.0
regional_deterministic,0.25,gru,20261001,baron,60,europe,1500,1610.0,200.0,82.0,397.0,197.0,1048.0
regional_deterministic,0.25,gru,20261001,baron,60,americas,1500,1631.0,181.0,67.0,410.0,229.0,1104.0
regional_deterministic,0.25,gru,20261001,dragon,60,overall,3000,11329.0,1106.0,912.0,1634.0,528.0,7555.0
regional_deterministic,0.25,gru,20261001,dragon,60,europe,1500,5578.0,556.0,457.0,812.0,256.0,3749.0
regional_deterministic,0.25,gru,20261001,dragon,60,americas,1500,5751.0,550.0,455.0,822.0,272.0,3806.0
regional_deterministic,0.25,gru,20261001,teamfight,60,overall,3000,19795.0,352.0,203.0,653.0,301.0,13137.0
regional_deterministic,0.25,gru,20261001,teamfight,60,europe,1500,9978.0,192.0,106.0,332.0,140.0,6630.0
regional_deterministic,0.25,gru,20261001,teamfight,60,americas,1500,9817.0,160.0,97.0,321.0,161.0,6507.0
regional_deterministic,0.25,gru,20261002,baron,60,overall,3000,3241.0,261.0,128.0,748.0,487.0,2152.0
regional_deterministic,0.25,gru,20261002,baron,60,europe,1500,1610.0,123.0,59.0,332.0,209.0,1048.0
regional_deterministic,0.25,gru,20261002,baron,60,americas,1500,1631.0,138.0,69.0,416.0,278.0,1104.0
regional_deterministic,0.25,gru,20261002,dragon,60,overall,3000,11329.0,196.0,170.0,279.0,83.0,7555.0
regional_deterministic,0.25,gru,20261002,dragon,60,europe,1500,5578.0,90.0,77.0,127.0,37.0,3749.0
regional_deterministic,0.25,gru,20261002,dragon,60,americas,1500,5751.0,106.0,93.0,152.0,46.0,3806.0
regional_deterministic,0.25,gru,20261002,teamfight,60,overall,3000,19795.0,162.0,107.0,326.0,164.0,13137.0
regional_deterministic,0.25,gru,20261002,teamfight,60,europe,1500,9978.0,83.0,53.0,155.0,72.0,6630.0
regional_deterministic,0.25,gru,20261002,teamfight,60,americas,1500,9817.0,79.0,54.0,171.0,92.0,6507.0
regional_deterministic,0.5,gru,20260930,baron,60,overall,3000,3241.0,263.0,118.0,598.0,335.0,2152.0
regional_deterministic,0.5,gru,20260930,baron,60,europe,1500,1610.0,140.0,65.0,286.0,146.0,1048.0
regional_deterministic,0.5,gru,20260930,baron,60,americas,1500,1631.0,123.0,53.0,312.0,189.0,1104.0
regional_deterministic,0.5,gru,20260930,dragon,60,overall,3000,11329.0,1423.0,1046.0,1967.0,544.0,7555.0
regional_deterministic,0.5,gru,20260930,dragon,60,europe,1500,5578.0,1149.0,825.0,1598.0,449.0,3749.0
regional_deterministic,0.5,gru,20260930,dragon,60,americas,1500,5751.0,274.0,221.0,369.0,95.0,3806.0
regional_deterministic,0.5,gru,20260930,teamfight,60,overall,3000,19795.0,670.0,381.0,1339.0,669.0,13137.0
regional_deterministic,0.5,gru,20260930,teamfight,60,europe,1500,9978.0,500.0,286.0,995.0,495.0,6630.0
regional_deterministic,0.5,gru,20260930,teamfight,60,americas,1500,9817.0,170.0,95.0,344.0,174.0,6507.0
regional_deterministic,0.5,gru,20261001,baron,60,overall,3000,3241.0,666.0,307.0,1635.0,969.0,2152.0
regional_deterministic,0.5,gru,20261001,baron,60,europe,1500,1610.0,334.0,153.0,784.0,450.0,1048.0
regional_deterministic,0.5,gru,20261001,baron,60,americas,1500,1631.0,332.0,154.0,851.0,519.0,1104.0
regional_deterministic,0.5,gru,20261001,dragon,60,overall,3000,11329.0,1106.0,912.0,1634.0,528.0,7555.0
regional_deterministic,0.5,gru,20261001,dragon,60,europe,1500,5578.0,556.0,457.0,812.0,256.0,3749.0
regional_deterministic,0.5,gru,20261001,dragon,60,americas,1500,5751.0,550.0,455.0,822.0,272.0,3806.0
regional_deterministic,0.5,gru,20261001,teamfight,60,overall,3000,19795.0,936.0,574.0,1928.0,992.0,13137.0
regional_deterministic,0.5,gru,20261001,teamfight,60,europe,1500,9978.0,472.0,284.0,945.0,473.0,6630.0
regional_deterministic,0.5,gru,20261001,teamfight,60,americas,1500,9817.0,464.0,290.0,983.0,519.0,6507.0
regional_deterministic,0.5,gru,20261002,baron,60,overall,3000,3241.0,409.0,213.0,1356.0,947.0,2152.0
regional_deterministic,0.5,gru,20261002,baron,60,europe,1500,1610.0,195.0,98.0,635.0,440.0,1048.0
regional_deterministic,0.5,gru,20261002,baron,60,americas,1500,1631.0,214.0,115.0,721.0,507.0,1104.0
regional_deterministic,0.5,gru,20261002,dragon,60,overall,3000,11329.0,1630.0,1218.0,2334.0,704.0,7555.0
regional_deterministic,0.5,gru,20261002,dragon,60,europe,1500,5578.0,800.0,601.0,1138.0,338.0,3749.0
regional_deterministic,0.5,gru,20261002,dragon,60,americas,1500,5751.0,830.0,617.0,1196.0,366.0,3806.0
regional_deterministic,0.5,gru,20261002,teamfight,60,overall,3000,19795.0,515.0,340.0,1130.0,615.0,13137.0
regional_deterministic,0.5,gru,20261002,teamfight,60,europe,1500,9978.0,248.0,156.0,533.0,285.0,6630.0
regional_deterministic,0.5,gru,20261002,teamfight,60,americas,1500,9817.0,267.0,184.0,597.0,330.0,6507.0
regional_deterministic,0.75,gru,20260930,baron,60,overall,3000,3241.0,722.0,382.0,1925.0,1203.0,2152.0
regional_deterministic,0.75,gru,20260930,baron,60,europe,1500,1610.0,361.0,193.0,899.0,538.0,1048.0
regional_deterministic,0.75,gru,20260930,baron,60,americas,1500,1631.0,361.0,189.0,1026.0,665.0,1104.0
regional_deterministic,0.75,gru,20260930,dragon,60,overall,3000,11329.0,2368.0,1681.0,3302.0,934.0,7555.0
regional_deterministic,0.75,gru,20260930,dragon,60,europe,1500,5578.0,1149.0,825.0,1598.0,449.0,3749.0
regional_deterministic,0.75,gru,20260930,dragon,60,americas,1500,5751.0,1219.0,856.0,1704.0,485.0,3806.0
regional_deterministic,0.75,gru,20260930,teamfight,60,overall,3000,19795.0,989.0,577.0,2015.0,1026.0,13137.0
regional_deterministic,0.75,gru,20260930,teamfight,60,europe,1500,9978.0,500.0,286.0,995.0,495.0,6630.0
regional_deterministic,0.75,gru,20260930,teamfight,60,americas,1500,9817.0,489.0,291.0,1020.0,531.0,6507.0
regional_deterministic,0.75,gru,20261001,baron,60,overall,3000,3241.0,961.0,509.0,2541.0,1580.0,2152.0
regional_deterministic,0.75,gru,20261001,baron,60,europe,1500,1610.0,482.0,252.0,1195.0,713.0,1048.0
regional_deterministic,0.75,gru,20261001,baron,60,americas,1500,1631.0,479.0,257.0,1346.0,867.0,1104.0
regional_deterministic,0.75,gru,20261001,dragon,60,overall,3000,11329.0,2615.0,1967.0,4011.0,1396.0,7555.0
regional_deterministic,0.75,gru,20261001,dragon,60,europe,1500,5578.0,1276.0,964.0,1972.0,696.0,3749.0
regional_deterministic,0.75,gru,20261001,dragon,60,americas,1500,5751.0,1339.0,1003.0,2039.0,700.0,3806.0
regional_deterministic,0.75,gru,20261001,teamfight,60,overall,3000,19795.0,936.0,574.0,1928.0,992.0,13137.0
regional_deterministic,0.75,gru,20261001,teamfight,60,europe,1500,9978.0,472.0,284.0,945.0,473.0,6630.0
regional_deterministic,0.75,gru,20261001,teamfight,60,americas,1500,9817.0,464.0,290.0,983.0,519.0,6507.0
regional_deterministic,0.75,gru,20261002,baron,60,overall,3000,3241.0,617.0,340.0,2146.0,1529.0,2152.0
regional_deterministic,0.75,gru,20261002,baron,60,europe,1500,1610.0,288.0,157.0,991.0,703.0,1048.0
regional_deterministic,0.75,gru,20261002,baron,60,americas,1500,1631.0,329.0,183.0,1155.0,826.0,1104.0
regional_deterministic,0.75,gru,20261002,dragon,60,overall,3000,11329.0,1630.0,1218.0,2334.0,704.0,7555.0
regional_deterministic,0.75,gru,20261002,dragon,60,europe,1500,5578.0,800.0,601.0,1138.0,338.0,3749.0
regional_deterministic,0.75,gru,20261002,dragon,60,americas,1500,5751.0,830.0,617.0,1196.0,366.0,3806.0
regional_deterministic,0.75,gru,20261002,teamfight,60,overall,3000,19795.0,1202.0,783.0,2869.0,1667.0,13137.0
regional_deterministic,0.75,gru,20261002,teamfight,60,europe,1500,9978.0,594.0,375.0,1415.0,821.0,6630.0
regional_deterministic,0.75,gru,20261002,teamfight,60,americas,1500,9817.0,608.0,408.0,1454.0,846.0,6507.0
regional_deterministic,1.0,gru,20260930,baron,60,overall,3000,3241.0,1140.0,656.0,3334.0,2194.0,2152.0
regional_deterministic,1.0,gru,20260930,baron,60,europe,1500,1610.0,565.0,320.0,1567.0,1002.0,1048.0
regional_deterministic,1.0,gru,20260930,baron,60,americas,1500,1631.0,575.0,336.0,1767.0,1192.0,1104.0
regional_deterministic,1.0,gru,20260930,dragon,60,overall,3000,11329.0,2368.0,1681.0,3302.0,934.0,7555.0
regional_deterministic,1.0,gru,20260930,dragon,60,europe,1500,5578.0,1149.0,825.0,1598.0,449.0,3749.0
regional_deterministic,1.0,gru,20260930,dragon,60,americas,1500,5751.0,1219.0,856.0,1704.0,485.0,3806.0
regional_deterministic,1.0,gru,20260930,teamfight,60,overall,3000,19795.0,989.0,577.0,2015.0,1026.0,13137.0
regional_deterministic,1.0,gru,20260930,teamfight,60,europe,1500,9978.0,500.0,286.0,995.0,495.0,6630.0
regional_deterministic,1.0,gru,20260930,teamfight,60,americas,1500,9817.0,489.0,291.0,1020.0,531.0,6507.0
regional_deterministic,1.0,gru,20261001,baron,60,overall,3000,3241.0,1236.0,686.0,3492.0,2256.0,2152.0
regional_deterministic,1.0,gru,20261001,baron,60,europe,1500,1610.0,613.0,338.0,1638.0,1025.0,1048.0
regional_deterministic,1.0,gru,20261001,baron,60,americas,1500,1631.0,623.0,348.0,1854.0,1231.0,1104.0
regional_deterministic,1.0,gru,20261001,dragon,60,overall,3000,11329.0,2615.0,1967.0,4011.0,1396.0,7555.0
regional_deterministic,1.0,gru,20261001,dragon,60,europe,1500,5578.0,1276.0,964.0,1972.0,696.0,3749.0
regional_deterministic,1.0,gru,20261001,dragon,60,americas,1500,5751.0,1339.0,1003.0,2039.0,700.0,3806.0
regional_deterministic,1.0,gru,20261001,teamfight,60,overall,3000,19795.0,936.0,574.0,1928.0,992.0,13137.0
regional_deterministic,1.0,gru,20261001,teamfight,60,europe,1500,9978.0,472.0,284.0,945.0,473.0,6630.0
regional_deterministic,1.0,gru,20261001,teamfight,60,americas,1500,9817.0,464.0,290.0,983.0,519.0,6507.0
regional_deterministic,1.0,gru,20261002,baron,60,overall,3000,3241.0,902.0,526.0,3327.0,2425.0,2152.0
regional_deterministic,1.0,gru,20261002,baron,60,europe,1500,1610.0,478.0,282.0,1744.0,1266.0,1048.0
regional_deterministic,1.0,gru,20261002,baron,60,americas,1500,1631.0,424.0,244.0,1583.0,1159.0,1104.0
regional_deterministic,1.0,gru,20261002,dragon,60,overall,3000,11329.0,3632.0,2514.0,5492.0,1860.0,7555.0
regional_deterministic,1.0,gru,20261002,dragon,60,europe,1500,5578.0,1784.0,1225.0,2710.0,926.0,3749.0
regional_deterministic,1.0,gru,20261002,dragon,60,americas,1500,5751.0,1848.0,1289.0,2782.0,934.0,3806.0
regional_deterministic,1.0,gru,20261002,teamfight,60,overall,3000,19795.0,1202.0,783.0,2869.0,1667.0,13137.0
regional_deterministic,1.0,gru,20261002,teamfight,60,europe,1500,9978.0,594.0,375.0,1415.0,821.0,6630.0
regional_deterministic,1.0,gru,20261002,teamfight,60,americas,1500,9817.0,608.0,408.0,1454.0,846.0,6507.0
regional_deterministic,0.25,tcn,20260930,baron,30,overall,3000,3241.0,559.0,296.0,1022.0,463.0,1091.0
regional_deterministic,0.25,tcn,20260930,baron,30,europe,1500,1610.0,319.0,167.0,548.0,229.0,558.0
regional_deterministic,0.25,tcn,20260930,baron,30,americas,1500,1631.0,240.0,129.0,474.0,234.0,533.0
regional_deterministic,0.25,tcn,20260930,dragon,30,overall,3000,11329.0,597.0,278.0,757.0,160.0,3736.0
regional_deterministic,0.25,tcn,20260930,dragon,30,europe,1500,5578.0,286.0,137.0,373.0,87.0,1834.0
regional_deterministic,0.25,tcn,20260930,dragon,30,americas,1500,5751.0,311.0,141.0,384.0,73.0,1902.0
regional_deterministic,0.25,tcn,20260930,teamfight,30,overall,3000,19795.0,323.0,144.0,594.0,271.0,6648.0
regional_deterministic,0.25,tcn,20260930,teamfight,30,europe,1500,9978.0,153.0,72.0,289.0,136.0,3351.0
regional_deterministic,0.25,tcn,20260930,teamfight,30,americas,1500,9817.0,170.0,72.0,305.0,135.0,3297.0
regional_deterministic,0.25,tcn,20261001,baron,30,overall,3000,3241.0,533.0,284.0,963.0,430.0,1091.0
regional_deterministic,0.25,tcn,20261001,baron,30,europe,1500,1610.0,287.0,150.0,471.0,184.0,558.0
regional_deterministic,0.25,tcn,20261001,baron,30,americas,1500,1631.0,246.0,134.0,492.0,246.0,533.0
regional_deterministic,0.25,tcn,20261001,dragon,30,overall,3000,11329.0,513.0,243.0,649.0,136.0,3736.0
regional_deterministic,0.25,tcn,20261001,dragon,30,europe,1500,5578.0,244.0,119.0,319.0,75.0,1834.0
regional_deterministic,0.25,tcn,20261001,dragon,30,americas,1500,5751.0,269.0,124.0,330.0,61.0,1902.0
regional_deterministic,0.25,tcn,20261001,teamfight,30,overall,3000,19795.0,392.0,176.0,776.0,384.0,6648.0
regional_deterministic,0.25,tcn,20261001,teamfight,30,europe,1500,9978.0,188.0,85.0,377.0,189.0,3351.0
regional_deterministic,0.25,tcn,20261001,teamfight,30,americas,1500,9817.0,204.0,91.0,399.0,195.0,3297.0
regional_deterministic,0.25,tcn,20261002,baron,30,overall,3000,3241.0,520.0,280.0,937.0,417.0,1091.0
regional_deterministic,0.25,tcn,20261002,baron,30,europe,1500,1610.0,273.0,143.0,463.0,190.0,558.0
regional_deterministic,0.25,tcn,20261002,baron,30,americas,1500,1631.0,247.0,137.0,474.0,227.0,533.0
regional_deterministic,0.25,tcn,20261002,dragon,30,overall,3000,11329.0,789.0,405.0,1050.0,261.0,3736.0
regional_deterministic,0.25,tcn,20261002,dragon,30,europe,1500,5578.0,375.0,192.0,521.0,146.0,1834.0
regional_deterministic,0.25,tcn,20261002,dragon,30,americas,1500,5751.0,414.0,213.0,529.0,115.0,1902.0
regional_deterministic,0.25,tcn,20261002,teamfight,30,overall,3000,19795.0,479.0,216.0,931.0,452.0,6648.0
regional_deterministic,0.25,tcn,20261002,teamfight,30,europe,1500,9978.0,225.0,105.0,458.0,233.0,3351.0
regional_deterministic,0.25,tcn,20261002,teamfight,30,americas,1500,9817.0,254.0,111.0,473.0,219.0,3297.0
regional_deterministic,0.5,tcn,20260930,baron,30,overall,3000,3241.0,826.0,482.0,2008.0,1182.0,1091.0
regional_deterministic,0.5,tcn,20260930,baron,30,europe,1500,1610.0,423.0,244.0,965.0,542.0,558.0
regional_deterministic,0.5,tcn,20260930,baron,30,americas,1500,1631.0,403.0,238.0,1043.0,640.0,533.0
regional_deterministic,0.5,tcn,20260930,dragon,30,overall,3000,11329.0,1186.0,619.0,1638.0,452.0,3736.0
regional_deterministic,0.5,tcn,20260930,dragon,30,europe,1500,5578.0,574.0,300.0,803.0,229.0,1834.0
regional_deterministic,0.5,tcn,20260930,dragon,30,americas,1500,5751.0,612.0,319.0,835.0,223.0,1902.0
regional_deterministic,0.5,tcn,20260930,teamfight,30,overall,3000,19795.0,785.0,375.0,1743.0,958.0,6648.0
regional_deterministic,0.5,tcn,20260930,teamfight,30,europe,1500,9978.0,379.0,188.0,866.0,487.0,3351.0
regional_deterministic,0.5,tcn,20260930,teamfight,30,americas,1500,9817.0,406.0,187.0,877.0,471.0,3297.0
regional_deterministic,0.5,tcn,20261001,baron,30,overall,3000,3241.0,803.0,463.0,1884.0,1081.0,1091.0
regional_deterministic,0.5,tcn,20261001,baron,30,europe,1500,1610.0,432.0,251.0,974.0,542.0,558.0
regional_deterministic,0.5,tcn,20261001,baron,30,americas,1500,1631.0,371.0,212.0,910.0,539.0,533.0
regional_deterministic,0.5,tcn,20261001,dragon,30,overall,3000,11329.0,1593.0,843.0,2277.0,684.0,3736.0
regional_deterministic,0.5,tcn,20261001,dragon,30,europe,1500,5578.0,753.0,396.0,1099.0,346.0,1834.0
regional_deterministic,0.5,tcn,20261001,dragon,30,americas,1500,5751.0,840.0,447.0,1178.0,338.0,1902.0
regional_deterministic,0.5,tcn,20261001,teamfight,30,overall,3000,19795.0,661.0,313.0,1384.0,723.0,6648.0
regional_deterministic,0.5,tcn,20261001,teamfight,30,europe,1500,9978.0,318.0,156.0,690.0,372.0,3351.0
regional_deterministic,0.5,tcn,20261001,teamfight,30,americas,1500,9817.0,343.0,157.0,694.0,351.0,3297.0
regional_deterministic,0.5,tcn,20261002,baron,30,overall,3000,3241.0,801.0,457.0,1873.0,1072.0,1091.0
regional_deterministic,0.5,tcn,20261002,baron,30,europe,1500,1610.0,407.0,233.0,895.0,488.0,558.0
regional_deterministic,0.5,tcn,20261002,baron,30,americas,1500,1631.0,394.0,224.0,978.0,584.0,533.0
regional_deterministic,0.5,tcn,20261002,dragon,30,overall,3000,11329.0,1502.0,803.0,2142.0,640.0,3736.0
regional_deterministic,0.5,tcn,20261002,dragon,30,europe,1500,5578.0,709.0,380.0,1033.0,324.0,1834.0
regional_deterministic,0.5,tcn,20261002,dragon,30,americas,1500,5751.0,793.0,423.0,1109.0,316.0,1902.0
regional_deterministic,0.5,tcn,20261002,teamfight,30,overall,3000,19795.0,724.0,336.0,1575.0,851.0,6648.0
regional_deterministic,0.5,tcn,20261002,teamfight,30,europe,1500,9978.0,341.0,161.0,782.0,441.0,3351.0
regional_deterministic,0.5,tcn,20261002,teamfight,30,americas,1500,9817.0,383.0,175.0,793.0,410.0,3297.0
regional_deterministic,0.75,tcn,20260930,baron,30,overall,3000,3241.0,993.0,594.0,2893.0,1900.0,1091.0
regional_deterministic,0.75,tcn,20260930,baron,30,europe,1500,1610.0,509.0,305.0,1385.0,876.0,558.0
regional_deterministic,0.75,tcn,20260930,baron,30,americas,1500,1631.0,484.0,289.0,1508.0,1024.0,533.0
regional_deterministic,0.75,tcn,20260930,dragon,30,overall,3000,11329.0,1792.0,961.0,2650.0,858.0,3736.0
regional_deterministic,0.75,tcn,20260930,dragon,30,europe,1500,5578.0,856.0,460.0,1302.0,446.0,1834.0
regional_deterministic,0.75,tcn,20260930,dragon,30,americas,1500,5751.0,936.0,501.0,1348.0,412.0,1902.0
regional_deterministic,0.75,tcn,20260930,teamfight,30,overall,3000,19795.0,942.0,457.0,2184.0,1242.0,6648.0
regional_deterministic,0.75,tcn,20260930,teamfight,30,europe,1500,9978.0,379.0,188.0,866.0,487.0,3351.0
regional_deterministic,0.75,tcn,20260930,teamfight,30,americas,1500,9817.0,563.0,269.0,1318.0,755.0,3297.0
regional_deterministic,0.75,tcn,20261001,baron,30,overall,3000,3241.0,978.0,584.0,2730.0,1752.0,1091.0
regional_deterministic,0.75,tcn,20261001,baron,30,europe,1500,1610.0,512.0,304.0,1404.0,892.0,558.0
regional_deterministic,0.75,tcn,20261001,baron,30,americas,1500,1631.0,466.0,280.0,1326.0,860.0,533.0
regional_deterministic,0.75,tcn,20261001,dragon,30,overall,3000,11329.0,2148.0,1196.0,3240.0,1092.0,3736.0
regional_deterministic,0.75,tcn,20261001,dragon,30,europe,1500,5578.0,1024.0,571.0,1576.0,552.0,1834.0
regional_deterministic,0.75,tcn,20261001,dragon,30,americas,1500,5751.0,1124.0,625.0,1664.0,540.0,1902.0
regional_deterministic,0.75,tcn,20261001,teamfight,30,overall,3000,19795.0,955.0,459.0,2149.0,1194.0,6648.0
regional_deterministic,0.75,tcn,20261001,teamfight,30,europe,1500,9978.0,456.0,231.0,1058.0,602.0,3351.0
regional_deterministic,0.75,tcn,20261001,teamfight,30,americas,1500,9817.0,499.0,228.0,1091.0,592.0,3297.0
regional_deterministic,0.75,tcn,20261002,baron,30,overall,3000,3241.0,986.0,584.0,2824.0,1838.0,1091.0
regional_deterministic,0.75,tcn,20261002,baron,30,europe,1500,1610.0,506.0,302.0,1375.0,869.0,558.0
regional_deterministic,0.75,tcn,20261002,baron,30,americas,1500,1631.0,480.0,282.0,1449.0,969.0,533.0
regional_deterministic,0.75,tcn,20261002,dragon,30,overall,3000,11329.0,2228.0,1225.0,3385.0,1157.0,3736.0
regional_deterministic,0.75,tcn,20261002,dragon,30,europe,1500,5578.0,1079.0,594.0,1670.0,591.0,1834.0
regional_deterministic,0.75,tcn,20261002,dragon,30,americas,1500,5751.0,1149.0,631.0,1715.0,566.0,1902.0
regional_deterministic,0.75,tcn,20261002,teamfight,30,overall,3000,19795.0,1048.0,502.0,2420.0,1372.0,6648.0
regional_deterministic,0.75,tcn,20261002,teamfight,30,europe,1500,9978.0,510.0,255.0,1210.0,700.0,3351.0
regional_deterministic,0.75,tcn,20261002,teamfight,30,americas,1500,9817.0,538.0,247.0,1210.0,672.0,3297.0
regional_deterministic,1.0,tcn,20260930,baron,30,overall,3000,3241.0,1136.0,692.0,3709.0,2573.0,1091.0
regional_deterministic,1.0,tcn,20260930,baron,30,europe,1500,1610.0,586.0,358.0,1845.0,1259.0,558.0
regional_deterministic,1.0,tcn,20260930,baron,30,americas,1500,1631.0,550.0,334.0,1864.0,1314.0,533.0
regional_deterministic,1.0,tcn,20260930,dragon,30,overall,3000,11329.0,2470.0,1405.0,3830.0,1360.0,3736.0
regional_deterministic,1.0,tcn,20260930,dragon,30,europe,1500,5578.0,1203.0,683.0,1898.0,695.0,1834.0
regional_deterministic,1.0,tcn,20260930,dragon,30,americas,1500,5751.0,1267.0,722.0,1932.0,665.0,1902.0
regional_deterministic,1.0,tcn,20260930,teamfight,30,overall,3000,19795.0,1103.0,544.0,2625.0,1522.0,6648.0
regional_deterministic,1.0,tcn,20260930,teamfight,30,europe,1500,9978.0,540.0,275.0,1307.0,767.0,3351.0
regional_deterministic,1.0,tcn,20260930,teamfight,30,americas,1500,9817.0,563.0,269.0,1318.0,755.0,3297.0
regional_deterministic,1.0,tcn,20261001,baron,30,overall,3000,3241.0,1117.0,680.0,3628.0,2511.0,1091.0
regional_deterministic,1.0,tcn,20261001,baron,30,europe,1500,1610.0,563.0,341.0,1750.0,1187.0,558.0
regional_deterministic,1.0,tcn,20261001,baron,30,americas,1500,1631.0,554.0,339.0,1878.0,1324.0,533.0
regional_deterministic,1.0,tcn,20261001,dragon,30,overall,3000,11329.0,2645.0,1515.0,4194.0,1549.0,3736.0
regional_deterministic,1.0,tcn,20261001,dragon,30,europe,1500,5578.0,1282.0,730.0,2070.0,788.0,1834.0
regional_deterministic,1.0,tcn,20261001,dragon,30,americas,1500,5751.0,1363.0,785.0,2124.0,761.0,1902.0
regional_deterministic,1.0,tcn,20261001,teamfight,30,overall,3000,19795.0,1295.0,637.0,3172.0,1877.0,6648.0
regional_deterministic,1.0,tcn,20261001,teamfight,30,europe,1500,9978.0,629.0,325.0,1567.0,938.0,3351.0
regional_deterministic,1.0,tcn,20261001,teamfight,30,americas,1500,9817.0,666.0,312.0,1605.0,939.0,3297.0
regional_deterministic,1.0,tcn,20261002,baron,30,overall,3000,3241.0,1093.0,663.0,3547.0,2454.0,1091.0
regional_deterministic,1.0,tcn,20261002,baron,30,europe,1500,1610.0,559.0,339.0,1717.0,1158.0,558.0
regional_deterministic,1.0,tcn,20261002,baron,30,americas,1500,1631.0,534.0,324.0,1830.0,1296.0,533.0
regional_deterministic,1.0,tcn,20261002,dragon,30,overall,3000,11329.0,2873.0,1679.0,4667.0,1794.0,3736.0
regional_deterministic,1.0,tcn,20261002,dragon,30,europe,1500,5578.0,1391.0,812.0,2305.0,914.0,1834.0
regional_deterministic,1.0,tcn,20261002,dragon,30,americas,1500,5751.0,1482.0,867.0,2362.0,880.0,1902.0
regional_deterministic,1.0,tcn,20261002,teamfight,30,overall,3000,19795.0,1251.0,615.0,3029.0,1778.0,6648.0
regional_deterministic,1.0,tcn,20261002,teamfight,30,europe,1500,9978.0,510.0,255.0,1210.0,700.0,3351.0
regional_deterministic,1.0,tcn,20261002,teamfight,30,americas,1500,9817.0,741.0,360.0,1819.0,1078.0,3297.0
regional_deterministic,0.25,tcn,20260930,baron,60,overall,3000,3241.0,546.0,137.0,777.0,231.0,2152.0
regional_deterministic,0.25,tcn,20260930,baron,60,europe,1500,1610.0,299.0,75.0,398.0,99.0,1048.0
regional_deterministic,0.25,tcn,20260930,baron,60,americas,1500,1631.0,247.0,62.0,379.0,132.0,1104.0
regional_deterministic,0.25,tcn,20260930,dragon,60,overall,3000,11329.0,596.0,171.0,646.0,50.0,7555.0
regional_deterministic,0.25,tcn,20260930,dragon,60,europe,1500,5578.0,285.0,91.0,309.0,24.0,3749.0
regional_deterministic,0.25,tcn,20260930,dragon,60,americas,1500,5751.0,311.0,80.0,337.0,26.0,3806.0
regional_deterministic,0.25,tcn,20260930,teamfight,60,overall,3000,19795.0,260.0,92.0,371.0,111.0,13137.0
regional_deterministic,0.25,tcn,20260930,teamfight,60,europe,1500,9978.0,130.0,47.0,189.0,59.0,6630.0
regional_deterministic,0.25,tcn,20260930,teamfight,60,americas,1500,9817.0,130.0,45.0,182.0,52.0,6507.0
regional_deterministic,0.25,tcn,20261001,baron,60,overall,3000,3241.0,579.0,152.0,881.0,302.0,2152.0
regional_deterministic,0.25,tcn,20261001,baron,60,europe,1500,1610.0,307.0,75.0,435.0,128.0,1048.0
regional_deterministic,0.25,tcn,20261001,baron,60,americas,1500,1631.0,272.0,77.0,446.0,174.0,1104.0
regional_deterministic,0.25,tcn,20261001,dragon,60,overall,3000,11329.0,411.0,103.0,440.0,29.0,7555.0
regional_deterministic,0.25,tcn,20261001,dragon,60,europe,1500,5578.0,202.0,57.0,214.0,12.0,3749.0
regional_deterministic,0.25,tcn,20261001,dragon,60,americas,1500,5751.0,209.0,46.0,226.0,17.0,3806.0
regional_deterministic,0.25,tcn,20261001,teamfight,60,overall,3000,19795.0,269.0,95.0,393.0,124.0,13137.0
regional_deterministic,0.25,tcn,20261001,teamfight,60,europe,1500,9978.0,142.0,54.0,212.0,70.0,6630.0
regional_deterministic,0.25,tcn,20261001,teamfight,60,americas,1500,9817.0,127.0,41.0,181.0,54.0,6507.0
regional_deterministic,0.25,tcn,20261002,baron,60,overall,3000,3241.0,506.0,141.0,703.0,197.0,2152.0
regional_deterministic,0.25,tcn,20261002,baron,60,europe,1500,1610.0,264.0,67.0,353.0,89.0,1048.0
regional_deterministic,0.25,tcn,20261002,baron,60,americas,1500,1631.0,242.0,74.0,350.0,108.0,1104.0
regional_deterministic,0.25,tcn,20261002,dragon,60,overall,3000,11329.0,666.0,204.0,732.0,66.0,7555.0
regional_deterministic,0.25,tcn,20261002,dragon,60,europe,1500,5578.0,333.0,110.0,369.0,36.0,3749.0
regional_deterministic,0.25,tcn,20261002,dragon,60,americas,1500,5751.0,333.0,94.0,363.0,30.0,3806.0
regional_deterministic,0.25,tcn,20261002,teamfight,60,overall,3000,19795.0,397.0,140.0,611.0,214.0,13137.0
regional_deterministic,0.25,tcn,20261002,teamfight,60,europe,1500,9978.0,90.0,29.0,128.0,38.0,6630.0
regional_deterministic,0.25,tcn,20261002,teamfight,60,americas,1500,9817.0,307.0,111.0,483.0,176.0,6507.0
regional_deterministic,0.5,tcn,20260930,baron,60,overall,3000,3241.0,965.0,357.0,1740.0,775.0,2152.0
regional_deterministic,0.5,tcn,20260930,baron,60,europe,1500,1610.0,484.0,170.0,829.0,345.0,1048.0
regional_deterministic,0.5,tcn,20260930,baron,60,americas,1500,1631.0,481.0,187.0,911.0,430.0,1104.0
regional_deterministic,0.5,tcn,20260930,dragon,60,overall,3000,11329.0,596.0,171.0,646.0,50.0,7555.0
regional_deterministic,0.5,tcn,20260930,dragon,60,europe,1500,5578.0,285.0,91.0,309.0,24.0,3749.0
regional_deterministic,0.5,tcn,20260930,dragon,60,americas,1500,5751.0,311.0,80.0,337.0,26.0,3806.0
regional_deterministic,0.5,tcn,20260930,teamfight,60,overall,3000,19795.0,722.0,293.0,1167.0,445.0,13137.0
regional_deterministic,0.5,tcn,20260930,teamfight,60,europe,1500,9978.0,338.0,138.0,545.0,207.0,6630.0
regional_deterministic,0.5,tcn,20260930,teamfight,60,americas,1500,9817.0,384.0,155.0,622.0,238.0,6507.0
regional_deterministic,0.5,tcn,20261001,baron,60,overall,3000,3241.0,995.0,376.0,1787.0,792.0,2152.0
regional_deterministic,0.5,tcn,20261001,baron,60,europe,1500,1610.0,562.0,217.0,989.0,427.0,1048.0
regional_deterministic,0.5,tcn,20261001,baron,60,americas,1500,1631.0,433.0,159.0,798.0,365.0,1104.0
regional_deterministic,0.5,tcn,20261001,dragon,60,overall,3000,11329.0,411.0,103.0,440.0,29.0,7555.0
regional_deterministic,0.5,tcn,20261001,dragon,60,europe,1500,5578.0,202.0,57.0,214.0,12.0,3749.0
regional_deterministic,0.5,tcn,20261001,dragon,60,americas,1500,5751.0,209.0,46.0,226.0,17.0,3806.0
regional_deterministic,0.5,tcn,20261001,teamfight,60,overall,3000,19795.0,786.0,319.0,1261.0,475.0,13137.0
regional_deterministic,0.5,tcn,20261001,teamfight,60,europe,1500,9978.0,380.0,159.0,611.0,231.0,6630.0
regional_deterministic,0.5,tcn,20261001,teamfight,60,americas,1500,9817.0,406.0,160.0,650.0,244.0,6507.0
regional_deterministic,0.5,tcn,20261002,baron,60,overall,3000,3241.0,1001.0,376.0,1819.0,818.0,2152.0
regional_deterministic,0.5,tcn,20261002,baron,60,europe,1500,1610.0,517.0,192.0,878.0,361.0,1048.0
regional_deterministic,0.5,tcn,20261002,baron,60,americas,1500,1631.0,484.0,184.0,941.0,457.0,1104.0
regional_deterministic,0.5,tcn,20261002,dragon,60,overall,3000,11329.0,666.0,204.0,732.0,66.0,7555.0
regional_deterministic,0.5,tcn,20261002,dragon,60,europe,1500,5578.0,333.0,110.0,369.0,36.0,3749.0
regional_deterministic,0.5,tcn,20261002,dragon,60,americas,1500,5751.0,333.0,94.0,363.0,30.0,3806.0
regional_deterministic,0.5,tcn,20261002,teamfight,60,overall,3000,19795.0,608.0,236.0,966.0,358.0,13137.0
regional_deterministic,0.5,tcn,20261002,teamfight,60,europe,1500,9978.0,301.0,125.0,483.0,182.0,6630.0
regional_deterministic,0.5,tcn,20261002,teamfight,60,americas,1500,9817.0,307.0,111.0,483.0,176.0,6507.0
regional_deterministic,0.75,tcn,20260930,baron,60,overall,3000,3241.0,1340.0,600.0,2760.0,1420.0,2152.0
regional_deterministic,0.75,tcn,20260930,baron,60,europe,1500,1610.0,672.0,293.0,1339.0,667.0,1048.0
regional_deterministic,0.75,tcn,20260930,baron,60,americas,1500,1631.0,668.0,307.0,1421.0,753.0,1104.0
regional_deterministic,0.75,tcn,20260930,dragon,60,overall,3000,11329.0,2815.0,1169.0,3292.0,477.0,7555.0
regional_deterministic,0.75,tcn,20260930,dragon,60,europe,1500,5578.0,1396.0,607.0,1630.0,234.0,3749.0
regional_deterministic,0.75,tcn,20260930,dragon,60,americas,1500,5751.0,1419.0,562.0,1662.0,243.0,3806.0
regional_deterministic,0.75,tcn,20260930,teamfight,60,overall,3000,19795.0,1500.0,708.0,2610.0,1110.0,13137.0
regional_deterministic,0.75,tcn,20260930,teamfight,60,europe,1500,9978.0,744.0,366.0,1280.0,536.0,6630.0
regional_deterministic,0.75,tcn,20260930,teamfight,60,americas,1500,9817.0,756.0,342.0,1330.0,574.0,6507.0
regional_deterministic,0.75,tcn,20261001,baron,60,overall,3000,3241.0,1287.0,558.0,2563.0,1276.0,2152.0
regional_deterministic,0.75,tcn,20261001,baron,60,europe,1500,1610.0,658.0,283.0,1256.0,598.0,1048.0
regional_deterministic,0.75,tcn,20261001,baron,60,americas,1500,1631.0,629.0,275.0,1307.0,678.0,1104.0
regional_deterministic,0.75,tcn,20261001,dragon,60,overall,3000,11329.0,2290.0,884.0,2622.0,332.0,7555.0
regional_deterministic,0.75,tcn,20261001,dragon,60,europe,1500,5578.0,1115.0,453.0,1271.0,156.0,3749.0
regional_deterministic,0.75,tcn,20261001,dragon,60,americas,1500,5751.0,1175.0,431.0,1351.0,176.0,3806.0
regional_deterministic,0.75,tcn,20261001,teamfight,60,overall,3000,19795.0,1547.0,720.0,2665.0,1118.0,13137.0
regional_deterministic,0.75,tcn,20261001,teamfight,60,europe,1500,9978.0,760.0,368.0,1311.0,551.0,6630.0
regional_deterministic,0.75,tcn,20261001,teamfight,60,americas,1500,9817.0,787.0,352.0,1354.0,567.0,6507.0
regional_deterministic,0.75,tcn,20261002,baron,60,overall,3000,3241.0,1323.0,587.0,2689.0,1366.0,2152.0
regional_deterministic,0.75,tcn,20261002,baron,60,europe,1500,1610.0,736.0,338.0,1476.0,740.0,1048.0
regional_deterministic,0.75,tcn,20261002,baron,60,americas,1500,1631.0,587.0,249.0,1213.0,626.0,1104.0
regional_deterministic,0.75,tcn,20261002,dragon,60,overall,3000,11329.0,1906.0,818.0,2194.0,288.0,7555.0
regional_deterministic,0.75,tcn,20261002,dragon,60,europe,1500,5578.0,1573.0,724.0,1831.0,258.0,3749.0
regional_deterministic,0.75,tcn,20261002,dragon,60,americas,1500,5751.0,333.0,94.0,363.0,30.0,3806.0
regional_deterministic,0.75,tcn,20261002,teamfight,60,overall,3000,19795.0,1383.0,643.0,2340.0,957.0,13137.0
regional_deterministic,0.75,tcn,20261002,teamfight,60,europe,1500,9978.0,677.0,328.0,1146.0,469.0,6630.0
regional_deterministic,0.75,tcn,20261002,teamfight,60,americas,1500,9817.0,706.0,315.0,1194.0,488.0,6507.0
regional_deterministic,1.0,tcn,20260930,baron,60,overall,3000,3241.0,1645.0,811.0,3732.0,2087.0,2152.0
regional_deterministic,1.0,tcn,20260930,baron,60,europe,1500,1610.0,874.0,436.0,1959.0,1085.0,1048.0
regional_deterministic,1.0,tcn,20260930,baron,60,americas,1500,1631.0,771.0,375.0,1773.0,1002.0,1104.0
regional_deterministic,1.0,tcn,20260930,dragon,60,overall,3000,11329.0,2815.0,1169.0,3292.0,477.0,7555.0
regional_deterministic,1.0,tcn,20260930,dragon,60,europe,1500,5578.0,1396.0,607.0,1630.0,234.0,3749.0
regional_deterministic,1.0,tcn,20260930,dragon,60,americas,1500,5751.0,1419.0,562.0,1662.0,243.0,3806.0
regional_deterministic,1.0,tcn,20260930,teamfight,60,overall,3000,19795.0,1500.0,708.0,2610.0,1110.0,13137.0
regional_deterministic,1.0,tcn,20260930,teamfight,60,europe,1500,9978.0,744.0,366.0,1280.0,536.0,6630.0
regional_deterministic,1.0,tcn,20260930,teamfight,60,americas,1500,9817.0,756.0,342.0,1330.0,574.0,6507.0
regional_deterministic,1.0,tcn,20261001,baron,60,overall,3000,3241.0,1599.0,779.0,3565.0,1966.0,2152.0
regional_deterministic,1.0,tcn,20261001,baron,60,europe,1500,1610.0,860.0,430.0,1908.0,1048.0,1048.0
regional_deterministic,1.0,tcn,20261001,baron,60,americas,1500,1631.0,739.0,349.0,1657.0,918.0,1104.0
regional_deterministic,1.0,tcn,20261001,dragon,60,overall,3000,11329.0,3269.0,1468.0,3885.0,616.0,7555.0
regional_deterministic,1.0,tcn,20261001,dragon,60,europe,1500,5578.0,2094.0,1037.0,2534.0,440.0,3749.0
regional_deterministic,1.0,tcn,20261001,dragon,60,americas,1500,5751.0,1175.0,431.0,1351.0,176.0,3806.0
regional_deterministic,1.0,tcn,20261001,teamfight,60,overall,3000,19795.0,1547.0,720.0,2665.0,1118.0,13137.0
regional_deterministic,1.0,tcn,20261001,teamfight,60,europe,1500,9978.0,760.0,368.0,1311.0,551.0,6630.0
regional_deterministic,1.0,tcn,20261001,teamfight,60,americas,1500,9817.0,787.0,352.0,1354.0,567.0,6507.0
regional_deterministic,1.0,tcn,20261002,baron,60,overall,3000,3241.0,1667.0,841.0,3804.0,2137.0,2152.0
regional_deterministic,1.0,tcn,20261002,baron,60,europe,1500,1610.0,847.0,421.0,1833.0,986.0,1048.0
regional_deterministic,1.0,tcn,20261002,baron,60,americas,1500,1631.0,820.0,420.0,1971.0,1151.0,1104.0
regional_deterministic,1.0,tcn,20261002,dragon,60,overall,3000,11329.0,3182.0,1398.0,3722.0,540.0,7555.0
regional_deterministic,1.0,tcn,20261002,dragon,60,europe,1500,5578.0,1573.0,724.0,1831.0,258.0,3749.0
regional_deterministic,1.0,tcn,20261002,dragon,60,americas,1500,5751.0,1609.0,674.0,1891.0,282.0,3806.0
regional_deterministic,1.0,tcn,20261002,teamfight,60,overall,3000,19795.0,1383.0,643.0,2340.0,957.0,13137.0
regional_deterministic,1.0,tcn,20261002,teamfight,60,europe,1500,9978.0,677.0,328.0,1146.0,469.0,6630.0
regional_deterministic,1.0,tcn,20261002,teamfight,60,americas,1500,9817.0,706.0,315.0,1194.0,488.0,6507.0
regional_deterministic,0.25,snapshot,20260930,baron,30,overall,3000,3241.0,434.0,225.0,875.0,441.0,1091.0
regional_deterministic,0.25,snapshot,20260930,baron,30,europe,1500,1610.0,244.0,128.0,441.0,197.0,558.0
regional_deterministic,0.25,snapshot,20260930,baron,30,americas,1500,1631.0,190.0,97.0,434.0,244.0,533.0
regional_deterministic,0.25,snapshot,20260930,dragon,30,overall,3000,11329.0,421.0,199.0,568.0,147.0,3736.0
regional_deterministic,0.25,snapshot,20260930,dragon,30,europe,1500,5578.0,208.0,97.0,288.0,80.0,1834.0
regional_deterministic,0.25,snapshot,20260930,dragon,30,americas,1500,5751.0,213.0,102.0,280.0,67.0,1902.0
regional_deterministic,0.25,snapshot,20260930,teamfight,30,overall,3000,19795.0,259.0,110.0,564.0,305.0,6648.0
regional_deterministic,0.25,snapshot,20260930,teamfight,30,europe,1500,9978.0,113.0,47.0,260.0,147.0,3351.0
regional_deterministic,0.25,snapshot,20260930,teamfight,30,americas,1500,9817.0,146.0,63.0,304.0,158.0,3297.0
regional_deterministic,0.25,snapshot,20261001,baron,30,overall,3000,3241.0,413.0,207.0,799.0,386.0,1091.0
regional_deterministic,0.25,snapshot,20261001,baron,30,europe,1500,1610.0,233.0,119.0,409.0,176.0,558.0
regional_deterministic,0.25,snapshot,20261001,baron,30,americas,1500,1631.0,180.0,88.0,390.0,210.0,533.0
regional_deterministic,0.25,snapshot,20261001,dragon,30,overall,3000,11329.0,364.0,171.0,488.0,124.0,3736.0
regional_deterministic,0.25,snapshot,20261001,dragon,30,europe,1500,5578.0,187.0,88.0,252.0,65.0,1834.0
regional_deterministic,0.25,snapshot,20261001,dragon,30,americas,1500,5751.0,177.0,83.0,236.0,59.0,1902.0
regional_deterministic,0.25,snapshot,20261001,teamfight,30,overall,3000,19795.0,379.0,175.0,888.0,509.0,6648.0
regional_deterministic,0.25,snapshot,20261001,teamfight,30,europe,1500,9978.0,171.0,79.0,412.0,241.0,3351.0
regional_deterministic,0.25,snapshot,20261001,teamfight,30,americas,1500,9817.0,208.0,96.0,476.0,268.0,3297.0
regional_deterministic,0.25,snapshot,20261002,baron,30,overall,3000,3241.0,484.0,262.0,990.0,506.0,1091.0
regional_deterministic,0.25,snapshot,20261002,baron,30,europe,1500,1610.0,265.0,143.0,497.0,232.0,558.0
regional_deterministic,0.25,snapshot,20261002,baron,30,americas,1500,1631.0,219.0,119.0,493.0,274.0,533.0
regional_deterministic,0.25,snapshot,20261002,dragon,30,overall,3000,11329.0,409.0,191.0,553.0,144.0,3736.0
regional_deterministic,0.25,snapshot,20261002,dragon,30,europe,1500,5578.0,201.0,91.0,276.0,75.0,1834.0
regional_deterministic,0.25,snapshot,20261002,dragon,30,americas,1500,5751.0,208.0,100.0,277.0,69.0,1902.0
regional_deterministic,0.25,snapshot,20261002,teamfight,30,overall,3000,19795.0,267.0,113.0,577.0,310.0,6648.0
regional_deterministic,0.25,snapshot,20261002,teamfight,30,europe,1500,9978.0,116.0,49.0,270.0,154.0,3351.0
regional_deterministic,0.25,snapshot,20261002,teamfight,30,americas,1500,9817.0,151.0,64.0,307.0,156.0,3297.0
regional_deterministic,0.5,snapshot,20260930,baron,30,overall,3000,3241.0,712.0,411.0,1891.0,1179.0,1091.0
regional_deterministic,0.5,snapshot,20260930,baron,30,europe,1500,1610.0,384.0,218.0,936.0,552.0,558.0
regional_deterministic,0.5,snapshot,20260930,baron,30,americas,1500,1631.0,328.0,193.0,955.0,627.0,533.0
regional_deterministic,0.5,snapshot,20260930,dragon,30,overall,3000,11329.0,1021.0,516.0,1457.0,436.0,3736.0
regional_deterministic,0.5,snapshot,20260930,dragon,30,europe,1500,5578.0,485.0,247.0,721.0,236.0,1834.0
regional_deterministic,0.5,snapshot,20260930,dragon,30,americas,1500,5751.0,536.0,269.0,736.0,200.0,1902.0
regional_deterministic,0.5,snapshot,20260930,teamfight,30,overall,3000,19795.0,715.0,364.0,1835.0,1120.0,6648.0
regional_deterministic,0.5,snapshot,20260930,teamfight,30,europe,1500,9978.0,326.0,170.0,851.0,525.0,3351.0
regional_deterministic,0.5,snapshot,20260930,teamfight,30,americas,1500,9817.0,389.0,194.0,984.0,595.0,3297.0
regional_deterministic,0.5,snapshot,20261001,baron,30,overall,3000,3241.0,658.0,366.0,1709.0,1051.0,1091.0
regional_deterministic,0.5,snapshot,20261001,baron,30,europe,1500,1610.0,354.0,193.0,857.0,503.0,558.0
regional_deterministic,0.5,snapshot,20261001,baron,30,americas,1500,1631.0,304.0,173.0,852.0,548.0,533.0
regional_deterministic,0.5,snapshot,20261001,dragon,30,overall,3000,11329.0,976.0,496.0,1388.0,412.0,3736.0
regional_deterministic,0.5,snapshot,20261001,dragon,30,europe,1500,5578.0,477.0,241.0,701.0,224.0,1834.0
regional_deterministic,0.5,snapshot,20261001,dragon,30,americas,1500,5751.0,499.0,255.0,687.0,188.0,1902.0
regional_deterministic,0.5,snapshot,20261001,teamfight,30,overall,3000,19795.0,639.0,320.0,1625.0,986.0,6648.0
regional_deterministic,0.5,snapshot,20261001,teamfight,30,europe,1500,9978.0,293.0,156.0,768.0,475.0,3351.0
regional_deterministic,0.5,snapshot,20261001,teamfight,30,americas,1500,9817.0,346.0,164.0,857.0,511.0,3297.0
regional_deterministic,0.5,snapshot,20261002,baron,30,overall,3000,3241.0,666.0,379.0,1674.0,1008.0,1091.0
regional_deterministic,0.5,snapshot,20261002,baron,30,europe,1500,1610.0,361.0,206.0,833.0,472.0,558.0
regional_deterministic,0.5,snapshot,20261002,baron,30,americas,1500,1631.0,305.0,173.0,841.0,536.0,533.0
regional_deterministic,0.5,snapshot,20261002,dragon,30,overall,3000,11329.0,1013.0,510.0,1443.0,430.0,3736.0
regional_deterministic,0.5,snapshot,20261002,dragon,30,europe,1500,5578.0,491.0,246.0,721.0,230.0,1834.0
regional_deterministic,0.5,snapshot,20261002,dragon,30,americas,1500,5751.0,522.0,264.0,722.0,200.0,1902.0
regional_deterministic,0.5,snapshot,20261002,teamfight,30,overall,3000,19795.0,710.0,348.0,1812.0,1102.0,6648.0
regional_deterministic,0.5,snapshot,20261002,teamfight,30,europe,1500,9978.0,320.0,166.0,840.0,520.0,3351.0
regional_deterministic,0.5,snapshot,20261002,teamfight,30,americas,1500,9817.0,390.0,182.0,972.0,582.0,3297.0
regional_deterministic,0.75,snapshot,20260930,baron,30,overall,3000,3241.0,877.0,525.0,2683.0,1806.0,1091.0
regional_deterministic,0.75,snapshot,20260930,baron,30,europe,1500,1610.0,460.0,278.0,1306.0,846.0,558.0
regional_deterministic,0.75,snapshot,20260930,baron,30,americas,1500,1631.0,417.0,247.0,1377.0,960.0,533.0
regional_deterministic,0.75,snapshot,20260930,dragon,30,overall,3000,11329.0,1768.0,960.0,2680.0,912.0,3736.0
regional_deterministic,0.75,snapshot,20260930,dragon,30,europe,1500,5578.0,853.0,462.0,1311.0,458.0,1834.0
regional_deterministic,0.75,snapshot,20260930,dragon,30,americas,1500,5751.0,915.0,498.0,1369.0,454.0,1902.0
regional_deterministic,0.75,snapshot,20260930,teamfight,30,overall,3000,19795.0,715.0,364.0,1835.0,1120.0,6648.0
regional_deterministic,0.75,snapshot,20260930,teamfight,30,europe,1500,9978.0,326.0,170.0,851.0,525.0,3351.0
regional_deterministic,0.75,snapshot,20260930,teamfight,30,americas,1500,9817.0,389.0,194.0,984.0,595.0,3297.0
regional_deterministic,0.75,snapshot,20261001,baron,30,overall,3000,3241.0,824.0,483.0,2472.0,1648.0,1091.0
regional_deterministic,0.75,snapshot,20261001,baron,30,europe,1500,1610.0,430.0,248.0,1214.0,784.0,558.0
regional_deterministic,0.75,snapshot,20261001,baron,30,americas,1500,1631.0,394.0,235.0,1258.0,864.0,533.0
regional_deterministic,0.75,snapshot,20261001,dragon,30,overall,3000,11329.0,1673.0,900.0,2531.0,858.0,3736.0
regional_deterministic,0.75,snapshot,20261001,dragon,30,europe,1500,5578.0,812.0,438.0,1249.0,437.0,1834.0
regional_deterministic,0.75,snapshot,20261001,dragon,30,americas,1500,5751.0,861.0,462.0,1282.0,421.0,1902.0
regional_deterministic,0.75,snapshot,20261001,teamfight,30,overall,3000,19795.0,949.0,495.0,2643.0,1694.0,6648.0
regional_deterministic,0.75,snapshot,20261001,teamfight,30,europe,1500,9978.0,439.0,237.0,1275.0,836.0,3351.0
regional_deterministic,0.75,snapshot,20261001,teamfight,30,americas,1500,9817.0,510.0,258.0,1368.0,858.0,3297.0
regional_deterministic,0.75,snapshot,20261002,baron,30,overall,3000,3241.0,849.0,499.0,2519.0,1670.0,1091.0
regional_deterministic,0.75,snapshot,20261002,baron,30,europe,1500,1610.0,449.0,264.0,1240.0,791.0,558.0
regional_deterministic,0.75,snapshot,20261002,baron,30,americas,1500,1631.0,400.0,235.0,1279.0,879.0,533.0
regional_deterministic,0.75,snapshot,20261002,dragon,30,overall,3000,11329.0,1649.0,874.0,2508.0,859.0,3736.0
regional_deterministic,0.75,snapshot,20261002,dragon,30,europe,1500,5578.0,791.0,414.0,1228.0,437.0,1834.0
regional_deterministic,0.75,snapshot,20261002,dragon,30,americas,1500,5751.0,858.0,460.0,1280.0,422.0,1902.0
regional_deterministic,0.75,snapshot,20261002,teamfight,30,overall,3000,19795.0,710.0,348.0,1812.0,1102.0,6648.0
regional_deterministic,0.75,snapshot,20261002,teamfight,30,europe,1500,9978.0,320.0,166.0,840.0,520.0,3351.0
regional_deterministic,0.75,snapshot,20261002,teamfight,30,americas,1500,9817.0,390.0,182.0,972.0,582.0,3297.0
regional_deterministic,1.0,snapshot,20260930,baron,30,overall,3000,3241.0,1025.0,622.0,3583.0,2558.0,1091.0
regional_deterministic,1.0,snapshot,20260930,baron,30,europe,1500,1610.0,528.0,324.0,1737.0,1209.0,558.0
regional_deterministic,1.0,snapshot,20260930,baron,30,americas,1500,1631.0,497.0,298.0,1846.0,1349.0,533.0
regional_deterministic,1.0,snapshot,20260930,dragon,30,overall,3000,11329.0,2436.0,1358.0,3933.0,1497.0,3736.0
regional_deterministic,1.0,snapshot,20260930,dragon,30,europe,1500,5578.0,1195.0,666.0,1962.0,767.0,1834.0
regional_deterministic,1.0,snapshot,20260930,dragon,30,americas,1500,5751.0,1241.0,692.0,1971.0,730.0,1902.0
regional_deterministic,1.0,snapshot,20260930,teamfight,30,overall,3000,19795.0,1021.0,514.0,2876.0,1855.0,6648.0
regional_deterministic,1.0,snapshot,20260930,teamfight,30,europe,1500,9978.0,470.0,246.0,1366.0,896.0,3351.0
regional_deterministic,1.0,snapshot,20260930,teamfight,30,americas,1500,9817.0,551.0,268.0,1510.0,959.0,3297.0
regional_deterministic,1.0,snapshot,20261001,baron,30,overall,3000,3241.0,982.0,585.0,3322.0,2340.0,1091.0
regional_deterministic,1.0,snapshot,20261001,baron,30,europe,1500,1610.0,509.0,305.0,1601.0,1092.0,558.0
regional_deterministic,1.0,snapshot,20261001,baron,30,americas,1500,1631.0,473.0,280.0,1721.0,1248.0,533.0
regional_deterministic,1.0,snapshot,20261001,dragon,30,overall,3000,11329.0,2334.0,1309.0,3748.0,1414.0,3736.0
regional_deterministic,1.0,snapshot,20261001,dragon,30,europe,1500,5578.0,1139.0,631.0,1860.0,721.0,1834.0
regional_deterministic,1.0,snapshot,20261001,dragon,30,americas,1500,5751.0,1195.0,678.0,1888.0,693.0,1902.0
regional_deterministic,1.0,snapshot,20261001,teamfight,30,overall,3000,19795.0,949.0,495.0,2643.0,1694.0,6648.0
regional_deterministic,1.0,snapshot,20261001,teamfight,30,europe,1500,9978.0,439.0,237.0,1275.0,836.0,3351.0
regional_deterministic,1.0,snapshot,20261001,teamfight,30,americas,1500,9817.0,510.0,258.0,1368.0,858.0,3297.0
regional_deterministic,1.0,snapshot,20261002,baron,30,overall,3000,3241.0,1001.0,605.0,3431.0,2430.0,1091.0
regional_deterministic,1.0,snapshot,20261002,baron,30,europe,1500,1610.0,519.0,317.0,1652.0,1133.0,558.0
regional_deterministic,1.0,snapshot,20261002,baron,30,americas,1500,1631.0,482.0,288.0,1779.0,1297.0,533.0
regional_deterministic,1.0,snapshot,20261002,dragon,30,overall,3000,11329.0,2346.0,1324.0,3748.0,1402.0,3736.0
regional_deterministic,1.0,snapshot,20261002,dragon,30,europe,1500,5578.0,1137.0,642.0,1852.0,715.0,1834.0
regional_deterministic,1.0,snapshot,20261002,dragon,30,americas,1500,5751.0,1209.0,682.0,1896.0,687.0,1902.0
regional_deterministic,1.0,snapshot,20261002,teamfight,30,overall,3000,19795.0,1021.0,529.0,2860.0,1839.0,6648.0
regional_deterministic,1.0,snapshot,20261002,teamfight,30,europe,1500,9978.0,469.0,251.0,1345.0,876.0,3351.0
regional_deterministic,1.0,snapshot,20261002,teamfight,30,americas,1500,9817.0,552.0,278.0,1515.0,963.0,3297.0
regional_deterministic,0.25,snapshot,20260930,baron,60,overall,3000,3241.0,564.0,198.0,950.0,386.0,2152.0
regional_deterministic,0.25,snapshot,20260930,baron,60,europe,1500,1610.0,306.0,109.0,484.0,178.0,1048.0
regional_deterministic,0.25,snapshot,20260930,baron,60,americas,1500,1631.0,258.0,89.0,466.0,208.0,1104.0
regional_deterministic,0.25,snapshot,20260930,dragon,60,overall,3000,11329.0,140.0,39.0,146.0,6.0,7555.0
regional_deterministic,0.25,snapshot,20260930,dragon,60,europe,1500,5578.0,79.0,18.0,82.0,3.0,3749.0
regional_deterministic,0.25,snapshot,20260930,dragon,60,americas,1500,5751.0,61.0,21.0,64.0,3.0,3806.0
regional_deterministic,0.25,snapshot,20260930,teamfight,60,overall,3000,19795.0,303.0,104.0,514.0,211.0,13137.0
regional_deterministic,0.25,snapshot,20260930,teamfight,60,europe,1500,9978.0,146.0,48.0,243.0,97.0,6630.0
regional_deterministic,0.25,snapshot,20260930,teamfight,60,americas,1500,9817.0,157.0,56.0,271.0,114.0,6507.0
regional_deterministic,0.25,snapshot,20261001,baron,60,overall,3000,3241.0,520.0,168.0,852.0,332.0,2152.0
regional_deterministic,0.25,snapshot,20261001,baron,60,europe,1500,1610.0,295.0,97.0,454.0,159.0,1048.0
regional_deterministic,0.25,snapshot,20261001,baron,60,americas,1500,1631.0,225.0,71.0,398.0,173.0,1104.0
regional_deterministic,0.25,snapshot,20261001,dragon,60,overall,3000,11329.0,49.0,13.0,52.0,3.0,7555.0
regional_deterministic,0.25,snapshot,20261001,dragon,60,europe,1500,5578.0,25.0,4.0,26.0,1.0,3749.0
regional_deterministic,0.25,snapshot,20261001,dragon,60,americas,1500,5751.0,24.0,9.0,26.0,2.0,3806.0
regional_deterministic,0.25,snapshot,20261001,teamfight,60,overall,3000,19795.0,407.0,159.0,708.0,301.0,13137.0
regional_deterministic,0.25,snapshot,20261001,teamfight,60,europe,1500,9978.0,186.0,74.0,329.0,143.0,6630.0
regional_deterministic,0.25,snapshot,20261001,teamfight,60,americas,1500,9817.0,221.0,85.0,379.0,158.0,6507.0
regional_deterministic,0.25,snapshot,20261002,baron,60,overall,3000,3241.0,402.0,113.0,605.0,203.0,2152.0
regional_deterministic,0.25,snapshot,20261002,baron,60,europe,1500,1610.0,215.0,64.0,308.0,93.0,1048.0
regional_deterministic,0.25,snapshot,20261002,baron,60,americas,1500,1631.0,187.0,49.0,297.0,110.0,1104.0
regional_deterministic,0.25,snapshot,20261002,dragon,60,overall,3000,11329.0,94.0,30.0,97.0,3.0,7555.0
regional_deterministic,0.25,snapshot,20261002,dragon,60,europe,1500,5578.0,53.0,14.0,54.0,1.0,3749.0
regional_deterministic,0.25,snapshot,20261002,dragon,60,americas,1500,5751.0,41.0,16.0,43.0,2.0,3806.0
regional_deterministic,0.25,snapshot,20261002,teamfight,60,overall,3000,19795.0,275.0,93.0,471.0,196.0,13137.0
regional_deterministic,0.25,snapshot,20261002,teamfight,60,europe,1500,9978.0,131.0,45.0,220.0,89.0,6630.0
regional_deterministic,0.25,snapshot,20261002,teamfight,60,americas,1500,9817.0,144.0,48.0,251.0,107.0,6507.0
regional_deterministic,0.5,snapshot,20260930,baron,60,overall,3000,3241.0,817.0,337.0,1541.0,724.0,2152.0
regional_deterministic,0.5,snapshot,20260930,baron,60,europe,1500,1610.0,431.0,173.0,763.0,332.0,1048.0
regional_deterministic,0.5,snapshot,20260930,baron,60,americas,1500,1631.0,386.0,164.0,778.0,392.0,1104.0
regional_deterministic,0.5,snapshot,20260930,dragon,60,overall,3000,11329.0,140.0,39.0,146.0,6.0,7555.0
regional_deterministic,0.5,snapshot,20260930,dragon,60,europe,1500,5578.0,79.0,18.0,82.0,3.0,3749.0
regional_deterministic,0.5,snapshot,20260930,dragon,60,americas,1500,5751.0,61.0,21.0,64.0,3.0,3806.0
regional_deterministic,0.5,snapshot,20260930,teamfight,60,overall,3000,19795.0,781.0,344.0,1428.0,647.0,13137.0
regional_deterministic,0.5,snapshot,20260930,teamfight,60,europe,1500,9978.0,354.0,159.0,657.0,303.0,6630.0
regional_deterministic,0.5,snapshot,20260930,teamfight,60,americas,1500,9817.0,427.0,185.0,771.0,344.0,6507.0
regional_deterministic,0.5,snapshot,20261001,baron,60,overall,3000,3241.0,752.0,287.0,1399.0,647.0,2152.0
regional_deterministic,0.5,snapshot,20261001,baron,60,europe,1500,1610.0,409.0,158.0,703.0,294.0,1048.0
regional_deterministic,0.5,snapshot,20261001,baron,60,americas,1500,1631.0,343.0,129.0,696.0,353.0,1104.0
regional_deterministic,0.5,snapshot,20261001,dragon,60,overall,3000,11329.0,1103.0,512.0,1265.0,162.0,7555.0
regional_deterministic,0.5,snapshot,20261001,dragon,60,europe,1500,5578.0,1079.0,503.0,1239.0,160.0,3749.0
regional_deterministic,0.5,snapshot,20261001,dragon,60,americas,1500,5751.0,24.0,9.0,26.0,2.0,3806.0
regional_deterministic,0.5,snapshot,20261001,teamfight,60,overall,3000,19795.0,1013.0,469.0,1955.0,942.0,13137.0
regional_deterministic,0.5,snapshot,20261001,teamfight,60,europe,1500,9978.0,465.0,221.0,913.0,448.0,6630.0
regional_deterministic,0.5,snapshot,20261001,teamfight,60,americas,1500,9817.0,548.0,248.0,1042.0,494.0,6507.0
regional_deterministic,0.5,snapshot,20261002,baron,60,overall,3000,3241.0,953.0,415.0,1884.0,931.0,2152.0
regional_deterministic,0.5,snapshot,20261002,baron,60,europe,1500,1610.0,505.0,218.0,942.0,437.0,1048.0
regional_deterministic,0.5,snapshot,20261002,baron,60,americas,1500,1631.0,448.0,197.0,942.0,494.0,1104.0
regional_deterministic,0.5,snapshot,20261002,dragon,60,overall,3000,11329.0,2131.0,961.0,2475.0,344.0,7555.0
regional_deterministic,0.5,snapshot,20261002,dragon,60,europe,1500,5578.0,1043.0,502.0,1196.0,153.0,3749.0
regional_deterministic,0.5,snapshot,20261002,dragon,60,americas,1500,5751.0,1088.0,459.0,1279.0,191.0,3806.0
regional_deterministic,0.5,snapshot,20261002,teamfight,60,overall,3000,19795.0,731.0,312.0,1344.0,613.0,13137.0
regional_deterministic,0.5,snapshot,20261002,teamfight,60,europe,1500,9978.0,330.0,144.0,627.0,297.0,6630.0
regional_deterministic,0.5,snapshot,20261002,teamfight,60,americas,1500,9817.0,401.0,168.0,717.0,316.0,6507.0
regional_deterministic,0.75,snapshot,20260930,baron,60,overall,3000,3241.0,1101.0,504.0,2311.0,1210.0,2152.0
regional_deterministic,0.75,snapshot,20260930,baron,60,europe,1500,1610.0,574.0,256.0,1145.0,571.0,1048.0
regional_deterministic,0.75,snapshot,20260930,baron,60,americas,1500,1631.0,527.0,248.0,1166.0,639.0,1104.0
regional_deterministic,0.75,snapshot,20260930,dragon,60,overall,3000,11329.0,2454.0,1114.0,2873.0,419.0,7555.0
regional_deterministic,0.75,snapshot,20260930,dragon,60,europe,1500,5578.0,1212.0,574.0,1416.0,204.0,3749.0
regional_deterministic,0.75,snapshot,20260930,dragon,60,americas,1500,5751.0,1242.0,540.0,1457.0,215.0,3806.0
regional_deterministic,0.75,snapshot,20260930,teamfight,60,overall,3000,19795.0,781.0,344.0,1428.0,647.0,13137.0
regional_deterministic,0.75,snapshot,20260930,teamfight,60,europe,1500,9978.0,354.0,159.0,657.0,303.0,6630.0
regional_deterministic,0.75,snapshot,20260930,teamfight,60,americas,1500,9817.0,427.0,185.0,771.0,344.0,6507.0
regional_deterministic,0.75,snapshot,20261001,baron,60,overall,3000,3241.0,1286.0,623.0,2872.0,1586.0,2152.0
regional_deterministic,0.75,snapshot,20261001,baron,60,europe,1500,1610.0,648.0,303.0,1402.0,754.0,1048.0
regional_deterministic,0.75,snapshot,20261001,baron,60,americas,1500,1631.0,638.0,320.0,1470.0,832.0,1104.0
regional_deterministic,0.75,snapshot,20261001,dragon,60,overall,3000,11329.0,2183.0,954.0,2532.0,349.0,7555.0
regional_deterministic,0.75,snapshot,20261001,dragon,60,europe,1500,5578.0,1079.0,503.0,1239.0,160.0,3749.0
regional_deterministic,0.75,snapshot,20261001,dragon,60,americas,1500,5751.0,1104.0,451.0,1293.0,189.0,3806.0
regional_deterministic,0.75,snapshot,20261001,teamfight,60,overall,3000,19795.0,1013.0,469.0,1955.0,942.0,13137.0
regional_deterministic,0.75,snapshot,20261001,teamfight,60,europe,1500,9978.0,465.0,221.0,913.0,448.0,6630.0
regional_deterministic,0.75,snapshot,20261001,teamfight,60,americas,1500,9817.0,548.0,248.0,1042.0,494.0,6507.0
regional_deterministic,0.75,snapshot,20261002,baron,60,overall,3000,3241.0,1226.0,587.0,2665.0,1439.0,2152.0
regional_deterministic,0.75,snapshot,20261002,baron,60,europe,1500,1610.0,631.0,294.0,1313.0,682.0,1048.0
regional_deterministic,0.75,snapshot,20261002,baron,60,americas,1500,1631.0,595.0,293.0,1352.0,757.0,1104.0
regional_deterministic,0.75,snapshot,20261002,dragon,60,overall,3000,11329.0,2131.0,961.0,2475.0,344.0,7555.0
regional_deterministic,0.75,snapshot,20261002,dragon,60,europe,1500,5578.0,1043.0,502.0,1196.0,153.0,3749.0
regional_deterministic,0.75,snapshot,20261002,dragon,60,americas,1500,5751.0,1088.0,459.0,1279.0,191.0,3806.0
regional_deterministic,0.75,snapshot,20261002,teamfight,60,overall,3000,19795.0,1155.0,550.0,2252.0,1097.0,13137.0
regional_deterministic,0.75,snapshot,20261002,teamfight,60,europe,1500,9978.0,330.0,144.0,627.0,297.0,6630.0
regional_deterministic,0.75,snapshot,20261002,teamfight,60,americas,1500,9817.0,825.0,406.0,1625.0,800.0,6507.0
regional_deterministic,1.0,snapshot,20260930,baron,60,overall,3000,3241.0,1379.0,685.0,3133.0,1754.0,2152.0
regional_deterministic,1.0,snapshot,20260930,baron,60,europe,1500,1610.0,694.0,332.0,1515.0,821.0,1048.0
regional_deterministic,1.0,snapshot,20260930,baron,60,americas,1500,1631.0,685.0,353.0,1618.0,933.0,1104.0
regional_deterministic,1.0,snapshot,20260930,dragon,60,overall,3000,11329.0,2454.0,1114.0,2873.0,419.0,7555.0
regional_deterministic,1.0,snapshot,20260930,dragon,60,europe,1500,5578.0,1212.0,574.0,1416.0,204.0,3749.0
regional_deterministic,1.0,snapshot,20260930,dragon,60,americas,1500,5751.0,1242.0,540.0,1457.0,215.0,3806.0
regional_deterministic,1.0,snapshot,20260930,teamfight,60,overall,3000,19795.0,1621.0,827.0,3278.0,1657.0,13137.0
regional_deterministic,1.0,snapshot,20260930,teamfight,60,europe,1500,9978.0,755.0,399.0,1545.0,790.0,6630.0
regional_deterministic,1.0,snapshot,20260930,teamfight,60,americas,1500,9817.0,866.0,428.0,1733.0,867.0,6507.0
regional_deterministic,1.0,snapshot,20261001,baron,60,overall,3000,3241.0,1542.0,790.0,3625.0,2083.0,2152.0
regional_deterministic,1.0,snapshot,20261001,baron,60,europe,1500,1610.0,766.0,381.0,1721.0,955.0,1048.0
regional_deterministic,1.0,snapshot,20261001,baron,60,americas,1500,1631.0,776.0,409.0,1904.0,1128.0,1104.0
regional_deterministic,1.0,snapshot,20261001,dragon,60,overall,3000,11329.0,2183.0,954.0,2532.0,349.0,7555.0
regional_deterministic,1.0,snapshot,20261001,dragon,60,europe,1500,5578.0,1079.0,503.0,1239.0,160.0,3749.0
regional_deterministic,1.0,snapshot,20261001,dragon,60,americas,1500,5751.0,1104.0,451.0,1293.0,189.0,3806.0
regional_deterministic,1.0,snapshot,20261001,teamfight,60,overall,3000,19795.0,1013.0,469.0,1955.0,942.0,13137.0
regional_deterministic,1.0,snapshot,20261001,teamfight,60,europe,1500,9978.0,465.0,221.0,913.0,448.0,6630.0
regional_deterministic,1.0,snapshot,20261001,teamfight,60,americas,1500,9817.0,548.0,248.0,1042.0,494.0,6507.0
regional_deterministic,1.0,snapshot,20261002,baron,60,overall,3000,3241.0,1495.0,766.0,3487.0,1992.0,2152.0
regional_deterministic,1.0,snapshot,20261002,baron,60,europe,1500,1610.0,755.0,377.0,1680.0,925.0,1048.0
regional_deterministic,1.0,snapshot,20261002,baron,60,americas,1500,1631.0,740.0,389.0,1807.0,1067.0,1104.0
regional_deterministic,1.0,snapshot,20261002,dragon,60,overall,3000,11329.0,3279.0,1630.0,3963.0,684.0,7555.0
regional_deterministic,1.0,snapshot,20261002,dragon,60,europe,1500,5578.0,2191.0,1171.0,2684.0,493.0,3749.0
regional_deterministic,1.0,snapshot,20261002,dragon,60,americas,1500,5751.0,1088.0,459.0,1279.0,191.0,3806.0
regional_deterministic,1.0,snapshot,20261002,teamfight,60,overall,3000,19795.0,1560.0,805.0,3110.0,1550.0,13137.0
regional_deterministic,1.0,snapshot,20261002,teamfight,60,europe,1500,9978.0,735.0,399.0,1485.0,750.0,6630.0
regional_deterministic,1.0,snapshot,20261002,teamfight,60,americas,1500,9817.0,825.0,406.0,1625.0,800.0,6507.0
regional_deterministic,0.25,current_only,20260930,baron,30,overall,3000,3241.0,479.0,248.0,936.0,457.0,1091.0
regional_deterministic,0.25,current_only,20260930,baron,30,europe,1500,1610.0,264.0,131.0,482.0,218.0,558.0
regional_deterministic,0.25,current_only,20260930,baron,30,americas,1500,1631.0,215.0,117.0,454.0,239.0,533.0
regional_deterministic,0.25,current_only,20260930,dragon,30,overall,3000,11329.0,706.0,354.0,937.0,231.0,3736.0
regional_deterministic,0.25,current_only,20260930,dragon,30,europe,1500,5578.0,232.0,115.0,298.0,66.0,1834.0
regional_deterministic,0.25,current_only,20260930,dragon,30,americas,1500,5751.0,474.0,239.0,639.0,165.0,1902.0
regional_deterministic,0.25,current_only,20260930,teamfight,30,overall,3000,19795.0,426.0,199.0,984.0,558.0,6648.0
regional_deterministic,0.25,current_only,20260930,teamfight,30,europe,1500,9978.0,184.0,95.0,454.0,270.0,3351.0
regional_deterministic,0.25,current_only,20260930,teamfight,30,americas,1500,9817.0,242.0,104.0,530.0,288.0,3297.0
regional_deterministic,0.25,current_only,20261001,baron,30,overall,3000,3241.0,496.0,265.0,989.0,493.0,1091.0
regional_deterministic,0.25,current_only,20261001,baron,30,europe,1500,1610.0,261.0,135.0,492.0,231.0,558.0
regional_deterministic,0.25,current_only,20261001,baron,30,americas,1500,1631.0,235.0,130.0,497.0,262.0,533.0
regional_deterministic,0.25,current_only,20261001,dragon,30,overall,3000,11329.0,554.0,275.0,711.0,157.0,3736.0
regional_deterministic,0.25,current_only,20261001,dragon,30,europe,1500,5578.0,274.0,136.0,357.0,83.0,1834.0
regional_deterministic,0.25,current_only,20261001,dragon,30,americas,1500,5751.0,280.0,139.0,354.0,74.0,1902.0
regional_deterministic,0.25,current_only,20261001,teamfight,30,overall,3000,19795.0,300.0,133.0,630.0,330.0,6648.0
regional_deterministic,0.25,current_only,20261001,teamfight,30,europe,1500,9978.0,127.0,60.0,287.0,160.0,3351.0
regional_deterministic,0.25,current_only,20261001,teamfight,30,americas,1500,9817.0,173.0,73.0,343.0,170.0,3297.0
regional_deterministic,0.25,current_only,20261002,baron,30,overall,3000,3241.0,464.0,241.0,896.0,432.0,1091.0
regional_deterministic,0.25,current_only,20261002,baron,30,europe,1500,1610.0,253.0,128.0,462.0,209.0,558.0
regional_deterministic,0.25,current_only,20261002,baron,30,americas,1500,1631.0,211.0,113.0,434.0,223.0,533.0
regional_deterministic,0.25,current_only,20261002,dragon,30,overall,3000,11329.0,489.0,222.0,628.0,139.0,3736.0
regional_deterministic,0.25,current_only,20261002,dragon,30,europe,1500,5578.0,238.0,106.0,309.0,71.0,1834.0
regional_deterministic,0.25,current_only,20261002,dragon,30,americas,1500,5751.0,251.0,116.0,319.0,68.0,1902.0
regional_deterministic,0.25,current_only,20261002,teamfight,30,overall,3000,19795.0,271.0,128.0,578.0,307.0,6648.0
regional_deterministic,0.25,current_only,20261002,teamfight,30,europe,1500,9978.0,118.0,61.0,266.0,148.0,3351.0
regional_deterministic,0.25,current_only,20261002,teamfight,30,americas,1500,9817.0,153.0,67.0,312.0,159.0,3297.0
regional_deterministic,0.5,current_only,20260930,baron,30,overall,3000,3241.0,696.0,397.0,1761.0,1065.0,1091.0
regional_deterministic,0.5,current_only,20260930,baron,30,europe,1500,1610.0,375.0,205.0,879.0,504.0,558.0
regional_deterministic,0.5,current_only,20260930,baron,30,americas,1500,1631.0,321.0,192.0,882.0,561.0,533.0
regional_deterministic,0.5,current_only,20260930,dragon,30,overall,3000,11329.0,1561.0,817.0,2251.0,690.0,3736.0
regional_deterministic,0.5,current_only,20260930,dragon,30,europe,1500,5578.0,754.0,393.0,1116.0,362.0,1834.0
regional_deterministic,0.5,current_only,20260930,dragon,30,americas,1500,5751.0,807.0,424.0,1135.0,328.0,1902.0
regional_deterministic,0.5,current_only,20260930,teamfight,30,overall,3000,19795.0,699.0,352.0,1749.0,1050.0,6648.0
regional_deterministic,0.5,current_only,20260930,teamfight,30,europe,1500,9978.0,313.0,164.0,808.0,495.0,3351.0
regional_deterministic,0.5,current_only,20260930,teamfight,30,americas,1500,9817.0,386.0,188.0,941.0,555.0,3297.0
regional_deterministic,0.5,current_only,20261001,baron,30,overall,3000,3241.0,717.0,406.0,1820.0,1103.0,1091.0
regional_deterministic,0.5,current_only,20261001,baron,30,europe,1500,1610.0,380.0,212.0,883.0,503.0,558.0
regional_deterministic,0.5,current_only,20261001,baron,30,americas,1500,1631.0,337.0,194.0,937.0,600.0,533.0
regional_deterministic,0.5,current_only,20261001,dragon,30,overall,3000,11329.0,1346.0,720.0,1935.0,589.0,3736.0
regional_deterministic,0.5,current_only,20261001,dragon,30,europe,1500,5578.0,511.0,267.0,724.0,213.0,1834.0
regional_deterministic,0.5,current_only,20261001,dragon,30,americas,1500,5751.0,835.0,453.0,1211.0,376.0,1902.0
regional_deterministic,0.5,current_only,20261001,teamfight,30,overall,3000,19795.0,492.0,230.0,1176.0,684.0,6648.0
regional_deterministic,0.5,current_only,20261001,teamfight,30,europe,1500,9978.0,212.0,108.0,534.0,322.0,3351.0
regional_deterministic,0.5,current_only,20261001,teamfight,30,americas,1500,9817.0,280.0,122.0,642.0,362.0,3297.0
regional_deterministic,0.5,current_only,20261002,baron,30,overall,3000,3241.0,721.0,414.0,1865.0,1144.0,1091.0
regional_deterministic,0.5,current_only,20261002,baron,30,europe,1500,1610.0,381.0,219.0,925.0,544.0,558.0
regional_deterministic,0.5,current_only,20261002,baron,30,americas,1500,1631.0,340.0,195.0,940.0,600.0,533.0
regional_deterministic,0.5,current_only,20261002,dragon,30,overall,3000,11329.0,1071.0,558.0,1450.0,379.0,3736.0
regional_deterministic,0.5,current_only,20261002,dragon,30,europe,1500,5578.0,508.0,266.0,714.0,206.0,1834.0
regional_deterministic,0.5,current_only,20261002,dragon,30,americas,1500,5751.0,563.0,292.0,736.0,173.0,1902.0
regional_deterministic,0.5,current_only,20261002,teamfight,30,overall,3000,19795.0,727.0,377.0,1833.0,1106.0,6648.0
regional_deterministic,0.5,current_only,20261002,teamfight,30,europe,1500,9978.0,326.0,179.0,875.0,549.0,3351.0
regional_deterministic,0.5,current_only,20261002,teamfight,30,americas,1500,9817.0,401.0,198.0,958.0,557.0,3297.0
regional_deterministic,0.75,current_only,20260930,baron,30,overall,3000,3241.0,890.0,525.0,2755.0,1865.0,1091.0
regional_deterministic,0.75,current_only,20260930,baron,30,europe,1500,1610.0,466.0,275.0,1337.0,871.0,558.0
regional_deterministic,0.75,current_only,20260930,baron,30,americas,1500,1631.0,424.0,250.0,1418.0,994.0,533.0
regional_deterministic,0.75,current_only,20260930,dragon,30,overall,3000,11329.0,2195.0,1207.0,3371.0,1176.0,3736.0
regional_deterministic,0.75,current_only,20260930,dragon,30,europe,1500,5578.0,1066.0,583.0,1688.0,622.0,1834.0
regional_deterministic,0.75,current_only,20260930,dragon,30,americas,1500,5751.0,1129.0,624.0,1683.0,554.0,1902.0
regional_deterministic,0.75,current_only,20260930,teamfight,30,overall,3000,19795.0,871.0,440.0,2314.0,1443.0,6648.0
regional_deterministic,0.75,current_only,20260930,teamfight,30,europe,1500,9978.0,485.0,252.0,1373.0,888.0,3351.0
regional_deterministic,0.75,current_only,20260930,teamfight,30,americas,1500,9817.0,386.0,188.0,941.0,555.0,3297.0
regional_deterministic,0.75,current_only,20261001,baron,30,overall,3000,3241.0,894.0,531.0,2646.0,1752.0,1091.0
regional_deterministic,0.75,current_only,20261001,baron,30,europe,1500,1610.0,486.0,293.0,1360.0,874.0,558.0
regional_deterministic,0.75,current_only,20261001,baron,30,americas,1500,1631.0,408.0,238.0,1286.0,878.0,533.0
regional_deterministic,0.75,current_only,20261001,dragon,30,overall,3000,11329.0,2239.0,1239.0,3474.0,1235.0,3736.0
regional_deterministic,0.75,current_only,20261001,dragon,30,europe,1500,5578.0,1089.0,603.0,1735.0,646.0,1834.0
regional_deterministic,0.75,current_only,20261001,dragon,30,americas,1500,5751.0,1150.0,636.0,1739.0,589.0,1902.0
regional_deterministic,0.75,current_only,20261001,teamfight,30,overall,3000,19795.0,775.0,390.0,2011.0,1236.0,6648.0
regional_deterministic,0.75,current_only,20261001,teamfight,30,europe,1500,9978.0,358.0,191.0,965.0,607.0,3351.0
regional_deterministic,0.75,current_only,20261001,teamfight,30,americas,1500,9817.0,417.0,199.0,1046.0,629.0,3297.0
regional_deterministic,0.75,current_only,20261002,baron,30,overall,3000,3241.0,894.0,533.0,2695.0,1801.0,1091.0
regional_deterministic,0.75,current_only,20261002,baron,30,europe,1500,1610.0,459.0,273.0,1296.0,837.0,558.0
regional_deterministic,0.75,current_only,20261002,baron,30,americas,1500,1631.0,435.0,260.0,1399.0,964.0,533.0
regional_deterministic,0.75,current_only,20261002,dragon,30,overall,3000,11329.0,1725.0,912.0,2531.0,806.0,3736.0
regional_deterministic,0.75,current_only,20261002,dragon,30,europe,1500,5578.0,826.0,438.0,1248.0,422.0,1834.0
regional_deterministic,0.75,current_only,20261002,dragon,30,americas,1500,5751.0,899.0,474.0,1283.0,384.0,1902.0
regional_deterministic,0.75,current_only,20261002,teamfight,30,overall,3000,19795.0,892.0,462.0,2350.0,1458.0,6648.0
regional_deterministic,0.75,current_only,20261002,teamfight,30,europe,1500,9978.0,491.0,264.0,1392.0,901.0,3351.0
regional_deterministic,0.75,current_only,20261002,teamfight,30,americas,1500,9817.0,401.0,198.0,958.0,557.0,3297.0
regional_deterministic,1.0,current_only,20260930,baron,30,overall,3000,3241.0,1006.0,604.0,3505.0,2499.0,1091.0
regional_deterministic,1.0,current_only,20260930,baron,30,europe,1500,1610.0,521.0,315.0,1699.0,1178.0,558.0
regional_deterministic,1.0,current_only,20260930,baron,30,americas,1500,1631.0,485.0,289.0,1806.0,1321.0,533.0
regional_deterministic,1.0,current_only,20260930,dragon,30,overall,3000,11329.0,2768.0,1569.0,4461.0,1693.0,3736.0
regional_deterministic,1.0,current_only,20260930,dragon,30,europe,1500,5578.0,1346.0,761.0,2223.0,877.0,1834.0
regional_deterministic,1.0,current_only,20260930,dragon,30,americas,1500,5751.0,1422.0,808.0,2238.0,816.0,1902.0
regional_deterministic,1.0,current_only,20260930,teamfight,30,overall,3000,19795.0,1047.0,523.0,2858.0,1811.0,6648.0
regional_deterministic,1.0,current_only,20260930,teamfight,30,europe,1500,9978.0,485.0,252.0,1373.0,888.0,3351.0
regional_deterministic,1.0,current_only,20260930,teamfight,30,americas,1500,9817.0,562.0,271.0,1485.0,923.0,3297.0
regional_deterministic,1.0,current_only,20261001,baron,30,overall,3000,3241.0,1011.0,607.0,3456.0,2445.0,1091.0
regional_deterministic,1.0,current_only,20261001,baron,30,europe,1500,1610.0,533.0,326.0,1770.0,1237.0,558.0
regional_deterministic,1.0,current_only,20261001,baron,30,americas,1500,1631.0,478.0,281.0,1686.0,1208.0,533.0
regional_deterministic,1.0,current_only,20261001,dragon,30,overall,3000,11329.0,2786.0,1589.0,4508.0,1722.0,3736.0
regional_deterministic,1.0,current_only,20261001,dragon,30,europe,1500,5578.0,1351.0,769.0,2229.0,878.0,1834.0
regional_deterministic,1.0,current_only,20261001,dragon,30,americas,1500,5751.0,1435.0,820.0,2279.0,844.0,1902.0
regional_deterministic,1.0,current_only,20261001,teamfight,30,overall,3000,19795.0,1150.0,587.0,3241.0,2091.0,6648.0
regional_deterministic,1.0,current_only,20261001,teamfight,30,europe,1500,9978.0,541.0,284.0,1565.0,1024.0,3351.0
regional_deterministic,1.0,current_only,20261001,teamfight,30,americas,1500,9817.0,609.0,303.0,1676.0,1067.0,3297.0
regional_deterministic,1.0,current_only,20261002,baron,30,overall,3000,3241.0,1012.0,621.0,3419.0,2407.0,1091.0
regional_deterministic,1.0,current_only,20261002,baron,30,europe,1500,1610.0,539.0,332.0,1765.0,1226.0,558.0
regional_deterministic,1.0,current_only,20261002,baron,30,americas,1500,1631.0,473.0,289.0,1654.0,1181.0,533.0
regional_deterministic,1.0,current_only,20261002,dragon,30,overall,3000,11329.0,2454.0,1378.0,3819.0,1365.0,3736.0
regional_deterministic,1.0,current_only,20261002,dragon,30,europe,1500,5578.0,1184.0,662.0,1895.0,711.0,1834.0
regional_deterministic,1.0,current_only,20261002,dragon,30,americas,1500,5751.0,1270.0,716.0,1924.0,654.0,1902.0
regional_deterministic,1.0,current_only,20261002,teamfight,30,overall,3000,19795.0,1053.0,550.0,2904.0,1851.0,6648.0
regional_deterministic,1.0,current_only,20261002,teamfight,30,europe,1500,9978.0,491.0,264.0,1392.0,901.0,3351.0
regional_deterministic,1.0,current_only,20261002,teamfight,30,americas,1500,9817.0,562.0,286.0,1512.0,950.0,3297.0
regional_deterministic,0.25,current_only,20260930,baron,60,overall,3000,3241.0,528.0,156.0,852.0,324.0,2152.0
regional_deterministic,0.25,current_only,20260930,baron,60,europe,1500,1610.0,296.0,88.0,439.0,143.0,1048.0
regional_deterministic,0.25,current_only,20260930,baron,60,americas,1500,1631.0,232.0,68.0,413.0,181.0,1104.0
regional_deterministic,0.25,current_only,20260930,dragon,60,overall,3000,11329.0,342.0,86.0,367.0,25.0,7555.0
regional_deterministic,0.25,current_only,20260930,dragon,60,europe,1500,5578.0,182.0,50.0,193.0,11.0,3749.0
regional_deterministic,0.25,current_only,20260930,dragon,60,americas,1500,5751.0,160.0,36.0,174.0,14.0,3806.0
regional_deterministic,0.25,current_only,20260930,teamfight,60,overall,3000,19795.0,256.0,90.0,418.0,162.0,13137.0
regional_deterministic,0.25,current_only,20260930,teamfight,60,europe,1500,9978.0,124.0,47.0,198.0,74.0,6630.0
regional_deterministic,0.25,current_only,20260930,teamfight,60,americas,1500,9817.0,132.0,43.0,220.0,88.0,6507.0
regional_deterministic,0.25,current_only,20261001,baron,60,overall,3000,3241.0,451.0,118.0,687.0,236.0,2152.0
regional_deterministic,0.25,current_only,20261001,baron,60,europe,1500,1610.0,244.0,63.0,354.0,110.0,1048.0
regional_deterministic,0.25,current_only,20261001,baron,60,americas,1500,1631.0,207.0,55.0,333.0,126.0,1104.0
regional_deterministic,0.25,current_only,20261001,dragon,60,overall,3000,11329.0,392.0,101.0,428.0,36.0,7555.0
regional_deterministic,0.25,current_only,20261001,dragon,60,europe,1500,5578.0,198.0,55.0,219.0,21.0,3749.0
regional_deterministic,0.25,current_only,20261001,dragon,60,americas,1500,5751.0,194.0,46.0,209.0,15.0,3806.0
regional_deterministic,0.25,current_only,20261001,teamfight,60,overall,3000,19795.0,413.0,159.0,685.0,272.0,13137.0
regional_deterministic,0.25,current_only,20261001,teamfight,60,europe,1500,9978.0,95.0,33.0,148.0,53.0,6630.0
regional_deterministic,0.25,current_only,20261001,teamfight,60,americas,1500,9817.0,318.0,126.0,537.0,219.0,6507.0
regional_deterministic,0.25,current_only,20261002,baron,60,overall,3000,3241.0,449.0,126.0,669.0,220.0,2152.0
regional_deterministic,0.25,current_only,20261002,baron,60,europe,1500,1610.0,245.0,69.0,340.0,95.0,1048.0
regional_deterministic,0.25,current_only,20261002,baron,60,americas,1500,1631.0,204.0,57.0,329.0,125.0,1104.0
regional_deterministic,0.25,current_only,20261002,dragon,60,overall,3000,11329.0,351.0,92.0,382.0,31.0,7555.0
regional_deterministic,0.25,current_only,20261002,dragon,60,europe,1500,5578.0,182.0,48.0,198.0,16.0,3749.0
regional_deterministic,0.25,current_only,20261002,dragon,60,americas,1500,5751.0,169.0,44.0,184.0,15.0,3806.0
regional_deterministic,0.25,current_only,20261002,teamfight,60,overall,3000,19795.0,287.0,111.0,474.0,187.0,13137.0
regional_deterministic,0.25,current_only,20261002,teamfight,60,europe,1500,9978.0,132.0,52.0,225.0,93.0,6630.0
regional_deterministic,0.25,current_only,20261002,teamfight,60,americas,1500,9817.0,155.0,59.0,249.0,94.0,6507.0
regional_deterministic,0.5,current_only,20260930,baron,60,overall,3000,3241.0,925.0,382.0,1757.0,832.0,2152.0
regional_deterministic,0.5,current_only,20260930,baron,60,europe,1500,1610.0,496.0,205.0,879.0,383.0,1048.0
regional_deterministic,0.5,current_only,20260930,baron,60,americas,1500,1631.0,429.0,177.0,878.0,449.0,1104.0
regional_deterministic,0.5,current_only,20260930,dragon,60,overall,3000,11329.0,342.0,86.0,367.0,25.0,7555.0
regional_deterministic,0.5,current_only,20260930,dragon,60,europe,1500,5578.0,182.0,50.0,193.0,11.0,3749.0
regional_deterministic,0.5,current_only,20260930,dragon,60,americas,1500,5751.0,160.0,36.0,174.0,14.0,3806.0
regional_deterministic,0.5,current_only,20260930,teamfight,60,overall,3000,19795.0,785.0,374.0,1337.0,552.0,13137.0
regional_deterministic,0.5,current_only,20260930,teamfight,60,europe,1500,9978.0,360.0,175.0,622.0,262.0,6630.0
regional_deterministic,0.5,current_only,20260930,teamfight,60,americas,1500,9817.0,425.0,199.0,715.0,290.0,6507.0
regional_deterministic,0.5,current_only,20261001,baron,60,overall,3000,3241.0,844.0,328.0,1540.0,696.0,2152.0
regional_deterministic,0.5,current_only,20261001,baron,60,europe,1500,1610.0,442.0,166.0,757.0,315.0,1048.0
regional_deterministic,0.5,current_only,20261001,baron,60,americas,1500,1631.0,402.0,162.0,783.0,381.0,1104.0
regional_deterministic,0.5,current_only,20261001,dragon,60,overall,3000,11329.0,392.0,101.0,428.0,36.0,7555.0
regional_deterministic,0.5,current_only,20261001,dragon,60,europe,1500,5578.0,198.0,55.0,219.0,21.0,3749.0
regional_deterministic,0.5,current_only,20261001,dragon,60,americas,1500,5751.0,194.0,46.0,209.0,15.0,3806.0
regional_deterministic,0.5,current_only,20261001,teamfight,60,overall,3000,19795.0,600.0,254.0,1025.0,425.0,13137.0
regional_deterministic,0.5,current_only,20261001,teamfight,60,europe,1500,9978.0,282.0,128.0,488.0,206.0,6630.0
regional_deterministic,0.5,current_only,20261001,teamfight,60,americas,1500,9817.0,318.0,126.0,537.0,219.0,6507.0
regional_deterministic,0.5,current_only,20261002,baron,60,overall,3000,3241.0,883.0,354.0,1605.0,722.0,2152.0
regional_deterministic,0.5,current_only,20261002,baron,60,europe,1500,1610.0,458.0,176.0,799.0,341.0,1048.0
regional_deterministic,0.5,current_only,20261002,baron,60,americas,1500,1631.0,425.0,178.0,806.0,381.0,1104.0
regional_deterministic,0.5,current_only,20261002,dragon,60,overall,3000,11329.0,351.0,92.0,382.0,31.0,7555.0
regional_deterministic,0.5,current_only,20261002,dragon,60,europe,1500,5578.0,182.0,48.0,198.0,16.0,3749.0
regional_deterministic,0.5,current_only,20261002,dragon,60,americas,1500,5751.0,169.0,44.0,184.0,15.0,3806.0
regional_deterministic,0.5,current_only,20261002,teamfight,60,overall,3000,19795.0,778.0,376.0,1359.0,581.0,13137.0
regional_deterministic,0.5,current_only,20261002,teamfight,60,europe,1500,9978.0,353.0,181.0,640.0,287.0,6630.0
regional_deterministic,0.5,current_only,20261002,teamfight,60,americas,1500,9817.0,425.0,195.0,719.0,294.0,6507.0
regional_deterministic,0.75,current_only,20260930,baron,60,overall,3000,3241.0,1144.0,525.0,2345.0,1201.0,2152.0
regional_deterministic,0.75,current_only,20260930,baron,60,europe,1500,1610.0,599.0,272.0,1139.0,540.0,1048.0
regional_deterministic,0.75,current_only,20260930,baron,60,americas,1500,1631.0,545.0,253.0,1206.0,661.0,1104.0
regional_deterministic,0.75,current_only,20260930,dragon,60,overall,3000,11329.0,2299.0,921.0,2652.0,353.0,7555.0
regional_deterministic,0.75,current_only,20260930,dragon,60,europe,1500,5578.0,1133.0,475.0,1299.0,166.0,3749.0
regional_deterministic,0.75,current_only,20260930,dragon,60,americas,1500,5751.0,1166.0,446.0,1353.0,187.0,3806.0
regional_deterministic,0.75,current_only,20260930,teamfight,60,overall,3000,19795.0,785.0,374.0,1337.0,552.0,13137.0
regional_deterministic,0.75,current_only,20260930,teamfight,60,europe,1500,9978.0,360.0,175.0,622.0,262.0,6630.0
regional_deterministic,0.75,current_only,20260930,teamfight,60,americas,1500,9817.0,425.0,199.0,715.0,290.0,6507.0
regional_deterministic,0.75,current_only,20261001,baron,60,overall,3000,3241.0,1321.0,630.0,2801.0,1480.0,2152.0
regional_deterministic,0.75,current_only,20261001,baron,60,europe,1500,1610.0,676.0,323.0,1345.0,669.0,1048.0
regional_deterministic,0.75,current_only,20261001,baron,60,americas,1500,1631.0,645.0,307.0,1456.0,811.0,1104.0
regional_deterministic,0.75,current_only,20261001,dragon,60,overall,3000,11329.0,2306.0,908.0,2675.0,369.0,7555.0
regional_deterministic,0.75,current_only,20261001,dragon,60,europe,1500,5578.0,1129.0,464.0,1303.0,174.0,3749.0
regional_deterministic,0.75,current_only,20261001,dragon,60,americas,1500,5751.0,1177.0,444.0,1372.0,195.0,3806.0
regional_deterministic,0.75,current_only,20261001,teamfight,60,overall,3000,19795.0,1356.0,699.0,2562.0,1206.0,13137.0
regional_deterministic,0.75,current_only,20261001,teamfight,60,europe,1500,9978.0,631.0,344.0,1215.0,584.0,6630.0
regional_deterministic,0.75,current_only,20261001,teamfight,60,americas,1500,9817.0,725.0,355.0,1347.0,622.0,6507.0
regional_deterministic,0.75,current_only,20261002,baron,60,overall,3000,3241.0,1140.0,531.0,2279.0,1139.0,2152.0
regional_deterministic,0.75,current_only,20261002,baron,60,europe,1500,1610.0,584.0,264.0,1119.0,535.0,1048.0
regional_deterministic,0.75,current_only,20261002,baron,60,americas,1500,1631.0,556.0,267.0,1160.0,604.0,1104.0
regional_deterministic,0.75,current_only,20261002,dragon,60,overall,3000,11329.0,2473.0,1037.0,2844.0,371.0,7555.0
regional_deterministic,0.75,current_only,20261002,dragon,60,europe,1500,5578.0,1220.0,547.0,1401.0,181.0,3749.0
regional_deterministic,0.75,current_only,20261002,dragon,60,americas,1500,5751.0,1253.0,490.0,1443.0,190.0,3806.0
regional_deterministic,0.75,current_only,20261002,teamfight,60,overall,3000,19795.0,778.0,376.0,1359.0,581.0,13137.0
regional_deterministic,0.75,current_only,20261002,teamfight,60,europe,1500,9978.0,353.0,181.0,640.0,287.0,6630.0
regional_deterministic,0.75,current_only,20261002,teamfight,60,americas,1500,9817.0,425.0,195.0,719.0,294.0,6507.0
regional_deterministic,1.0,current_only,20260930,baron,60,overall,3000,3241.0,1578.0,816.0,3759.0,2181.0,2152.0
regional_deterministic,1.0,current_only,20260930,baron,60,europe,1500,1610.0,803.0,408.0,1822.0,1019.0,1048.0
regional_deterministic,1.0,current_only,20260930,baron,60,americas,1500,1631.0,775.0,408.0,1937.0,1162.0,1104.0
regional_deterministic,1.0,current_only,20260930,dragon,60,overall,3000,11329.0,3320.0,1520.0,3952.0,632.0,7555.0
regional_deterministic,1.0,current_only,20260930,dragon,60,europe,1500,5578.0,2154.0,1074.0,2599.0,445.0,3749.0
regional_deterministic,1.0,current_only,20260930,dragon,60,americas,1500,5751.0,1166.0,446.0,1353.0,187.0,3806.0
regional_deterministic,1.0,current_only,20260930,teamfight,60,overall,3000,19795.0,1648.0,868.0,3235.0,1587.0,13137.0
regional_deterministic,1.0,current_only,20260930,teamfight,60,europe,1500,9978.0,778.0,420.0,1545.0,767.0,6630.0
regional_deterministic,1.0,current_only,20260930,teamfight,60,americas,1500,9817.0,870.0,448.0,1690.0,820.0,6507.0
regional_deterministic,1.0,current_only,20261001,baron,60,overall,3000,3241.0,1550.0,800.0,3559.0,2009.0,2152.0
regional_deterministic,1.0,current_only,20261001,baron,60,europe,1500,1610.0,786.0,406.0,1728.0,942.0,1048.0
regional_deterministic,1.0,current_only,20261001,baron,60,americas,1500,1631.0,764.0,394.0,1831.0,1067.0,1104.0
regional_deterministic,1.0,current_only,20261001,dragon,60,overall,3000,11329.0,3295.0,1509.0,3939.0,644.0,7555.0
regional_deterministic,1.0,current_only,20261001,dragon,60,europe,1500,5578.0,2118.0,1065.0,2567.0,449.0,3749.0
regional_deterministic,1.0,current_only,20261001,dragon,60,americas,1500,5751.0,1177.0,444.0,1372.0,195.0,3806.0
regional_deterministic,1.0,current_only,20261001,teamfight,60,overall,3000,19795.0,1356.0,699.0,2562.0,1206.0,13137.0
regional_deterministic,1.0,current_only,20261001,teamfight,60,europe,1500,9978.0,631.0,344.0,1215.0,584.0,6630.0
regional_deterministic,1.0,current_only,20261001,teamfight,60,americas,1500,9817.0,725.0,355.0,1347.0,622.0,6507.0
regional_deterministic,1.0,current_only,20261002,baron,60,overall,3000,3241.0,1428.0,730.0,3108.0,1680.0,2152.0
regional_deterministic,1.0,current_only,20261002,baron,60,europe,1500,1610.0,724.0,362.0,1508.0,784.0,1048.0
regional_deterministic,1.0,current_only,20261002,baron,60,americas,1500,1631.0,704.0,368.0,1600.0,896.0,1104.0
regional_deterministic,1.0,current_only,20261002,dragon,60,overall,3000,11329.0,2473.0,1037.0,2844.0,371.0,7555.0
regional_deterministic,1.0,current_only,20261002,dragon,60,europe,1500,5578.0,1220.0,547.0,1401.0,181.0,3749.0
regional_deterministic,1.0,current_only,20261002,dragon,60,americas,1500,5751.0,1253.0,490.0,1443.0,190.0,3806.0
regional_deterministic,1.0,current_only,20261002,teamfight,60,overall,3000,19795.0,1687.0,930.0,3239.0,1552.0,13137.0
regional_deterministic,1.0,current_only,20261002,teamfight,60,europe,1500,9978.0,811.0,464.0,1572.0,761.0,6630.0
regional_deterministic,1.0,current_only,20261002,teamfight,60,americas,1500,9817.0,876.0,466.0,1667.0,791.0,6507.0
regional_deterministic,0.25,independent,20260930,baron,30,overall,3000,3241.0,555.0,298.0,978.0,423.0,1091.0
regional_deterministic,0.25,independent,20260930,baron,30,europe,1500,1610.0,289.0,151.0,489.0,200.0,558.0
regional_deterministic,0.25,independent,20260930,baron,30,americas,1500,1631.0,266.0,147.0,489.0,223.0,533.0
regional_deterministic,0.25,independent,20260930,dragon,30,overall,3000,11329.0,850.0,413.0,1150.0,300.0,3736.0
regional_deterministic,0.25,independent,20260930,dragon,30,europe,1500,5578.0,404.0,196.0,564.0,160.0,1834.0
regional_deterministic,0.25,independent,20260930,dragon,30,americas,1500,5751.0,446.0,217.0,586.0,140.0,1902.0
regional_deterministic,0.25,independent,20260930,teamfight,30,overall,3000,19795.0,273.0,97.0,518.0,245.0,6648.0
regional_deterministic,0.25,independent,20260930,teamfight,30,europe,1500,9978.0,128.0,47.0,249.0,121.0,3351.0
regional_deterministic,0.25,independent,20260930,teamfight,30,americas,1500,9817.0,145.0,50.0,269.0,124.0,3297.0
regional_deterministic,0.25,independent,20261001,baron,30,overall,3000,3241.0,577.0,312.0,1006.0,429.0,1091.0
regional_deterministic,0.25,independent,20261001,baron,30,europe,1500,1610.0,308.0,162.0,521.0,213.0,558.0
regional_deterministic,0.25,independent,20261001,baron,30,americas,1500,1631.0,269.0,150.0,485.0,216.0,533.0
regional_deterministic,0.25,independent,20261001,dragon,30,overall,3000,11329.0,726.0,369.0,983.0,257.0,3736.0
regional_deterministic,0.25,independent,20261001,dragon,30,europe,1500,5578.0,342.0,172.0,479.0,137.0,1834.0
regional_deterministic,0.25,independent,20261001,dragon,30,americas,1500,5751.0,384.0,197.0,504.0,120.0,1902.0
regional_deterministic,0.25,independent,20261001,teamfight,30,overall,3000,19795.0,284.0,103.0,523.0,239.0,6648.0
regional_deterministic,0.25,independent,20261001,teamfight,30,europe,1500,9978.0,134.0,47.0,254.0,120.0,3351.0
regional_deterministic,0.25,independent,20261001,teamfight,30,americas,1500,9817.0,150.0,56.0,269.0,119.0,3297.0
regional_deterministic,0.25,independent,20261002,baron,30,overall,3000,3241.0,549.0,295.0,917.0,368.0,1091.0
regional_deterministic,0.25,independent,20261002,baron,30,europe,1500,1610.0,311.0,164.0,514.0,203.0,558.0
regional_deterministic,0.25,independent,20261002,baron,30,americas,1500,1631.0,238.0,131.0,403.0,165.0,533.0
regional_deterministic,0.25,independent,20261002,dragon,30,overall,3000,11329.0,495.0,237.0,646.0,151.0,3736.0
regional_deterministic,0.25,independent,20261002,dragon,30,europe,1500,5578.0,242.0,115.0,319.0,77.0,1834.0
regional_deterministic,0.25,independent,20261002,dragon,30,americas,1500,5751.0,253.0,122.0,327.0,74.0,1902.0
regional_deterministic,0.25,independent,20261002,teamfight,30,overall,3000,19795.0,311.0,127.0,550.0,239.0,6648.0
regional_deterministic,0.25,independent,20261002,teamfight,30,europe,1500,9978.0,148.0,62.0,263.0,115.0,3351.0
regional_deterministic,0.25,independent,20261002,teamfight,30,americas,1500,9817.0,163.0,65.0,287.0,124.0,3297.0
regional_deterministic,0.5,independent,20260930,baron,30,overall,3000,3241.0,798.0,464.0,1813.0,1015.0,1091.0
regional_deterministic,0.5,independent,20260930,baron,30,europe,1500,1610.0,435.0,253.0,965.0,530.0,558.0
regional_deterministic,0.5,independent,20260930,baron,30,americas,1500,1631.0,363.0,211.0,848.0,485.0,533.0
regional_deterministic,0.5,independent,20260930,dragon,30,overall,3000,11329.0,1463.0,770.0,2124.0,661.0,3736.0
regional_deterministic,0.5,independent,20260930,dragon,30,europe,1500,5578.0,706.0,375.0,1048.0,342.0,1834.0
regional_deterministic,0.5,independent,20260930,dragon,30,americas,1500,5751.0,757.0,395.0,1076.0,319.0,1902.0
regional_deterministic,0.5,independent,20260930,teamfight,30,overall,3000,19795.0,752.0,337.0,1657.0,905.0,6648.0
regional_deterministic,0.5,independent,20260930,teamfight,30,europe,1500,9978.0,356.0,170.0,810.0,454.0,3351.0
regional_deterministic,0.5,independent,20260930,teamfight,30,americas,1500,9817.0,396.0,167.0,847.0,451.0,3297.0
regional_deterministic,0.5,independent,20261001,baron,30,overall,3000,3241.0,844.0,489.0,1904.0,1060.0,1091.0
regional_deterministic,0.5,independent,20261001,baron,30,europe,1500,1610.0,450.0,261.0,1014.0,564.0,558.0
regional_deterministic,0.5,independent,20261001,baron,30,americas,1500,1631.0,394.0,228.0,890.0,496.0,533.0
regional_deterministic,0.5,independent,20261001,dragon,30,overall,3000,11329.0,1270.0,653.0,1819.0,549.0,3736.0
regional_deterministic,0.5,independent,20261001,dragon,30,europe,1500,5578.0,616.0,324.0,902.0,286.0,1834.0
regional_deterministic,0.5,independent,20261001,dragon,30,americas,1500,5751.0,654.0,329.0,917.0,263.0,1902.0
regional_deterministic,0.5,independent,20261001,teamfight,30,overall,3000,19795.0,737.0,332.0,1606.0,869.0,6648.0
regional_deterministic,0.5,independent,20261001,teamfight,30,europe,1500,9978.0,354.0,162.0,795.0,441.0,3351.0
regional_deterministic,0.5,independent,20261001,teamfight,30,americas,1500,9817.0,383.0,170.0,811.0,428.0,3297.0
regional_deterministic,0.5,independent,20261002,baron,30,overall,3000,3241.0,868.0,506.0,1975.0,1107.0,1091.0
regional_deterministic,0.5,independent,20261002,baron,30,europe,1500,1610.0,461.0,268.0,1054.0,593.0,558.0
regional_deterministic,0.5,independent,20261002,baron,30,americas,1500,1631.0,407.0,238.0,921.0,514.0,533.0
regional_deterministic,0.5,independent,20261002,dragon,30,overall,3000,11329.0,1587.0,845.0,2340.0,753.0,3736.0
regional_deterministic,0.5,independent,20261002,dragon,30,europe,1500,5578.0,774.0,421.0,1161.0,387.0,1834.0
regional_deterministic,0.5,independent,20261002,dragon,30,americas,1500,5751.0,813.0,424.0,1179.0,366.0,1902.0
regional_deterministic,0.5,independent,20261002,teamfight,30,overall,3000,19795.0,807.0,388.0,1733.0,926.0,6648.0
regional_deterministic,0.5,independent,20261002,teamfight,30,europe,1500,9978.0,396.0,200.0,865.0,469.0,3351.0
regional_deterministic,0.5,independent,20261002,teamfight,30,americas,1500,9817.0,411.0,188.0,868.0,457.0,3297.0
regional_deterministic,0.75,independent,20260930,baron,30,overall,3000,3241.0,989.0,599.0,2745.0,1756.0,1091.0
regional_deterministic,0.75,independent,20260930,baron,30,europe,1500,1610.0,523.0,318.0,1413.0,890.0,558.0
regional_deterministic,0.75,independent,20260930,baron,30,americas,1500,1631.0,466.0,281.0,1332.0,866.0,533.0
regional_deterministic,0.75,independent,20260930,dragon,30,overall,3000,11329.0,2188.0,1178.0,3355.0,1167.0,3736.0
regional_deterministic,0.75,independent,20260930,dragon,30,europe,1500,5578.0,1067.0,573.0,1677.0,610.0,1834.0
regional_deterministic,0.75,independent,20260930,dragon,30,americas,1500,5751.0,1121.0,605.0,1678.0,557.0,1902.0
regional_deterministic,0.75,independent,20260930,teamfight,30,overall,3000,19795.0,1113.0,540.0,2560.0,1447.0,6648.0
regional_deterministic,0.75,independent,20260930,teamfight,30,europe,1500,9978.0,540.0,279.0,1259.0,719.0,3351.0
regional_deterministic,0.75,independent,20260930,teamfight,30,americas,1500,9817.0,573.0,261.0,1301.0,728.0,3297.0
regional_deterministic,0.75,independent,20261001,baron,30,overall,3000,3241.0,1004.0,603.0,2728.0,1724.0,1091.0
regional_deterministic,0.75,independent,20261001,baron,30,europe,1500,1610.0,512.0,306.0,1327.0,815.0,558.0
regional_deterministic,0.75,independent,20261001,baron,30,americas,1500,1631.0,492.0,297.0,1401.0,909.0,533.0
regional_deterministic,0.75,independent,20261001,dragon,30,overall,3000,11329.0,1866.0,1000.0,2797.0,931.0,3736.0
regional_deterministic,0.75,independent,20261001,dragon,30,europe,1500,5578.0,893.0,480.0,1366.0,473.0,1834.0
regional_deterministic,0.75,independent,20261001,dragon,30,americas,1500,5751.0,973.0,520.0,1431.0,458.0,1902.0
regional_deterministic,0.75,independent,20261001,teamfight,30,overall,3000,19795.0,1084.0,524.0,2537.0,1453.0,6648.0
regional_deterministic,0.75,independent,20261001,teamfight,30,europe,1500,9978.0,522.0,265.0,1267.0,745.0,3351.0
regional_deterministic,0.75,independent,20261001,teamfight,30,americas,1500,9817.0,562.0,259.0,1270.0,708.0,3297.0
regional_deterministic,0.75,independent,20261002,baron,30,overall,3000,3241.0,1004.0,602.0,2666.0,1662.0,1091.0
regional_deterministic,0.75,independent,20261002,baron,30,europe,1500,1610.0,524.0,314.0,1387.0,863.0,558.0
regional_deterministic,0.75,independent,20261002,baron,30,americas,1500,1631.0,480.0,288.0,1279.0,799.0,533.0
regional_deterministic,0.75,independent,20261002,dragon,30,overall,3000,11329.0,1940.0,1061.0,2935.0,995.0,3736.0
regional_deterministic,0.75,independent,20261002,dragon,30,europe,1500,5578.0,774.0,421.0,1161.0,387.0,1834.0
regional_deterministic,0.75,independent,20261002,dragon,30,americas,1500,5751.0,1166.0,640.0,1774.0,608.0,1902.0
regional_deterministic,0.75,independent,20261002,teamfight,30,overall,3000,19795.0,1155.0,562.0,2718.0,1563.0,6648.0
regional_deterministic,0.75,independent,20261002,teamfight,30,europe,1500,9978.0,553.0,281.0,1349.0,796.0,3351.0
regional_deterministic,0.75,independent,20261002,teamfight,30,americas,1500,9817.0,602.0,281.0,1369.0,767.0,3297.0
regional_deterministic,1.0,independent,20260930,baron,30,overall,3000,3241.0,1122.0,685.0,3593.0,2471.0,1091.0
regional_deterministic,1.0,independent,20260930,baron,30,europe,1500,1610.0,577.0,356.0,1752.0,1175.0,558.0
regional_deterministic,1.0,independent,20260930,baron,30,americas,1500,1631.0,545.0,329.0,1841.0,1296.0,533.0
regional_deterministic,1.0,independent,20260930,dragon,30,overall,3000,11329.0,2537.0,1412.0,4029.0,1492.0,3736.0
regional_deterministic,1.0,independent,20260930,dragon,30,europe,1500,5578.0,1067.0,573.0,1677.0,610.0,1834.0
regional_deterministic,1.0,independent,20260930,dragon,30,americas,1500,5751.0,1470.0,839.0,2352.0,882.0,1902.0
regional_deterministic,1.0,independent,20260930,teamfight,30,overall,3000,19795.0,1442.0,718.0,3593.0,2151.0,6648.0
regional_deterministic,1.0,independent,20260930,teamfight,30,europe,1500,9978.0,700.0,367.0,1769.0,1069.0,3351.0
regional_deterministic,1.0,independent,20260930,teamfight,30,americas,1500,9817.0,742.0,351.0,1824.0,1082.0,3297.0
regional_deterministic,1.0,independent,20261001,baron,30,overall,3000,3241.0,1151.0,714.0,3703.0,2552.0,1091.0
regional_deterministic,1.0,independent,20261001,baron,30,europe,1500,1610.0,604.0,378.0,1897.0,1293.0,558.0
regional_deterministic,1.0,independent,20261001,baron,30,americas,1500,1631.0,547.0,336.0,1806.0,1259.0,533.0
regional_deterministic,1.0,independent,20261001,dragon,30,overall,3000,11329.0,2518.0,1397.0,3978.0,1460.0,3736.0
regional_deterministic,1.0,independent,20261001,dragon,30,europe,1500,5578.0,1234.0,683.0,1995.0,761.0,1834.0
regional_deterministic,1.0,independent,20261001,dragon,30,americas,1500,5751.0,1284.0,714.0,1983.0,699.0,1902.0
regional_deterministic,1.0,independent,20261001,teamfight,30,overall,3000,19795.0,1084.0,524.0,2537.0,1453.0,6648.0
regional_deterministic,1.0,independent,20261001,teamfight,30,europe,1500,9978.0,522.0,265.0,1267.0,745.0,3351.0
regional_deterministic,1.0,independent,20261001,teamfight,30,americas,1500,9817.0,562.0,259.0,1270.0,708.0,3297.0
regional_deterministic,1.0,independent,20261002,baron,30,overall,3000,3241.0,1142.0,707.0,3547.0,2405.0,1091.0
regional_deterministic,1.0,independent,20261002,baron,30,europe,1500,1610.0,587.0,363.0,1737.0,1150.0,558.0
regional_deterministic,1.0,independent,20261002,baron,30,americas,1500,1631.0,555.0,344.0,1810.0,1255.0,533.0
regional_deterministic,1.0,independent,20261002,dragon,30,overall,3000,11329.0,2626.0,1471.0,4197.0,1571.0,3736.0
regional_deterministic,1.0,independent,20261002,dragon,30,europe,1500,5578.0,1126.0,611.0,1785.0,659.0,1834.0
regional_deterministic,1.0,independent,20261002,dragon,30,americas,1500,5751.0,1500.0,860.0,2412.0,912.0,1902.0
regional_deterministic,1.0,independent,20261002,teamfight,30,overall,3000,19795.0,1155.0,562.0,2718.0,1563.0,6648.0
regional_deterministic,1.0,independent,20261002,teamfight,30,europe,1500,9978.0,553.0,281.0,1349.0,796.0,3351.0
regional_deterministic,1.0,independent,20261002,teamfight,30,americas,1500,9817.0,602.0,281.0,1369.0,767.0,3297.0
regional_deterministic,0.25,independent,20260930,baron,60,overall,3000,3241.0,594.0,179.0,857.0,263.0,2152.0
regional_deterministic,0.25,independent,20260930,baron,60,europe,1500,1610.0,304.0,86.0,432.0,128.0,1048.0
regional_deterministic,0.25,independent,20260930,baron,60,americas,1500,1631.0,290.0,93.0,425.0,135.0,1104.0
regional_deterministic,0.25,independent,20260930,dragon,60,overall,3000,11329.0,442.0,120.0,478.0,36.0,7555.0
regional_deterministic,0.25,independent,20260930,dragon,60,europe,1500,5578.0,223.0,65.0,243.0,20.0,3749.0
regional_deterministic,0.25,independent,20260930,dragon,60,americas,1500,5751.0,219.0,55.0,235.0,16.0,3806.0
regional_deterministic,0.25,independent,20260930,teamfight,60,overall,3000,19795.0,399.0,126.0,607.0,208.0,13137.0
regional_deterministic,0.25,independent,20260930,teamfight,60,europe,1500,9978.0,186.0,56.0,298.0,112.0,6630.0
regional_deterministic,0.25,independent,20260930,teamfight,60,americas,1500,9817.0,213.0,70.0,309.0,96.0,6507.0
regional_deterministic,0.25,independent,20261001,baron,60,overall,3000,3241.0,551.0,147.0,776.0,225.0,2152.0
regional_deterministic,0.25,independent,20261001,baron,60,europe,1500,1610.0,296.0,80.0,406.0,110.0,1048.0
regional_deterministic,0.25,independent,20261001,baron,60,americas,1500,1631.0,255.0,67.0,370.0,115.0,1104.0
regional_deterministic,0.25,independent,20261001,dragon,60,overall,3000,11329.0,697.0,199.0,780.0,83.0,7555.0
regional_deterministic,0.25,independent,20261001,dragon,60,europe,1500,5578.0,341.0,108.0,383.0,42.0,3749.0
regional_deterministic,0.25,independent,20261001,dragon,60,americas,1500,5751.0,356.0,91.0,397.0,41.0,3806.0
regional_deterministic,0.25,independent,20261001,teamfight,60,overall,3000,19795.0,380.0,111.0,591.0,211.0,13137.0
regional_deterministic,0.25,independent,20261001,teamfight,60,europe,1500,9978.0,181.0,47.0,298.0,117.0,6630.0
regional_deterministic,0.25,independent,20261001,teamfight,60,americas,1500,9817.0,199.0,64.0,293.0,94.0,6507.0
regional_deterministic,0.25,independent,20261002,baron,60,overall,3000,3241.0,599.0,163.0,851.0,252.0,2152.0
regional_deterministic,0.25,independent,20261002,baron,60,europe,1500,1610.0,307.0,85.0,416.0,109.0,1048.0
regional_deterministic,0.25,independent,20261002,baron,60,americas,1500,1631.0,292.0,78.0,435.0,143.0,1104.0
regional_deterministic,0.25,independent,20261002,dragon,60,overall,3000,11329.0,401.0,106.0,436.0,35.0,7555.0
regional_deterministic,0.25,independent,20261002,dragon,60,europe,1500,5578.0,196.0,51.0,215.0,19.0,3749.0
regional_deterministic,0.25,independent,20261002,dragon,60,americas,1500,5751.0,205.0,55.0,221.0,16.0,3806.0
regional_deterministic,0.25,independent,20261002,teamfight,60,overall,3000,19795.0,578.0,210.0,915.0,337.0,13137.0
regional_deterministic,0.25,independent,20261002,teamfight,60,europe,1500,9978.0,281.0,103.0,457.0,176.0,6630.0
regional_deterministic,0.25,independent,20261002,teamfight,60,americas,1500,9817.0,297.0,107.0,458.0,161.0,6507.0
regional_deterministic,0.5,independent,20260930,baron,60,overall,3000,3241.0,923.0,359.0,1560.0,637.0,2152.0
regional_deterministic,0.5,independent,20260930,baron,60,europe,1500,1610.0,480.0,183.0,776.0,296.0,1048.0
regional_deterministic,0.5,independent,20260930,baron,60,americas,1500,1631.0,443.0,176.0,784.0,341.0,1104.0
regional_deterministic,0.5,independent,20260930,dragon,60,overall,3000,11329.0,442.0,120.0,478.0,36.0,7555.0
regional_deterministic,0.5,independent,20260930,dragon,60,europe,1500,5578.0,223.0,65.0,243.0,20.0,3749.0
regional_deterministic,0.5,independent,20260930,dragon,60,americas,1500,5751.0,219.0,55.0,235.0,16.0,3806.0
regional_deterministic,0.5,independent,20260930,teamfight,60,overall,3000,19795.0,877.0,338.0,1440.0,563.0,13137.0
regional_deterministic,0.5,independent,20260930,teamfight,60,europe,1500,9978.0,426.0,167.0,701.0,275.0,6630.0
regional_deterministic,0.5,independent,20260930,teamfight,60,americas,1500,9817.0,451.0,171.0,739.0,288.0,6507.0
regional_deterministic,0.5,independent,20261001,baron,60,overall,3000,3241.0,949.0,368.0,1580.0,631.0,2152.0
regional_deterministic,0.5,independent,20261001,baron,60,europe,1500,1610.0,489.0,182.0,785.0,296.0,1048.0
regional_deterministic,0.5,independent,20261001,baron,60,americas,1500,1631.0,460.0,186.0,795.0,335.0,1104.0
regional_deterministic,0.5,independent,20261001,dragon,60,overall,3000,11329.0,697.0,199.0,780.0,83.0,7555.0
regional_deterministic,0.5,independent,20261001,dragon,60,europe,1500,5578.0,341.0,108.0,383.0,42.0,3749.0
regional_deterministic,0.5,independent,20261001,dragon,60,americas,1500,5751.0,356.0,91.0,397.0,41.0,3806.0
regional_deterministic,0.5,independent,20261001,teamfight,60,overall,3000,19795.0,937.0,370.0,1559.0,622.0,13137.0
regional_deterministic,0.5,independent,20261001,teamfight,60,europe,1500,9978.0,462.0,189.0,781.0,319.0,6630.0
regional_deterministic,0.5,independent,20261001,teamfight,60,americas,1500,9817.0,475.0,181.0,778.0,303.0,6507.0
regional_deterministic,0.5,independent,20261002,baron,60,overall,3000,3241.0,974.0,370.0,1640.0,666.0,2152.0
regional_deterministic,0.5,independent,20261002,baron,60,europe,1500,1610.0,499.0,186.0,804.0,305.0,1048.0
regional_deterministic,0.5,independent,20261002,baron,60,americas,1500,1631.0,475.0,184.0,836.0,361.0,1104.0
regional_deterministic,0.5,independent,20261002,dragon,60,overall,3000,11329.0,401.0,106.0,436.0,35.0,7555.0
regional_deterministic,0.5,independent,20261002,dragon,60,europe,1500,5578.0,196.0,51.0,215.0,19.0,3749.0
regional_deterministic,0.5,independent,20261002,dragon,60,americas,1500,5751.0,205.0,55.0,221.0,16.0,3806.0
regional_deterministic,0.5,independent,20261002,teamfight,60,overall,3000,19795.0,578.0,210.0,915.0,337.0,13137.0
regional_deterministic,0.5,independent,20261002,teamfight,60,europe,1500,9978.0,281.0,103.0,457.0,176.0,6630.0
regional_deterministic,0.5,independent,20261002,teamfight,60,americas,1500,9817.0,297.0,107.0,458.0,161.0,6507.0
regional_deterministic,0.75,independent,20260930,baron,60,overall,3000,3241.0,1324.0,610.0,2640.0,1316.0,2152.0
regional_deterministic,0.75,independent,20260930,baron,60,europe,1500,1610.0,672.0,302.0,1281.0,609.0,1048.0
regional_deterministic,0.75,independent,20260930,baron,60,americas,1500,1631.0,652.0,308.0,1359.0,707.0,1104.0
regional_deterministic,0.75,independent,20260930,dragon,60,overall,3000,11329.0,2388.0,950.0,2775.0,387.0,7555.0
regional_deterministic,0.75,independent,20260930,dragon,60,europe,1500,5578.0,1172.0,490.0,1357.0,185.0,3749.0
regional_deterministic,0.75,independent,20260930,dragon,60,americas,1500,5751.0,1216.0,460.0,1418.0,202.0,3806.0
regional_deterministic,0.75,independent,20260930,teamfight,60,overall,3000,19795.0,1269.0,511.0,2220.0,951.0,13137.0
regional_deterministic,0.75,independent,20260930,teamfight,60,europe,1500,9978.0,426.0,167.0,701.0,275.0,6630.0
regional_deterministic,0.75,independent,20260930,teamfight,60,americas,1500,9817.0,843.0,344.0,1519.0,676.0,6507.0
regional_deterministic,0.75,independent,20261001,baron,60,overall,3000,3241.0,1329.0,620.0,2536.0,1207.0,2152.0
regional_deterministic,0.75,independent,20261001,baron,60,europe,1500,1610.0,747.0,357.0,1438.0,691.0,1048.0
regional_deterministic,0.75,independent,20261001,baron,60,americas,1500,1631.0,582.0,263.0,1098.0,516.0,1104.0
regional_deterministic,0.75,independent,20261001,dragon,60,overall,3000,11329.0,2749.0,1142.0,3236.0,487.0,7555.0
regional_deterministic,0.75,independent,20261001,dragon,60,europe,1500,5578.0,1347.0,591.0,1581.0,234.0,3749.0
regional_deterministic,0.75,independent,20261001,dragon,60,americas,1500,5751.0,1402.0,551.0,1655.0,253.0,3806.0
regional_deterministic,0.75,independent,20261001,teamfight,60,overall,3000,19795.0,937.0,370.0,1559.0,622.0,13137.0
regional_deterministic,0.75,independent,20261001,teamfight,60,europe,1500,9978.0,462.0,189.0,781.0,319.0,6630.0
regional_deterministic,0.75,independent,20261001,teamfight,60,americas,1500,9817.0,475.0,181.0,778.0,303.0,6507.0
regional_deterministic,0.75,independent,20261002,baron,60,overall,3000,3241.0,1425.0,667.0,2834.0,1409.0,2152.0
regional_deterministic,0.75,independent,20261002,baron,60,europe,1500,1610.0,724.0,334.0,1411.0,687.0,1048.0
regional_deterministic,0.75,independent,20261002,baron,60,americas,1500,1631.0,701.0,333.0,1423.0,722.0,1104.0
regional_deterministic,0.75,independent,20261002,dragon,60,overall,3000,11329.0,2221.0,888.0,2560.0,339.0,7555.0
regional_deterministic,0.75,independent,20261002,dragon,60,europe,1500,5578.0,1080.0,453.0,1237.0,157.0,3749.0
regional_deterministic,0.75,independent,20261002,dragon,60,americas,1500,5751.0,1141.0,435.0,1323.0,182.0,3806.0
regional_deterministic,0.75,independent,20261002,teamfight,60,overall,3000,19795.0,1317.0,578.0,2221.0,904.0,13137.0
regional_deterministic,0.75,independent,20261002,teamfight,60,europe,1500,9978.0,677.0,313.0,1120.0,443.0,6630.0
regional_deterministic,0.75,independent,20261002,teamfight,60,americas,1500,9817.0,640.0,265.0,1101.0,461.0,6507.0
regional_deterministic,1.0,independent,20260930,baron,60,overall,3000,3241.0,1641.0,830.0,3618.0,1977.0,2152.0
regional_deterministic,1.0,independent,20260930,baron,60,europe,1500,1610.0,885.0,452.0,1937.0,1052.0,1048.0
regional_deterministic,1.0,independent,20260930,baron,60,americas,1500,1631.0,756.0,378.0,1681.0,925.0,1104.0
regional_deterministic,1.0,independent,20260930,dragon,60,overall,3000,11329.0,2388.0,950.0,2775.0,387.0,7555.0
regional_deterministic,1.0,independent,20260930,dragon,60,europe,1500,5578.0,1172.0,490.0,1357.0,185.0,3749.0
regional_deterministic,1.0,independent,20260930,dragon,60,americas,1500,5751.0,1216.0,460.0,1418.0,202.0,3806.0
regional_deterministic,1.0,independent,20260930,teamfight,60,overall,3000,19795.0,1706.0,751.0,3002.0,1296.0,13137.0
regional_deterministic,1.0,independent,20260930,teamfight,60,europe,1500,9978.0,863.0,407.0,1483.0,620.0,6630.0
regional_deterministic,1.0,independent,20260930,teamfight,60,americas,1500,9817.0,843.0,344.0,1519.0,676.0,6507.0
regional_deterministic,1.0,independent,20261001,baron,60,overall,3000,3241.0,1706.0,887.0,3738.0,2032.0,2152.0
regional_deterministic,1.0,independent,20261001,baron,60,europe,1500,1610.0,878.0,453.0,1836.0,958.0,1048.0
regional_deterministic,1.0,independent,20261001,baron,60,americas,1500,1631.0,828.0,434.0,1902.0,1074.0,1104.0
regional_deterministic,1.0,independent,20261001,dragon,60,overall,3000,11329.0,2749.0,1142.0,3236.0,487.0,7555.0
regional_deterministic,1.0,independent,20261001,dragon,60,europe,1500,5578.0,1347.0,591.0,1581.0,234.0,3749.0
regional_deterministic,1.0,independent,20261001,dragon,60,americas,1500,5751.0,1402.0,551.0,1655.0,253.0,3806.0
regional_deterministic,1.0,independent,20261001,teamfight,60,overall,3000,19795.0,1961.0,918.0,3492.0,1531.0,13137.0
regional_deterministic,1.0,independent,20261001,teamfight,60,europe,1500,9978.0,1001.0,490.0,1761.0,760.0,6630.0
regional_deterministic,1.0,independent,20261001,teamfight,60,americas,1500,9817.0,960.0,428.0,1731.0,771.0,6507.0
regional_deterministic,1.0,independent,20261002,baron,60,overall,3000,3241.0,1673.0,854.0,3607.0,1934.0,2152.0
regional_deterministic,1.0,independent,20261002,baron,60,europe,1500,1610.0,852.0,428.0,1775.0,923.0,1048.0
regional_deterministic,1.0,independent,20261002,baron,60,americas,1500,1631.0,821.0,426.0,1832.0,1011.0,1104.0
regional_deterministic,1.0,independent,20261002,dragon,60,overall,3000,11329.0,3232.0,1486.0,3864.0,632.0,7555.0
regional_deterministic,1.0,independent,20261002,dragon,60,europe,1500,5578.0,2091.0,1051.0,2541.0,450.0,3749.0
regional_deterministic,1.0,independent,20261002,dragon,60,americas,1500,5751.0,1141.0,435.0,1323.0,182.0,3806.0
regional_deterministic,1.0,independent,20261002,teamfight,60,overall,3000,19795.0,1317.0,578.0,2221.0,904.0,13137.0
regional_deterministic,1.0,independent,20261002,teamfight,60,europe,1500,9978.0,677.0,313.0,1120.0,443.0,6630.0
regional_deterministic,1.0,independent,20261002,teamfight,60,americas,1500,9817.0,640.0,265.0,1101.0,461.0,6507.0
regional_deterministic,0.25,pcgrad,20260930,baron,30,overall,3000,3241.0,578.0,317.0,978.0,400.0,1091.0
regional_deterministic,0.25,pcgrad,20260930,baron,30,europe,1500,1610.0,305.0,161.0,486.0,181.0,558.0
regional_deterministic,0.25,pcgrad,20260930,baron,30,americas,1500,1631.0,273.0,156.0,492.0,219.0,533.0
regional_deterministic,0.25,pcgrad,20260930,dragon,30,overall,3000,11329.0,492.0,228.0,622.0,130.0,3736.0
regional_deterministic,0.25,pcgrad,20260930,dragon,30,europe,1500,5578.0,249.0,122.0,316.0,67.0,1834.0
regional_deterministic,0.25,pcgrad,20260930,dragon,30,americas,1500,5751.0,243.0,106.0,306.0,63.0,1902.0
regional_deterministic,0.25,pcgrad,20260930,teamfight,30,overall,3000,19795.0,352.0,153.0,670.0,318.0,6648.0
regional_deterministic,0.25,pcgrad,20260930,teamfight,30,europe,1500,9978.0,159.0,76.0,318.0,159.0,3351.0
regional_deterministic,0.25,pcgrad,20260930,teamfight,30,americas,1500,9817.0,193.0,77.0,352.0,159.0,3297.0
regional_deterministic,0.25,pcgrad,20261001,baron,30,overall,3000,3241.0,579.0,320.0,1010.0,431.0,1091.0
regional_deterministic,0.25,pcgrad,20261001,baron,30,europe,1500,1610.0,311.0,165.0,497.0,186.0,558.0
regional_deterministic,0.25,pcgrad,20261001,baron,30,americas,1500,1631.0,268.0,155.0,513.0,245.0,533.0
regional_deterministic,0.25,pcgrad,20261001,dragon,30,overall,3000,11329.0,704.0,350.0,908.0,204.0,3736.0
regional_deterministic,0.25,pcgrad,20261001,dragon,30,europe,1500,5578.0,344.0,171.0,448.0,104.0,1834.0
regional_deterministic,0.25,pcgrad,20261001,dragon,30,americas,1500,5751.0,360.0,179.0,460.0,100.0,1902.0
regional_deterministic,0.25,pcgrad,20261001,teamfight,30,overall,3000,19795.0,398.0,175.0,774.0,376.0,6648.0
regional_deterministic,0.25,pcgrad,20261001,teamfight,30,europe,1500,9978.0,190.0,85.0,386.0,196.0,3351.0
regional_deterministic,0.25,pcgrad,20261001,teamfight,30,americas,1500,9817.0,208.0,90.0,388.0,180.0,3297.0
regional_deterministic,0.25,pcgrad,20261002,baron,30,overall,3000,3241.0,554.0,297.0,977.0,423.0,1091.0
regional_deterministic,0.25,pcgrad,20261002,baron,30,europe,1500,1610.0,320.0,172.0,545.0,225.0,558.0
regional_deterministic,0.25,pcgrad,20261002,baron,30,americas,1500,1631.0,234.0,125.0,432.0,198.0,533.0
regional_deterministic,0.25,pcgrad,20261002,dragon,30,overall,3000,11329.0,606.0,295.0,775.0,169.0,3736.0
regional_deterministic,0.25,pcgrad,20261002,dragon,30,europe,1500,5578.0,298.0,144.0,380.0,82.0,1834.0
regional_deterministic,0.25,pcgrad,20261002,dragon,30,americas,1500,5751.0,308.0,151.0,395.0,87.0,1902.0
regional_deterministic,0.25,pcgrad,20261002,teamfight,30,overall,3000,19795.0,377.0,157.0,699.0,322.0,6648.0
regional_deterministic,0.25,pcgrad,20261002,teamfight,30,europe,1500,9978.0,135.0,56.0,240.0,105.0,3351.0
regional_deterministic,0.25,pcgrad,20261002,teamfight,30,americas,1500,9817.0,242.0,101.0,459.0,217.0,3297.0
regional_deterministic,0.5,pcgrad,20260930,baron,30,overall,3000,3241.0,806.0,473.0,1823.0,1017.0,1091.0
regional_deterministic,0.5,pcgrad,20260930,baron,30,europe,1500,1610.0,435.0,252.0,952.0,517.0,558.0
regional_deterministic,0.5,pcgrad,20260930,baron,30,americas,1500,1631.0,371.0,221.0,871.0,500.0,533.0
regional_deterministic,0.5,pcgrad,20260930,dragon,30,overall,3000,11329.0,1554.0,811.0,2233.0,679.0,3736.0
regional_deterministic,0.5,pcgrad,20260930,dragon,30,europe,1500,5578.0,746.0,393.0,1079.0,333.0,1834.0
regional_deterministic,0.5,pcgrad,20260930,dragon,30,americas,1500,5751.0,808.0,418.0,1154.0,346.0,1902.0
regional_deterministic,0.5,pcgrad,20260930,teamfight,30,overall,3000,19795.0,580.0,268.0,1165.0,585.0,6648.0
regional_deterministic,0.5,pcgrad,20260930,teamfight,30,europe,1500,9978.0,259.0,123.0,560.0,301.0,3351.0
regional_deterministic,0.5,pcgrad,20260930,teamfight,30,americas,1500,9817.0,321.0,145.0,605.0,284.0,3297.0
regional_deterministic,0.5,pcgrad,20261001,baron,30,overall,3000,3241.0,798.0,453.0,1799.0,1001.0,1091.0
regional_deterministic,0.5,pcgrad,20261001,baron,30,europe,1500,1610.0,414.0,229.0,879.0,465.0,558.0
regional_deterministic,0.5,pcgrad,20261001,baron,30,americas,1500,1631.0,384.0,224.0,920.0,536.0,533.0
regional_deterministic,0.5,pcgrad,20261001,dragon,30,overall,3000,11329.0,1252.0,640.0,1710.0,458.0,3736.0
regional_deterministic,0.5,pcgrad,20261001,dragon,30,europe,1500,5578.0,601.0,311.0,831.0,230.0,1834.0
regional_deterministic,0.5,pcgrad,20261001,dragon,30,americas,1500,5751.0,651.0,329.0,879.0,228.0,1902.0
regional_deterministic,0.5,pcgrad,20261001,teamfight,30,overall,3000,19795.0,659.0,299.0,1386.0,727.0,6648.0
regional_deterministic,0.5,pcgrad,20261001,teamfight,30,europe,1500,9978.0,315.0,145.0,687.0,372.0,3351.0
regional_deterministic,0.5,pcgrad,20261001,teamfight,30,americas,1500,9817.0,344.0,154.0,699.0,355.0,3297.0
regional_deterministic,0.5,pcgrad,20261002,baron,30,overall,3000,3241.0,826.0,469.0,1864.0,1038.0,1091.0
regional_deterministic,0.5,pcgrad,20261002,baron,30,europe,1500,1610.0,428.0,241.0,899.0,471.0,558.0
regional_deterministic,0.5,pcgrad,20261002,baron,30,americas,1500,1631.0,398.0,228.0,965.0,567.0,533.0
regional_deterministic,0.5,pcgrad,20261002,dragon,30,overall,3000,11329.0,1265.0,647.0,1732.0,467.0,3736.0
regional_deterministic,0.5,pcgrad,20261002,dragon,30,europe,1500,5578.0,603.0,314.0,838.0,235.0,1834.0
regional_deterministic,0.5,pcgrad,20261002,dragon,30,americas,1500,5751.0,662.0,333.0,894.0,232.0,1902.0
regional_deterministic,0.5,pcgrad,20261002,teamfight,30,overall,3000,19795.0,734.0,350.0,1514.0,780.0,6648.0
regional_deterministic,0.5,pcgrad,20261002,teamfight,30,europe,1500,9978.0,354.0,176.0,749.0,395.0,3351.0
regional_deterministic,0.5,pcgrad,20261002,teamfight,30,americas,1500,9817.0,380.0,174.0,765.0,385.0,3297.0
regional_deterministic,0.75,pcgrad,20260930,baron,30,overall,3000,3241.0,998.0,606.0,2769.0,1771.0,1091.0
regional_deterministic,0.75,pcgrad,20260930,baron,30,europe,1500,1610.0,528.0,316.0,1402.0,874.0,558.0
regional_deterministic,0.75,pcgrad,20260930,baron,30,americas,1500,1631.0,470.0,290.0,1367.0,897.0,533.0
regional_deterministic,0.75,pcgrad,20260930,dragon,30,overall,3000,11329.0,2218.0,1215.0,3358.0,1140.0,3736.0
regional_deterministic,0.75,pcgrad,20260930,dragon,30,europe,1500,5578.0,1087.0,597.0,1665.0,578.0,1834.0
regional_deterministic,0.75,pcgrad,20260930,dragon,30,americas,1500,5751.0,1131.0,618.0,1693.0,562.0,1902.0
regional_deterministic,0.75,pcgrad,20260930,teamfight,30,overall,3000,19795.0,1044.0,510.0,2331.0,1287.0,6648.0
regional_deterministic,0.75,pcgrad,20260930,teamfight,30,europe,1500,9978.0,420.0,213.0,930.0,510.0,3351.0
regional_deterministic,0.75,pcgrad,20260930,teamfight,30,americas,1500,9817.0,624.0,297.0,1401.0,777.0,3297.0
regional_deterministic,0.75,pcgrad,20261001,baron,30,overall,3000,3241.0,982.0,589.0,2763.0,1781.0,1091.0
regional_deterministic,0.75,pcgrad,20261001,baron,30,europe,1500,1610.0,506.0,299.0,1336.0,830.0,558.0
regional_deterministic,0.75,pcgrad,20261001,baron,30,americas,1500,1631.0,476.0,290.0,1427.0,951.0,533.0
regional_deterministic,0.75,pcgrad,20261001,dragon,30,overall,3000,11329.0,1800.0,983.0,2607.0,807.0,3736.0
regional_deterministic,0.75,pcgrad,20261001,dragon,30,europe,1500,5578.0,861.0,470.0,1270.0,409.0,1834.0
regional_deterministic,0.75,pcgrad,20261001,dragon,30,americas,1500,5751.0,939.0,513.0,1337.0,398.0,1902.0
regional_deterministic,0.75,pcgrad,20261001,teamfight,30,overall,3000,19795.0,1002.0,490.0,2253.0,1251.0,6648.0
regional_deterministic,0.75,pcgrad,20261001,teamfight,30,europe,1500,9978.0,491.0,251.0,1136.0,645.0,3351.0
regional_deterministic,0.75,pcgrad,20261001,teamfight,30,americas,1500,9817.0,511.0,239.0,1117.0,606.0,3297.0
regional_deterministic,0.75,pcgrad,20261002,baron,30,overall,3000,3241.0,1002.0,594.0,2826.0,1824.0,1091.0
regional_deterministic,0.75,pcgrad,20261002,baron,30,europe,1500,1610.0,514.0,302.0,1372.0,858.0,558.0
regional_deterministic,0.75,pcgrad,20261002,baron,30,americas,1500,1631.0,488.0,292.0,1454.0,966.0,533.0
regional_deterministic,0.75,pcgrad,20261002,dragon,30,overall,3000,11329.0,1952.0,1063.0,2879.0,927.0,3736.0
regional_deterministic,0.75,pcgrad,20261002,dragon,30,europe,1500,5578.0,948.0,522.0,1420.0,472.0,1834.0
regional_deterministic,0.75,pcgrad,20261002,dragon,30,americas,1500,5751.0,1004.0,541.0,1459.0,455.0,1902.0
regional_deterministic,0.75,pcgrad,20261002,teamfight,30,overall,3000,19795.0,1038.0,509.0,2360.0,1322.0,6648.0
regional_deterministic,0.75,pcgrad,20261002,teamfight,30,europe,1500,9978.0,487.0,248.0,1144.0,657.0,3351.0
regional_deterministic,0.75,pcgrad,20261002,teamfight,30,americas,1500,9817.0,551.0,261.0,1216.0,665.0,3297.0
regional_deterministic,1.0,pcgrad,20260930,baron,30,overall,3000,3241.0,1111.0,685.0,3514.0,2403.0,1091.0
regional_deterministic,1.0,pcgrad,20260930,baron,30,europe,1500,1610.0,586.0,358.0,1796.0,1210.0,558.0
regional_deterministic,1.0,pcgrad,20260930,baron,30,americas,1500,1631.0,525.0,327.0,1718.0,1193.0,533.0
regional_deterministic,1.0,pcgrad,20260930,dragon,30,overall,3000,11329.0,2772.0,1587.0,4443.0,1671.0,3736.0
regional_deterministic,1.0,pcgrad,20260930,dragon,30,europe,1500,5578.0,1343.0,767.0,2204.0,861.0,1834.0
regional_deterministic,1.0,pcgrad,20260930,dragon,30,americas,1500,5751.0,1429.0,820.0,2239.0,810.0,1902.0
regional_deterministic,1.0,pcgrad,20260930,teamfight,30,overall,3000,19795.0,1207.0,609.0,2782.0,1575.0,6648.0
regional_deterministic,1.0,pcgrad,20260930,teamfight,30,europe,1500,9978.0,583.0,312.0,1381.0,798.0,3351.0
regional_deterministic,1.0,pcgrad,20260930,teamfight,30,americas,1500,9817.0,624.0,297.0,1401.0,777.0,3297.0
regional_deterministic,1.0,pcgrad,20261001,baron,30,overall,3000,3241.0,1119.0,686.0,3672.0,2553.0,1091.0
regional_deterministic,1.0,pcgrad,20261001,baron,30,europe,1500,1610.0,586.0,357.0,1875.0,1289.0,558.0
regional_deterministic,1.0,pcgrad,20261001,baron,30,americas,1500,1631.0,533.0,329.0,1797.0,1264.0,533.0
regional_deterministic,1.0,pcgrad,20261001,dragon,30,overall,3000,11329.0,2901.0,1678.0,4674.0,1773.0,3736.0
regional_deterministic,1.0,pcgrad,20261001,dragon,30,europe,1500,5578.0,1418.0,819.0,2340.0,922.0,1834.0
regional_deterministic,1.0,pcgrad,20261001,dragon,30,americas,1500,5751.0,1483.0,859.0,2334.0,851.0,1902.0
regional_deterministic,1.0,pcgrad,20261001,teamfight,30,overall,3000,19795.0,1396.0,695.0,3460.0,2064.0,6648.0
regional_deterministic,1.0,pcgrad,20261001,teamfight,30,europe,1500,9978.0,682.0,354.0,1730.0,1048.0,3351.0
regional_deterministic,1.0,pcgrad,20261001,teamfight,30,americas,1500,9817.0,714.0,341.0,1730.0,1016.0,3297.0
regional_deterministic,1.0,pcgrad,20261002,baron,30,overall,3000,3241.0,1108.0,680.0,3553.0,2445.0,1091.0
regional_deterministic,1.0,pcgrad,20261002,baron,30,europe,1500,1610.0,570.0,346.0,1723.0,1153.0,558.0
regional_deterministic,1.0,pcgrad,20261002,baron,30,americas,1500,1631.0,538.0,334.0,1830.0,1292.0,533.0
regional_deterministic,1.0,pcgrad,20261002,dragon,30,overall,3000,11329.0,2668.0,1528.0,4185.0,1517.0,3736.0
regional_deterministic,1.0,pcgrad,20261002,dragon,30,europe,1500,5578.0,1303.0,744.0,2085.0,782.0,1834.0
regional_deterministic,1.0,pcgrad,20261002,dragon,30,americas,1500,5751.0,1365.0,784.0,2100.0,735.0,1902.0
regional_deterministic,1.0,pcgrad,20261002,teamfight,30,overall,3000,19795.0,1411.0,721.0,3523.0,2112.0,6648.0
regional_deterministic,1.0,pcgrad,20261002,teamfight,30,europe,1500,9978.0,679.0,355.0,1727.0,1048.0,3351.0
regional_deterministic,1.0,pcgrad,20261002,teamfight,30,americas,1500,9817.0,732.0,366.0,1796.0,1064.0,3297.0
regional_deterministic,0.25,pcgrad,20260930,baron,60,overall,3000,3241.0,625.0,180.0,889.0,264.0,2152.0
regional_deterministic,0.25,pcgrad,20260930,baron,60,europe,1500,1610.0,330.0,89.0,452.0,122.0,1048.0
regional_deterministic,0.25,pcgrad,20260930,baron,60,americas,1500,1631.0,295.0,91.0,437.0,142.0,1104.0
regional_deterministic,0.25,pcgrad,20260930,dragon,60,overall,3000,11329.0,462.0,114.0,498.0,36.0,7555.0
regional_deterministic,0.25,pcgrad,20260930,dragon,60,europe,1500,5578.0,231.0,67.0,249.0,18.0,3749.0
regional_deterministic,0.25,pcgrad,20260930,dragon,60,americas,1500,5751.0,231.0,47.0,249.0,18.0,3806.0
regional_deterministic,0.25,pcgrad,20260930,teamfight,60,overall,3000,19795.0,274.0,86.0,395.0,121.0,13137.0
regional_deterministic,0.25,pcgrad,20260930,teamfight,60,europe,1500,9978.0,133.0,39.0,196.0,63.0,6630.0
regional_deterministic,0.25,pcgrad,20260930,teamfight,60,americas,1500,9817.0,141.0,47.0,199.0,58.0,6507.0
regional_deterministic,0.25,pcgrad,20261001,baron,60,overall,3000,3241.0,599.0,159.0,860.0,261.0,2152.0
regional_deterministic,0.25,pcgrad,20261001,baron,60,europe,1500,1610.0,327.0,81.0,439.0,112.0,1048.0
regional_deterministic,0.25,pcgrad,20261001,baron,60,americas,1500,1631.0,272.0,78.0,421.0,149.0,1104.0
regional_deterministic,0.25,pcgrad,20261001,dragon,60,overall,3000,11329.0,591.0,154.0,646.0,55.0,7555.0
regional_deterministic,0.25,pcgrad,20261001,dragon,60,europe,1500,5578.0,304.0,87.0,334.0,30.0,3749.0
regional_deterministic,0.25,pcgrad,20261001,dragon,60,americas,1500,5751.0,287.0,67.0,312.0,25.0,3806.0
regional_deterministic,0.25,pcgrad,20261001,teamfight,60,overall,3000,19795.0,266.0,88.0,390.0,124.0,13137.0
regional_deterministic,0.25,pcgrad,20261001,teamfight,60,europe,1500,9978.0,127.0,48.0,200.0,73.0,6630.0
regional_deterministic,0.25,pcgrad,20261001,teamfight,60,americas,1500,9817.0,139.0,40.0,190.0,51.0,6507.0
regional_deterministic,0.25,pcgrad,20261002,baron,60,overall,3000,3241.0,622.0,176.0,945.0,323.0,2152.0
regional_deterministic,0.25,pcgrad,20261002,baron,60,europe,1500,1610.0,322.0,89.0,463.0,141.0,1048.0
regional_deterministic,0.25,pcgrad,20261002,baron,60,americas,1500,1631.0,300.0,87.0,482.0,182.0,1104.0
regional_deterministic,0.25,pcgrad,20261002,dragon,60,overall,3000,11329.0,491.0,127.0,533.0,42.0,7555.0
regional_deterministic,0.25,pcgrad,20261002,dragon,60,europe,1500,5578.0,247.0,71.0,272.0,25.0,3749.0
regional_deterministic,0.25,pcgrad,20261002,dragon,60,americas,1500,5751.0,244.0,56.0,261.0,17.0,3806.0
regional_deterministic,0.25,pcgrad,20261002,teamfight,60,overall,3000,19795.0,593.0,230.0,926.0,333.0,13137.0
regional_deterministic,0.25,pcgrad,20261002,teamfight,60,europe,1500,9978.0,283.0,118.0,448.0,165.0,6630.0
regional_deterministic,0.25,pcgrad,20261002,teamfight,60,americas,1500,9817.0,310.0,112.0,478.0,168.0,6507.0
regional_deterministic,0.5,pcgrad,20260930,baron,60,overall,3000,3241.0,964.0,363.0,1659.0,695.0,2152.0
regional_deterministic,0.5,pcgrad,20260930,baron,60,europe,1500,1610.0,491.0,178.0,800.0,309.0,1048.0
regional_deterministic,0.5,pcgrad,20260930,baron,60,americas,1500,1631.0,473.0,185.0,859.0,386.0,1104.0
regional_deterministic,0.5,pcgrad,20260930,dragon,60,overall,3000,11329.0,462.0,114.0,498.0,36.0,7555.0
regional_deterministic,0.5,pcgrad,20260930,dragon,60,europe,1500,5578.0,231.0,67.0,249.0,18.0,3749.0
regional_deterministic,0.5,pcgrad,20260930,dragon,60,americas,1500,5751.0,231.0,47.0,249.0,18.0,3806.0
regional_deterministic,0.5,pcgrad,20260930,teamfight,60,overall,3000,19795.0,739.0,300.0,1153.0,414.0,13137.0
regional_deterministic,0.5,pcgrad,20260930,teamfight,60,europe,1500,9978.0,335.0,143.0,538.0,203.0,6630.0
regional_deterministic,0.5,pcgrad,20260930,teamfight,60,americas,1500,9817.0,404.0,157.0,615.0,211.0,6507.0
regional_deterministic,0.5,pcgrad,20261001,baron,60,overall,3000,3241.0,986.0,361.0,1691.0,705.0,2152.0
regional_deterministic,0.5,pcgrad,20261001,baron,60,europe,1500,1610.0,505.0,178.0,823.0,318.0,1048.0
regional_deterministic,0.5,pcgrad,20261001,baron,60,americas,1500,1631.0,481.0,183.0,868.0,387.0,1104.0
regional_deterministic,0.5,pcgrad,20261001,dragon,60,overall,3000,11329.0,591.0,154.0,646.0,55.0,7555.0
regional_deterministic,0.5,pcgrad,20261001,dragon,60,europe,1500,5578.0,304.0,87.0,334.0,30.0,3749.0
regional_deterministic,0.5,pcgrad,20261001,dragon,60,americas,1500,5751.0,287.0,67.0,312.0,25.0,3806.0
regional_deterministic,0.5,pcgrad,20261001,teamfight,60,overall,3000,19795.0,748.0,304.0,1207.0,459.0,13137.0
regional_deterministic,0.5,pcgrad,20261001,teamfight,60,europe,1500,9978.0,361.0,149.0,599.0,238.0,6630.0
regional_deterministic,0.5,pcgrad,20261001,teamfight,60,americas,1500,9817.0,387.0,155.0,608.0,221.0,6507.0
regional_deterministic,0.5,pcgrad,20261002,baron,60,overall,3000,3241.0,1009.0,375.0,1763.0,754.0,2152.0
regional_deterministic,0.5,pcgrad,20261002,baron,60,europe,1500,1610.0,515.0,187.0,853.0,338.0,1048.0
regional_deterministic,0.5,pcgrad,20261002,baron,60,americas,1500,1631.0,494.0,188.0,910.0,416.0,1104.0
regional_deterministic,0.5,pcgrad,20261002,dragon,60,overall,3000,11329.0,491.0,127.0,533.0,42.0,7555.0
regional_deterministic,0.5,pcgrad,20261002,dragon,60,europe,1500,5578.0,247.0,71.0,272.0,25.0,3749.0
regional_deterministic,0.5,pcgrad,20261002,dragon,60,americas,1500,5751.0,244.0,56.0,261.0,17.0,3806.0
regional_deterministic,0.5,pcgrad,20261002,teamfight,60,overall,3000,19795.0,593.0,230.0,926.0,333.0,13137.0
regional_deterministic,0.5,pcgrad,20261002,teamfight,60,europe,1500,9978.0,283.0,118.0,448.0,165.0,6630.0
regional_deterministic,0.5,pcgrad,20261002,teamfight,60,americas,1500,9817.0,310.0,112.0,478.0,168.0,6507.0
regional_deterministic,0.75,pcgrad,20260930,baron,60,overall,3000,3241.0,1305.0,579.0,2596.0,1291.0,2152.0
regional_deterministic,0.75,pcgrad,20260930,baron,60,europe,1500,1610.0,716.0,319.0,1415.0,699.0,1048.0
regional_deterministic,0.75,pcgrad,20260930,baron,60,americas,1500,1631.0,589.0,260.0,1181.0,592.0,1104.0
regional_deterministic,0.75,pcgrad,20260930,dragon,60,overall,3000,11329.0,2331.0,893.0,2688.0,357.0,7555.0
regional_deterministic,0.75,pcgrad,20260930,dragon,60,europe,1500,5578.0,1148.0,461.0,1314.0,166.0,3749.0
regional_deterministic,0.75,pcgrad,20260930,dragon,60,americas,1500,5751.0,1183.0,432.0,1374.0,191.0,3806.0
regional_deterministic,0.75,pcgrad,20260930,teamfight,60,overall,3000,19795.0,1504.0,699.0,2531.0,1027.0,13137.0
regional_deterministic,0.75,pcgrad,20260930,teamfight,60,europe,1500,9978.0,732.0,360.0,1230.0,498.0,6630.0
regional_deterministic,0.75,pcgrad,20260930,teamfight,60,americas,1500,9817.0,772.0,339.0,1301.0,529.0,6507.0
regional_deterministic,0.75,pcgrad,20261001,baron,60,overall,3000,3241.0,1312.0,590.0,2621.0,1309.0,2152.0
regional_deterministic,0.75,pcgrad,20261001,baron,60,europe,1500,1610.0,726.0,333.0,1455.0,729.0,1048.0
regional_deterministic,0.75,pcgrad,20261001,baron,60,americas,1500,1631.0,586.0,257.0,1166.0,580.0,1104.0
regional_deterministic,0.75,pcgrad,20261001,dragon,60,overall,3000,11329.0,2579.0,1028.0,2966.0,387.0,7555.0
regional_deterministic,0.75,pcgrad,20261001,dragon,60,europe,1500,5578.0,1266.0,528.0,1455.0,189.0,3749.0
regional_deterministic,0.75,pcgrad,20261001,dragon,60,americas,1500,5751.0,1313.0,500.0,1511.0,198.0,3806.0
regional_deterministic,0.75,pcgrad,20261001,teamfight,60,overall,3000,19795.0,1583.0,748.0,2727.0,1144.0,13137.0
regional_deterministic,0.75,pcgrad,20261001,teamfight,60,europe,1500,9978.0,785.0,380.0,1342.0,557.0,6630.0
regional_deterministic,0.75,pcgrad,20261001,teamfight,60,americas,1500,9817.0,798.0,368.0,1385.0,587.0,6507.0
regional_deterministic,0.75,pcgrad,20261002,baron,60,overall,3000,3241.0,1402.0,636.0,2823.0,1421.0,2152.0
regional_deterministic,0.75,pcgrad,20261002,baron,60,europe,1500,1610.0,714.0,316.0,1372.0,658.0,1048.0
regional_deterministic,0.75,pcgrad,20261002,baron,60,americas,1500,1631.0,688.0,320.0,1451.0,763.0,1104.0
regional_deterministic,0.75,pcgrad,20261002,dragon,60,overall,3000,11329.0,2641.0,1076.0,3045.0,404.0,7555.0
regional_deterministic,0.75,pcgrad,20261002,dragon,60,europe,1500,5578.0,1297.0,545.0,1485.0,188.0,3749.0
regional_deterministic,0.75,pcgrad,20261002,dragon,60,americas,1500,5751.0,1344.0,531.0,1560.0,216.0,3806.0
regional_deterministic,0.75,pcgrad,20261002,teamfight,60,overall,3000,19795.0,1295.0,603.0,2179.0,884.0,13137.0
regional_deterministic,0.75,pcgrad,20261002,teamfight,60,europe,1500,9978.0,632.0,302.0,1065.0,433.0,6630.0
regional_deterministic,0.75,pcgrad,20261002,teamfight,60,americas,1500,9817.0,663.0,301.0,1114.0,451.0,6507.0
regional_deterministic,1.0,pcgrad,20260930,baron,60,overall,3000,3241.0,1664.0,832.0,3707.0,2043.0,2152.0
regional_deterministic,1.0,pcgrad,20260930,baron,60,europe,1500,1610.0,845.0,412.0,1808.0,963.0,1048.0
regional_deterministic,1.0,pcgrad,20260930,baron,60,americas,1500,1631.0,819.0,420.0,1899.0,1080.0,1104.0
regional_deterministic,1.0,pcgrad,20260930,dragon,60,overall,3000,11329.0,2331.0,893.0,2688.0,357.0,7555.0
regional_deterministic,1.0,pcgrad,20260930,dragon,60,europe,1500,5578.0,1148.0,461.0,1314.0,166.0,3749.0
regional_deterministic,1.0,pcgrad,20260930,dragon,60,americas,1500,5751.0,1183.0,432.0,1374.0,191.0,3806.0
regional_deterministic,1.0,pcgrad,20260930,teamfight,60,overall,3000,19795.0,1504.0,699.0,2531.0,1027.0,13137.0
regional_deterministic,1.0,pcgrad,20260930,teamfight,60,europe,1500,9978.0,732.0,360.0,1230.0,498.0,6630.0
regional_deterministic,1.0,pcgrad,20260930,teamfight,60,americas,1500,9817.0,772.0,339.0,1301.0,529.0,6507.0
regional_deterministic,1.0,pcgrad,20261001,baron,60,overall,3000,3241.0,1678.0,846.0,3767.0,2089.0,2152.0
regional_deterministic,1.0,pcgrad,20261001,baron,60,europe,1500,1610.0,843.0,419.0,1836.0,993.0,1048.0
regional_deterministic,1.0,pcgrad,20261001,baron,60,americas,1500,1631.0,835.0,427.0,1931.0,1096.0,1104.0
regional_deterministic,1.0,pcgrad,20261001,dragon,60,overall,3000,11329.0,2579.0,1028.0,2966.0,387.0,7555.0
regional_deterministic,1.0,pcgrad,20261001,dragon,60,europe,1500,5578.0,1266.0,528.0,1455.0,189.0,3749.0
regional_deterministic,1.0,pcgrad,20261001,dragon,60,americas,1500,5751.0,1313.0,500.0,1511.0,198.0,3806.0
regional_deterministic,1.0,pcgrad,20261001,teamfight,60,overall,3000,19795.0,1583.0,748.0,2727.0,1144.0,13137.0
regional_deterministic,1.0,pcgrad,20261001,teamfight,60,europe,1500,9978.0,785.0,380.0,1342.0,557.0,6630.0
regional_deterministic,1.0,pcgrad,20261001,teamfight,60,americas,1500,9817.0,798.0,368.0,1385.0,587.0,6507.0
regional_deterministic,1.0,pcgrad,20261002,baron,60,overall,3000,3241.0,1597.0,780.0,3494.0,1897.0,2152.0
regional_deterministic,1.0,pcgrad,20261002,baron,60,europe,1500,1610.0,811.0,390.0,1698.0,887.0,1048.0
regional_deterministic,1.0,pcgrad,20261002,baron,60,americas,1500,1631.0,786.0,390.0,1796.0,1010.0,1104.0
regional_deterministic,1.0,pcgrad,20261002,dragon,60,overall,3000,11329.0,2641.0,1076.0,3045.0,404.0,7555.0
regional_deterministic,1.0,pcgrad,20261002,dragon,60,europe,1500,5578.0,1297.0,545.0,1485.0,188.0,3749.0
regional_deterministic,1.0,pcgrad,20261002,dragon,60,americas,1500,5751.0,1344.0,531.0,1560.0,216.0,3806.0
regional_deterministic,1.0,pcgrad,20261002,teamfight,60,overall,3000,19795.0,1295.0,603.0,2179.0,884.0,13137.0
regional_deterministic,1.0,pcgrad,20261002,teamfight,60,europe,1500,9978.0,632.0,302.0,1065.0,433.0,6630.0
regional_deterministic,1.0,pcgrad,20261002,teamfight,60,americas,1500,9817.0,663.0,301.0,1114.0,451.0,6507.0
regional_deterministic,0.25,timely_leagueews,20260930,baron,30,overall,3000,3241.0,511.0,273.0,875.0,364.0,1091.0
regional_deterministic,0.25,timely_leagueews,20260930,baron,30,europe,1500,1610.0,272.0,142.0,441.0,169.0,558.0
regional_deterministic,0.25,timely_leagueews,20260930,baron,30,americas,1500,1631.0,239.0,131.0,434.0,195.0,533.0
regional_deterministic,0.25,timely_leagueews,20260930,dragon,30,overall,3000,11329.0,519.0,395.0,821.0,302.0,3736.0
regional_deterministic,0.25,timely_leagueews,20260930,dragon,30,europe,1500,5578.0,236.0,182.0,386.0,150.0,1834.0
regional_deterministic,0.25,timely_leagueews,20260930,dragon,30,americas,1500,5751.0,283.0,213.0,435.0,152.0,1902.0
regional_deterministic,0.25,timely_leagueews,20260930,teamfight,30,overall,3000,19795.0,302.0,190.0,688.0,386.0,6648.0
regional_deterministic,0.25,timely_leagueews,20260930,teamfight,30,europe,1500,9978.0,142.0,93.0,342.0,200.0,3351.0
regional_deterministic,0.25,timely_leagueews,20260930,teamfight,30,americas,1500,9817.0,160.0,97.0,346.0,186.0,3297.0
regional_deterministic,0.25,timely_leagueews,20261001,baron,30,overall,3000,3241.0,584.0,319.0,1036.0,452.0,1091.0
regional_deterministic,0.25,timely_leagueews,20261001,baron,30,europe,1500,1610.0,311.0,167.0,510.0,199.0,558.0
regional_deterministic,0.25,timely_leagueews,20261001,baron,30,americas,1500,1631.0,273.0,152.0,526.0,253.0,533.0
regional_deterministic,0.25,timely_leagueews,20261001,dragon,30,overall,3000,11329.0,491.0,406.0,814.0,323.0,3736.0
regional_deterministic,0.25,timely_leagueews,20261001,dragon,30,europe,1500,5578.0,216.0,185.0,377.0,161.0,1834.0
regional_deterministic,0.25,timely_leagueews,20261001,dragon,30,americas,1500,5751.0,275.0,221.0,437.0,162.0,1902.0
regional_deterministic,0.25,timely_leagueews,20261001,teamfight,30,overall,3000,19795.0,359.0,223.0,871.0,512.0,6648.0
regional_deterministic,0.25,timely_leagueews,20261001,teamfight,30,europe,1500,9978.0,171.0,110.0,417.0,246.0,3351.0
regional_deterministic,0.25,timely_leagueews,20261001,teamfight,30,americas,1500,9817.0,188.0,113.0,454.0,266.0,3297.0
regional_deterministic,0.25,timely_leagueews,20261002,baron,30,overall,3000,3241.0,476.0,246.0,773.0,297.0,1091.0
regional_deterministic,0.25,timely_leagueews,20261002,baron,30,europe,1500,1610.0,263.0,134.0,388.0,125.0,558.0
regional_deterministic,0.25,timely_leagueews,20261002,baron,30,americas,1500,1631.0,213.0,112.0,385.0,172.0,533.0
regional_deterministic,0.25,timely_leagueews,20261002,dragon,30,overall,3000,11329.0,651.0,503.0,1075.0,424.0,3736.0
regional_deterministic,0.25,timely_leagueews,20261002,dragon,30,europe,1500,5578.0,303.0,240.0,509.0,206.0,1834.0
regional_deterministic,0.25,timely_leagueews,20261002,dragon,30,americas,1500,5751.0,348.0,263.0,566.0,218.0,1902.0
regional_deterministic,0.25,timely_leagueews,20261002,teamfight,30,overall,3000,19795.0,253.0,161.0,597.0,344.0,6648.0
regional_deterministic,0.25,timely_leagueews,20261002,teamfight,30,europe,1500,9978.0,128.0,84.0,301.0,173.0,3351.0
regional_deterministic,0.25,timely_leagueews,20261002,teamfight,30,americas,1500,9817.0,125.0,77.0,296.0,171.0,3297.0
regional_deterministic,0.5,timely_leagueews,20260930,baron,30,overall,3000,3241.0,811.0,474.0,1853.0,1042.0,1091.0
regional_deterministic,0.5,timely_leagueews,20260930,baron,30,europe,1500,1610.0,434.0,248.0,972.0,538.0,558.0
regional_deterministic,0.5,timely_leagueews,20260930,baron,30,americas,1500,1631.0,377.0,226.0,881.0,504.0,533.0
regional_deterministic,0.5,timely_leagueews,20260930,dragon,30,overall,3000,11329.0,1221.0,825.0,1993.0,772.0,3736.0
regional_deterministic,0.5,timely_leagueews,20260930,dragon,30,europe,1500,5578.0,568.0,380.0,953.0,385.0,1834.0
regional_deterministic,0.5,timely_leagueews,20260930,dragon,30,americas,1500,5751.0,653.0,445.0,1040.0,387.0,1902.0
regional_deterministic,0.5,timely_leagueews,20260930,teamfight,30,overall,3000,19795.0,608.0,368.0,1460.0,852.0,6648.0
regional_deterministic,0.5,timely_leagueews,20260930,teamfight,30,europe,1500,9978.0,292.0,182.0,706.0,414.0,3351.0
regional_deterministic,0.5,timely_leagueews,20260930,teamfight,30,americas,1500,9817.0,316.0,186.0,754.0,438.0,3297.0
regional_deterministic,0.5,timely_leagueews,20261001,baron,30,overall,3000,3241.0,833.0,491.0,1988.0,1155.0,1091.0
regional_deterministic,0.5,timely_leagueews,20261001,baron,30,europe,1500,1610.0,432.0,251.0,968.0,536.0,558.0
regional_deterministic,0.5,timely_leagueews,20261001,baron,30,americas,1500,1631.0,401.0,240.0,1020.0,619.0,533.0
regional_deterministic,0.5,timely_leagueews,20261001,dragon,30,overall,3000,11329.0,1013.0,751.0,1731.0,718.0,3736.0
regional_deterministic,0.5,timely_leagueews,20261001,dragon,30,europe,1500,5578.0,488.0,359.0,850.0,362.0,1834.0
regional_deterministic,0.5,timely_leagueews,20261001,dragon,30,americas,1500,5751.0,525.0,392.0,881.0,356.0,1902.0
regional_deterministic,0.5,timely_leagueews,20261001,teamfight,30,overall,3000,19795.0,720.0,443.0,1862.0,1142.0,6648.0
regional_deterministic,0.5,timely_leagueews,20261001,teamfight,30,europe,1500,9978.0,341.0,220.0,893.0,552.0,3351.0
regional_deterministic,0.5,timely_leagueews,20261001,teamfight,30,americas,1500,9817.0,379.0,223.0,969.0,590.0,3297.0
regional_deterministic,0.5,timely_leagueews,20261002,baron,30,overall,3000,3241.0,801.0,458.0,1848.0,1047.0,1091.0
regional_deterministic,0.5,timely_leagueews,20261002,baron,30,europe,1500,1610.0,413.0,231.0,900.0,487.0,558.0
regional_deterministic,0.5,timely_leagueews,20261002,baron,30,americas,1500,1631.0,388.0,227.0,948.0,560.0,533.0
regional_deterministic,0.5,timely_leagueews,20261002,dragon,30,overall,3000,11329.0,1480.0,1009.0,2474.0,994.0,3736.0
regional_deterministic,0.5,timely_leagueews,20261002,dragon,30,europe,1500,5578.0,693.0,470.0,1193.0,500.0,1834.0
regional_deterministic,0.5,timely_leagueews,20261002,dragon,30,americas,1500,5751.0,787.0,539.0,1281.0,494.0,1902.0
regional_deterministic,0.5,timely_leagueews,20261002,teamfight,30,overall,3000,19795.0,497.0,323.0,1262.0,765.0,6648.0
regional_deterministic,0.5,timely_leagueews,20261002,teamfight,30,europe,1500,9978.0,234.0,149.0,609.0,375.0,3351.0
regional_deterministic,0.5,timely_leagueews,20261002,teamfight,30,americas,1500,9817.0,263.0,174.0,653.0,390.0,3297.0
regional_deterministic,0.75,timely_leagueews,20260930,baron,30,overall,3000,3241.0,1006.0,603.0,2797.0,1791.0,1091.0
regional_deterministic,0.75,timely_leagueews,20260930,baron,30,europe,1500,1610.0,531.0,318.0,1433.0,902.0,558.0
regional_deterministic,0.75,timely_leagueews,20260930,baron,30,americas,1500,1631.0,475.0,285.0,1364.0,889.0,533.0
regional_deterministic,0.75,timely_leagueews,20260930,dragon,30,overall,3000,11329.0,1701.0,1100.0,2797.0,1096.0,3736.0
regional_deterministic,0.75,timely_leagueews,20260930,dragon,30,europe,1500,5578.0,568.0,380.0,953.0,385.0,1834.0
regional_deterministic,0.75,timely_leagueews,20260930,dragon,30,americas,1500,5751.0,1133.0,720.0,1844.0,711.0,1902.0
regional_deterministic,0.75,timely_leagueews,20260930,teamfight,30,overall,3000,19795.0,984.0,593.0,2625.0,1641.0,6648.0
regional_deterministic,0.75,timely_leagueews,20260930,teamfight,30,europe,1500,9978.0,472.0,299.0,1272.0,800.0,3351.0
regional_deterministic,0.75,timely_leagueews,20260930,teamfight,30,americas,1500,9817.0,512.0,294.0,1353.0,841.0,3297.0
regional_deterministic,0.75,timely_leagueews,20261001,baron,30,overall,3000,3241.0,971.0,580.0,2679.0,1708.0,1091.0
regional_deterministic,0.75,timely_leagueews,20261001,baron,30,europe,1500,1610.0,503.0,297.0,1302.0,799.0,558.0
regional_deterministic,0.75,timely_leagueews,20261001,baron,30,americas,1500,1631.0,468.0,283.0,1377.0,909.0,533.0
regional_deterministic,0.75,timely_leagueews,20261001,dragon,30,overall,3000,11329.0,1957.0,1308.0,3298.0,1341.0,3736.0
regional_deterministic,0.75,timely_leagueews,20261001,dragon,30,europe,1500,5578.0,944.0,638.0,1623.0,679.0,1834.0
regional_deterministic,0.75,timely_leagueews,20261001,dragon,30,americas,1500,5751.0,1013.0,670.0,1675.0,662.0,1902.0
regional_deterministic,0.75,timely_leagueews,20261001,teamfight,30,overall,3000,19795.0,720.0,443.0,1862.0,1142.0,6648.0
regional_deterministic,0.75,timely_leagueews,20261001,teamfight,30,europe,1500,9978.0,341.0,220.0,893.0,552.0,3351.0
regional_deterministic,0.75,timely_leagueews,20261001,teamfight,30,americas,1500,9817.0,379.0,223.0,969.0,590.0,3297.0
regional_deterministic,0.75,timely_leagueews,20261002,baron,30,overall,3000,3241.0,970.0,578.0,2644.0,1674.0,1091.0
regional_deterministic,0.75,timely_leagueews,20261002,baron,30,europe,1500,1610.0,500.0,296.0,1280.0,780.0,558.0
regional_deterministic,0.75,timely_leagueews,20261002,baron,30,americas,1500,1631.0,470.0,282.0,1364.0,894.0,533.0
regional_deterministic,0.75,timely_leagueews,20261002,dragon,30,overall,3000,11329.0,1480.0,1009.0,2474.0,994.0,3736.0
regional_deterministic,0.75,timely_leagueews,20261002,dragon,30,europe,1500,5578.0,693.0,470.0,1193.0,500.0,1834.0
regional_deterministic,0.75,timely_leagueews,20261002,dragon,30,americas,1500,5751.0,787.0,539.0,1281.0,494.0,1902.0
regional_deterministic,0.75,timely_leagueews,20261002,teamfight,30,overall,3000,19795.0,848.0,525.0,2284.0,1436.0,6648.0
regional_deterministic,0.75,timely_leagueews,20261002,teamfight,30,europe,1500,9978.0,417.0,263.0,1130.0,713.0,3351.0
regional_deterministic,0.75,timely_leagueews,20261002,teamfight,30,americas,1500,9817.0,431.0,262.0,1154.0,723.0,3297.0
regional_deterministic,1.0,timely_leagueews,20260930,baron,30,overall,3000,3241.0,1146.0,707.0,3721.0,2575.0,1091.0
regional_deterministic,1.0,timely_leagueews,20260930,baron,30,europe,1500,1610.0,587.0,361.0,1789.0,1202.0,558.0
regional_deterministic,1.0,timely_leagueews,20260930,baron,30,americas,1500,1631.0,559.0,346.0,1932.0,1373.0,533.0
regional_deterministic,1.0,timely_leagueews,20260930,dragon,30,overall,3000,11329.0,2198.0,1406.0,3652.0,1454.0,3736.0
regional_deterministic,1.0,timely_leagueews,20260930,dragon,30,europe,1500,5578.0,1065.0,686.0,1808.0,743.0,1834.0
regional_deterministic,1.0,timely_leagueews,20260930,dragon,30,americas,1500,5751.0,1133.0,720.0,1844.0,711.0,1902.0
regional_deterministic,1.0,timely_leagueews,20260930,teamfight,30,overall,3000,19795.0,984.0,593.0,2625.0,1641.0,6648.0
regional_deterministic,1.0,timely_leagueews,20260930,teamfight,30,europe,1500,9978.0,472.0,299.0,1272.0,800.0,3351.0
regional_deterministic,1.0,timely_leagueews,20260930,teamfight,30,americas,1500,9817.0,512.0,294.0,1353.0,841.0,3297.0
regional_deterministic,1.0,timely_leagueews,20261001,baron,30,overall,3000,3241.0,1123.0,689.0,3602.0,2479.0,1091.0
regional_deterministic,1.0,timely_leagueews,20261001,baron,30,europe,1500,1610.0,583.0,357.0,1834.0,1251.0,558.0
regional_deterministic,1.0,timely_leagueews,20261001,baron,30,americas,1500,1631.0,540.0,332.0,1768.0,1228.0,533.0
regional_deterministic,1.0,timely_leagueews,20261001,dragon,30,overall,3000,11329.0,1957.0,1308.0,3298.0,1341.0,3736.0
regional_deterministic,1.0,timely_leagueews,20261001,dragon,30,europe,1500,5578.0,944.0,638.0,1623.0,679.0,1834.0
regional_deterministic,1.0,timely_leagueews,20261001,dragon,30,americas,1500,5751.0,1013.0,670.0,1675.0,662.0,1902.0
regional_deterministic,1.0,timely_leagueews,20261001,teamfight,30,overall,3000,19795.0,1177.0,714.0,3313.0,2136.0,6648.0
regional_deterministic,1.0,timely_leagueews,20261001,teamfight,30,europe,1500,9978.0,573.0,361.0,1648.0,1075.0,3351.0
regional_deterministic,1.0,timely_leagueews,20261001,teamfight,30,americas,1500,9817.0,604.0,353.0,1665.0,1061.0,3297.0
regional_deterministic,1.0,timely_leagueews,20261002,baron,30,overall,3000,3241.0,1091.0,663.0,3496.0,2405.0,1091.0
regional_deterministic,1.0,timely_leagueews,20261002,baron,30,europe,1500,1610.0,558.0,337.0,1687.0,1129.0,558.0
regional_deterministic,1.0,timely_leagueews,20261002,baron,30,americas,1500,1631.0,533.0,326.0,1809.0,1276.0,533.0
regional_deterministic,1.0,timely_leagueews,20261002,dragon,30,overall,3000,11329.0,2526.0,1628.0,4278.0,1752.0,3736.0
regional_deterministic,1.0,timely_leagueews,20261002,dragon,30,europe,1500,5578.0,1222.0,790.0,2119.0,897.0,1834.0
regional_deterministic,1.0,timely_leagueews,20261002,dragon,30,americas,1500,5751.0,1304.0,838.0,2159.0,855.0,1902.0
regional_deterministic,1.0,timely_leagueews,20261002,teamfight,30,overall,3000,19795.0,848.0,525.0,2284.0,1436.0,6648.0
regional_deterministic,1.0,timely_leagueews,20261002,teamfight,30,europe,1500,9978.0,417.0,263.0,1130.0,713.0,3351.0
regional_deterministic,1.0,timely_leagueews,20261002,teamfight,30,americas,1500,9817.0,431.0,262.0,1154.0,723.0,3297.0
regional_deterministic,0.25,timely_leagueews,20260930,baron,60,overall,3000,3241.0,376.0,208.0,703.0,327.0,2152.0
regional_deterministic,0.25,timely_leagueews,20260930,baron,60,europe,1500,1610.0,299.0,161.0,578.0,279.0,1048.0
regional_deterministic,0.25,timely_leagueews,20260930,baron,60,americas,1500,1631.0,77.0,47.0,125.0,48.0,1104.0
regional_deterministic,0.25,timely_leagueews,20260930,dragon,60,overall,3000,11329.0,762.0,715.0,1052.0,290.0,7555.0
regional_deterministic,0.25,timely_leagueews,20260930,dragon,60,europe,1500,5578.0,368.0,346.0,503.0,135.0,3749.0
regional_deterministic,0.25,timely_leagueews,20260930,dragon,60,americas,1500,5751.0,394.0,369.0,549.0,155.0,3806.0
regional_deterministic,0.25,timely_leagueews,20260930,teamfight,60,overall,3000,19795.0,297.0,241.0,562.0,265.0,13137.0
regional_deterministic,0.25,timely_leagueews,20260930,teamfight,60,europe,1500,9978.0,147.0,121.0,279.0,132.0,6630.0
regional_deterministic,0.25,timely_leagueews,20260930,teamfight,60,americas,1500,9817.0,150.0,120.0,283.0,133.0,6507.0
regional_deterministic,0.25,timely_leagueews,20261001,baron,60,overall,3000,3241.0,149.0,79.0,251.0,102.0,2152.0
regional_deterministic,0.25,timely_leagueews,20261001,baron,60,europe,1500,1610.0,80.0,45.0,127.0,47.0,1048.0
regional_deterministic,0.25,timely_leagueews,20261001,baron,60,americas,1500,1631.0,69.0,34.0,124.0,55.0,1104.0
regional_deterministic,0.25,timely_leagueews,20261001,dragon,60,overall,3000,11329.0,641.0,608.0,882.0,241.0,7555.0
regional_deterministic,0.25,timely_leagueews,20261001,dragon,60,europe,1500,5578.0,299.0,286.0,404.0,105.0,3749.0
regional_deterministic,0.25,timely_leagueews,20261001,dragon,60,americas,1500,5751.0,342.0,322.0,478.0,136.0,3806.0
regional_deterministic,0.25,timely_leagueews,20261001,teamfight,60,overall,3000,19795.0,308.0,248.0,593.0,285.0,13137.0
regional_deterministic,0.25,timely_leagueews,20261001,teamfight,60,europe,1500,9978.0,154.0,123.0,294.0,140.0,6630.0
regional_deterministic,0.25,timely_leagueews,20261001,teamfight,60,americas,1500,9817.0,154.0,125.0,299.0,145.0,6507.0
regional_deterministic,0.25,timely_leagueews,20261002,baron,60,overall,3000,3241.0,113.0,68.0,221.0,108.0,2152.0
regional_deterministic,0.25,timely_leagueews,20261002,baron,60,europe,1500,1610.0,55.0,35.0,111.0,56.0,1048.0
regional_deterministic,0.25,timely_leagueews,20261002,baron,60,americas,1500,1631.0,58.0,33.0,110.0,52.0,1104.0
regional_deterministic,0.25,timely_leagueews,20261002,dragon,60,overall,3000,11329.0,721.0,688.0,1001.0,280.0,7555.0
regional_deterministic,0.25,timely_leagueews,20261002,dragon,60,europe,1500,5578.0,347.0,330.0,473.0,126.0,3749.0
regional_deterministic,0.25,timely_leagueews,20261002,dragon,60,americas,1500,5751.0,374.0,358.0,528.0,154.0,3806.0
regional_deterministic,0.25,timely_leagueews,20261002,teamfight,60,overall,3000,19795.0,476.0,383.0,946.0,470.0,13137.0
regional_deterministic,0.25,timely_leagueews,20261002,teamfight,60,europe,1500,9978.0,342.0,276.0,674.0,332.0,6630.0
regional_deterministic,0.25,timely_leagueews,20261002,teamfight,60,americas,1500,9817.0,134.0,107.0,272.0,138.0,6507.0
regional_deterministic,0.5,timely_leagueews,20260930,baron,60,overall,3000,3241.0,772.0,436.0,1621.0,849.0,2152.0
regional_deterministic,0.5,timely_leagueews,20260930,baron,60,europe,1500,1610.0,502.0,280.0,1061.0,559.0,1048.0
regional_deterministic,0.5,timely_leagueews,20260930,baron,60,americas,1500,1631.0,270.0,156.0,560.0,290.0,1104.0
regional_deterministic,0.5,timely_leagueews,20260930,dragon,60,overall,3000,11329.0,1741.0,1583.0,2484.0,743.0,7555.0
regional_deterministic,0.5,timely_leagueews,20260930,dragon,60,europe,1500,5578.0,851.0,775.0,1217.0,366.0,3749.0
regional_deterministic,0.5,timely_leagueews,20260930,dragon,60,americas,1500,5751.0,890.0,808.0,1267.0,377.0,3806.0
regional_deterministic,0.5,timely_leagueews,20260930,teamfight,60,overall,3000,19795.0,785.0,620.0,1602.0,817.0,13137.0
regional_deterministic,0.5,timely_leagueews,20260930,teamfight,60,europe,1500,9978.0,392.0,318.0,773.0,381.0,6630.0
regional_deterministic,0.5,timely_leagueews,20260930,teamfight,60,americas,1500,9817.0,393.0,302.0,829.0,436.0,6507.0
regional_deterministic,0.5,timely_leagueews,20261001,baron,60,overall,3000,3241.0,638.0,358.0,1362.0,724.0,2152.0
regional_deterministic,0.5,timely_leagueews,20261001,baron,60,europe,1500,1610.0,325.0,180.0,669.0,344.0,1048.0
regional_deterministic,0.5,timely_leagueews,20261001,baron,60,americas,1500,1631.0,313.0,178.0,693.0,380.0,1104.0
regional_deterministic,0.5,timely_leagueews,20261001,dragon,60,overall,3000,11329.0,2398.0,2142.0,3483.0,1085.0,7555.0
regional_deterministic,0.5,timely_leagueews,20261001,dragon,60,europe,1500,5578.0,1164.0,1038.0,1706.0,542.0,3749.0
regional_deterministic,0.5,timely_leagueews,20261001,dragon,60,americas,1500,5751.0,1234.0,1104.0,1777.0,543.0,3806.0
regional_deterministic,0.5,timely_leagueews,20261001,teamfight,60,overall,3000,19795.0,791.0,631.0,1624.0,833.0,13137.0
regional_deterministic,0.5,timely_leagueews,20261001,teamfight,60,europe,1500,9978.0,385.0,311.0,780.0,395.0,6630.0
regional_deterministic,0.5,timely_leagueews,20261001,teamfight,60,americas,1500,9817.0,406.0,320.0,844.0,438.0,6507.0
regional_deterministic,0.5,timely_leagueews,20261002,baron,60,overall,3000,3241.0,542.0,322.0,1286.0,744.0,2152.0
regional_deterministic,0.5,timely_leagueews,20261002,baron,60,europe,1500,1610.0,275.0,164.0,633.0,358.0,1048.0
regional_deterministic,0.5,timely_leagueews,20261002,baron,60,americas,1500,1631.0,267.0,158.0,653.0,386.0,1104.0
regional_deterministic,0.5,timely_leagueews,20261002,dragon,60,overall,3000,11329.0,1726.0,1594.0,2463.0,737.0,7555.0
regional_deterministic,0.5,timely_leagueews,20261002,dragon,60,europe,1500,5578.0,841.0,771.0,1205.0,364.0,3749.0
regional_deterministic,0.5,timely_leagueews,20261002,dragon,60,americas,1500,5751.0,885.0,823.0,1258.0,373.0,3806.0
regional_deterministic,0.5,timely_leagueews,20261002,teamfight,60,overall,3000,19795.0,702.0,552.0,1407.0,705.0,13137.0
regional_deterministic,0.5,timely_leagueews,20261002,teamfight,60,europe,1500,9978.0,342.0,276.0,674.0,332.0,6630.0
regional_deterministic,0.5,timely_leagueews,20261002,teamfight,60,americas,1500,9817.0,360.0,276.0,733.0,373.0,6507.0
regional_deterministic,0.75,timely_leagueews,20260930,baron,60,overall,3000,3241.0,1182.0,657.0,2620.0,1438.0,2152.0
regional_deterministic,0.75,timely_leagueews,20260930,baron,60,europe,1500,1610.0,688.0,389.0,1543.0,855.0,1048.0
regional_deterministic,0.75,timely_leagueews,20260930,baron,60,americas,1500,1631.0,494.0,268.0,1077.0,583.0,1104.0
regional_deterministic,0.75,timely_leagueews,20260930,dragon,60,overall,3000,11329.0,2762.0,2396.0,4001.0,1239.0,7555.0
regional_deterministic,0.75,timely_leagueews,20260930,dragon,60,europe,1500,5578.0,1336.0,1166.0,1951.0,615.0,3749.0
regional_deterministic,0.75,timely_leagueews,20260930,dragon,60,americas,1500,5751.0,1426.0,1230.0,2050.0,624.0,3806.0
regional_deterministic,0.75,timely_leagueews,20260930,teamfight,60,overall,3000,19795.0,1214.0,936.0,2570.0,1356.0,13137.0
regional_deterministic,0.75,timely_leagueews,20260930,teamfight,60,europe,1500,9978.0,821.0,634.0,1741.0,920.0,6630.0
regional_deterministic,0.75,timely_leagueews,20260930,teamfight,60,americas,1500,9817.0,393.0,302.0,829.0,436.0,6507.0
regional_deterministic,0.75,timely_leagueews,20261001,baron,60,overall,3000,3241.0,1091.0,616.0,2478.0,1387.0,2152.0
regional_deterministic,0.75,timely_leagueews,20261001,baron,60,europe,1500,1610.0,548.0,313.0,1219.0,671.0,1048.0
regional_deterministic,0.75,timely_leagueews,20261001,baron,60,americas,1500,1631.0,543.0,303.0,1259.0,716.0,1104.0
regional_deterministic,0.75,timely_leagueews,20261001,dragon,60,overall,3000,11329.0,3212.0,2757.0,4763.0,1551.0,7555.0
regional_deterministic,0.75,timely_leagueews,20261001,dragon,60,europe,1500,5578.0,1559.0,1339.0,2336.0,777.0,3749.0
regional_deterministic,0.75,timely_leagueews,20261001,dragon,60,americas,1500,5751.0,1653.0,1418.0,2427.0,774.0,3806.0
regional_deterministic,0.75,timely_leagueews,20261001,teamfight,60,overall,3000,19795.0,791.0,631.0,1624.0,833.0,13137.0
regional_deterministic,0.75,timely_leagueews,20261001,teamfight,60,europe,1500,9978.0,385.0,311.0,780.0,395.0,6630.0
regional_deterministic,0.75,timely_leagueews,20261001,teamfight,60,americas,1500,9817.0,406.0,320.0,844.0,438.0,6507.0
regional_deterministic,0.75,timely_leagueews,20261002,baron,60,overall,3000,3241.0,1060.0,654.0,2583.0,1523.0,2152.0
regional_deterministic,0.75,timely_leagueews,20261002,baron,60,europe,1500,1610.0,535.0,323.0,1276.0,741.0,1048.0
regional_deterministic,0.75,timely_leagueews,20261002,baron,60,americas,1500,1631.0,525.0,331.0,1307.0,782.0,1104.0
regional_deterministic,0.75,timely_leagueews,20261002,dragon,60,overall,3000,11329.0,2754.0,2421.0,4054.0,1300.0,7555.0
regional_deterministic,0.75,timely_leagueews,20261002,dragon,60,europe,1500,5578.0,1333.0,1175.0,1980.0,647.0,3749.0
regional_deterministic,0.75,timely_leagueews,20261002,dragon,60,americas,1500,5751.0,1421.0,1246.0,2074.0,653.0,3806.0
regional_deterministic,0.75,timely_leagueews,20261002,teamfight,60,overall,3000,19795.0,1463.0,1128.0,3177.0,1714.0,13137.0
regional_deterministic,0.75,timely_leagueews,20261002,teamfight,60,europe,1500,9978.0,720.0,560.0,1540.0,820.0,6630.0
regional_deterministic,0.75,timely_leagueews,20261002,teamfight,60,americas,1500,9817.0,743.0,568.0,1637.0,894.0,6507.0
regional_deterministic,1.0,timely_leagueews,20260930,baron,60,overall,3000,3241.0,1356.0,764.0,3145.0,1789.0,2152.0
regional_deterministic,1.0,timely_leagueews,20260930,baron,60,europe,1500,1610.0,688.0,389.0,1543.0,855.0,1048.0
regional_deterministic,1.0,timely_leagueews,20260930,baron,60,americas,1500,1631.0,668.0,375.0,1602.0,934.0,1104.0
regional_deterministic,1.0,timely_leagueews,20260930,dragon,60,overall,3000,11329.0,3639.0,3028.0,5344.0,1705.0,7555.0
regional_deterministic,1.0,timely_leagueews,20260930,dragon,60,europe,1500,5578.0,1772.0,1481.0,2623.0,851.0,3749.0
regional_deterministic,1.0,timely_leagueews,20260930,dragon,60,americas,1500,5751.0,1867.0,1547.0,2721.0,854.0,3806.0
regional_deterministic,1.0,timely_leagueews,20260930,teamfight,60,overall,3000,19795.0,1661.0,1272.0,3609.0,1948.0,13137.0
regional_deterministic,1.0,timely_leagueews,20260930,teamfight,60,europe,1500,9978.0,821.0,634.0,1741.0,920.0,6630.0
regional_deterministic,1.0,timely_leagueews,20260930,teamfight,60,americas,1500,9817.0,840.0,638.0,1868.0,1028.0,6507.0
regional_deterministic,1.0,timely_leagueews,20261001,baron,60,overall,3000,3241.0,1456.0,843.0,3527.0,2071.0,2152.0
regional_deterministic,1.0,timely_leagueews,20261001,baron,60,europe,1500,1610.0,724.0,416.0,1711.0,987.0,1048.0
regional_deterministic,1.0,timely_leagueews,20261001,baron,60,americas,1500,1631.0,732.0,427.0,1816.0,1084.0,1104.0
regional_deterministic,1.0,timely_leagueews,20261001,dragon,60,overall,3000,11329.0,4026.0,3298.0,6033.0,2007.0,7555.0
regional_deterministic,1.0,timely_leagueews,20261001,dragon,60,europe,1500,5578.0,1958.0,1606.0,2964.0,1006.0,3749.0
regional_deterministic,1.0,timely_leagueews,20261001,dragon,60,americas,1500,5751.0,2068.0,1692.0,3069.0,1001.0,3806.0
regional_deterministic,1.0,timely_leagueews,20261001,teamfight,60,overall,3000,19795.0,1668.0,1288.0,3653.0,1985.0,13137.0
regional_deterministic,1.0,timely_leagueews,20261001,teamfight,60,europe,1500,9978.0,821.0,636.0,1765.0,944.0,6630.0
regional_deterministic,1.0,timely_leagueews,20261001,teamfight,60,americas,1500,9817.0,847.0,652.0,1888.0,1041.0,6507.0
regional_deterministic,1.0,timely_leagueews,20261002,baron,60,overall,3000,3241.0,1493.0,914.0,3800.0,2307.0,2152.0
regional_deterministic,1.0,timely_leagueews,20261002,baron,60,europe,1500,1610.0,735.0,441.0,1844.0,1109.0,1048.0
regional_deterministic,1.0,timely_leagueews,20261002,baron,60,americas,1500,1631.0,758.0,473.0,1956.0,1198.0,1104.0
regional_deterministic,1.0,timely_leagueews,20261002,dragon,60,overall,3000,11329.0,3704.0,3079.0,5501.0,1797.0,7555.0
regional_deterministic,1.0,timely_leagueews,20261002,dragon,60,europe,1500,5578.0,1808.0,1509.0,2708.0,900.0,3749.0
regional_deterministic,1.0,timely_leagueews,20261002,dragon,60,americas,1500,5751.0,1896.0,1570.0,2793.0,897.0,3806.0
regional_deterministic,1.0,timely_leagueews,20261002,teamfight,60,overall,3000,19795.0,1463.0,1128.0,3177.0,1714.0,13137.0
regional_deterministic,1.0,timely_leagueews,20261002,teamfight,60,europe,1500,9978.0,720.0,560.0,1540.0,820.0,6630.0
regional_deterministic,1.0,timely_leagueews,20261002,teamfight,60,americas,1500,9817.0,743.0,568.0,1637.0,894.0,6507.0
regional_deterministic,0.25,timely_tcn,20260930,baron,30,overall,3000,3241.0,575.0,308.0,1077.0,502.0,1091.0
regional_deterministic,0.25,timely_tcn,20260930,baron,30,europe,1500,1610.0,303.0,161.0,530.0,227.0,558.0
regional_deterministic,0.25,timely_tcn,20260930,baron,30,americas,1500,1631.0,272.0,147.0,547.0,275.0,533.0
regional_deterministic,0.25,timely_tcn,20260930,dragon,30,overall,3000,11329.0,486.0,390.0,832.0,346.0,3736.0
regional_deterministic,0.25,timely_tcn,20260930,dragon,30,europe,1500,5578.0,230.0,185.0,408.0,178.0,1834.0
regional_deterministic,0.25,timely_tcn,20260930,dragon,30,americas,1500,5751.0,256.0,205.0,424.0,168.0,1902.0
regional_deterministic,0.25,timely_tcn,20260930,teamfight,30,overall,3000,19795.0,352.0,212.0,878.0,526.0,6648.0
regional_deterministic,0.25,timely_tcn,20260930,teamfight,30,europe,1500,9978.0,171.0,103.0,435.0,264.0,3351.0
regional_deterministic,0.25,timely_tcn,20260930,teamfight,30,americas,1500,9817.0,181.0,109.0,443.0,262.0,3297.0
regional_deterministic,0.25,timely_tcn,20261001,baron,30,overall,3000,3241.0,544.0,291.0,949.0,405.0,1091.0
regional_deterministic,0.25,timely_tcn,20261001,baron,30,europe,1500,1610.0,290.0,152.0,475.0,185.0,558.0
regional_deterministic,0.25,timely_tcn,20261001,baron,30,americas,1500,1631.0,254.0,139.0,474.0,220.0,533.0
regional_deterministic,0.25,timely_tcn,20261001,dragon,30,overall,3000,11329.0,347.0,266.0,553.0,206.0,3736.0
regional_deterministic,0.25,timely_tcn,20261001,dragon,30,europe,1500,5578.0,159.0,122.0,262.0,103.0,1834.0
regional_deterministic,0.25,timely_tcn,20261001,dragon,30,americas,1500,5751.0,188.0,144.0,291.0,103.0,1902.0
regional_deterministic,0.25,timely_tcn,20261001,teamfight,30,overall,3000,19795.0,244.0,150.0,603.0,359.0,6648.0
regional_deterministic,0.25,timely_tcn,20261001,teamfight,30,europe,1500,9978.0,121.0,78.0,297.0,176.0,3351.0
regional_deterministic,0.25,timely_tcn,20261001,teamfight,30,americas,1500,9817.0,123.0,72.0,306.0,183.0,3297.0
regional_deterministic,0.25,timely_tcn,20261002,baron,30,overall,3000,3241.0,541.0,291.0,996.0,455.0,1091.0
regional_deterministic,0.25,timely_tcn,20261002,baron,30,europe,1500,1610.0,281.0,149.0,479.0,198.0,558.0
regional_deterministic,0.25,timely_tcn,20261002,baron,30,americas,1500,1631.0,260.0,142.0,517.0,257.0,533.0
regional_deterministic,0.25,timely_tcn,20261002,dragon,30,overall,3000,11329.0,494.0,382.0,863.0,369.0,3736.0
regional_deterministic,0.25,timely_tcn,20261002,dragon,30,europe,1500,5578.0,233.0,181.0,411.0,178.0,1834.0
regional_deterministic,0.25,timely_tcn,20261002,dragon,30,americas,1500,5751.0,261.0,201.0,452.0,191.0,1902.0
regional_deterministic,0.25,timely_tcn,20261002,teamfight,30,overall,3000,19795.0,303.0,179.0,690.0,387.0,6648.0
regional_deterministic,0.25,timely_tcn,20261002,teamfight,30,europe,1500,9978.0,93.0,62.0,202.0,109.0,3351.0
regional_deterministic,0.25,timely_tcn,20261002,teamfight,30,americas,1500,9817.0,210.0,117.0,488.0,278.0,3297.0
regional_deterministic,0.5,timely_tcn,20260930,baron,30,overall,3000,3241.0,774.0,442.0,1894.0,1120.0,1091.0
regional_deterministic,0.5,timely_tcn,20260930,baron,30,europe,1500,1610.0,402.0,225.0,917.0,515.0,558.0
regional_deterministic,0.5,timely_tcn,20260930,baron,30,americas,1500,1631.0,372.0,217.0,977.0,605.0,533.0
regional_deterministic,0.5,timely_tcn,20260930,dragon,30,overall,3000,11329.0,1364.0,921.0,2264.0,900.0,3736.0
regional_deterministic,0.5,timely_tcn,20260930,dragon,30,europe,1500,5578.0,656.0,437.0,1128.0,472.0,1834.0
regional_deterministic,0.5,timely_tcn,20260930,dragon,30,americas,1500,5751.0,708.0,484.0,1136.0,428.0,1902.0
regional_deterministic,0.5,timely_tcn,20260930,teamfight,30,overall,3000,19795.0,352.0,212.0,878.0,526.0,6648.0
regional_deterministic,0.5,timely_tcn,20260930,teamfight,30,europe,1500,9978.0,171.0,103.0,435.0,264.0,3351.0
regional_deterministic,0.5,timely_tcn,20260930,teamfight,30,americas,1500,9817.0,181.0,109.0,443.0,262.0,3297.0
regional_deterministic,0.5,timely_tcn,20261001,baron,30,overall,3000,3241.0,774.0,449.0,1814.0,1040.0,1091.0
regional_deterministic,0.5,timely_tcn,20261001,baron,30,europe,1500,1610.0,423.0,249.0,961.0,538.0,558.0
regional_deterministic,0.5,timely_tcn,20261001,baron,30,americas,1500,1631.0,351.0,200.0,853.0,502.0,533.0
regional_deterministic,0.5,timely_tcn,20261001,dragon,30,overall,3000,11329.0,1001.0,674.0,1614.0,613.0,3736.0
regional_deterministic,0.5,timely_tcn,20261001,dragon,30,europe,1500,5578.0,479.0,323.0,795.0,316.0,1834.0
regional_deterministic,0.5,timely_tcn,20261001,dragon,30,americas,1500,5751.0,522.0,351.0,819.0,297.0,1902.0
regional_deterministic,0.5,timely_tcn,20261001,teamfight,30,overall,3000,19795.0,578.0,341.0,1447.0,869.0,6648.0
regional_deterministic,0.5,timely_tcn,20261001,teamfight,30,europe,1500,9978.0,277.0,173.0,695.0,418.0,3351.0
regional_deterministic,0.5,timely_tcn,20261001,teamfight,30,americas,1500,9817.0,301.0,168.0,752.0,451.0,3297.0
regional_deterministic,0.5,timely_tcn,20261002,baron,30,overall,3000,3241.0,813.0,475.0,1946.0,1133.0,1091.0
regional_deterministic,0.5,timely_tcn,20261002,baron,30,europe,1500,1610.0,427.0,249.0,955.0,528.0,558.0
regional_deterministic,0.5,timely_tcn,20261002,baron,30,americas,1500,1631.0,386.0,226.0,991.0,605.0,533.0
regional_deterministic,0.5,timely_tcn,20261002,dragon,30,overall,3000,11329.0,1306.0,905.0,2244.0,938.0,3736.0
regional_deterministic,0.5,timely_tcn,20261002,dragon,30,europe,1500,5578.0,625.0,436.0,1111.0,486.0,1834.0
regional_deterministic,0.5,timely_tcn,20261002,dragon,30,americas,1500,5751.0,681.0,469.0,1133.0,452.0,1902.0
regional_deterministic,0.5,timely_tcn,20261002,teamfight,30,overall,3000,19795.0,399.0,233.0,942.0,543.0,6648.0
regional_deterministic,0.5,timely_tcn,20261002,teamfight,30,europe,1500,9978.0,189.0,116.0,454.0,265.0,3351.0
regional_deterministic,0.5,timely_tcn,20261002,teamfight,30,americas,1500,9817.0,210.0,117.0,488.0,278.0,3297.0
regional_deterministic,0.75,timely_tcn,20260930,baron,30,overall,3000,3241.0,985.0,596.0,2785.0,1800.0,1091.0
regional_deterministic,0.75,timely_tcn,20260930,baron,30,europe,1500,1610.0,506.0,302.0,1347.0,841.0,558.0
regional_deterministic,0.75,timely_tcn,20260930,baron,30,americas,1500,1631.0,479.0,294.0,1438.0,959.0,533.0
regional_deterministic,0.75,timely_tcn,20260930,dragon,30,overall,3000,11329.0,1364.0,921.0,2264.0,900.0,3736.0
regional_deterministic,0.75,timely_tcn,20260930,dragon,30,europe,1500,5578.0,656.0,437.0,1128.0,472.0,1834.0
regional_deterministic,0.75,timely_tcn,20260930,dragon,30,americas,1500,5751.0,708.0,484.0,1136.0,428.0,1902.0
regional_deterministic,0.75,timely_tcn,20260930,teamfight,30,overall,3000,19795.0,735.0,443.0,1927.0,1192.0,6648.0
regional_deterministic,0.75,timely_tcn,20260930,teamfight,30,europe,1500,9978.0,343.0,213.0,935.0,592.0,3351.0
regional_deterministic,0.75,timely_tcn,20260930,teamfight,30,americas,1500,9817.0,392.0,230.0,992.0,600.0,3297.0
regional_deterministic,0.75,timely_tcn,20261001,baron,30,overall,3000,3241.0,951.0,574.0,2755.0,1804.0,1091.0
regional_deterministic,0.75,timely_tcn,20261001,baron,30,europe,1500,1610.0,512.0,310.0,1440.0,928.0,558.0
regional_deterministic,0.75,timely_tcn,20261001,baron,30,americas,1500,1631.0,439.0,264.0,1315.0,876.0,533.0
regional_deterministic,0.75,timely_tcn,20261001,dragon,30,overall,3000,11329.0,2066.0,1260.0,3305.0,1239.0,3736.0
regional_deterministic,0.75,timely_tcn,20261001,dragon,30,europe,1500,5578.0,988.0,608.0,1620.0,632.0,1834.0
regional_deterministic,0.75,timely_tcn,20261001,dragon,30,americas,1500,5751.0,1078.0,652.0,1685.0,607.0,1902.0
regional_deterministic,0.75,timely_tcn,20261001,teamfight,30,overall,3000,19795.0,578.0,341.0,1447.0,869.0,6648.0
regional_deterministic,0.75,timely_tcn,20261001,teamfight,30,europe,1500,9978.0,277.0,173.0,695.0,418.0,3351.0
regional_deterministic,0.75,timely_tcn,20261001,teamfight,30,americas,1500,9817.0,301.0,168.0,752.0,451.0,3297.0
regional_deterministic,0.75,timely_tcn,20261002,baron,30,overall,3000,3241.0,961.0,574.0,2660.0,1699.0,1091.0
regional_deterministic,0.75,timely_tcn,20261002,baron,30,europe,1500,1610.0,494.0,297.0,1299.0,805.0,558.0
regional_deterministic,0.75,timely_tcn,20261002,baron,30,americas,1500,1631.0,467.0,277.0,1361.0,894.0,533.0
regional_deterministic,0.75,timely_tcn,20261002,dragon,30,overall,3000,11329.0,1306.0,905.0,2244.0,938.0,3736.0
regional_deterministic,0.75,timely_tcn,20261002,dragon,30,europe,1500,5578.0,625.0,436.0,1111.0,486.0,1834.0
regional_deterministic,0.75,timely_tcn,20261002,dragon,30,americas,1500,5751.0,681.0,469.0,1133.0,452.0,1902.0
regional_deterministic,0.75,timely_tcn,20261002,teamfight,30,overall,3000,19795.0,728.0,440.0,1888.0,1160.0,6648.0
regional_deterministic,0.75,timely_tcn,20261002,teamfight,30,europe,1500,9978.0,343.0,222.0,914.0,571.0,3351.0
regional_deterministic,0.75,timely_tcn,20261002,teamfight,30,americas,1500,9817.0,385.0,218.0,974.0,589.0,3297.0
regional_deterministic,1.0,timely_tcn,20260930,baron,30,overall,3000,3241.0,1096.0,677.0,3573.0,2477.0,1091.0
regional_deterministic,1.0,timely_tcn,20260930,baron,30,europe,1500,1610.0,571.0,352.0,1801.0,1230.0,558.0
regional_deterministic,1.0,timely_tcn,20260930,baron,30,americas,1500,1631.0,525.0,325.0,1772.0,1247.0,533.0
regional_deterministic,1.0,timely_tcn,20260930,dragon,30,overall,3000,11329.0,2298.0,1458.0,3875.0,1577.0,3736.0
regional_deterministic,1.0,timely_tcn,20260930,dragon,30,europe,1500,5578.0,1100.0,699.0,1903.0,803.0,1834.0
regional_deterministic,1.0,timely_tcn,20260930,dragon,30,americas,1500,5751.0,1198.0,759.0,1972.0,774.0,1902.0
regional_deterministic,1.0,timely_tcn,20260930,teamfight,30,overall,3000,19795.0,1195.0,721.0,3388.0,2193.0,6648.0
regional_deterministic,1.0,timely_tcn,20260930,teamfight,30,europe,1500,9978.0,578.0,361.0,1681.0,1103.0,3351.0
regional_deterministic,1.0,timely_tcn,20260930,teamfight,30,americas,1500,9817.0,617.0,360.0,1707.0,1090.0,3297.0
regional_deterministic,1.0,timely_tcn,20261001,baron,30,overall,3000,3241.0,1112.0,687.0,3692.0,2580.0,1091.0
regional_deterministic,1.0,timely_tcn,20261001,baron,30,europe,1500,1610.0,572.0,350.0,1794.0,1222.0,558.0
regional_deterministic,1.0,timely_tcn,20261001,baron,30,americas,1500,1631.0,540.0,337.0,1898.0,1358.0,533.0
regional_deterministic,1.0,timely_tcn,20261001,dragon,30,overall,3000,11329.0,2066.0,1260.0,3305.0,1239.0,3736.0
regional_deterministic,1.0,timely_tcn,20261001,dragon,30,europe,1500,5578.0,988.0,608.0,1620.0,632.0,1834.0
regional_deterministic,1.0,timely_tcn,20261001,dragon,30,americas,1500,5751.0,1078.0,652.0,1685.0,607.0,1902.0
regional_deterministic,1.0,timely_tcn,20261001,teamfight,30,overall,3000,19795.0,1041.0,616.0,2888.0,1847.0,6648.0
regional_deterministic,1.0,timely_tcn,20261001,teamfight,30,europe,1500,9978.0,500.0,304.0,1415.0,915.0,3351.0
regional_deterministic,1.0,timely_tcn,20261001,teamfight,30,americas,1500,9817.0,541.0,312.0,1473.0,932.0,3297.0
regional_deterministic,1.0,timely_tcn,20261002,baron,30,overall,3000,3241.0,1123.0,689.0,3643.0,2520.0,1091.0
regional_deterministic,1.0,timely_tcn,20261002,baron,30,europe,1500,1610.0,592.0,362.0,1875.0,1283.0,558.0
regional_deterministic,1.0,timely_tcn,20261002,baron,30,americas,1500,1631.0,531.0,327.0,1768.0,1237.0,533.0
regional_deterministic,1.0,timely_tcn,20261002,dragon,30,overall,3000,11329.0,2483.0,1581.0,4254.0,1771.0,3736.0
regional_deterministic,1.0,timely_tcn,20261002,dragon,30,europe,1500,5578.0,1196.0,771.0,2094.0,898.0,1834.0
regional_deterministic,1.0,timely_tcn,20261002,dragon,30,americas,1500,5751.0,1287.0,810.0,2160.0,873.0,1902.0
regional_deterministic,1.0,timely_tcn,20261002,teamfight,30,overall,3000,19795.0,1204.0,719.0,3420.0,2216.0,6648.0
regional_deterministic,1.0,timely_tcn,20261002,teamfight,30,europe,1500,9978.0,569.0,347.0,1696.0,1127.0,3351.0
regional_deterministic,1.0,timely_tcn,20261002,teamfight,30,americas,1500,9817.0,635.0,372.0,1724.0,1089.0,3297.0
regional_deterministic,0.25,timely_tcn,20260930,baron,60,overall,3000,3241.0,369.0,189.0,783.0,414.0,2152.0
regional_deterministic,0.25,timely_tcn,20260930,baron,60,europe,1500,1610.0,193.0,103.0,386.0,193.0,1048.0
regional_deterministic,0.25,timely_tcn,20260930,baron,60,americas,1500,1631.0,176.0,86.0,397.0,221.0,1104.0
regional_deterministic,0.25,timely_tcn,20260930,dragon,60,overall,3000,11329.0,721.0,674.0,980.0,259.0,7555.0
regional_deterministic,0.25,timely_tcn,20260930,dragon,60,europe,1500,5578.0,347.0,329.0,457.0,110.0,3749.0
regional_deterministic,0.25,timely_tcn,20260930,dragon,60,americas,1500,5751.0,374.0,345.0,523.0,149.0,3806.0
regional_deterministic,0.25,timely_tcn,20260930,teamfight,60,overall,3000,19795.0,342.0,284.0,667.0,325.0,13137.0
regional_deterministic,0.25,timely_tcn,20260930,teamfight,60,europe,1500,9978.0,166.0,140.0,321.0,155.0,6630.0
regional_deterministic,0.25,timely_tcn,20260930,teamfight,60,americas,1500,9817.0,176.0,144.0,346.0,170.0,6507.0
regional_deterministic,0.25,timely_tcn,20261001,baron,60,overall,3000,3241.0,329.0,163.0,683.0,354.0,2152.0
regional_deterministic,0.25,timely_tcn,20261001,baron,60,europe,1500,1610.0,171.0,90.0,335.0,164.0,1048.0
regional_deterministic,0.25,timely_tcn,20261001,baron,60,americas,1500,1631.0,158.0,73.0,348.0,190.0,1104.0
regional_deterministic,0.25,timely_tcn,20261001,dragon,60,overall,3000,11329.0,1373.0,1227.0,1880.0,507.0,7555.0
regional_deterministic,0.25,timely_tcn,20261001,dragon,60,europe,1500,5578.0,667.0,597.0,898.0,231.0,3749.0
regional_deterministic,0.25,timely_tcn,20261001,dragon,60,americas,1500,5751.0,706.0,630.0,982.0,276.0,3806.0
regional_deterministic,0.25,timely_tcn,20261001,teamfight,60,overall,3000,19795.0,255.0,211.0,482.0,227.0,13137.0
regional_deterministic,0.25,timely_tcn,20261001,teamfight,60,europe,1500,9978.0,117.0,99.0,222.0,105.0,6630.0
regional_deterministic,0.25,timely_tcn,20261001,teamfight,60,americas,1500,9817.0,138.0,112.0,260.0,122.0,6507.0
regional_deterministic,0.25,timely_tcn,20261002,baron,60,overall,3000,3241.0,219.0,112.0,491.0,272.0,2152.0
regional_deterministic,0.25,timely_tcn,20261002,baron,60,europe,1500,1610.0,114.0,62.0,243.0,129.0,1048.0
regional_deterministic,0.25,timely_tcn,20261002,baron,60,americas,1500,1631.0,105.0,50.0,248.0,143.0,1104.0
regional_deterministic,0.25,timely_tcn,20261002,dragon,60,overall,3000,11329.0,579.0,547.0,785.0,206.0,7555.0
regional_deterministic,0.25,timely_tcn,20261002,dragon,60,europe,1500,5578.0,276.0,262.0,361.0,85.0,3749.0
regional_deterministic,0.25,timely_tcn,20261002,dragon,60,americas,1500,5751.0,303.0,285.0,424.0,121.0,3806.0
regional_deterministic,0.25,timely_tcn,20261002,teamfight,60,overall,3000,19795.0,272.0,219.0,521.0,249.0,13137.0
regional_deterministic,0.25,timely_tcn,20261002,teamfight,60,europe,1500,9978.0,131.0,108.0,248.0,117.0,6630.0
regional_deterministic,0.25,timely_tcn,20261002,teamfight,60,americas,1500,9817.0,141.0,111.0,273.0,132.0,6507.0
regional_deterministic,0.5,timely_tcn,20260930,baron,60,overall,3000,3241.0,762.0,413.0,1707.0,945.0,2152.0
regional_deterministic,0.5,timely_tcn,20260930,baron,60,europe,1500,1610.0,387.0,214.0,838.0,451.0,1048.0
regional_deterministic,0.5,timely_tcn,20260930,baron,60,americas,1500,1631.0,375.0,199.0,869.0,494.0,1104.0
regional_deterministic,0.5,timely_tcn,20260930,dragon,60,overall,3000,11329.0,1740.0,1573.0,2450.0,710.0,7555.0
regional_deterministic,0.5,timely_tcn,20260930,dragon,60,europe,1500,5578.0,863.0,777.0,1215.0,352.0,3749.0
regional_deterministic,0.5,timely_tcn,20260930,dragon,60,americas,1500,5751.0,877.0,796.0,1235.0,358.0,3806.0
regional_deterministic,0.5,timely_tcn,20260930,teamfight,60,overall,3000,19795.0,858.0,690.0,1846.0,988.0,13137.0
regional_deterministic,0.5,timely_tcn,20260930,teamfight,60,europe,1500,9978.0,422.0,340.0,879.0,457.0,6630.0
regional_deterministic,0.5,timely_tcn,20260930,teamfight,60,americas,1500,9817.0,436.0,350.0,967.0,531.0,6507.0
regional_deterministic,0.5,timely_tcn,20261001,baron,60,overall,3000,3241.0,698.0,370.0,1500.0,802.0,2152.0
regional_deterministic,0.5,timely_tcn,20261001,baron,60,europe,1500,1610.0,353.0,194.0,727.0,374.0,1048.0
regional_deterministic,0.5,timely_tcn,20261001,baron,60,americas,1500,1631.0,345.0,176.0,773.0,428.0,1104.0
regional_deterministic,0.5,timely_tcn,20261001,dragon,60,overall,3000,11329.0,2424.0,2079.0,3414.0,990.0,7555.0
regional_deterministic,0.5,timely_tcn,20261001,dragon,60,europe,1500,5578.0,1189.0,1017.0,1683.0,494.0,3749.0
regional_deterministic,0.5,timely_tcn,20261001,dragon,60,americas,1500,5751.0,1235.0,1062.0,1731.0,496.0,3806.0
regional_deterministic,0.5,timely_tcn,20261001,teamfight,60,overall,3000,19795.0,714.0,556.0,1480.0,766.0,13137.0
regional_deterministic,0.5,timely_tcn,20261001,teamfight,60,europe,1500,9978.0,358.0,282.0,706.0,348.0,6630.0
regional_deterministic,0.5,timely_tcn,20261001,teamfight,60,americas,1500,9817.0,356.0,274.0,774.0,418.0,6507.0
regional_deterministic,0.5,timely_tcn,20261002,baron,60,overall,3000,3241.0,628.0,358.0,1470.0,842.0,2152.0
regional_deterministic,0.5,timely_tcn,20261002,baron,60,europe,1500,1610.0,324.0,194.0,733.0,409.0,1048.0
regional_deterministic,0.5,timely_tcn,20261002,baron,60,americas,1500,1631.0,304.0,164.0,737.0,433.0,1104.0
regional_deterministic,0.5,timely_tcn,20261002,dragon,60,overall,3000,11329.0,2464.0,2201.0,3615.0,1151.0,7555.0
regional_deterministic,0.5,timely_tcn,20261002,dragon,60,europe,1500,5578.0,1213.0,1074.0,1794.0,581.0,3749.0
regional_deterministic,0.5,timely_tcn,20261002,dragon,60,americas,1500,5751.0,1251.0,1127.0,1821.0,570.0,3806.0
regional_deterministic,0.5,timely_tcn,20261002,teamfight,60,overall,3000,19795.0,778.0,626.0,1639.0,861.0,13137.0
regional_deterministic,0.5,timely_tcn,20261002,teamfight,60,europe,1500,9978.0,385.0,312.0,787.0,402.0,6630.0
regional_deterministic,0.5,timely_tcn,20261002,teamfight,60,americas,1500,9817.0,393.0,314.0,852.0,459.0,6507.0
regional_deterministic,0.75,timely_tcn,20260930,baron,60,overall,3000,3241.0,1172.0,626.0,2718.0,1546.0,2152.0
regional_deterministic,0.75,timely_tcn,20260930,baron,60,europe,1500,1610.0,589.0,318.0,1311.0,722.0,1048.0
regional_deterministic,0.75,timely_tcn,20260930,baron,60,americas,1500,1631.0,583.0,308.0,1407.0,824.0,1104.0
regional_deterministic,0.75,timely_tcn,20260930,dragon,60,overall,3000,11329.0,2672.0,2339.0,3933.0,1261.0,7555.0
regional_deterministic,0.75,timely_tcn,20260930,dragon,60,europe,1500,5578.0,1296.0,1131.0,1928.0,632.0,3749.0
regional_deterministic,0.75,timely_tcn,20260930,dragon,60,americas,1500,5751.0,1376.0,1208.0,2005.0,629.0,3806.0
regional_deterministic,0.75,timely_tcn,20260930,teamfight,60,overall,3000,19795.0,858.0,690.0,1846.0,988.0,13137.0
regional_deterministic,0.75,timely_tcn,20260930,teamfight,60,europe,1500,9978.0,422.0,340.0,879.0,457.0,6630.0
regional_deterministic,0.75,timely_tcn,20260930,teamfight,60,americas,1500,9817.0,436.0,350.0,967.0,531.0,6507.0
regional_deterministic,0.75,timely_tcn,20261001,baron,60,overall,3000,3241.0,1092.0,578.0,2465.0,1373.0,2152.0
regional_deterministic,0.75,timely_tcn,20261001,baron,60,europe,1500,1610.0,560.0,291.0,1200.0,640.0,1048.0
regional_deterministic,0.75,timely_tcn,20261001,baron,60,americas,1500,1631.0,532.0,287.0,1265.0,733.0,1104.0
regional_deterministic,0.75,timely_tcn,20261001,dragon,60,overall,3000,11329.0,3340.0,2753.0,4811.0,1471.0,7555.0
regional_deterministic,0.75,timely_tcn,20261001,dragon,60,europe,1500,5578.0,1644.0,1360.0,2372.0,728.0,3749.0
regional_deterministic,0.75,timely_tcn,20261001,dragon,60,americas,1500,5751.0,1696.0,1393.0,2439.0,743.0,3806.0
regional_deterministic,0.75,timely_tcn,20261001,teamfight,60,overall,3000,19795.0,1160.0,893.0,2464.0,1304.0,13137.0
regional_deterministic,0.75,timely_tcn,20261001,teamfight,60,europe,1500,9978.0,804.0,619.0,1690.0,886.0,6630.0
regional_deterministic,0.75,timely_tcn,20261001,teamfight,60,americas,1500,9817.0,356.0,274.0,774.0,418.0,6507.0
regional_deterministic,0.75,timely_tcn,20261002,baron,60,overall,3000,3241.0,1126.0,639.0,2742.0,1616.0,2152.0
regional_deterministic,0.75,timely_tcn,20261002,baron,60,europe,1500,1610.0,570.0,323.0,1344.0,774.0,1048.0
regional_deterministic,0.75,timely_tcn,20261002,baron,60,americas,1500,1631.0,556.0,316.0,1398.0,842.0,1104.0
regional_deterministic,0.75,timely_tcn,20261002,dragon,60,overall,3000,11329.0,3305.0,2823.0,4914.0,1609.0,7555.0
regional_deterministic,0.75,timely_tcn,20261002,dragon,60,europe,1500,5578.0,1611.0,1377.0,2420.0,809.0,3749.0
regional_deterministic,0.75,timely_tcn,20261002,dragon,60,americas,1500,5751.0,1694.0,1446.0,2494.0,800.0,3806.0
regional_deterministic,0.75,timely_tcn,20261002,teamfight,60,overall,3000,19795.0,778.0,626.0,1639.0,861.0,13137.0
regional_deterministic,0.75,timely_tcn,20261002,teamfight,60,europe,1500,9978.0,385.0,312.0,787.0,402.0,6630.0
regional_deterministic,0.75,timely_tcn,20261002,teamfight,60,americas,1500,9817.0,393.0,314.0,852.0,459.0,6507.0
regional_deterministic,1.0,timely_tcn,20260930,baron,60,overall,3000,3241.0,1561.0,845.0,3764.0,2203.0,2152.0
regional_deterministic,1.0,timely_tcn,20260930,baron,60,europe,1500,1610.0,774.0,415.0,1789.0,1015.0,1048.0
regional_deterministic,1.0,timely_tcn,20260930,baron,60,americas,1500,1631.0,787.0,430.0,1975.0,1188.0,1104.0
regional_deterministic,1.0,timely_tcn,20260930,dragon,60,overall,3000,11329.0,3493.0,2938.0,5225.0,1732.0,7555.0
regional_deterministic,1.0,timely_tcn,20260930,dragon,60,europe,1500,5578.0,1712.0,1440.0,2582.0,870.0,3749.0
regional_deterministic,1.0,timely_tcn,20260930,dragon,60,americas,1500,5751.0,1781.0,1498.0,2643.0,862.0,3806.0
regional_deterministic,1.0,timely_tcn,20260930,teamfight,60,overall,3000,19795.0,1718.0,1332.0,3881.0,2163.0,13137.0
regional_deterministic,1.0,timely_tcn,20260930,teamfight,60,europe,1500,9978.0,851.0,654.0,1880.0,1029.0,6630.0
regional_deterministic,1.0,timely_tcn,20260930,teamfight,60,americas,1500,9817.0,867.0,678.0,2001.0,1134.0,6507.0
regional_deterministic,1.0,timely_tcn,20261001,baron,60,overall,3000,3241.0,1471.0,807.0,3509.0,2038.0,2152.0
regional_deterministic,1.0,timely_tcn,20261001,baron,60,europe,1500,1610.0,745.0,407.0,1709.0,964.0,1048.0
regional_deterministic,1.0,timely_tcn,20261001,baron,60,americas,1500,1631.0,726.0,400.0,1800.0,1074.0,1104.0
regional_deterministic,1.0,timely_tcn,20261001,dragon,60,overall,3000,11329.0,4239.0,3335.0,6165.0,1926.0,7555.0
regional_deterministic,1.0,timely_tcn,20261001,dragon,60,europe,1500,5578.0,2082.0,1642.0,3057.0,975.0,3749.0
regional_deterministic,1.0,timely_tcn,20261001,dragon,60,americas,1500,5751.0,2157.0,1693.0,3108.0,951.0,3806.0
regional_deterministic,1.0,timely_tcn,20261001,teamfight,60,overall,3000,19795.0,1599.0,1235.0,3518.0,1919.0,13137.0
regional_deterministic,1.0,timely_tcn,20261001,teamfight,60,europe,1500,9978.0,804.0,619.0,1690.0,886.0,6630.0
regional_deterministic,1.0,timely_tcn,20261001,teamfight,60,americas,1500,9817.0,795.0,616.0,1828.0,1033.0,6507.0
regional_deterministic,1.0,timely_tcn,20261002,baron,60,overall,3000,3241.0,1357.0,771.0,3367.0,2010.0,2152.0
regional_deterministic,1.0,timely_tcn,20261002,baron,60,europe,1500,1610.0,801.0,455.0,1969.0,1168.0,1048.0
regional_deterministic,1.0,timely_tcn,20261002,baron,60,americas,1500,1631.0,556.0,316.0,1398.0,842.0,1104.0
regional_deterministic,1.0,timely_tcn,20261002,dragon,60,overall,3000,11329.0,4162.0,3360.0,6249.0,2087.0,7555.0
regional_deterministic,1.0,timely_tcn,20261002,dragon,60,europe,1500,5578.0,2034.0,1641.0,3083.0,1049.0,3749.0
regional_deterministic,1.0,timely_tcn,20261002,dragon,60,americas,1500,5751.0,2128.0,1719.0,3166.0,1038.0,3806.0
regional_deterministic,1.0,timely_tcn,20261002,teamfight,60,overall,3000,19795.0,1667.0,1291.0,3662.0,1995.0,13137.0
regional_deterministic,1.0,timely_tcn,20261002,teamfight,60,europe,1500,9978.0,852.0,650.0,1805.0,953.0,6630.0
regional_deterministic,1.0,timely_tcn,20261002,teamfight,60,americas,1500,9817.0,815.0,641.0,1857.0,1042.0,6507.0
matched_early_mixture,0.25,leagueews,20260930,baron,30,overall,3000,3241.0,575.822776320202,313.2657763399287,1066.754591363696,490.93181504349724,1091.0
matched_early_mixture,0.25,leagueews,20260930,baron,30,europe,1500,1610.0,301.6816720257231,159.37620578778137,535.7331189710596,234.0514469453375,558.0
matched_early_mixture,0.25,leagueews,20260930,baron,30,americas,1500,1631.0,274.14110429447896,153.88957055214746,531.0214723926396,256.8803680981604,533.0
matched_early_mixture,0.25,leagueews,20260930,dragon,30,overall,3000,11329.0,824.4186715782223,438.96914930356087,1221.0055254978881,396.58685391965236,3736.0
matched_early_mixture,0.25,leagueews,20260930,dragon,30,europe,1500,5578.0,382.19178082191956,207.87671232876613,590.7534246575397,208.5616438356154,1834.0
matched_early_mixture,0.25,leagueews,20260930,dragon,30,americas,1500,5751.0,442.2268907563051,231.0924369747888,630.252100840334,188.0252100840333,1902.0
matched_early_mixture,0.25,leagueews,20260930,teamfight,30,overall,3000,19795.0,472.156016958861,219.08953851023176,1006.8395527183992,534.6835357595343,6648.0
matched_early_mixture,0.25,leagueews,20260930,teamfight,30,europe,1500,9978.0,208.68187274909897,106.11284513805496,473.8235294117689,265.14165666266456,3351.0
matched_early_mixture,0.25,leagueews,20260930,teamfight,30,americas,1500,9817.0,263.47414420975826,112.97669337217712,533.0160233066239,269.54187909686607,3297.0
matched_early_mixture,0.25,leagueews,20261001,baron,30,overall,3000,3241.0,600.792931975089,329.8270168493219,1067.6603099502759,466.8673779751859,1091.0
matched_early_mixture,0.25,leagueews,20261001,baron,30,europe,1500,1610.0,317.390334572491,167.76208178438662,539.9070631970277,222.51672862453563,558.0
matched_early_mixture,0.25,leagueews,20261001,baron,30,americas,1500,1631.0,283.4025974025974,162.06493506493504,527.7532467532471,244.35064935064926,533.0
matched_early_mixture,0.25,leagueews,20261001,dragon,30,overall,3000,11329.0,907.9111295681128,466.408845514949,1252.1490863787487,344.2379568106312,3736.0
matched_early_mixture,0.25,leagueews,20261001,dragon,30,europe,1500,5578.0,415.178571428568,214.9553571428579,579.9107142857109,164.73214285714326,1834.0
matched_early_mixture,0.25,leagueews,20261001,dragon,30,americas,1500,5751.0,492.73255813953784,251.45348837209426,672.2383720930272,179.50581395348897,1902.0
matched_early_mixture,0.25,leagueews,20261001,teamfight,30,overall,3000,19795.0,414.0853903559139,186.67345962495168,907.1047646383519,493.0193742824349,6648.0
matched_early_mixture,0.25,leagueews,20261001,teamfight,30,europe,1500,9978.0,201.9230769230769,95.35256410256436,427.8846153846136,225.96153846153845,3351.0
matched_early_mixture,0.25,leagueews,20261001,teamfight,30,americas,1500,9817.0,212.16231343283513,91.32089552238827,479.22014925373384,267.0578358208951,3297.0
matched_early_mixture,0.25,leagueews,20261002,baron,30,overall,3000,3241.0,572.0927948456031,309.88783688221883,1055.8340143003015,483.7412194547025,1091.0
matched_early_mixture,0.25,leagueews,20261002,baron,30,europe,1500,1610.0,309.64335664335647,166.78671328671336,533.2272727272709,223.58391608391628,558.0
matched_early_mixture,0.25,leagueews,20261002,baron,30,americas,1500,1631.0,262.44943820224705,143.10112359550558,522.6067415730347,260.1573033707863,533.0
matched_early_mixture,0.25,leagueews,20261002,dragon,30,overall,3000,11329.0,951.7830611047693,488.6823108037146,1292.0795998394385,340.29653873467595,3736.0
matched_early_mixture,0.25,leagueews,20261002,dragon,30,europe,1500,5578.0,441.58992805755156,224.73381294964065,598.4100719424416,156.8201438848923,1834.0
matched_early_mixture,0.25,leagueews,20261002,dragon,30,americas,1500,5751.0,510.1931330472074,263.948497854076,693.6695278970004,183.47639484978484,1902.0
matched_early_mixture,0.25,leagueews,20261002,teamfight,30,overall,3000,19795.0,437.0762355003172,213.8115720054442,919.5669161083828,482.49068060806286,6648.0
matched_early_mixture,0.25,leagueews,20261002,teamfight,30,europe,1500,9978.0,219.82599580712838,108.9266247379453,448.32914046121397,228.5031446540886,3351.0
matched_early_mixture,0.25,leagueews,20261002,teamfight,30,americas,1500,9817.0,217.25023969319412,104.88494726749789,471.2377756471687,253.98753595398085,3297.0
matched_early_mixture,0.5,leagueews,20260930,baron,30,overall,3000,3241.0,843.6358423925506,496.0533920462376,2035.1099032154543,1191.474060822901,1091.0
matched_early_mixture,0.5,leagueews,20260930,baron,30,europe,1500,1610.0,438.5660749506914,252.72781065088736,1016.4122287968438,577.8461538461565,558.0
matched_early_mixture,0.5,leagueews,20260930,baron,30,americas,1500,1631.0,405.0697674418607,243.3255813953488,1018.697674418607,613.6279069767455,533.0
matched_early_mixture,0.5,leagueews,20260930,dragon,30,overall,3000,11329.0,1639.7286943872216,876.8861680203728,2439.3829555098046,799.6542611225666,3736.0
matched_early_mixture,0.5,leagueews,20260930,dragon,30,europe,1500,5578.0,764.3835616438391,415.75342465753226,1181.5068493150793,417.1232876712308,1834.0
matched_early_mixture,0.5,leagueews,20260930,dragon,30,americas,1500,5751.0,875.3451327433673,461.13274336283337,1257.876106194699,382.53097345132875,1902.0
matched_early_mixture,0.5,leagueews,20260930,teamfight,30,overall,3000,19795.0,845.47005488283,408.50321366711484,1948.862173857134,1103.3921189743035,6648.0
matched_early_mixture,0.5,leagueews,20260930,teamfight,30,europe,1500,9978.0,408.5618247298923,207.8535414165668,937.0588235294008,528.4969987995196,3351.0
matched_early_mixture,0.5,leagueews,20260930,teamfight,30,americas,1500,9817.0,436.90823015295257,200.64967225054687,1011.8033503277411,574.8951201748,3297.0
matched_early_mixture,0.5,leagueews,20261001,baron,30,overall,3000,3241.0,846.0474308300409,493.9011857707512,2001.3109354413552,1155.2635046113314,1091.0
matched_early_mixture,0.5,leagueews,20261001,baron,30,europe,1500,1610.0,441.65612648221304,252.5968379446642,1000.383399209488,558.7272727272714,558.0
matched_early_mixture,0.5,leagueews,20261001,baron,30,americas,1500,1631.0,404.39130434782635,241.30434782608674,1000.927536231888,596.5362318840597,533.0
matched_early_mixture,0.5,leagueews,20261001,dragon,30,overall,3000,11329.0,1675.440583129191,903.0627892205795,2429.352176148582,753.9115930193875,3736.0
matched_early_mixture,0.5,leagueews,20261001,dragon,30,europe,1500,5578.0,797.7022653721715,431.6796116504861,1169.7540453074496,372.05177993527536,1834.0
matched_early_mixture,0.5,leagueews,20261001,dragon,30,americas,1500,5751.0,877.7383177570069,471.38317757009213,1259.5981308411242,381.85981308411095,1902.0
matched_early_mixture,0.5,leagueews,20261001,teamfight,30,overall,3000,19795.0,786.8320895522473,373.55119307918903,1844.971907976078,1058.1398184238215,6648.0
matched_early_mixture,0.5,leagueews,20261001,teamfight,30,europe,1500,9978.0,392.99999999999966,191.7452229299364,892.3375796178378,499.33757961783334,3351.0
matched_early_mixture,0.5,leagueews,20261001,teamfight,30,americas,1500,9817.0,393.83208955223716,181.805970149253,952.6343283582206,558.8022388059699,3297.0
matched_early_mixture,0.5,leagueews,20261002,baron,30,overall,3000,3241.0,839.346013986014,483.08906293706303,2023.609174825178,1184.2631608391632,1091.0
matched_early_mixture,0.5,leagueews,20261002,baron,30,europe,1500,1610.0,432.36000000000035,249.15199999999996,977.7839999999986,545.4240000000009,558.0
matched_early_mixture,0.5,leagueews,20261002,baron,30,americas,1500,1631.0,406.9860139860137,233.93706293706282,1045.8251748251778,638.8391608391611,533.0
matched_early_mixture,0.5,leagueews,20261002,dragon,30,overall,3000,11329.0,1674.8331771321448,901.6145966709411,2442.4139683461467,767.5807912140192,3736.0
matched_early_mixture,0.5,leagueews,20261002,dragon,30,europe,1500,5578.0,797.0909090909146,431.61459667093743,1187.352112676066,390.2612035851494,1834.0
matched_early_mixture,0.5,leagueews,20261002,dragon,30,americas,1500,5751.0,877.7422680412415,470.0000000000016,1255.0618556701027,377.3195876288662,1902.0
matched_early_mixture,0.5,leagueews,20261002,teamfight,30,overall,3000,19795.0,815.1313680204462,407.59572384407966,1841.477872610974,1026.3465045905027,6648.0
matched_early_mixture,0.5,leagueews,20261002,teamfight,30,europe,1500,9978.0,401.2128637059736,203.47779479326167,900.3215926493074,499.1087289433406,3351.0
matched_early_mixture,0.5,leagueews,20261002,teamfight,30,americas,1500,9817.0,413.9185043144814,204.11792905081603,941.1562799616463,527.2377756471765,3297.0
matched_early_mixture,0.75,leagueews,20260930,baron,30,overall,3000,3241.0,1011.8746438746443,613.484330484331,2905.6524216524253,1893.7777777777644,1091.0
matched_early_mixture,0.75,leagueews,20260930,baron,30,europe,1500,1610.0,530.2820512820516,317.07692307692275,1454.2820512820444,924.0000000000035,558.0
matched_early_mixture,0.75,leagueews,20260930,baron,30,americas,1500,1631.0,481.5925925925927,296.4074074074073,1451.3703703703661,969.7777777777754,533.0
matched_early_mixture,0.75,leagueews,20260930,dragon,30,overall,3000,11329.0,2351.380984400217,1296.5638784292676,3622.4363905325426,1271.0554061323355,3736.0
matched_early_mixture,0.75,leagueews,20260930,dragon,30,europe,1500,5578.0,1138.7218934911268,622.1775147928996,1771.6863905325386,632.9644970414206,1834.0
matched_early_mixture,0.75,leagueews,20260930,dragon,30,americas,1500,5751.0,1212.6590909090964,674.3863636363643,1850.7500000000127,638.0909090909106,1902.0
matched_early_mixture,0.75,leagueews,20260930,teamfight,30,overall,3000,19795.0,1181.6756494294823,584.3226511289178,2844.2573440155184,1662.5816945860838,6648.0
matched_early_mixture,0.75,leagueews,20260930,teamfight,30,europe,1500,9978.0,571.333333333333,296.00000000000006,1353.6666666666692,782.3333333333318,3351.0
matched_early_mixture,0.75,leagueews,20260930,teamfight,30,americas,1500,9817.0,610.3423160961443,288.3226511289144,1490.590677348889,880.2483612527392,3297.0
matched_early_mixture,0.75,leagueews,20261001,baron,30,overall,3000,3241.0,1014.4486736900582,614.6391782235189,2881.7388647501043,1867.2901910600401,1091.0
matched_early_mixture,0.75,leagueews,20261001,baron,30,europe,1500,1610.0,525.6782334384864,317.2586750788645,1433.9589905362732,908.2807570977905,558.0
matched_early_mixture,0.75,leagueews,20261001,baron,30,americas,1500,1631.0,488.7704402515725,297.3805031446542,1447.7798742138282,959.0094339622651,533.0
matched_early_mixture,0.75,leagueews,20261001,dragon,30,overall,3000,11329.0,2295.331720811984,1288.5223298067187,3576.3084077909098,1280.9766869789476,3736.0
matched_early_mixture,0.75,leagueews,20261001,dragon,30,europe,1500,5578.0,1136.060869565212,630.1130434782597,1774.0521739130304,637.9913043478251,1834.0
matched_early_mixture,0.75,leagueews,20261001,dragon,30,americas,1500,5751.0,1159.2708512467714,658.4092863284608,1802.256233877903,642.985382631127,1902.0
matched_early_mixture,0.75,leagueews,20261001,teamfight,30,overall,3000,19795.0,1127.7411433240106,551.2662140763438,2739.9875593814045,1612.2464160573952,6648.0
matched_early_mixture,0.75,leagueews,20261001,teamfight,30,europe,1500,9978.0,552.2392776523709,278.97516930022556,1313.9390519187323,761.6997742663683,3351.0
matched_early_mixture,0.75,leagueews,20261001,teamfight,30,americas,1500,9817.0,575.5018656716388,272.29104477611975,1426.0485074626756,850.5466417910428,3297.0
matched_early_mixture,0.75,leagueews,20261002,baron,30,overall,3000,3241.0,1009.6777137367902,600.2990714056996,2921.8428327462884,1912.1651190094972,1091.0
matched_early_mixture,0.75,leagueews,20261002,baron,30,europe,1500,1610.0,523.8333333333331,308.55555555555543,1442.7592592592628,918.9259259259251,558.0
matched_early_mixture,0.75,leagueews,20261002,baron,30,americas,1500,1631.0,485.8443804034589,291.74351585014443,1479.0835734870245,993.2391930835707,533.0
matched_early_mixture,0.75,leagueews,20261002,dragon,30,overall,3000,11329.0,2354.731645569602,1322.7489748618325,3648.6148333035467,1293.8831877340037,3736.0
matched_early_mixture,0.75,leagueews,20261002,dragon,30,europe,1500,5578.0,1138.0000000000055,639.5211267605664,1794.7464788732498,656.7464788732428,1834.0
matched_early_mixture,0.75,leagueews,20261002,dragon,30,americas,1500,5751.0,1216.731645569623,683.2278481012676,1853.8683544303728,637.1367088607605,1902.0
matched_early_mixture,0.75,leagueews,20261002,teamfight,30,overall,3000,19795.0,1177.4830307613117,594.3697139916,2769.7853126012765,1592.3022818399604,6648.0
matched_early_mixture,0.75,leagueews,20261002,teamfight,30,europe,1500,9978.0,569.4747320061265,292.4900459418078,1356.8683001531283,787.3935681470114,3351.0
matched_early_mixture,0.75,leagueews,20261002,teamfight,30,americas,1500,9817.0,608.0082987551875,301.87966804979294,1412.9170124481443,804.9087136929506,3297.0
matched_early_mixture,1.0,leagueews,20260930,baron,30,overall,3000,3241.0,1131.998788612961,699.296573505235,3762.1003720688377,2630.101583455886,1091.0
matched_early_mixture,1.0,leagueews,20260930,baron,30,europe,1500,1610.0,588.384615384615,362.58791208791183,1876.1318681318608,1287.747252747247,558.0
matched_early_mixture,1.0,leagueews,20260930,baron,30,americas,1500,1631.0,543.6141732283471,336.7086614173228,1885.968503936996,1342.3543307086582,533.0
matched_early_mixture,1.0,leagueews,20260930,dragon,30,overall,3000,11329.0,2911.524228163629,1667.9909499922446,4747.662512282169,1836.1382841185318,3736.0
matched_early_mixture,1.0,leagueews,20260930,dragon,30,europe,1500,5578.0,1413.4258675078913,808.64668769716,2346.7444794952885,933.3186119873802,1834.0
matched_early_mixture,1.0,leagueews,20260930,dragon,30,americas,1500,5751.0,1498.0983606557324,859.3442622950805,2400.918032786873,902.8196721311461,1902.0
matched_early_mixture,1.0,leagueews,20260930,teamfight,30,overall,3000,19795.0,1504.7445295293637,754.3701319993132,3765.684777278303,2260.940247748974,6648.0
matched_early_mixture,1.0,leagueews,20260930,teamfight,30,europe,1500,9978.0,720.9681274900427,378.3745019920326,1796.306772908378,1075.3386454183333,3351.0
matched_early_mixture,1.0,leagueews,20260930,teamfight,30,americas,1500,9817.0,783.7764020393241,375.9956300072825,1969.378004369971,1185.6016023306527,3297.0
matched_early_mixture,1.0,leagueews,20261001,baron,30,overall,3000,3241.0,1130.613667177366,701.843423510399,3748.5552731546463,2617.941605977289,1091.0
matched_early_mixture,1.0,leagueews,20261001,baron,30,europe,1500,1610.0,583.3570634037825,360.06229143492783,1879.500556173536,1296.1434927697512,558.0
matched_early_mixture,1.0,leagueews,20261001,baron,30,americas,1500,1631.0,547.2566037735838,341.7811320754715,1869.0547169811189,1321.798113207537,533.0
matched_early_mixture,1.0,leagueews,20261001,dragon,30,overall,3000,11329.0,2837.265883252113,1651.4931371612395,4661.67551988788,1824.4096366357758,3736.0
matched_early_mixture,1.0,leagueews,20261001,dragon,30,europe,1500,5578.0,1408.1111111111068,810.2592592592582,2314.8148148148043,906.7037037037019,1834.0
matched_early_mixture,1.0,leagueews,20261001,dragon,30,americas,1500,5751.0,1429.1547721410152,841.2338779019716,2346.8607050730825,917.7059329320662,1902.0
matched_early_mixture,1.0,leagueews,20261001,teamfight,30,overall,3000,19795.0,1449.2191799913853,718.4688188936485,3646.151990472059,2196.9328104806928,6648.0
matched_early_mixture,1.0,leagueews,20261001,teamfight,30,europe,1500,9978.0,692.0475382003376,355.6926994906625,1746.6893039049055,1054.6417657045768,3351.0
matched_early_mixture,1.0,leagueews,20261001,teamfight,30,americas,1500,9817.0,757.1716417910498,362.7761194029868,1899.4626865671796,1142.291044776128,3297.0
matched_early_mixture,1.0,leagueews,20261002,baron,30,overall,3000,3241.0,1129.8867266702923,691.8846248949105,3775.692844073009,2645.8061174027066,1091.0
matched_early_mixture,1.0,leagueews,20261002,baron,30,europe,1500,1610.0,583.694945848375,354.4873646209383,1869.487364620954,1285.7924187725682,558.0
matched_early_mixture,1.0,leagueews,20261002,baron,30,americas,1500,1631.0,546.191780821918,337.39726027397285,1906.2054794520425,1360.013698630129,533.0
matched_early_mixture,1.0,leagueews,20261002,dragon,30,overall,3000,11329.0,2915.392885286471,1692.9759371833725,4770.309917820504,1854.9170325340347,3736.0
matched_early_mixture,1.0,leagueews,20261002,dragon,30,europe,1500,5578.0,1409.7553191489321,816.452127659576,2349.0744680850867,939.3191489361731,1834.0
matched_early_mixture,1.0,leagueews,20261002,dragon,30,americas,1500,5751.0,1505.6375661375585,876.5238095238096,2421.235449735423,915.5978835978838,1902.0
matched_early_mixture,1.0,leagueews,20261002,teamfight,30,overall,3000,19795.0,1469.2385415176193,745.3696920557686,3698.7697572376287,2229.5312157199446,6648.0
matched_early_mixture,1.0,leagueews,20261002,teamfight,30,europe,1500,9978.0,704.8505747126418,367.2452107279691,1787.1494252873472,1082.2988505747076,3351.0
matched_early_mixture,1.0,leagueews,20261002,teamfight,30,americas,1500,9817.0,764.3879668049784,378.1244813278004,1911.6203319502047,1147.2323651452264,3297.0
matched_early_mixture,0.25,leagueews,20260930,baron,60,overall,3000,3241.0,530.5464229978718,223.6125913520087,988.7802365636496,458.23381356577477,2152.0
matched_early_mixture,0.25,leagueews,20260930,baron,60,europe,1500,1610.0,279.78515625,117.1875,493.65234375,213.8671875,1048.0
matched_early_mixture,0.25,leagueews,20260930,baron,60,americas,1500,1631.0,250.76126674786624,106.4250913520093,495.12789281364394,244.36662606577198,1104.0
matched_early_mixture,0.25,leagueews,20260930,dragon,60,overall,3000,11329.0,1034.1103251003356,603.1294447312706,1357.5120538614058,323.40172876105254,7555.0
matched_early_mixture,0.25,leagueews,20260930,dragon,60,europe,1500,5578.0,513.8659793814348,303.4020618556657,677.9381443298962,164.07216494845252,3749.0
matched_early_mixture,0.25,leagueews,20260930,dragon,60,americas,1500,5751.0,520.2443457189032,299.72738287560617,679.5739095314975,159.32956381260124,3806.0
matched_early_mixture,0.25,leagueews,20260930,teamfight,60,overall,3000,19795.0,542.6440885974579,289.95608394205044,1037.545031224683,494.9009426272259,13137.0
matched_early_mixture,0.25,leagueews,20260930,teamfight,60,europe,1500,9978.0,280.63991323210263,150.0813449023852,507.7955531453384,227.15563991323017,6630.0
matched_early_mixture,0.25,leagueews,20260930,teamfight,60,americas,1500,9817.0,262.00417536534115,139.87473903966432,529.7494780793328,267.74530271398504,6507.0
matched_early_mixture,0.25,leagueews,20261001,baron,60,overall,3000,3241.0,503.9922763803383,218.81414605295075,975.3766134363208,471.3843370559787,2152.0
matched_early_mixture,0.25,leagueews,20261001,baron,60,europe,1500,1610.0,279.341926729986,106.3432835820894,478.29036635007185,198.94843962008076,1048.0
matched_early_mixture,0.25,leagueews,20261001,baron,60,americas,1500,1631.0,224.6503496503481,112.47086247086185,497.08624708624353,272.435897435896,1104.0
matched_early_mixture,0.25,leagueews,20261001,dragon,60,overall,3000,11329.0,1019.7093787968369,619.4928549931486,1368.29598274498,348.5866039481469,7555.0
matched_early_mixture,0.25,leagueews,20261001,dragon,60,europe,1500,5578.0,508.1802525832361,311.56716417910354,683.4098737083893,175.22962112514298,3749.0
matched_early_mixture,0.25,leagueews,20261001,dragon,60,americas,1500,5751.0,511.5291262135988,307.9256908140431,684.8861090365955,173.35698282300297,3806.0
matched_early_mixture,0.25,leagueews,20261001,teamfight,60,overall,3000,19795.0,551.8888972150993,276.5111518338854,1024.8225380129536,472.93364079785755,13137.0
matched_early_mixture,0.25,leagueews,20261001,teamfight,60,europe,1500,9978.0,266.9312700964619,143.03657556270164,505.22508038584726,238.2938102893892,6630.0
matched_early_mixture,0.25,leagueews,20261001,teamfight,60,americas,1500,9817.0,284.95762711864256,133.47457627118592,519.5974576271158,234.63983050847338,6507.0
matched_early_mixture,0.25,leagueews,20261002,baron,60,overall,3000,3241.0,536.5504305567426,227.6989726319375,1012.384900673539,475.83447011680596,2152.0
matched_early_mixture,0.25,leagueews,20261002,baron,60,europe,1500,1610.0,266.9558359621466,116.71924290220839,494.47949526814205,227.52365930599453,1048.0
matched_early_mixture,0.25,leagueews,20261002,baron,60,americas,1500,1631.0,269.59459459459265,110.97972972972993,517.9054054054058,248.31081081080944,1104.0
matched_early_mixture,0.25,leagueews,20261002,dragon,60,overall,3000,11329.0,1036.3455937112055,618.4844435250158,1366.8911046751996,330.5455109640049,7555.0
matched_early_mixture,0.25,leagueews,20261002,dragon,60,europe,1500,5578.0,519.4455937112125,312.78444352503357,689.4911046752194,170.045510964007,3749.0
matched_early_mixture,0.25,leagueews,20261002,dragon,60,americas,1500,5751.0,516.8999999999999,305.70000000000147,677.4000000000003,160.50000000000148,3806.0
matched_early_mixture,0.25,leagueews,20261002,teamfight,60,overall,3000,19795.0,535.1845705241924,289.6131377336573,1030.8740418178684,495.6894712936742,13137.0
matched_early_mixture,0.25,leagueews,20261002,teamfight,60,europe,1500,9978.0,282.0369334079488,151.7207610520428,512.031337437048,229.99440402910116,6630.0
matched_early_mixture,0.25,leagueews,20261002,teamfight,60,americas,1500,9817.0,253.14763711624548,137.89237668161505,518.8427043808215,265.6950672645724,6507.0
matched_early_mixture,0.5,leagueews,20260930,baron,60,overall,3000,3241.0,1061.0928459957436,447.2251827040174,1977.5604731272992,916.4676271315495,2152.0
matched_early_mixture,0.5,leagueews,20260930,baron,60,europe,1500,1610.0,559.5703125,234.375,987.3046875,427.734375,1048.0
matched_early_mixture,0.5,leagueews,20260930,baron,60,americas,1500,1631.0,501.5225334957325,212.8501827040186,990.2557856272879,488.73325213154396,1104.0
matched_early_mixture,0.5,leagueews,20260930,dragon,60,overall,3000,11329.0,2068.220650200671,1206.2588894625412,2715.0241077228116,646.8034575221051,7555.0
matched_early_mixture,0.5,leagueews,20260930,dragon,60,europe,1500,5578.0,1027.7319587628697,606.8041237113314,1355.8762886597924,328.14432989690505,3749.0
matched_early_mixture,0.5,leagueews,20260930,dragon,60,americas,1500,5751.0,1040.4886914378064,599.4547657512123,1359.147819062995,318.6591276252025,3806.0
matched_early_mixture,0.5,leagueews,20260930,teamfight,60,overall,3000,19795.0,1085.2881771949158,579.912167884101,2075.0900624493665,989.8018852544519,13137.0
matched_early_mixture,0.5,leagueews,20260930,teamfight,60,europe,1500,9978.0,561.2798264642054,300.1626898047706,1015.591106290677,454.3112798264604,6630.0
matched_early_mixture,0.5,leagueews,20260930,teamfight,60,americas,1500,9817.0,524.0083507306823,279.74947807932864,1059.4989561586656,535.4906054279701,6507.0
matched_early_mixture,0.5,leagueews,20261001,baron,60,overall,3000,3241.0,1004.8285962964027,438.62842022069304,1951.914983442869,947.0863871464674,2152.0
matched_early_mixture,0.5,leagueews,20261001,baron,60,europe,1500,1610.0,555.5278969957075,213.6866952789705,957.7424892703837,402.21459227467824,1048.0
matched_early_mixture,0.5,leagueews,20261001,baron,60,americas,1500,1631.0,449.3006993006962,224.9417249417237,994.1724941724871,544.871794871792,1104.0
matched_early_mixture,0.5,leagueews,20261001,dragon,60,overall,3000,11329.0,2039.4187575936737,1238.9857099862973,2736.5919654899594,697.1732078962938,7555.0
matched_early_mixture,0.5,leagueews,20261001,dragon,60,europe,1500,5578.0,1016.3605051664722,623.1343283582071,1366.8197474167787,350.45924225028597,3749.0
matched_early_mixture,0.5,leagueews,20261001,dragon,60,americas,1500,5751.0,1023.0582524271974,615.8513816280862,1369.7722180731903,346.7139656460058,3806.0
matched_early_mixture,0.5,leagueews,20261001,teamfight,60,overall,3000,19795.0,1103.7777944301986,553.0223036677708,2049.645076025907,945.8672815957151,13137.0
matched_early_mixture,0.5,leagueews,20261001,teamfight,60,europe,1500,9978.0,533.8625401929238,286.0731511254033,1010.4501607716946,476.5876205787784,6630.0
matched_early_mixture,0.5,leagueews,20261001,teamfight,60,americas,1500,9817.0,569.9152542372851,266.94915254237185,1039.1949152542315,469.2796610169468,6507.0
matched_early_mixture,0.5,leagueews,20261002,baron,60,overall,3000,3241.0,1070.2187880291626,455.4347404860653,2023.206181547504,952.9873935183571,2152.0
matched_early_mixture,0.5,leagueews,20261002,baron,60,europe,1500,1610.0,533.9116719242932,233.43848580441679,988.9589905362841,455.04731861198906,1048.0
matched_early_mixture,0.5,leagueews,20261002,baron,60,americas,1500,1631.0,536.3071161048687,221.99625468164783,1034.247191011236,497.9400749063666,1104.0
matched_early_mixture,0.5,leagueews,20261002,dragon,60,overall,3000,11329.0,2072.691187422411,1236.9688870500315,2733.782209350399,661.0910219280098,7555.0
matched_early_mixture,0.5,leagueews,20261002,dragon,60,europe,1500,5578.0,1038.891187422425,625.5688870500671,1378.9822093504388,340.091021928014,3749.0
matched_early_mixture,0.5,leagueews,20261002,dragon,60,americas,1500,5751.0,1033.7999999999997,611.4000000000029,1354.8000000000006,321.00000000000296,3806.0
matched_early_mixture,0.5,leagueews,20261002,teamfight,60,overall,3000,19795.0,1070.3691410483848,579.2262754673146,2061.7480836357367,991.3789425873484,13137.0
matched_early_mixture,0.5,leagueews,20261002,teamfight,60,europe,1500,9978.0,564.0738668158976,303.4415221040856,1024.062674874096,459.9888080582023,6630.0
matched_early_mixture,0.5,leagueews,20261002,teamfight,60,americas,1500,9817.0,506.29527423249095,275.7847533632301,1037.685408761643,531.3901345291448,6507.0
matched_early_mixture,0.75,leagueews,20260930,baron,60,overall,3000,3241.0,1423.90867044493,663.8946927608239,3015.8035958569835,1591.8949254120403,2152.0
matched_early_mixture,0.75,leagueews,20260930,baron,60,europe,1500,1610.0,752.2868217054261,344.7674418604655,1535.837209302331,783.5503875968989,1048.0
matched_early_mixture,0.75,leagueews,20260930,baron,60,americas,1500,1631.0,671.6218487394934,319.1272509003592,1479.9663865546324,808.3445378151214,1104.0
matched_early_mixture,0.75,leagueews,20260930,dragon,60,overall,3000,11329.0,3102.330975301044,1809.388334193844,4072.5361615841916,970.2051862831565,7555.0
matched_early_mixture,0.75,leagueews,20260930,dragon,60,europe,1500,5578.0,1541.597938144336,910.2061855670138,2033.8144329896843,492.2164948453554,3749.0
matched_early_mixture,0.75,leagueews,20260930,dragon,60,americas,1500,5751.0,1560.733037156671,899.182148626799,2038.7217285944753,477.98869143780405,3806.0
matched_early_mixture,0.75,leagueews,20260930,teamfight,60,overall,3000,19795.0,1627.9322657923353,869.8682518261473,3112.6350936740064,1484.702827881648,13137.0
matched_early_mixture,0.75,leagueews,20260930,teamfight,60,europe,1500,9978.0,841.9197396963048,450.24403470715777,1523.3866594359959,681.4669197396921,6630.0
matched_early_mixture,0.75,leagueews,20260930,teamfight,60,americas,1500,9817.0,786.0125260960306,419.62421711899907,1589.248434237997,803.2359081419597,6507.0
matched_early_mixture,0.75,leagueews,20261001,baron,60,overall,3000,3241.0,1418.3923444975999,686.262789841735,2976.4247331616034,1558.0323886639587,2152.0
matched_early_mixture,0.75,leagueews,20261001,baron,60,europe,1500,1610.0,744.4412955465584,348.85020242914993,1485.1659919028284,740.7246963562742,1048.0
matched_early_mixture,0.75,leagueews,20261001,baron,60,americas,1500,1631.0,673.9510489510451,337.4125874125861,1491.2587412587316,817.307692307688,1104.0
matched_early_mixture,0.75,leagueews,20261001,dragon,60,overall,3000,11329.0,3059.1281363904727,1858.4785649794278,4104.887948234933,1045.7598118444434,7555.0
matched_early_mixture,0.75,leagueews,20261001,dragon,60,europe,1500,5578.0,1524.5407577497474,934.7014925373295,2050.2296211251714,525.6888633754297,3749.0
matched_early_mixture,0.75,leagueews,20261001,dragon,60,americas,1500,5751.0,1534.5873786407703,923.7770724421141,2054.6583271097807,520.0709484690102,3806.0
matched_early_mixture,0.75,leagueews,20261001,teamfight,60,overall,3000,19795.0,1655.6666916453362,829.5334555016489,3074.4676140389597,1418.8009223935944,13137.0
matched_early_mixture,0.75,leagueews,20261001,teamfight,60,europe,1500,9978.0,800.7938102893756,429.10972668809796,1515.675241157546,714.8814308681566,6630.0
matched_early_mixture,0.75,leagueews,20261001,teamfight,60,americas,1500,9817.0,854.8728813559273,400.42372881355726,1558.79237288137,703.9194915254201,6507.0
matched_early_mixture,0.75,leagueews,20261002,baron,60,overall,3000,3241.0,1436.6562986646047,677.9967407632025,2993.6943965932765,1557.0380979286947,2152.0
matched_early_mixture,0.75,leagueews,20261002,baron,60,europe,1500,1610.0,745.3154362416133,345.9228187919478,1489.0167785234987,743.7013422818842,1048.0
matched_early_mixture,0.75,leagueews,20261002,baron,60,americas,1500,1631.0,691.3408624230003,332.07392197125216,1504.6776180698082,813.3367556468211,1104.0
matched_early_mixture,0.75,leagueews,20261002,dragon,60,overall,3000,11329.0,3109.036781133593,1855.4533305751306,4100.673314025624,991.6365328920284,7555.0
matched_early_mixture,0.75,leagueews,20261002,dragon,60,europe,1500,5578.0,1558.3367811336552,938.3533305751008,2068.4733140256553,510.1365328920113,3749.0
matched_early_mixture,0.75,leagueews,20261002,dragon,60,americas,1500,5751.0,1550.7000000000053,917.100000000005,2032.1999999999987,481.4999999999952,3806.0
matched_early_mixture,0.75,leagueews,20261002,teamfight,60,overall,3000,19795.0,1605.553711572556,868.8394132009712,3092.6221254536185,1487.0684138809995,13137.0
matched_early_mixture,0.75,leagueews,20261002,teamfight,60,europe,1500,9978.0,846.110800223848,455.1622831561311,1536.0940123111277,689.9832120873036,6630.0
matched_early_mixture,0.75,leagueews,20261002,teamfight,60,americas,1500,9817.0,759.4429113487333,413.6771300448404,1556.528113142444,797.0852017937141,6507.0
matched_early_mixture,1.0,leagueews,20260930,baron,60,overall,3000,3241.0,1706.0531993361542,869.4826005637409,3961.7769684676064,2255.723769131466,2152.0
matched_early_mixture,1.0,leagueews,20260930,baron,60,europe,1500,1610.0,883.1708463949857,444.11285266457776,1993.3652037617603,1110.1943573667745,1048.0
matched_early_mixture,1.0,leagueews,20260930,baron,60,americas,1500,1631.0,822.882352941181,425.36974789916087,1968.4117647058706,1145.5294117647088,1104.0
matched_early_mixture,1.0,leagueews,20260930,dragon,60,overall,3000,11329.0,4136.441300401342,2412.5177789250824,5430.048215445623,1293.6069150442102,7555.0
matched_early_mixture,1.0,leagueews,20260930,dragon,60,europe,1500,5578.0,2055.4639175257394,1213.6082474226628,2711.752577319585,656.2886597938101,3749.0
matched_early_mixture,1.0,leagueews,20260930,dragon,60,americas,1500,5751.0,2080.977382875613,1198.9095315024247,2718.29563812599,637.318255250405,3806.0
matched_early_mixture,1.0,leagueews,20260930,teamfight,60,overall,3000,19795.0,2170.5763543898315,1159.824335768202,4150.180124898733,1979.6037705089038,13137.0
matched_early_mixture,1.0,leagueews,20260930,teamfight,60,europe,1500,9978.0,1122.5596529284107,600.3253796095412,2031.182212581354,908.6225596529208,6630.0
matched_early_mixture,1.0,leagueews,20260930,teamfight,60,americas,1500,9817.0,1048.0167014613646,559.4989561586573,2118.997912317331,1070.9812108559402,6507.0
matched_early_mixture,1.0,leagueews,20261001,baron,60,overall,3000,3241.0,1737.311107866448,893.8233752567725,3977.9361582148767,2240.6250503484293,2152.0
matched_early_mixture,1.0,leagueews,20261001,baron,60,europe,1500,1610.0,893.3006756756728,452.27195945945857,2002.4324324324432,1109.1317567567528,1048.0
matched_early_mixture,1.0,leagueews,20261001,baron,60,americas,1500,1631.0,844.0104321907569,441.5514157973165,1975.5037257824267,1131.4932935916518,1104.0
matched_early_mixture,1.0,leagueews,20261001,dragon,60,overall,3000,11329.0,4078.8375151873474,2477.9714199725945,5473.183930979919,1394.3464157925875,7555.0
matched_early_mixture,1.0,leagueews,20261001,dragon,60,europe,1500,5578.0,2032.7210103329444,1246.2686567164142,2733.6394948335574,700.9184845005719,3749.0
matched_early_mixture,1.0,leagueews,20261001,dragon,60,americas,1500,5751.0,2046.1165048543949,1231.7027632561724,2739.5444361463806,693.4279312920116,3806.0
matched_early_mixture,1.0,leagueews,20261001,teamfight,60,overall,3000,19795.0,2192.433696068299,1104.769729162702,4095.5237484552413,1903.0900523869566,13137.0
matched_early_mixture,1.0,leagueews,20261001,teamfight,60,europe,1500,9978.0,1067.7250803858476,572.1463022508066,2020.9003215433893,953.1752411575568,6630.0
matched_early_mixture,1.0,leagueews,20261001,teamfight,60,americas,1500,9817.0,1124.708615682473,532.6234269119058,2074.623426911891,949.9148112294226,6507.0
matched_early_mixture,1.0,leagueews,20261002,baron,60,overall,3000,3241.0,1724.801599988966,890.6968255171314,3994.9342674641457,2270.132667475144,2152.0
matched_early_mixture,1.0,leagueews,20261002,baron,60,europe,1500,1610.0,892.5469798657705,453.5151006711402,1995.5184563758337,1102.9714765100641,1048.0
matched_early_mixture,1.0,leagueews,20261002,baron,60,americas,1500,1631.0,832.2546201231976,437.181724845994,1999.4158110882765,1167.1611909650833,1104.0
matched_early_mixture,1.0,leagueews,20261002,dragon,60,overall,3000,11329.0,4145.382374844822,2473.937774100063,5467.564418700798,1322.1820438560196,7555.0
matched_early_mixture,1.0,leagueews,20261002,dragon,60,europe,1500,5578.0,2077.78237484485,1251.1377741001343,2757.9644187008776,680.182043856028,3749.0
matched_early_mixture,1.0,leagueews,20261002,dragon,60,americas,1500,5751.0,2067.5999999999995,1222.8000000000059,2709.6000000000013,642.0000000000059,3806.0
matched_early_mixture,1.0,leagueews,20261002,teamfight,60,overall,3000,19795.0,2140.7382820967696,1158.4525509346292,4123.4961672714735,1982.7578851746969,13137.0
matched_early_mixture,1.0,leagueews,20261002,teamfight,60,europe,1500,9978.0,1128.1477336317953,606.8830442081712,2048.125349748192,919.9776161164046,6630.0
matched_early_mixture,1.0,leagueews,20261002,teamfight,60,americas,1500,9817.0,1012.5905484649819,551.5695067264602,2075.370817523286,1062.7802690582896,6507.0
matched_early_mixture,0.25,gru,20260930,baron,30,overall,3000,3241.0,261.57741543526924,147.48449966683617,825.1845537569046,563.6071383216395,1091.0
matched_early_mixture,0.25,gru,20260930,baron,30,europe,1500,1610.0,141.94193548387062,81.01548387096763,401.6851612903248,259.7432258064516,558.0
matched_early_mixture,0.25,gru,20260930,baron,30,americas,1500,1631.0,119.635479951397,66.46901579586886,423.4993924665834,303.8639125151873,533.0
matched_early_mixture,0.25,gru,20260930,dragon,30,overall,3000,11329.0,559.1540487760523,402.3866660611261,1175.5006358145142,616.3465870384622,3736.0
matched_early_mixture,0.25,gru,20260930,dragon,30,europe,1500,5578.0,282.45360824742124,198.65979381443245,600.7164948453603,318.26288659793636,1834.0
matched_early_mixture,0.25,gru,20260930,dragon,30,americas,1500,5751.0,276.70044052863443,203.72687224669644,574.784140969156,298.083700440528,1902.0
matched_early_mixture,0.25,gru,20260930,teamfight,30,overall,3000,19795.0,328.31872781872835,183.79711529711594,900.5986213486058,572.2798935298896,6648.0
matched_early_mixture,0.25,gru,20260930,teamfight,30,europe,1500,9978.0,179.32882882882893,103.40990990990996,444.7905405405408,265.4617117117118,3351.0
matched_early_mixture,0.25,gru,20260930,teamfight,30,americas,1500,9817.0,148.98989898989896,80.38720538720516,455.80808080808043,306.8181818181828,3297.0
matched_early_mixture,0.25,gru,20261001,baron,30,overall,3000,3241.0,326.0035595105669,184.3636262513906,906.6602521319969,580.6566926214288,1091.0
matched_early_mixture,0.25,gru,20261001,baron,30,europe,1500,1610.0,171.34838709677436,99.7774193548388,433.30967741935245,261.96129032258085,558.0
matched_early_mixture,0.25,gru,20261001,baron,30,americas,1500,1631.0,154.6551724137931,84.58620689655173,473.3505747126429,318.69540229885064,533.0
matched_early_mixture,0.25,gru,20261001,dragon,30,overall,3000,11329.0,408.91609708916883,308.2247720154755,1084.5998111643648,675.6837140751807,3736.0
matched_early_mixture,0.25,gru,20261001,dragon,30,europe,1500,5578.0,209.11874999999876,165.0781249999998,564.5187499999968,355.3999999999963,1834.0
matched_early_mixture,0.25,gru,20261001,dragon,30,americas,1500,5751.0,199.79734708916678,143.14664701547494,520.0810611643417,320.2837140751689,1902.0
matched_early_mixture,0.25,gru,20261001,teamfight,30,overall,3000,19795.0,320.7904958128915,180.07610029738268,910.3439925794991,589.5534967666057,6648.0
matched_early_mixture,0.25,gru,20261001,teamfight,30,europe,1500,9978.0,174.46563192904702,101.80931263858108,460.8203991130797,286.35476718403567,3351.0
matched_early_mixture,0.25,gru,20261001,teamfight,30,americas,1500,9817.0,146.32486388384748,78.26678765880231,449.523593466419,303.19872958257395,3297.0
matched_early_mixture,0.25,gru,20261002,baron,30,overall,3000,3241.0,181.2984682884789,105.60140243663567,814.3493555842863,633.0508872958064,1091.0
matched_early_mixture,0.25,gru,20261002,baron,30,europe,1500,1610.0,88.53731343283579,51.85074626865669,368.3283582089552,279.79104477612015,558.0
matched_early_mixture,0.25,gru,20261002,baron,30,americas,1500,1631.0,92.761154855643,53.75065616797905,446.02099737532984,353.25984251968566,533.0
matched_early_mixture,0.25,gru,20261002,dragon,30,overall,3000,11329.0,505.3295156049689,361.25412376909514,1111.4232698843512,606.0937542793862,3736.0
matched_early_mixture,0.25,gru,20261002,dragon,30,europe,1500,5578.0,264.42514970059773,185.83832335329294,575.8203592814365,311.3952095808382,1834.0
matched_early_mixture,0.25,gru,20261002,dragon,30,americas,1500,5751.0,240.90436590436494,175.4158004157998,535.6029106029157,294.69854469854465,1902.0
matched_early_mixture,0.25,gru,20261002,teamfight,30,overall,3000,19795.0,266.53309413509953,151.54451408443595,853.7822438207133,587.2491496856096,6648.0
matched_early_mixture,0.25,gru,20261002,teamfight,30,europe,1500,9978.0,141.74257425742582,82.82178217821787,435.83168316831706,294.08910891089045,3351.0
matched_early_mixture,0.25,gru,20261002,teamfight,30,americas,1500,9817.0,124.7905198776762,68.72273190621796,417.9505606523921,293.16004077471695,3297.0
matched_early_mixture,0.5,gru,20260930,baron,30,overall,3000,3241.0,426.62268647356495,259.0617348018649,1690.1047904989423,1263.4821040253935,1091.0
matched_early_mixture,0.5,gru,20260930,baron,30,europe,1500,1610.0,221.78064516128958,134.72516129032226,809.5883870967723,587.8077419354851,558.0
matched_early_mixture,0.5,gru,20260930,baron,30,americas,1500,1631.0,204.84204131227162,124.3365735115429,880.5164034021952,675.6743620899202,533.0
matched_early_mixture,0.5,gru,20260930,dragon,30,overall,3000,11329.0,1066.0538825512115,740.8339998703673,2288.9177113041037,1222.863828752918,3736.0
matched_early_mixture,0.5,gru,20260930,dragon,30,europe,1500,5578.0,532.6860254083468,367.7822141560787,1168.9909255898428,636.3049001814896,1834.0
matched_early_mixture,0.5,gru,20260930,dragon,30,americas,1500,5751.0,533.3678571428536,373.0517857142843,1119.9267857142818,586.5589285714246,1902.0
matched_early_mixture,0.5,gru,20260930,teamfight,30,overall,3000,19795.0,607.6276535102741,340.4538690136893,1789.7854618418662,1182.1578083316165,6648.0
matched_early_mixture,0.5,gru,20260930,teamfight,30,europe,1500,9978.0,309.64785553047454,179.67945823927778,878.169300225737,568.5214446952616,3351.0
matched_early_mixture,0.5,gru,20260930,teamfight,30,americas,1500,9817.0,297.9797979797979,160.77441077441034,911.6161616161609,613.6363636363656,3297.0
matched_early_mixture,0.5,gru,20261001,baron,30,overall,3000,3241.0,507.1642794587105,299.1461140774638,1770.7707432833367,1263.6064638246235,1091.0
matched_early_mixture,0.5,gru,20261001,baron,30,europe,1500,1610.0,257.13958810068624,152.77574370709368,849.8077803203723,592.668192219681,558.0
matched_early_mixture,0.5,gru,20261001,baron,30,americas,1500,1631.0,250.0246913580244,146.3703703703702,920.9629629629609,670.9382716049367,533.0
matched_early_mixture,0.5,gru,20261001,dragon,30,overall,3000,11329.0,820.4321941783492,593.9495440309528,2141.399622328733,1320.967428150372,3736.0
matched_early_mixture,0.5,gru,20261001,dragon,30,europe,1500,5578.0,420.83749999999657,307.65624999999824,1101.2375000000104,680.4000000000016,1834.0
matched_early_mixture,0.5,gru,20261001,dragon,30,americas,1500,5751.0,399.59469417833355,286.2932940309499,1040.1621223286834,640.5674281503378,1902.0
matched_early_mixture,0.5,gru,20261001,teamfight,30,overall,3000,19795.0,613.5226091236216,346.17764311421394,1814.8904072718121,1201.3677981481878,6648.0
matched_early_mixture,0.5,gru,20261001,teamfight,30,europe,1500,9978.0,320.87288135593286,189.64406779661044,915.8432203389768,594.9703389830505,3351.0
matched_early_mixture,0.5,gru,20261001,teamfight,30,americas,1500,9817.0,292.64972776769497,156.53357531760463,899.047186932838,606.3974591651479,3297.0
matched_early_mixture,0.5,gru,20261002,baron,30,overall,3000,3241.0,313.84910836762685,192.41042524005442,1656.8115226337284,1342.9624142661119,1091.0
matched_early_mixture,0.5,gru,20261002,baron,30,europe,1500,1610.0,149.61728395061715,94.77530864197527,778.6839506172888,629.06666666667,558.0
matched_early_mixture,0.5,gru,20261002,baron,30,americas,1500,1631.0,164.23182441700934,97.63511659807968,878.1275720164668,713.8957475994548,533.0
matched_early_mixture,0.5,gru,20261002,dragon,30,overall,3000,11329.0,986.9463931577752,685.5231225939549,2243.8408525765435,1256.8944594187953,3736.0
matched_early_mixture,0.5,gru,20261002,dragon,30,europe,1500,5578.0,510.9963099630964,351.3118081180792,1155.802583025832,644.8062730627308,1834.0
matched_early_mixture,0.5,gru,20261002,dragon,30,americas,1500,5751.0,475.95008319467706,334.2113144758737,1088.03826955074,612.0881863560725,1902.0
matched_early_mixture,0.5,gru,20261002,teamfight,30,overall,3000,19795.0,475.17740061161874,275.2463404689082,1724.95719673802,1249.7797961263966,6648.0
matched_early_mixture,0.5,gru,20261002,teamfight,30,europe,1500,9978.0,254.6300000000003,151.86000000000018,880.209999999991,625.579999999997,3351.0
matched_early_mixture,0.5,gru,20261002,teamfight,30,americas,1500,9817.0,220.54740061161914,123.38634046890859,844.7471967380123,624.1997961263944,3297.0
matched_early_mixture,0.75,gru,20260930,baron,30,overall,3000,3241.0,590.9193150742033,370.22260088421007,2556.090142569956,1965.170827495778,1091.0
matched_early_mixture,0.75,gru,20260930,baron,30,europe,1500,1610.0,300.8707124010549,188.01846965699195,1218.5567282321842,917.68601583113,558.0
matched_early_mixture,0.75,gru,20260930,baron,30,americas,1500,1631.0,290.04860267314797,182.20413122721772,1337.5334143377968,1047.4848116646476,533.0
matched_early_mixture,0.75,gru,20260930,dragon,30,overall,3000,11329.0,1520.3877236193787,1046.6541807103954,3400.4604420533424,1880.072718433989,3736.0
matched_early_mixture,0.75,gru,20260930,dragon,30,europe,1500,5578.0,760.6805807622552,521.5934664246845,1706.6497277676876,945.969147005452,1834.0
matched_early_mixture,0.75,gru,20260930,dragon,30,americas,1500,5751.0,759.707142857139,525.0607142857151,1693.8107142856911,934.1035714285634,1902.0
matched_early_mixture,0.75,gru,20260930,teamfight,30,overall,3000,19795.0,865.0072327548694,485.7170514201871,2707.1233007037345,1842.1160679489,6648.0
matched_early_mixture,0.75,gru,20260930,teamfight,30,europe,1500,9978.0,429.23651452282047,249.14522821576824,1332.2697095435653,903.0331950207492,3351.0
matched_early_mixture,0.75,gru,20260930,teamfight,30,americas,1500,9817.0,435.7707182320452,236.5718232044195,1374.8535911602146,939.0828729281836,3297.0
matched_early_mixture,0.75,gru,20261001,baron,30,overall,3000,3241.0,659.2476975466263,400.3046590821138,2645.6410881511097,1986.3933906044392,1091.0
matched_early_mixture,0.75,gru,20261001,baron,30,europe,1500,1610.0,333.44632768361595,203.79096045197787,1273.0451977401142,939.5988700564907,558.0
matched_early_mixture,0.75,gru,20261001,baron,30,americas,1500,1631.0,325.8013698630135,196.51369863013744,1372.595890410947,1046.7945205479375,533.0
matched_early_mixture,0.75,gru,20261001,dragon,30,overall,3000,11329.0,1231.9482912675167,879.6743160464283,3198.199433492989,1966.2511422255368,3736.0
matched_early_mixture,0.75,gru,20261001,dragon,30,europe,1500,5578.0,632.55625,450.23437499999744,1637.956250000021,1005.4000000000086,1834.0
matched_early_mixture,0.75,gru,20261001,dragon,30,americas,1500,5751.0,599.392041267505,429.43994104643014,1560.2431834930132,960.8511422254974,1902.0
matched_early_mixture,0.75,gru,20261001,teamfight,30,overall,3000,19795.0,887.5091594193566,501.4462228426569,2713.31538354563,1825.8062241262744,6648.0
matched_early_mixture,0.75,gru,20261001,teamfight,30,europe,1500,9978.0,451.1867612293156,267.98581560283714,1367.4420803782343,916.2553191489299,3351.0
matched_early_mixture,0.75,gru,20261001,teamfight,30,americas,1500,9817.0,436.3223981900458,233.4604072398193,1345.8733031674096,909.5509049773772,3297.0
matched_early_mixture,0.75,gru,20261002,baron,30,overall,3000,3241.0,442.37321183617405,273.9737041936113,2528.3427395649646,2085.969527728801,1091.0
matched_early_mixture,0.75,gru,20261002,baron,30,europe,1500,1610.0,222.0714285714286,140.33035714285714,1208.8571428571418,986.7857142857107,558.0
matched_early_mixture,0.75,gru,20261002,baron,30,americas,1500,1631.0,220.30178326474572,133.6433470507545,1319.4855967078302,1099.1838134430805,533.0
matched_early_mixture,0.75,gru,20261002,dragon,30,overall,3000,11329.0,1440.1127823028464,985.9017030729343,3343.053498704117,1902.9407164013253,3736.0
matched_early_mixture,0.75,gru,20261002,dragon,30,europe,1500,5578.0,736.3918918918944,502.1756756756764,1704.0945945945807,967.7027027027065,1834.0
matched_early_mixture,0.75,gru,20261002,dragon,30,americas,1500,5751.0,703.7208904109568,483.72602739726125,1638.9589041095942,935.2380136986237,1902.0
matched_early_mixture,0.75,gru,20261002,teamfight,30,overall,3000,19795.0,679.0592813455681,396.15994903160004,2583.628832823677,1904.5695514780991,6648.0
matched_early_mixture,0.75,gru,20261002,teamfight,30,europe,1500,9978.0,362.75500000000034,218.11000000000018,1312.0849999999843,949.3299999999906,3351.0
matched_early_mixture,0.75,gru,20261002,teamfight,30,americas,1500,9817.0,316.30428134556485,178.0499490316,1271.5438328236721,955.2395514780969,3297.0
matched_early_mixture,1.0,gru,20260930,baron,30,overall,3000,3241.0,720.4312257264139,456.1080948364377,3440.084263551561,2719.653037825117,1091.0
matched_early_mixture,1.0,gru,20260930,baron,30,europe,1500,1610.0,364.19525065963006,232.54353562005295,1649.9551451187224,1285.7598944590954,558.0
matched_early_mixture,1.0,gru,20260930,baron,30,americas,1500,1631.0,356.23597506678584,223.56455921638417,1790.1291184327781,1433.8931433659884,533.0
matched_early_mixture,1.0,gru,20260930,dragon,30,overall,3000,11329.0,1914.2363645509736,1308.7884351773814,4426.185381742281,2511.9490171912885,3736.0
matched_early_mixture,1.0,gru,20260930,dragon,30,europe,1500,5578.0,950.1984732824446,645.4045801526714,2201.8015267175733,1251.6030534351212,1834.0
matched_early_mixture,1.0,gru,20260930,dragon,30,americas,1500,5751.0,964.0378912685298,663.3838550247117,2224.383855024692,1260.3459637561696,1902.0
matched_early_mixture,1.0,gru,20260930,teamfight,30,overall,3000,19795.0,1116.382000641885,628.2508940647848,3643.1983849521944,2526.816384310287,6648.0
matched_early_mixture,1.0,gru,20260930,teamfight,30,europe,1500,9978.0,549.5684647302915,318.64730290456436,1800.630705394175,1251.0622406638927,3351.0
matched_early_mixture,1.0,gru,20260930,teamfight,30,americas,1500,9817.0,566.8135359116021,309.6035911602217,1842.567679557991,1275.7541436463955,3297.0
matched_early_mixture,1.0,gru,20261001,baron,30,overall,3000,3241.0,798.9500232180197,496.65701184119,3505.4889133967204,2706.538890178735,1091.0
matched_early_mixture,1.0,gru,20261001,baron,30,europe,1500,1610.0,409.364406779662,256.0508474576267,1699.2457627118774,1289.8813559322127,558.0
matched_early_mixture,1.0,gru,20261001,baron,30,americas,1500,1631.0,389.5856164383564,240.60616438356178,1806.243150684908,1416.6575342465644,533.0
matched_early_mixture,1.0,gru,20261001,dragon,30,overall,3000,11329.0,1641.8272593216873,1152.9049926269238,4250.039814619801,2608.2125552981083,3736.0
matched_early_mixture,1.0,gru,20261001,dragon,30,europe,1500,5578.0,840.8910891089168,585.9900990099039,2167.4653465346723,1326.5742574257529,1834.0
matched_early_mixture,1.0,gru,20261001,dragon,30,americas,1500,5751.0,800.936170212763,566.9148936170222,2082.5744680851153,1281.6382978723393,1902.0
matched_early_mixture,1.0,gru,20261001,teamfight,30,overall,3000,19795.0,1101.4073414417517,623.0254805686576,3556.8016323823654,2455.394290940593,6648.0
matched_early_mixture,1.0,gru,20261001,teamfight,30,europe,1500,9978.0,562.0023640661943,333.14539007092253,1805.3853427895995,1243.382978723402,3351.0
matched_early_mixture,1.0,gru,20261001,teamfight,30,americas,1500,9817.0,539.404977375563,289.88009049773734,1751.4162895927448,1212.0113122171847,3297.0
matched_early_mixture,1.0,gru,20261002,baron,30,overall,3000,3241.0,539.5507775643871,342.7227443738616,3366.973696754758,2827.4229191903887,1091.0
matched_early_mixture,1.0,gru,20261002,baron,30,europe,1500,1610.0,273.26887280248235,178.0889348500519,1622.088934850069,1348.8200620475827,558.0
matched_early_mixture,1.0,gru,20261002,baron,30,americas,1500,1631.0,266.2819047619043,164.63380952380942,1744.8847619047554,1478.6028571428528,533.0
matched_early_mixture,1.0,gru,20261002,dragon,30,overall,3000,11329.0,1830.3415170307394,1247.9834552017821,4332.12294057751,2501.781423546839,3736.0
matched_early_mixture,1.0,gru,20261002,dragon,30,europe,1500,5578.0,937.1942567567586,635.8327702702715,2205.1503378378325,1267.9560810810838,1834.0
matched_early_mixture,1.0,gru,20261002,dragon,30,americas,1500,5751.0,893.1472602739758,612.1506849315064,2126.972602739744,1233.8253424657614,1902.0
matched_early_mixture,1.0,gru,20261002,teamfight,30,overall,3000,19795.0,871.172047125292,506.9343103918498,3456.284517739355,2585.112470614084,6648.0
matched_early_mixture,1.0,gru,20261002,teamfight,30,europe,1500,9978.0,459.11088504577776,274.22075279755893,1757.9440488301082,1298.8331637843337,3351.0
matched_early_mixture,1.0,gru,20261002,teamfight,30,americas,1500,9817.0,412.0611620795115,232.713557594292,1698.3404689092802,1286.2793068297685,3297.0
matched_early_mixture,0.25,gru,20260930,baron,60,overall,3000,3241.0,344.6922334953842,184.3515724539363,899.9608980081464,555.2686645127608,2152.0
matched_early_mixture,0.25,gru,20260930,baron,60,europe,1500,1610.0,190.34362934362983,94.15830115830119,425.6409266409256,235.29729729729834,1048.0
matched_early_mixture,0.25,gru,20260930,baron,60,americas,1500,1631.0,154.3486041517549,90.19327129563341,474.31997136721856,319.9713672154644,1104.0
matched_early_mixture,0.25,gru,20260930,dragon,60,overall,3000,11329.0,1209.8646927331642,886.9317562302887,1659.5528631829309,449.68817044975356,7555.0
matched_early_mixture,0.25,gru,20260930,dragon,60,europe,1500,5578.0,610.1537190082665,447.0677685950427,830.4214876033088,220.2677685950421,3749.0
matched_early_mixture,0.25,gru,20260930,dragon,60,americas,1500,5751.0,599.7109737248819,439.8639876352353,829.1313755796025,229.42040185471302,3806.0
matched_early_mixture,0.25,gru,20260930,teamfight,60,overall,3000,19795.0,511.4569830912597,280.9315493929796,1005.2471766477302,493.7901935564865,13137.0
matched_early_mixture,0.25,gru,20260930,teamfight,60,europe,1500,9978.0,284.26574803149504,150.8937007874012,526.4862204724385,242.22047244094387,6630.0
matched_early_mixture,0.25,gru,20260930,teamfight,60,americas,1500,9817.0,227.19123505976128,130.03784860557707,478.76095617530376,251.56972111553816,6507.0
matched_early_mixture,0.25,gru,20261001,baron,60,overall,3000,3241.0,377.8530777264008,182.1016208314383,923.7832425583124,545.930164831905,2152.0
matched_early_mixture,0.25,gru,20261001,baron,60,europe,1500,1610.0,217.06505295007597,92.2874432677758,445.29046898638165,228.22541603630856,1048.0
matched_early_mixture,0.25,gru,20261001,baron,60,americas,1500,1631.0,160.7880247763258,89.81417756366136,478.4927735719244,317.7047487955973,1104.0
matched_early_mixture,0.25,gru,20261001,dragon,60,overall,3000,11329.0,1179.6536431645866,963.6099815535912,1750.8476378356536,571.1939946710394,7555.0
matched_early_mixture,0.25,gru,20261001,dragon,60,europe,1500,5578.0,603.1932773109196,490.2319327731061,888.0336134453703,284.8403361344519,3749.0
matched_early_mixture,0.25,gru,20261001,dragon,60,americas,1500,5751.0,576.4603658536638,473.3780487804925,862.814024390247,286.35365853658544,3806.0
matched_early_mixture,0.25,gru,20261001,teamfight,60,overall,3000,19795.0,517.4445474204556,312.39258572752806,1046.7149212233487,529.2703738029085,13137.0
matched_early_mixture,0.25,gru,20261001,teamfight,60,europe,1500,9978.0,284.51282051282374,166.81025641025798,553.2410256410302,268.7282051282084,6630.0
matched_early_mixture,0.25,gru,20261001,teamfight,60,americas,1500,9817.0,232.93172690763092,145.5823293172693,493.47389558233016,260.5421686746992,6507.0
matched_early_mixture,0.25,gru,20261002,baron,60,overall,3000,3241.0,254.50067174205338,137.7162169726827,866.2666536050164,611.7659818629654,2152.0
matched_early_mixture,0.25,gru,20261002,baron,60,europe,1500,1610.0,122.7272727272724,66.90340909090929,422.3011363636397,299.5738636363653,1048.0
matched_early_mixture,0.25,gru,20261002,baron,60,americas,1500,1631.0,131.7733990147789,70.8128078817734,443.96551724137754,312.1921182266012,1104.0
matched_early_mixture,0.25,gru,20261002,dragon,60,overall,3000,11329.0,1150.0878494057868,867.5441752478271,1645.9121213639612,495.8242719581744,7555.0
matched_early_mixture,0.25,gru,20261002,dragon,60,europe,1500,5578.0,581.6527196652721,439.8535564853582,827.0857740585737,245.43305439330467,3749.0
matched_early_mixture,0.25,gru,20261002,dragon,60,americas,1500,5751.0,568.4351297405148,427.69061876247116,818.8263473053886,250.39121756487097,3806.0
matched_early_mixture,0.25,gru,20261002,teamfight,60,overall,3000,19795.0,435.2230215827341,283.4244604316538,973.374100719428,538.1510791366914,13137.0
matched_early_mixture,0.25,gru,20261002,teamfight,60,europe,1500,9978.0,223.02158273381227,140.28776978417238,479.31654676259245,256.2949640287761,6630.0
matched_early_mixture,0.25,gru,20261002,teamfight,60,americas,1500,9817.0,212.2014388489199,143.13669064748146,494.0575539568319,281.8561151079122,6507.0
matched_early_mixture,0.5,gru,20260930,baron,60,overall,3000,3241.0,659.0311851374884,367.2089364136642,1818.0550006495168,1159.0238155120164,2152.0
matched_early_mixture,0.5,gru,20260930,baron,60,europe,1500,1610.0,350.3339768339775,186.82239382239374,869.4150579150634,519.0810810810832,1048.0
matched_early_mixture,0.5,gru,20260930,baron,60,americas,1500,1631.0,308.6972083035098,180.38654259126682,948.6399427344371,639.9427344309288,1104.0
matched_early_mixture,0.5,gru,20260930,dragon,60,overall,3000,11329.0,2298.508144097009,1634.2911628329814,3204.3700126584777,905.8618685614738,7555.0
matched_early_mixture,0.5,gru,20260930,dragon,60,europe,1500,5578.0,1151.0769230769122,826.3823529411706,1601.475113122153,450.39819004524634,3749.0
matched_early_mixture,0.5,gru,20260930,dragon,60,americas,1500,5751.0,1147.4312210200999,807.9088098918128,1602.894899536332,455.46367851623086,3806.0
matched_early_mixture,0.5,gru,20260930,teamfight,60,overall,3000,19795.0,947.3194157829643,551.0466127035238,1992.8195463389545,1045.5001305560088,13137.0
matched_early_mixture,0.5,gru,20260930,teamfight,60,europe,1500,9978.0,503.4947145877424,288.2896405919684,1003.6004228329782,500.10570824524893,6630.0
matched_early_mixture,0.5,gru,20260930,teamfight,60,americas,1500,9817.0,443.82470119521696,262.75697211155256,989.2191235059879,545.394422310756,6507.0
matched_early_mixture,0.5,gru,20261001,baron,60,overall,3000,3241.0,698.6259739096852,368.360579030502,1854.9991628775697,1156.3731889678916,2152.0
matched_early_mixture,0.5,gru,20261001,baron,60,europe,1500,1610.0,377.0499243570359,188.7322239031775,898.0136157337294,520.9636913767037,1048.0
matched_early_mixture,0.5,gru,20261001,baron,60,americas,1500,1631.0,321.5760495526516,179.62835512732272,956.9855471438489,635.4094975911946,1104.0
matched_early_mixture,0.5,gru,20261001,dragon,60,overall,3000,11329.0,2084.464119184233,1596.4099918015795,3177.633672371413,1093.1695531871253,7555.0
matched_early_mixture,0.5,gru,20261001,dragon,60,europe,1500,5578.0,1056.9747899159686,809.7697478991613,1619.1260504201587,562.1512605041992,3749.0
matched_early_mixture,0.5,gru,20261001,dragon,60,americas,1500,5751.0,1027.489329268286,786.640243902436,1558.5076219512057,531.0182926829281,3806.0
matched_early_mixture,0.5,gru,20261001,teamfight,60,overall,3000,19795.0,975.4117882117922,605.9083916083896,2079.104562104573,1103.6927738927807,13137.0
matched_early_mixture,0.5,gru,20261001,teamfight,60,europe,1500,9978.0,509.787545787541,314.88717948717704,1091.9772893772943,582.1897435897419,6630.0
matched_early_mixture,0.5,gru,20261001,teamfight,60,americas,1500,9817.0,465.6242424242412,291.02121212121136,987.1272727272693,521.5030303030283,6507.0
matched_early_mixture,0.5,gru,20261002,baron,60,overall,3000,3241.0,503.32121212121643,275.7534848484842,1745.6644949494969,1242.3432828282828,2152.0
matched_early_mixture,0.5,gru,20261002,baron,60,europe,1500,1610.0,245.4545454545448,133.80681818181858,844.6022727272795,599.1477272727305,1048.0
matched_early_mixture,0.5,gru,20261002,baron,60,americas,1500,1631.0,257.86666666666565,141.94666666666674,901.0622222222191,643.1955555555555,1104.0
matched_early_mixture,0.5,gru,20261002,dragon,60,overall,3000,11329.0,2096.166844919801,1519.1037433155177,3070.3647058823226,974.1978609625689,7555.0
matched_early_mixture,0.5,gru,20261002,dragon,60,europe,1500,5578.0,1054.9454545454485,762.6727272727236,1545.2909090908984,490.34545454545173,3749.0
matched_early_mixture,0.5,gru,20261002,dragon,60,americas,1500,5751.0,1041.221390374339,756.4310160427846,1525.0737967914606,483.8524064171103,3806.0
matched_early_mixture,0.5,gru,20261002,teamfight,60,overall,3000,19795.0,844.109317189105,549.5188383221981,1980.4490268499662,1136.3397096608483,13137.0
matched_early_mixture,0.5,gru,20261002,teamfight,60,europe,1500,9978.0,428.0281249999978,269.9484374999991,991.9156250000066,563.8874999999987,6630.0
matched_early_mixture,0.5,gru,20261002,teamfight,60,americas,1500,9817.0,416.08119218910633,279.57040082219845,988.5334018499425,572.4522096608415,6507.0
matched_early_mixture,0.75,gru,20260930,baron,60,overall,3000,3241.0,960.3053544400029,548.4080581617138,2768.143120208482,1807.8377657685076,2152.0
matched_early_mixture,0.75,gru,20260930,baron,60,europe,1500,1610.0,497.2595419847339,277.8282442748087,1345.183206106866,847.9236641221405,1048.0
matched_early_mixture,0.75,gru,20260930,baron,60,americas,1500,1631.0,463.0458124552665,270.5798138869027,1422.9599141016427,959.914101646394,1104.0
matched_early_mixture,0.75,gru,20260930,dragon,60,overall,3000,11329.0,3099.3135593219663,2171.5692921236305,4512.363908275072,1413.0503489531452,7555.0
matched_early_mixture,0.75,gru,20260930,dragon,60,europe,1500,5578.0,1540.5000000000023,1085.5735294117587,2253.058823529406,712.5588235294081,3749.0
matched_early_mixture,0.75,gru,20260930,dragon,60,americas,1500,5751.0,1558.8135593220375,1085.9957627118667,2259.305084745754,700.4915254237308,3806.0
matched_early_mixture,0.75,gru,20260930,teamfight,60,overall,3000,19795.0,1382.3725436520372,826.86827320739,3040.8041407309006,1658.4315970789198,13137.0
matched_early_mixture,0.75,gru,20260930,teamfight,60,europe,1500,9978.0,721.9143763213577,431.3921775898545,1541.1268498942823,819.212473572945,6630.0
matched_early_mixture,0.75,gru,20260930,teamfight,60,americas,1500,9817.0,660.4581673306811,395.47609561753035,1499.6772908366668,839.2191235059839,6507.0
matched_early_mixture,0.75,gru,20261001,baron,60,overall,3000,3241.0,1010.2764249265924,549.8807797029401,2786.374735058368,1776.0983101317868,2152.0
matched_early_mixture,0.75,gru,20261001,baron,60,europe,1500,1610.0,527.9123505976103,280.4382470119518,1350.896414342626,822.9840637450234,1048.0
matched_early_mixture,0.75,gru,20261001,baron,60,americas,1500,1631.0,482.3640743289791,269.44253269098584,1435.4783207157534,953.1142463867926,1104.0
matched_early_mixture,0.75,gru,20261001,dragon,60,overall,3000,11329.0,2903.8090991811105,2152.33011828936,4501.858780709801,1598.0496815286624,7555.0
matched_early_mixture,0.75,gru,20261001,dragon,60,europe,1500,5578.0,1455.6662420382274,1077.187261146502,2276.715923566904,821.0496815286645,3749.0
matched_early_mixture,0.75,gru,20261001,dragon,60,americas,1500,5751.0,1448.142857142847,1075.1428571428519,2225.142857142845,776.9999999999987,3806.0
matched_early_mixture,0.75,gru,20261001,teamfight,60,overall,3000,19795.0,1403.716816516822,881.6368298368359,3133.7499167499464,1730.033100233109,13137.0
matched_early_mixture,0.75,gru,20261001,teamfight,60,europe,1500,9978.0,735.0622710622797,462.9641025641062,1630.7135531135539,895.651282051293,6630.0
matched_early_mixture,0.75,gru,20261001,teamfight,60,americas,1500,9817.0,668.6545454545426,418.67272727272564,1503.036363636376,834.3818181818139,6507.0
matched_early_mixture,0.75,gru,20261002,baron,60,overall,3000,3241.0,738.5954248366008,420.6541830065362,2672.3971895425066,1933.801764705882,2152.0
matched_early_mixture,0.75,gru,20261002,baron,60,europe,1500,1610.0,364.06209150326737,207.04084967320233,1292.446078431379,928.3839869281121,1048.0
matched_early_mixture,0.75,gru,20261002,baron,60,americas,1500,1631.0,374.5333333333343,213.61333333333383,1379.9511111111067,1005.4177777777712,1104.0
matched_early_mixture,0.75,gru,20261002,dragon,60,overall,3000,11329.0,2923.77379679138,2054.531550802094,4376.347326203143,1452.573529411743,7555.0
matched_early_mixture,0.75,gru,20261002,dragon,60,europe,1500,5578.0,1474.2636363636161,1028.581818181819,2215.1772727272382,740.9136363636375,3749.0
matched_early_mixture,0.75,gru,20261002,dragon,60,americas,1500,5751.0,1449.510160427795,1025.9497326203264,2161.1700534759066,711.6598930481315,3806.0
matched_early_mixture,0.75,gru,20261002,teamfight,60,overall,3000,19795.0,1242.612524461839,809.1522070015235,2982.727332028756,1740.1148075668543,13137.0
matched_early_mixture,0.75,gru,20261002,teamfight,60,europe,1500,9978.0,625.9299847792984,395.59665144596346,1502.2511415525103,876.3211567732135,6630.0
matched_early_mixture,0.75,gru,20261002,teamfight,60,americas,1500,9817.0,616.6825396825382,413.5555555555548,1480.4761904761854,863.7936507936475,6507.0
matched_early_mixture,1.0,gru,20260930,baron,60,overall,3000,3241.0,1239.0102931747892,725.4534009442164,3713.305472984866,2474.2951798100007,2152.0
matched_early_mixture,1.0,gru,20260930,baron,60,europe,1500,1610.0,630.5894736842083,365.8421052631567,1815.0175438596402,1184.4280701754326,1048.0
matched_early_mixture,1.0,gru,20260930,baron,60,americas,1500,1631.0,608.4208194905832,359.61129568106196,1898.2879291251186,1289.8671096345392,1104.0
matched_early_mixture,1.0,gru,20260930,dragon,60,overall,3000,11329.0,3879.6264667535092,2695.326146560288,5802.718805122945,1923.0923383695006,7555.0
matched_early_mixture,1.0,gru,20260930,dragon,60,europe,1500,5578.0,1929.9230769230664,1344.764705882351,2904.6425339366197,974.7194570135803,3749.0
matched_early_mixture,1.0,gru,20260930,dragon,60,americas,1500,5751.0,1949.7033898305078,1350.5614406779603,2898.0762711864068,948.3728813559206,3806.0
matched_early_mixture,1.0,gru,20260930,teamfight,60,overall,3000,19795.0,1817.4256715210959,1102.6899337112363,4088.788735122971,2271.363063601826,13137.0
matched_early_mixture,1.0,gru,20260930,teamfight,60,europe,1500,9978.0,940.3340380549627,574.4947145877384,2078.6532769556015,1138.3192389006306,6630.0
matched_early_mixture,1.0,gru,20260930,teamfight,60,americas,1500,9817.0,877.0916334661355,528.1952191235029,2010.1354581673143,1133.043824701192,6507.0
matched_early_mixture,1.0,gru,20261001,baron,60,overall,3000,3241.0,1299.2205913189393,721.3396271373836,3716.5525648601956,2417.331973541259,2152.0
matched_early_mixture,1.0,gru,20261001,baron,60,europe,1500,1610.0,661.3784860557755,363.10756972111494,1804.08366533866,1142.7051792828693,1048.0
matched_early_mixture,1.0,gru,20261001,baron,60,americas,1500,1631.0,637.842105263159,358.23205741626805,1912.4688995215379,1274.6267942583781,1104.0
matched_early_mixture,1.0,gru,20261001,dragon,60,overall,3000,11329.0,3603.934605126856,2604.3403705562823,5692.626445671484,2088.6918405446904,7555.0
matched_early_mixture,1.0,gru,20261001,dragon,60,europe,1500,5578.0,1802.9592356688042,1295.9770700637016,2865.7286624203707,1062.7694267515976,3749.0
matched_early_mixture,1.0,gru,20261001,dragon,60,americas,1500,5751.0,1800.9753694581061,1308.363300492598,2826.897783251192,1025.9224137930942,3806.0
matched_early_mixture,1.0,gru,20261001,teamfight,60,overall,3000,19795.0,1832.0218448218452,1157.3652680652685,4188.395271395334,2356.37342657344,13137.0
matched_early_mixture,1.0,gru,20261001,teamfight,60,europe,1500,9978.0,960.3369963370006,611.041025641028,2169.4498168498285,1209.1128205128266,6630.0
matched_early_mixture,1.0,gru,20261001,teamfight,60,americas,1500,9817.0,871.6848484848445,546.3242424242403,2018.945454545444,1147.2606060606004,6507.0
matched_early_mixture,1.0,gru,20261002,baron,60,overall,3000,3241.0,953.0868534583416,563.17984643419,3569.3606896445076,2616.2738361861284,2152.0
matched_early_mixture,1.0,gru,20261002,baron,60,europe,1500,1610.0,480.14699331848806,283.53229398663836,1753.4432071269537,1273.296213808463,1048.0
matched_early_mixture,1.0,gru,20261002,baron,60,americas,1500,1631.0,472.93986013985966,279.6475524475522,1815.9174825175005,1342.9776223776291,1104.0
matched_early_mixture,1.0,gru,20261002,dragon,60,overall,3000,11329.0,3707.3270072992436,2565.6779562043803,5647.435766423343,1940.1087591241153,7555.0
matched_early_mixture,1.0,gru,20261002,dragon,60,europe,1500,5578.0,1852.6000000000158,1272.0400000000031,2852.100000000004,999.4999999999941,3749.0
matched_early_mixture,1.0,gru,20261002,dragon,60,americas,1500,5751.0,1854.727007299282,1293.6379562043835,2795.3357664233595,940.6087591240861,3806.0
matched_early_mixture,1.0,gru,20261002,teamfight,60,overall,3000,19795.0,1566.694834845514,1017.4336515843264,3915.190416889101,2348.4955820435375,13137.0
matched_early_mixture,1.0,gru,20261002,teamfight,60,europe,1500,9978.0,802.0144596651392,509.1811263318094,1983.4155251141692,1181.401065449008,6630.0
matched_early_mixture,1.0,gru,20261002,teamfight,60,americas,1500,9817.0,764.6803751803701,508.25252525252586,1931.774891774858,1167.0945165945,6507.0
matched_early_mixture,0.25,tcn,20260930,baron,30,overall,3000,3241.0,590.7204433497551,314.5845648604273,1097.6116584564907,506.8912151067331,1091.0
matched_early_mixture,0.25,tcn,20260930,baron,30,europe,1500,1610.0,319.892857142857,167.6190476190475,551.404761904762,231.5119047619044,558.0
matched_early_mixture,0.25,tcn,20260930,baron,30,americas,1500,1631.0,270.8275862068971,146.9655172413793,546.2068965517261,275.3793103448282,533.0
matched_early_mixture,0.25,tcn,20260930,dragon,30,overall,3000,11329.0,815.9448160535193,448.9950877926454,1226.9836956521724,411.0388795986649,3736.0
matched_early_mixture,0.25,tcn,20260930,dragon,30,europe,1500,5578.0,377.194816053516,214.15133779264346,595.1086956521805,217.91387959866327,1834.0
matched_early_mixture,0.25,tcn,20260930,dragon,30,americas,1500,5751.0,438.75,234.84375,631.875,193.125,1902.0
matched_early_mixture,0.25,tcn,20260930,teamfight,30,overall,3000,19795.0,464.6501397063207,217.9811545092446,931.0778788419361,466.42773913560563,6648.0
matched_early_mixture,0.25,tcn,20260930,teamfight,30,europe,1500,9978.0,208.9887640449442,104.49438202247175,427.2471910112382,218.2584269662924,3351.0
matched_early_mixture,0.25,tcn,20260930,teamfight,30,americas,1500,9817.0,255.66137566137562,113.48677248677247,503.83068783068774,248.1693121693121,3297.0
matched_early_mixture,0.25,tcn,20261001,baron,30,overall,3000,3241.0,578.147328176403,311.1088290210722,1098.9617675824675,520.8144394060641,1091.0
matched_early_mixture,0.25,tcn,20261001,baron,30,europe,1500,1610.0,312.3067484662575,164.2392638036809,554.4110429447848,242.10429447852727,558.0
matched_early_mixture,0.25,tcn,20261001,baron,30,americas,1500,1631.0,265.8405797101449,146.86956521739125,544.5507246376824,278.71014492753625,533.0
matched_early_mixture,0.25,tcn,20261001,dragon,30,overall,3000,11329.0,888.5080372821749,462.41223152775984,1235.1165743617448,346.60853707956204,3736.0
matched_early_mixture,0.25,tcn,20261001,dragon,30,europe,1500,5578.0,420.45454545454254,213.34090909090847,578.7272727272681,158.2727272727271,1834.0
matched_early_mixture,0.25,tcn,20261001,dragon,30,americas,1500,5751.0,468.0534918276417,249.07132243684836,656.3893016344736,188.3358098068342,1902.0
matched_early_mixture,0.25,tcn,20261001,teamfight,30,overall,3000,19795.0,385.36243430834253,187.22380912248462,920.9081761649855,535.5457418566356,6648.0
matched_early_mixture,0.25,tcn,20261001,teamfight,30,europe,1500,9978.0,177.34962406014955,91.63533834586467,441.8233082706728,264.4736842105244,3351.0
matched_early_mixture,0.25,tcn,20261001,teamfight,30,americas,1500,9817.0,208.01281024819716,95.58847077662156,479.08486789430964,271.07205764611444,3297.0
matched_early_mixture,0.25,tcn,20261002,baron,30,overall,3000,3241.0,566.6818181818192,307.3173076923076,1085.0673076923138,518.3854895104903,1091.0
matched_early_mixture,0.25,tcn,20261002,baron,30,europe,1500,1610.0,296.4999999999998,158.1468531468528,535.1468531468548,238.64685314685212,558.0
matched_early_mixture,0.25,tcn,20261002,baron,30,americas,1500,1631.0,270.1818181818183,149.17045454545456,549.9204545454543,279.7386363636368,533.0
matched_early_mixture,0.25,tcn,20261002,dragon,30,overall,3000,11329.0,886.4383490072959,468.2925686405167,1252.4427426587151,366.00439365141875,3736.0
matched_early_mixture,0.25,tcn,20261002,dragon,30,europe,1500,5578.0,420.3333333333287,219.66404199474923,600.6010498687587,180.26771653543224,1834.0
matched_early_mixture,0.25,tcn,20261002,dragon,30,americas,1500,5751.0,466.1050156739839,248.62852664576926,651.8416927899646,185.7366771159881,1902.0
matched_early_mixture,0.25,tcn,20261002,teamfight,30,overall,3000,19795.0,440.6946879834991,202.59480832043982,934.9107787519415,494.2160907684396,6648.0
matched_early_mixture,0.25,tcn,20261002,teamfight,30,europe,1500,9978.0,225.8375451263538,105.4043321299639,460.33935018050283,234.50180505415165,3351.0
matched_early_mixture,0.25,tcn,20261002,teamfight,30,americas,1500,9817.0,214.85714285714226,97.19047619047595,474.57142857143435,259.71428571428515,3297.0
matched_early_mixture,0.5,tcn,20260930,baron,30,overall,3000,3241.0,833.7112006446393,485.55890410958995,2046.8017727639142,1213.0905721192562,1091.0
matched_early_mixture,0.5,tcn,20260930,baron,30,europe,1500,1610.0,429.82352941176515,246.99999999999977,998.7058823529394,568.8823529411779,558.0
matched_early_mixture,0.5,tcn,20260930,baron,30,americas,1500,1631.0,403.8876712328773,238.55890410958932,1048.0958904109539,644.2082191780819,533.0
matched_early_mixture,0.5,tcn,20260930,dragon,30,overall,3000,11329.0,1631.8896321070386,897.9901755852908,2453.967391304345,822.0777591973298,3736.0
matched_early_mixture,0.5,tcn,20260930,dragon,30,europe,1500,5578.0,754.389632107032,428.3026755852869,1190.217391304361,435.82775919732654,1834.0
matched_early_mixture,0.5,tcn,20260930,dragon,30,americas,1500,5751.0,877.5,469.6875,1263.75,386.25,1902.0
matched_early_mixture,0.5,tcn,20260930,teamfight,30,overall,3000,19795.0,802.9836248522812,390.8430153364804,1835.4943356447698,1032.5107107924828,6648.0
matched_early_mixture,0.5,tcn,20260930,teamfight,30,europe,1500,9978.0,376.88567293777186,190.6497829232993,860.111432706219,483.22575976845286,3351.0
matched_early_mixture,0.5,tcn,20260930,teamfight,30,americas,1500,9817.0,426.0979519145175,200.19323241317943,975.3829029385524,549.284951024046,3297.0
matched_early_mixture,0.5,tcn,20261001,baron,30,overall,3000,3241.0,827.9890688259103,477.3931174089065,2031.4134952766306,1203.424426450735,1091.0
matched_early_mixture,0.5,tcn,20261001,baron,30,europe,1500,1610.0,436.82105263157825,250.79999999999967,1026.3122807017508,589.4912280701733,558.0
matched_early_mixture,0.5,tcn,20261001,baron,30,americas,1500,1631.0,391.16801619433215,226.593117408907,1005.1012145748995,613.9331983805674,533.0
matched_early_mixture,0.5,tcn,20261001,dragon,30,overall,3000,11329.0,1687.8865234331251,914.9366477081875,2465.9997033072864,778.1131798741551,3736.0
matched_early_mixture,0.5,tcn,20261001,dragon,30,europe,1500,5578.0,783.8626760563444,426.5598591549289,1172.1936619718488,388.3309859154922,1834.0
matched_early_mixture,0.5,tcn,20261001,dragon,30,americas,1500,5751.0,904.0238473767795,488.3767885532594,1293.8060413354308,389.78219395866483,1902.0
matched_early_mixture,0.5,tcn,20261001,teamfight,30,overall,3000,19795.0,753.9650607704119,369.2314453066204,1832.9076253483788,1078.9425645779668,6648.0
matched_early_mixture,0.5,tcn,20261001,teamfight,30,europe,1500,9978.0,354.6992481202991,183.27067669172934,883.6466165413456,528.9473684210488,3351.0
matched_early_mixture,0.5,tcn,20261001,teamfight,30,americas,1500,9817.0,399.2658126501202,185.96076861489126,949.2610088070395,549.9951961569247,3297.0
matched_early_mixture,0.5,tcn,20261002,baron,30,overall,3000,3241.0,844.8615384615372,485.9384615384616,2042.9692307692374,1198.1076923076907,1091.0
matched_early_mixture,0.5,tcn,20261002,baron,30,europe,1500,1610.0,440.46153846153874,255.53846153846158,1013.7692307692271,573.3076923076919,558.0
matched_early_mixture,0.5,tcn,20261002,baron,30,americas,1500,1631.0,404.3999999999998,230.40000000000006,1029.199999999998,624.7999999999987,533.0
matched_early_mixture,0.5,tcn,20261002,dragon,30,overall,3000,11329.0,1650.2303030302778,906.5852063946534,2471.1937962299867,820.9634931997106,3736.0
matched_early_mixture,0.5,tcn,20261002,dragon,30,europe,1500,5578.0,753.6666666666641,423.0761154855595,1185.9028871390979,432.2362204724357,1834.0
matched_early_mixture,0.5,tcn,20261002,dragon,30,americas,1500,5751.0,896.5636363636331,483.50909090909244,1285.290909090901,388.72727272727394,1902.0
matched_early_mixture,0.5,tcn,20261002,teamfight,30,overall,3000,19795.0,800.9333333333439,376.1555555555536,1844.6666666666981,1043.7333333333536,6648.0
matched_early_mixture,0.5,tcn,20261002,teamfight,30,europe,1500,9978.0,378.9333333333319,182.93333333333285,898.666666666676,519.7333333333303,3351.0
matched_early_mixture,0.5,tcn,20261002,teamfight,30,americas,1500,9817.0,421.9999999999976,193.22222222222135,946.0000000000081,523.9999999999974,3297.0
matched_early_mixture,0.75,tcn,20260930,baron,30,overall,3000,3241.0,1004.071686491081,603.0762531860668,2978.3787524780623,1974.3070659869709,1091.0
matched_early_mixture,0.75,tcn,20260930,baron,30,europe,1500,1610.0,517.1931818181822,312.11363636363654,1454.8522727272673,937.6590909090932,558.0
matched_early_mixture,0.75,tcn,20260930,baron,30,americas,1500,1631.0,486.8785046728968,290.96261682243005,1523.5264797507868,1036.6479750778851,533.0
matched_early_mixture,0.75,tcn,20260930,dragon,30,overall,3000,11329.0,2347.7276773271715,1330.4982842112559,3627.5969202897845,1279.8692429626506,3736.0
matched_early_mixture,0.75,tcn,20260930,dragon,30,europe,1500,5578.0,1131.5844481605284,642.4540133779224,1785.3260869564976,653.741638795983,1834.0
matched_early_mixture,0.75,tcn,20260930,dragon,30,americas,1500,5751.0,1216.1432291666663,688.0442708333322,1842.270833333344,626.1276041666662,1902.0
matched_early_mixture,0.75,tcn,20260930,teamfight,30,overall,3000,19795.0,1125.0738370062609,556.9390690379927,2738.8151452397733,1613.7413082334667,6648.0
matched_early_mixture,0.75,tcn,20260930,teamfight,30,europe,1500,9978.0,535.3516642547044,272.59623733719235,1294.2648335745307,758.913169319825,3351.0
matched_early_mixture,0.75,tcn,20260930,teamfight,30,americas,1500,9817.0,589.7221727515551,284.3428317008004,1444.55031166519,854.8281389136177,3297.0
matched_early_mixture,0.75,tcn,20261001,baron,30,overall,3000,3241.0,1004.7755749405226,604.1297911710278,2905.2677768966623,1900.4922019561175,1091.0
matched_early_mixture,0.75,tcn,20261001,baron,30,europe,1500,1610.0,520.2371134020624,309.9759450171821,1459.8831615120316,939.6460481099685,558.0
matched_early_mixture,0.75,tcn,20261001,baron,30,americas,1500,1631.0,484.5384615384608,294.15384615384625,1445.3846153846084,960.8461538461498,533.0
matched_early_mixture,0.75,tcn,20261001,dragon,30,overall,3000,11329.0,2340.531524693567,1322.9484127391086,3626.61585722344,1286.084332529864,3736.0
matched_early_mixture,0.75,tcn,20261001,dragon,30,europe,1500,5578.0,1124.7032258064514,633.061290322579,1768.8193548387214,644.1161290322557,1834.0
matched_early_mixture,0.75,tcn,20261001,dragon,30,americas,1500,5751.0,1215.8282988871108,689.8871224165314,1857.7965023847137,641.9682034976132,1902.0
matched_early_mixture,0.75,tcn,20261001,teamfight,30,overall,3000,19795.0,1122.567687232488,551.2390814907567,2744.907074531801,1622.3393872993133,6648.0
matched_early_mixture,0.75,tcn,20261001,teamfight,30,europe,1500,9978.0,532.0488721804552,274.9060150375939,1325.4699248120223,793.4210526315812,3351.0
matched_early_mixture,0.75,tcn,20261001,teamfight,30,americas,1500,9817.0,590.5188150520369,276.333066453161,1419.437149719781,828.9183346677266,3297.0
matched_early_mixture,0.75,tcn,20261002,baron,30,overall,3000,3241.0,1013.8574608055214,603.9805234273045,3007.7909866104046,1993.9335258048836,1091.0
matched_early_mixture,0.75,tcn,20261002,baron,30,europe,1500,1610.0,527.1686390532541,316.7781065088757,1511.5976331360916,984.4289940828431,558.0
matched_early_mixture,0.75,tcn,20261002,baron,30,americas,1500,1631.0,486.68882175226537,287.20241691842904,1496.1933534743155,1009.5045317220549,533.0
matched_early_mixture,0.75,tcn,20261002,dragon,30,overall,3000,11329.0,2316.1084905660496,1314.2617738820395,3641.850950824572,1325.7424602585063,3736.0
matched_early_mixture,0.75,tcn,20261002,dragon,30,europe,1500,5578.0,1086.999999999993,626.4881889763781,1771.204724409449,684.204724409447,1834.0
matched_early_mixture,0.75,tcn,20261002,dragon,30,americas,1500,5751.0,1229.1084905660423,687.7735849056619,1870.6462264150935,641.5377358490591,1902.0
matched_early_mixture,0.75,tcn,20261002,teamfight,30,overall,3000,19795.0,1125.5537729965768,550.4620985344545,2758.8607733084073,1633.3070003118328,6648.0
matched_early_mixture,0.75,tcn,20261002,teamfight,30,europe,1500,9978.0,521.183333333332,265.18333333333266,1336.1666666666767,814.9833333333414,3351.0
matched_early_mixture,0.75,tcn,20261002,teamfight,30,americas,1500,9817.0,604.3704396632342,285.2787652011232,1422.6941066417269,818.3236669784781,3297.0
matched_early_mixture,1.0,tcn,20260930,baron,30,overall,3000,3241.0,1147.554338549075,700.1416785206261,3793.208819345642,2645.6544807965756,1091.0
matched_early_mixture,1.0,tcn,20260930,baron,30,europe,1500,1610.0,587.2648648648649,358.9837837837838,1856.735135135128,1269.4702702702675,558.0
matched_early_mixture,1.0,tcn,20260930,baron,30,americas,1500,1631.0,560.2894736842107,341.15789473684214,1936.4736842105315,1376.184210526318,533.0
matched_early_mixture,1.0,tcn,20260930,dragon,30,overall,3000,11329.0,2915.57808021632,1699.0944930148712,4753.934673276272,1838.356593059938,3736.0
matched_early_mixture,1.0,tcn,20260930,dragon,30,europe,1500,5578.0,1412.3257142857094,824.5771428571409,2344.44571428571,932.119999999998,1834.0
matched_early_mixture,1.0,tcn,20260930,dragon,30,americas,1500,5751.0,1503.2523659306037,874.5173501577272,2409.488958990542,906.2365930599348,1902.0
matched_early_mixture,1.0,tcn,20260930,teamfight,30,overall,3000,19795.0,1426.8561626827482,721.7233368498829,3657.4530667506833,2230.5969040678833,6648.0
matched_early_mixture,1.0,tcn,20260930,teamfight,30,europe,1500,9978.0,673.5097690941378,353.23090586145605,1743.7353463587897,1070.225577264652,3351.0
matched_early_mixture,1.0,tcn,20260930,teamfight,30,americas,1500,9817.0,753.3463935886076,368.49243098842476,1913.7177203918295,1160.3713268032172,3297.0
matched_early_mixture,1.0,tcn,20261001,baron,30,overall,3000,3241.0,1135.9500721594318,694.156723799639,3786.8858583729316,2650.9357862135016,1091.0
matched_early_mixture,1.0,tcn,20261001,baron,30,europe,1500,1610.0,579.9259757738887,353.5181695827722,1888.9340511440173,1309.0080753701207,558.0
matched_early_mixture,1.0,tcn,20261001,baron,30,americas,1500,1631.0,556.0240963855421,340.63855421686736,1897.9518072289213,1341.9277108433776,533.0
matched_early_mixture,1.0,tcn,20261001,dragon,30,overall,3000,11329.0,2884.8360843407822,1688.157961795649,4735.719311018647,1850.8832266779118,3736.0
matched_early_mixture,1.0,tcn,20261001,dragon,30,europe,1500,5578.0,1396.6084724005123,815.2400513478751,2330.9730423619862,934.3645699614797,1834.0
matched_early_mixture,1.0,tcn,20261001,dragon,30,americas,1500,5751.0,1488.227611940303,872.9179104477619,2404.7462686567146,916.5186567164183,1902.0
matched_early_mixture,1.0,tcn,20261001,teamfight,30,overall,3000,19795.0,1446.964760156511,727.9630694169342,3667.3536544128874,2220.388894256323,6648.0
matched_early_mixture,1.0,tcn,20261001,teamfight,30,europe,1500,9978.0,689.3604294478523,361.89417177914294,1770.1134969325196,1080.7530674846585,3351.0
matched_early_mixture,1.0,tcn,20261001,teamfight,30,americas,1500,9817.0,757.6043307086607,366.0688976377962,1897.2401574802996,1139.6358267716462,3297.0
matched_early_mixture,1.0,tcn,20261002,baron,30,overall,3000,3241.0,1126.5321777669844,684.7266711189366,3815.659613866793,2689.1274360998095,1091.0
matched_early_mixture,1.0,tcn,20261002,baron,30,europe,1500,1610.0,580.8563535911602,353.25414364640886,1888.0497237568993,1307.1933701657408,558.0
matched_early_mixture,1.0,tcn,20261002,baron,30,americas,1500,1631.0,545.6758241758246,331.47252747252753,1927.6098901098944,1381.9340659340694,533.0
matched_early_mixture,1.0,tcn,20261002,dragon,30,overall,3000,11329.0,2925.8333874458876,1716.9852272727217,4788.084983766241,1862.251596320341,3736.0
matched_early_mixture,1.0,tcn,20261002,dragon,30,europe,1500,5578.0,1411.0095238095194,827.4000000000017,2352.457142857135,941.4476190476206,1834.0
matched_early_mixture,1.0,tcn,20261002,dragon,30,americas,1500,5751.0,1514.823863636363,889.5852272727246,2435.6278409090846,920.803977272723,1902.0
matched_early_mixture,1.0,tcn,20261002,teamfight,30,overall,3000,19795.0,1418.6456813221184,719.7092921733769,3679.75647022135,2261.110788899289,6648.0
matched_early_mixture,1.0,tcn,20261002,teamfight,30,europe,1500,9978.0,663.4333333333371,347.4333333333326,1773.6666666666763,1110.2333333333438,3351.0
matched_early_mixture,1.0,tcn,20261002,teamfight,30,americas,1500,9817.0,755.2123479887778,372.27595884003637,1906.0898035547455,1150.8774555659609,3297.0
matched_early_mixture,0.25,tcn,20260930,baron,60,overall,3000,3241.0,492.29304921554416,220.27923491503338,1013.1167526564124,520.8237034408685,2152.0
matched_early_mixture,0.25,tcn,20260930,baron,60,europe,1500,1610.0,253.26633165828972,110.4271356783914,504.6482412060267,251.38190954773728,1048.0
matched_early_mixture,0.25,tcn,20260930,baron,60,americas,1500,1631.0,239.02671755725373,109.85209923664158,508.46851145038625,269.44179389313126,1104.0
matched_early_mixture,0.25,tcn,20260930,dragon,60,overall,3000,11329.0,1024.7616701776094,604.4643771850062,1359.3770409404603,334.61537076285003,7555.0
matched_early_mixture,0.25,tcn,20260930,dragon,60,europe,1500,5578.0,506.40120967741876,301.8145161290343,676.8145161290298,170.41330645161437,3749.0
matched_early_mixture,0.25,tcn,20260930,dragon,60,americas,1500,5751.0,518.3604605002082,302.64986105597796,682.5625248114364,164.20206431123452,3806.0
matched_early_mixture,0.25,tcn,20260930,teamfight,60,overall,3000,19795.0,544.4075872289203,280.6763747325868,1025.0575900825945,480.65000285366744,13137.0
matched_early_mixture,0.25,tcn,20260930,teamfight,60,europe,1500,9978.0,274.63605823068065,148.86618141097424,502.86954087345714,228.2334826427753,6630.0
matched_early_mixture,0.25,tcn,20260930,teamfight,60,americas,1500,9817.0,269.7715289982405,131.81019332161756,522.1880492091351,252.41652021089467,6507.0
matched_early_mixture,0.25,tcn,20261001,baron,60,overall,3000,3241.0,488.8276899701214,211.67758131875576,987.6997954298702,498.87210545973073,2152.0
matched_early_mixture,0.25,tcn,20261001,baron,60,europe,1500,1610.0,241.0261824324305,111.80320945945911,500.1055743243194,259.0793918918902,1048.0
matched_early_mixture,0.25,tcn,20261001,baron,60,americas,1500,1631.0,247.8015075376903,99.87437185929639,487.5942211055314,239.79271356784014,1104.0
matched_early_mixture,0.25,tcn,20261001,dragon,60,overall,3000,11329.0,993.0899880184618,597.8458547473166,1352.8027500382877,359.712762019837,7555.0
matched_early_mixture,0.25,tcn,20261001,dragon,60,europe,1500,5578.0,487.31566011235975,299.94733146067455,676.9224016853874,189.6067415730333,3749.0
matched_early_mixture,0.25,tcn,20261001,dragon,60,americas,1500,5751.0,505.7743279060983,297.89852328663346,675.8803483529001,170.10602044679976,3806.0
matched_early_mixture,0.25,tcn,20261001,teamfight,60,overall,3000,19795.0,570.6459934598588,274.9505436149715,1005.172964588176,434.5269711283217,13137.0
matched_early_mixture,0.25,tcn,20261001,teamfight,60,europe,1500,9978.0,265.1351351351381,137.63513513513627,483.851351351357,218.71621621621836,6630.0
matched_early_mixture,0.25,tcn,20261001,teamfight,60,americas,1500,9817.0,305.5108583247157,137.3154084798341,521.3216132368185,215.8107549120981,6507.0
matched_early_mixture,0.25,tcn,20261002,baron,60,overall,3000,3241.0,479.5113194412505,220.9704887131407,1012.3135804686435,532.8022610274005,2152.0
matched_early_mixture,0.25,tcn,20261002,baron,60,europe,1500,1610.0,255.73659889094105,117.14417744916801,512.206099815161,256.4695009242134,1048.0
matched_early_mixture,0.25,tcn,20261002,baron,60,americas,1500,1631.0,223.77472055030242,103.82631126397298,500.1074806534857,276.33276010318286,1104.0
matched_early_mixture,0.25,tcn,20261002,dragon,60,overall,3000,11329.0,1027.9846472865627,599.880429044715,1353.001674675998,325.0170273894477,7555.0
matched_early_mixture,0.25,tcn,20261002,dragon,60,europe,1500,5578.0,498.9872685185126,299.91319444444116,673.611111111113,174.62384259259113,3749.0
matched_early_mixture,0.25,tcn,20261002,dragon,60,americas,1500,5751.0,528.9973787680298,299.9672346002669,679.3905635648864,150.39318479685625,3806.0
matched_early_mixture,0.25,tcn,20261002,teamfight,60,overall,3000,19795.0,534.21095321254,275.7428085454078,1028.3524122598146,494.14145904726917,13137.0
matched_early_mixture,0.25,tcn,20261002,teamfight,60,europe,1500,9978.0,253.65288667142008,140.72523164647114,505.7020669992894,252.0491803278703,6630.0
matched_early_mixture,0.25,tcn,20261002,teamfight,60,americas,1500,9817.0,280.5580665411183,135.01757689893253,522.6503452605145,242.0922787193985,6507.0
matched_early_mixture,0.5,tcn,20260930,baron,60,overall,3000,3241.0,984.5860984310883,440.5584698300668,2026.2335053128247,1041.647406881737,2152.0
matched_early_mixture,0.5,tcn,20260930,baron,60,europe,1500,1610.0,506.53266331657943,220.8542713567828,1009.2964824120534,502.76381909547456,1048.0
matched_early_mixture,0.5,tcn,20260930,baron,60,americas,1500,1631.0,478.05343511450747,219.70419847328316,1016.9370229007725,538.8835877862625,1104.0
matched_early_mixture,0.5,tcn,20260930,dragon,60,overall,3000,11329.0,2049.523340355219,1208.9287543700125,2718.7540818809207,669.2307415257001,7555.0
matched_early_mixture,0.5,tcn,20260930,dragon,60,europe,1500,5578.0,1012.8024193548375,603.6290322580686,1353.6290322580596,340.82661290322875,3749.0
matched_early_mixture,0.5,tcn,20260930,dragon,60,americas,1500,5751.0,1036.7209210004164,605.2997221119559,1365.125049622873,328.40412862246905,3806.0
matched_early_mixture,0.5,tcn,20260930,teamfight,60,overall,3000,19795.0,1088.8151744578406,561.3527494651736,2050.115180165189,961.3000057073349,13137.0
matched_early_mixture,0.5,tcn,20260930,teamfight,60,europe,1500,9978.0,549.2721164613612,297.73236282194847,1005.7390817469143,456.46696528555054,6630.0
matched_early_mixture,0.5,tcn,20260930,teamfight,60,americas,1500,9817.0,539.543057996481,263.6203866432351,1044.3760984182702,504.83304042178935,6507.0
matched_early_mixture,0.5,tcn,20261001,baron,60,overall,3000,3241.0,977.6553799402428,423.3551626375115,1975.3995908597403,997.7442109194615,2152.0
matched_early_mixture,0.5,tcn,20261001,baron,60,europe,1500,1610.0,482.052364864861,223.60641891891822,1000.2111486486388,518.1587837837804,1048.0
matched_early_mixture,0.5,tcn,20261001,baron,60,americas,1500,1631.0,495.6030150753806,199.74874371859278,975.1884422110628,479.5854271356803,1104.0
matched_early_mixture,0.5,tcn,20261001,dragon,60,overall,3000,11329.0,1986.1799760369236,1195.6917094946332,2705.6055000765755,719.425524039674,7555.0
matched_early_mixture,0.5,tcn,20261001,dragon,60,europe,1500,5578.0,974.6313202247195,599.8946629213491,1353.8448033707748,379.21348314606666,3749.0
matched_early_mixture,0.5,tcn,20261001,dragon,60,americas,1500,5751.0,1011.5486558121966,595.7970465732669,1351.7606967058002,340.2120408935995,3806.0
matched_early_mixture,0.5,tcn,20261001,teamfight,60,overall,3000,19795.0,1136.7118421420519,546.76354845021,2009.4483076665426,872.7364655244776,13137.0
matched_early_mixture,0.5,tcn,20261001,teamfight,60,europe,1500,9978.0,530.2702702702762,275.27027027027253,967.702702702714,437.4324324324367,6630.0
matched_early_mixture,0.5,tcn,20261001,teamfight,60,americas,1500,9817.0,606.4415718717651,271.4932781799381,1041.7456049638045,435.30403309203405,6507.0
matched_early_mixture,0.5,tcn,20261002,baron,60,overall,3000,3241.0,958.022638882501,441.9409774262814,2023.627160937287,1065.604522054801,2152.0
matched_early_mixture,0.5,tcn,20261002,baron,60,europe,1500,1610.0,510.4731977818821,234.28835489833602,1023.4121996303221,512.9390018484268,1048.0
matched_early_mixture,0.5,tcn,20261002,baron,60,americas,1500,1631.0,447.54944110060484,207.65262252794597,1000.2149613069714,552.6655202063657,1104.0
matched_early_mixture,0.5,tcn,20261002,dragon,60,overall,3000,11329.0,2055.9692945731254,1199.76085808943,2706.003349351996,650.0340547788954,7555.0
matched_early_mixture,0.5,tcn,20261002,dragon,60,europe,1500,5578.0,997.9745370370252,599.8263888888823,1347.222222222226,349.24768518518226,3749.0
matched_early_mixture,0.5,tcn,20261002,dragon,60,americas,1500,5751.0,1057.9947575360595,599.9344692005338,1358.7811271297728,300.7863695937125,3806.0
matched_early_mixture,0.5,tcn,20261002,teamfight,60,overall,3000,19795.0,1069.1726911080607,552.2966654272864,2059.713612969079,990.5409218610107,13137.0
matched_early_mixture,0.5,tcn,20261002,teamfight,60,europe,1500,9978.0,507.3057733428403,281.4504632929424,1011.4041339985789,504.09836065574075,6630.0
matched_early_mixture,0.5,tcn,20261002,teamfight,60,americas,1500,9817.0,561.8669177652238,270.8462021343393,1048.3094789704878,486.4425612052766,6507.0
matched_early_mixture,0.75,tcn,20260930,baron,60,overall,3000,3241.0,1426.6243371290807,658.7012218435714,3024.9224170891885,1598.2980799600984,2152.0
matched_early_mixture,0.75,tcn,20260930,baron,60,europe,1500,1610.0,728.6960352422911,331.9427312775332,1501.6431718061683,772.9471365638773,1048.0
matched_early_mixture,0.75,tcn,20260930,baron,60,americas,1500,1631.0,697.9283018867931,326.75849056603806,1523.2792452830117,825.3509433962279,1104.0
matched_early_mixture,0.75,tcn,20260930,dragon,60,overall,3000,11329.0,3074.285010532771,1813.3931315549837,4078.131122821284,1003.8461122885391,7555.0
matched_early_mixture,0.75,tcn,20260930,dragon,60,europe,1500,5578.0,1519.2036290322355,905.4435483870869,2030.443548387065,511.2399193548396,3749.0
matched_early_mixture,0.75,tcn,20260930,dragon,60,americas,1500,5751.0,1555.0813815005922,907.9495831679329,2047.6875744343006,492.6061929337105,3806.0
matched_early_mixture,0.75,tcn,20260930,teamfight,60,overall,3000,19795.0,1633.2227616867824,842.0291241977742,3075.172770247813,1441.9500085610252,13137.0
matched_early_mixture,0.75,tcn,20260930,teamfight,60,europe,1500,9978.0,823.9081746920406,446.5985442329193,1508.6086226203854,684.7004479283253,6630.0
matched_early_mixture,0.75,tcn,20260930,teamfight,60,americas,1500,9817.0,809.3145869947343,395.4305799648515,1566.5641476274122,757.2495606326949,6507.0
matched_early_mixture,0.75,tcn,20261001,baron,60,overall,3000,3241.0,1394.7687759875453,641.1164890852397,2960.7595504158053,1565.9907744282903,2152.0
matched_early_mixture,0.75,tcn,20261001,baron,60,europe,1500,1610.0,723.0785472972997,335.40962837837566,1500.3167229729859,777.238175675676,1048.0
matched_early_mixture,0.75,tcn,20261001,baron,60,americas,1500,1631.0,671.6902286902308,305.70686070686014,1460.4428274428396,788.7525987526017,1104.0
matched_early_mixture,0.75,tcn,20261001,dragon,60,overall,3000,11329.0,2979.2699640553387,1793.537564241902,4058.408250114858,1079.1382860594933,7555.0
matched_early_mixture,0.75,tcn,20261001,dragon,60,europe,1500,5578.0,1461.9469803370525,899.8419943820064,2030.7672050561546,568.8202247190983,3749.0
matched_early_mixture,0.75,tcn,20261001,dragon,60,americas,1500,5751.0,1517.3229837183185,893.6955698599149,2027.641045058727,510.31806134040244,3806.0
matched_early_mixture,0.75,tcn,20261001,teamfight,60,overall,3000,19795.0,1671.8420251237433,816.4703506323239,3010.0923952121334,1338.2503700884154,13137.0
matched_early_mixture,0.75,tcn,20261001,teamfight,60,europe,1500,9978.0,795.405405405413,412.90540540540616,1451.5540540540756,656.1486486486531,6630.0
matched_early_mixture,0.75,tcn,20261001,teamfight,60,americas,1500,9817.0,876.4366197183033,403.5649452269166,1558.5383411580704,682.1017214397449,6507.0
matched_early_mixture,0.75,tcn,20261002,baron,60,overall,3000,3241.0,1421.1792190023189,659.6572445322759,3027.4381875287704,1606.2589685264497,2152.0
matched_early_mixture,0.75,tcn,20261002,baron,60,europe,1500,1610.0,749.8550573514106,348.17831074035587,1527.1157455683103,777.2606882168984,1048.0
matched_early_mixture,0.75,tcn,20261002,baron,60,americas,1500,1631.0,671.3241616509066,311.4789337919184,1500.3224419604564,828.9982803095484,1104.0
matched_early_mixture,0.75,tcn,20261002,dragon,60,overall,3000,11329.0,3083.953941859635,1799.6412871341379,4059.0050240279843,975.0510821683572,7555.0
matched_early_mixture,0.75,tcn,20261002,dragon,60,europe,1500,5578.0,1496.96180555557,899.7395833333408,2020.8333333333378,523.8715277777732,3749.0
matched_early_mixture,0.75,tcn,20261002,dragon,60,americas,1500,5751.0,1586.992136304057,899.9017038007988,2038.1716906946153,451.17955439056715,3806.0
matched_early_mixture,0.75,tcn,20261002,teamfight,60,overall,3000,19795.0,1604.1344290036004,828.8505223091507,3091.0748136783277,1486.940384674767,13137.0
matched_early_mixture,0.75,tcn,20261002,teamfight,60,europe,1500,9978.0,760.9586600142554,422.17569493941375,1517.1062009978716,756.1475409836055,6630.0
matched_early_mixture,0.75,tcn,20261002,teamfight,60,americas,1500,9817.0,843.1757689893145,406.6748273697386,1573.9686126804713,730.7928436911384,6507.0
matched_early_mixture,1.0,tcn,20260930,baron,60,overall,3000,3241.0,1720.428422788977,870.2307955843149,3996.374939728423,2275.9465169394525,2152.0
matched_early_mixture,1.0,tcn,20260930,baron,60,europe,1500,1610.0,880.9495495495474,441.2378378378392,1982.3819819819694,1101.4324324324286,1048.0
matched_early_mixture,1.0,tcn,20260930,baron,60,americas,1500,1631.0,839.4788732394362,428.99295774647976,2013.9929577464682,1174.5140845070393,1104.0
matched_early_mixture,1.0,tcn,20260930,dragon,60,overall,3000,11329.0,4099.046680710438,2417.857508740025,5437.508163761841,1338.4614830514001,7555.0
matched_early_mixture,1.0,tcn,20260930,dragon,60,europe,1500,5578.0,2025.604838709675,1207.2580645161372,2707.2580645161192,681.6532258064575,3749.0
matched_early_mixture,1.0,tcn,20260930,dragon,60,americas,1500,5751.0,2073.441842000833,1210.5994442239119,2730.250099245746,656.8082572449381,3806.0
matched_early_mixture,1.0,tcn,20260930,teamfight,60,overall,3000,19795.0,2177.630348915681,1122.7054989303472,4100.230360330378,1922.6000114146698,13137.0
matched_early_mixture,1.0,tcn,20260930,teamfight,60,europe,1500,9978.0,1098.5442329227226,595.4647256438969,2011.4781634938286,912.9339305711012,6630.0
matched_early_mixture,1.0,tcn,20260930,teamfight,60,americas,1500,9817.0,1079.086115992962,527.2407732864702,2088.7521968365404,1009.6660808435787,6507.0
matched_early_mixture,1.0,tcn,20261001,baron,60,overall,3000,3241.0,1699.3238045062424,857.040204775914,3949.477661991545,2250.153857485259,2152.0
matched_early_mixture,1.0,tcn,20261001,baron,60,europe,1500,1610.0,880.5452695829141,445.3570701932846,1991.2187182095647,1110.6734486266587,1048.0
matched_early_mixture,1.0,tcn,20261001,baron,60,americas,1500,1631.0,818.7785349233405,411.6831345826229,1958.2589437819336,1139.4804088586043,1104.0
matched_early_mixture,1.0,tcn,20261001,dragon,60,overall,3000,11329.0,3972.359952073847,2391.3834189892664,5411.211000153151,1438.851048079348,7555.0
matched_early_mixture,1.0,tcn,20261001,dragon,60,europe,1500,5578.0,1949.262640449439,1199.7893258426982,2707.6896067415496,758.4269662921333,3749.0
matched_early_mixture,1.0,tcn,20261001,dragon,60,americas,1500,5751.0,2023.0973116243931,1191.5940931465339,2703.5213934116005,680.424081787199,3806.0
matched_early_mixture,1.0,tcn,20261001,teamfight,60,overall,3000,19795.0,2160.5687095546327,1083.0178488347547,4005.2895994586324,1844.7208899039852,13137.0
matched_early_mixture,1.0,tcn,20261001,teamfight,60,europe,1500,9978.0,1060.5405405405525,550.5405405405451,1935.405405405428,874.8648648648734,6630.0
matched_early_mixture,1.0,tcn,20261001,teamfight,60,americas,1500,9817.0,1100.028169014081,532.4773082942098,2069.8841940531843,969.8560250391239,6507.0
matched_early_mixture,1.0,tcn,20261002,baron,60,overall,3000,3241.0,1688.7502299555792,856.1742928528759,3976.246267602578,2287.4960376469407,2152.0
matched_early_mixture,1.0,tcn,20261002,baron,60,europe,1500,1610.0,870.6840458811228,436.94264859228144,1972.8925964546538,1102.2085505735092,1048.0
matched_early_mixture,1.0,tcn,20261002,baron,60,americas,1500,1631.0,818.0661840744507,419.231644260601,2003.3536711478564,1185.2874870734115,1104.0
matched_early_mixture,1.0,tcn,20261002,dragon,60,overall,3000,11329.0,4111.938589146251,2399.52171617886,5412.006698703992,1300.0681095577909,7555.0
matched_early_mixture,1.0,tcn,20261002,dragon,60,europe,1500,5578.0,1995.9490740740505,1199.6527777777646,2694.444444444452,698.4953703703645,3749.0
matched_early_mixture,1.0,tcn,20261002,dragon,60,americas,1500,5751.0,2115.989515072119,1199.8689384010677,2717.5622542595456,601.572739187425,3806.0
matched_early_mixture,1.0,tcn,20261002,teamfight,60,overall,3000,19795.0,2139.096166899158,1105.4043791910458,4122.436014387701,1983.3398474885373,13137.0
matched_early_mixture,1.0,tcn,20261002,teamfight,60,europe,1500,9978.0,1014.6115466856807,562.9009265858848,2022.8082679971578,1008.1967213114815,6630.0
matched_early_mixture,1.0,tcn,20261002,teamfight,60,americas,1500,9817.0,1124.4846202134358,542.5034526051454,2099.627746390487,975.1431261770205,6507.0
matched_early_mixture,0.25,snapshot,20260930,baron,30,overall,3000,3241.0,483.1006796941367,261.6236193712828,1050.2807986406149,567.1801189464735,1091.0
matched_early_mixture,0.25,snapshot,20260930,baron,30,europe,1500,1610.0,266.6915887850465,144.03271028037386,525.4626168224315,258.77102803738285,558.0
matched_early_mixture,0.25,snapshot,20260930,baron,30,americas,1500,1631.0,216.40909090909125,117.59090909090929,524.8181818181782,308.40909090909037,533.0
matched_early_mixture,0.25,snapshot,20260930,dragon,30,overall,3000,11329.0,855.5063167429518,429.39774027459754,1212.756030701764,357.24971395880925,3736.0
matched_early_mixture,0.25,snapshot,20260930,dragon,30,europe,1500,5578.0,395.55208333333195,198.56250000000034,581.1770833333323,185.62500000000023,1834.0
matched_early_mixture,0.25,snapshot,20260930,dragon,30,americas,1500,5751.0,459.9542334096085,230.83524027460027,631.5789473684218,171.62471395881033,1902.0
matched_early_mixture,0.25,snapshot,20260930,teamfight,30,overall,3000,19795.0,364.4799663855476,182.01017437498103,971.0413427774052,606.5613763918547,6648.0
matched_early_mixture,0.25,snapshot,20260930,teamfight,30,europe,1500,9978.0,155.53146853146916,79.99300699300728,448.9125874125893,293.3811188811201,3351.0
matched_early_mixture,0.25,snapshot,20260930,teamfight,30,americas,1500,9817.0,208.9484978540762,102.01716738197408,522.1287553648112,313.18025751072975,3297.0
matched_early_mixture,0.25,snapshot,20261001,baron,30,overall,3000,3241.0,475.6367944851358,249.22705730288595,997.9190004308484,522.2822059457129,1091.0
matched_early_mixture,0.25,snapshot,20261001,baron,30,europe,1500,1610.0,266.45497630331727,139.77251184834108,510.4644549763026,244.00947867298535,558.0
matched_early_mixture,0.25,snapshot,20261001,baron,30,americas,1500,1631.0,209.18181818181776,109.45454545454554,487.45454545454606,278.27272727272646,533.0
matched_early_mixture,0.25,snapshot,20261001,dragon,30,overall,3000,11329.0,792.1568932932561,429.66797818861943,1211.5762677568005,419.41937446354376,3736.0
matched_early_mixture,0.25,snapshot,20261001,dragon,30,europe,1500,5578.0,414.6295133437969,215.47252747252898,615.1145996860217,200.48508634223066,1834.0
matched_early_mixture,0.25,snapshot,20261001,dragon,30,americas,1500,5751.0,377.52737994945386,214.19545071608962,596.4616680707732,218.93428812131324,1902.0
matched_early_mixture,0.25,snapshot,20261001,teamfight,30,overall,3000,19795.0,429.01104169315613,208.72491128500894,1024.2603943915851,595.2493526984365,6648.0
matched_early_mixture,0.25,snapshot,20261001,teamfight,30,europe,1500,9978.0,196.50210084033657,99.57773109243702,475.8697478991572,279.36764705882365,3351.0
matched_early_mixture,0.25,snapshot,20261001,teamfight,30,americas,1500,9817.0,232.5089408528188,109.14718019257185,548.390646492438,315.88170563961506,3297.0
matched_early_mixture,0.25,snapshot,20261002,baron,30,overall,3000,3241.0,488.4194409327145,262.55176288804614,1025.2751790981881,536.8557381654714,1091.0
matched_early_mixture,0.25,snapshot,20261002,baron,30,europe,1500,1610.0,271.50793650793656,147.12698412698415,521.7619047619057,250.25396825396803,558.0
matched_early_mixture,0.25,snapshot,20261002,baron,30,americas,1500,1631.0,216.91150442477903,115.42477876106207,503.51327433628,286.60176991150456,533.0
matched_early_mixture,0.25,snapshot,20261002,dragon,30,overall,3000,11329.0,886.6409533438376,446.3964585943153,1272.043043063208,385.4020897193718,3736.0
matched_early_mixture,0.25,snapshot,20261002,dragon,30,europe,1500,5578.0,408.0345963756214,204.34266886326128,610.0626029654077,202.02800658978515,1834.0
matched_early_mixture,0.25,snapshot,20261002,dragon,30,americas,1500,5751.0,478.60635696821396,242.05378973105275,661.9804400978036,183.37408312958493,1902.0
matched_early_mixture,0.25,snapshot,20261002,teamfight,30,overall,3000,19795.0,428.94611528822224,203.68139097744395,1007.2565789473612,578.3104636591485,6648.0
matched_early_mixture,0.25,snapshot,20261002,teamfight,30,europe,1500,9978.0,189.1127819548879,93.5563909774436,469.63157894737026,280.51879699248235,3351.0
matched_early_mixture,0.25,snapshot,20261002,teamfight,30,americas,1500,9817.0,239.83333333333292,110.12500000000009,537.6250000000014,297.7916666666666,3297.0
matched_early_mixture,0.5,snapshot,20260930,baron,30,overall,3000,3241.0,731.6599839615069,422.40216519647123,1974.3564554931866,1242.6964715316733,1091.0
matched_early_mixture,0.5,snapshot,20260930,baron,30,europe,1500,1610.0,388.4186046511622,221.48837209302295,957.5116279069729,569.0930232558113,558.0
matched_early_mixture,0.5,snapshot,20260930,baron,30,americas,1500,1631.0,343.241379310345,200.91379310344828,1016.8448275862041,673.6034482758616,533.0
matched_early_mixture,0.5,snapshot,20260930,dragon,30,overall,3000,11329.0,1628.0150750386993,876.8636516589326,2451.040716064348,823.0256410256452,3736.0
matched_early_mixture,0.5,snapshot,20260930,dragon,30,europe,1500,5578.0,780.6581196581235,419.7350427350437,1195.0170940170947,414.3589743589753,1834.0
matched_early_mixture,0.5,snapshot,20260930,dragon,30,americas,1500,5751.0,847.356955380582,457.1286089238835,1256.0236220472534,408.66666666666634,1902.0
matched_early_mixture,0.5,snapshot,20260930,teamfight,30,overall,3000,19795.0,708.1647464557332,360.3415013947817,1916.1977291834237,1208.032982727669,6648.0
matched_early_mixture,0.5,snapshot,20260930,teamfight,30,europe,1500,9978.0,308.28496503496626,160.6311188811186,894.3889860139973,586.1040209790267,3351.0
matched_early_mixture,0.5,snapshot,20260930,teamfight,30,americas,1500,9817.0,399.87978142076463,199.7103825136619,1021.8087431693918,621.9289617486322,3297.0
matched_early_mixture,0.5,snapshot,20261001,baron,30,overall,3000,3241.0,704.1874651292544,398.81335317091265,1915.6456760275207,1211.4582108982702,1091.0
matched_early_mixture,0.5,snapshot,20261001,baron,30,europe,1500,1610.0,373.47368421052647,207.41052631578955,943.1368421052641,569.6631578947375,558.0
matched_early_mixture,0.5,snapshot,20261001,baron,30,americas,1500,1631.0,330.71378091872737,191.40282685512378,972.5088339222623,641.7950530035325,533.0
matched_early_mixture,0.5,snapshot,20261001,dragon,30,overall,3000,11329.0,1537.6199090354946,849.9073849486742,2394.9688620441875,857.3489530087265,3736.0
matched_early_mixture,0.5,snapshot,20261001,dragon,30,europe,1500,5578.0,782.5651491365837,421.5164835164851,1202.0455259026676,419.4803767660926,1834.0
matched_early_mixture,0.5,snapshot,20261001,dragon,30,americas,1500,5751.0,755.0547598989077,428.39090143217925,1192.9233361415463,437.8685762426265,1902.0
matched_early_mixture,0.5,snapshot,20261001,teamfight,30,overall,3000,19795.0,722.867688871816,371.7968532494,1922.594781852017,1199.727092980192,6648.0
matched_early_mixture,0.5,snapshot,20261001,teamfight,30,europe,1500,9978.0,334.58158158158363,179.08708708708747,914.0940940941033,579.5125125125177,3351.0
matched_early_mixture,0.5,snapshot,20261001,teamfight,30,americas,1500,9817.0,388.28610729023546,192.70976616231113,1008.5006877579023,620.214580467675,3297.0
matched_early_mixture,0.5,snapshot,20261002,baron,30,overall,3000,3241.0,724.6135316617074,418.9890692732681,1934.2429919252033,1209.6294602634914,1091.0
matched_early_mixture,0.5,snapshot,20261002,baron,30,europe,1500,1610.0,393.5027624309395,228.6906077348065,961.7845303867385,568.2817679558012,558.0
matched_early_mixture,0.5,snapshot,20261002,baron,30,americas,1500,1631.0,331.1107692307688,190.29846153846128,972.4584615384595,641.3476923076909,533.0
matched_early_mixture,0.5,snapshot,20261002,dragon,30,overall,3000,11329.0,1604.8195424244977,856.6816740674464,2450.4446970771774,845.6251546526711,3736.0
matched_early_mixture,0.5,snapshot,20261002,dragon,30,europe,1500,5578.0,772.532125205937,403.889621087316,1198.2009884678855,425.6688632619456,1834.0
matched_early_mixture,0.5,snapshot,20261002,dragon,30,americas,1500,5751.0,832.2874172185363,452.7920529801302,1252.243708609273,419.95629139072696,1902.0
matched_early_mixture,0.5,snapshot,20261002,teamfight,30,overall,3000,19795.0,725.26842105263,357.44736842105203,1897.874736842121,1172.606315789475,6648.0
matched_early_mixture,0.5,snapshot,20261002,teamfight,30,europe,1500,9978.0,325.8999999999994,169.99999999999997,892.4800000000015,566.5799999999986,3351.0
matched_early_mixture,0.5,snapshot,20261002,teamfight,30,americas,1500,9817.0,399.36842105263145,187.44736842105175,1005.394736842098,606.0263157894708,3297.0
matched_early_mixture,0.75,snapshot,20260930,baron,30,overall,3000,3241.0,898.5294117647064,535.8676470588239,2815.5514705882097,1917.0220588235188,1091.0
matched_early_mixture,0.75,snapshot,20260930,baron,30,europe,1500,1610.0,468.5,283.75,1359.875,891.375,558.0
matched_early_mixture,0.75,snapshot,20260930,baron,30,americas,1500,1631.0,430.02941176470637,252.11764705882385,1455.6764705882288,1025.6470588235318,533.0
matched_early_mixture,0.75,snapshot,20260930,dragon,30,overall,3000,11329.0,2254.964109176874,1250.1387672921794,3593.4819075412893,1338.5177983643782,3736.0
matched_early_mixture,0.75,snapshot,20260930,dragon,30,europe,1500,5578.0,1103.3636363636344,611.3397129186593,1787.5693779904266,684.2057416267928,1834.0
matched_early_mixture,0.75,snapshot,20260930,dragon,30,americas,1500,5751.0,1151.6004728132357,638.7990543735212,1805.9125295508213,654.3120567375872,1902.0
matched_early_mixture,0.75,snapshot,20260930,teamfight,30,overall,3000,19795.0,984.5521227406589,505.870323665404,2791.3189365279627,1806.7668137873177,6648.0
matched_early_mixture,0.75,snapshot,20260930,teamfight,30,europe,1500,9978.0,461.03846153845996,241.26923076923012,1339.8653846154007,878.8269230769297,3351.0
matched_early_mixture,0.75,snapshot,20260930,teamfight,30,americas,1500,9817.0,523.5136612021847,264.6010928961757,1451.4535519125682,927.9398907103881,3297.0
matched_early_mixture,0.75,snapshot,20261001,baron,30,overall,3000,3241.0,893.2406177156181,526.6177738927736,2805.7644230769333,1912.5238053613175,1091.0
matched_early_mixture,0.75,snapshot,20261001,baron,30,europe,1500,1610.0,464.9431818181814,271.76136363636346,1344.6875000000027,879.744318181817,558.0
matched_early_mixture,0.75,snapshot,20261001,baron,30,americas,1500,1631.0,428.2974358974358,254.8564102564102,1461.07692307693,1032.7794871794906,533.0
matched_early_mixture,0.75,snapshot,20261001,dragon,30,overall,3000,11329.0,2211.4773533024345,1249.2926910874776,3559.678665273136,1348.2013119706746,3736.0
matched_early_mixture,0.75,snapshot,20261001,dragon,30,europe,1500,5578.0,1078.895213454073,606.7063389391967,1770.293661060798,691.3984476067253,1834.0
matched_early_mixture,0.75,snapshot,20261001,dragon,30,americas,1500,5751.0,1132.5821398483727,642.5863521482788,1789.385004212319,656.8028643639481,1902.0
matched_early_mixture,0.75,snapshot,20261001,teamfight,30,overall,3000,19795.0,995.6656656656629,520.7957957957942,2820.633133133182,1824.967467467487,6648.0
matched_early_mixture,0.75,snapshot,20261001,teamfight,30,europe,1500,9978.0,460.33233233233364,248.90690690690712,1355.9109109109172,895.5785785785826,3351.0
matched_early_mixture,0.75,snapshot,20261001,teamfight,30,americas,1500,9817.0,535.3333333333298,271.8888888888876,1464.7222222222274,929.388888888879,3297.0
matched_early_mixture,0.75,snapshot,20261002,baron,30,overall,3000,3241.0,895.9105546476965,528.2680957416126,2810.6960972796437,1914.7855426319315,1091.0
matched_early_mixture,0.75,snapshot,20261002,baron,30,europe,1500,1610.0,468.64356435643566,277.3069306930693,1366.0990099009846,897.4554455445511,558.0
matched_early_mixture,0.75,snapshot,20261002,baron,30,americas,1500,1631.0,427.2669902912617,250.96116504854376,1444.5970873786428,1017.3300970873754,533.0
matched_early_mixture,0.75,snapshot,20261002,dragon,30,overall,3000,11329.0,2286.962844561565,1286.889622412538,3644.8850872022294,1357.9222426406852,3736.0
matched_early_mixture,0.75,snapshot,20261002,dragon,30,europe,1500,5578.0,1113.4502617801043,626.4816753926706,1809.5287958115298,696.0785340314143,1834.0
matched_early_mixture,0.75,snapshot,20261002,dragon,30,americas,1500,5751.0,1173.5125827814545,660.407947019866,1835.356291390724,661.8437086092699,1902.0
matched_early_mixture,0.75,snapshot,20261002,teamfight,30,overall,3000,19795.0,978.911796733208,502.8874773139738,2748.70323049005,1769.7914337568122,6648.0
matched_early_mixture,0.75,snapshot,20261002,teamfight,30,europe,1500,9978.0,458.39999999999856,245.00000000000028,1311.4800000000087,853.0800000000019,3351.0
matched_early_mixture,0.75,snapshot,20261002,teamfight,30,americas,1500,9817.0,520.5117967332131,257.887477313975,1437.2232304900078,916.7114337567969,3297.0
matched_early_mixture,1.0,snapshot,20260930,baron,30,overall,3000,3241.0,1028.9573192396497,625.0102371646827,3615.7279934268927,2586.770674187248,1091.0
matched_early_mixture,1.0,snapshot,20260930,baron,30,europe,1500,1610.0,530.5150115473446,325.80831408775987,1756.8914549653641,1226.3764434180137,558.0
matched_early_mixture,1.0,snapshot,20260930,baron,30,americas,1500,1631.0,498.4423076923075,299.201923076923,1858.8365384615354,1360.3942307692284,533.0
matched_early_mixture,1.0,snapshot,20260930,dragon,30,overall,3000,11329.0,2813.243274668359,1624.103324348609,4710.7639131124,1897.5206384440569,3736.0
matched_early_mixture,1.0,snapshot,20260930,dragon,30,europe,1500,5578.0,1381.4393530997293,796.4366576819428,2363.2345013477116,981.7951482479828,1834.0
matched_early_mixture,1.0,snapshot,20260930,dragon,30,americas,1500,5751.0,1431.8039215686317,827.6666666666688,2347.529411764707,915.7254901960816,1902.0
matched_early_mixture,1.0,snapshot,20260930,teamfight,30,overall,3000,19795.0,1229.3047316190532,638.0637096332028,3665.0314710236376,2435.7267394045634,6648.0
matched_early_mixture,1.0,snapshot,20260930,teamfight,30,europe,1500,9978.0,582.1571906354535,308.5719063545153,1783.9331103678865,1201.7759197324435,3351.0
matched_early_mixture,1.0,snapshot,20260930,teamfight,30,americas,1500,9817.0,647.1475409836034,329.49180327868856,1881.0983606557209,1233.9508196721213,3297.0
matched_early_mixture,1.0,snapshot,20261001,baron,30,overall,3000,3241.0,1023.652319656745,615.2674532940025,3646.8066505765587,2623.1543309198128,1091.0
matched_early_mixture,1.0,snapshot,20261001,baron,30,europe,1500,1610.0,526.3484848484844,317.7777777777777,1752.2727272727338,1225.924242424243,558.0
matched_early_mixture,1.0,snapshot,20261001,baron,30,americas,1500,1631.0,497.3038348082607,297.4896755162248,1894.533923303823,1397.2300884955719,533.0
matched_early_mixture,1.0,snapshot,20261001,dragon,30,overall,3000,11329.0,2784.0094260939,1618.11189078569,4676.921799872747,1892.9123737789023,3736.0
matched_early_mixture,1.0,snapshot,20261001,dragon,30,europe,1500,5578.0,1368.9987063389365,790.0827943078975,2336.917205692088,967.918499353178,1834.0
matched_early_mixture,1.0,snapshot,20261001,dragon,30,americas,1500,5751.0,1415.0107197549842,828.0290964777931,2340.004594180725,924.9938744257246,1902.0
matched_early_mixture,1.0,snapshot,20261001,teamfight,30,overall,3000,19795.0,1237.2700749530056,654.1318757782155,3704.777185722354,2467.5071107693357,6648.0
matched_early_mixture,1.0,snapshot,20261001,teamfight,30,europe,1500,9978.0,586.0830830830836,318.726726726727,1797.7277277277296,1211.6446446446462,3351.0
matched_early_mixture,1.0,snapshot,20261001,teamfight,30,americas,1500,9817.0,651.1869918699159,335.4051490514907,1907.0494579945946,1255.8624661246613,3297.0
matched_early_mixture,1.0,snapshot,20261002,baron,30,overall,3000,3241.0,1028.4504417151463,623.4338504632618,3635.974789916004,2607.5243482008336,1091.0
matched_early_mixture,1.0,snapshot,20261002,baron,30,europe,1500,1610.0,532.9705882352944,326.67194570135763,1756.886877828046,1223.9162895927554,558.0
matched_early_mixture,1.0,snapshot,20261002,baron,30,americas,1500,1631.0,495.4798534798534,296.7619047619048,1879.0879120879206,1383.6080586080614,533.0
matched_early_mixture,1.0,snapshot,20261002,dragon,30,overall,3000,11329.0,2819.642132819776,1637.1486624740444,4740.575467156093,1920.9333343363496,3736.0
matched_early_mixture,1.0,snapshot,20261002,dragon,30,europe,1500,5578.0,1380.773869346742,797.2085427135708,2366.7311557789003,985.9572864321665,1834.0
matched_early_mixture,1.0,snapshot,20261002,dragon,30,americas,1500,5751.0,1438.8682634730465,839.9401197604811,2373.8443113772287,934.9760479041951,1902.0
matched_early_mixture,1.0,snapshot,20261002,teamfight,30,overall,3000,19795.0,1219.5725277856986,639.2036192647475,3636.0351952123337,2416.46266742663,6648.0
matched_early_mixture,1.0,snapshot,20261002,teamfight,30,europe,1500,9978.0,577.9173553718991,310.8760330578512,1766.983471074369,1189.0661157024724,3351.0
matched_early_mixture,1.0,snapshot,20261002,teamfight,30,americas,1500,9817.0,641.6551724137936,328.3275862068954,1869.0517241379505,1227.396551724147,3297.0
matched_early_mixture,0.25,snapshot,20260930,baron,60,overall,3000,3241.0,466.9945137770136,216.08836506673552,978.4849322956078,511.4904185185889,2152.0
matched_early_mixture,0.25,snapshot,20260930,baron,60,europe,1500,1610.0,268.0348258706469,107.5870646766165,474.50248756218525,206.46766169154213,1048.0
matched_early_mixture,0.25,snapshot,20260930,baron,60,americas,1500,1631.0,198.9596879063734,108.50130039011638,503.98244473342044,305.0227568270487,1104.0
matched_early_mixture,0.25,snapshot,20260930,dragon,60,overall,3000,11329.0,1019.0043499431538,604.3395899826743,1362.171732163884,343.167382220718,7555.0
matched_early_mixture,0.25,snapshot,20260930,dragon,60,europe,1500,5578.0,507.58655804480367,303.2077393075349,681.720977596747,174.13441955193414,3749.0
matched_early_mixture,0.25,snapshot,20260930,dragon,60,americas,1500,5751.0,511.4177918983245,301.131850675136,680.45075456711,169.03296266878405,3806.0
matched_early_mixture,0.25,snapshot,20260930,teamfight,60,overall,3000,19795.0,509.88812222589087,267.6253842485621,1043.083221451895,533.1950992260008,13137.0
matched_early_mixture,0.25,snapshot,20260930,teamfight,60,europe,1500,9978.0,231.920600858371,132.93991416309007,496.67381974249156,264.7532188841218,6630.0
matched_early_mixture,0.25,snapshot,20260930,teamfight,60,americas,1500,9817.0,277.9675213675208,134.6854700854695,546.4094017093976,268.44188034188016,6507.0
matched_early_mixture,0.25,snapshot,20261001,baron,60,overall,3000,3241.0,481.5417277614943,215.11390365347057,979.5485092864158,498.00678152493145,2152.0
matched_early_mixture,0.25,snapshot,20261001,baron,60,europe,1500,1610.0,274.86559139785214,106.18279569892472,472.4462365591452,197.58064516129116,1048.0
matched_early_mixture,0.25,snapshot,20261001,baron,60,americas,1500,1631.0,206.67613636363626,108.93110795454619,507.1022727272763,300.4261363636375,1104.0
matched_early_mixture,0.25,snapshot,20261001,dragon,60,overall,3000,11329.0,1027.5035132934959,604.9634021126552,1364.355822732981,336.85230943947977,7555.0
matched_early_mixture,0.25,snapshot,20261001,dragon,60,europe,1500,5578.0,514.2405063291054,305.8544303797419,686.8670886075955,172.6265822784793,3749.0
matched_early_mixture,0.25,snapshot,20261001,dragon,60,americas,1500,5751.0,513.2630069643633,299.10897173289646,677.4887341253636,164.22572716099822,3806.0
matched_early_mixture,0.25,snapshot,20261001,teamfight,60,overall,3000,19795.0,499.3321155074959,260.34071854548506,1029.824884792624,530.4927692851348,13137.0
matched_early_mixture,0.25,snapshot,20261001,teamfight,60,europe,1500,9978.0,239.32637571157656,129.98102466793105,495.9677419354877,256.6413662239105,6630.0
matched_early_mixture,0.25,snapshot,20261001,teamfight,60,americas,1500,9817.0,260.00573979591985,130.35969387755068,533.8571428571418,273.8514030612252,6507.0
matched_early_mixture,0.25,snapshot,20261002,baron,60,overall,3000,3241.0,469.54897454358405,221.47458972513076,991.0561001273715,521.5071255838051,2152.0
matched_early_mixture,0.25,snapshot,20261002,baron,60,europe,1500,1610.0,269.7649572649604,116.45299145299144,503.20512820513545,233.44017094017252,1048.0
matched_early_mixture,0.25,snapshot,20261002,baron,60,americas,1500,1631.0,199.78401727861822,105.02159827213907,487.8509719222505,288.06695464362997,1104.0
matched_early_mixture,0.25,snapshot,20261002,dragon,60,overall,3000,11329.0,1015.7925970844484,603.8682930694142,1362.7699836669124,346.9773865824839,7555.0
matched_early_mixture,0.25,snapshot,20261002,dragon,60,europe,1500,5578.0,499.371130030968,303.3088235294157,682.0820433436594,182.71091331269494,3749.0
matched_early_mixture,0.25,snapshot,20261002,dragon,60,americas,1500,5751.0,516.4214670534584,300.55946953999126,680.6879403232538,164.26647326978826,3806.0
matched_early_mixture,0.25,snapshot,20261002,teamfight,60,overall,3000,19795.0,536.5056491900234,264.923949498719,1074.4232738510643,537.9176246610399,13137.0
matched_early_mixture,0.25,snapshot,20261002,teamfight,60,europe,1500,9978.0,227.86058746163692,130.3704515563353,491.23191582638526,263.37132836474944,6630.0
matched_early_mixture,0.25,snapshot,20261002,teamfight,60,americas,1500,9817.0,308.6450617283944,134.55349794238748,583.1913580246886,274.54629629629693,6507.0
matched_early_mixture,0.5,snapshot,20260930,baron,60,overall,3000,3241.0,896.0391674794107,430.5807257802361,1962.8815561335118,1066.8423886541002,2152.0
matched_early_mixture,0.5,snapshot,20260930,baron,60,europe,1500,1610.0,498.1197916666649,213.57812500000045,954.9166666666698,456.79687499999955,1048.0
matched_early_mixture,0.5,snapshot,20260930,baron,60,americas,1500,1631.0,397.9193758127468,217.00260078023277,1007.9648894668406,610.045513654097,1104.0
matched_early_mixture,0.5,snapshot,20260930,dragon,60,overall,3000,11329.0,2038.0086998863076,1208.6791799653486,2724.343464327768,686.334764441436,7555.0
matched_early_mixture,0.5,snapshot,20260930,dragon,60,europe,1500,5578.0,1015.1731160896073,606.4154786150698,1363.441955193494,348.2688391038683,3749.0
matched_early_mixture,0.5,snapshot,20260930,dragon,60,americas,1500,5751.0,1022.8355837966491,602.263701350272,1360.90150913422,338.06592533756816,3806.0
matched_early_mixture,0.5,snapshot,20260930,teamfight,60,overall,3000,19795.0,1010.3984666740021,534.5396573860111,2081.7442206815927,1071.3457540075576,13137.0
matched_early_mixture,0.5,snapshot,20260930,teamfight,60,europe,1500,9978.0,463.841201716742,265.87982832618013,993.3476394849831,529.5064377682436,6630.0
matched_early_mixture,0.5,snapshot,20260930,teamfight,60,americas,1500,9817.0,546.5572649572607,268.6598290598299,1088.396581196575,541.839316239313,6507.0
matched_early_mixture,0.5,snapshot,20261001,baron,60,overall,3000,3241.0,908.6079118250212,428.19304297675865,1969.4752221462768,1060.8673103212589,2152.0
matched_early_mixture,0.5,snapshot,20261001,baron,60,europe,1500,1610.0,495.2556390977426,210.33082706766973,955.2706766917235,460.01503759398423,1048.0
matched_early_mixture,0.5,snapshot,20261001,baron,60,americas,1500,1631.0,413.3522727272725,217.86221590909238,1014.2045454545525,600.852272727275,1104.0
matched_early_mixture,0.5,snapshot,20261001,dragon,60,overall,3000,11329.0,2055.007026586993,1209.9268042253123,2728.711645465963,673.7046188789609,7555.0
matched_early_mixture,0.5,snapshot,20261001,dragon,60,europe,1500,5578.0,1028.4810126582142,611.7088607594867,1373.7341772151933,345.2531645569607,3749.0
matched_early_mixture,0.5,snapshot,20261001,dragon,60,americas,1500,5751.0,1026.5260139287266,598.2179434657929,1354.9774682507273,328.45145432199644,3806.0
matched_early_mixture,0.5,snapshot,20261001,teamfight,60,overall,3000,19795.0,1000.0583636680471,521.3804166828021,2061.5069124423962,1061.4485487743468,13137.0
matched_early_mixture,0.5,snapshot,20261001,teamfight,60,europe,1500,9978.0,478.6527514231531,259.9620493358621,991.9354838709754,513.282732447821,6630.0
matched_early_mixture,0.5,snapshot,20261001,teamfight,60,americas,1500,9817.0,521.4056122448936,261.41836734694016,1069.57142857142,548.165816326527,6507.0
matched_early_mixture,0.5,snapshot,20261002,baron,60,overall,3000,3241.0,923.0295730187806,439.784735005814,1972.2004053829717,1049.1708323641824,2152.0
matched_early_mixture,0.5,snapshot,20261002,baron,60,europe,1500,1610.0,523.4615384615372,229.7415384615378,996.4984615384577,473.03692307692097,1048.0
matched_early_mixture,0.5,snapshot,20261002,baron,60,americas,1500,1631.0,399.56803455723644,210.04319654427815,975.701943844501,576.1339092872599,1104.0
matched_early_mixture,0.5,snapshot,20261002,dragon,60,overall,3000,11329.0,2031.5851941688968,1207.7365861388284,2725.5399673338247,693.9547731649678,7555.0
matched_early_mixture,0.5,snapshot,20261002,dragon,60,europe,1500,5578.0,998.742260061936,606.6176470588314,1364.1640866873188,365.4218266253899,3749.0
matched_early_mixture,0.5,snapshot,20261002,dragon,60,americas,1500,5751.0,1032.8429341069168,601.1189390799825,1361.3758806465075,328.5329465395765,3806.0
matched_early_mixture,0.5,snapshot,20261002,teamfight,60,overall,3000,19795.0,1027.097718133151,533.4116850056711,2095.7477822700343,1068.6500641369057,13137.0
matched_early_mixture,0.5,snapshot,20261002,teamfight,60,europe,1500,9978.0,455.72117492327385,260.7409031126706,982.4638316527706,526.742656729499,6630.0
matched_early_mixture,0.5,snapshot,20261002,teamfight,60,americas,1500,9817.0,571.3765432098826,272.67078189300383,1113.2839506172934,541.9074074074114,6507.0
matched_early_mixture,0.75,snapshot,20260930,baron,60,overall,3000,3241.0,1266.2228137191064,642.5976511703539,2956.447334200243,1690.2245204811336,2152.0
matched_early_mixture,0.75,snapshot,20260930,baron,60,europe,1500,1610.0,669.34375,317.09375,1444.5,775.15625,1048.0
matched_early_mixture,0.75,snapshot,20260930,baron,60,americas,1500,1631.0,596.8790637191205,325.50390117035346,1511.947334200248,915.0682704811508,1104.0
matched_early_mixture,0.75,snapshot,20260930,dragon,60,overall,3000,11329.0,3057.0130498295316,1813.018769948096,4086.515196491688,1029.5021466621654,7555.0
matched_early_mixture,0.75,snapshot,20260930,dragon,60,europe,1500,5578.0,1522.7596741344498,909.6232179226234,2045.162932790249,522.4032586558038,3749.0
matched_early_mixture,0.75,snapshot,20260930,dragon,60,americas,1500,5751.0,1534.2533756949988,903.3955520254035,2041.352263701357,507.09888800634974,3806.0
matched_early_mixture,0.75,snapshot,20260930,teamfight,60,overall,3000,19795.0,1510.9088111220867,801.4539305234514,3120.4052199111893,1609.4964087890874,13137.0
matched_early_mixture,0.75,snapshot,20260930,teamfight,60,europe,1500,9978.0,695.7618025751042,398.81974248926724,1490.0214592274551,794.2596566523576,6630.0
matched_early_mixture,0.75,snapshot,20260930,teamfight,60,americas,1500,9817.0,815.147008546999,402.63418803418574,1630.3837606837399,815.2367521367443,6507.0
matched_early_mixture,0.75,snapshot,20261001,baron,60,overall,3000,3241.0,1281.5251411170525,638.714892491085,2959.79374628638,1678.2686051693413,2152.0
matched_early_mixture,0.75,snapshot,20261001,baron,60,europe,1500,1610.0,661.4967320261444,311.9215686274506,1438.4869281045828,776.9901960784334,1048.0
matched_early_mixture,0.75,snapshot,20261001,baron,60,americas,1500,1631.0,620.0284090909072,326.7933238636379,1521.306818181812,901.2784090909043,1104.0
matched_early_mixture,0.75,snapshot,20261001,dragon,60,overall,3000,11329.0,3082.510539880466,1814.8902063379367,4093.0674681989144,1010.5569283184468,7555.0
matched_early_mixture,0.75,snapshot,20261001,dragon,60,europe,1500,5578.0,1542.7215189873548,917.5632911392469,2060.601265822785,517.8797468354392,3749.0
matched_early_mixture,0.75,snapshot,20261001,dragon,60,americas,1500,5751.0,1539.7890208930519,897.326915198687,2032.466202376054,492.67718148300025,3806.0
matched_early_mixture,0.75,snapshot,20261001,teamfight,60,overall,3000,19795.0,1500.784611828593,782.4201148201155,3093.1889400921164,1592.4043282635564,13137.0
matched_early_mixture,0.75,snapshot,20261001,teamfight,60,europe,1500,9978.0,717.9791271347261,389.943074003794,1487.9032258064635,769.9240986717275,6630.0
matched_early_mixture,0.75,snapshot,20261001,teamfight,60,americas,1500,9817.0,782.8054846938658,392.47704081632327,1605.2857142856901,822.4802295918269,6507.0
matched_early_mixture,0.75,snapshot,20261002,baron,60,overall,3000,3241.0,1267.044359528163,636.5371025087262,2885.820608074416,1618.7762485462715,2152.0
matched_early_mixture,0.75,snapshot,20261002,baron,60,europe,1500,1610.0,667.6923076923098,321.47230769230873,1422.2676923076863,754.5753846153881,1048.0
matched_early_mixture,0.75,snapshot,20261002,baron,60,americas,1500,1631.0,599.3520518358575,315.0647948164167,1463.552915766749,864.2008639308908,1104.0
matched_early_mixture,0.75,snapshot,20261002,dragon,60,overall,3000,11329.0,3047.37779125327,1811.6048792082072,4088.3099510007405,1040.9321597474677,7555.0
matched_early_mixture,0.75,snapshot,20261002,dragon,60,europe,1500,5578.0,1498.1133900928776,909.9264705882492,2046.24613003095,548.1327399380853,3749.0
matched_early_mixture,0.75,snapshot,20261002,dragon,60,americas,1500,5751.0,1549.264401160413,901.6784086199926,2042.0638209697793,492.79941980936474,3806.0
matched_early_mixture,0.75,snapshot,20261002,teamfight,60,overall,3000,19795.0,1515.1820873239794,801.0187470329294,3115.2124006067124,1600.0303132827123,13137.0
matched_early_mixture,0.75,snapshot,20261002,teamfight,60,europe,1500,9978.0,683.5817623849146,391.11135466900475,1473.6957474791673,790.1139850942515,6630.0
matched_early_mixture,0.75,snapshot,20261002,teamfight,60,americas,1500,9817.0,831.6003249390685,409.907392363933,1641.5166531275345,809.9163281884586,6507.0
matched_early_mixture,1.0,snapshot,20260930,baron,60,overall,3000,3241.0,1609.730317890547,842.387731680955,3901.2400198975793,2291.509702007002,2152.0
matched_early_mixture,1.0,snapshot,20260930,baron,60,europe,1500,1610.0,813.8915662650592,408.38253012048176,1885.310240963866,1071.4186746987937,1048.0
matched_early_mixture,1.0,snapshot,20260930,baron,60,americas,1500,1631.0,795.8387516254936,434.00520156046554,2015.9297789336813,1220.091027308194,1104.0
matched_early_mixture,1.0,snapshot,20260930,dragon,60,overall,3000,11329.0,4076.017399772615,2417.358359930697,5448.686928655536,1372.669528882872,7555.0
matched_early_mixture,1.0,snapshot,20260930,dragon,60,europe,1500,5578.0,2030.3462321792147,1212.8309572301396,2726.883910386988,696.5376782077366,3749.0
matched_early_mixture,1.0,snapshot,20260930,dragon,60,americas,1500,5751.0,2045.6711675932982,1204.527402700544,2721.80301826844,676.1318506751363,3806.0
matched_early_mixture,1.0,snapshot,20260930,teamfight,60,overall,3000,19795.0,1944.2125801590555,1055.6529544182856,4111.884675435443,2167.6720952763926,13137.0
matched_early_mixture,1.0,snapshot,20260930,teamfight,60,europe,1500,9978.0,927.682403433484,531.7596566523603,1986.6952789699662,1059.0128755364872,6630.0
matched_early_mixture,1.0,snapshot,20260930,teamfight,60,americas,1500,9817.0,1016.5301767255687,523.8932977659226,2125.1893964654873,1108.6592197399082,6507.0
matched_early_mixture,1.0,snapshot,20261001,baron,60,overall,3000,3241.0,1609.887060542777,839.3138024497524,3873.5021747609817,2263.6151142181593,2152.0
matched_early_mixture,1.0,snapshot,20261001,baron,60,europe,1500,1610.0,805.2266244057043,409.67828843106116,1852.8541996830395,1047.6275752773354,1048.0
matched_early_mixture,1.0,snapshot,20261001,baron,60,americas,1500,1631.0,804.660436137071,429.6355140186916,2020.6479750778892,1215.9875389408096,1104.0
matched_early_mixture,1.0,snapshot,20261001,dragon,60,overall,3000,11329.0,4110.014053173986,2419.8536084506245,5457.423290931926,1347.4092377579218,7555.0
matched_early_mixture,1.0,snapshot,20261001,dragon,60,europe,1500,5578.0,2056.9620253164285,1223.4177215189734,2747.4683544303866,690.5063291139214,3749.0
matched_early_mixture,1.0,snapshot,20261001,dragon,60,americas,1500,5751.0,2053.052027857453,1196.4358869315859,2709.9549365014545,656.9029086439929,3806.0
matched_early_mixture,1.0,snapshot,20261001,teamfight,60,overall,3000,19795.0,2001.51085998916,1043.459812957445,4124.870967742001,2123.360107752785,13137.0
matched_early_mixture,1.0,snapshot,20261001,teamfight,60,europe,1500,9978.0,957.3055028463062,519.9240986717242,1983.8709677419508,1026.565464895642,6630.0
matched_early_mixture,1.0,snapshot,20261001,teamfight,60,americas,1500,9817.0,1044.205357142855,523.5357142857173,2140.999999999985,1096.7946428571413,6507.0
matched_early_mixture,1.0,snapshot,20261002,baron,60,overall,3000,3241.0,1595.4968190990842,834.4848650682391,3819.8734480281328,2224.3766289290866,2152.0
matched_early_mixture,1.0,snapshot,20261002,baron,60,europe,1500,1610.0,814.1124260355052,415.9704142011828,1859.5266272189456,1045.4142011834365,1048.0
matched_early_mixture,1.0,snapshot,20261002,baron,60,americas,1500,1631.0,781.3843930635867,418.51445086705274,1960.3468208092368,1178.9624277456658,1104.0
matched_early_mixture,1.0,snapshot,20261002,dragon,60,overall,3000,11329.0,4063.1703883377936,2415.473172277657,5451.0799346676495,1387.9095463299357,7555.0
matched_early_mixture,1.0,snapshot,20261002,dragon,60,europe,1500,5578.0,1997.484520123872,1213.2352941176628,2728.3281733746376,730.8436532507798,3749.0
matched_early_mixture,1.0,snapshot,20261002,dragon,60,americas,1500,5751.0,2065.6858682138336,1202.237878159965,2722.751761293015,657.065893079153,3806.0
matched_early_mixture,1.0,snapshot,20261002,teamfight,60,overall,3000,19795.0,1933.4366634127155,1044.102439856522,4082.886233573564,2149.4495701608344,13137.0
matched_early_mixture,1.0,snapshot,20261002,teamfight,60,europe,1500,9978.0,911.4423498465477,521.4818062253412,1964.927663305541,1053.4853134589978,6630.0
matched_early_mixture,1.0,snapshot,20261002,teamfight,60,americas,1500,9817.0,1021.9943135662077,522.620633631195,2117.958570268045,1095.964256701866,6507.0
matched_early_mixture,0.25,current_only,20260930,baron,30,overall,3000,3241.0,514.2476111571395,271.6771057718864,1051.5653134493234,537.3177022921857,1091.0
matched_early_mixture,0.25,current_only,20260930,baron,30,europe,1500,1610.0,283.4823529411764,143.44705882352946,538.8235294117651,255.34117647058804,558.0
matched_early_mixture,0.25,current_only,20260930,baron,30,americas,1500,1631.0,230.76525821596272,128.23004694835691,512.7417840375599,281.97652582159697,533.0
matched_early_mixture,0.25,current_only,20260930,dragon,30,overall,3000,11329.0,831.7756611232095,445.21878407852114,1237.3781693020444,405.6025081788475,3736.0
matched_early_mixture,0.25,current_only,20260930,dragon,30,europe,1500,5578.0,381.4408396946601,208.61164122137558,604.0076335877858,222.5667938931312,1834.0
matched_early_mixture,0.25,current_only,20260930,dragon,30,americas,1500,5751.0,450.33482142857474,236.60714285714343,633.3705357142851,183.0357142857143,1902.0
matched_early_mixture,0.25,current_only,20260930,teamfight,30,overall,3000,19795.0,425.3243852231007,200.0435072883052,1005.4556581729174,580.1312729498179,6648.0
matched_early_mixture,0.25,current_only,20260930,teamfight,30,europe,1500,9978.0,177.84090909090824,93.18181818181802,459.0909090909062,281.2499999999986,3351.0
matched_early_mixture,0.25,current_only,20260930,teamfight,30,americas,1500,9817.0,247.48347613219212,106.86168910648679,546.3647490820094,298.8812729498186,3297.0
matched_early_mixture,0.25,current_only,20261001,baron,30,overall,3000,3241.0,516.8949075314924,277.60895202358614,1057.937764674347,541.042857142856,1091.0
matched_early_mixture,0.25,current_only,20261001,baron,30,europe,1500,1610.0,276.57073170731724,144.2682926829269,537.970731707317,261.4000000000002,558.0
matched_early_mixture,0.25,current_only,20261001,baron,30,americas,1500,1631.0,240.32417582417597,133.34065934065913,519.9670329670308,279.64285714285705,533.0
matched_early_mixture,0.25,current_only,20261001,dragon,30,overall,3000,11329.0,836.9610889832406,445.8178316628045,1200.0514290716428,363.0903400884161,3736.0
matched_early_mixture,0.25,current_only,20261001,dragon,30,europe,1500,5578.0,412.0967741935505,215.3225806451622,583.8709677419349,171.77419354838761,1834.0
matched_early_mixture,0.25,current_only,20261001,dragon,30,americas,1500,5751.0,424.86431478969206,230.49525101763797,616.1804613297226,191.31614654002644,1902.0
matched_early_mixture,0.25,current_only,20261001,teamfight,30,overall,3000,19795.0,415.5906573790534,196.36453358297788,972.9092553512221,557.3185979721704,6648.0
matched_early_mixture,0.25,current_only,20261001,teamfight,30,europe,1500,9978.0,178.79439252336437,90.42056074766349,446.1028037383209,267.30841121495337,3351.0
matched_early_mixture,0.25,current_only,20261001,teamfight,30,americas,1500,9817.0,236.79626485568855,105.94397283531393,526.8064516129019,290.01018675721645,3297.0
matched_early_mixture,0.25,current_only,20261002,baron,30,overall,3000,3241.0,521.5272938443661,276.4332171893149,1080.952380952374,559.4250871080119,1091.0
matched_early_mixture,0.25,current_only,20261002,baron,30,europe,1500,1610.0,283.7142857142859,146.57142857142858,556.2857142857143,272.5714285714288,558.0
matched_early_mixture,0.25,current_only,20261002,baron,30,americas,1500,1631.0,237.81300813008158,129.86178861788628,524.666666666664,286.85365853658544,533.0
matched_early_mixture,0.25,current_only,20261002,dragon,30,overall,3000,11329.0,818.652257894596,441.6589891422052,1228.103602680807,409.45134478621026,3736.0
matched_early_mixture,0.25,current_only,20261002,dragon,30,europe,1500,5578.0,377.8723404255363,211.27659574468203,604.7872340425597,226.91489361702259,1834.0
matched_early_mixture,0.25,current_only,20261002,dragon,30,americas,1500,5751.0,440.77991746904576,230.38239339752198,623.3163686382388,182.53645116918767,1902.0
matched_early_mixture,0.25,current_only,20261002,teamfight,30,overall,3000,19795.0,434.2864791665068,211.3728581380965,1004.7104758475521,570.4239966810475,6648.0
matched_early_mixture,0.25,current_only,20261002,teamfight,30,europe,1500,9978.0,194.4789081885856,105.14888337468982,479.2183622828825,284.7394540942935,3351.0
matched_early_mixture,0.25,current_only,20261002,teamfight,30,americas,1500,9817.0,239.80757097791735,106.22397476340684,525.4921135646708,285.6845425867505,3297.0
matched_early_mixture,0.5,current_only,20260930,baron,30,overall,3000,3241.0,728.6850535950887,417.3214099321515,1951.6790316753115,1222.9939780802224,1091.0
matched_early_mixture,0.5,current_only,20260930,baron,30,europe,1500,1610.0,397.728531855955,221.94459833794988,976.9833795013884,579.2548476454286,558.0
matched_early_mixture,0.5,current_only,20260930,baron,30,americas,1500,1631.0,330.9565217391293,195.3768115942027,974.6956521739191,643.7391304347832,533.0
matched_early_mixture,0.5,current_only,20260930,dragon,30,overall,3000,11329.0,1639.455086591498,884.4365788416405,2461.4196993084747,821.9646127170074,3736.0
matched_early_mixture,0.5,current_only,20260930,dragon,30,europe,1500,5578.0,762.8816793893202,417.22328244275116,1208.0152671755716,445.1335877862624,1834.0
matched_early_mixture,0.5,current_only,20260930,dragon,30,americas,1500,5751.0,876.5734072022095,467.213296398892,1253.4044321329502,376.83102493074796,1902.0
matched_early_mixture,0.5,current_only,20260930,teamfight,30,overall,3000,19795.0,741.915872530164,365.19264731596365,1906.2107066358003,1164.294834105622,6648.0
matched_early_mixture,0.5,current_only,20260930,teamfight,30,europe,1500,9978.0,347.55357142857065,181.67857142857156,921.5044642857162,573.9508928571413,3351.0
matched_early_mixture,0.5,current_only,20260930,teamfight,30,americas,1500,9817.0,394.3623011015903,183.51407588739363,984.7062423500649,590.3439412484697,3297.0
matched_early_mixture,0.5,current_only,20261001,baron,30,overall,3000,3241.0,744.3525581395348,428.1079069767446,1953.1962790697717,1208.8437209302335,1091.0
matched_early_mixture,0.5,current_only,20261001,baron,30,europe,1500,1610.0,398.2325581395351,227.62790697674407,976.1162790697664,577.8837209302328,558.0
matched_early_mixture,0.5,current_only,20261001,baron,30,americas,1500,1631.0,346.1200000000002,200.48000000000002,977.0800000000013,630.9600000000008,533.0
matched_early_mixture,0.5,current_only,20261001,dragon,30,overall,3000,11329.0,1604.014435011793,873.9906095804321,2395.8642955652917,791.8498605534936,3736.0
matched_early_mixture,0.5,current_only,20261001,dragon,30,europe,1500,5578.0,756.790554414779,413.88911704311994,1164.3747433264762,407.58418891170385,1834.0
matched_early_mixture,0.5,current_only,20261001,dragon,30,americas,1500,5751.0,847.2238805970176,460.1014925373141,1231.4895522388115,384.26567164179147,1902.0
matched_early_mixture,0.5,current_only,20261001,teamfight,30,overall,3000,19795.0,725.440243343333,359.05247875665407,1888.4968378346348,1163.0565944912876,6648.0
matched_early_mixture,0.5,current_only,20261001,teamfight,30,europe,1500,9978.0,333.2959309494457,172.88779284833535,914.1097410604181,580.8138101109744,3351.0
matched_early_mixture,0.5,current_only,20261001,teamfight,30,americas,1500,9817.0,392.1443123938862,186.16468590831894,974.3870967741984,582.2427843803042,3297.0
matched_early_mixture,0.5,current_only,20261002,baron,30,overall,3000,3241.0,750.8514860567504,434.35772382583195,1996.247217465761,1245.395731409003,1091.0
matched_early_mixture,0.5,current_only,20261002,baron,30,europe,1500,1610.0,393.890625,227.203125,988.671875,594.78125,558.0
matched_early_mixture,0.5,current_only,20261002,baron,30,americas,1500,1631.0,356.9608610567516,207.1545988258315,1007.5753424657487,650.6144814090009,533.0
matched_early_mixture,0.5,current_only,20261002,dragon,30,overall,3000,11329.0,1628.2646258304637,882.4747870877254,2454.452047177288,826.1874213468445,3736.0
matched_early_mixture,0.5,current_only,20261002,dragon,30,europe,1500,5578.0,755.7446808510726,422.55319148936405,1209.5744680851194,453.82978723404517,1834.0
matched_early_mixture,0.5,current_only,20261002,dragon,30,americas,1500,5751.0,872.5199449793795,459.92159559835363,1244.8775790921761,372.357634112794,1902.0
matched_early_mixture,0.5,current_only,20261002,teamfight,30,overall,3000,19795.0,743.6404676039924,379.9355808050062,1943.3430182564023,1199.702550652405,6648.0
matched_early_mixture,0.5,current_only,20261002,teamfight,30,europe,1500,9978.0,347.40735502121566,187.1117397454035,945.4370579915035,598.0297029702924,3351.0
matched_early_mixture,0.5,current_only,20261002,teamfight,30,americas,1500,9817.0,396.2331125827831,192.82384105960287,997.9059602648938,601.6728476821193,3297.0
matched_early_mixture,0.75,current_only,20260930,baron,30,overall,3000,3241.0,880.1173637864595,523.4026784076323,2808.2772427077834,1928.1598789212962,1091.0
matched_early_mixture,0.75,current_only,20260930,baron,30,europe,1500,1610.0,471.7151898734174,280.47151898734165,1385.2120253164564,913.4968354430417,558.0
matched_early_mixture,0.75,current_only,20260930,baron,30,americas,1500,1631.0,408.40217391304463,242.93115942029021,1423.065217391303,1014.6630434782551,533.0
matched_early_mixture,0.75,current_only,20260930,dragon,30,overall,3000,11329.0,2340.291393621667,1298.7267677713244,3647.248829807169,1306.9574361854777,3736.0
matched_early_mixture,0.75,current_only,20260930,dragon,30,europe,1500,5578.0,1128.857142857136,622.9591836734686,1808.102040816312,679.2448979591825,1834.0
matched_early_mixture,0.75,current_only,20260930,dragon,30,americas,1500,5751.0,1211.4342507645256,675.7675840978591,1839.146788990825,627.7125382262993,1902.0
matched_early_mixture,0.75,current_only,20260930,teamfight,30,overall,3000,19795.0,1031.9161260709889,515.3414626682979,2815.8727356181435,1783.9566095471337,6648.0
matched_early_mixture,0.75,current_only,20260930,teamfight,30,europe,1500,9978.0,490.6749999999982,255.17500000000055,1392.825000000003,902.1499999999932,3351.0
matched_early_mixture,0.75,current_only,20260930,teamfight,30,americas,1500,9817.0,541.2411260709922,260.16646266829906,1423.0477356181175,881.8066095471252,3297.0
matched_early_mixture,0.75,current_only,20261001,baron,30,overall,3000,3241.0,915.0615015649752,543.621519450428,2823.2216170074685,1908.1601154424636,1091.0
matched_early_mixture,0.75,current_only,20261001,baron,30,europe,1500,1610.0,483.6231454005929,289.7448071216614,1400.3175074184016,916.6943620178015,558.0
matched_early_mixture,0.75,current_only,20261001,baron,30,americas,1500,1631.0,431.43835616438344,253.87671232876752,1422.9041095890352,991.4657534246538,533.0
matched_early_mixture,0.75,current_only,20261001,dragon,30,overall,3000,11329.0,2271.469670448063,1269.8090797903935,3561.011916383405,1289.5422459352997,3736.0
matched_early_mixture,0.75,current_only,20261001,dragon,30,europe,1500,5578.0,1080.19917864475,607.1642710472248,1743.815195071861,663.6160164271001,1834.0
matched_early_mixture,0.75,current_only,20261001,dragon,30,americas,1500,5751.0,1191.2704918032798,662.6448087431683,1817.1967213114917,625.9262295081952,1902.0
matched_early_mixture,0.75,current_only,20261001,teamfight,30,overall,3000,19795.0,1012.1585489565126,514.2602502910028,2815.766798089258,1803.608249132744,6648.0
matched_early_mixture,0.75,current_only,20261001,teamfight,30,europe,1500,9978.0,485.42293464857926,254.26880394574638,1390.8360049321777,905.4130702835998,3351.0
matched_early_mixture,0.75,current_only,20261001,teamfight,30,americas,1500,9817.0,526.7356143079337,259.9914463452556,1424.9307931570818,898.1951788491435,3297.0
matched_early_mixture,0.75,current_only,20261002,baron,30,overall,3000,3241.0,918.0794081540361,550.6580086580095,2843.785423531705,1925.7060153776554,1091.0
matched_early_mixture,0.75,current_only,20261002,baron,30,europe,1500,1610.0,473.0447761194035,282.9999999999999,1377.4477611940265,904.4029850746309,558.0
matched_early_mixture,0.75,current_only,20261002,baron,30,americas,1500,1631.0,445.03463203463247,267.65800865800867,1466.3376623376664,1021.3030303030303,533.0
matched_early_mixture,0.75,current_only,20261002,dragon,30,overall,3000,11329.0,2332.2866527886654,1306.8640947308636,3650.1850820514496,1317.8984292627472,3736.0
matched_early_mixture,0.75,current_only,20261002,dragon,30,europe,1500,5578.0,1133.617021276598,633.8297872340385,1814.3617021276748,680.7446808510617,1834.0
matched_early_mixture,0.75,current_only,20261002,dragon,30,americas,1500,5751.0,1198.6696315120673,673.0343074968259,1835.8233799237337,637.1537484116932,1902.0
matched_early_mixture,0.75,current_only,20261002,teamfight,30,overall,3000,19795.0,1043.8653089389552,544.9026403810601,2877.3706673311603,1833.5053583921942,6648.0
matched_early_mixture,0.75,current_only,20261002,teamfight,30,europe,1500,9978.0,495.6454413892926,266.64833574529655,1408.1070911722206,912.4616497829223,3351.0
matched_early_mixture,0.75,current_only,20261002,teamfight,30,americas,1500,9817.0,548.219867549671,278.2543046357615,1469.2635761589318,921.0437086092704,3297.0
matched_early_mixture,1.0,current_only,20260930,baron,30,overall,3000,3241.0,1023.3829942826707,618.7270974604421,3698.443956920624,2675.0609626379487,1091.0
matched_early_mixture,1.0,current_only,20260930,baron,30,europe,1500,1610.0,537.535168195719,328.2415902140675,1827.0091743119156,1289.4740061162038,558.0
matched_early_mixture,1.0,current_only,20260930,baron,30,americas,1500,1631.0,485.8478260869539,290.4855072463765,1871.4347826086992,1385.586956521737,533.0
matched_early_mixture,1.0,current_only,20260930,dragon,30,overall,3000,11329.0,2918.448644413974,1676.5884371823217,4790.730692108974,1872.2820476949912,3736.0
matched_early_mixture,1.0,current_only,20260930,dragon,30,europe,1500,5578.0,1413.53602305476,809.688760806918,2365.610951008647,952.0749279538929,1834.0
matched_early_mixture,1.0,current_only,20260930,dragon,30,americas,1500,5751.0,1504.9126213592203,866.8996763754061,2425.1197411003204,920.2071197411032,1902.0
matched_early_mixture,1.0,current_only,20260930,teamfight,30,overall,3000,19795.0,1279.045313984624,660.0443638248277,3706.647784400089,2427.6024704154634,6648.0
matched_early_mixture,1.0,current_only,20260930,teamfight,30,europe,1500,9978.0,615.8588235294114,325.2117647058814,1830.1411764705836,1214.2823529411785,3351.0
matched_early_mixture,1.0,current_only,20260930,teamfight,30,americas,1500,9817.0,663.1864904552162,334.8325991189437,1876.5066079295077,1213.3201174743056,3297.0
matched_early_mixture,1.0,current_only,20261001,baron,30,overall,3000,3241.0,1046.63829787234,632.7934111187375,3660.3349347974963,2613.696636925169,1091.0
matched_early_mixture,1.0,current_only,20261001,baron,30,europe,1500,1610.0,538.0000000000014,329.5806451612908,1813.4838709677335,1275.4838709677392,558.0
matched_early_mixture,1.0,current_only,20261001,baron,30,americas,1500,1631.0,508.63829787234016,303.21276595744666,1846.8510638297853,1338.2127659574471,533.0
matched_early_mixture,1.0,current_only,20261001,dragon,30,overall,3000,11329.0,2865.3148936170255,1648.5265957446907,4691.517553191449,1826.2026595744821,3736.0
matched_early_mixture,1.0,current_only,20261001,dragon,30,europe,1500,5578.0,1391.4000000000055,800.0000000000017,2319.6000000000045,928.2000000000032,1834.0
matched_early_mixture,1.0,current_only,20261001,dragon,30,americas,1500,5751.0,1473.914893617026,848.526595744681,2371.917553191506,898.0026595744687,1902.0
matched_early_mixture,1.0,current_only,20261001,teamfight,30,overall,3000,19795.0,1276.3441883016114,660.6161630895477,3716.4523544892786,2440.1081661876456,6648.0
matched_early_mixture,1.0,current_only,20261001,teamfight,30,europe,1500,9978.0,618.9709379128116,328.015852047556,1840.4134742404312,1221.442536327608,3351.0
matched_early_mixture,1.0,current_only,20261001,teamfight,30,americas,1500,9817.0,657.3732503888051,332.6003110419905,1876.0388802488196,1218.6656298600308,3297.0
matched_early_mixture,1.0,current_only,20261002,baron,30,overall,3000,3241.0,1052.5581274532447,646.9513969060263,3663.827637958907,2611.2695105056664,1091.0
matched_early_mixture,1.0,current_only,20261002,baron,30,europe,1500,1610.0,540.0704225352108,332.74647887323914,1772.901408450716,1232.8309859155002,558.0
matched_early_mixture,1.0,current_only,20261002,baron,30,americas,1500,1631.0,512.4877049180333,314.20491803278713,1890.926229508202,1378.4385245901651,533.0
matched_early_mixture,1.0,current_only,20261002,dragon,30,overall,3000,11329.0,2926.451565099136,1706.1486390377574,4791.665697562026,1865.2141324628205,3736.0
matched_early_mixture,1.0,current_only,20261002,dragon,30,europe,1500,5578.0,1408.531615925058,821.0749414519903,2366.8969555035255,958.3653395784538,1834.0
matched_early_mixture,1.0,current_only,20261002,dragon,30,americas,1500,5751.0,1517.9199491740803,885.0736975857758,2424.7687420584375,906.848792884379,1902.0
matched_early_mixture,1.0,current_only,20261002,teamfight,30,overall,3000,19795.0,1271.93218643658,675.3039190009355,3707.3835057462884,2435.451319309717,6648.0
matched_early_mixture,1.0,current_only,20261002,teamfight,30,europe,1500,9978.0,611.781476121564,332.8567293777139,1810.7843704775814,1199.002894356008,3351.0
matched_early_mixture,1.0,current_only,20261002,teamfight,30,americas,1500,9817.0,660.1507103150057,342.44718962322276,1896.599135268699,1236.4484249536747,3297.0
matched_early_mixture,0.25,current_only,20260930,baron,60,overall,3000,3241.0,486.7537662730696,223.30267652882443,995.4102955056155,508.6565292325385,2152.0
matched_early_mixture,0.25,current_only,20260930,baron,60,europe,1500,1610.0,262.41238317757234,119.15887850467358,498.9778037383162,236.56542056074903,1048.0
matched_early_mixture,0.25,current_only,20260930,baron,60,americas,1500,1631.0,224.3413830955015,104.14379802414973,496.4324917672933,272.091108671791,1104.0
matched_early_mixture,0.25,current_only,20260930,dragon,60,overall,3000,11329.0,1035.2887803206138,592.9627201397785,1346.846317081736,311.55753676114466,7555.0
matched_early_mixture,0.25,current_only,20260930,dragon,60,europe,1500,5578.0,517.9656969170686,300.26052974381196,678.3543204515906,160.38862353451947,3749.0
matched_early_mixture,0.25,current_only,20260930,dragon,60,americas,1500,5751.0,517.3230834035489,292.7021903959591,668.4919966301647,151.16891322662167,3806.0
matched_early_mixture,0.25,current_only,20260930,teamfight,60,overall,3000,19795.0,623.4775944366651,309.4417331906814,1124.4134741996502,500.93587976297795,13137.0
matched_early_mixture,0.25,current_only,20260930,teamfight,60,europe,1500,9978.0,251.50862068965347,135.77586206896586,499.4612068965471,247.95258620689526,6630.0
matched_early_mixture,0.25,current_only,20260930,teamfight,60,americas,1500,9817.0,371.96897374701535,173.66587112171797,624.9522673031003,252.98329355608513,6507.0
matched_early_mixture,0.25,current_only,20261001,baron,60,overall,3000,3241.0,475.0732269490189,220.40066139257067,994.7143114974751,519.6410845484546,2152.0
matched_early_mixture,0.25,current_only,20261001,baron,60,europe,1500,1610.0,267.1632124352349,113.18005181347121,496.43782383420006,229.27461139896428,1048.0
matched_early_mixture,0.25,current_only,20261001,baron,60,americas,1500,1631.0,207.91001451378622,107.22060957910061,498.2764876632747,290.3664731494901,1104.0
matched_early_mixture,0.25,current_only,20261001,dragon,60,overall,3000,11329.0,1013.6209661516917,610.7144150664774,1363.242603784994,349.6216376333243,7555.0
matched_early_mixture,0.25,current_only,20261001,dragon,60,europe,1500,5578.0,504.13143735588216,306.25480399692617,681.3989239046889,177.2674865488094,3749.0
matched_early_mixture,0.25,current_only,20261001,dragon,60,americas,1500,5751.0,509.48952879580764,304.45961106955576,681.8436798803294,172.35415108451684,3806.0
matched_early_mixture,0.25,current_only,20261001,teamfight,60,overall,3000,19795.0,578.1535153298059,274.32399003471124,1070.7389981774556,492.5854828476617,13137.0
matched_early_mixture,0.25,current_only,20261001,teamfight,60,europe,1500,9978.0,250.9264160931681,142.932768660667,513.3668607728904,262.4404446797222,6630.0
matched_early_mixture,0.25,current_only,20261001,teamfight,60,americas,1500,9817.0,327.2270992366438,131.39122137404544,557.3721374045808,230.14503816794047,6507.0
matched_early_mixture,0.25,current_only,20261002,baron,60,overall,3000,3241.0,541.4197499620376,231.3425621298766,1027.489750468187,486.07000050614795,2152.0
matched_early_mixture,0.25,current_only,20261002,baron,60,europe,1500,1610.0,298.69565217391323,114.78260869565247,521.0869565217429,222.39130434782575,1048.0
matched_early_mixture,0.25,current_only,20261002,baron,60,americas,1500,1631.0,242.724097788124,116.55995343422629,506.40279394644466,263.67869615832245,1104.0
matched_early_mixture,0.25,current_only,20261002,dragon,60,overall,3000,11329.0,1023.7433812288755,618.5101659740055,1371.8275963303383,348.08421510146184,7555.0
matched_early_mixture,0.25,current_only,20261002,dragon,60,europe,1500,5578.0,502.18818380743227,311.9529540481324,688.457330415746,186.26914660831247,3749.0
matched_early_mixture,0.25,current_only,20261002,dragon,60,americas,1500,5751.0,521.5551974214427,306.55721192586964,683.3702659145924,161.81506849315144,3806.0
matched_early_mixture,0.25,current_only,20261002,teamfight,60,overall,3000,19795.0,582.1579822616445,286.28991130820344,1047.9988913525588,465.840909090911,13137.0
matched_early_mixture,0.25,current_only,20261002,teamfight,60,europe,1500,9978.0,267.4242424242408,137.12121212121156,484.84848484848146,217.4242424242413,6630.0
matched_early_mixture,0.25,current_only,20261002,teamfight,60,americas,1500,9817.0,314.7337398373993,149.1686991869912,563.1504065040709,248.4166666666655,6507.0
matched_early_mixture,0.5,current_only,20260930,baron,60,overall,3000,3241.0,973.5075325461391,446.60535305764887,1990.820591011231,1017.313058465077,2152.0
matched_early_mixture,0.5,current_only,20260930,baron,60,europe,1500,1610.0,524.8247663551447,238.31775700934716,997.9556074766324,473.13084112149807,1048.0
matched_early_mixture,0.5,current_only,20260930,baron,60,americas,1500,1631.0,448.682766191003,208.28759604829946,992.8649835345866,544.182217343582,1104.0
matched_early_mixture,0.5,current_only,20260930,dragon,60,overall,3000,11329.0,2070.5775606412276,1185.925440279557,2693.692634163472,623.1150735222893,7555.0
matched_early_mixture,0.5,current_only,20260930,dragon,60,europe,1500,5578.0,1035.9313938341372,600.5210594876239,1356.7086409031813,320.77724706903894,3749.0
matched_early_mixture,0.5,current_only,20260930,dragon,60,americas,1500,5751.0,1034.6461668070979,585.4043807919182,1336.9839932603295,302.33782645324334,3806.0
matched_early_mixture,0.5,current_only,20260930,teamfight,60,overall,3000,19795.0,1124.9743644775017,580.7591930175952,2145.457683502637,1020.4833190251269,13137.0
matched_early_mixture,0.5,current_only,20260930,teamfight,60,europe,1500,9978.0,503.01724137930694,271.5517241379317,998.9224137930942,495.9051724137905,6630.0
matched_early_mixture,0.5,current_only,20260930,teamfight,60,americas,1500,9817.0,621.9571230982014,309.20746887966766,1146.535269709542,524.5781466113408,6507.0
matched_early_mixture,0.5,current_only,20261001,baron,60,overall,3000,3241.0,950.1464538980377,440.80132278514134,1989.4286229949503,1039.2821690969092,2152.0
matched_early_mixture,0.5,current_only,20261001,baron,60,europe,1500,1610.0,534.3264248704699,226.36010362694242,992.8756476684001,458.54922279792856,1048.0
matched_early_mixture,0.5,current_only,20261001,baron,60,americas,1500,1631.0,415.82002902757245,214.44121915820122,996.5529753265494,580.7329462989802,1104.0
matched_early_mixture,0.5,current_only,20261001,dragon,60,overall,3000,11329.0,2027.2419323033835,1221.4288301329548,2726.485207569988,699.2432752666487,7555.0
matched_early_mixture,0.5,current_only,20261001,dragon,60,europe,1500,5578.0,1008.2628747117643,612.5096079938523,1362.7978478093778,354.5349730976188,3749.0
matched_early_mixture,0.5,current_only,20261001,dragon,60,americas,1500,5751.0,1018.9790575916153,608.9192221391115,1363.6873597606589,344.7083021690337,3806.0
matched_early_mixture,0.5,current_only,20261001,teamfight,60,overall,3000,19795.0,1059.757412338997,552.037293046516,2093.4092940648384,1033.6518817258504,13137.0
matched_early_mixture,0.5,current_only,20261001,teamfight,60,europe,1500,9978.0,501.8528321863362,285.865537321334,1026.7337215457808,524.8808893594444,6630.0
matched_early_mixture,0.5,current_only,20261001,teamfight,60,americas,1500,9817.0,557.9045801526678,266.17175572519164,1066.6755725190815,508.77099236640817,6507.0
matched_early_mixture,0.5,current_only,20261002,baron,60,overall,3000,3241.0,1023.0208451488907,464.76093250947673,2023.8996049868858,1000.8787598380069,2152.0
matched_early_mixture,0.5,current_only,20261002,baron,60,europe,1500,1610.0,537.5726495726515,231.64102564102512,1011.0940170940162,473.5213675213694,1048.0
matched_early_mixture,0.5,current_only,20261002,baron,60,americas,1500,1631.0,485.448195576248,233.11990686845257,1012.8055878928893,527.3573923166449,1104.0
matched_early_mixture,0.5,current_only,20261002,dragon,60,overall,3000,11329.0,2047.486762457751,1237.020331948011,2743.6551926606767,696.1684302029236,7555.0
matched_early_mixture,0.5,current_only,20261002,dragon,60,europe,1500,5578.0,1004.3763676148645,623.9059080962649,1376.914660831492,372.53829321662494,3749.0
matched_early_mixture,0.5,current_only,20261002,dragon,60,americas,1500,5751.0,1043.1103948428854,613.1144238517393,1366.7405318291846,323.6301369863029,3806.0
matched_early_mixture,0.5,current_only,20261002,teamfight,60,overall,3000,19795.0,1121.3565361247072,595.7884233493951,2107.4977433733216,986.1412072485963,13137.0
matched_early_mixture,0.5,current_only,20261002,teamfight,60,europe,1500,9978.0,531.8514548238868,291.5130168453296,1003.9509954058108,472.0995405819276,6630.0
matched_early_mixture,0.5,current_only,20261002,teamfight,60,americas,1500,9817.0,589.505081300817,304.2754065040653,1103.546747967488,514.0416666666698,6507.0
matched_early_mixture,0.75,current_only,20260930,baron,60,overall,3000,3241.0,1330.0746304055638,645.7498484728694,2916.0484228002447,1585.9737923946489,2152.0
matched_early_mixture,0.75,current_only,20260930,baron,60,europe,1500,1610.0,696.5494505494494,333.09157509157455,1428.692307692304,732.1428571428551,1048.0
matched_early_mixture,0.75,current_only,20260930,baron,60,americas,1500,1631.0,633.5251798561146,312.65827338129407,1487.3561151079114,853.8309352518011,1104.0
matched_early_mixture,0.75,current_only,20260930,dragon,60,overall,3000,11329.0,3105.8663409617916,1778.8881604192754,4040.5389512452516,934.6726102834355,7555.0
matched_early_mixture,0.75,current_only,20260930,dragon,60,europe,1500,5578.0,1553.8970907511957,900.7815892314508,2035.062961354749,481.1658706035615,3749.0
matched_early_mixture,0.75,current_only,20260930,dragon,60,americas,1500,5751.0,1551.9692502106095,878.1065711878771,2005.4759898904776,453.5067396798711,3806.0
matched_early_mixture,0.75,current_only,20260930,teamfight,60,overall,3000,19795.0,1607.292113797889,845.684432679925,3150.624284590111,1543.3321707922091,13137.0
matched_early_mixture,0.75,current_only,20260930,teamfight,60,europe,1500,9978.0,754.525862068964,407.3275862068976,1498.3836206896603,743.8577586206892,6630.0
matched_early_mixture,0.75,current_only,20260930,teamfight,60,americas,1500,9817.0,852.76625172891,438.35684647302696,1652.2406639004255,799.4744121715086,6507.0
matched_early_mixture,0.75,current_only,20261001,baron,60,overall,3000,3241.0,1332.5453588566993,667.1032701787484,2961.457841368243,1628.912482511564,2152.0
matched_early_mixture,0.75,current_only,20261001,baron,60,europe,1500,1610.0,708.8153153153191,345.44144144144053,1466.6283783783936,757.8130630630656,1048.0
matched_early_mixture,0.75,current_only,20261001,baron,60,americas,1500,1631.0,623.7300435413706,321.6618287373011,1494.8294629898553,871.099419448481,1104.0
matched_early_mixture,0.75,current_only,20261001,dragon,60,overall,3000,11329.0,3040.862898455048,1832.1432451994306,4089.727811355032,1048.8649128999898,7555.0
matched_early_mixture,0.75,current_only,20261001,dragon,60,europe,1500,5578.0,1512.3943120676165,918.7644119907786,2044.196771714026,531.8024596464271,3749.0
matched_early_mixture,0.75,current_only,20261001,dragon,60,americas,1500,5751.0,1528.4685863874558,913.3788332086879,2045.5310396410043,517.062453253549,3806.0
matched_early_mixture,0.75,current_only,20261001,teamfight,60,overall,3000,19795.0,1541.3613093482356,829.7505960583318,3116.0795899523578,1574.7182806040792,13137.0
matched_early_mixture,0.75,current_only,20261001,teamfight,60,europe,1500,9978.0,752.7792482795095,428.7983059820021,1540.1005823186874,787.321334039171,6630.0
matched_early_mixture,0.75,current_only,20261001,teamfight,60,americas,1500,9817.0,788.5820610687,400.95229007633463,1575.979007633607,787.3969465648829,6507.0
matched_early_mixture,0.75,current_only,20261002,baron,60,overall,3000,3241.0,1387.4961283926725,702.0912306084723,2992.4777483052962,1604.981619912644,2152.0
matched_early_mixture,0.75,current_only,20261002,baron,60,europe,1500,1610.0,708.0854700854688,350.8717948717951,1465.5811965811868,757.4957264957247,1048.0
matched_early_mixture,0.75,current_only,20261002,baron,60,americas,1500,1631.0,679.4106583072117,351.219435736678,1526.8965517241327,847.4858934169309,1104.0
matched_early_mixture,0.75,current_only,20261002,dragon,60,overall,3000,11329.0,3071.2301436866146,1855.530497922022,4115.482788991049,1044.2526453044118,7555.0
matched_early_mixture,0.75,current_only,20261002,dragon,60,europe,1500,5578.0,1506.5645514223147,935.8588621444309,2065.371991247252,558.8074398249456,3749.0
matched_early_mixture,0.75,current_only,20261002,dragon,60,americas,1500,5751.0,1564.6655922643301,919.6716357776135,2050.1107977437896,485.4452054794565,3806.0
matched_early_mixture,0.75,current_only,20261002,teamfight,60,overall,3000,19795.0,1659.1447229173689,913.4142730860715,3183.11613690413,1523.9714139867283,13137.0
matched_early_mixture,0.75,current_only,20261002,teamfight,60,europe,1500,9978.0,794.8683001531393,454.03215926493357,1539.1730474731933,744.304747320063,6630.0
matched_early_mixture,0.75,current_only,20261002,teamfight,60,americas,1500,9817.0,864.2764227642319,459.38211382113826,1643.943089430906,779.6666666666703,6507.0
matched_early_mixture,1.0,current_only,20260930,baron,60,overall,3000,3241.0,1622.6111638877026,848.094080649911,3920.2393291184767,2297.628165230773,2152.0
matched_early_mixture,1.0,current_only,20260930,baron,60,europe,1500,1610.0,836.2263242375566,431.6276083467077,1939.399678972723,1103.1733547351478,1048.0
matched_early_mixture,1.0,current_only,20260930,baron,60,americas,1500,1631.0,786.3848396501434,416.4664723032077,1980.8396501457582,1194.4548104956184,1104.0
matched_early_mixture,1.0,current_only,20260930,dragon,60,overall,3000,11329.0,4141.155121282455,2371.850880559114,5387.385268326944,1246.2301470445786,7555.0
matched_early_mixture,1.0,current_only,20260930,dragon,60,europe,1500,5578.0,2071.8627876682744,1201.0421189752478,2713.4172818063626,641.5544941380779,3749.0
matched_early_mixture,1.0,current_only,20260930,dragon,60,americas,1500,5751.0,2069.2923336141957,1170.8087615838365,2673.967986520659,604.6756529064867,3806.0
matched_early_mixture,1.0,current_only,20260930,teamfight,60,overall,3000,19795.0,2025.5566546457696,1103.1783496105568,4146.519268519408,2120.9626138736085,13137.0
matched_early_mixture,1.0,current_only,20260930,teamfight,60,europe,1500,9978.0,979.6532905296882,546.34028892456,1996.332263242376,1016.678972712672,6630.0
matched_early_mixture,1.0,current_only,20260930,teamfight,60,americas,1500,9817.0,1045.9033641160845,556.8380606860117,2150.1870052770187,1104.2836411609399,6507.0
matched_early_mixture,1.0,current_only,20261001,baron,60,overall,3000,3241.0,1648.4090061399065,860.4398060480897,3947.9753615080062,2299.5663553681184,2152.0
matched_early_mixture,1.0,current_only,20261001,baron,60,europe,1500,1610.0,839.7274774774816,434.96846846846677,1951.8479729729872,1112.1204954955003,1048.0
matched_early_mixture,1.0,current_only,20261001,baron,60,americas,1500,1631.0,808.6815286624211,425.4713375796183,1996.1273885350347,1187.4458598726135,1104.0
matched_early_mixture,1.0,current_only,20261001,dragon,60,overall,3000,11329.0,4054.483864606767,2442.8576602659095,5452.970415139976,1398.4865505332973,7555.0
matched_early_mixture,1.0,current_only,20261001,dragon,60,europe,1500,5578.0,2016.5257494235286,1225.0192159877047,2725.5956956187556,709.0699461952375,3749.0
matched_early_mixture,1.0,current_only,20261001,dragon,60,americas,1500,5751.0,2037.9581151832306,1217.838444278223,2727.3747195213177,689.4166043380674,3806.0
matched_early_mixture,1.0,current_only,20261001,teamfight,60,overall,3000,19795.0,2022.965206357396,1107.4638990701353,4138.74988583964,2115.784679482247,13137.0
matched_early_mixture,1.0,current_only,20261001,teamfight,60,europe,1500,9978.0,1003.7056643726723,571.731074642668,2053.4674430915616,1049.7617787188888,6630.0
matched_early_mixture,1.0,current_only,20261001,teamfight,60,americas,1500,9817.0,1019.2595419847295,535.7328244274828,2085.282442748096,1066.0229007633561,6507.0
matched_early_mixture,1.0,current_only,20261002,baron,60,overall,3000,3241.0,1666.9449116905012,901.5631062517513,3976.703532380209,2309.7586206896694,2152.0
matched_early_mixture,1.0,current_only,20261002,baron,60,europe,1500,1610.0,847.1034482758632,451.88505747126345,1938.8620689655081,1091.7586206896563,1048.0
matched_early_mixture,1.0,current_only,20261002,baron,60,americas,1500,1631.0,819.8414634146317,449.67804878048725,2037.8414634146486,1218.0000000000007,1104.0
matched_early_mixture,1.0,current_only,20261002,dragon,60,overall,3000,11329.0,4094.973524915502,2474.040663896022,5487.310385321353,1392.3368604058471,7555.0
matched_early_mixture,1.0,current_only,20261002,dragon,60,europe,1500,5578.0,2008.752735229729,1247.8118161925297,2753.829321662984,745.0765864332499,3749.0
matched_early_mixture,1.0,current_only,20261002,dragon,60,americas,1500,5751.0,2086.220789685771,1226.2288477034786,2733.4810636583693,647.2602739726058,3806.0
matched_early_mixture,1.0,current_only,20261002,teamfight,60,overall,3000,19795.0,2091.5403887252974,1180.8744766406162,4185.439912765905,2093.8995240406416,13137.0
matched_early_mixture,1.0,current_only,20261002,teamfight,60,europe,1500,9978.0,1022.4465849386972,593.4570928196111,2047.908931698791,1025.462346760063,6630.0
matched_early_mixture,1.0,current_only,20261002,teamfight,60,americas,1500,9817.0,1069.0938037865797,587.4173838210011,2137.5309810671342,1068.4371772805573,6507.0
matched_early_mixture,0.25,independent,20260930,baron,30,overall,3000,3241.0,580.4282051282055,313.65641025641025,1053.4461538461553,473.0179487179492,1091.0
matched_early_mixture,0.25,independent,20260930,baron,30,europe,1500,1610.0,311.1282051282052,164.8564102564103,552.246153846154,241.1179487179488,558.0
matched_early_mixture,0.25,independent,20260930,baron,30,americas,1500,1631.0,269.29999999999995,148.79999999999995,501.2000000000007,231.89999999999966,533.0
matched_early_mixture,0.25,independent,20260930,dragon,30,overall,3000,11329.0,822.1180437009223,421.7120462046214,1190.218077842254,368.1000341413463,3736.0
matched_early_mixture,0.25,independent,20260930,dragon,30,europe,1500,5578.0,405.9051724137908,197.0833333333344,567.1982758620647,161.29310344827618,1834.0
matched_early_mixture,0.25,independent,20260930,dragon,30,americas,1500,5751.0,416.21287128713254,224.6287128712875,623.0198019802046,206.8069306930694,1902.0
matched_early_mixture,0.25,independent,20260930,teamfight,30,overall,3000,19795.0,419.77095499791176,191.5831678719448,941.2528677947865,521.4819127968722,6648.0
matched_early_mixture,0.25,independent,20260930,teamfight,30,europe,1500,9978.0,198.84281581484973,100.7261330761814,458.050144648024,259.20732883317146,3351.0
matched_early_mixture,0.25,independent,20260930,teamfight,30,americas,1500,9817.0,220.9281391830559,90.85703479576397,483.2027231467549,262.2745839636915,3297.0
matched_early_mixture,0.25,independent,20261001,baron,30,overall,3000,3241.0,617.8224229857808,340.7671060426538,1119.1041543246429,501.2817313388612,1091.0
matched_early_mixture,0.25,independent,20261001,baron,30,europe,1500,1610.0,341.34375,185.203125,594.8671875,253.5234375,558.0
matched_early_mixture,0.25,independent,20261001,baron,30,americas,1500,1631.0,276.47867298578217,155.56398104265426,524.2369668246424,247.7582938388632,533.0
matched_early_mixture,0.25,independent,20261001,dragon,30,overall,3000,11329.0,826.3518587329928,431.53634892323606,1195.6635907979962,369.31173206500114,3736.0
matched_early_mixture,0.25,independent,20261001,dragon,30,europe,1500,5578.0,389.82986111110716,198.73611111110986,555.9965277777712,166.1666666666664,1834.0
matched_early_mixture,0.25,independent,20261001,dragon,30,americas,1500,5751.0,436.52199762187865,232.8002378121308,639.6670630202193,203.14506539833653,1902.0
matched_early_mixture,0.25,independent,20261001,teamfight,30,overall,3000,19795.0,400.3748275027206,179.99828410604064,921.1066169349915,520.7317894322673,6648.0
matched_early_mixture,0.25,independent,20261001,teamfight,30,europe,1500,9978.0,207.63181818181758,88.37045454545435,446.2397727272709,238.60795454545357,3351.0
matched_early_mixture,0.25,independent,20261001,teamfight,30,americas,1500,9817.0,192.74300932090648,91.62782956058594,474.8668442077199,282.1238348868184,3297.0
matched_early_mixture,0.25,independent,20261002,baron,30,overall,3000,3241.0,595.433796377703,328.0260242658699,1079.1526288025248,483.71883242483,1091.0
matched_early_mixture,0.25,independent,20261002,baron,30,europe,1500,1610.0,319.0082644628106,175.9834710743804,560.8760330578519,241.86776859504192,558.0
matched_early_mixture,0.25,independent,20261002,baron,30,americas,1500,1631.0,276.42553191489367,152.0425531914894,518.276595744681,241.85106382978734,533.0
matched_early_mixture,0.25,independent,20261002,dragon,30,overall,3000,11329.0,815.4775280898955,433.2191011235989,1201.2303370786635,385.7528089887665,3736.0
matched_early_mixture,0.25,independent,20261002,dragon,30,europe,1500,5578.0,387.0,210.5,580.5,193.5,1834.0
matched_early_mixture,0.25,independent,20261002,dragon,30,americas,1500,5751.0,428.47752808989304,222.71910112359703,620.7303370786603,192.25280898876485,1902.0
matched_early_mixture,0.25,independent,20261002,teamfight,30,overall,3000,19795.0,428.91994488094804,190.67911703523131,920.4492003762774,491.52925549533967,6648.0
matched_early_mixture,0.25,independent,20261002,teamfight,30,europe,1500,9978.0,216.54929577464722,91.54929577464803,437.5000000000005,220.9507042253514,3351.0
matched_early_mixture,0.25,independent,20261002,teamfight,30,americas,1500,9817.0,212.37064910630366,99.12982126058357,482.9492003762876,270.57855126999095,3297.0
matched_early_mixture,0.5,independent,20260930,baron,30,overall,3000,3241.0,832.1127129750964,488.14711664482354,1963.1669397116693,1131.0542267365624,1091.0
matched_early_mixture,0.5,independent,20260930,baron,30,europe,1500,1610.0,446.54128440366986,261.8256880733946,1014.8990825688052,568.3577981651378,558.0
matched_early_mixture,0.5,independent,20260930,baron,30,americas,1500,1631.0,385.571428571429,226.3214285714287,948.2678571428524,562.6964285714288,533.0
matched_early_mixture,0.5,independent,20260930,dragon,30,overall,3000,11329.0,1595.5507425742794,849.465759075909,2412.914603960391,817.3638613861401,3736.0
matched_early_mixture,0.5,independent,20260930,dragon,30,europe,1500,5578.0,763.1249999999953,400.2083333333351,1166.8749999999989,403.750000000001,1834.0
matched_early_mixture,0.5,independent,20260930,dragon,30,americas,1500,5751.0,832.4257425742651,449.257425742575,1246.0396039604093,413.6138613861388,1902.0
matched_early_mixture,0.5,independent,20260930,teamfight,30,overall,3000,19795.0,800.2201480180437,386.005374516562,1876.8421899550297,1076.6220419369954,6648.0
matched_early_mixture,0.5,independent,20260930,teamfight,30,europe,1500,9978.0,391.224686595948,201.2565091610415,909.7135969141765,518.4889103182228,3351.0
matched_early_mixture,0.5,independent,20260930,teamfight,30,americas,1500,9817.0,408.99546142208794,184.7488653555228,967.1285930408546,558.1331316187619,3297.0
matched_early_mixture,0.5,independent,20261001,baron,30,overall,3000,3241.0,871.6598725348737,514.1161616161612,2035.4684644059735,1163.8085918710954,1091.0
matched_early_mixture,0.5,independent,20261001,baron,30,europe,1500,1610.0,459.1704545454543,267.22727272727303,1057.9261363636408,598.7556818181824,558.0
matched_early_mixture,0.5,independent,20261001,baron,30,americas,1500,1631.0,412.48941798941775,246.88888888888872,977.5423280423271,565.0529100529093,533.0
matched_early_mixture,0.5,independent,20261001,dragon,30,overall,3000,11329.0,1614.029443701272,861.6945187607321,2405.86644330491,791.836999603646,3736.0
matched_early_mixture,0.5,independent,20261001,dragon,30,europe,1500,5578.0,748.553819444439,399.25694444444605,1133.4704861110981,384.9166666666681,1834.0
matched_early_mixture,0.5,independent,20261001,dragon,30,americas,1500,5751.0,865.475624256842,462.4375743162925,1272.3959571938244,406.92033293698177,1902.0
matched_early_mixture,0.5,independent,20261001,teamfight,30,overall,3000,19795.0,758.4587459145363,364.5238409393555,1827.6495975063567,1069.190851591814,6648.0
matched_early_mixture,0.5,independent,20261001,teamfight,30,europe,1500,9978.0,372.9727272727287,181.26818181818194,877.9159090909149,504.9431818181845,3351.0
matched_early_mixture,0.5,independent,20261001,teamfight,30,americas,1500,9817.0,385.48601864181296,183.25565912117187,949.7336884154398,564.2476697736367,3297.0
matched_early_mixture,0.5,independent,20261002,baron,30,overall,3000,3241.0,860.7693028876191,506.08464936039155,2012.3378890787135,1151.5685861910893,1091.0
matched_early_mixture,0.5,independent,20261002,baron,30,europe,1500,1610.0,452.3980582524275,263.8786407766987,1037.5825242718413,585.1844660194183,558.0
matched_early_mixture,0.5,independent,20261002,baron,30,americas,1500,1631.0,408.3712446351942,242.20600858369068,974.7553648068658,566.3841201716755,533.0
matched_early_mixture,0.5,independent,20261002,dragon,30,overall,3000,11329.0,1621.3710526315679,866.0315789473653,2397.9342105262945,776.5631578947333,3736.0
matched_early_mixture,0.5,independent,20261002,dragon,30,europe,1500,5578.0,774.0,421.0,1161.0,387.0,1834.0
matched_early_mixture,0.5,independent,20261002,dragon,30,americas,1500,5751.0,847.3710526315741,445.03157894736904,1236.9342105263036,389.56315789473757,1902.0
matched_early_mixture,0.5,independent,20261002,teamfight,30,overall,3000,19795.0,814.6891998044903,385.25240663115176,1862.3889940955519,1047.6997942910489,6648.0
matched_early_mixture,0.5,independent,20261002,teamfight,30,europe,1500,9978.0,389.9479015918939,186.99276410998576,896.4905933429699,506.5426917510811,3351.0
matched_early_mixture,0.5,independent,20261002,teamfight,30,americas,1500,9817.0,424.7412982126073,198.25964252116714,965.8984007525752,541.1571025399819,3297.0
matched_early_mixture,0.75,independent,20260930,baron,30,overall,3000,3241.0,1013.7392836171487,615.7140340575463,2868.4221961244625,1854.6829125073382,1091.0
matched_early_mixture,0.75,independent,20260930,baron,30,europe,1500,1610.0,530.8461538461538,323.5384615384615,1448.3076923076972,917.4615384615414,558.0
matched_early_mixture,0.75,independent,20260930,baron,30,americas,1500,1631.0,482.8931297709933,292.175572519084,1420.114503816791,937.2213740458069,533.0
matched_early_mixture,0.75,independent,20260930,dragon,30,overall,3000,11329.0,2314.8943317688986,1262.575790591123,3604.6383674153494,1289.7440356464342,3736.0
matched_early_mixture,0.75,independent,20260930,dragon,30,europe,1500,5578.0,1105.8789808917209,598.5626326963893,1756.6602972399028,650.7813163481944,1834.0
matched_early_mixture,0.75,independent,20260930,dragon,30,americas,1500,5751.0,1209.0153508771887,664.0131578947371,1847.9780701754296,638.9627192982467,1902.0
matched_early_mixture,0.75,independent,20260930,teamfight,30,overall,3000,19795.0,1168.2554442115813,574.7966592180318,2809.481068439537,1641.225624227967,6648.0
matched_early_mixture,0.75,independent,20260930,teamfight,30,europe,1500,9978.0,571.1926605504593,296.15596330275264,1358.4266055045814,787.2339449541302,3351.0
matched_early_mixture,0.75,independent,20260930,teamfight,30,americas,1500,9817.0,597.062783661118,278.6406959152792,1451.0544629349652,853.9916792738252,3297.0
matched_early_mixture,0.75,independent,20261001,baron,30,overall,3000,3241.0,1041.1124183787217,633.4121874502305,2934.422041726396,1893.3096233476688,1091.0
matched_early_mixture,0.75,independent,20261001,baron,30,europe,1500,1610.0,544.9198717948714,333.7724358974359,1501.5897435897375,956.6698717948676,558.0
matched_early_mixture,0.75,independent,20261001,baron,30,americas,1500,1631.0,496.1925465838509,299.639751552795,1432.8322981366505,936.6397515527949,533.0
matched_early_mixture,0.75,independent,20261001,dragon,30,overall,3000,11329.0,2297.339539007099,1263.4007092198576,3576.4485815603302,1279.1090425531927,3736.0
matched_early_mixture,0.75,independent,20261001,dragon,30,europe,1500,5578.0,1091.916666666669,598.4166666666667,1732.9166666666574,640.9999999999992,1834.0
matched_early_mixture,0.75,independent,20261001,dragon,30,americas,1500,5751.0,1205.4228723404237,664.9840425531886,1843.5319148936248,638.1090425531883,1902.0
matched_early_mixture,0.75,independent,20261001,teamfight,30,overall,3000,19795.0,1116.2112764834228,548.7868417389568,2736.9200592504076,1620.7087827669661,6648.0
matched_early_mixture,0.75,independent,20261001,teamfight,30,europe,1500,9978.0,537.9822485207121,273.90335305719924,1312.3195266272148,774.3372781065095,3351.0
matched_early_mixture,0.75,independent,20261001,teamfight,30,americas,1500,9817.0,578.2290279627136,274.88348868175876,1424.600532623173,846.3715046604462,3297.0
matched_early_mixture,0.75,independent,20261002,baron,30,overall,3000,3241.0,1038.2925060435145,630.6186766944228,2905.270391261493,1866.9778852179977,1091.0
matched_early_mixture,0.75,independent,20261002,baron,30,europe,1500,1610.0,540.470588235295,326.8104575163401,1478.503267973855,938.032679738567,558.0
matched_early_mixture,0.75,independent,20261002,baron,30,americas,1500,1631.0,497.82191780821927,303.80821917808225,1426.767123287663,928.9452054794524,533.0
matched_early_mixture,0.75,independent,20261002,dragon,30,overall,3000,11329.0,2252.5399492407796,1264.2494407880506,3561.6293887383813,1309.0894394975644,3736.0
matched_early_mixture,0.75,independent,20261002,dragon,30,europe,1500,5578.0,1060.1498257839569,606.8667247386738,1737.2195121951129,677.0696864111457,1834.0
matched_early_mixture,0.75,independent,20261002,dragon,30,americas,1500,5751.0,1192.3901234567857,657.3827160493813,1824.409876543213,632.0197530864176,1902.0
matched_early_mixture,0.75,independent,20261002,teamfight,30,overall,3000,19795.0,1183.18106726105,576.5278761126414,2806.4117535655473,1623.2306863045071,6648.0
matched_early_mixture,0.75,independent,20261002,teamfight,30,europe,1500,9978.0,556.310344827587,282.91570881226005,1359.1455938697266,802.8352490421486,3351.0
matched_early_mixture,0.75,independent,20261002,teamfight,30,americas,1500,9817.0,626.8707224334611,293.6121673003798,1447.26615969583,820.395437262362,3297.0
matched_early_mixture,1.0,independent,20260930,baron,30,overall,3000,3241.0,1145.6245983879153,705.0622099468279,3725.220506172149,2579.595907784227,1091.0
matched_early_mixture,1.0,independent,20260930,baron,30,europe,1500,1610.0,597.5095541401279,371.2569002123146,1863.0700636942706,1265.5605095541428,558.0
matched_early_mixture,1.0,independent,20260930,baron,30,americas,1500,1631.0,548.1150442477878,333.80530973451334,1862.1504424778645,1314.0353982300842,533.0
matched_early_mixture,1.0,independent,20260930,dragon,30,overall,3000,11329.0,2855.8792993630836,1623.1909766454262,4690.949787685879,1835.0704883227038,3736.0
matched_early_mixture,1.0,independent,20260930,dragon,30,europe,1500,5578.0,1366.2292993630556,769.7409766454342,2290.099787685781,923.870488322716,1834.0
matched_early_mixture,1.0,independent,20260930,dragon,30,americas,1500,5751.0,1489.6499999999905,853.4499999999972,2400.849999999992,911.1999999999965,1902.0
matched_early_mixture,1.0,independent,20260930,teamfight,30,overall,3000,19795.0,1483.3806071783179,741.6229677968478,3730.355031919419,2246.9744247410854,6648.0
matched_early_mixture,1.0,independent,20260930,teamfight,30,europe,1500,9978.0,708.2415094339583,371.7094339622649,1797.23849056603,1088.9969811320673,3351.0
matched_early_mixture,1.0,independent,20260930,teamfight,30,americas,1500,9817.0,775.1390977443621,369.91353383458596,1933.1165413533747,1157.9774436090224,3297.0
matched_early_mixture,1.0,independent,20261001,baron,30,overall,3000,3241.0,1162.837367988901,722.2963560689723,3802.1979104731363,2639.3605424842162,1091.0
matched_early_mixture,1.0,independent,20261001,baron,30,europe,1500,1610.0,606.1761658031088,379.4766839378239,1911.3782383419627,1305.2020725388556,558.0
matched_early_mixture,1.0,independent,20261001,baron,30,americas,1500,1631.0,556.6612021857932,342.81967213114774,1890.819672131141,1334.1584699453554,533.0
matched_early_mixture,1.0,independent,20261001,dragon,30,overall,3000,11329.0,2839.7484700227583,1631.8168226432344,4696.735157821246,1856.9866877985141,3736.0
matched_early_mixture,1.0,independent,20261001,dragon,30,europe,1500,5578.0,1375.313056379832,788.5860534124663,2308.5682492581677,933.255192878343,1834.0
matched_early_mixture,1.0,independent,20261001,dragon,30,americas,1500,5751.0,1464.4354136429529,843.2307692307671,2388.1669085631142,923.7314949201725,1902.0
matched_early_mixture,1.0,independent,20261001,teamfight,30,overall,3000,19795.0,1470.9365343250365,730.6513576900785,3671.1064300852854,2200.1698957602775,6648.0
matched_early_mixture,1.0,independent,20261001,teamfight,30,europe,1500,9978.0,699.9644970414216,364.1400394477319,1771.6390532544447,1071.6745562130213,3351.0
matched_early_mixture,1.0,independent,20261001,teamfight,30,americas,1500,9817.0,770.9720372836259,366.51131824234375,1899.4673768308796,1128.4953395472735,3297.0
matched_early_mixture,1.0,independent,20261002,baron,30,overall,3000,3241.0,1158.6477609727165,719.0875862719724,3726.6681831661435,2568.020422193446,1091.0
matched_early_mixture,1.0,independent,20261002,baron,30,europe,1500,1610.0,605.2935943060495,377.05160142348757,1889.7117437722359,1284.4181494661877,558.0
matched_early_mixture,1.0,independent,20261002,baron,30,americas,1500,1631.0,553.3541666666671,342.03598484848516,1836.9564393939431,1283.602272727276,533.0
matched_early_mixture,1.0,independent,20261002,dragon,30,overall,3000,11329.0,2847.397087465371,1653.5283212722034,4728.090306441507,1880.6932189761217,3736.0
matched_early_mixture,1.0,independent,20261002,dragon,30,europe,1500,5578.0,1346.2996515679304,792.7334494773553,2313.4390243902167,967.1393728223047,1834.0
matched_early_mixture,1.0,independent,20261002,dragon,30,americas,1500,5751.0,1501.097435897434,860.7948717948733,2414.6512820512708,913.5538461538486,1902.0
matched_early_mixture,1.0,independent,20261002,teamfight,30,overall,3000,19795.0,1488.7812377081432,742.6099966493284,3755.3704966275086,2266.5892589193472,6648.0
matched_early_mixture,1.0,independent,20261002,teamfight,30,europe,1500,9978.0,711.4827586206881,372.7145593869725,1834.7203065134245,1123.23754789272,3351.0
matched_early_mixture,1.0,independent,20261002,teamfight,30,americas,1500,9817.0,777.2984790874507,369.8954372623573,1920.6501901140591,1143.3517110266112,3297.0
matched_early_mixture,0.25,independent,20260930,baron,60,overall,3000,3241.0,483.9626186956619,224.60727081401842,967.5832435547354,483.62062485906614,2152.0
matched_early_mixture,0.25,independent,20260930,baron,60,europe,1500,1610.0,244.14225941422254,118.61924686192368,503.6610878661021,259.5188284518805,1048.0
matched_early_mixture,0.25,independent,20260930,baron,60,americas,1500,1631.0,239.8203592814363,105.98802395209614,463.9221556886255,224.10179640718547,1104.0
matched_early_mixture,0.25,independent,20260930,dragon,60,overall,3000,11329.0,990.8234843648822,585.236792750312,1338.93008724809,348.10660288322265,7555.0
matched_early_mixture,0.25,independent,20260930,dragon,60,europe,1500,5578.0,481.38389771942093,293.1064270905301,670.3092605390482,188.92536281962524,3749.0
matched_early_mixture,0.25,independent,20260930,dragon,60,americas,1500,5751.0,509.43958664547245,292.13036565977933,668.6208267090565,159.18124006359386,3806.0
matched_early_mixture,0.25,independent,20260930,teamfight,60,overall,3000,19795.0,542.1178384390463,268.3670745584149,1018.2854826809148,476.1676442418697,13137.0
matched_early_mixture,0.25,independent,20260930,teamfight,60,europe,1500,9978.0,274.34409687184666,142.8481331987894,500.2522704339066,225.90817356205787,6630.0
matched_early_mixture,0.25,independent,20260930,teamfight,60,americas,1500,9817.0,267.7737415672041,125.51894135962644,518.033212247012,250.25947067981463,6507.0
matched_early_mixture,0.25,independent,20261001,baron,60,overall,3000,3241.0,585.4340805471106,238.4530141843978,1012.3717705167221,426.9376899696038,2152.0
matched_early_mixture,0.25,independent,20261001,baron,60,europe,1500,1610.0,327.455357142856,121.87500000000018,525.6696428571385,198.2142857142862,1048.0
matched_early_mixture,0.25,independent,20261001,baron,60,americas,1500,1631.0,257.97872340425573,116.57801418439735,486.7021276595753,228.72340425531954,1104.0
matched_early_mixture,0.25,independent,20261001,dragon,60,overall,3000,11329.0,1002.3086734694003,608.2414156138738,1356.2791545189618,353.9704810495637,7555.0
matched_early_mixture,0.25,independent,20261001,dragon,60,europe,1500,5578.0,496.2500000000025,304.30555555555395,676.2500000000022,179.9999999999979,3749.0
matched_early_mixture,0.25,independent,20261001,dragon,60,americas,1500,5751.0,506.0586734693845,303.93586005830565,680.02915451895,173.97048104956016,3806.0
matched_early_mixture,0.25,independent,20261001,teamfight,60,overall,3000,19795.0,538.7369363524308,267.18738495462975,1004.3098552151332,465.57291886269905,13137.0
matched_early_mixture,0.25,independent,20261001,teamfight,60,europe,1500,9978.0,276.6212232866621,135.4089904200439,486.6433308769409,210.02210759027213,6630.0
matched_early_mixture,0.25,independent,20261001,teamfight,60,americas,1500,9817.0,262.1157130657547,131.7783945345851,517.6665243381784,255.5508112724152,6507.0
matched_early_mixture,0.25,independent,20261002,baron,60,overall,3000,3241.0,505.6894564580403,236.53154463117292,1004.7158828865869,499.02642642857296,2152.0
matched_early_mixture,0.25,independent,20261002,baron,60,europe,1500,1610.0,269.0782953419225,124.13280475718618,524.4053518335029,255.3270564915761,1048.0
matched_early_mixture,0.25,independent,20261002,baron,60,americas,1500,1631.0,236.61116111611267,112.39873987398778,480.31053105310764,243.69936993699466,1104.0
matched_early_mixture,0.25,independent,20261002,dragon,60,overall,3000,11329.0,1001.2434885261082,602.0744676193406,1360.497940686673,359.25445216056164,7555.0
matched_early_mixture,0.25,independent,20261002,dragon,60,europe,1500,5578.0,494.5931085043984,300.90725806451275,676.5945747800499,182.00146627565925,3749.0
matched_early_mixture,0.25,independent,20261002,dragon,60,americas,1500,5751.0,506.6503800217091,301.16720955482805,683.9033659066253,177.2529858849061,3806.0
matched_early_mixture,0.25,independent,20261002,teamfight,60,overall,3000,19795.0,534.6349538934671,282.8256035092876,1025.9379471264463,491.30299323295407,13137.0
matched_early_mixture,0.25,independent,20261002,teamfight,60,europe,1500,9978.0,281.8140794223804,149.14259927797795,510.37906137183603,228.56498194945706,6630.0
matched_early_mixture,0.25,independent,20261002,teamfight,60,americas,1500,9817.0,252.8208744710847,133.6830042313117,515.5588857545818,262.73801128349623,6507.0
matched_early_mixture,0.5,independent,20260930,baron,60,overall,3000,3241.0,967.9252373913238,449.21454162803684,1935.1664871094708,967.2412497181323,2152.0
matched_early_mixture,0.5,independent,20260930,baron,60,europe,1500,1610.0,488.2845188284451,237.23849372384737,1007.3221757322042,519.037656903761,1048.0
matched_early_mixture,0.5,independent,20260930,baron,60,americas,1500,1631.0,479.6407185628726,211.97604790419228,927.8443113772511,448.20359281437095,1104.0
matched_early_mixture,0.5,independent,20260930,dragon,60,overall,3000,11329.0,1981.6469687297647,1170.4735855006243,2677.8601744961807,696.2132057664454,7555.0
matched_early_mixture,0.5,independent,20260930,dragon,60,europe,1500,5578.0,962.767795438842,586.2128541810602,1340.6185210780964,377.85072563925047,3749.0
matched_early_mixture,0.5,independent,20260930,dragon,60,americas,1500,5751.0,1018.8791732909453,584.2607313195589,1337.2416534181136,318.3624801271879,3806.0
matched_early_mixture,0.5,independent,20260930,teamfight,60,overall,3000,19795.0,1084.2356768780926,536.7341491168298,2036.5709653618296,952.3352884837394,13137.0
matched_early_mixture,0.5,independent,20260930,teamfight,60,europe,1500,9978.0,548.6881937436932,285.6962663975788,1000.504540867813,451.8163471241157,6630.0
matched_early_mixture,0.5,independent,20260930,teamfight,60,americas,1500,9817.0,535.5474831344083,251.03788271925285,1036.066424494024,500.5189413596292,6507.0
matched_early_mixture,0.5,independent,20261001,baron,60,overall,3000,3241.0,1104.0325138326396,484.17747608997394,2026.0852204666019,922.0527066339623,2152.0
matched_early_mixture,0.5,independent,20261001,baron,60,europe,1500,1610.0,588.075067024128,251.0214477211792,1052.6809651474514,464.6058981233233,1048.0
matched_early_mixture,0.5,independent,20261001,baron,60,americas,1500,1631.0,515.9574468085115,233.1560283687947,973.4042553191506,457.4468085106391,1104.0
matched_early_mixture,0.5,independent,20261001,dragon,60,overall,3000,11329.0,2004.6173469388007,1216.4828312277475,2712.558309037924,707.9409620991274,7555.0
matched_early_mixture,0.5,independent,20261001,dragon,60,europe,1500,5578.0,992.500000000005,608.6111111111079,1352.5000000000045,359.9999999999958,3749.0
matched_early_mixture,0.5,independent,20261001,dragon,60,americas,1500,5751.0,1012.1173469387688,607.8717201166113,1360.0583090379,347.9409620991203,3806.0
matched_early_mixture,0.5,independent,20261001,teamfight,60,overall,3000,19795.0,1077.4738727048616,534.3747699092595,2008.6197104302664,931.1458377253981,13137.0
matched_early_mixture,0.5,independent,20261001,teamfight,60,europe,1500,9978.0,553.2424465733242,270.8179808400878,973.2866617538818,420.04421518054426,6630.0
matched_early_mixture,0.5,independent,20261001,teamfight,60,americas,1500,9817.0,524.2314261315094,263.5567890691702,1035.3330486763568,511.1016225448304,6507.0
matched_early_mixture,0.5,independent,20261002,baron,60,overall,3000,3241.0,1011.3789129160806,473.06308926234584,2009.4317657731738,998.0528528571459,2152.0
matched_early_mixture,0.5,independent,20261002,baron,60,europe,1500,1610.0,538.156590683845,248.26560951437236,1048.8107036670058,510.6541129831522,1048.0
matched_early_mixture,0.5,independent,20261002,baron,60,americas,1500,1631.0,473.22232223222534,224.79747974797556,960.6210621062153,487.3987398739893,1104.0
matched_early_mixture,0.5,independent,20261002,dragon,60,overall,3000,11329.0,2002.4869770522164,1204.1489352386811,2720.995881373346,718.5089043211233,7555.0
matched_early_mixture,0.5,independent,20261002,dragon,60,europe,1500,5578.0,989.1862170087968,601.8145161290255,1353.1891495600998,364.0029325513185,3749.0
matched_early_mixture,0.5,independent,20261002,dragon,60,americas,1500,5751.0,1013.3007600434182,602.3344191096561,1367.8067318132505,354.5059717698122,3806.0
matched_early_mixture,0.5,independent,20261002,teamfight,60,overall,3000,19795.0,1069.2699077869343,565.6512070185752,2051.875894252893,982.6059864659082,13137.0
matched_early_mixture,0.5,independent,20261002,teamfight,60,europe,1500,9978.0,563.6281588447608,298.2851985559559,1020.7581227436721,457.1299638989141,6630.0
matched_early_mixture,0.5,independent,20261002,teamfight,60,americas,1500,9817.0,505.6417489421694,267.3660084626234,1031.117771509164,525.4760225669925,6507.0
matched_early_mixture,0.75,independent,20260930,baron,60,overall,3000,3241.0,1400.2729320888448,677.4710461990788,2934.6693342844246,1534.3964021955783,2152.0
matched_early_mixture,0.75,independent,20260930,baron,60,europe,1500,1610.0,732.4267782426805,355.85774058577266,1510.983263598342,778.5564853556497,1048.0
matched_early_mixture,0.75,independent,20260930,baron,60,americas,1500,1631.0,667.8461538461515,321.6133056133055,1423.686070686076,755.8399168399136,1104.0
matched_early_mixture,0.75,independent,20260930,dragon,60,overall,3000,11329.0,2972.470453094673,1755.7103782509405,4016.7902617443488,1044.3198086496593,7555.0
matched_early_mixture,0.75,independent,20260930,dragon,60,europe,1500,5578.0,1444.1516931582862,879.3192812716089,2010.927781617176,566.7760884588829,3749.0
matched_early_mixture,0.75,independent,20260930,dragon,60,americas,1500,5751.0,1528.3187599363814,876.3910969793193,2005.862480127164,477.5437201907819,3806.0
matched_early_mixture,0.75,independent,20260930,teamfight,60,overall,3000,19795.0,1626.3535153171365,805.1012236752422,3054.856448042779,1428.5029327256043,13137.0
matched_early_mixture,0.75,independent,20260930,teamfight,60,europe,1500,9978.0,823.0322906155276,428.5443995963677,1500.7568113016875,677.724520686169,6630.0
matched_early_mixture,0.75,independent,20260930,teamfight,60,americas,1500,9817.0,803.3212247016136,376.5568240788786,1554.0996367410557,750.7784120394437,6507.0
matched_early_mixture,0.75,independent,20261001,baron,60,overall,3000,3241.0,1496.9120801135384,738.0992003488045,3068.054022839205,1571.1419427256674,2152.0
matched_early_mixture,0.75,independent,20261001,baron,60,europe,1500,1610.0,783.6179624664861,387.2479892761402,1580.9986595174132,797.3806970509372,1048.0
matched_early_mixture,0.75,independent,20261001,baron,60,americas,1500,1631.0,713.2941176470608,350.8512110726647,1487.0553633217978,773.7612456747441,1104.0
matched_early_mixture,0.75,independent,20261001,dragon,60,overall,3000,11329.0,3006.926020408122,1824.7242468415702,4068.8374635568125,1061.9114431486862,7555.0
matched_early_mixture,0.75,independent,20261001,dragon,60,europe,1500,5578.0,1488.749999999997,912.9166666666663,2028.7500000000016,540.0000000000016,3749.0
matched_early_mixture,0.75,independent,20261001,dragon,60,americas,1500,5751.0,1518.1760204081588,911.8075801749396,2040.0874635568398,521.9114431486921,3806.0
matched_early_mixture,0.75,independent,20261001,teamfight,60,overall,3000,19795.0,1616.2108090572744,801.562154863891,3012.92956564534,1396.7187565880806,13137.0
matched_early_mixture,0.75,independent,20261001,teamfight,60,europe,1500,9978.0,829.8636698599878,406.226971260135,1459.929992630813,630.0663227708209,6630.0
matched_early_mixture,0.75,independent,20261001,teamfight,60,americas,1500,9817.0,786.3471391972693,395.33518360376013,1552.9995730145267,766.6524338172514,6507.0
matched_early_mixture,0.75,independent,20261002,baron,60,overall,3000,3241.0,1486.6224079495546,712.5527278028156,3012.6849087087608,1526.0625007592264,2152.0
matched_early_mixture,0.75,independent,20261002,baron,60,europe,1500,1610.0,780.4562737642567,375.4600760456266,1571.547528517104,791.0912547528486,1048.0
matched_early_mixture,0.75,independent,20261002,baron,60,americas,1500,1631.0,706.1661341853047,337.0926517571893,1441.1373801916836,734.9712460063927,1104.0
matched_early_mixture,0.75,independent,20261002,dragon,60,overall,3000,11329.0,3003.7304655784,1806.2234028580483,4081.4938220601,1077.7633564817095,7555.0
matched_early_mixture,0.75,independent,20261002,dragon,60,europe,1500,5578.0,1483.7793255131767,902.7217741935535,2029.7837243401627,546.0043988269827,3749.0
matched_early_mixture,0.75,independent,20261002,dragon,60,americas,1500,5751.0,1519.9511400651568,903.5016286645032,2051.710097719875,531.758957654719,3806.0
matched_early_mixture,0.75,independent,20261002,teamfight,60,overall,3000,19795.0,1603.9048616804457,848.4768105278832,3077.8138413792826,1473.9089796989058,13137.0
matched_early_mixture,0.75,independent,20261002,teamfight,60,europe,1500,9978.0,845.4422382671497,447.4277978339314,1531.1371841155337,685.6949458483766,6630.0
matched_early_mixture,0.75,independent,20261002,teamfight,60,americas,1500,9817.0,758.4626234132667,401.0490126939335,1546.676657263774,788.2140338505021,6507.0
matched_early_mixture,1.0,independent,20260930,baron,60,overall,3000,3241.0,1716.7394702561924,887.5204805326368,3888.629324070063,2171.8898538138774,2152.0
matched_early_mixture,1.0,independent,20260930,baron,60,europe,1500,1610.0,901.2836879432608,465.0851063829782,1991.085106382986,1089.8014184397143,1048.0
matched_early_mixture,1.0,independent,20260930,baron,60,americas,1500,1631.0,815.455782312925,422.4353741496607,1897.5442176870836,1082.0884353741499,1104.0
matched_early_mixture,1.0,independent,20260930,dragon,60,overall,3000,11329.0,3963.2939374595294,2340.9471710012485,5355.72034899236,1392.4264115328908,7555.0
matched_early_mixture,1.0,independent,20260930,dragon,60,europe,1500,5578.0,1925.535590877684,1172.4257083621203,2681.2370421561927,755.7014512785009,3749.0
matched_early_mixture,1.0,independent,20260930,dragon,60,americas,1500,5751.0,2037.7583465818907,1168.5214626391178,2674.4833068362273,636.7249602543758,3806.0
matched_early_mixture,1.0,independent,20260930,teamfight,60,overall,3000,19795.0,2168.471353756185,1073.4682982336597,4073.1419307236592,1904.6705769674788,13137.0
matched_early_mixture,1.0,independent,20260930,teamfight,60,europe,1500,9978.0,1097.3763874873864,571.3925327951576,2001.009081735626,903.6326942482314,6630.0
matched_early_mixture,1.0,independent,20260930,teamfight,60,americas,1500,9817.0,1071.0949662688165,502.0757654385057,2072.132848988048,1001.0378827192584,6507.0
matched_early_mixture,1.0,independent,20261001,baron,60,overall,3000,3241.0,1793.136757769589,952.6433331179629,4049.9254808209716,2256.788723051397,2152.0
matched_early_mixture,1.0,independent,20261001,baron,60,europe,1500,1610.0,942.8597014925391,501.64477611940356,2070.537313432844,1127.6776119403025,1048.0
matched_early_mixture,1.0,independent,20261001,baron,60,americas,1500,1631.0,850.2770562770585,450.9985569985581,1979.3881673881513,1129.1111111111127,1104.0
matched_early_mixture,1.0,independent,20261001,dragon,60,overall,3000,11329.0,4009.2346938776013,2432.965662455495,5425.116618075848,1415.8819241982549,7555.0
matched_early_mixture,1.0,independent,20261001,dragon,60,europe,1500,5578.0,1985.00000000001,1217.2222222222158,2705.000000000009,719.9999999999916,3749.0
matched_early_mixture,1.0,independent,20261001,dragon,60,americas,1500,5751.0,2024.2346938775377,1215.7434402332226,2720.1166180758,695.8819241982407,3806.0
matched_early_mixture,1.0,independent,20261001,teamfight,60,overall,3000,19795.0,2149.816067547317,1078.2850599650003,4038.76954562864,1888.9534780813142,13137.0
matched_early_mixture,1.0,independent,20261001,teamfight,60,europe,1500,9978.0,1101.353215284254,551.1714818266529,1968.1034482758812,866.7502329916143,6630.0
matched_early_mixture,1.0,independent,20261001,teamfight,60,americas,1500,9817.0,1048.4628522630187,527.1135781383404,2070.6660973527137,1022.2032450896608,6507.0
matched_early_mixture,1.0,independent,20261002,baron,60,overall,3000,3241.0,1770.2062668960373,928.0341754730921,3957.320063897717,2187.1137970017035,2152.0
matched_early_mixture,1.0,independent,20261002,baron,60,europe,1500,1610.0,925.6615384615385,481.3169230769231,2030.359999999987,1104.6984615384604,1048.0
matched_early_mixture,1.0,independent,20261002,baron,60,americas,1500,1631.0,844.5447284345075,446.7172523961651,1926.9600638977618,1082.4153354632645,1104.0
matched_early_mixture,1.0,independent,20261002,dragon,60,overall,3000,11329.0,4004.973954104433,2408.2978704773623,5441.991762746692,1437.0178086422466,7555.0
matched_early_mixture,1.0,independent,20261002,dragon,60,europe,1500,5578.0,1978.3724340175936,1203.629032258051,2706.3782991201997,728.005865102637,3749.0
matched_early_mixture,1.0,independent,20261002,dragon,60,americas,1500,5751.0,2026.6015200868364,1204.6688382193122,2735.613463626501,709.0119435396244,3806.0
matched_early_mixture,1.0,independent,20261002,teamfight,60,overall,3000,19795.0,2138.5398155738685,1131.3024140371504,4103.751788505786,1965.2119729318165,13137.0
matched_early_mixture,1.0,independent,20261002,teamfight,60,europe,1500,9978.0,1127.2563176895217,596.5703971119118,2041.5162454873441,914.2599277978283,6630.0
matched_early_mixture,1.0,independent,20261002,teamfight,60,americas,1500,9817.0,1011.2834978843388,534.7320169252469,2062.235543018328,1050.952045133985,6507.0
matched_early_mixture,0.25,pcgrad,20260930,baron,30,overall,3000,3241.0,596.7114014987308,328.3536467042386,1075.9916393138037,479.2802378150756,1091.0
matched_early_mixture,0.25,pcgrad,20260930,baron,30,europe,1500,1610.0,320.76119402985097,170.85572139303457,543.0746268656724,222.31343283582032,558.0
matched_early_mixture,0.25,pcgrad,20260930,baron,30,americas,1500,1631.0,275.9502074688801,157.49792531120352,532.9170124481343,256.96680497925394,533.0
matched_early_mixture,0.25,pcgrad,20260930,dragon,30,overall,3000,11329.0,888.3081700183786,458.7881554400009,1230.5866889431793,342.2785189248093,3736.0
matched_early_mixture,0.25,pcgrad,20260930,dragon,30,europe,1500,5578.0,436.74334140435786,225.1815980629552,585.6537530266356,148.9104116222762,1834.0
matched_early_mixture,0.25,pcgrad,20260930,dragon,30,americas,1500,5751.0,451.56482861400605,233.60655737705014,644.9329359165431,193.36810730253399,1902.0
matched_early_mixture,0.25,pcgrad,20260930,teamfight,30,overall,3000,19795.0,422.893219856496,193.77823036412533,938.0786858343821,515.1854659778834,6648.0
matched_early_mixture,0.25,pcgrad,20260930,teamfight,30,europe,1500,9978.0,195.030120481928,92.62048192771097,421.6867469879525,226.65662650602445,3351.0
matched_early_mixture,0.25,pcgrad,20260930,teamfight,30,americas,1500,9817.0,227.8630993745659,101.1577484364137,516.3919388464259,288.52883947185643,3297.0
matched_early_mixture,0.25,pcgrad,20261001,baron,30,overall,3000,3241.0,589.4269668737063,320.54208074534165,1076.2114906832285,486.7845238095248,1091.0
matched_early_mixture,0.25,pcgrad,20261001,baron,30,europe,1500,1610.0,318.5043478260867,167.0956521739129,544.1043478260865,225.59999999999923,558.0
matched_early_mixture,0.25,pcgrad,20261001,baron,30,americas,1500,1631.0,270.9226190476193,153.44642857142853,532.1071428571445,261.1845238095243,533.0
matched_early_mixture,0.25,pcgrad,20261001,dragon,30,overall,3000,11329.0,888.7522381226955,472.57660483570766,1248.023737664917,359.27149954220374,3736.0
matched_early_mixture,0.25,pcgrad,20261001,dragon,30,europe,1500,5578.0,446.9391891891904,231.20270270270126,618.9459459459501,172.00675675675646,1834.0
matched_early_mixture,0.25,pcgrad,20261001,dragon,30,americas,1500,5751.0,441.8130489335077,241.37390213299835,629.0777917189521,187.26474278544512,1902.0
matched_early_mixture,0.25,pcgrad,20261001,teamfight,30,overall,3000,19795.0,437.2574883611955,195.69583931133394,913.1685649869619,475.9110766257689,6648.0
matched_early_mixture,0.25,pcgrad,20261001,teamfight,30,europe,1500,9978.0,215.6968641114985,97.33449477351921,447.87804878048587,232.18118466898997,3351.0
matched_early_mixture,0.25,pcgrad,20261001,teamfight,30,americas,1500,9817.0,221.56062424969883,98.36134453781489,465.2905162064794,243.72989195678136,3297.0
matched_early_mixture,0.25,pcgrad,20261002,baron,30,overall,3000,3241.0,604.2385730211818,327.0035037426347,1119.9157509157487,515.67717789457,1091.0
matched_early_mixture,0.25,pcgrad,20261002,baron,30,europe,1500,1610.0,327.2820512820512,176.51282051282067,568.4871794871785,241.20512820512926,558.0
matched_early_mixture,0.25,pcgrad,20261002,baron,30,americas,1500,1631.0,276.9565217391309,150.4906832298137,551.428571428573,274.4720496894419,533.0
matched_early_mixture,0.25,pcgrad,20261002,dragon,30,overall,3000,11329.0,809.4580058428802,440.7772983412503,1193.7577161437011,384.29971030081816,3736.0
matched_early_mixture,0.25,pcgrad,20261002,dragon,30,europe,1500,5578.0,390.6593406593344,215.10989010989024,585.1648351648269,194.50549450549462,1834.0
matched_early_mixture,0.25,pcgrad,20261002,dragon,30,americas,1500,5751.0,418.798665183533,225.66740823136885,608.5928809788635,189.7942157953281,1902.0
matched_early_mixture,0.25,pcgrad,20261002,teamfight,30,overall,3000,19795.0,435.484238831748,201.26628523200233,939.5374950930213,504.05325626128445,6648.0
matched_early_mixture,0.25,pcgrad,20261002,teamfight,30,europe,1500,9978.0,229.3882978723408,102.72606382978739,453.78989361701815,224.4015957446812,3351.0
matched_early_mixture,0.25,pcgrad,20261002,teamfight,30,americas,1500,9817.0,206.09594095941102,98.54022140221376,485.74760147601586,279.65166051660697,3297.0
matched_early_mixture,0.5,pcgrad,20260930,baron,30,overall,3000,3241.0,848.5318189089757,497.9309337172726,2006.6276755718898,1158.095856662931,1091.0
matched_early_mixture,0.5,pcgrad,20260930,baron,30,europe,1500,1610.0,444.3233082706773,258.4160401002505,997.1127819548922,552.7894736842129,558.0
matched_early_mixture,0.5,pcgrad,20260930,baron,30,americas,1500,1631.0,404.20851063829804,239.51489361702122,1009.5148936170184,605.3063829787237,533.0
matched_early_mixture,0.5,pcgrad,20260930,dragon,30,overall,3000,11329.0,1679.9158995682444,894.3897407138934,2455.890513511431,775.9746139431828,3736.0
matched_early_mixture,0.5,pcgrad,20260930,dragon,30,europe,1500,5578.0,796.6445131375636,429.78207109737207,1176.2828438949125,379.6383307573417,1834.0
matched_early_mixture,0.5,pcgrad,20260930,dragon,30,americas,1500,5751.0,883.2713864306745,464.6076696165179,1279.607669616511,396.33628318583965,1902.0
matched_early_mixture,0.5,pcgrad,20260930,teamfight,30,overall,3000,19795.0,797.3984753093434,391.9260390196312,1874.848929086306,1077.4504537769735,6648.0
matched_early_mixture,0.5,pcgrad,20260930,teamfight,30,europe,1500,9978.0,380.86268656716265,194.08656716417855,868.7940298507422,487.9313432835798,3351.0
matched_early_mixture,0.5,pcgrad,20260930,teamfight,30,americas,1500,9817.0,416.5357887421785,197.83947185545566,1006.0548992355751,589.5191104933937,3297.0
matched_early_mixture,0.5,pcgrad,20261001,baron,30,overall,3000,3241.0,829.4425686678965,475.2193030072736,1986.0449462599038,1156.6023775920073,1091.0
matched_early_mixture,0.5,pcgrad,20261001,baron,30,europe,1500,1610.0,431.6147540983605,243.59016393442613,995.4754098360646,563.8606557377043,558.0
matched_early_mixture,0.5,pcgrad,20261001,baron,30,americas,1500,1631.0,397.8278145695361,231.62913907284758,990.5695364238394,592.7417218543036,533.0
matched_early_mixture,0.5,pcgrad,20261001,dragon,30,overall,3000,11329.0,1681.494341110252,919.1869934552006,2459.8717996541204,778.3774585438728,3736.0
matched_early_mixture,0.5,pcgrad,20261001,dragon,30,europe,1500,5578.0,797.8682432432494,436.4391891891921,1201.7162162162267,403.8479729729757,1834.0
matched_early_mixture,0.5,pcgrad,20261001,dragon,30,americas,1500,5751.0,883.6260978670153,482.7478042659967,1258.1555834379042,374.52948557089024,1902.0
matched_early_mixture,0.5,pcgrad,20261001,teamfight,30,overall,3000,19795.0,817.1783832176981,388.2186298248133,1806.0265835147657,988.8482002970715,6648.0
matched_early_mixture,0.5,pcgrad,20261001,teamfight,30,europe,1500,9978.0,388.0847457627123,189.01694915254262,873.4491525423668,485.36440677966175,3351.0
matched_early_mixture,0.5,pcgrad,20261001,teamfight,30,americas,1500,9817.0,429.09363745498547,199.20168067226865,932.5774309724013,503.48379351741136,3297.0
matched_early_mixture,0.5,pcgrad,20261002,baron,30,overall,3000,3241.0,863.8997584541057,496.24497323410367,2052.5398877138177,1188.6401292596959,1091.0
matched_early_mixture,0.5,pcgrad,20261002,baron,30,europe,1500,1610.0,448.149758454106,255.2922705314008,1009.823671497583,561.6739130434771,558.0
matched_early_mixture,0.5,pcgrad,20261002,baron,30,americas,1500,1631.0,415.7500000000002,240.95270270270277,1042.716216216214,626.9662162162163,533.0
matched_early_mixture,0.5,pcgrad,20261002,dragon,30,overall,3000,11329.0,1618.9160116857604,881.5545966825006,2387.5154322874023,768.5994206016363,3736.0
matched_early_mixture,0.5,pcgrad,20261002,dragon,30,europe,1500,5578.0,781.3186813186688,430.2197802197805,1170.3296703296537,389.01098901098925,1834.0
matched_early_mixture,0.5,pcgrad,20261002,dragon,30,americas,1500,5751.0,837.597330367066,451.3348164627377,1217.185761957727,379.5884315906562,1902.0
matched_early_mixture,0.5,pcgrad,20261002,teamfight,30,overall,3000,19795.0,795.1431716273087,395.8221528523332,1841.7467263327885,1046.603554705462,6648.0
matched_early_mixture,0.5,pcgrad,20261002,teamfight,30,europe,1500,9978.0,395.3202933985323,198.75794621026935,873.3422982885031,478.0220048899748,3351.0
matched_early_mixture,0.5,pcgrad,20261002,teamfight,30,americas,1500,9817.0,399.8228782287797,197.06420664206595,968.4044280442705,568.5815498154934,3297.0
matched_early_mixture,0.75,pcgrad,20260930,baron,30,overall,3000,3241.0,1018.3247834559398,619.9174661781026,2901.9883359905953,1883.6635525346653,1091.0
matched_early_mixture,0.75,pcgrad,20260930,baron,30,europe,1500,1610.0,530.3509272467909,317.8259629101288,1420.2824536376613,889.9315263908682,558.0
matched_early_mixture,0.75,pcgrad,20260930,baron,30,americas,1500,1631.0,487.9738562091506,302.091503267974,1481.705882352943,993.7320261437924,533.0
matched_early_mixture,0.75,pcgrad,20260930,dragon,30,overall,3000,11329.0,2347.2099850486784,1302.9435891219139,3619.532024083684,1272.322039035035,3736.0
matched_early_mixture,0.75,pcgrad,20260930,dragon,30,europe,1500,5578.0,1132.5890410958923,627.2739726027419,1760.9863013698528,628.3972602739755,1834.0
matched_early_mixture,0.75,pcgrad,20260930,dragon,30,americas,1500,5751.0,1214.6209439528027,675.6696165191743,1858.545722713865,643.9247787610623,1902.0
matched_early_mixture,0.75,pcgrad,20260930,teamfight,30,overall,3000,19795.0,1167.4144482590586,594.3913445282291,2824.026814848609,1656.6123665895595,6648.0
matched_early_mixture,0.75,pcgrad,20260930,teamfight,30,europe,1500,9978.0,562.2059701492556,299.8701492537319,1328.3089552238755,766.10298507463,3351.0
matched_early_mixture,0.75,pcgrad,20260930,teamfight,30,americas,1500,9817.0,605.2084781097989,294.521195274495,1495.7178596247472,890.5093815149485,3297.0
matched_early_mixture,0.75,pcgrad,20261001,baron,30,overall,3000,3241.0,1001.8944353518823,603.0390070921987,2898.1953082378495,1896.300872885974,1091.0
matched_early_mixture,0.75,pcgrad,20261001,baron,30,europe,1500,1610.0,523.7021276595743,311.53900709219846,1456.9645390070953,933.2624113475166,558.0
matched_early_mixture,0.75,pcgrad,20261001,baron,30,americas,1500,1631.0,478.192307692308,291.50000000000017,1441.230769230762,963.0384615384638,533.0
matched_early_mixture,0.75,pcgrad,20261001,dragon,30,overall,3000,11329.0,2357.8571775368164,1322.603819388247,3606.6122349895027,1248.7550574526583,3736.0
matched_early_mixture,0.75,pcgrad,20261001,dragon,30,europe,1500,5578.0,1148.7972972973002,641.6756756756773,1784.4864864864917,635.689189189191,1834.0
matched_early_mixture,0.75,pcgrad,20261001,dragon,30,americas,1500,5751.0,1209.0598802395139,680.9281437125734,1822.1257485029776,613.0658682634717,1902.0
matched_early_mixture,0.75,pcgrad,20261001,teamfight,30,overall,3000,19795.0,1149.0248861673754,569.8193593970813,2719.9671848013586,1570.9422986339966,6648.0
matched_early_mixture,0.75,pcgrad,20261001,teamfight,30,europe,1500,9978.0,551.7727272727271,283.7727272727269,1325.0000000000023,773.2272727272767,3351.0
matched_early_mixture,0.75,pcgrad,20261001,teamfight,30,americas,1500,9817.0,597.252158894649,286.0466321243518,1394.9671848013768,797.715025906743,3297.0
matched_early_mixture,0.75,pcgrad,20261002,baron,30,overall,3000,3241.0,1005.8016025641012,599.8025641025635,2891.6400641025684,1885.8384615384712,1091.0
matched_early_mixture,0.75,pcgrad,20261002,baron,30,europe,1500,1610.0,521.6125000000002,307.07500000000005,1428.912499999996,907.2999999999984,558.0
matched_early_mixture,0.75,pcgrad,20261002,baron,30,americas,1500,1631.0,484.18910256410203,292.7275641025644,1462.727564102573,978.5384615384579,533.0
matched_early_mixture,0.75,pcgrad,20261002,dragon,30,overall,3000,11329.0,2349.18748263232,1321.3769609700614,3602.60645446513,1253.418971832759,3736.0
matched_early_mixture,0.75,pcgrad,20261002,dragon,30,europe,1500,5578.0,1135.9926108374357,639.5615763546783,1772.1551724137978,636.162561576354,1834.0
matched_early_mixture,0.75,pcgrad,20261002,dragon,30,americas,1500,5751.0,1213.194871794867,681.8153846153821,1830.4512820512725,617.256410256408,1902.0
matched_early_mixture,0.75,pcgrad,20261002,teamfight,30,overall,3000,19795.0,1137.8615514394803,576.4060402926767,2772.753186152897,1634.8916347134339,6648.0
matched_early_mixture,0.75,pcgrad,20261002,teamfight,30,europe,1500,9978.0,544.3117359413213,280.81784841075836,1321.6919315403456,777.3801955990241,3351.0
matched_early_mixture,0.75,pcgrad,20261002,teamfight,30,americas,1500,9817.0,593.5498154981539,295.5881918819183,1451.0612546125637,857.5114391143895,3297.0
matched_early_mixture,1.0,pcgrad,20260930,baron,30,overall,3000,3241.0,1134.6543021813789,701.634531430334,3751.0638929311594,2616.409590749768,1091.0
matched_early_mixture,1.0,pcgrad,20260930,baron,30,europe,1500,1610.0,585.4507845934381,360.62196861626245,1848.7774607703416,1263.3266761768978,558.0
matched_early_mixture,1.0,pcgrad,20260930,baron,30,americas,1500,1631.0,549.2035175879403,341.01256281407063,1902.2864321607929,1353.0829145728603,533.0
matched_early_mixture,1.0,pcgrad,20260930,dragon,30,overall,3000,11329.0,2879.751060103227,1665.878963864311,4711.821856563353,1832.0707964601825,3736.0
matched_early_mixture,1.0,pcgrad,20260930,dragon,30,europe,1500,5578.0,1392.453125,802.15625,2313.453125,921.0,1834.0
matched_early_mixture,1.0,pcgrad,20260930,dragon,30,americas,1500,5751.0,1487.2979351032504,863.7227138643102,2398.3687315634156,911.0707964601818,1902.0
matched_early_mixture,1.0,pcgrad,20260930,teamfight,30,overall,3000,19795.0,1518.366399544913,771.8442689045069,3783.832296807093,2265.4658972622,6648.0
matched_early_mixture,1.0,pcgrad,20260930,teamfight,30,europe,1500,9978.0,724.4852320675129,380.6413502109701,1798.451476793248,1073.966244725744,3351.0
matched_early_mixture,1.0,pcgrad,20260930,teamfight,30,americas,1500,9817.0,793.8811674774115,391.2029186935379,1985.380820013886,1191.499652536475,3297.0
matched_early_mixture,1.0,pcgrad,20261001,baron,30,overall,3000,3241.0,1132.606205644497,697.2784523613052,3803.9567821186533,2671.3505764741767,1091.0
matched_early_mixture,1.0,pcgrad,20261001,baron,30,europe,1500,1610.0,580.9315068493149,355.02544031311135,1881.655577299406,1300.7240704500966,558.0
matched_early_mixture,1.0,pcgrad,20261001,baron,30,americas,1500,1631.0,551.6746987951808,342.2530120481926,1922.3012048192834,1370.6265060241008,533.0
matched_early_mixture,1.0,pcgrad,20261001,dragon,30,overall,3000,11329.0,2883.965044197018,1678.5132590976932,4716.367667317236,1832.402623120193,3736.0
matched_early_mixture,1.0,pcgrad,20261001,dragon,30,europe,1500,5578.0,1421.3387096774168,821.6129032258045,2348.2822580645275,926.9435483870936,1834.0
matched_early_mixture,1.0,pcgrad,20261001,dragon,30,americas,1500,5751.0,1462.6263345195764,856.9003558718883,2368.0854092526765,905.4590747330997,1902.0
matched_early_mixture,1.0,pcgrad,20261001,teamfight,30,overall,3000,19795.0,1428.1839861621843,721.3750088184854,3603.2261032246124,2175.042117062418,6648.0
matched_early_mixture,1.0,pcgrad,20261001,teamfight,30,europe,1500,9978.0,688.4447806354033,357.60816944024197,1749.0620272314832,1060.617246596074,3351.0
matched_early_mixture,1.0,pcgrad,20261001,teamfight,30,americas,1500,9817.0,739.7392055267757,363.7668393782392,1854.164075993113,1114.4248704663332,3297.0
matched_early_mixture,1.0,pcgrad,20261002,baron,30,overall,3000,3241.0,1134.1545966759468,693.8718565088752,3733.913331012842,2599.7587343369073,1091.0
matched_early_mixture,1.0,pcgrad,20261002,baron,30,europe,1500,1610.0,589.2189349112431,355.2781065088758,1846.2662721893532,1257.0473372781096,558.0
matched_early_mixture,1.0,pcgrad,20261002,baron,30,americas,1500,1631.0,544.9356617647059,338.59375000000017,1887.6470588235131,1342.7113970588127,533.0
matched_early_mixture,1.0,pcgrad,20261002,dragon,30,overall,3000,11329.0,2920.1907576644235,1706.0269523290842,4733.589192169892,1813.3984345054453,3736.0
matched_early_mixture,1.0,pcgrad,20261002,dragon,30,europe,1500,5578.0,1411.6650124069508,822.5310173697249,2328.811414392073,917.1464019851086,1834.0
matched_early_mixture,1.0,pcgrad,20261002,dragon,30,americas,1500,5751.0,1508.525745257455,883.4959349593463,2404.777777777792,896.2520325203204,1902.0
matched_early_mixture,1.0,pcgrad,20261002,teamfight,30,overall,3000,19795.0,1459.032227412249,748.8611664219914,3697.7107914052654,2238.6785639930526,6648.0
matched_early_mixture,1.0,pcgrad,20261002,teamfight,30,europe,1500,9978.0,692.7196850393702,362.7669291338579,1771.7874015748134,1079.0677165354364,3351.0
matched_early_mixture,1.0,pcgrad,20261002,teamfight,30,americas,1500,9817.0,766.312542372877,386.0942372881335,1925.923389830492,1159.6108474576167,3297.0
matched_early_mixture,0.25,pcgrad,20260930,baron,60,overall,3000,3241.0,496.9763468239056,219.5819932100422,974.9369025283593,477.9605557044578,2152.0
matched_early_mixture,0.25,pcgrad,20260930,baron,60,europe,1500,1610.0,270.6043956043929,110.80586080586103,483.97435897435344,213.36996336996253,1048.0
matched_early_mixture,0.25,pcgrad,20260930,baron,60,americas,1500,1631.0,226.3719512195141,108.77613240418194,490.9625435540109,264.59059233449653,1104.0
matched_early_mixture,0.25,pcgrad,20260930,dragon,60,overall,3000,11329.0,1009.6358895981215,593.0548188438354,1347.2155668434825,337.5796772453483,7555.0
matched_early_mixture,0.25,pcgrad,20260930,dragon,60,europe,1500,5578.0,495.0440528634407,298.87114537445166,677.725770925107,182.6817180616746,3749.0
matched_early_mixture,0.25,pcgrad,20260930,dragon,60,americas,1500,5751.0,514.5918367346923,294.1836734693847,669.489795918369,154.89795918367176,3806.0
matched_early_mixture,0.25,pcgrad,20260930,teamfight,60,overall,3000,19795.0,539.4067734345396,278.58564419815,1038.518673967402,499.11190053286816,13137.0
matched_early_mixture,0.25,pcgrad,20260930,teamfight,60,europe,1500,9978.0,260.9875904860411,144.2605997931764,510.98759048604416,250.0000000000017,6630.0
matched_early_mixture,0.25,pcgrad,20260930,teamfight,60,americas,1500,9817.0,278.4191829484919,134.3250444049726,527.5310834813537,249.111900532861,6507.0
matched_early_mixture,0.25,pcgrad,20261001,baron,60,overall,3000,3241.0,474.3253495809718,223.66091229544588,991.9856082358577,517.6602586549017,2152.0
matched_early_mixture,0.25,pcgrad,20261001,baron,60,europe,1500,1610.0,249.7706422018331,114.564220183486,500.57339449540865,250.80275229357676,1048.0
matched_early_mixture,0.25,pcgrad,20261001,baron,60,americas,1500,1631.0,224.5547073791369,109.09669211195921,491.4122137404625,266.8575063613245,1104.0
matched_early_mixture,0.25,pcgrad,20261001,dragon,60,overall,3000,11329.0,989.9490114028299,599.2419673059495,1345.3846235085157,355.4356121056734,7555.0
matched_early_mixture,0.25,pcgrad,20261001,dragon,60,europe,1500,5578.0,485.5852726641098,299.9739492879445,673.9319208058218,188.3466481417161,3749.0
matched_early_mixture,0.25,pcgrad,20261001,dragon,60,americas,1500,5751.0,504.36373873873276,299.26801801801474,671.4527027026948,167.08896396396264,3806.0
matched_early_mixture,0.25,pcgrad,20261001,teamfight,60,overall,3000,19795.0,550.9829470701408,248.2403096852576,974.9700603852566,423.98711331512015,13137.0
matched_early_mixture,0.25,pcgrad,20261001,teamfight,60,europe,1500,9978.0,280.86099585062345,115.92323651452269,466.0269709543596,185.16597510373467,6630.0
matched_early_mixture,0.25,pcgrad,20261001,teamfight,60,americas,1500,9817.0,270.1219512195155,132.3170731707319,508.9430894308991,238.82113821138532,6507.0
matched_early_mixture,0.25,pcgrad,20261002,baron,60,overall,3000,3241.0,498.40967314759683,224.74195863912666,992.9487258820901,494.5390527344888,2152.0
matched_early_mixture,0.25,pcgrad,20261002,baron,60,europe,1500,1610.0,281.36254501800755,117.04681872749148,496.9987995198032,215.63625450180166,1048.0
matched_early_mixture,0.25,pcgrad,20261002,baron,60,americas,1500,1631.0,217.04712812960292,107.69513991163504,495.94992636229006,278.90279823269503,1104.0
matched_early_mixture,0.25,pcgrad,20261002,dragon,60,overall,3000,11329.0,1003.8556893798539,598.7276973766192,1349.7073265585493,345.85163717868505,7555.0
matched_early_mixture,0.25,pcgrad,20261002,dragon,60,europe,1500,5578.0,493.3351468988056,301.9586507072893,679.1349292709483,185.79978237214218,3749.0
matched_early_mixture,0.25,pcgrad,20261002,dragon,60,americas,1500,5751.0,510.52054248104605,296.76904666932273,670.5723972875891,160.05185480654131,3806.0
matched_early_mixture,0.25,pcgrad,20261002,teamfight,60,overall,3000,19795.0,553.3898042738768,286.7755446423641,1041.445742581536,488.0559383076735,13137.0
matched_early_mixture,0.25,pcgrad,20261002,teamfight,60,europe,1500,9978.0,268.0908009516262,149.73235527359336,518.1899286280695,250.09912767644855,6630.0
matched_early_mixture,0.25,pcgrad,20261002,teamfight,60,americas,1500,9817.0,285.2990033222593,137.04318936877084,523.2558139534879,237.9568106312294,6507.0
matched_early_mixture,0.5,pcgrad,20260930,baron,60,overall,3000,3241.0,993.9526936478112,439.1639864200844,1949.8738050567185,955.9211114089156,2152.0
matched_early_mixture,0.5,pcgrad,20260930,baron,60,europe,1500,1610.0,541.2087912087858,221.61172161172206,967.9487179487069,426.73992673992507,1048.0
matched_early_mixture,0.5,pcgrad,20260930,baron,60,americas,1500,1631.0,452.7439024390282,217.55226480836387,981.9250871080218,529.1811846689931,1104.0
matched_early_mixture,0.5,pcgrad,20260930,dragon,60,overall,3000,11329.0,2019.271779196243,1186.1096376876708,2694.431133686965,675.1593544906966,7555.0
matched_early_mixture,0.5,pcgrad,20260930,dragon,60,europe,1500,5578.0,990.0881057268814,597.7422907489033,1355.451541850214,365.3634361233492,3749.0
matched_early_mixture,0.5,pcgrad,20260930,dragon,60,americas,1500,5751.0,1029.1836734693845,588.3673469387694,1338.979591836738,309.7959183673435,3806.0
matched_early_mixture,0.5,pcgrad,20260930,teamfight,60,overall,3000,19795.0,1078.8135468690791,557.1712883963002,2077.037347934804,998.2238010657363,13137.0
matched_early_mixture,0.5,pcgrad,20260930,teamfight,60,europe,1500,9978.0,521.9751809720822,288.52119958635285,1021.9751809720883,500.0000000000034,6630.0
matched_early_mixture,0.5,pcgrad,20260930,teamfight,60,americas,1500,9817.0,556.8383658969838,268.6500888099452,1055.0621669627074,498.223801065722,6507.0
matched_early_mixture,0.5,pcgrad,20261001,baron,60,overall,3000,3241.0,948.6506991619435,447.32182459089177,1983.9712164717153,1035.3205173098033,2152.0
matched_early_mixture,0.5,pcgrad,20261001,baron,60,europe,1500,1610.0,499.5412844036662,229.12844036697197,1001.1467889908173,501.60550458715346,1048.0
matched_early_mixture,0.5,pcgrad,20261001,baron,60,americas,1500,1631.0,449.1094147582738,218.19338422391843,982.824427480925,533.715012722649,1104.0
matched_early_mixture,0.5,pcgrad,20261001,dragon,60,overall,3000,11329.0,1979.8980228056598,1198.483934611899,2690.7692470170314,710.8712242113468,7555.0
matched_early_mixture,0.5,pcgrad,20261001,dragon,60,europe,1500,5578.0,971.1705453282196,599.947898575889,1347.8638416116437,376.6932962834322,3749.0
matched_early_mixture,0.5,pcgrad,20261001,dragon,60,americas,1500,5751.0,1008.7274774774656,598.5360360360295,1342.90540540539,334.17792792792534,3806.0
matched_early_mixture,0.5,pcgrad,20261001,teamfight,60,overall,3000,19795.0,1101.1865136298638,527.2553802008636,1994.8546150167863,893.668101386909,13137.0
matched_early_mixture,0.5,pcgrad,20261001,teamfight,60,europe,1500,9978.0,560.9426111908172,262.6212338593959,976.9684361549599,416.0258249641292,6630.0
matched_early_mixture,0.5,pcgrad,20261001,teamfight,60,americas,1500,9817.0,540.243902439031,264.6341463414638,1017.8861788617982,477.64227642277064,6507.0
matched_early_mixture,0.5,pcgrad,20261002,baron,60,overall,3000,3241.0,996.8193462951937,449.48391727825333,1985.8974517641802,989.0781054689776,2152.0
matched_early_mixture,0.5,pcgrad,20261002,baron,60,europe,1500,1610.0,562.7250900360151,234.09363745498297,993.9975990396064,431.2725090036033,1048.0
matched_early_mixture,0.5,pcgrad,20261002,baron,60,americas,1500,1631.0,434.09425625920585,215.39027982327008,991.8998527245801,557.8055964653901,1104.0
matched_early_mixture,0.5,pcgrad,20261002,dragon,60,overall,3000,11329.0,2007.7113787597077,1197.4553947532384,2699.4146531170986,691.70327435737,7555.0
matched_early_mixture,0.5,pcgrad,20261002,dragon,60,europe,1500,5578.0,986.6702937976112,603.9173014145786,1358.2698585418966,371.59956474428435,3749.0
matched_early_mixture,0.5,pcgrad,20261002,dragon,60,americas,1500,5751.0,1021.0410849620921,593.5380933386455,1341.1447945751781,320.10370961308263,3806.0
matched_early_mixture,0.5,pcgrad,20261002,teamfight,60,overall,3000,19795.0,1106.7796085477537,573.5510892847282,2082.891485163072,976.111876615347,13137.0
matched_early_mixture,0.5,pcgrad,20261002,teamfight,60,europe,1500,9978.0,536.1816019032524,299.4647105471867,1036.379857256139,500.1982553528971,6630.0
matched_early_mixture,0.5,pcgrad,20261002,teamfight,60,americas,1500,9817.0,570.5980066445186,274.0863787375417,1046.5116279069757,475.9136212624588,6507.0
matched_early_mixture,0.75,pcgrad,20260930,baron,60,overall,3000,3241.0,1416.213598019429,666.1103520997598,2961.8537960755534,1545.640198056114,2152.0
matched_early_mixture,0.75,pcgrad,20260930,baron,60,europe,1500,1610.0,737.0977443609036,339.78195488721667,1488.9661654135448,751.8684210526328,1048.0
matched_early_mixture,0.75,pcgrad,20260930,baron,60,americas,1500,1631.0,679.1158536585345,326.3283972125452,1472.8876306620039,793.7717770034812,1104.0
matched_early_mixture,0.75,pcgrad,20260930,dragon,60,overall,3000,11329.0,3028.907668794451,1779.1644565315105,4041.6467005304758,1012.7390317360397,7555.0
matched_early_mixture,0.75,pcgrad,20260930,dragon,60,europe,1500,5578.0,1485.1321585902879,896.6134361233404,2033.1773127753245,548.0451541850234,3749.0
matched_early_mixture,0.75,pcgrad,20260930,dragon,60,americas,1500,5751.0,1543.7755102041053,882.551020408176,2008.4693877551329,464.69387755102434,3806.0
matched_early_mixture,0.75,pcgrad,20260930,teamfight,60,overall,3000,19795.0,1618.220320303559,835.7569325944393,3115.5560219021518,1497.3357015985544,13137.0
matched_early_mixture,0.75,pcgrad,20260930,teamfight,60,europe,1500,9978.0,782.9627714581142,432.7817993795289,1532.96277145811,749.9999999999976,6630.0
matched_early_mixture,0.75,pcgrad,20260930,teamfight,60,americas,1500,9817.0,835.2575488454709,402.97513321491806,1582.5932504440411,747.3357015985788,6507.0
matched_early_mixture,0.75,pcgrad,20261001,baron,60,overall,3000,3241.0,1413.6523177529255,670.2647812262599,2975.6868941724706,1562.0345764195613,2152.0
matched_early_mixture,0.75,pcgrad,20261001,baron,60,europe,1500,1610.0,739.9881956155126,342.9747048903881,1501.4502529511037,761.4620573355787,1048.0
matched_early_mixture,0.75,pcgrad,20261001,baron,60,americas,1500,1631.0,673.6641221373964,327.290076335877,1474.2366412213778,800.5725190839628,1104.0
matched_early_mixture,0.75,pcgrad,20261001,dragon,60,overall,3000,11329.0,2969.847034208593,1797.725901917878,4036.1538705256403,1066.3068363170194,7555.0
matched_early_mixture,0.75,pcgrad,20261001,dragon,60,europe,1500,5578.0,1456.7558179923446,899.9218478638177,2021.7957624174826,565.039944425138,3749.0
matched_early_mixture,0.75,pcgrad,20261001,dragon,60,americas,1500,5751.0,1513.091216216198,897.8040540540433,2014.3581081080847,501.26689189188727,3806.0
matched_early_mixture,0.75,pcgrad,20261001,teamfight,60,overall,3000,19795.0,1651.0789096126282,818.5573888091914,3032.671449067442,1381.5925394548144,13137.0
matched_early_mixture,0.75,pcgrad,20261001,teamfight,60,europe,1500,9978.0,840.713055954092,421.6061692969856,1505.8421807747638,665.1291248206602,6630.0
matched_early_mixture,0.75,pcgrad,20261001,teamfight,60,americas,1500,9817.0,810.3658536585478,396.9512195121993,1526.8292682926801,716.4634146341555,6507.0
matched_early_mixture,0.75,pcgrad,20261002,baron,60,overall,3000,3241.0,1386.8728283834107,661.897835389423,2957.933449802173,1571.0606214187299,2152.0
matched_early_mixture,0.75,pcgrad,20261002,baron,60,europe,1500,1610.0,735.7314439945987,338.812415654522,1470.0836707152346,734.3522267206465,1048.0
matched_early_mixture,0.75,pcgrad,20261002,baron,60,americas,1500,1631.0,651.1413843888045,323.0854197349031,1487.8497790869014,836.7083946980831,1104.0
matched_early_mixture,0.75,pcgrad,20261002,dragon,60,overall,3000,11329.0,3011.5670681396064,1796.183092129866,4049.121979675643,1037.5549115360466,7555.0
matched_early_mixture,0.75,pcgrad,20261002,dragon,60,europe,1500,5578.0,1480.0054406964016,905.8759521218739,2037.404787812831,557.3993471164362,3749.0
matched_early_mixture,0.75,pcgrad,20261002,dragon,60,americas,1500,5751.0,1531.5616274431625,890.3071400079644,2011.7171918627957,480.15556441962093,3806.0
matched_early_mixture,0.75,pcgrad,20261002,teamfight,60,overall,3000,19795.0,1660.1694128216402,860.3266339270843,3124.3372277447033,1464.1678149230204,13137.0
matched_early_mixture,0.75,pcgrad,20261002,teamfight,60,europe,1500,9978.0,804.2724028548765,449.1970658207709,1554.5697858842175,750.2973830293399,6630.0
matched_early_mixture,0.75,pcgrad,20261002,teamfight,60,americas,1500,9817.0,855.897009966766,411.12956810631255,1569.7674418604513,713.8704318936805,6507.0
matched_early_mixture,1.0,pcgrad,20260930,baron,60,overall,3000,3241.0,1730.2761729691815,881.3818277310907,3958.646183473361,2228.3700105041867,2152.0
matched_early_mixture,1.0,pcgrad,20260930,baron,60,europe,1500,1610.0,892.6711309523788,447.9196428571442,1992.0327380952235,1099.361607142852,1048.0
matched_early_mixture,1.0,pcgrad,20260930,baron,60,americas,1500,1631.0,837.605042016806,433.46218487394924,1966.6134453781483,1129.0084033613425,1104.0
matched_early_mixture,1.0,pcgrad,20260930,dragon,60,overall,3000,11329.0,4038.543558392486,2372.2192753753416,5388.86226737393,1350.3187089813932,7555.0
matched_early_mixture,1.0,pcgrad,20260930,dragon,60,europe,1500,5578.0,1980.1762114537628,1195.4845814978066,2710.903083700428,730.7268722466983,3749.0
matched_early_mixture,1.0,pcgrad,20260930,dragon,60,americas,1500,5751.0,2058.367346938769,1176.7346938775388,2677.959183673476,619.591836734687,3806.0
matched_early_mixture,1.0,pcgrad,20260930,teamfight,60,overall,3000,19795.0,2157.6270937381582,1114.3425767926003,4154.074695869608,1996.4476021314726,13137.0
matched_early_mixture,1.0,pcgrad,20260930,teamfight,60,europe,1500,9978.0,1043.9503619441643,577.0423991727057,2043.9503619441766,1000.0000000000068,6630.0
matched_early_mixture,1.0,pcgrad,20260930,teamfight,60,americas,1500,9817.0,1113.6767317939677,537.3001776198904,2110.1243339254147,996.447602131444,6507.0
matched_early_mixture,1.0,pcgrad,20261001,baron,60,overall,3000,3241.0,1721.7845496494374,884.1922021656778,3963.7022741198093,2241.917724470362,2152.0
matched_early_mixture,1.0,pcgrad,20261001,baron,60,europe,1500,1610.0,889.8617200674573,449.8465430016877,1999.1315345699734,1109.269814502535,1048.0
matched_early_mixture,1.0,pcgrad,20261001,baron,60,americas,1500,1631.0,831.9228295819951,434.34565916398617,1964.570739549831,1132.647909967848,1104.0
matched_early_mixture,1.0,pcgrad,20261001,dragon,60,overall,3000,11329.0,3959.7960456113196,2396.967869223798,5381.538494034063,1421.7424484226935,7555.0
matched_early_mixture,1.0,pcgrad,20261001,dragon,60,europe,1500,5578.0,1942.3410906564393,1199.895797151778,2695.7276832232874,753.3865925668644,3749.0
matched_early_mixture,1.0,pcgrad,20261001,dragon,60,americas,1500,5751.0,2017.4549549549313,1197.072072072059,2685.81081081078,668.3558558558507,3806.0
matched_early_mixture,1.0,pcgrad,20261001,teamfight,60,overall,3000,19795.0,2200.971305595435,1109.8593974175176,4070.4882831181244,1869.5169775227366,13137.0
matched_early_mixture,1.0,pcgrad,20261001,teamfight,60,europe,1500,9978.0,1120.4835007173701,580.5911047345795,2034.7159253945722,914.2324246771951,6630.0
matched_early_mixture,1.0,pcgrad,20261001,teamfight,60,americas,1500,9817.0,1080.487804878062,529.2682926829276,2035.7723577235963,955.2845528455413,6507.0
matched_early_mixture,1.0,pcgrad,20261002,baron,60,overall,3000,3241.0,1711.4259391566022,867.3058576557007,3922.4650225362407,2211.039083379656,2152.0
matched_early_mixture,1.0,pcgrad,20261002,baron,60,europe,1500,1610.0,877.9379217273909,440.02699055330453,1940.2253711201147,1062.2874493927068,1048.0
matched_early_mixture,1.0,pcgrad,20261002,baron,60,americas,1500,1631.0,833.4880174291956,427.27886710239534,1982.2396514161385,1148.7516339869326,1104.0
matched_early_mixture,1.0,pcgrad,20261002,dragon,60,overall,3000,11329.0,4015.4227575194154,2394.9107895064767,5398.829306234197,1383.4065487147402,7555.0
matched_early_mixture,1.0,pcgrad,20261002,dragon,60,europe,1500,5578.0,1973.3405875952224,1207.8346028291571,2716.539717083793,743.1991294885688,3749.0
matched_early_mixture,1.0,pcgrad,20261002,dragon,60,americas,1500,5751.0,2042.0821699241842,1187.076186677291,2682.2895891503563,640.2074192261653,3806.0
matched_early_mixture,1.0,pcgrad,20261002,teamfight,60,overall,3000,19795.0,2213.5592170955074,1147.1021785694563,4165.782970326144,1952.223753230694,13137.0
matched_early_mixture,1.0,pcgrad,20261002,teamfight,60,europe,1500,9978.0,1072.3632038065048,598.9294210943734,2072.759714512278,1000.3965107057942,6630.0
matched_early_mixture,1.0,pcgrad,20261002,teamfight,60,americas,1500,9817.0,1141.1960132890372,548.1727574750834,2093.0232558139514,951.8272425249176,6507.0
matched_early_mixture,0.25,timely_leagueews,20260930,baron,30,overall,3000,3241.0,582.1243654822329,322.016497461929,1063.8134517766478,481.68908629441586,1091.0
matched_early_mixture,0.25,timely_leagueews,20260930,baron,30,europe,1500,1610.0,305.6243654822335,164.76649746192908,528.5634517766489,222.9390862944167,558.0
matched_early_mixture,0.25,timely_leagueews,20260930,baron,30,americas,1500,1631.0,276.5,157.25,535.25,258.75,533.0
matched_early_mixture,0.25,timely_leagueews,20260930,dragon,30,overall,3000,11329.0,882.799781673406,617.7919476016184,1428.4842034290184,545.6844217556039,3736.0
matched_early_mixture,0.25,timely_leagueews,20260930,dragon,30,europe,1500,5578.0,409.63218390804843,285.5517241379311,682.5344827586207,272.9022988505745,1834.0
matched_early_mixture,0.25,timely_leagueews,20260930,dragon,30,americas,1500,5751.0,473.1675977653623,332.2402234636867,745.9497206703896,272.78212290502745,1902.0
matched_early_mixture,0.25,timely_leagueews,20260930,teamfight,30,overall,3000,19795.0,413.4595153594849,254.76644651796894,969.7730979857632,556.3135826262726,6648.0
matched_early_mixture,0.25,timely_leagueews,20260930,teamfight,30,europe,1500,9978.0,193.59235668789853,123.61146496815273,467.19745222930146,273.6050955414021,3351.0
matched_early_mixture,0.25,timely_leagueews,20260930,teamfight,30,americas,1500,9817.0,219.86715867158682,131.15498154981532,502.57564575645483,282.7084870848707,3297.0
matched_early_mixture,0.25,timely_leagueews,20261001,baron,30,overall,3000,3241.0,594.3185636777308,326.5049005308908,1099.3737529899029,505.0551893121755,1091.0
matched_early_mixture,0.25,timely_leagueews,20261001,baron,30,europe,1500,1610.0,311.2775800711742,168.5622775800713,539.5622775800695,228.2846975088971,558.0
matched_early_mixture,0.25,timely_leagueews,20261001,baron,30,americas,1500,1631.0,283.0409836065572,157.94262295081953,559.8114754098369,276.7704918032784,533.0
matched_early_mixture,0.25,timely_leagueews,20261001,dragon,30,overall,3000,11329.0,832.8197394877144,631.686336218199,1414.284989946678,581.465250458954,3736.0
matched_early_mixture,0.25,timely_leagueews,20261001,dragon,30,europe,1500,5578.0,399.28315412186237,302.24731182795614,695.7240143369148,296.44086021505285,1834.0
matched_early_mixture,0.25,timely_leagueews,20261001,dragon,30,americas,1500,5751.0,433.5365853658527,329.4390243902434,718.5609756097537,285.0243902439019,1902.0
matched_early_mixture,0.25,timely_leagueews,20261001,teamfight,30,overall,3000,19795.0,379.1323890149199,239.9904830410004,939.8251351002366,560.692746085317,6648.0
matched_early_mixture,0.25,timely_leagueews,20261001,teamfight,30,europe,1500,9978.0,179.33962264150895,120.18696397941699,451.49571183533544,272.1560891938242,3351.0
matched_early_mixture,0.25,timely_leagueews,20261001,teamfight,30,americas,1500,9817.0,199.79276637341232,119.80351906158396,488.3294232649021,288.5366568914955,3297.0
matched_early_mixture,0.25,timely_leagueews,20261002,baron,30,overall,3000,3241.0,568.6901561699955,305.6734511008703,1038.2902585765542,469.6001024065538,1091.0
matched_early_mixture,0.25,timely_leagueews,20261002,baron,30,europe,1500,1610.0,307.9603174603176,164.2460317460318,512.253968253968,204.2936507936511,558.0
matched_early_mixture,0.25,timely_leagueews,20261002,baron,30,americas,1500,1631.0,260.7298387096765,141.4274193548387,526.0362903225812,265.3064516129021,533.0
matched_early_mixture,0.25,timely_leagueews,20261002,dragon,30,overall,3000,11329.0,846.6993135376821,622.6484674329515,1404.6190453384445,557.9197318007677,3736.0
matched_early_mixture,0.25,timely_leagueews,20261002,dragon,30,europe,1500,5578.0,389.96551724138243,291.2873563218406,661.5241379310409,271.5586206896566,1834.0
matched_early_mixture,0.25,timely_leagueews,20261002,dragon,30,americas,1500,5751.0,456.7337962962934,331.3611111111106,743.094907407408,286.36111111111154,1902.0
matched_early_mixture,0.25,timely_leagueews,20261002,teamfight,30,overall,3000,19795.0,391.59587834539457,252.85821465712922,980.3035528577699,588.7076745123816,6648.0
matched_early_mixture,0.25,timely_leagueews,20261002,teamfight,30,europe,1500,9978.0,188.90296495956807,121.24797843665772,483.31536388140205,294.4123989218318,3351.0
matched_early_mixture,0.25,timely_leagueews,20261002,teamfight,30,americas,1500,9817.0,202.69291338582622,131.61023622047236,496.9881889763749,294.29527559054986,3297.0
matched_early_mixture,0.5,timely_leagueews,20260930,baron,30,overall,3000,3241.0,844.1916968514905,495.05161971521204,2038.9829156340227,1194.7912187825343,1091.0
matched_early_mixture,0.5,timely_leagueews,20260930,baron,30,europe,1500,1610.0,439.94845360824706,251.84536082474278,1009.0412371133972,569.0927835051533,558.0
matched_early_mixture,0.5,timely_leagueews,20260930,baron,30,americas,1500,1631.0,404.243243243244,243.20625889046988,1029.9416785206304,625.698435277386,533.0
matched_early_mixture,0.5,timely_leagueews,20260930,dragon,30,overall,3000,11329.0,1568.8326921432867,1029.9131743181924,2599.4376164828736,1030.604924339564,3736.0
matched_early_mixture,0.5,timely_leagueews,20260930,dragon,30,europe,1500,5578.0,742.6190476190397,485.6761904761878,1269.3047619047575,526.6857142857112,1834.0
matched_early_mixture,0.5,timely_leagueews,20260930,dragon,30,americas,1500,5751.0,826.2136445242352,544.2369838420128,1330.1328545780893,503.9192100538626,1902.0
matched_early_mixture,0.5,timely_leagueews,20260930,teamfight,30,overall,3000,19795.0,759.7404255319101,458.0457446808506,1929.4782505910073,1169.737825059091,6648.0
matched_early_mixture,0.5,timely_leagueews,20260930,teamfight,30,europe,1500,9978.0,356.9999999999993,224.2500000000003,910.3888888888814,553.388888888886,3351.0
matched_early_mixture,0.5,timely_leagueews,20260930,teamfight,30,americas,1500,9817.0,402.7404255319157,233.7957446808515,1019.08936170212,616.348936170212,3297.0
matched_early_mixture,0.5,timely_leagueews,20261001,baron,30,overall,3000,3241.0,829.8005512402912,485.1721373089449,2018.1914620395903,1188.390910799299,1091.0
matched_early_mixture,0.5,timely_leagueews,20261001,baron,30,europe,1500,1610.0,436.8461538461542,254.23076923076945,993.6442307692238,556.7980769230769,558.0
matched_early_mixture,0.5,timely_leagueews,20261001,baron,30,americas,1500,1631.0,392.9543973941364,230.94136807817566,1024.547231270365,631.5928338762222,533.0
matched_early_mixture,0.5,timely_leagueews,20261001,dragon,30,overall,3000,11329.0,1496.3005348245645,1036.2968330206581,2548.432659093286,1052.1321242686893,3736.0
matched_early_mixture,0.5,timely_leagueews,20261001,dragon,30,europe,1500,5578.0,732.8090737240022,508.784499054818,1264.9943289224843,532.1852551984853,1834.0
matched_early_mixture,0.5,timely_leagueews,20261001,dragon,30,americas,1500,5751.0,763.491461100565,527.512333965842,1283.43833017077,519.9468690702059,1902.0
matched_early_mixture,0.5,timely_leagueews,20261001,teamfight,30,overall,3000,19795.0,700.0867379267071,431.913609139626,1847.37792976526,1147.2911918385316,6648.0
matched_early_mixture,0.5,timely_leagueews,20261001,teamfight,30,europe,1500,9978.0,347.80130293159704,224.13355048859918,915.1335504886068,567.332247557006,3351.0
matched_early_mixture,0.5,timely_leagueews,20261001,teamfight,30,americas,1500,9817.0,352.28543499511244,207.7800586510269,932.2443792766279,579.958944281522,3297.0
matched_early_mixture,0.5,timely_leagueews,20261002,baron,30,overall,3000,3241.0,833.008749736456,481.05998313303854,1984.8975332068178,1151.888783470379,1091.0
matched_early_mixture,0.5,timely_leagueews,20261002,baron,30,europe,1500,1610.0,433.2614379084965,246.39869281045748,971.7254901960806,538.4640522875814,558.0
matched_early_mixture,0.5,timely_leagueews,20261002,baron,30,americas,1500,1631.0,399.74731182795756,234.66129032258053,1013.1720430107596,613.4247311827994,533.0
matched_early_mixture,0.5,timely_leagueews,20261002,dragon,30,overall,3000,11329.0,1552.479220382146,1051.7497324840763,2598.7236585986993,1046.2444382165588,3736.0
matched_early_mixture,0.5,timely_leagueews,20261002,dragon,30,europe,1500,5578.0,724.3168000000004,488.94399999999683,1247.819199999996,523.5023999999974,1834.0
matched_early_mixture,0.5,timely_leagueews,20261002,dragon,30,americas,1500,5751.0,828.1624203821624,562.8057324840771,1350.9044585987133,522.7420382165619,1902.0
matched_early_mixture,0.5,timely_leagueews,20261002,teamfight,30,overall,3000,19795.0,716.6135440180577,449.33911641405945,1901.51022250885,1184.8966784908032,6648.0
matched_early_mixture,0.5,timely_leagueews,20261002,teamfight,30,europe,1500,9978.0,348.01354401805764,220.024830699774,933.595936794586,585.5823927765233,3351.0
matched_early_mixture,0.5,timely_leagueews,20261002,teamfight,30,americas,1500,9817.0,368.60000000000065,229.31428571428597,967.9142857142782,599.3142857142846,3297.0
matched_early_mixture,0.75,timely_leagueews,20260930,baron,30,overall,3000,3241.0,1021.1565390894223,616.643550650614,2940.0459869972674,1918.8894479078308,1091.0
matched_early_mixture,0.75,timely_leagueews,20260930,baron,30,europe,1500,1610.0,535.8322147651006,322.22818791946304,1466.8255033557086,930.9932885906037,558.0
matched_early_mixture,0.75,timely_leagueews,20260930,baron,30,americas,1500,1631.0,485.32432432432284,294.4153627311522,1473.2204836415397,987.8961593172047,533.0
matched_early_mixture,0.75,timely_leagueews,20260930,dragon,30,overall,3000,11329.0,2204.3554671134953,1404.275827398395,3709.371279616426,1505.0158125028884,3736.0
matched_early_mixture,0.75,timely_leagueews,20260930,dragon,30,europe,1500,5578.0,1055.9307359307422,675.2865800865846,1836.8372294372093,780.9064935064994,1834.0
matched_early_mixture,0.75,timely_leagueews,20260930,dragon,30,americas,1500,5751.0,1148.4247311827949,728.9892473118297,1872.534050179189,724.1093189964181,1902.0
matched_early_mixture,0.75,timely_leagueews,20260930,teamfight,30,overall,3000,19795.0,1053.0250138484992,634.1999030605172,2851.215638415721,1798.1906245672455,6648.0
matched_early_mixture,0.75,timely_leagueews,20260930,teamfight,30,europe,1500,9978.0,498.3253012048184,314.2228915662646,1364.5963855421844,866.271084337355,3351.0
matched_early_mixture,0.75,timely_leagueews,20260930,teamfight,30,americas,1500,9817.0,554.6997126436762,319.977011494252,1486.6192528735562,931.9195402298805,3297.0
matched_early_mixture,0.75,timely_leagueews,20261001,baron,30,overall,3000,3241.0,1005.5083938862465,603.9393635680294,2906.0915810573406,1900.5831871711314,1091.0
matched_early_mixture,0.75,timely_leagueews,20261001,baron,30,europe,1500,1610.0,523.3846153846158,311.923076923077,1451.5769230769295,928.1923076923115,558.0
matched_early_mixture,0.75,timely_leagueews,20261001,baron,30,americas,1500,1631.0,482.1237785016298,292.0162866449517,1454.5146579804486,972.3908794788316,533.0
matched_early_mixture,0.75,timely_leagueews,20261001,dragon,30,overall,3000,11329.0,2148.855500798565,1418.957721868037,3665.2905273503175,1516.4350265517992,3736.0
matched_early_mixture,0.75,timely_leagueews,20261001,dragon,30,europe,1500,5578.0,1054.1258992805806,703.2338129496433,1822.910071942434,768.7841726618745,1834.0
matched_early_mixture,0.75,timely_leagueews,20261001,dragon,30,americas,1500,5751.0,1094.7296015180307,715.7239089184108,1842.3804554079504,747.6508538899484,1902.0
matched_early_mixture,0.75,timely_leagueews,20261001,teamfight,30,overall,3000,19795.0,994.2732176233224,606.0057839082191,2752.408520956147,1758.1353033327944,6648.0
matched_early_mixture,0.75,timely_leagueews,20261001,teamfight,30,europe,1500,9978.0,489.49511400651386,310.24918566775233,1376.2491856677552,886.7540716612327,3351.0
matched_early_mixture,0.75,timely_leagueews,20261001,teamfight,30,americas,1500,9817.0,504.778103616811,295.7565982404682,1376.1593352883585,871.3812316715484,3297.0
matched_early_mixture,0.75,timely_leagueews,20261002,baron,30,overall,3000,3241.0,997.2586731588536,593.7060255629935,2893.0172448772796,1895.7585717183906,1091.0
matched_early_mixture,0.75,timely_leagueews,20261002,baron,30,europe,1500,1610.0,520.2264150943397,308.64150943396226,1451.0817610062868,930.855345911948,558.0
matched_early_mixture,0.75,timely_leagueews,20261002,baron,30,americas,1500,1631.0,477.0322580645153,285.0645161290324,1441.9354838709592,964.9032258064462,533.0
matched_early_mixture,0.75,timely_leagueews,20261002,dragon,30,overall,3000,11329.0,2178.597373248409,1422.292726114656,3678.6070980891736,1500.0097248407717,3736.0
matched_early_mixture,0.75,timely_leagueews,20261002,dragon,30,europe,1500,5578.0,1041.716800000012,680.9440000000033,1803.4192000000285,761.7024000000058,1834.0
matched_early_mixture,0.75,timely_leagueews,20261002,dragon,30,americas,1500,5751.0,1136.8805732484113,741.3487261146531,1875.1878980891581,738.3073248407683,1902.0
matched_early_mixture,0.75,timely_leagueews,20261002,teamfight,30,overall,3000,19795.0,1004.2736452061093,621.6401420410673,2802.6824558694857,1798.4088106633894,6648.0
matched_early_mixture,0.75,timely_leagueews,20261002,teamfight,30,europe,1500,9978.0,484.2941176470605,304.80392156862825,1365.1895424836619,880.8954248365977,3351.0
matched_early_mixture,0.75,timely_leagueews,20261002,teamfight,30,americas,1500,9817.0,519.9795275590534,316.8362204724403,1437.4929133858345,917.5133858267675,3297.0
matched_early_mixture,1.0,timely_leagueews,20260930,baron,30,overall,3000,3241.0,1155.9970404379292,714.6840261345578,3811.225781387933,2655.2287409500077,1091.0
matched_early_mixture,1.0,timely_leagueews,20260930,baron,30,europe,1500,1610.0,596.0514285714289,367.9942857142859,1869.9142857142886,1273.8628571428594,558.0
matched_early_mixture,1.0,timely_leagueews,20260930,baron,30,americas,1500,1631.0,559.9456118665023,346.6897404202723,1941.3114956736536,1381.3658838071576,533.0
matched_early_mixture,1.0,timely_leagueews,20260930,dragon,30,overall,3000,11329.0,2822.102639296187,1771.305571847492,4840.075790159678,2017.9731508634557,3736.0
matched_early_mixture,1.0,timely_leagueews,20260930,dragon,30,europe,1500,5578.0,1369.242424242423,864.896969696976,2404.369696969699,1035.1272727272801,1834.0
matched_early_mixture,1.0,timely_leagueews,20260930,dragon,30,americas,1500,5751.0,1452.8602150537558,906.4086021505351,2435.706093189945,982.8458781361971,1902.0
matched_early_mixture,1.0,timely_leagueews,20260930,teamfight,30,overall,3000,19795.0,1324.6221783686535,795.5197514194729,3751.5324227946326,2426.9102444259947,6648.0
matched_early_mixture,1.0,timely_leagueews,20260930,teamfight,30,europe,1500,9978.0,628.2198795180749,389.33584337349487,1821.4864457831468,1193.266566265069,3351.0
matched_early_mixture,1.0,timely_leagueews,20260930,teamfight,30,americas,1500,9817.0,696.4022988505757,406.1839080459784,1930.0459770115074,1233.643678160923,3297.0
matched_early_mixture,1.0,timely_leagueews,20261001,baron,30,overall,3000,3241.0,1136.3657913975876,697.5497136590717,3746.453088826578,2610.0872974290023,1091.0
matched_early_mixture,1.0,timely_leagueews,20261001,baron,30,europe,1500,1610.0,588.9399293286218,361.2738515901062,1879.056537102462,1290.1166077738444,558.0
matched_early_mixture,1.0,timely_leagueews,20261001,baron,30,americas,1500,1631.0,547.4258620689657,336.27586206896535,1867.3965517241363,1319.970689655177,533.0
matched_early_mixture,1.0,timely_leagueews,20261001,dragon,30,overall,3000,11329.0,2797.7645045254176,1795.3437572522732,4800.896321652329,2003.1318171269572,3736.0
matched_early_mixture,1.0,timely_leagueews,20261001,dragon,30,europe,1500,5578.0,1371.7967625899328,891.4082733812975,2399.5737410071856,1027.7769784172697,1834.0
matched_early_mixture,1.0,timely_leagueews,20261001,dragon,30,americas,1500,5751.0,1425.9677419354916,903.9354838709689,2401.3225806451837,975.3548387096787,1902.0
matched_early_mixture,1.0,timely_leagueews,20261001,teamfight,30,overall,3000,19795.0,1276.872162047005,774.756325005701,3658.0190468640917,2381.1468848170625,6648.0
matched_early_mixture,1.0,timely_leagueews,20261001,teamfight,30,europe,1500,9978.0,630.7715565509507,396.00783874580134,1839.0772676371848,1208.305711086225,3351.0
matched_early_mixture,1.0,timely_leagueews,20261001,teamfight,30,americas,1500,9817.0,646.1006054960425,378.7484862598967,1818.9417792268475,1172.8411737308,3297.0
matched_early_mixture,1.0,timely_leagueews,20261002,baron,30,overall,3000,3241.0,1128.6395061135267,688.1987556751308,3756.6874054144932,2628.047899300967,1091.0
matched_early_mixture,1.0,timely_leagueews,20261002,baron,30,europe,1500,1610.0,583.8274760383383,355.61980830670944,1878.003194888172,1294.1757188498354,558.0
matched_early_mixture,1.0,timely_leagueews,20261002,baron,30,americas,1500,1631.0,544.8120300751887,332.5789473684215,1878.6842105263217,1333.8721804511329,533.0
matched_early_mixture,1.0,timely_leagueews,20261002,dragon,30,overall,3000,11329.0,2774.0288618242244,1775.1780075352594,4772.654534302993,1998.6256724787436,3736.0
matched_early_mixture,1.0,timely_leagueews,20261002,dragon,30,europe,1500,5578.0,1338.8217821782087,861.3762376237627,2353.9801980197667,1015.1584158415847,1834.0
matched_early_mixture,1.0,timely_leagueews,20261002,dragon,30,americas,1500,5751.0,1435.2070796460207,913.801769911501,2418.6743362832026,983.4672566371637,1902.0
matched_early_mixture,1.0,timely_leagueews,20261002,teamfight,30,overall,3000,19795.0,1277.9593793422828,790.9054268951667,3712.135134578732,2434.175755236458,6648.0
matched_early_mixture,1.0,timely_leagueews,20261002,teamfight,30,europe,1500,9978.0,605.617647058824,380.17156862745173,1789.2091503267877,1183.5915032679688,3351.0
matched_early_mixture,1.0,timely_leagueews,20261002,teamfight,30,americas,1500,9817.0,672.3417322834653,410.7338582677176,1922.9259842519575,1250.5842519684995,3297.0
matched_early_mixture,0.25,timely_leagueews,20260930,baron,60,overall,3000,3241.0,563.8606943637124,307.72614232765676,1132.1628015320478,568.3021071683353,2152.0
matched_early_mixture,0.25,timely_leagueews,20260930,baron,60,europe,1500,1610.0,301.9250720461098,162.7146974063397,584.9596541786784,283.03458213256454,1048.0
matched_early_mixture,0.25,timely_leagueews,20260930,baron,60,americas,1500,1631.0,261.93562231759614,145.01144492131655,547.2031473533658,285.26752503576597,1104.0
matched_early_mixture,0.25,timely_leagueews,20260930,dragon,60,overall,3000,11329.0,1429.1456972552428,1306.4868472713044,2027.6761252096994,598.5304279544553,7555.0
matched_early_mixture,0.25,timely_leagueews,20260930,dragon,60,europe,1500,5578.0,691.6262626262653,633.4444444444456,981.4040404040484,289.77777777777686,3749.0
matched_early_mixture,0.25,timely_leagueews,20260930,dragon,60,americas,1500,5751.0,737.5194346289767,673.0424028268552,1046.272084805657,308.7526501766784,3806.0
matched_early_mixture,0.25,timely_leagueews,20260930,teamfight,60,overall,3000,19795.0,626.2081658596787,497.9884840440459,1258.099680320053,631.8915144603793,13137.0
matched_early_mixture,0.25,timely_leagueews,20260930,teamfight,60,europe,1500,9978.0,336.09395973154284,273.0469798657713,660.2751677852362,324.18120805369045,6630.0
matched_early_mixture,0.25,timely_leagueews,20260930,teamfight,60,americas,1500,9817.0,290.11420612813424,224.94150417827285,597.8245125348226,307.710306406686,6507.0
matched_early_mixture,0.25,timely_leagueews,20261001,baron,60,overall,3000,3241.0,512.2629913260895,286.0791201062748,1075.7728764554076,563.5098851293253,2152.0
matched_early_mixture,0.25,timely_leagueews,20261001,baron,60,europe,1500,1610.0,266.63612565445095,147.84031413612598,539.8848167539271,273.2486910994772,1048.0
matched_early_mixture,0.25,timely_leagueews,20261001,baron,60,americas,1500,1631.0,245.6268656716419,138.23880597014931,535.8880597014881,290.26119402985023,1104.0
matched_early_mixture,0.25,timely_leagueews,20261001,dragon,60,overall,3000,11329.0,1405.2427797833961,1299.862364620937,2000.5078219013283,595.2650421179264,7555.0
matched_early_mixture,0.25,timely_leagueews,20261001,dragon,60,europe,1500,5578.0,654.9927797833861,595.4873646209327,939.8411552346431,284.8483754512644,3749.0
matched_early_mixture,0.25,timely_leagueews,20261001,dragon,60,americas,1500,5751.0,750.2500000000025,704.3750000000019,1060.6666666666702,310.4166666666667,3806.0
matched_early_mixture,0.25,timely_leagueews,20261001,teamfight,60,overall,3000,19795.0,607.5688571913723,486.48638704930244,1231.0719043036852,623.5030471123167,13137.0
matched_early_mixture,0.25,timely_leagueews,20261001,teamfight,60,europe,1500,9978.0,320.74834437086145,258.7086092715234,644.8211920529791,324.0728476821198,6630.0
matched_early_mixture,0.25,timely_leagueews,20261001,teamfight,60,americas,1500,9817.0,286.82051282051356,227.77777777777823,586.2507122507113,299.4301994302002,6507.0
matched_early_mixture,0.25,timely_leagueews,20261002,baron,60,overall,3000,3241.0,455.8730526773451,271.02536772697573,1072.552554162743,616.6795014854025,2152.0
matched_early_mixture,0.25,timely_leagueews,20261002,baron,60,europe,1500,1610.0,229.21621621621517,137.15405405405406,524.367567567568,295.15135135135057,1048.0
matched_early_mixture,0.25,timely_leagueews,20261002,baron,60,americas,1500,1631.0,226.6568364611257,133.8713136729221,548.1849865951789,321.5281501340491,1104.0
matched_early_mixture,0.25,timely_leagueews,20261002,dragon,60,overall,3000,11329.0,1402.0939196525403,1302.113773848292,1991.4580425003687,589.3641228478366,7555.0
matched_early_mixture,0.25,timely_leagueews,20261002,dragon,60,europe,1500,5578.0,675.2605863192176,623.0423452768723,959.4104234527678,284.14983713355014,3749.0
matched_early_mixture,0.25,timely_leagueews,20261002,dragon,60,americas,1500,5751.0,726.8333333333321,679.0714285714283,1032.0476190476124,305.2142857142872,3806.0
matched_early_mixture,0.25,timely_leagueews,20261002,teamfight,60,overall,3000,19795.0,639.7994871794895,505.5043589743576,1281.3392307692466,641.5397435897464,13137.0
matched_early_mixture,0.25,timely_leagueews,20261002,teamfight,60,europe,1500,9978.0,346.8461538461543,279.64102564102666,685.1025641025677,338.2564102564104,6630.0
matched_early_mixture,0.25,timely_leagueews,20261002,teamfight,60,americas,1500,9817.0,292.953333333334,225.86333333333423,596.236666666668,303.2833333333341,6507.0
matched_early_mixture,0.5,timely_leagueews,20260930,baron,60,overall,3000,3241.0,1003.226748872585,552.7031183053398,2159.303319462896,1156.0765705903336,2152.0
matched_early_mixture,0.5,timely_leagueews,20260930,baron,60,europe,1500,1610.0,517.578680203047,289.12944162436617,1101.3705583756366,583.7918781725908,1048.0
matched_early_mixture,0.5,timely_leagueews,20260930,baron,60,americas,1500,1631.0,485.64806866952716,263.5736766809724,1057.9327610872785,572.2846924177406,1104.0
matched_early_mixture,0.5,timely_leagueews,20260930,dragon,60,overall,3000,11329.0,2502.0224818077177,2177.746158559909,3626.238330141725,1124.2158483339622,7555.0
matched_early_mixture,0.5,timely_leagueews,20260930,dragon,60,europe,1500,5578.0,1234.8428571428544,1084.448571428573,1797.9085714285522,563.0657142857161,3749.0
matched_early_mixture,0.5,timely_leagueews,20260930,dragon,60,americas,1500,5751.0,1267.1796246648605,1093.297587131354,1828.3297587131017,561.1501340482573,3806.0
matched_early_mixture,0.5,timely_leagueews,20260930,teamfight,60,overall,3000,19795.0,1137.1826484018297,881.704718417046,2406.981735159839,1269.7990867579936,13137.0
matched_early_mixture,0.5,timely_leagueews,20260930,teamfight,60,europe,1500,9978.0,592.4611872146141,465.6590563165919,1225.322678843236,632.8614916286181,6630.0
matched_early_mixture,0.5,timely_leagueews,20260930,teamfight,60,americas,1500,9817.0,544.7214611872154,416.04566210045823,1181.6590563165842,636.9375951293749,6507.0
matched_early_mixture,0.5,timely_leagueews,20261001,baron,60,overall,3000,3241.0,918.322099922095,517.22534837463,2073.4190626489644,1155.0969627268455,2152.0
matched_early_mixture,0.5,timely_leagueews,20261001,baron,60,europe,1500,1610.0,468.2566371681399,264.7332490518325,1043.1188369153049,574.8621997471546,1048.0
matched_early_mixture,0.5,timely_leagueews,20261001,baron,60,americas,1500,1631.0,450.06546275394874,252.49209932279976,1030.300225733628,580.2347629796822,1104.0
matched_early_mixture,0.5,timely_leagueews,20261001,dragon,60,overall,3000,11329.0,2511.5881256179873,2227.8939780592414,3661.8742407835225,1150.286115165499,7555.0
matched_early_mixture,0.5,timely_leagueews,20261001,dragon,60,europe,1500,5578.0,1225.0567823343881,1084.5268138801284,1803.3817034700405,578.3249211356454,3749.0
matched_early_mixture,0.5,timely_leagueews,20261001,dragon,60,americas,1500,5751.0,1286.5313432835812,1143.3671641791038,1858.4925373134315,571.9611940298503,3806.0
matched_early_mixture,0.5,timely_leagueews,20261001,teamfight,60,overall,3000,19795.0,1102.5862665967138,864.2238468057628,2341.9701723233225,1239.3839057266216,13137.0
matched_early_mixture,0.5,timely_leagueews,20261001,teamfight,60,europe,1500,9978.0,566.7707736389718,446.4942693409766,1190.6518624641922,623.8810888252193,6630.0
matched_early_mixture,0.5,timely_leagueews,20261001,teamfight,60,americas,1500,9817.0,535.8154929577447,417.72957746478795,1151.3183098591448,615.5028169014056,6507.0
matched_early_mixture,0.5,timely_leagueews,20261002,baron,60,overall,3000,3241.0,864.5123931623974,528.0991025641022,2092.8896581196586,1228.377264957268,2152.0
matched_early_mixture,0.5,timely_leagueews,20261002,baron,60,europe,1500,1610.0,447.1777777777786,269.29333333333375,1058.8088888888913,611.6311111111123,1048.0
matched_early_mixture,0.5,timely_leagueews,20261002,baron,60,americas,1500,1631.0,417.3346153846139,258.8057692307686,1034.0807692307756,616.7461538461541,1104.0
matched_early_mixture,0.5,timely_leagueews,20261002,dragon,60,overall,3000,11329.0,2485.3513330940973,2204.48965260041,3637.5784270263707,1152.227093932296,7555.0
matched_early_mixture,0.5,timely_leagueews,20261002,dragon,60,europe,1500,5578.0,1192.244094488185,1059.4199475065557,1758.2808398950185,566.0367454068244,3749.0
matched_early_mixture,0.5,timely_leagueews,20261002,dragon,60,americas,1500,5751.0,1293.1072386059095,1145.0697050938425,1879.2975871313854,586.1903485254728,3806.0
matched_early_mixture,0.5,timely_leagueews,20261002,teamfight,60,overall,3000,19795.0,1112.9932755153345,862.7716189039726,2360.9927727501254,1247.9994972347843,13137.0
matched_early_mixture,0.5,timely_leagueews,20261002,teamfight,60,europe,1500,9978.0,574.0096153846151,450.3141025641015,1205.5352564102598,631.5256410256428,6630.0
matched_early_mixture,0.5,timely_leagueews,20261002,teamfight,60,americas,1500,9817.0,538.9836601307203,412.4575163398708,1155.4575163398608,616.4738562091502,6507.0
matched_early_mixture,0.75,timely_leagueews,20260930,baron,60,overall,3000,3241.0,1337.137699236033,752.3719612381745,3088.1033508832443,1750.9656516472432,2152.0
matched_early_mixture,0.75,timely_leagueews,20260930,baron,60,europe,1500,1610.0,693.2236180904541,392.183417085428,1558.7763819095353,865.5527638190993,1048.0
matched_early_mixture,0.75,timely_leagueews,20260930,baron,60,americas,1500,1631.0,643.9140811455865,360.1885441527445,1529.3269689737472,885.4128878281683,1104.0
matched_early_mixture,0.75,timely_leagueews,20260930,dragon,60,overall,3000,11329.0,3460.054483169476,2895.028820375319,5073.9612153708595,1613.9067322013682,7555.0
matched_early_mixture,0.75,timely_leagueews,20260930,dragon,60,europe,1500,5578.0,1701.7555555555589,1430.2500000000007,2514.7333333333486,812.9777777777757,3749.0
matched_early_mixture,0.75,timely_leagueews,20260930,dragon,60,americas,1500,5751.0,1758.2989276139351,1464.7788203753332,2559.2278820375077,800.9289544235999,3806.0
matched_early_mixture,0.75,timely_leagueews,20260930,teamfight,60,overall,3000,19795.0,1634.8735990037285,1251.2738993480302,3549.073482610105,1914.1998836063988,13137.0
matched_early_mixture,0.75,timely_leagueews,20260930,teamfight,60,europe,1500,9978.0,835.0151515151452,643.4474153297645,1774.3778966131729,939.3627450980315,6630.0
matched_early_mixture,0.75,timely_leagueews,20260930,teamfight,60,americas,1500,9817.0,799.8584474885909,607.8264840182674,1774.695585996963,974.8371385083813,6507.0
matched_early_mixture,0.75,timely_leagueews,20261001,baron,60,overall,3000,3241.0,1285.7707679132177,735.6169405815446,3047.6621671220387,1761.8913992088383,2152.0
matched_early_mixture,0.75,timely_leagueews,20261001,baron,60,europe,1500,1610.0,657.415929203543,376.61694058154376,1537.113780025276,879.6978508217493,1048.0
matched_early_mixture,0.75,timely_leagueews,20261001,baron,60,americas,1500,1631.0,628.3548387096771,358.9999999999991,1510.5483870967837,882.1935483870993,1104.0
matched_early_mixture,0.75,timely_leagueews,20261001,dragon,60,overall,3000,11329.0,3434.9024975984753,2905.284367258211,5111.191347725723,1676.2888501272441,7555.0
matched_early_mixture,0.75,timely_leagueews,20261001,dragon,60,europe,1500,5578.0,1683.8333333333314,1422.535087719297,2532.4795321637393,848.6461988304084,3749.0
matched_early_mixture,0.75,timely_leagueews,20261001,dragon,60,americas,1500,5751.0,1751.0691642651402,1482.7492795389117,2578.7118155619783,827.642651296832,3806.0
matched_early_mixture,0.75,timely_leagueews,20261001,teamfight,60,overall,3000,19795.0,1569.7494894870601,1214.1819766737947,3422.5691674401587,1852.8196779530958,13137.0
matched_early_mixture,0.75,timely_leagueews,20261001,teamfight,60,europe,1500,9978.0,801.0114613180549,621.1002865329535,1719.84240687678,918.8309455587436,6630.0
matched_early_mixture,0.75,timely_leagueews,20261001,teamfight,60,americas,1500,9817.0,768.738028169011,593.081690140844,1702.7267605633824,933.9887323943611,6507.0
matched_early_mixture,0.75,timely_leagueews,20261002,baron,60,overall,3000,3241.0,1234.6742078345837,758.5396459764437,3074.9137564613757,1840.2395486268097,2152.0
matched_early_mixture,0.75,timely_leagueews,20261002,baron,60,europe,1500,1610.0,633.4547461368655,381.0883002207499,1555.6114790286922,922.1567328918329,1048.0
matched_early_mixture,0.75,timely_leagueews,20261002,baron,60,americas,1500,1631.0,601.2194616977225,377.4513457556939,1519.302277432703,918.0828157349878,1104.0
matched_early_mixture,0.75,timely_leagueews,20261002,dragon,60,overall,3000,11329.0,3450.187965785928,2903.08214769649,5114.296536246634,1664.1085704607167,7555.0
matched_early_mixture,0.75,timely_leagueews,20261002,dragon,60,europe,1500,5578.0,1675.4119241192518,1415.7696476964818,2504.7913279133086,829.3794037940356,3749.0
matched_early_mixture,0.75,timely_leagueews,20261002,dragon,60,americas,1500,5751.0,1774.7760416666717,1487.3125000000023,2609.5052083333285,834.7291666666645,3806.0
matched_early_mixture,0.75,timely_leagueews,20261002,teamfight,60,overall,3000,19795.0,1572.5374027167347,1206.4339299885412,3427.7002900513785,1855.1628873347227,13137.0
matched_early_mixture,0.75,timely_leagueews,20261002,teamfight,60,europe,1500,9978.0,802.0669856459365,618.4727272727288,1722.214354066998,920.1473684210575,6630.0
matched_early_mixture,0.75,timely_leagueews,20261002,teamfight,60,americas,1500,9817.0,770.4704170708103,587.9612027158133,1705.4859359844684,935.0155189136831,6507.0
matched_early_mixture,1.0,timely_leagueews,20260930,baron,60,overall,3000,3241.0,1628.964540444156,937.7996714340999,3980.984591069519,2352.0200506253436,2152.0
matched_early_mixture,1.0,timely_leagueews,20260930,baron,60,europe,1500,1610.0,833.1419597989982,477.45351758794106,1981.3580402009916,1148.2160804020125,1048.0
matched_early_mixture,1.0,timely_leagueews,20260930,baron,60,americas,1500,1631.0,795.8225806451669,460.346153846156,1999.6265508685046,1203.8039702233355,1104.0
matched_early_mixture,1.0,timely_leagueews,20260930,dragon,60,overall,3000,11329.0,4321.419408525199,3436.440576701893,6366.7595392368485,2045.3401307116221,7555.0
matched_early_mixture,1.0,timely_leagueews,20260930,dragon,60,europe,1500,5578.0,2123.2332613390795,1688.453563714896,3159.092872570172,1035.859611231098,3749.0
matched_early_mixture,1.0,timely_leagueews,20260930,dragon,60,americas,1500,5751.0,2198.1861471861566,1747.987012987021,3207.6666666666497,1009.4805194805238,3806.0
matched_early_mixture,1.0,timely_leagueews,20260930,teamfight,60,overall,3000,19795.0,2054.021598389637,1547.6864729244048,4548.967351197011,2494.9457528073976,13137.0
matched_early_mixture,1.0,timely_leagueews,20260930,teamfight,60,europe,1500,9978.0,1045.2424242424293,785.158645276296,2275.046345811038,1229.803921568627,6630.0
matched_early_mixture,1.0,timely_leagueews,20260930,teamfight,60,americas,1500,9817.0,1008.7791741472092,762.5278276481096,2273.9210053860006,1265.1418312387782,6507.0
matched_early_mixture,1.0,timely_leagueews,20261001,baron,60,overall,3000,3241.0,1609.3429891055696,942.0834394746927,4025.4257855491524,2416.0827964435484,2152.0
matched_early_mixture,1.0,timely_leagueews,20261001,baron,60,europe,1500,1610.0,825.3549222797951,478.9533678756487,2028.2849740932552,1202.9300518134742,1048.0
matched_early_mixture,1.0,timely_leagueews,20261001,baron,60,americas,1500,1631.0,783.9880668257746,463.1300715990467,1997.1408114558556,1213.1527446300727,1104.0
matched_early_mixture,1.0,timely_leagueews,20261001,dragon,60,overall,3000,11329.0,4293.3161255628875,3448.4479733816897,6423.196477784461,2129.8803522215367,7555.0
matched_early_mixture,1.0,timely_leagueews,20261001,dragon,60,europe,1500,5578.0,2109.9259259259175,1691.1666666666626,3189.2962962962615,1079.3703703703754,3749.0
matched_early_mixture,1.0,timely_leagueews,20261001,dragon,60,americas,1500,5751.0,2183.390199637003,1757.2813067150548,3233.9001814881694,1050.5099818511815,3806.0
matched_early_mixture,1.0,timely_leagueews,20261001,teamfight,60,overall,3000,19795.0,2004.984305317328,1527.9181818181858,4473.1517551900615,2468.1674498728144,13137.0
matched_early_mixture,1.0,timely_leagueews,20261001,teamfight,60,europe,1500,9978.0,1021.034305317329,776.3181818181837,2244.4939965694607,1223.4596912521463,6630.0
matched_early_mixture,1.0,timely_leagueews,20261001,teamfight,60,americas,1500,9817.0,983.9500000000063,751.6000000000043,2228.6577586206986,1244.7077586207,6507.0
matched_early_mixture,1.0,timely_leagueews,20261002,baron,60,overall,3000,3241.0,1560.2760646108586,958.4468918257486,4024.665358066849,2464.3892934559835,2152.0
matched_early_mixture,1.0,timely_leagueews,20261002,baron,60,europe,1500,1610.0,783.3333333333348,473.22222222222166,2003.4671201813974,1220.133786848073,1048.0
matched_early_mixture,1.0,timely_leagueews,20261002,baron,60,americas,1500,1631.0,776.9427312775344,485.224669603525,2021.1982378854477,1244.2555066079276,1104.0
matched_early_mixture,1.0,timely_leagueews,20261002,dragon,60,overall,3000,11329.0,4309.30058464048,3434.436047595241,6407.020158323861,2097.719573683331,7555.0
matched_early_mixture,1.0,timely_leagueews,20261002,dragon,60,europe,1500,5578.0,2123.082742316794,1695.4775413711616,3192.198581560305,1069.115839243495,3749.0
matched_early_mixture,1.0,timely_leagueews,20261002,dragon,60,americas,1500,5751.0,2186.21784232364,1738.958506224058,3214.8215767634993,1028.60373443983,3806.0
matched_early_mixture,1.0,timely_leagueews,20261002,teamfight,60,overall,3000,19795.0,2012.43525819222,1522.8346001234513,4461.755580822244,2449.3203226300598,13137.0
matched_early_mixture,1.0,timely_leagueews,20261002,teamfight,60,europe,1500,9978.0,1031.7320574162773,782.1090909090958,2232.142583732056,1200.410526315797,6630.0
matched_early_mixture,1.0,timely_leagueews,20261002,teamfight,60,americas,1500,9817.0,980.7032007759431,740.7255092143535,2229.612997090218,1248.909796314259,6507.0
matched_early_mixture,0.25,timely_tcn,20260930,baron,30,overall,3000,3241.0,584.8549035369775,314.34841083353956,1113.889098441749,529.0341949047748,1091.0
matched_early_mixture,0.25,timely_tcn,20260930,baron,30,europe,1500,1610.0,308.72990353697776,164.70418006430862,552.3987138263676,243.66881028938917,558.0
matched_early_mixture,0.25,timely_tcn,20260930,baron,30,americas,1500,1631.0,276.1249999999999,149.64423076923072,561.4903846153849,285.3653846153843,533.0
matched_early_mixture,0.25,timely_tcn,20260930,dragon,30,overall,3000,11329.0,798.5079905005786,579.1593225963642,1340.9805967208472,542.4726062202457,3736.0
matched_early_mixture,0.25,timely_tcn,20260930,dragon,30,europe,1500,5578.0,375.417943107219,271.0218818380736,653.7768052516368,278.3588621444192,1834.0
matched_early_mixture,0.25,timely_tcn,20260930,dragon,30,americas,1500,5751.0,423.09004739336143,308.1374407582921,687.2037914691881,264.1137440758283,1902.0
matched_early_mixture,0.25,timely_tcn,20260930,teamfight,30,overall,3000,19795.0,370.54607604585107,222.66494679135835,926.3912520887692,555.8451760429203,6648.0
matched_early_mixture,0.25,timely_tcn,20260930,teamfight,30,europe,1500,9978.0,171.44675324675384,103.28571428571425,436.2987012987053,264.85194805194976,3351.0
matched_early_mixture,0.25,timely_tcn,20260930,teamfight,30,americas,1500,9817.0,199.09932279909745,119.37923250564306,490.09255079006607,290.9932279909709,3297.0
matched_early_mixture,0.25,timely_tcn,20261001,baron,30,overall,3000,3241.0,587.500678426052,320.1668928086842,1094.3731343283553,506.87245590230816,1091.0
matched_early_mixture,0.25,timely_tcn,20261001,baron,30,europe,1500,1610.0,316.54545454545496,170.1818181818183,559.0000000000016,242.45454545454587,558.0
matched_early_mixture,0.25,timely_tcn,20261001,baron,30,americas,1500,1631.0,270.9552238805972,149.98507462686575,535.3731343283586,264.41791044776164,533.0
matched_early_mixture,0.25,timely_tcn,20261001,dragon,30,overall,3000,11329.0,842.169623833667,574.8346098743649,1355.5294247299971,513.3598008963316,3736.0
matched_early_mixture,0.25,timely_tcn,20261001,dragon,30,europe,1500,5578.0,391.89398280802004,268.28653295128794,649.914040114608,258.0200573065891,1834.0
matched_early_mixture,0.25,timely_tcn,20261001,dragon,30,americas,1500,5751.0,450.2756410256406,306.5480769230766,705.6153846153895,255.33974358974334,1902.0
matched_early_mixture,0.25,timely_tcn,20261001,teamfight,30,overall,3000,19795.0,387.74257407390394,230.12484823770373,969.9571543758477,582.2145803019504,6648.0
matched_early_mixture,0.25,timely_tcn,20261001,teamfight,30,europe,1500,9978.0,180.02599653379593,112.43500866551132,451.689774696709,271.6637781629125,3351.0
matched_early_mixture,0.25,timely_tcn,20261001,teamfight,30,americas,1500,9817.0,207.71657754010621,117.6898395721923,518.2673796791465,310.55080213903744,3297.0
matched_early_mixture,0.25,timely_tcn,20261002,baron,30,overall,3000,3241.0,567.1730165844903,307.75885253249584,1086.9663827879892,519.7933662034934,1091.0
matched_early_mixture,0.25,timely_tcn,20261002,baron,30,europe,1500,1610.0,300.2164948453597,161.23711340206165,545.6185567010286,245.40206185566907,558.0
matched_early_mixture,0.25,timely_tcn,20261002,baron,30,americas,1500,1631.0,266.95652173913027,146.52173913043475,541.3478260869555,274.39130434782555,533.0
matched_early_mixture,0.25,timely_tcn,20261002,dragon,30,overall,3000,11329.0,781.2608831819501,566.9930428168731,1351.1794550579125,569.9185718759765,3736.0
matched_early_mixture,0.25,timely_tcn,20261002,dragon,30,europe,1500,5578.0,369.38709677419166,269.7211981566824,654.548387096767,285.1612903225807,1834.0
matched_early_mixture,0.25,timely_tcn,20261002,dragon,30,americas,1500,5751.0,411.8737864077688,297.271844660195,696.6310679611622,284.75728155339857,1902.0
matched_early_mixture,0.25,timely_tcn,20261002,teamfight,30,overall,3000,19795.0,416.1474216098501,243.2542424395917,993.1273744997693,576.979952889928,6648.0
matched_early_mixture,0.25,timely_tcn,20261002,teamfight,30,europe,1500,9978.0,186.51315789473688,114.4736842105266,448.02631578947575,261.51315789473654,3351.0
matched_early_mixture,0.25,timely_tcn,20261002,teamfight,30,americas,1500,9817.0,229.6342637151095,128.78055822906606,545.1010587103004,315.4667949951876,3297.0
matched_early_mixture,0.5,timely_tcn,20260930,baron,30,overall,3000,3241.0,814.1426217228474,471.3115874387774,2070.0503601267746,1255.9077384039222,1091.0
matched_early_mixture,0.5,timely_tcn,20260930,baron,30,europe,1500,1610.0,428.23999999999927,244.42769230769204,1025.4923076923037,597.2523076923055,558.0
matched_early_mixture,0.5,timely_tcn,20260930,baron,30,americas,1500,1631.0,385.90262172284577,226.88389513108575,1044.5580524344634,658.6554307116122,533.0
matched_early_mixture,0.5,timely_tcn,20260930,dragon,30,overall,3000,11329.0,1523.8950191360761,1012.486831095081,2539.1872728020962,1015.2922536660354,3736.0
matched_early_mixture,0.5,timely_tcn,20260930,dragon,30,europe,1500,5578.0,716.619926199264,472.7712177121782,1233.8118081180846,517.1918819188205,1834.0
matched_early_mixture,0.5,timely_tcn,20260930,dragon,30,americas,1500,5751.0,807.2750929368059,539.715613382898,1305.375464684024,498.1003717472097,1902.0
matched_early_mixture,0.5,timely_tcn,20260930,teamfight,30,overall,3000,19795.0,716.6902817272984,432.2344405030633,1878.1333587405636,1161.44307701327,6648.0
matched_early_mixture,0.5,timely_tcn,20260930,teamfight,30,europe,1500,9978.0,338.9792207792198,210.4285714285712,923.3116883116842,584.3324675324652,3351.0
matched_early_mixture,0.5,timely_tcn,20260930,teamfight,30,americas,1500,9817.0,377.71106094808204,221.80586907449245,954.8216704288869,577.1106094808124,3297.0
matched_early_mixture,0.5,timely_tcn,20261001,baron,30,overall,3000,3241.0,815.2085150571125,476.34967116649256,2025.3003115264999,1210.0917964693704,1091.0
matched_early_mixture,0.5,timely_tcn,20261001,baron,30,europe,1500,1610.0,436.8888888888888,256.1851851851854,1032.6666666666708,595.7777777777784,558.0
matched_early_mixture,0.5,timely_tcn,20261001,baron,30,americas,1500,1631.0,378.3196261682232,220.16448598130788,992.6336448598065,614.3140186915849,533.0
matched_early_mixture,0.5,timely_tcn,20261001,dragon,30,overall,3000,11329.0,1564.3542001479507,990.0926506976923,2531.8508711512286,967.4966710032949,3736.0
matched_early_mixture,0.5,timely_tcn,20261001,dragon,30,europe,1500,5578.0,723.4566210045639,466.4520547945158,1216.150684931498,492.6940639269359,1834.0
matched_early_mixture,0.5,timely_tcn,20261001,dragon,30,americas,1500,5751.0,840.897579143394,523.6405959031674,1315.7001862197485,474.802607076351,1902.0
matched_early_mixture,0.5,timely_tcn,20261001,teamfight,30,overall,3000,19795.0,715.8415735627749,422.8962630024384,1875.5602528430686,1159.7186792802856,6648.0
matched_early_mixture,0.5,timely_tcn,20261001,teamfight,30,europe,1500,9978.0,341.4056761268769,210.8347245409009,902.9465776293878,561.5409015025025,3351.0
matched_early_mixture,0.5,timely_tcn,20261001,teamfight,30,americas,1500,9817.0,374.43589743589683,212.06153846153887,972.6136752136681,598.1777777777751,3297.0
matched_early_mixture,0.5,timely_tcn,20261002,baron,30,overall,3000,3241.0,834.8774925224335,489.133973080757,2053.3493270189583,1218.4718344965158,1091.0
matched_early_mixture,0.5,timely_tcn,20261002,baron,30,europe,1500,1610.0,439.70588235294105,256.9411764705883,1018.5294117647036,578.8235294117634,558.0
matched_early_mixture,0.5,timely_tcn,20261002,baron,30,americas,1500,1631.0,395.1716101694911,232.19279661016984,1034.8199152542425,639.6483050847463,533.0
matched_early_mixture,0.5,timely_tcn,20261002,dragon,30,overall,3000,11329.0,1483.7637306838512,1006.8843096740213,2547.3347613918595,1063.5710307080276,3736.0
matched_early_mixture,0.5,timely_tcn,20261002,dragon,30,europe,1500,5578.0,702.3667157584742,481.39027982327264,1244.18998527247,541.823269513995,1834.0
matched_early_mixture,0.5,timely_tcn,20261002,dragon,30,americas,1500,5751.0,781.3970149253759,525.4940298507478,1303.1447761194079,521.7477611940317,1902.0
matched_early_mixture,0.5,timely_tcn,20261002,teamfight,30,overall,3000,19795.0,720.4123656560841,438.9515860603149,1888.4322465511866,1168.0198808951004,6648.0
matched_early_mixture,0.5,timely_tcn,20261002,teamfight,30,europe,1500,9978.0,337.3854166666669,218.1354166666664,897.2291666666641,559.8437500000009,3351.0
matched_early_mixture,0.5,timely_tcn,20261002,teamfight,30,americas,1500,9817.0,383.0269489894127,220.8161693936476,991.2030798845182,608.176130895095,3297.0
matched_early_mixture,0.75,timely_tcn,20260930,baron,30,overall,3000,3241.0,1004.25834727867,610.5756235556617,2949.121762690266,1944.8634154115985,1091.0
matched_early_mixture,0.75,timely_tcn,20260930,baron,30,europe,1500,1610.0,528.4680851063828,319.78723404255305,1467.7659574468114,939.297872340427,558.0
matched_early_mixture,0.75,timely_tcn,20260930,baron,30,americas,1500,1631.0,475.79026217228386,290.7883895131088,1481.3558052434535,1005.565543071164,533.0
matched_early_mixture,0.75,timely_tcn,20260930,dragon,30,overall,3000,11329.0,2172.633342021161,1385.442049959534,3658.109514533812,1485.476172512657,3736.0
matched_early_mixture,0.75,timely_tcn,20260930,dragon,30,europe,1500,5578.0,1023.8154981549767,654.0442804428051,1770.0202952029645,746.2047970479695,1834.0
matched_early_mixture,0.75,timely_tcn,20260930,dragon,30,americas,1500,5751.0,1148.8178438661737,731.3977695167298,1888.0892193308468,739.2713754646848,1902.0
matched_early_mixture,0.75,timely_tcn,20260930,teamfight,30,overall,3000,19795.0,1006.9184835324713,607.6647634584012,2790.615658480679,1783.697174948191,6648.0
matched_early_mixture,0.75,timely_tcn,20260930,teamfight,30,europe,1500,9978.0,488.2871621621615,304.50000000000006,1396.2094594594673,907.9222972972939,3351.0
matched_early_mixture,0.75,timely_tcn,20260930,teamfight,30,americas,1500,9817.0,518.6313213703112,303.1647634584019,1394.4061990211987,875.7748776509,3297.0
matched_early_mixture,0.75,timely_tcn,20261001,baron,30,overall,3000,3241.0,988.7044972715294,601.3916703255344,2938.3979301260943,1949.6934328545653,1091.0
matched_early_mixture,0.75,timely_tcn,20261001,baron,30,europe,1500,1610.0,522.0671140939596,316.04026845637577,1494.3624161073867,972.2953020134224,558.0
matched_early_mixture,0.75,timely_tcn,20261001,baron,30,americas,1500,1631.0,466.63738317756975,285.3514018691586,1444.0355140187016,977.3981308411202,533.0
matched_early_mixture,0.75,timely_tcn,20261001,dragon,30,overall,3000,11329.0,2237.828410625134,1381.3926182132539,3679.2604408439934,1441.4320302188974,3736.0
matched_early_mixture,0.75,timely_tcn,20261001,dragon,30,europe,1500,5578.0,1050.8538812785512,658.5753424657561,1780.191780821923,729.3378995433834,1834.0
matched_early_mixture,0.75,timely_tcn,20261001,dragon,30,americas,1500,5751.0,1186.9745293466146,722.8172757475074,1899.0686600221263,712.0941306755244,1902.0
matched_early_mixture,0.75,timely_tcn,20261001,teamfight,30,overall,3000,19795.0,1009.2954068747042,597.215641453703,2788.490992109372,1779.195585234666,6648.0
matched_early_mixture,0.75,timely_tcn,20261001,teamfight,30,europe,1500,9978.0,481.013355592653,292.84641068447417,1353.697829716203,872.6844741235411,3351.0
matched_early_mixture,0.75,timely_tcn,20261001,teamfight,30,americas,1500,9817.0,528.2820512820487,304.36923076923057,1434.7931623931645,906.5111111111046,3297.0
matched_early_mixture,0.75,timely_tcn,20261002,baron,30,overall,3000,3241.0,1010.1741774676,610.801744765703,2937.896560319046,1927.7223828514477,1091.0
matched_early_mixture,0.75,timely_tcn,20261002,baron,30,europe,1500,1610.0,522.0470588235295,315.8441176470588,1458.955882352952,936.908823529417,558.0
matched_early_mixture,0.75,timely_tcn,20261002,baron,30,americas,1500,1631.0,488.1271186440666,294.95762711864404,1478.9406779660962,990.8135593220358,533.0
matched_early_mixture,0.75,timely_tcn,20261002,dragon,30,overall,3000,11329.0,2138.2962961334456,1382.7572461697307,3665.0421559360543,1526.7458598025937,3736.0
matched_early_mixture,0.75,timely_tcn,20261002,dragon,30,europe,1500,5578.0,1017.720176730479,666.4050073637692,1787.0839469808334,769.3637702503652,1834.0
matched_early_mixture,0.75,timely_tcn,20261002,dragon,30,americas,1500,5751.0,1120.5761194029885,716.3522388059738,1877.9582089552111,757.3820895522427,1902.0
matched_early_mixture,0.75,timely_tcn,20261002,teamfight,30,overall,3000,19795.0,1011.0099568443655,607.634038622745,2806.63090751033,1795.6209506659459,6648.0
matched_early_mixture,0.75,timely_tcn,20261002,teamfight,30,europe,1500,9978.0,474.59032258064406,294.7822580645163,1369.3258064516117,894.7354838709721,3351.0
matched_early_mixture,0.75,timely_tcn,20261002,teamfight,30,americas,1500,9817.0,536.4196342637132,312.8517805582287,1437.3051010587026,900.8854667949959,3297.0
matched_early_mixture,1.0,timely_tcn,20260930,baron,30,overall,3000,3241.0,1123.631760857838,692.6376787159433,3761.2532202589437,2637.621459401127,1091.0
matched_early_mixture,1.0,timely_tcn,20260930,baron,30,europe,1500,1610.0,580.539772727273,357.8068181818182,1875.244318181821,1294.7045454545475,558.0
matched_early_mixture,1.0,timely_tcn,20260930,baron,30,americas,1500,1631.0,543.0919881305633,334.8308605341244,1886.0089020771593,1342.9169139465928,533.0
matched_early_mixture,1.0,timely_tcn,20260930,dragon,30,overall,3000,11329.0,2749.8284703802146,1737.1456945073335,4758.624377304854,2008.7959069245705,3736.0
matched_early_mixture,1.0,timely_tcn,20260930,dragon,30,europe,1500,5578.0,1329.5977011494213,843.2413793103442,2337.3448275862074,1007.7471264367805,1834.0
matched_early_mixture,1.0,timely_tcn,20260930,dragon,30,americas,1500,5751.0,1420.2307692307613,893.9043151969946,2421.2795497185753,1001.0487804877994,1902.0
matched_early_mixture,1.0,timely_tcn,20260930,teamfight,30,overall,3000,19795.0,1281.2487729218224,772.6940407729081,3691.6910243916136,2410.4422514698153,6648.0
matched_early_mixture,1.0,timely_tcn,20260930,teamfight,30,europe,1500,9978.0,627.2103113833615,391.11944869831814,1859.3588565594869,1232.1485451761184,3351.0
matched_early_mixture,1.0,timely_tcn,20260930,teamfight,30,americas,1500,9817.0,654.038461538462,381.5745920745918,1832.3321678321602,1178.293706293705,3297.0
matched_early_mixture,1.0,timely_tcn,20261001,baron,30,overall,3000,3241.0,1127.118342348237,697.5796055255055,3805.282338626373,2678.1639962781505,1091.0
matched_early_mixture,1.0,timely_tcn,20261001,baron,30,europe,1500,1610.0,585.2734225621413,359.13575525812615,1891.7208413001954,1306.4474187380483,558.0
matched_early_mixture,1.0,timely_tcn,20261001,baron,30,americas,1500,1631.0,541.8449197860963,338.44385026737973,1913.5614973261997,1371.7165775401058,533.0
matched_early_mixture,1.0,timely_tcn,20261001,dragon,30,overall,3000,11329.0,2845.12600312505,1755.4095935921318,4793.135423777646,1948.0094206526162,3736.0
matched_early_mixture,1.0,timely_tcn,20261001,dragon,30,europe,1500,5578.0,1378.2511415524934,850.6986301369806,2344.2328767122935,965.9817351598109,1834.0
matched_early_mixture,1.0,timely_tcn,20261001,dragon,30,americas,1500,5751.0,1466.8748615725438,904.710963455145,2448.9025470653687,982.0276854927959,1902.0
matched_early_mixture,1.0,timely_tcn,20261001,teamfight,30,overall,3000,19795.0,1268.13777454389,756.3274692106604,3689.740102945523,2421.6023284016555,6648.0
matched_early_mixture,1.0,timely_tcn,20261001,teamfight,30,europe,1500,9978.0,610.8617511520756,372.308755760369,1814.4009216589996,1203.5391705069203,3351.0
matched_early_mixture,1.0,timely_tcn,20261001,teamfight,30,americas,1500,9817.0,657.2760233918117,384.0187134502924,1875.3391812865561,1218.063157894735,3297.0
matched_early_mixture,1.0,timely_tcn,20261002,baron,30,overall,3000,3241.0,1141.7301948051947,701.6564935064939,3818.099188311706,2676.3689935064995,1091.0
matched_early_mixture,1.0,timely_tcn,20261002,baron,30,europe,1500,1610.0,592.8909090909091,362.76363636363635,1888.5545454545447,1295.6636363636387,558.0
matched_early_mixture,1.0,timely_tcn,20261002,baron,30,americas,1500,1631.0,548.8392857142861,338.89285714285717,1929.5446428571345,1380.705357142852,533.0
matched_early_mixture,1.0,timely_tcn,20261002,dragon,30,overall,3000,11329.0,2736.2346916073852,1736.4136003044464,4759.562266912528,2023.3275753051842,3736.0
matched_early_mixture,1.0,timely_tcn,20261002,dragon,30,europe,1500,5578.0,1317.283050847459,845.5932203389839,2331.0406779661043,1013.7576271186452,1834.0
matched_early_mixture,1.0,timely_tcn,20261002,dragon,30,americas,1500,5751.0,1418.9516407599347,890.8203799654553,2428.5215889464616,1009.5699481865245,1902.0
matched_early_mixture,1.0,timely_tcn,20261002,teamfight,30,overall,3000,19795.0,1283.8180312256768,767.8244367097888,3711.017818699348,2427.1997874736767,6648.0
matched_early_mixture,1.0,timely_tcn,20261002,teamfight,30,europe,1500,9978.0,606.5367965367957,370.35064935065014,1828.0692640692419,1221.5324675324553,3351.0
matched_early_mixture,1.0,timely_tcn,20261002,teamfight,30,americas,1500,9817.0,677.2812346888834,397.47378735913964,1882.9485546301062,1205.667319941217,3297.0
matched_early_mixture,0.25,timely_tcn,20260930,baron,60,overall,3000,3241.0,471.94576275809135,250.4891034558006,1049.4927310912806,577.5469683331937,2152.0
matched_early_mixture,0.25,timely_tcn,20260930,baron,60,europe,1500,1610.0,239.4801980198027,132.42574257425758,518.5643564356393,279.0841584158419,1048.0
matched_early_mixture,0.25,timely_tcn,20260930,baron,60,americas,1500,1631.0,232.46556473829207,118.06336088154274,530.9283746556475,298.46280991735546,1104.0
matched_early_mixture,0.25,timely_tcn,20260930,dragon,60,overall,3000,11329.0,1451.2979416362657,1318.2417926003081,2033.6235669619596,582.3256253256889,7555.0
matched_early_mixture,0.25,timely_tcn,20260930,dragon,60,europe,1500,5578.0,718.7236842105201,651.7368421052581,1003.0592105263055,284.33552631578965,3749.0
matched_early_mixture,0.25,timely_tcn,20260930,dragon,60,americas,1500,5751.0,732.5742574257408,666.5049504950492,1030.564356435638,297.9900990099006,3806.0
matched_early_mixture,0.25,timely_tcn,20260930,teamfight,60,overall,3000,19795.0,591.377857027072,480.0544658777758,1233.7512562814097,642.3733992543364,13137.0
matched_early_mixture,0.25,timely_tcn,20260930,teamfight,60,europe,1500,9978.0,304.3225806451613,248.06451612903192,622.5000000000005,318.17741935483906,6630.0
matched_early_mixture,0.25,timely_tcn,20260930,teamfight,60,americas,1500,9817.0,287.0552763819086,231.98994974874316,611.2512562814063,324.1959798994959,6507.0
matched_early_mixture,0.25,timely_tcn,20261001,baron,60,overall,3000,3241.0,484.57700751700423,255.46960983176155,1029.8103925545947,545.2333850375863,2152.0
matched_early_mixture,0.25,timely_tcn,20261001,baron,60,europe,1500,1610.0,260.74482758620667,141.28275862068952,528.2965517241373,267.55172413793076,1048.0
matched_early_mixture,0.25,timely_tcn,20261001,baron,60,americas,1500,1631.0,223.83217993079495,114.18685121107282,501.51384083045116,277.6816608996537,1104.0
matched_early_mixture,0.25,timely_tcn,20261001,dragon,60,overall,3000,11329.0,1480.2134786118002,1314.0217917675654,2035.6920903955186,555.4786117836934,7555.0
matched_early_mixture,0.25,timely_tcn,20261001,dragon,60,europe,1500,5578.0,711.237288135598,632.5932203389857,964.5254237288257,253.28813559321972,3749.0
matched_early_mixture,0.25,timely_tcn,20261001,dragon,60,americas,1500,5751.0,768.9761904761825,681.4285714285658,1071.1666666666563,302.19047619047564,3806.0
matched_early_mixture,0.25,timely_tcn,20261001,teamfight,60,overall,3000,19795.0,589.069138408761,460.9226810924942,1207.197915292246,618.1287768834927,13137.0
matched_early_mixture,0.25,timely_tcn,20261001,teamfight,60,europe,1500,9978.0,300.93706293706396,237.3566433566439,593.2167832167835,292.27972027972123,6630.0
matched_early_mixture,0.25,timely_tcn,20261001,teamfight,60,americas,1500,9817.0,288.13207547169844,223.56603773584922,613.9811320754711,325.84905660377433,6507.0
matched_early_mixture,0.25,timely_tcn,20261002,baron,60,overall,3000,3241.0,443.9216093862299,243.74786375462932,1041.7136977797127,597.792088393477,2152.0
matched_early_mixture,0.25,timely_tcn,20261002,baron,60,europe,1500,1610.0,228.42066420664176,127.4907749077489,519.2656826568335,290.84501845018514,1048.0
matched_early_mixture,0.25,timely_tcn,20261002,baron,60,americas,1500,1631.0,215.5009451795833,116.25708884688055,522.4480151228713,306.9470699432881,1104.0
matched_early_mixture,0.25,timely_tcn,20261002,dragon,60,overall,3000,11329.0,1459.98667998668,1334.4458874458858,2069.789876789881,609.8031968031956,7555.0
matched_early_mixture,0.25,timely_tcn,20261002,dragon,60,europe,1500,5578.0,700.0489510489458,637.0209790209747,987.1818181818089,287.13286713286766,3749.0
matched_early_mixture,0.25,timely_tcn,20261002,dragon,60,americas,1500,5751.0,759.9377289377276,697.4249084249082,1082.6080586080539,322.67032967033015,3806.0
matched_early_mixture,0.25,timely_tcn,20261002,teamfight,60,overall,3000,19795.0,581.3249384558017,467.75239089892125,1200.6216187989473,619.2966803431559,13137.0
matched_early_mixture,0.25,timely_tcn,20261002,teamfight,60,europe,1500,9978.0,308.07428571428625,250.2171428571431,623.7599999999989,315.6857142857148,6630.0
matched_early_mixture,0.25,timely_tcn,20261002,teamfight,60,americas,1500,9817.0,273.2506527415144,217.53524804177508,576.8616187989592,303.6109660574418,6507.0
matched_early_mixture,0.5,timely_tcn,20260930,baron,60,overall,3000,3241.0,901.3943719081947,485.2931230232765,2047.4211337279983,1146.0267618198,2152.0
matched_early_mixture,0.5,timely_tcn,20260930,baron,60,europe,1500,1610.0,469.1694915254255,256.3050847457623,1030.4067796610138,561.2372881355942,1048.0
matched_early_mixture,0.5,timely_tcn,20260930,baron,60,americas,1500,1631.0,432.2248803827761,228.98803827751144,1017.0143540669833,584.7894736842113,1104.0
matched_early_mixture,0.5,timely_tcn,20260930,dragon,60,overall,3000,11329.0,2504.6219621453656,2201.396981314827,3667.1402397191105,1162.5182775737542,7555.0
matched_early_mixture,0.5,timely_tcn,20260930,dragon,60,europe,1500,5578.0,1222.7994269341016,1071.154727793695,1807.4641833811072,584.6647564469895,3749.0
matched_early_mixture,0.5,timely_tcn,20260930,dragon,60,americas,1500,5751.0,1281.8225352112645,1130.2422535211279,1859.6760563380133,577.8535211267632,3806.0
matched_early_mixture,0.5,timely_tcn,20260930,teamfight,60,overall,3000,19795.0,1072.9026766961263,849.9500805939466,2353.4410198798396,1280.5383431836954,13137.0
matched_early_mixture,0.5,timely_tcn,20260930,teamfight,60,europe,1500,9978.0,545.6101694915221,430.4745762711847,1167.4237288135566,621.8135593220298,6630.0
matched_early_mixture,0.5,timely_tcn,20260930,teamfight,60,americas,1500,9817.0,527.2925072046139,419.47550432276927,1186.0172910662754,658.7247838616728,6507.0
matched_early_mixture,0.5,timely_tcn,20261001,baron,60,overall,3000,3241.0,900.5767246522158,486.88009163146927,2028.5091846230969,1127.9324599708966,2152.0
matched_early_mixture,0.5,timely_tcn,20261001,baron,60,europe,1500,1610.0,467.6969432314396,258.71615720524227,1024.2960698690063,556.599126637556,1048.0
matched_early_mixture,0.5,timely_tcn,20261001,baron,60,americas,1500,1631.0,432.8797814207651,228.1639344262288,1004.2131147541024,571.3333333333343,1104.0
matched_early_mixture,0.5,timely_tcn,20261001,dragon,60,overall,3000,11329.0,2587.3671717171756,2198.8574436674307,3663.3624242424767,1075.9952525252452,7555.0
matched_early_mixture,0.5,timely_tcn,20261001,dragon,60,europe,1500,5578.0,1260.3999999999878,1070.8246153846076,1791.119999999977,530.7199999999999,3749.0
matched_early_mixture,0.5,timely_tcn,20261001,dragon,60,americas,1500,5751.0,1326.967171717167,1128.032828282826,1872.242424242414,545.2752525252548,3806.0
matched_early_mixture,0.5,timely_tcn,20261001,teamfight,60,overall,3000,19795.0,1089.8473592222238,844.1020260492091,2343.3518875581217,1253.5045283359257,13137.0
matched_early_mixture,0.5,timely_tcn,20261001,teamfight,60,europe,1500,9978.0,558.5014836795287,433.50000000000233,1148.3620178041624,589.8605341246325,6630.0
matched_early_mixture,0.5,timely_tcn,20261001,teamfight,60,americas,1500,9817.0,531.3458755426943,410.602026049206,1194.9898697539863,663.6439942112917,6507.0
matched_early_mixture,0.5,timely_tcn,20261002,baron,60,overall,3000,3241.0,857.8188832301539,481.2831874599757,2065.9272590040073,1208.1083757738425,2152.0
matched_early_mixture,0.5,timely_tcn,20261002,baron,60,europe,1500,1610.0,438.752767527676,247.8782287822882,1027.1070110701123,588.3542435424364,1048.0
matched_early_mixture,0.5,timely_tcn,20261002,baron,60,americas,1500,1631.0,419.0661157024812,233.40495867768547,1038.8202479338825,619.7541322314058,1104.0
matched_early_mixture,0.5,timely_tcn,20261002,dragon,60,overall,3000,11329.0,2509.8244701348685,2235.2778420038444,3686.2830443160087,1176.4585741811106,7555.0
matched_early_mixture,0.5,timely_tcn,20261002,dragon,60,europe,1500,5578.0,1244.0578034681996,1097.644508670514,1842.8497109826449,598.7919075144472,3749.0
matched_early_mixture,0.5,timely_tcn,20261002,dragon,60,americas,1500,5751.0,1265.7666666666626,1137.6333333333314,1843.4333333333234,577.6666666666683,3806.0
matched_early_mixture,0.5,timely_tcn,20261002,teamfight,60,overall,3000,19795.0,1078.6964576642022,849.7387003677358,2318.5605595121815,1239.8641018479739,13137.0
matched_early_mixture,0.5,timely_tcn,20261002,teamfight,60,europe,1500,9978.0,566.2741702741706,443.20057720057713,1182.1544011544088,615.8802308802324,6630.0
matched_early_mixture,0.5,timely_tcn,20261002,teamfight,60,americas,1500,9817.0,512.4222873900324,406.5381231671573,1136.4061583577693,623.9838709677445,6507.0
matched_early_mixture,0.75,timely_tcn,20260930,baron,60,overall,3000,3241.0,1277.384287925699,689.1660216718287,3019.7414860681047,1742.35719814242,2152.0
matched_early_mixture,0.75,timely_tcn,20260930,baron,60,europe,1500,1610.0,661.2960526315828,359.90131578947484,1515.947368421066,854.6513157894801,1048.0
matched_early_mixture,0.75,timely_tcn,20260930,baron,60,americas,1500,1631.0,616.0882352941165,329.26470588235276,1503.7941176470529,887.7058823529406,1104.0
matched_early_mixture,0.75,timely_tcn,20260930,dragon,60,overall,3000,11329.0,3390.639670041215,2864.042838395185,5063.829958755084,1673.1902887139115,7555.0
matched_early_mixture,0.75,timely_tcn,20260930,dragon,60,europe,1500,5578.0,1687.2380952380852,1421.6071428571363,2543.0714285714093,855.8333333333311,3749.0
matched_early_mixture,0.75,timely_tcn,20260930,dragon,60,americas,1500,5751.0,1703.4015748031595,1442.4356955380638,2520.7585301837225,817.3569553805793,3806.0
matched_early_mixture,0.75,timely_tcn,20260930,teamfight,60,overall,3000,19795.0,1533.0163019586746,1193.4970693107944,3442.3492770966855,1909.332975137986,13137.0
matched_early_mixture,0.75,timely_tcn,20260930,teamfight,60,europe,1500,9978.0,772.8347457627063,596.7881355932171,1697.6144067796672,924.779661016942,6630.0
matched_early_mixture,0.75,timely_tcn,20260930,teamfight,60,americas,1500,9817.0,760.1815561959613,596.7089337175769,1744.734870316989,984.5533141210306,6507.0
matched_early_mixture,0.75,timely_tcn,20261001,baron,60,overall,3000,3241.0,1273.1596565618229,701.5605868826833,3012.1708351792304,1739.0111786173918,2152.0
matched_early_mixture,0.75,timely_tcn,20261001,baron,60,europe,1500,1610.0,656.343231441044,365.15720524017433,1513.2698689956396,856.9266375545806,1048.0
matched_early_mixture,0.75,timely_tcn,20261001,baron,60,americas,1500,1631.0,616.816425120772,336.4033816425122,1498.90096618357,882.0845410627995,1104.0
matched_early_mixture,0.75,timely_tcn,20261001,dragon,60,overall,3000,11329.0,3510.9276439348914,2863.4911266881286,5071.124365056908,1560.1967211220044,7555.0
matched_early_mixture,0.75,timely_tcn,20261001,dragon,60,europe,1500,5578.0,1751.1138014527794,1428.963680387406,2539.5181598062873,788.4043583535083,3749.0
matched_early_mixture,0.75,timely_tcn,20261001,dragon,60,americas,1500,5751.0,1759.8138424821018,1434.527446300715,2531.6062052506063,771.7923627684933,3806.0
matched_early_mixture,0.75,timely_tcn,20261001,teamfight,60,overall,3000,19795.0,1575.9867938129034,1216.8642018785858,3462.6295609492486,1886.642767136402,13137.0
matched_early_mixture,0.75,timely_tcn,20261001,teamfight,60,europe,1500,9978.0,806.399239543735,620.6615969581803,1695.642585551329,889.2433460076153,6630.0
matched_early_mixture,0.75,timely_tcn,20261001,teamfight,60,americas,1500,9817.0,769.587554269178,596.2026049204073,1766.986975397982,997.399421128803,6507.0
matched_early_mixture,0.75,timely_tcn,20261002,baron,60,overall,3000,3241.0,1239.1393538648374,705.3755204572338,3069.5380932444627,1830.398739379625,2152.0
matched_early_mixture,0.75,timely_tcn,20261002,baron,60,europe,1500,1610.0,636.7438524590152,361.13934426229457,1524.5840163934529,887.8401639344243,1048.0
matched_early_mixture,0.75,timely_tcn,20261002,baron,60,americas,1500,1631.0,602.3955014058096,344.2361761949382,1544.9540768509994,942.5585754451745,1104.0
matched_early_mixture,0.75,timely_tcn,20261002,dragon,60,overall,3000,11329.0,3398.024179620048,2881.206966033397,5059.2274035693845,1661.203223949334,7555.0
matched_early_mixture,0.75,timely_tcn,20261002,dragon,60,europe,1500,5578.0,1673.666666666655,1416.1111111111059,2518.2222222222103,844.5555555555565,3749.0
matched_early_mixture,0.75,timely_tcn,20261002,dragon,60,americas,1500,5751.0,1724.3575129533724,1465.0958549222796,2541.0051813471646,816.6476683937796,3806.0
matched_early_mixture,0.75,timely_tcn,20261002,teamfight,60,overall,3000,19795.0,1563.4402085369786,1212.4411860540918,3422.0289996741476,1858.5887911371647,13137.0
matched_early_mixture,0.75,timely_tcn,20261002,teamfight,60,europe,1500,9978.0,818.9797979798045,626.1010101010139,1733.0202020201968,914.0404040404123,6630.0
matched_early_mixture,0.75,timely_tcn,20261002,teamfight,60,americas,1500,9817.0,744.4604105571862,586.3401759530785,1689.0087976539537,944.548387096778,6507.0
matched_early_mixture,1.0,timely_tcn,20260930,baron,60,overall,3000,3241.0,1614.0280572755362,895.1499613003132,3989.6669891640404,2375.638931888533,2152.0
matched_early_mixture,1.0,timely_tcn,20260930,baron,60,europe,1500,1610.0,825.6052631578965,455.13157894736935,1981.736842105243,1156.1315789473676,1048.0
matched_early_mixture,1.0,timely_tcn,20260930,baron,60,americas,1500,1631.0,788.4227941176509,440.01838235294315,2007.9301470588355,1219.5073529411836,1104.0
matched_early_mixture,1.0,timely_tcn,20260930,dragon,60,overall,3000,11329.0,4208.400721659511,3368.9881232514053,6312.597250536857,2104.196528877228,7555.0
matched_early_mixture,1.0,timely_tcn,20260930,dragon,60,europe,1500,5578.0,2082.395408163282,1669.1198979591907,3157.0637755102093,1074.6683673469386,3749.0
matched_early_mixture,1.0,timely_tcn,20260930,dragon,60,americas,1500,5751.0,2126.0053134962736,1699.8682252922383,3155.533475026536,1029.5281615302931,3806.0
matched_early_mixture,1.0,timely_tcn,20260930,teamfight,60,overall,3000,19795.0,1963.4027901647805,1504.368835119717,4489.609027806377,2526.20623764167,13137.0
matched_early_mixture,1.0,timely_tcn,20260930,teamfight,60,europe,1500,9978.0,997.1984282907598,757.9096267190534,2228.2180746561808,1231.0196463654186,6630.0
matched_early_mixture,1.0,timely_tcn,20260930,teamfight,60,americas,1500,9817.0,966.2043618739967,746.4592084006493,2261.390953150255,1295.1865912762644,6507.0
matched_early_mixture,1.0,timely_tcn,20261001,baron,60,overall,3000,3241.0,1637.6707848574622,914.0946036400777,4002.978461309566,2365.3076764521406,2152.0
matched_early_mixture,1.0,timely_tcn,20261001,baron,60,europe,1500,1610.0,844.9895196506601,471.59825327510725,2002.2436681222612,1157.254148471618,1048.0
matched_early_mixture,1.0,timely_tcn,20261001,baron,60,americas,1500,1631.0,792.6812652068156,442.4963503649643,2000.73479318736,1208.0535279805417,1104.0
matched_early_mixture,1.0,timely_tcn,20261001,dragon,60,overall,3000,11329.0,4321.568075040525,3381.904623733378,6289.422201122938,1967.8541260824816,7555.0
matched_early_mixture,1.0,timely_tcn,20261001,dragon,60,europe,1500,5578.0,2148.4724409448927,1679.3287401574858,3157.700787401592,1009.2283464566942,3749.0
matched_early_mixture,1.0,timely_tcn,20261001,dragon,60,americas,1500,5751.0,2173.095634095644,1702.5758835758884,3131.721413721429,958.6257796257802,3806.0
matched_early_mixture,1.0,timely_tcn,20261001,teamfight,60,overall,3000,19795.0,2020.4372213318684,1528.0974688118602,4519.912299629568,2499.4750782976607,13137.0
matched_early_mixture,1.0,timely_tcn,20261001,teamfight,60,europe,1500,9978.0,1031.3279467680575,776.43631178707,2224.634980988596,1193.3070342205278,6630.0
matched_early_mixture,1.0,timely_tcn,20261001,teamfight,60,americas,1500,9817.0,989.1092745638293,751.6611570247994,2295.277318640943,1306.168044077139,6507.0
matched_early_mixture,1.0,timely_tcn,20261002,baron,60,overall,3000,3241.0,1568.773225569992,899.9314001503282,4038.312568782629,2469.539343212676,2152.0
matched_early_mixture,1.0,timely_tcn,20261002,baron,60,europe,1500,1610.0,811.0356435643571,461.15445544554495,2001.3247524752494,1190.2891089108925,1048.0
matched_early_mixture,1.0,timely_tcn,20261002,baron,60,americas,1500,1631.0,757.7375820056278,438.77694470477934,2036.9878163074234,1279.2502343017904,1104.0
matched_early_mixture,1.0,timely_tcn,20261002,dragon,60,overall,3000,11329.0,4244.0862026862005,3407.230311355308,6368.481807081939,2124.3956043956146,7555.0
matched_early_mixture,1.0,timely_tcn,20261002,dragon,60,europe,1500,5578.0,2096.7846153846385,1677.1826923077026,3174.3230769230863,1077.5384615384626,3749.0
matched_early_mixture,1.0,timely_tcn,20261002,dragon,60,americas,1500,5751.0,2147.3015873015834,1730.0476190476168,3194.158730158724,1046.8571428571413,3806.0
matched_early_mixture,1.0,timely_tcn,20261002,teamfight,60,overall,3000,19795.0,2002.0622291694924,1525.2998695120255,4460.7097458203125,2458.6475166508035,13137.0
matched_early_mixture,1.0,timely_tcn,20261002,teamfight,60,europe,1500,9978.0,1039.6593720266403,782.1370123691727,2245.766888677441,1206.1075166508065,6630.0
matched_early_mixture,1.0,timely_tcn,20261002,teamfight,60,americas,1500,9817.0,962.402857142852,743.1628571428546,2214.9428571428566,1252.5399999999968,6507.0
