policy,horizon,budget,family,region,seed,event,burden,above_nominal,above_hard_one
deterministic,30,0.75,current_only,europe,20261001,dragon,0.7546666666666667,0.004666666666666708,False
deterministic,30,1.0,pcgrad,europe,20261001,dragon,1.014,0.014000000000000012,True
deterministic,30,0.25,timely_current_only,europe,20261002,baron,0.256,0.006000000000000005,False
regional_deterministic,30,1.0,leagueews,europe,20260930,baron,1.0093333333333334,0.009333333333333416,True
regional_deterministic,30,1.0,leagueews,europe,20261002,baron,1.0066666666666666,0.006666666666666599,True
regional_deterministic,30,0.25,tcn,europe,20260930,baron,0.254,0.0040000000000000036,False
regional_deterministic,30,0.75,current_only,europe,20261001,dragon,0.7546666666666667,0.004666666666666708,False
regional_deterministic,30,0.75,current_only,europe,20261002,teamfight,0.752,0.0020000000000000018,False
regional_deterministic,30,0.5,independent,europe,20261001,baron,0.502,0.0020000000000000018,False
regional_deterministic,30,0.5,independent,europe,20261002,baron,0.524,0.02400000000000002,False
regional_deterministic,30,1.0,independent,europe,20261001,baron,1.0126666666666666,0.012666666666666604,True
regional_deterministic,30,1.0,pcgrad,europe,20261001,baron,1.012,0.01200000000000001,True
regional_deterministic,30,1.0,pcgrad,europe,20261001,dragon,1.014,0.014000000000000012,True
regional_deterministic,30,0.75,timely_tcn,europe,20261001,baron,0.7533333333333333,0.0033333333333332993,False
regional_deterministic,30,1.0,timely_tcn,europe,20261002,baron,1.0086666666666666,0.0086666666666666,True
regional_deterministic,30,0.25,timely_current_only,europe,20261002,baron,0.256,0.006000000000000005,False
matched_early_mixture,30,0.25,leagueews,europe,20260930,baron,0.25090460878885246,0.0009046087888524568,False
matched_early_mixture,30,0.25,leagueews,europe,20260930,dragon,0.2552511415525119,0.005251141552511884,False
matched_early_mixture,30,0.5,leagueews,europe,20260930,baron,0.5091229454306391,0.009122945430639073,False
matched_early_mixture,30,0.5,leagueews,europe,20260930,dragon,0.5105022831050238,0.010502283105023769,False
matched_early_mixture,30,0.5,leagueews,europe,20261002,dragon,0.5038250106700839,0.003825010670083895,False
matched_early_mixture,30,0.75,leagueews,europe,20260930,baron,0.7581367521367514,0.008136752136751357,False
matched_early_mixture,30,0.75,leagueews,europe,20260930,dragon,0.7663392504930974,0.016339250493097368,False
matched_early_mixture,30,0.75,leagueews,europe,20261001,dragon,0.7626260869565188,0.01262608695651879,False
matched_early_mixture,30,0.75,leagueews,europe,20261002,baron,0.7561358024691371,0.0061358024691371416,False
matched_early_mixture,30,0.75,leagueews,europe,20261002,dragon,0.7701502347417876,0.020150234741787565,False
matched_early_mixture,30,1.0,leagueews,europe,20260930,baron,1.0090293040293,0.009029304029299912,True
matched_early_mixture,30,1.0,leagueews,europe,20260930,dragon,1.025398527865412,0.02539852786541208,True
matched_early_mixture,30,1.0,leagueews,europe,20261001,baron,1.0129588431590704,0.012958843159070366,True
matched_early_mixture,30,1.0,leagueews,europe,20261001,dragon,1.0030370370370325,0.0030370370370325084,True
matched_early_mixture,30,1.0,leagueews,europe,20261002,baron,1.0100000000000036,0.010000000000003562,True
matched_early_mixture,30,1.0,leagueews,europe,20261002,dragon,1.0217482269503497,0.021748226950349725,True
matched_early_mixture,30,0.25,gru,europe,20260930,dragon,0.26803780068728494,0.018037800687284944,False
matched_early_mixture,30,0.25,gru,europe,20261001,dragon,0.2662937500000001,0.016293750000000107,False
matched_early_mixture,30,0.25,gru,europe,20261002,dragon,0.25998802395209497,0.009988023952094971,False
matched_early_mixture,30,0.5,gru,europe,20260930,dragon,0.5341391409558395,0.034139140955839475,False
matched_early_mixture,30,0.5,gru,europe,20261001,dragon,0.529054166666667,0.029054166666667047,False
matched_early_mixture,30,0.5,gru,europe,20261002,dragon,0.5363271832718337,0.03632718327183371,False
matched_early_mixture,30,0.75,gru,europe,20260930,dragon,0.7900375075620083,0.0400375075620083,False
matched_early_mixture,30,0.75,gru,europe,20261001,dragon,0.7918145833333338,0.041814583333333766,False
matched_early_mixture,30,0.75,gru,europe,20261002,dragon,0.8012792792792772,0.05127927927927722,False
matched_early_mixture,30,1.0,gru,europe,20260930,dragon,1.0375979643765962,0.03759796437659624,True
matched_early_mixture,30,1.0,gru,europe,20261001,dragon,1.0543168316831744,0.05431683168317436,True
matched_early_mixture,30,1.0,gru,europe,20261002,dragon,1.046211711711712,0.04621171171171201,True
matched_early_mixture,30,0.25,tcn,europe,20260930,baron,0.2558571428571429,0.005857142857142894,False
matched_early_mixture,30,0.25,tcn,europe,20260930,dragon,0.25397157190635367,0.003971571906353666,False
matched_early_mixture,30,0.25,tcn,europe,20261001,baron,0.2601145194274026,0.010114519427402602,False
matched_early_mixture,30,0.25,tcn,europe,20261002,baron,0.251333333333334,0.0013333333333340192,False
matched_early_mixture,30,0.25,tcn,europe,20261002,dragon,0.2539580052493443,0.00395800524934431,False
matched_early_mixture,30,0.5,tcn,europe,20260930,baron,0.501137254901961,0.0011372549019610378,False
matched_early_mixture,30,0.5,tcn,europe,20260930,dragon,0.5079431438127073,0.007943143812707332,False
matched_early_mixture,30,0.5,tcn,europe,20261001,baron,0.5170081871345011,0.01700818713450114,False
matched_early_mixture,30,0.5,tcn,europe,20261002,baron,0.5054871794871774,0.005487179487177363,False
matched_early_mixture,30,0.5,tcn,europe,20261002,dragon,0.5085511811023616,0.008551181102361638,False
matched_early_mixture,30,0.75,tcn,europe,20260930,baron,0.7618257575757559,0.01182575757575588,False
matched_early_mixture,30,0.75,tcn,europe,20260930,dragon,0.7619147157190621,0.011914715719062108,False
matched_early_mixture,30,0.75,tcn,europe,20261001,baron,0.7666048109965661,0.016604810996566077,False
matched_early_mixture,30,0.75,tcn,europe,20261001,dragon,0.7571720430107556,0.00717204301075558,False
matched_early_mixture,30,0.75,tcn,europe,20261002,baron,0.7965463510848119,0.046546351084811866,False
matched_early_mixture,30,0.75,tcn,europe,20261002,dragon,0.7631443569553824,0.013144356955382408,False
matched_early_mixture,30,1.0,tcn,europe,20260930,dragon,1.0132457142857139,0.013245714285713861,True
matched_early_mixture,30,1.0,tcn,europe,20261001,baron,1.0236105877074921,0.023610587707492137,True
matched_early_mixture,30,1.0,tcn,europe,20261001,dragon,1.0104886606760783,0.010488660676078343,True
matched_early_mixture,30,1.0,tcn,europe,20261002,baron,1.0231970534069947,0.02319705340699474,True
matched_early_mixture,30,1.0,tcn,europe,20261002,dragon,1.0167047619047604,0.016704761904760446,True
matched_early_mixture,30,0.25,snapshot,europe,20260930,baron,0.25428660436137135,0.004286604361371349,False
matched_early_mixture,30,0.25,snapshot,europe,20260930,dragon,0.2550763888888888,0.005076388888888783,False
matched_early_mixture,30,0.25,snapshot,europe,20261001,dragon,0.2664280481423335,0.016428048142333507,False
matched_early_mixture,30,0.25,snapshot,europe,20261001,teamfight,0.25086134453781483,0.0008613445378148343,False
matched_early_mixture,30,0.25,snapshot,europe,20261002,dragon,0.270479956068096,0.020479956068095995,False
matched_early_mixture,30,0.25,snapshot,europe,20261002,teamfight,0.25071679197995034,0.0007167919799503375,False
matched_early_mixture,30,0.5,snapshot,europe,20260930,dragon,0.5168547008547021,0.016854700854702087,False
matched_early_mixture,30,0.5,snapshot,europe,20261001,dragon,0.5203526949241215,0.020352694924121506,False
matched_early_mixture,30,0.5,snapshot,europe,20261002,dragon,0.5295409115870405,0.02954091158704053,False
matched_early_mixture,30,0.75,snapshot,europe,20260930,dragon,0.784153110047845,0.03415311004784505,False
matched_early_mixture,30,0.75,snapshot,europe,20261001,dragon,0.7757248814144011,0.025724881414401102,False
matched_early_mixture,30,0.75,snapshot,europe,20261002,dragon,0.7886980802792338,0.038698080279233826,False
matched_early_mixture,30,1.0,snapshot,europe,20260930,dragon,1.0445318957771794,0.04453189577717942,True
matched_early_mixture,30,1.0,snapshot,europe,20261001,dragon,1.0312229409228106,0.031222940922810638,True
matched_early_mixture,30,1.0,snapshot,europe,20261002,dragon,1.046348408710221,0.046348408710221056,True
matched_early_mixture,30,0.25,current_only,europe,20260930,baron,0.2635843137254904,0.013584313725490405,False
matched_early_mixture,30,0.25,current_only,europe,20260930,dragon,0.2635973282442753,0.013597328244275286,False
matched_early_mixture,30,0.25,current_only,europe,20261001,baron,0.26246829268292676,0.012468292682926763,False
matched_early_mixture,30,0.25,current_only,europe,20261002,baron,0.27314285714285724,0.023142857142857243,False
matched_early_mixture,30,0.25,current_only,europe,20261002,dragon,0.26234042553191433,0.012340425531914334,False
matched_early_mixture,30,0.5,current_only,europe,20260930,baron,0.5033591874422904,0.0033591874422903567,False
matched_early_mixture,30,0.5,current_only,europe,20260930,dragon,0.5271946564885506,0.027194656488550573,False
matched_early_mixture,30,0.5,current_only,europe,20261001,dragon,0.5003237508555771,0.0003237508555771207,False
matched_early_mixture,30,0.5,current_only,europe,20261002,baron,0.5076458333333334,0.007645833333333352,False
matched_early_mixture,30,0.5,current_only,europe,20261002,dragon,0.5246808510638287,0.024680851063828668,False
matched_early_mixture,30,0.5,current_only,europe,20261002,teamfight,0.5055502121640725,0.005550212164072477,False
matched_early_mixture,30,0.75,current_only,europe,20260930,dragon,0.790095238095234,0.040095238095233965,False
matched_early_mixture,30,0.75,current_only,europe,20260930,teamfight,0.758433333333334,0.008433333333333959,False
matched_early_mixture,30,0.75,current_only,europe,20261001,dragon,0.75776728268309,0.0077672826830900155,False
matched_early_mixture,30,0.75,current_only,europe,20261001,teamfight,0.7577114673242894,0.0077114673242894005,False
matched_early_mixture,30,0.75,current_only,europe,20261002,dragon,0.7870212765957431,0.03702127659574306,False
matched_early_mixture,30,0.75,current_only,europe,20261002,teamfight,0.7609725036179468,0.010972503617946772,False
matched_early_mixture,30,1.0,current_only,europe,20260930,dragon,1.0372814601344869,0.037281460134486855,True
matched_early_mixture,30,1.0,current_only,europe,20260930,teamfight,1.0032862745098043,0.0032862745098043433,True
matched_early_mixture,30,1.0,current_only,europe,20261001,dragon,1.013066666666668,0.013066666666667892,True
matched_early_mixture,30,1.0,current_only,europe,20261001,teamfight,1.0082650814619118,0.00826508146191185,True
matched_early_mixture,30,1.0,current_only,europe,20261002,dragon,1.0305480093676855,0.030548009367685536,True
matched_early_mixture,30,0.25,independent,europe,20260930,baron,0.2582598290598291,0.008259829059829082,False
matched_early_mixture,30,0.25,independent,europe,20261001,baron,0.273109375,0.023109374999999988,False
matched_early_mixture,30,0.25,independent,europe,20261002,baron,0.25659504132231425,0.0065950413223142546,False
matched_early_mixture,30,0.5,independent,europe,20260930,baron,0.5020489296636074,0.0020489296636073684,False
matched_early_mixture,30,0.5,independent,europe,20260930,dragon,0.5111111111111108,0.01111111111111085,False
matched_early_mixture,30,0.5,independent,europe,20261001,baron,0.5271325757575769,0.027132575757576882,False
matched_early_mixture,30,0.5,independent,europe,20261002,baron,0.5158025889967635,0.015802588996763456,False
matched_early_mixture,30,0.75,independent,europe,20260930,dragon,0.7720651096956805,0.02206510969568054,False
matched_early_mixture,30,0.75,independent,europe,20261001,baron,0.7785448717948688,0.028544871794868754,False
matched_early_mixture,30,0.75,independent,europe,20261001,dragon,0.7563333333333336,0.006333333333333635,False
matched_early_mixture,30,0.75,independent,europe,20261002,baron,0.7677952069716776,0.01779520697167758,False
matched_early_mixture,30,0.75,independent,europe,20261002,dragon,0.7535685249709632,0.0035685249709631606,False
matched_early_mixture,30,1.0,independent,europe,20260930,dragon,1.0135725406935614,0.013572540693561397,True
matched_early_mixture,30,1.0,independent,europe,20261001,baron,1.0212677029360935,0.02126770293609348,True
matched_early_mixture,30,1.0,independent,europe,20261001,dragon,1.0133214638971306,0.013321463897130625,True
matched_early_mixture,30,1.0,independent,europe,20261002,baron,1.008440094899166,0.008440094899166084,True
matched_early_mixture,30,1.0,independent,europe,20261002,dragon,1.0138037166085918,0.01380371660859181,True
matched_early_mixture,30,0.25,pcgrad,europe,20261001,baron,0.2513391304347825,0.0013391304347825095,False
matched_early_mixture,30,0.25,pcgrad,europe,20261001,dragon,0.2584954954954961,0.008495495495496108,False
matched_early_mixture,30,0.25,pcgrad,europe,20261002,baron,0.261316239316239,0.011316239316238985,False
matched_early_mixture,30,0.5,pcgrad,europe,20261001,baron,0.5012568306010923,0.0012568306010922736,False
matched_early_mixture,30,0.5,pcgrad,europe,20261001,dragon,0.5101846846846875,0.010184684684687473,False
matched_early_mixture,30,0.5,pcgrad,europe,20261002,baron,0.5030209339774548,0.0030209339774548427,False
matched_early_mixture,30,0.75,pcgrad,europe,20260930,dragon,0.7558082191780807,0.00580821917808072,False
matched_early_mixture,30,0.75,pcgrad,europe,20261001,baron,0.7636170212765973,0.013617021276597252,False
matched_early_mixture,30,0.75,pcgrad,europe,20261001,dragon,0.7618738738738758,0.01187387387387584,False
matched_early_mixture,30,0.75,pcgrad,europe,20261002,dragon,0.7550623973727415,0.005062397372741501,False
matched_early_mixture,30,1.0,pcgrad,europe,20260930,dragon,1.00753125,0.007531249999999989,True
matched_early_mixture,30,1.0,pcgrad,europe,20261001,baron,1.0177534246575328,0.017753424657532824,True
matched_early_mixture,30,1.0,pcgrad,europe,20261001,dragon,1.0177795698924748,0.017779569892474756,True
matched_early_mixture,30,1.0,pcgrad,europe,20261002,dragon,1.0041869313482255,0.004186931348225453,True
matched_early_mixture,30,0.25,timely_leagueews,europe,20260930,dragon,0.26465517241379427,0.01465517241379427,False
matched_early_mixture,30,0.25,timely_leagueews,europe,20261001,dragon,0.26231780167263946,0.012317801672639461,False
matched_early_mixture,30,0.5,timely_leagueews,europe,20260930,baron,0.5047972508591047,0.004797250859104651,False
matched_early_mixture,30,0.5,timely_leagueews,europe,20260930,dragon,0.5224190476190466,0.02241904761904656,False
matched_early_mixture,30,0.5,timely_leagueews,europe,20261001,dragon,0.5041398865784481,0.004139886578448104,False
matched_early_mixture,30,0.5,timely_leagueews,europe,20261002,dragon,0.5059167999999997,0.005916799999999722,False
matched_early_mixture,30,0.75,timely_leagueews,europe,20260930,baron,0.7630648769574967,0.013064876957496696,False
matched_early_mixture,30,0.75,timely_leagueews,europe,20260930,dragon,0.7743670995670979,0.024367099567097927,False
matched_early_mixture,30,0.75,timely_leagueews,europe,20261001,baron,0.7597692307692341,0.009769230769234083,False
matched_early_mixture,30,0.75,timely_leagueews,europe,20261002,baron,0.7616268343815499,0.011626834381549878,False
matched_early_mixture,30,1.0,timely_leagueews,europe,20260930,baron,1.0012800000000015,0.0012800000000015022,True
matched_early_mixture,30,1.0,timely_leagueews,europe,20260930,dragon,1.0263151515151525,0.026315151515152513,True
matched_early_mixture,30,1.0,timely_leagueews,europe,20261001,baron,1.0118551236749103,0.011855123674910262,True
matched_early_mixture,30,1.0,timely_leagueews,europe,20261001,dragon,1.0054436450839324,0.005443645083932358,True
matched_early_mixture,30,1.0,timely_leagueews,europe,20261002,baron,1.0149222577209758,0.014922257720975773,True
matched_early_mixture,30,0.25,timely_tcn,europe,20260930,baron,0.25846302250803904,0.008463022508039042,False
matched_early_mixture,30,0.25,timely_tcn,europe,20260930,dragon,0.2551699489423764,0.005169948942376379,False
matched_early_mixture,30,0.25,timely_tcn,europe,20261001,baron,0.2592121212121219,0.009212121212121893,False
matched_early_mixture,30,0.25,timely_tcn,europe,20261001,dragon,0.25441833810888115,0.004418338108881148,False
matched_early_mixture,30,0.25,timely_tcn,europe,20261002,baron,0.2562542955326453,0.006254295532645282,False
matched_early_mixture,30,0.25,timely_tcn,europe,20261002,dragon,0.2565514592933933,0.006551459293393291,False
matched_early_mixture,30,0.5,timely_tcn,europe,20260930,baron,0.5207097435897418,0.020709743589741758,False
matched_early_mixture,30,0.5,timely_tcn,europe,20260930,dragon,0.5073603936039374,0.007360393603937365,False
matched_early_mixture,30,0.5,timely_tcn,europe,20261001,baron,0.5176543209876555,0.017654320987655514,False
matched_early_mixture,30,0.5,timely_tcn,europe,20261002,baron,0.507725490196077,0.007725490196077045,False
matched_early_mixture,30,0.5,timely_tcn,europe,20261002,dragon,0.5085331369661297,0.008533136966129673,False
matched_early_mixture,30,0.75,timely_tcn,europe,20260930,baron,0.765319148936172,0.015319148936172033,False
matched_early_mixture,30,0.75,timely_tcn,europe,20261001,baron,0.7855480984340064,0.035548098434006414,False
matched_early_mixture,30,0.75,timely_tcn,europe,20261002,baron,0.7620745098039251,0.012074509803925104,False
matched_early_mixture,30,1.0,timely_tcn,europe,20260930,baron,1.0116250000000018,0.011625000000001773,True
matched_early_mixture,30,1.0,timely_tcn,europe,20261001,baron,1.0217233906947103,0.0217233906947103,True
matched_early_mixture,30,1.0,timely_tcn,europe,20261002,baron,1.0171939393939398,0.01719393939393976,True
matched_early_mixture,30,0.25,timely_current_only,europe,20260930,baron,0.27119892473118307,0.021198924731183066,False
matched_early_mixture,30,0.25,timely_current_only,europe,20260930,dragon,0.2594785478547847,0.009478547854784691,False
matched_early_mixture,30,0.25,timely_current_only,europe,20260930,teamfight,0.2580581655480992,0.008058165548099183,False
matched_early_mixture,30,0.25,timely_current_only,europe,20261001,baron,0.2625245901639341,0.01252459016393409,False
matched_early_mixture,30,0.25,timely_current_only,europe,20261001,dragon,0.25788505747126406,0.007885057471264056,False
matched_early_mixture,30,0.25,timely_current_only,europe,20261002,baron,0.27062277091906684,0.020622770919066835,False
matched_early_mixture,30,0.25,timely_current_only,europe,20261002,dragon,0.261485047410648,0.011485047410647986,False
matched_early_mixture,30,0.25,timely_current_only,europe,20261002,teamfight,0.2517960784313712,0.0017960784313711953,False
matched_early_mixture,30,0.5,timely_current_only,europe,20260930,baron,0.5151595845136906,0.015159584513690594,False
matched_early_mixture,30,0.5,timely_current_only,europe,20260930,dragon,0.5071350681536576,0.007135068153657609,False
matched_early_mixture,30,0.5,timely_current_only,europe,20260930,teamfight,0.5077707090788622,0.007770709078862237,False
matched_early_mixture,30,0.5,timely_current_only,europe,20261001,dragon,0.5087421150278264,0.008742115027826403,False
matched_early_mixture,30,0.5,timely_current_only,europe,20261001,teamfight,0.5056322751322723,0.005632275132272269,False
matched_early_mixture,30,0.5,timely_current_only,europe,20261002,baron,0.5023599182004111,0.0023599182004111485,False
matched_early_mixture,30,0.5,timely_current_only,europe,20261002,dragon,0.5032793581327509,0.0032793581327509314,False
matched_early_mixture,30,0.75,timely_current_only,europe,20260930,dragon,0.7627664670658731,0.012766467065873144,False
matched_early_mixture,30,0.75,timely_current_only,europe,20260930,teamfight,0.7509681580008065,0.0009681580008065183,False
matched_early_mixture,30,0.75,timely_current_only,europe,20261001,dragon,0.7696489296636134,0.019648929663613424,False
matched_early_mixture,30,0.75,timely_current_only,europe,20261001,teamfight,0.7593927227101664,0.009392722710166446,False
matched_early_mixture,30,0.75,timely_current_only,europe,20261002,dragon,0.7571945432977485,0.00719454329774849,False
matched_early_mixture,30,1.0,timely_current_only,europe,20260930,dragon,1.0397125748503,0.0397125748503,True
matched_early_mixture,30,1.0,timely_current_only,europe,20261001,dragon,1.0136856269113195,0.01368562691131947,True
matched_early_mixture,30,1.0,timely_current_only,europe,20261001,teamfight,1.0075106649937287,0.007510664993728655,True
matched_early_mixture,30,1.0,timely_current_only,europe,20261002,dragon,1.0075796866558604,0.007579686655860396,True
matched_early_mixture,30,0.25,timely_clock_only,europe,20260930,baron,0.2607421383647793,0.010742138364779275,False
matched_early_mixture,30,0.25,timely_clock_only,europe,20260930,dragon,0.2558139534883733,0.005813953488373325,False
matched_early_mixture,30,0.25,timely_clock_only,europe,20260930,teamfight,0.25042229729729565,0.00042229729729564847,False
matched_early_mixture,30,0.25,timely_clock_only,europe,20261001,baron,0.2548243953732914,0.004824395373291379,False
matched_early_mixture,30,0.25,timely_clock_only,europe,20261001,dragon,0.25568181818181823,0.005681818181818232,False
matched_early_mixture,30,0.25,timely_clock_only,europe,20261002,dragon,0.2584889624724058,0.008488962472405825,False
matched_early_mixture,30,0.5,timely_clock_only,europe,20260930,baron,0.5005691446842521,0.0005691446842520653,False
matched_early_mixture,30,0.5,timely_clock_only,europe,20260930,teamfight,0.5008445945945913,0.0008445945945912969,False
matched_early_mixture,30,0.5,timely_clock_only,europe,20261001,baron,0.5055388535031852,0.0055388535031851704,False
matched_early_mixture,30,0.75,timely_clock_only,europe,20260930,dragon,0.7539705107951542,0.003970510795154203,False
matched_early_mixture,30,0.75,timely_clock_only,europe,20260930,teamfight,0.7512668918918904,0.0012668918918904426,False
matched_early_mixture,30,0.75,timely_clock_only,europe,20261001,baron,0.7504433121019106,0.0004433121019106201,False
matched_early_mixture,30,1.0,timely_clock_only,europe,20260930,dragon,1.0183859926277035,0.018385992627703462,True
matched_early_mixture,30,0.25,timely_clock_history,europe,20260930,baron,0.25058443465491986,0.0005844346549198631,False
matched_early_mixture,30,0.25,timely_clock_history,europe,20260930,dragon,0.25699809523809397,0.006998095238093971,False
matched_early_mixture,30,0.25,timely_clock_history,europe,20260930,teamfight,0.2509230769230761,0.0009230769230760827,False
matched_early_mixture,30,0.25,timely_clock_history,europe,20261001,baron,0.25330864197530895,0.0033086419753089458,False
matched_early_mixture,30,0.25,timely_clock_history,europe,20261002,baron,0.2665936981757869,0.016593698175786875,False
matched_early_mixture,30,0.25,timely_clock_history,europe,20261002,dragon,0.2632304866850328,0.013230486685032794,False
matched_early_mixture,30,0.5,timely_clock_history,europe,20260930,dragon,0.5000837520938008,8.375209380084847e-05,False
matched_early_mixture,30,0.5,timely_clock_history,europe,20260930,teamfight,0.5059251336898417,0.005925133689841711,False
matched_early_mixture,30,0.5,timely_clock_history,europe,20261001,baron,0.5162750179985611,0.016275017998561125,False
matched_early_mixture,30,0.5,timely_clock_history,europe,20261002,baron,0.5180334528076467,0.018033452807646677,False
matched_early_mixture,30,0.5,timely_clock_history,europe,20261002,dragon,0.5123122130394875,0.012312213039487485,False
matched_early_mixture,30,0.5,timely_clock_history,europe,20261002,teamfight,0.5130194805194791,0.013019480519479099,False
matched_early_mixture,30,0.75,timely_clock_history,europe,20260930,teamfight,0.7612727272727291,0.0112727272727291,False
matched_early_mixture,30,0.75,timely_clock_history,europe,20261001,teamfight,0.7542828977533232,0.004282897753323245,False
matched_early_mixture,30,0.75,timely_clock_history,europe,20261002,dragon,0.7613939393939416,0.011393939393941621,False
matched_early_mixture,30,0.75,timely_clock_history,europe,20261002,teamfight,0.7520616883116849,0.0020616883116848506,False
matched_early_mixture,30,1.0,timely_clock_history,europe,20260930,dragon,1.0051238095238133,0.005123809523813305,True
matched_early_mixture,30,1.0,timely_clock_history,europe,20260930,teamfight,1.007415094339625,0.00741509433962495,True
matched_early_mixture,30,1.0,timely_clock_history,europe,20261001,teamfight,1.012020174232008,0.012020174232008074,True
matched_early_mixture,30,1.0,timely_clock_history,europe,20261002,dragon,1.0108557575757608,0.01085575757576085,True
matched_early_mixture,30,1.0,timely_clock_history,europe,20261002,teamfight,1.0034004576659026,0.0034004576659025787,True
dense_deterministic,30,0.75,leagueews,europe,20261001,dragon,0.752,0.0020000000000000018,False
dense_deterministic,30,0.75,leagueews,europe,20261002,dragon,0.7653333333333333,0.01533333333333331,False
dense_deterministic,30,1.0,leagueews,europe,20260930,dragon,1.0093333333333334,0.009333333333333416,True
dense_deterministic,30,1.0,leagueews,europe,20261001,dragon,1.0093333333333334,0.009333333333333416,True
dense_deterministic,30,1.0,leagueews,europe,20261002,dragon,1.0146666666666666,0.014666666666666606,True
dense_deterministic,30,0.75,tcn,europe,20260930,dragon,0.7633333333333333,0.013333333333333308,False
dense_deterministic,30,0.75,tcn,europe,20261002,dragon,0.7546666666666667,0.004666666666666708,False
dense_deterministic,30,1.0,tcn,europe,20260930,dragon,1.0026666666666666,0.002666666666666595,True
dense_deterministic,30,1.0,tcn,europe,20261001,dragon,1.0026666666666666,0.002666666666666595,True
dense_deterministic,30,0.25,snapshot,europe,20261001,dragon,0.26266666666666666,0.01266666666666666,False
dense_deterministic,30,0.5,snapshot,europe,20260930,dragon,0.5146666666666667,0.014666666666666717,False
dense_deterministic,30,0.5,snapshot,europe,20261001,dragon,0.5186666666666667,0.01866666666666672,False
dense_deterministic,30,0.5,snapshot,europe,20261002,dragon,0.5193333333333333,0.019333333333333313,False
dense_deterministic,30,0.75,snapshot,europe,20260930,dragon,0.774,0.02400000000000002,False
dense_deterministic,30,0.75,snapshot,europe,20261001,dragon,0.764,0.014000000000000012,False
dense_deterministic,30,0.75,snapshot,europe,20261002,dragon,0.7826666666666666,0.03266666666666662,False
dense_deterministic,30,1.0,snapshot,europe,20260930,dragon,1.0246666666666666,0.024666666666666615,True
dense_deterministic,30,1.0,snapshot,europe,20261001,dragon,1.0173333333333334,0.017333333333333423,True
dense_deterministic,30,1.0,snapshot,europe,20261002,dragon,1.0346666666666666,0.03466666666666662,True
dense_deterministic,30,0.25,current_only,europe,20260930,baron,0.25333333333333335,0.003333333333333355,False
dense_deterministic,30,0.25,current_only,europe,20261002,baron,0.25733333333333336,0.007333333333333358,False
dense_deterministic,30,0.5,current_only,europe,20260930,dragon,0.506,0.006000000000000005,False
dense_deterministic,30,0.75,current_only,europe,20260930,dragon,0.788,0.038000000000000034,False
dense_deterministic,30,0.75,current_only,europe,20261001,dragon,0.782,0.03200000000000003,False
dense_deterministic,30,0.75,current_only,europe,20261002,dragon,0.7653333333333333,0.01533333333333331,False
dense_deterministic,30,1.0,current_only,europe,20260930,dragon,1.0153333333333334,0.015333333333333421,True
dense_deterministic,30,1.0,current_only,europe,20261002,dragon,1.0146666666666666,0.014666666666666606,True
dense_deterministic,30,0.25,independent,europe,20261001,baron,0.25333333333333335,0.003333333333333355,False
dense_deterministic,30,0.75,independent,europe,20260930,dragon,0.7613333333333333,0.011333333333333306,False
dense_deterministic,30,0.75,independent,europe,20261002,dragon,0.7506666666666667,0.0006666666666667043,False
dense_deterministic,30,1.0,independent,europe,20260930,dragon,1.0086666666666666,0.0086666666666666,True
dense_deterministic,30,1.0,independent,europe,20261001,dragon,1.0066666666666666,0.006666666666666599,True
dense_deterministic,30,1.0,independent,europe,20261002,dragon,1.0166666666666666,0.016666666666666607,True
dense_deterministic,30,0.75,pcgrad,europe,20261001,dragon,0.76,0.010000000000000009,False
dense_deterministic,30,0.75,pcgrad,europe,20261002,dragon,0.752,0.0020000000000000018,False
dense_deterministic,30,1.0,pcgrad,europe,20261001,dragon,1.014,0.014000000000000012,True
dense_deterministic,30,1.0,pcgrad,europe,20261002,dragon,1.0073333333333334,0.007333333333333414,True
dense_deterministic,30,0.25,timely_leagueews,europe,20260930,dragon,0.258,0.008000000000000007,False
dense_deterministic,30,1.0,timely_leagueews,europe,20261001,dragon,1.0006666666666666,0.0006666666666665932,True
dense_deterministic,30,0.25,timely_tcn,europe,20261001,dragon,0.25333333333333335,0.003333333333333355,False
dense_deterministic,30,0.25,timely_tcn,europe,20261002,dragon,0.272,0.02200000000000002,False
dense_deterministic,30,0.25,timely_current_only,europe,20260930,baron,0.256,0.006000000000000005,False
dense_deterministic,30,0.25,timely_current_only,europe,20260930,teamfight,0.252,0.0020000000000000018,False
dense_deterministic,30,0.25,timely_current_only,europe,20261001,dragon,0.25133333333333335,0.001333333333333353,False
dense_deterministic,30,0.25,timely_current_only,europe,20261002,baron,0.264,0.014000000000000012,False
dense_deterministic,30,0.75,timely_current_only,europe,20260930,dragon,0.752,0.0020000000000000018,False
dense_deterministic,30,0.75,timely_current_only,europe,20261001,dragon,0.7573333333333333,0.007333333333333303,False
dense_deterministic,30,0.5,timely_clock_only,europe,20261002,dragon,0.5026666666666667,0.002666666666666706,False
dense_deterministic,30,0.25,timely_clock_history,europe,20261002,baron,0.258,0.008000000000000007,False
dense_regional_deterministic,30,0.5,leagueews,europe,20260930,baron,0.5026666666666667,0.002666666666666706,False
dense_regional_deterministic,30,0.75,leagueews,europe,20261001,dragon,0.752,0.0020000000000000018,False
dense_regional_deterministic,30,0.75,leagueews,europe,20261002,baron,0.756,0.006000000000000005,False
dense_regional_deterministic,30,0.75,leagueews,europe,20261002,dragon,0.7653333333333333,0.01533333333333331,False
dense_regional_deterministic,30,1.0,leagueews,europe,20260930,dragon,1.0093333333333334,0.009333333333333416,True
dense_regional_deterministic,30,1.0,leagueews,europe,20261001,baron,1.0113333333333334,0.011333333333333417,True
dense_regional_deterministic,30,1.0,leagueews,europe,20261001,dragon,1.0093333333333334,0.009333333333333416,True
dense_regional_deterministic,30,1.0,leagueews,europe,20261002,baron,1.0066666666666666,0.006666666666666599,True
dense_regional_deterministic,30,1.0,leagueews,europe,20261002,dragon,1.0146666666666666,0.014666666666666606,True
dense_regional_deterministic,30,0.25,gru,europe,20260930,dragon,0.25866666666666666,0.008666666666666656,False
dense_regional_deterministic,30,0.25,gru,europe,20261001,dragon,0.26066666666666666,0.010666666666666658,False
dense_regional_deterministic,30,0.5,gru,europe,20260930,dragon,0.502,0.0020000000000000018,False
dense_regional_deterministic,30,0.5,gru,europe,20261002,dragon,0.5306666666666666,0.03066666666666662,False
dense_regional_deterministic,30,0.75,gru,europe,20260930,dragon,0.778,0.028000000000000025,False
dense_regional_deterministic,30,0.75,gru,europe,20261001,dragon,0.7993333333333333,0.04933333333333334,False
dense_regional_deterministic,30,0.75,gru,europe,20261002,dragon,0.7813333333333333,0.031333333333333324,False
dense_regional_deterministic,30,1.0,gru,europe,20260930,dragon,1.044,0.04400000000000004,True
dense_regional_deterministic,30,1.0,gru,europe,20261001,dragon,1.0546666666666666,0.05466666666666664,True
dense_regional_deterministic,30,1.0,gru,europe,20261001,teamfight,1.002,0.0020000000000000018,True
dense_regional_deterministic,30,1.0,gru,europe,20261002,dragon,1.0246666666666666,0.024666666666666615,True
dense_regional_deterministic,30,0.25,tcn,europe,20260930,baron,0.254,0.0040000000000000036,False
dense_regional_deterministic,30,0.25,tcn,europe,20261001,baron,0.254,0.0040000000000000036,False
dense_regional_deterministic,30,0.5,tcn,europe,20261001,baron,0.5006666666666667,0.0006666666666667043,False
dense_regional_deterministic,30,0.5,tcn,europe,20261002,baron,0.5046666666666667,0.004666666666666708,False
dense_regional_deterministic,30,0.75,tcn,europe,20260930,baron,0.764,0.014000000000000012,False
dense_regional_deterministic,30,0.75,tcn,europe,20260930,dragon,0.7633333333333333,0.013333333333333308,False
dense_regional_deterministic,30,0.75,tcn,europe,20261001,baron,0.7566666666666667,0.00666666666666671,False
dense_regional_deterministic,30,0.75,tcn,europe,20261002,baron,0.7913333333333333,0.04133333333333333,False
dense_regional_deterministic,30,0.75,tcn,europe,20261002,dragon,0.7546666666666667,0.004666666666666708,False
dense_regional_deterministic,30,1.0,tcn,europe,20260930,dragon,1.0026666666666666,0.002666666666666595,True
dense_regional_deterministic,30,1.0,tcn,europe,20261001,baron,1.0066666666666666,0.006666666666666599,True
dense_regional_deterministic,30,1.0,tcn,europe,20261001,dragon,1.0026666666666666,0.002666666666666595,True
dense_regional_deterministic,30,1.0,tcn,europe,20261002,baron,1.0146666666666666,0.014666666666666606,True
dense_regional_deterministic,30,0.25,snapshot,europe,20261001,dragon,0.26266666666666666,0.01266666666666666,False
dense_regional_deterministic,30,0.5,snapshot,europe,20260930,dragon,0.5146666666666667,0.014666666666666717,False
dense_regional_deterministic,30,0.5,snapshot,europe,20261001,dragon,0.5186666666666667,0.01866666666666672,False
dense_regional_deterministic,30,0.5,snapshot,europe,20261002,dragon,0.5193333333333333,0.019333333333333313,False
dense_regional_deterministic,30,0.75,snapshot,europe,20260930,dragon,0.774,0.02400000000000002,False
dense_regional_deterministic,30,0.75,snapshot,europe,20261001,dragon,0.764,0.014000000000000012,False
dense_regional_deterministic,30,0.75,snapshot,europe,20261002,dragon,0.7826666666666666,0.03266666666666662,False
dense_regional_deterministic,30,1.0,snapshot,europe,20260930,dragon,1.0246666666666666,0.024666666666666615,True
dense_regional_deterministic,30,1.0,snapshot,europe,20261001,dragon,1.0173333333333334,0.017333333333333423,True
dense_regional_deterministic,30,1.0,snapshot,europe,20261002,dragon,1.0346666666666666,0.03466666666666662,True
dense_regional_deterministic,30,0.25,current_only,europe,20260930,baron,0.26,0.010000000000000009,False
dense_regional_deterministic,30,0.25,current_only,europe,20261001,baron,0.26266666666666666,0.01266666666666666,False
dense_regional_deterministic,30,0.25,current_only,europe,20261002,baron,0.262,0.01200000000000001,False
dense_regional_deterministic,30,0.5,current_only,europe,20260930,baron,0.504,0.0040000000000000036,False
dense_regional_deterministic,30,0.5,current_only,europe,20260930,dragon,0.506,0.006000000000000005,False
dense_regional_deterministic,30,0.75,current_only,europe,20260930,dragon,0.788,0.038000000000000034,False
dense_regional_deterministic,30,0.75,current_only,europe,20261001,dragon,0.782,0.03200000000000003,False
dense_regional_deterministic,30,0.75,current_only,europe,20261002,dragon,0.7653333333333333,0.01533333333333331,False
dense_regional_deterministic,30,0.75,current_only,europe,20261002,teamfight,0.752,0.0020000000000000018,False
dense_regional_deterministic,30,1.0,current_only,europe,20260930,dragon,1.0153333333333334,0.015333333333333421,True
dense_regional_deterministic,30,1.0,current_only,europe,20261002,dragon,1.0146666666666666,0.014666666666666606,True
dense_regional_deterministic,30,0.25,independent,europe,20261001,baron,0.27066666666666667,0.020666666666666667,False
dense_regional_deterministic,30,0.25,independent,europe,20261002,baron,0.25533333333333336,0.005333333333333357,False
dense_regional_deterministic,30,0.5,independent,europe,20261001,baron,0.526,0.026000000000000023,False
dense_regional_deterministic,30,0.5,independent,europe,20261002,baron,0.524,0.02400000000000002,False
dense_regional_deterministic,30,0.75,independent,europe,20260930,dragon,0.7613333333333333,0.011333333333333306,False
dense_regional_deterministic,30,0.75,independent,europe,20261001,baron,0.7813333333333333,0.031333333333333324,False
dense_regional_deterministic,30,0.75,independent,europe,20261002,baron,0.7693333333333333,0.019333333333333313,False
dense_regional_deterministic,30,0.75,independent,europe,20261002,dragon,0.7506666666666667,0.0006666666666667043,False
dense_regional_deterministic,30,1.0,independent,europe,20260930,dragon,1.0086666666666666,0.0086666666666666,True
dense_regional_deterministic,30,1.0,independent,europe,20261001,baron,1.02,0.020000000000000018,True
dense_regional_deterministic,30,1.0,independent,europe,20261001,dragon,1.0066666666666666,0.006666666666666599,True
dense_regional_deterministic,30,1.0,independent,europe,20261002,dragon,1.0166666666666666,0.016666666666666607,True
dense_regional_deterministic,30,0.25,pcgrad,europe,20261002,baron,0.25133333333333335,0.001333333333333353,False
dense_regional_deterministic,30,0.5,pcgrad,europe,20261002,baron,0.5046666666666667,0.004666666666666708,False
dense_regional_deterministic,30,0.75,pcgrad,europe,20261001,baron,0.764,0.014000000000000012,False
dense_regional_deterministic,30,0.75,pcgrad,europe,20261001,dragon,0.76,0.010000000000000009,False
dense_regional_deterministic,30,0.75,pcgrad,europe,20261002,dragon,0.752,0.0020000000000000018,False
dense_regional_deterministic,30,1.0,pcgrad,europe,20261001,baron,1.012,0.01200000000000001,True
dense_regional_deterministic,30,1.0,pcgrad,europe,20261001,dragon,1.014,0.014000000000000012,True
dense_regional_deterministic,30,1.0,pcgrad,europe,20261002,dragon,1.0073333333333334,0.007333333333333414,True
dense_regional_deterministic,30,0.25,timely_leagueews,europe,20260930,dragon,0.258,0.008000000000000007,False
dense_regional_deterministic,30,0.75,timely_leagueews,europe,20260930,baron,0.764,0.014000000000000012,False
dense_regional_deterministic,30,0.75,timely_leagueews,europe,20261001,baron,0.7606666666666667,0.010666666666666713,False
dense_regional_deterministic,30,0.75,timely_leagueews,europe,20261002,baron,0.7586666666666667,0.008666666666666711,False
dense_regional_deterministic,30,1.0,timely_leagueews,europe,20261001,dragon,1.0006666666666666,0.0006666666666665932,True
dense_regional_deterministic,30,0.25,timely_tcn,europe,20260930,baron,0.25133333333333335,0.001333333333333353,False
dense_regional_deterministic,30,0.25,timely_tcn,europe,20260930,dragon,0.27,0.020000000000000018,False
dense_regional_deterministic,30,0.25,timely_tcn,europe,20261001,baron,0.25733333333333336,0.007333333333333358,False
dense_regional_deterministic,30,0.25,timely_tcn,europe,20261001,dragon,0.25333333333333335,0.003333333333333355,False
dense_regional_deterministic,30,0.25,timely_tcn,europe,20261002,baron,0.254,0.0040000000000000036,False
dense_regional_deterministic,30,0.25,timely_tcn,europe,20261002,dragon,0.272,0.02200000000000002,False
dense_regional_deterministic,30,0.5,timely_tcn,europe,20260930,baron,0.514,0.014000000000000012,False
dense_regional_deterministic,30,0.5,timely_tcn,europe,20261001,baron,0.508,0.008000000000000007,False
dense_regional_deterministic,30,0.5,timely_tcn,europe,20261002,baron,0.5073333333333333,0.007333333333333303,False
dense_regional_deterministic,30,0.75,timely_tcn,europe,20260930,baron,0.7646666666666667,0.014666666666666717,False
dense_regional_deterministic,30,0.75,timely_tcn,europe,20261001,baron,0.7726666666666666,0.022666666666666613,False
dense_regional_deterministic,30,0.75,timely_tcn,europe,20261002,baron,0.7673333333333333,0.01733333333333331,False
dense_regional_deterministic,30,1.0,timely_tcn,europe,20260930,baron,1.004,0.0040000000000000036,True
dense_regional_deterministic,30,1.0,timely_tcn,europe,20261001,baron,1.0193333333333334,0.019333333333333425,True
dense_regional_deterministic,30,1.0,timely_tcn,europe,20261002,baron,1.0086666666666666,0.0086666666666666,True
dense_regional_deterministic,30,0.25,timely_current_only,europe,20260930,baron,0.278,0.028000000000000025,False
dense_regional_deterministic,30,0.25,timely_current_only,europe,20260930,teamfight,0.252,0.0020000000000000018,False
dense_regional_deterministic,30,0.25,timely_current_only,europe,20261001,baron,0.25666666666666665,0.006666666666666654,False
dense_regional_deterministic,30,0.25,timely_current_only,europe,20261001,dragon,0.25133333333333335,0.001333333333333353,False
dense_regional_deterministic,30,0.25,timely_current_only,europe,20261002,baron,0.27266666666666667,0.02266666666666667,False
dense_regional_deterministic,30,0.25,timely_current_only,europe,20261002,dragon,0.252,0.0020000000000000018,False
dense_regional_deterministic,30,0.5,timely_current_only,europe,20260930,baron,0.506,0.006000000000000005,False
dense_regional_deterministic,30,0.75,timely_current_only,europe,20260930,dragon,0.752,0.0020000000000000018,False
dense_regional_deterministic,30,0.75,timely_current_only,europe,20261001,dragon,0.7573333333333333,0.007333333333333303,False
dense_regional_deterministic,30,1.0,timely_current_only,europe,20261001,dragon,1.016,0.016000000000000014,True
dense_regional_deterministic,30,0.25,timely_clock_only,europe,20261001,baron,0.2693333333333333,0.019333333333333313,False
dense_regional_deterministic,30,0.25,timely_clock_only,europe,20261002,baron,0.266,0.016000000000000014,False
dense_regional_deterministic,30,0.5,timely_clock_only,europe,20261002,dragon,0.5026666666666667,0.002666666666666706,False
dense_regional_deterministic,30,1.0,timely_clock_only,europe,20260930,teamfight,1.008,0.008000000000000007,True
dense_regional_deterministic,30,0.25,timely_clock_history,europe,20260930,dragon,0.25333333333333335,0.003333333333333355,False
dense_regional_deterministic,30,0.25,timely_clock_history,europe,20261002,baron,0.258,0.008000000000000007,False
dense_regional_deterministic,30,0.5,timely_clock_history,europe,20260930,baron,0.5046666666666667,0.004666666666666708,False
dense_regional_deterministic,30,0.5,timely_clock_history,europe,20261001,baron,0.5213333333333333,0.021333333333333315,False
dense_regional_deterministic,30,0.5,timely_clock_history,europe,20261002,baron,0.516,0.016000000000000014,False
regional_deterministic,60,0.5,gru,europe,20260930,dragon,0.5153333333333333,0.01533333333333331,False
regional_deterministic,60,0.5,tcn,europe,20261001,baron,0.5146666666666667,0.014666666666666717,False
regional_deterministic,60,0.75,tcn,europe,20261002,baron,0.7586666666666667,0.008666666666666711,False
regional_deterministic,60,1.0,tcn,europe,20260930,baron,1.0153333333333334,0.015333333333333421,True
regional_deterministic,60,1.0,snapshot,europe,20261002,dragon,1.0086666666666666,0.0086666666666666,True
regional_deterministic,60,1.0,current_only,europe,20260930,dragon,1.0166666666666666,0.016666666666666607,True
regional_deterministic,60,1.0,current_only,europe,20261001,dragon,1.0013333333333334,0.0013333333333334085,True
regional_deterministic,60,0.25,timely_leagueews,europe,20260930,baron,0.278,0.028000000000000025,False
regional_deterministic,60,0.25,timely_leagueews,europe,20261002,teamfight,0.2653333333333333,0.01533333333333331,False
regional_deterministic,60,0.5,timely_leagueews,europe,20260930,baron,0.5206666666666667,0.020666666666666722,False
regional_deterministic,60,0.75,timely_leagueews,europe,20260930,baron,0.7693333333333333,0.019333333333333313,False
regional_deterministic,60,1.0,timely_tcn,europe,20261002,baron,1.0093333333333334,0.009333333333333416,True
regional_deterministic,60,0.25,timely_clock_history,europe,20260930,baron,0.25533333333333336,0.005333333333333357,False
regional_deterministic,60,0.5,timely_clock_history,europe,20260930,baron,0.514,0.014000000000000012,False
matched_early_mixture,60,0.25,leagueews,europe,20260930,baron,0.2509765625,0.0009765625,False
matched_early_mixture,60,0.25,leagueews,europe,20261002,baron,0.251840168243955,0.0018401682439549982,False
matched_early_mixture,60,0.25,leagueews,europe,20261002,dragon,0.2511377741001241,0.0011377741001241115,False
matched_early_mixture,60,0.5,leagueews,europe,20260930,baron,0.501953125,0.001953125,False
matched_early_mixture,60,0.5,leagueews,europe,20261002,baron,0.50368033648791,0.0036803364879099965,False
matched_early_mixture,60,0.5,leagueews,europe,20261002,dragon,0.5022755482002482,0.002275548200248223,False
matched_early_mixture,60,0.75,leagueews,europe,20260930,baron,0.7940465116279093,0.04404651162790929,False
matched_early_mixture,60,0.75,leagueews,europe,20261001,baron,0.7575438596491201,0.007543859649120077,False
matched_early_mixture,60,0.75,leagueews,europe,20261002,baron,0.7620626398210325,0.012062639821032506,False
matched_early_mixture,60,0.75,leagueews,europe,20261002,dragon,0.7534133223003743,0.0034133223003742774,False
matched_early_mixture,60,1.0,leagueews,europe,20260930,baron,1.0328349007314548,0.032834900731454786,True
matched_early_mixture,60,1.0,leagueews,europe,20261001,baron,1.0334403153153164,0.03344031531531644,True
matched_early_mixture,60,1.0,leagueews,europe,20261002,baron,1.028002237136463,0.028002237136462993,True
matched_early_mixture,60,1.0,leagueews,europe,20261002,dragon,1.0045510964004964,0.004551096400496446,True
matched_early_mixture,60,0.25,gru,europe,20260930,dragon,0.2555691460055105,0.005569146005510506,False
matched_early_mixture,60,0.25,gru,europe,20260930,teamfight,0.25039501312335877,0.00039501312335876726,False
matched_early_mixture,60,0.25,gru,europe,20261001,dragon,0.26520112044817773,0.01520112044817773,False
matched_early_mixture,60,0.25,gru,europe,20261001,teamfight,0.2576205128205129,0.007620512820512904,False
matched_early_mixture,60,0.25,gru,europe,20261002,dragon,0.2581548117154814,0.00815481171548138,False
matched_early_mixture,60,0.5,gru,europe,20260930,dragon,0.5167285067873286,0.016728506787328623,False
matched_early_mixture,60,0.5,gru,europe,20261001,dragon,0.5395708683473379,0.03957086834733792,False
matched_early_mixture,60,0.5,gru,europe,20261001,teamfight,0.5180600732600733,0.018060073260073306,False
matched_early_mixture,60,0.5,gru,europe,20261002,dragon,0.5217454545454518,0.021745454545451848,False
matched_early_mixture,60,0.75,gru,europe,20260930,dragon,0.7783235294117643,0.028323529411764303,False
matched_early_mixture,60,0.75,gru,europe,20261001,dragon,0.7996857749469264,0.049685774946926387,False
matched_early_mixture,60,0.75,gru,europe,20261001,teamfight,0.7784996336996343,0.028499633699634264,False
matched_early_mixture,60,0.75,gru,europe,20261002,dragon,0.79106363636363,0.041063636363629974,False
matched_early_mixture,60,1.0,gru,europe,20260930,dragon,1.0399185520361984,0.03991855203619843,True
matched_early_mixture,60,1.0,gru,europe,20260930,teamfight,1.0027723749119102,0.0027723749119101804,True
matched_early_mixture,60,1.0,gru,europe,20261001,dragon,1.0465010615711259,0.04650106157112588,True
matched_early_mixture,60,1.0,gru,europe,20261001,teamfight,1.038939194139199,0.038939194139198996,True
matched_early_mixture,60,1.0,gru,europe,20261002,dragon,1.0533733333333355,0.05337333333333549,True
matched_early_mixture,60,0.25,tcn,europe,20260930,baron,0.26281407035175774,0.012814070351757745,False
matched_early_mixture,60,0.25,tcn,europe,20261001,baron,0.2588682432432419,0.008868243243241924,False
matched_early_mixture,60,0.25,tcn,europe,20261001,dragon,0.2513167134831458,0.001316713483145826,False
matched_early_mixture,60,0.25,tcn,europe,20261002,baron,0.26337461491065944,0.013374614910659444,False
matched_early_mixture,60,0.5,tcn,europe,20260930,baron,0.5256281407035155,0.02562814070351549,False
matched_early_mixture,60,0.5,tcn,europe,20261001,baron,0.5177364864864838,0.01773648648648385,False
matched_early_mixture,60,0.5,tcn,europe,20261001,dragon,0.5026334269662917,0.002633426966291652,False
matched_early_mixture,60,0.5,tcn,europe,20261002,baron,0.5260825631546522,0.026082563154652183,False
matched_early_mixture,60,0.75,tcn,europe,20260930,baron,0.7798002936857568,0.029800293685756762,False
matched_early_mixture,60,0.75,tcn,europe,20261001,baron,0.7766047297297288,0.026604729729728827,False
matched_early_mixture,60,0.75,tcn,europe,20261001,dragon,0.7539501404494364,0.003950140449436423,False
matched_early_mixture,60,0.75,tcn,europe,20261002,baron,0.7859582898852999,0.03595828988529992,False
matched_early_mixture,60,1.0,tcn,europe,20260930,baron,1.0274294294294275,0.0274294294294275,True
matched_early_mixture,60,1.0,tcn,europe,20261001,baron,1.030574432010852,0.03057443201085208,True
matched_early_mixture,60,1.0,tcn,europe,20261001,dragon,1.0052668539325833,0.005266853932583304,True
matched_early_mixture,60,1.0,tcn,europe,20261002,baron,1.0239666319082394,0.023966631908239444,True
matched_early_mixture,60,0.25,snapshot,europe,20260930,dragon,0.2523421588594703,0.0023421588594703113,False
matched_early_mixture,60,0.25,snapshot,europe,20261001,dragon,0.254008438818566,0.004008438818565996,False
matched_early_mixture,60,0.25,snapshot,europe,20261002,baron,0.25783475783475945,0.007834757834759454,False
matched_early_mixture,60,0.25,snapshot,europe,20261002,dragon,0.2525154798761615,0.0025154798761615194,False
matched_early_mixture,60,0.5,snapshot,europe,20260930,dragon,0.5046843177189406,0.004684317718940623,False
matched_early_mixture,60,0.5,snapshot,europe,20261001,dragon,0.5080168776371319,0.00801687763713188,False
matched_early_mixture,60,0.5,snapshot,europe,20261002,baron,0.5111712820512805,0.011171282051280484,False
matched_early_mixture,60,0.5,snapshot,europe,20261002,dragon,0.505030959752323,0.005030959752323039,False
matched_early_mixture,60,0.75,snapshot,europe,20260930,baron,0.7516041666666666,0.0016041666666666288,False
matched_early_mixture,60,0.75,snapshot,europe,20260930,dragon,0.7570264765784119,0.007026476578411933,False
matched_early_mixture,60,0.75,snapshot,europe,20261001,baron,0.7510435729847517,0.0010435729847516617,False
matched_early_mixture,60,0.75,snapshot,europe,20261001,dragon,0.7620253164556967,0.01202531645569671,False
matched_early_mixture,60,0.75,snapshot,europe,20261002,dragon,0.7575464396284838,0.007546439628483781,False
matched_early_mixture,60,1.0,snapshot,europe,20260930,dragon,1.0093686354378812,0.009368635437881245,True
matched_early_mixture,60,1.0,snapshot,europe,20261001,dragon,1.0160337552742638,0.01603375527426376,True
matched_early_mixture,60,1.0,snapshot,europe,20261002,dragon,1.010061919504646,0.010061919504646077,True
matched_early_mixture,60,0.25,current_only,europe,20260930,baron,0.2532126168224298,0.0032126168224297924,False
matched_early_mixture,60,0.25,current_only,europe,20260930,dragon,0.25206252713851524,0.0020625271385152355,False
matched_early_mixture,60,0.25,current_only,europe,20261001,baron,0.2555051813471504,0.00550518134715039,False
matched_early_mixture,60,0.25,current_only,europe,20261001,dragon,0.2500960799385099,9.607993850990759e-05,False
matched_early_mixture,60,0.25,current_only,europe,20261002,baron,0.27086956521739164,0.02086956521739164,False
matched_early_mixture,60,0.25,current_only,europe,20261002,dragon,0.2510029175784099,0.0010029175784099231,False
matched_early_mixture,60,0.5,current_only,europe,20260930,baron,0.5064252336448596,0.006425233644859585,False
matched_early_mixture,60,0.5,current_only,europe,20260930,dragon,0.5041250542770305,0.004125054277030471,False
matched_early_mixture,60,0.5,current_only,europe,20261001,baron,0.5110103626943008,0.01101036269430078,False
matched_early_mixture,60,0.5,current_only,europe,20261001,dragon,0.5001921598770199,0.0001921598770199262,False
matched_early_mixture,60,0.5,current_only,europe,20261002,baron,0.519635327635328,0.019635327635328048,False
matched_early_mixture,60,0.5,current_only,europe,20261002,dragon,0.5020058351568198,0.0020058351568198463,False
matched_early_mixture,60,0.75,current_only,europe,20260930,dragon,0.7561875814155468,0.006187581415546761,False
matched_early_mixture,60,0.75,current_only,europe,20261001,dragon,0.7502882398155217,0.00028823981552172917,False
matched_early_mixture,60,0.75,current_only,europe,20261002,dragon,0.7530087527352323,0.0030087527352322674,False
matched_early_mixture,60,1.0,current_only,europe,20260930,baron,1.0051813804173362,0.005181380417336179,True
matched_early_mixture,60,1.0,current_only,europe,20260930,dragon,1.0082501085540605,0.008250108554060498,True
matched_early_mixture,60,1.0,current_only,europe,20261001,baron,1.0112530030030042,0.011253003003004247,True
matched_early_mixture,60,1.0,current_only,europe,20261001,dragon,1.0003843197540399,0.0003843197540398524,True
matched_early_mixture,60,1.0,current_only,europe,20261002,dragon,1.0040116703136397,0.0040116703136396925,True
matched_early_mixture,60,0.25,independent,europe,20260930,baron,0.25669456066945545,0.006694560669455452,False
matched_early_mixture,60,0.25,independent,europe,20260930,dragon,0.251468555632343,0.0014685556323429938,False
matched_early_mixture,60,0.25,independent,europe,20261001,baron,0.26919642857142767,0.01919642857142767,False
matched_early_mixture,60,0.25,independent,europe,20261002,baron,0.2668483647175424,0.01684836471754242,False
matched_early_mixture,60,0.25,independent,europe,20261002,dragon,0.25045821114369443,0.0004582111436944314,False
matched_early_mixture,60,0.5,independent,europe,20260930,baron,0.5133891213389109,0.013389121338910903,False
matched_early_mixture,60,0.5,independent,europe,20260930,dragon,0.502937111264686,0.0029371112646859876,False
matched_early_mixture,60,0.5,independent,europe,20261001,baron,0.5344396782841815,0.034439678284181485,False
matched_early_mixture,60,0.5,independent,europe,20261002,baron,0.5336967294350848,0.03369672943508484,False
matched_early_mixture,60,0.5,independent,europe,20261002,dragon,0.5009164222873889,0.0009164222873888628,False
matched_early_mixture,60,0.75,independent,europe,20260930,baron,0.7700836820083693,0.020083682008369297,False
matched_early_mixture,60,0.75,independent,europe,20260930,dragon,0.7544056668970288,0.004405666897028815,False
matched_early_mixture,60,0.75,independent,europe,20261001,baron,0.7958337801608553,0.045833780160855264,False
matched_early_mixture,60,0.75,independent,europe,20261002,baron,0.7973916349809859,0.047391634980985864,False
matched_early_mixture,60,0.75,independent,europe,20261002,dragon,0.7513746334310857,0.0013746334310856811,False
matched_early_mixture,60,1.0,independent,europe,20260930,baron,1.0173333333333359,0.017333333333335865,True
matched_early_mixture,60,1.0,independent,europe,20260930,dragon,1.005874222529372,0.005874222529371975,True
matched_early_mixture,60,1.0,independent,europe,20261001,baron,1.0459283582089591,0.04592835820895913,True
matched_early_mixture,60,1.0,independent,europe,20261002,baron,1.0326953846153824,0.03269538461538235,True
matched_early_mixture,60,1.0,independent,europe,20261002,dragon,1.0018328445747777,0.0018328445747777256,True
matched_early_mixture,60,0.25,pcgrad,europe,20260930,dragon,0.25256975036710694,0.0025697503671069377,False
matched_early_mixture,60,0.25,pcgrad,europe,20261001,baron,0.2573394495412832,0.007339449541283183,False
matched_early_mixture,60,0.25,pcgrad,europe,20261002,baron,0.25330132052821064,0.0033013205282106384,False
matched_early_mixture,60,0.25,pcgrad,europe,20261002,dragon,0.2514508523757708,0.0014508523757708058,False
matched_early_mixture,60,0.5,pcgrad,europe,20260930,dragon,0.5051395007342139,0.005139500734213875,False
matched_early_mixture,60,0.5,pcgrad,europe,20261001,baron,0.5146788990825664,0.014678899082566366,False
matched_early_mixture,60,0.5,pcgrad,europe,20261002,baron,0.5066026410564213,0.006602641056421277,False
matched_early_mixture,60,0.5,pcgrad,europe,20261002,dragon,0.5029017047515416,0.0029017047515416117,False
matched_early_mixture,60,0.75,pcgrad,europe,20260930,baron,0.7661228070175455,0.016122807017545537,False
matched_early_mixture,60,0.75,pcgrad,europe,20260930,dragon,0.7577092511013213,0.007709251101321257,False
matched_early_mixture,60,0.75,pcgrad,europe,20261001,baron,0.7723170320404736,0.02231703204047364,False
matched_early_mixture,60,0.75,pcgrad,europe,20261002,baron,0.7541808367071502,0.004180836707150193,False
matched_early_mixture,60,0.75,pcgrad,europe,20261002,dragon,0.7543525571273112,0.004352557127311196,False
matched_early_mixture,60,1.0,pcgrad,europe,20260930,baron,1.029408730158729,0.029408730158728913,True
matched_early_mixture,60,1.0,pcgrad,europe,20260930,dragon,1.0102790014684278,0.01027900146842775,True
matched_early_mixture,60,1.0,pcgrad,europe,20261001,baron,1.0328566610455296,0.032856661045529645,True
matched_early_mixture,60,1.0,pcgrad,europe,20261002,baron,1.0001322537112012,0.00013225371120118012,True
matched_early_mixture,60,1.0,pcgrad,europe,20261002,dragon,1.0058034095030832,0.005803409503083223,True
matched_early_mixture,60,0.25,timely_leagueews,europe,20260930,baron,0.2814966378482245,0.031496637848224485,False
matched_early_mixture,60,0.25,timely_leagueews,europe,20260930,teamfight,0.2581521252796422,0.008152125279642208,False
matched_early_mixture,60,0.25,timely_leagueews,europe,20261001,baron,0.2613630017452011,0.011363001745201107,False
matched_early_mixture,60,0.25,timely_leagueews,europe,20261001,teamfight,0.257408388520971,0.0074083885209709766,False
matched_early_mixture,60,0.25,timely_leagueews,europe,20261002,baron,0.25814234234234207,0.008142342342342068,False
matched_early_mixture,60,0.25,timely_leagueews,europe,20261002,teamfight,0.2703076923076926,0.020307692307692582,False
matched_early_mixture,60,0.5,timely_leagueews,europe,20260930,baron,0.5414940778341802,0.04149407783418024,False
matched_early_mixture,60,0.5,timely_leagueews,europe,20260930,teamfight,0.506442415017759,0.006442415017758996,False
matched_early_mixture,60,0.5,timely_leagueews,europe,20261001,baron,0.5189237252423109,0.018923725242310896,False
matched_early_mixture,60,0.5,timely_leagueews,europe,20261002,baron,0.5263437037037049,0.026343703703704868,False
matched_early_mixture,60,0.5,timely_leagueews,europe,20261002,teamfight,0.5034807692307718,0.0034807692307717852,False
matched_early_mixture,60,0.75,timely_leagueews,europe,20260930,baron,0.7777286432160784,0.027728643216078375,False
matched_early_mixture,60,0.75,timely_leagueews,europe,20260930,teamfight,0.7539536541889471,0.003953654188947109,False
matched_early_mixture,60,0.75,timely_leagueews,europe,20261001,baron,0.7736645596291593,0.023664559629159254,False
matched_early_mixture,60,0.75,timely_leagueews,europe,20261002,baron,0.7830154525386298,0.03301545253862981,False
matched_early_mixture,60,1.0,timely_leagueews,europe,20260930,baron,1.002603015075374,0.002603015075373971,True
matched_early_mixture,60,1.0,timely_leagueews,europe,20261001,baron,1.0328877374784098,0.032887737478409784,True
matched_early_mixture,60,1.0,timely_leagueews,europe,20261002,baron,1.0201632653061214,0.020163265306121447,True
matched_early_mixture,60,0.25,timely_tcn,europe,20260930,baron,0.25742574257425654,0.007425742574256544,False
matched_early_mixture,60,0.25,timely_tcn,europe,20261001,baron,0.25800919540229855,0.008009195402298552,False
matched_early_mixture,60,0.25,timely_tcn,europe,20261002,baron,0.2611832718327199,0.011183271832719888,False
matched_early_mixture,60,0.5,timely_tcn,europe,20260930,baron,0.5160677966101695,0.01606779661016955,False
matched_early_mixture,60,0.5,timely_tcn,europe,20261001,baron,0.5103866084425047,0.010386608442504719,False
matched_early_mixture,60,0.5,timely_tcn,europe,20261002,baron,0.5194858548585495,0.01948585485854948,False
matched_early_mixture,60,0.75,timely_tcn,europe,20260930,baron,0.7706973684210547,0.02069736842105474,False
matched_early_mixture,60,0.75,timely_tcn,europe,20261001,baron,0.7654084425036379,0.015408442503637931,False
matched_early_mixture,60,0.75,timely_tcn,europe,20261002,baron,0.7756297814207681,0.025629781420768105,False
matched_early_mixture,60,1.0,timely_tcn,europe,20260930,baron,1.0177368421052595,0.017736842105259498,True
matched_early_mixture,60,1.0,timely_tcn,europe,20261001,baron,1.0204302765647744,0.020430276564774363,True
matched_early_mixture,60,1.0,timely_tcn,europe,20261002,baron,1.026780198019803,0.026780198019803025,True
matched_early_mixture,60,0.25,timely_current_only,europe,20260930,baron,0.2699190031152654,0.0199190031152654,False
matched_early_mixture,60,0.25,timely_current_only,europe,20261001,baron,0.25715686274509925,0.007156862745099246,False
matched_early_mixture,60,0.25,timely_current_only,europe,20261001,teamfight,0.25168663594470003,0.0016866359447000323,False
matched_early_mixture,60,0.25,timely_current_only,europe,20261002,baron,0.2623054003724385,0.01230540037243849,False
matched_early_mixture,60,0.5,timely_current_only,europe,20260930,baron,0.5223748114630475,0.02237481146304754,False
matched_early_mixture,60,0.5,timely_current_only,europe,20261002,baron,0.5159018817204319,0.015901881720431943,False
matched_early_mixture,60,0.75,timely_current_only,europe,20260930,baron,0.7670015082956264,0.01700150829562641,False
matched_early_mixture,60,0.75,timely_current_only,europe,20261001,baron,0.7602682190599362,0.010268219059936246,False
matched_early_mixture,60,0.75,timely_current_only,europe,20261002,baron,0.7614497574497529,0.011449757449752851,False
matched_early_mixture,60,1.0,timely_current_only,europe,20260930,baron,1.0159443037974694,0.01594430379746936,True
matched_early_mixture,60,1.0,timely_current_only,europe,20260930,dragon,1.0037464142283443,0.003746414228344319,True
matched_early_mixture,60,1.0,timely_current_only,europe,20261001,baron,1.0225579991375529,0.022557999137552853,True
matched_early_mixture,60,1.0,timely_current_only,europe,20261002,baron,1.0010547470547437,0.001054747054743732,True
matched_early_mixture,60,0.25,timely_clock_only,europe,20260930,baron,0.2765419103313851,0.026541910331385088,False
matched_early_mixture,60,0.25,timely_clock_only,europe,20261001,baron,0.278553672316384,0.028553672316384004,False
matched_early_mixture,60,0.25,timely_clock_only,europe,20261002,baron,0.2753943661971828,0.025394366197182827,False
matched_early_mixture,60,0.5,timely_clock_only,europe,20260930,baron,0.5261909282700408,0.02619092827004077,False
matched_early_mixture,60,0.5,timely_clock_only,europe,20261001,baron,0.5166449612403087,0.016644961240308676,False
matched_early_mixture,60,0.5,timely_clock_only,europe,20261002,baron,0.5116699453551928,0.011669945355192834,False
matched_early_mixture,60,0.75,timely_clock_only,europe,20260930,baron,0.7752997741206857,0.025299774120685736,False
matched_early_mixture,60,0.75,timely_clock_only,europe,20261001,baron,0.7557922480620178,0.005792248062017835,False
matched_early_mixture,60,1.0,timely_clock_only,europe,20260930,baron,1.0251787673443051,0.02517876734430513,True
matched_early_mixture,60,0.25,timely_clock_history,europe,20260930,baron,0.2627238095238095,0.012723809523809526,False
matched_early_mixture,60,0.25,timely_clock_history,europe,20260930,teamfight,0.25008156028368833,8.156028368833113e-05,False
matched_early_mixture,60,0.25,timely_clock_history,europe,20261001,baron,0.2689353233830836,0.018935323383083624,False
matched_early_mixture,60,0.25,timely_clock_history,europe,20261001,teamfight,0.25172670807453434,0.0017267080745343444,False
matched_early_mixture,60,0.25,timely_clock_history,europe,20261002,baron,0.27471253071253054,0.024712530712530545,False
matched_early_mixture,60,0.25,timely_clock_history,europe,20261002,teamfight,0.25753147574819374,0.007531475748193739,False
matched_early_mixture,60,0.5,timely_clock_history,europe,20260930,baron,0.5146060606060602,0.014606060606060178,False
matched_early_mixture,60,0.5,timely_clock_history,europe,20261001,baron,0.5223411949685565,0.022341194968556466,False
matched_early_mixture,60,0.5,timely_clock_history,europe,20261002,baron,0.5200452830188672,0.02004528301886721,False
matched_early_mixture,60,0.75,timely_clock_history,europe,20261001,baron,0.7633333333333291,0.01333333333332909,False
matched_early_mixture,60,0.75,timely_clock_history,europe,20261002,baron,0.762544303797467,0.01254430379746696,False
matched_early_mixture,60,1.0,timely_clock_history,europe,20261001,baron,1.013333333333334,0.013333333333334085,True
matched_early_mixture,60,1.0,timely_clock_history,europe,20261002,baron,1.0125267857142872,0.012526785714287225,True
dense_deterministic,60,0.25,current_only,europe,20261002,baron,0.26266666666666666,0.01266666666666666,False
dense_deterministic,60,0.25,independent,europe,20261001,baron,0.26466666666666666,0.014666666666666661,False
dense_deterministic,60,0.25,pcgrad,europe,20260930,baron,0.252,0.0020000000000000018,False
dense_deterministic,60,0.25,pcgrad,europe,20261001,baron,0.25066666666666665,0.0006666666666666488,False
dense_deterministic,60,0.25,timely_leagueews,europe,20260930,baron,0.25333333333333335,0.003333333333333355,False
dense_deterministic,60,0.5,timely_leagueews,europe,20261002,baron,0.5013333333333333,0.0013333333333332975,False
dense_deterministic,60,0.25,timely_current_only,europe,20260930,baron,0.25666666666666665,0.006666666666666654,False
dense_regional_deterministic,60,0.25,leagueews,europe,20260930,baron,0.25266666666666665,0.0026666666666666505,False
dense_regional_deterministic,60,0.25,leagueews,europe,20261001,baron,0.25133333333333335,0.001333333333333353,False
dense_regional_deterministic,60,0.75,leagueews,europe,20260930,baron,0.778,0.028000000000000025,False
dense_regional_deterministic,60,0.75,leagueews,europe,20261002,baron,0.756,0.006000000000000005,False
dense_regional_deterministic,60,1.0,leagueews,europe,20260930,baron,1.0113333333333334,0.011333333333333417,True
dense_regional_deterministic,60,1.0,leagueews,europe,20260930,dragon,1.002,0.0020000000000000018,True
dense_regional_deterministic,60,1.0,leagueews,europe,20261001,baron,1.004,0.0040000000000000036,True
dense_regional_deterministic,60,1.0,leagueews,europe,20261002,baron,1.0193333333333334,0.019333333333333425,True
dense_regional_deterministic,60,0.5,gru,europe,20260930,dragon,0.5153333333333333,0.01533333333333331,False
dense_regional_deterministic,60,0.5,gru,europe,20261001,dragon,0.514,0.014000000000000012,False
dense_regional_deterministic,60,0.75,gru,europe,20260930,dragon,0.764,0.014000000000000012,False
dense_regional_deterministic,60,0.75,gru,europe,20261001,dragon,0.7786666666666666,0.028666666666666618,False
dense_regional_deterministic,60,1.0,gru,europe,20260930,dragon,1.0093333333333334,0.009333333333333416,True
dense_regional_deterministic,60,1.0,gru,europe,20261001,dragon,1.026,0.026000000000000023,True
dense_regional_deterministic,60,1.0,gru,europe,20261001,teamfight,1.0146666666666666,0.014666666666666606,True
dense_regional_deterministic,60,1.0,gru,europe,20261002,dragon,1.0433333333333332,0.043333333333333224,True
dense_regional_deterministic,60,0.25,tcn,europe,20260930,baron,0.2633333333333333,0.013333333333333308,False
dense_regional_deterministic,60,0.25,tcn,europe,20260930,dragon,0.254,0.0040000000000000036,False
dense_regional_deterministic,60,0.25,tcn,europe,20261001,baron,0.2613333333333333,0.011333333333333306,False
dense_regional_deterministic,60,0.5,tcn,europe,20260930,baron,0.5126666666666667,0.012666666666666715,False
dense_regional_deterministic,60,0.5,tcn,europe,20261001,baron,0.5146666666666667,0.014666666666666717,False
dense_regional_deterministic,60,0.5,tcn,europe,20261001,dragon,0.504,0.0040000000000000036,False
dense_regional_deterministic,60,0.5,tcn,europe,20261002,baron,0.5113333333333333,0.011333333333333306,False
dense_regional_deterministic,60,0.5,tcn,europe,20261002,dragon,0.508,0.008000000000000007,False
dense_regional_deterministic,60,0.75,tcn,europe,20260930,baron,0.77,0.020000000000000018,False
dense_regional_deterministic,60,0.75,tcn,europe,20261002,baron,0.7726666666666666,0.022666666666666613,False
dense_regional_deterministic,60,1.0,tcn,europe,20260930,baron,1.0286666666666666,0.028666666666666618,True
dense_regional_deterministic,60,1.0,tcn,europe,20260930,dragon,1.0153333333333334,0.015333333333333421,True
dense_regional_deterministic,60,1.0,tcn,europe,20261001,baron,1.0286666666666666,0.028666666666666618,True
dense_regional_deterministic,60,1.0,tcn,europe,20261002,baron,1.018,0.018000000000000016,True
dense_regional_deterministic,60,1.0,tcn,europe,20261002,dragon,1.0113333333333334,0.011333333333333417,True
dense_regional_deterministic,60,0.25,snapshot,europe,20260930,baron,0.2633333333333333,0.013333333333333308,False
dense_regional_deterministic,60,0.25,snapshot,europe,20261001,baron,0.25066666666666665,0.0006666666666666488,False
dense_regional_deterministic,60,0.25,snapshot,europe,20261001,dragon,0.26666666666666666,0.016666666666666663,False
dense_regional_deterministic,60,0.25,snapshot,europe,20261002,baron,0.25866666666666666,0.008666666666666656,False
dense_regional_deterministic,60,0.5,snapshot,europe,20260930,baron,0.502,0.0020000000000000018,False
dense_regional_deterministic,60,0.5,snapshot,europe,20261002,baron,0.5006666666666667,0.0006666666666667043,False
dense_regional_deterministic,60,1.0,snapshot,europe,20261001,dragon,1.012,0.01200000000000001,True
dense_regional_deterministic,60,1.0,snapshot,europe,20261002,dragon,1.0086666666666666,0.0086666666666666,True
dense_regional_deterministic,60,0.25,current_only,europe,20260930,baron,0.26866666666666666,0.018666666666666665,False
dense_regional_deterministic,60,0.25,current_only,europe,20261001,baron,0.25666666666666665,0.006666666666666654,False
dense_regional_deterministic,60,0.25,current_only,europe,20261002,baron,0.2733333333333333,0.023333333333333317,False
dense_regional_deterministic,60,0.5,current_only,europe,20260930,dragon,0.5006666666666667,0.0006666666666667043,False
dense_regional_deterministic,60,0.75,current_only,europe,20260930,dragon,0.7553333333333333,0.005333333333333301,False
dense_regional_deterministic,60,0.75,current_only,europe,20261002,dragon,0.758,0.008000000000000007,False
dense_regional_deterministic,60,1.0,current_only,europe,20260930,baron,1.0026666666666666,0.002666666666666595,True
dense_regional_deterministic,60,1.0,current_only,europe,20260930,dragon,1.0166666666666666,0.016666666666666607,True
dense_regional_deterministic,60,1.0,current_only,europe,20261001,dragon,1.0013333333333334,0.0013333333333334085,True
dense_regional_deterministic,60,1.0,current_only,europe,20261002,dragon,1.0093333333333334,0.009333333333333416,True
dense_regional_deterministic,60,0.25,independent,europe,20261001,baron,0.2773333333333333,0.02733333333333332,False
dense_regional_deterministic,60,0.25,independent,europe,20261002,baron,0.25733333333333336,0.007333333333333358,False
dense_regional_deterministic,60,0.5,independent,europe,20260930,baron,0.5026666666666667,0.002666666666666706,False
dense_regional_deterministic,60,0.5,independent,europe,20261001,baron,0.526,0.026000000000000023,False
dense_regional_deterministic,60,0.5,independent,europe,20261001,dragon,0.5026666666666667,0.002666666666666706,False
dense_regional_deterministic,60,0.5,independent,europe,20261002,baron,0.5053333333333333,0.005333333333333301,False
dense_regional_deterministic,60,0.75,independent,europe,20260930,baron,0.766,0.016000000000000014,False
dense_regional_deterministic,60,0.75,independent,europe,20261001,baron,0.782,0.03200000000000003,False
dense_regional_deterministic,60,0.75,independent,europe,20261002,baron,0.7826666666666666,0.03266666666666662,False
dense_regional_deterministic,60,1.0,independent,europe,20260930,baron,1.0093333333333334,0.009333333333333416,True
dense_regional_deterministic,60,1.0,independent,europe,20260930,dragon,1.0073333333333334,0.007333333333333414,True
dense_regional_deterministic,60,1.0,independent,europe,20261001,baron,1.0306666666666666,0.03066666666666662,True
dense_regional_deterministic,60,1.0,independent,europe,20261002,baron,1.0013333333333334,0.0013333333333334085,True
dense_regional_deterministic,60,0.25,pcgrad,europe,20260930,baron,0.252,0.0020000000000000018,False
dense_regional_deterministic,60,0.25,pcgrad,europe,20261001,baron,0.25866666666666666,0.008666666666666656,False
dense_regional_deterministic,60,0.25,pcgrad,europe,20261002,baron,0.262,0.01200000000000001,False
dense_regional_deterministic,60,0.5,pcgrad,europe,20261001,baron,0.5006666666666667,0.0006666666666667043,False
dense_regional_deterministic,60,0.5,pcgrad,europe,20261002,baron,0.502,0.0020000000000000018,False
dense_regional_deterministic,60,0.75,pcgrad,europe,20260930,dragon,0.7666666666666667,0.01666666666666672,False
dense_regional_deterministic,60,0.75,pcgrad,europe,20261001,baron,0.7646666666666667,0.014666666666666717,False
dense_regional_deterministic,60,0.75,pcgrad,europe,20261001,dragon,0.7746666666666666,0.024666666666666615,False
dense_regional_deterministic,60,0.75,pcgrad,europe,20261002,baron,0.7553333333333333,0.005333333333333301,False
dense_regional_deterministic,60,1.0,pcgrad,europe,20260930,baron,1.01,0.010000000000000009,True
dense_regional_deterministic,60,1.0,pcgrad,europe,20261001,baron,1.0386666666666666,0.03866666666666663,True
dense_regional_deterministic,60,0.25,timely_leagueews,europe,20260930,baron,0.278,0.028000000000000025,False
dense_regional_deterministic,60,0.25,timely_leagueews,europe,20260930,teamfight,0.252,0.0020000000000000018,False
dense_regional_deterministic,60,0.25,timely_leagueews,europe,20261001,baron,0.25733333333333336,0.007333333333333358,False
dense_regional_deterministic,60,0.25,timely_leagueews,europe,20261002,teamfight,0.2653333333333333,0.01533333333333331,False
dense_regional_deterministic,60,0.5,timely_leagueews,europe,20260930,baron,0.5206666666666667,0.020666666666666722,False
dense_regional_deterministic,60,0.5,timely_leagueews,europe,20261002,baron,0.5013333333333333,0.0013333333333332975,False
dense_regional_deterministic,60,0.75,timely_leagueews,europe,20260930,baron,0.7693333333333333,0.019333333333333313,False
dense_regional_deterministic,60,0.75,timely_leagueews,europe,20261001,baron,0.7693333333333333,0.019333333333333313,False
dense_regional_deterministic,60,0.75,timely_leagueews,europe,20261002,baron,0.7973333333333333,0.04733333333333334,False
dense_regional_deterministic,60,1.0,timely_leagueews,europe,20261001,baron,1.0386666666666666,0.03866666666666663,True
dense_regional_deterministic,60,1.0,timely_leagueews,europe,20261002,baron,1.0193333333333334,0.019333333333333425,True
dense_regional_deterministic,60,0.5,timely_tcn,europe,20260930,baron,0.514,0.014000000000000012,False
dense_regional_deterministic,60,0.5,timely_tcn,europe,20261001,baron,0.5066666666666667,0.00666666666666671,False
dense_regional_deterministic,60,0.75,timely_tcn,europe,20260930,baron,0.7593333333333333,0.009333333333333305,False
dense_regional_deterministic,60,0.75,timely_tcn,europe,20261001,baron,0.7626666666666667,0.012666666666666715,False
dense_regional_deterministic,60,1.0,timely_tcn,europe,20261001,baron,1.0033333333333334,0.0033333333333334103,True
dense_regional_deterministic,60,1.0,timely_tcn,europe,20261002,baron,1.0093333333333334,0.009333333333333416,True
dense_regional_deterministic,60,0.25,timely_current_only,europe,20260930,baron,0.25666666666666665,0.006666666666666654,False
dense_regional_deterministic,60,0.5,timely_current_only,europe,20260930,baron,0.5153333333333333,0.01533333333333331,False
dense_regional_deterministic,60,0.5,timely_current_only,europe,20261002,baron,0.508,0.008000000000000007,False
dense_regional_deterministic,60,1.0,timely_current_only,europe,20261001,baron,1.0046666666666666,0.004666666666666597,True
dense_regional_deterministic,60,1.0,timely_current_only,europe,20261001,teamfight,1.0026666666666666,0.002666666666666595,True
dense_regional_deterministic,60,0.25,timely_clock_only,europe,20260930,baron,0.2613333333333333,0.011333333333333306,False
dense_regional_deterministic,60,0.25,timely_clock_only,europe,20261001,baron,0.272,0.02200000000000002,False
dense_regional_deterministic,60,0.25,timely_clock_only,europe,20261002,baron,0.2613333333333333,0.011333333333333306,False
dense_regional_deterministic,60,0.5,timely_clock_only,europe,20261001,baron,0.5126666666666667,0.012666666666666715,False
dense_regional_deterministic,60,0.75,timely_clock_only,europe,20260930,baron,0.7553333333333333,0.005333333333333301,False
dense_regional_deterministic,60,0.25,timely_clock_history,europe,20260930,baron,0.25533333333333336,0.005333333333333357,False
dense_regional_deterministic,60,0.25,timely_clock_history,europe,20261001,baron,0.276,0.026000000000000023,False
dense_regional_deterministic,60,0.25,timely_clock_history,europe,20261002,baron,0.26466666666666666,0.014666666666666661,False
dense_regional_deterministic,60,0.5,timely_clock_history,europe,20260930,baron,0.514,0.014000000000000012,False
deterministic,30,0.5,leagueews,americas,20261002,baron,0.53,0.030000000000000027,False
deterministic,30,0.75,leagueews,americas,20260930,baron,0.768,0.018000000000000016,False
deterministic,30,1.0,leagueews,americas,20261001,baron,1.0113333333333334,0.011333333333333417,True
deterministic,30,1.0,gru,americas,20261001,baron,1.012,0.01200000000000001,True
deterministic,30,0.5,tcn,americas,20260930,baron,0.5366666666666666,0.036666666666666625,False
deterministic,30,0.5,tcn,americas,20261002,baron,0.5026666666666667,0.002666666666666706,False
deterministic,30,0.75,tcn,americas,20260930,baron,0.8126666666666666,0.06266666666666665,False
deterministic,30,0.75,tcn,americas,20261002,baron,0.778,0.028000000000000025,False
deterministic,30,1.0,tcn,americas,20260930,baron,1.02,0.020000000000000018,True
deterministic,30,1.0,tcn,americas,20261001,baron,1.026,0.026000000000000023,True
deterministic,30,1.0,tcn,americas,20261002,baron,1.004,0.0040000000000000036,True
deterministic,30,0.25,snapshot,americas,20261001,teamfight,0.25333333333333335,0.003333333333333355,False
deterministic,30,0.5,snapshot,americas,20260930,baron,0.508,0.008000000000000007,False
deterministic,30,0.5,snapshot,americas,20260930,teamfight,0.5266666666666666,0.026666666666666616,False
deterministic,30,0.5,snapshot,americas,20261002,teamfight,0.5266666666666666,0.026666666666666616,False
deterministic,30,0.75,snapshot,americas,20260930,baron,0.7533333333333333,0.0033333333333332993,False
deterministic,30,1.0,snapshot,americas,20260930,baron,1.032,0.03200000000000003,True
deterministic,30,0.25,current_only,americas,20260930,teamfight,0.284,0.033999999999999975,False
deterministic,30,0.5,current_only,americas,20260930,teamfight,0.502,0.0020000000000000018,False
deterministic,30,0.5,current_only,americas,20261002,teamfight,0.5066666666666667,0.00666666666666671,False
deterministic,30,0.75,current_only,americas,20260930,baron,0.7786666666666666,0.028666666666666618,False
deterministic,30,0.75,current_only,americas,20261002,baron,0.7593333333333333,0.009333333333333305,False
deterministic,30,1.0,current_only,americas,20260930,baron,1.0113333333333334,0.011333333333333417,True
deterministic,30,0.5,independent,americas,20261002,dragon,0.5033333333333333,0.0033333333333332993,False
deterministic,30,1.0,independent,americas,20260930,baron,1.008,0.008000000000000007,True
deterministic,30,0.75,pcgrad,americas,20261001,baron,0.758,0.008000000000000007,False
deterministic,30,0.75,pcgrad,americas,20261002,baron,0.7746666666666666,0.024666666666666615,False
deterministic,30,0.5,timely_leagueews,americas,20261001,baron,0.52,0.020000000000000018,False
deterministic,30,1.0,timely_leagueews,americas,20260930,baron,1.0573333333333332,0.057333333333333236,True
deterministic,30,0.25,timely_tcn,americas,20260930,baron,0.26666666666666666,0.016666666666666663,False
deterministic,30,0.5,timely_tcn,americas,20260930,baron,0.5066666666666667,0.00666666666666671,False
deterministic,30,0.5,timely_tcn,americas,20261002,baron,0.51,0.010000000000000009,False
deterministic,30,0.75,timely_tcn,americas,20260930,baron,0.7626666666666667,0.012666666666666715,False
deterministic,30,1.0,timely_tcn,americas,20261001,baron,1.0406666666666666,0.04066666666666663,True
deterministic,30,0.25,timely_current_only,americas,20261001,baron,0.25333333333333335,0.003333333333333355,False
deterministic,30,0.25,timely_current_only,americas,20261002,teamfight,0.2653333333333333,0.01533333333333331,False
deterministic,30,0.5,timely_current_only,americas,20260930,baron,0.524,0.02400000000000002,False
deterministic,30,0.5,timely_current_only,americas,20261002,teamfight,0.5086666666666667,0.008666666666666711,False
deterministic,30,0.75,timely_current_only,americas,20260930,baron,0.7926666666666666,0.04266666666666663,False
deterministic,30,0.75,timely_current_only,americas,20260930,teamfight,0.766,0.016000000000000014,False
deterministic,30,0.75,timely_current_only,americas,20261001,baron,0.758,0.008000000000000007,False
deterministic,30,0.5,timely_clock_history,americas,20261001,baron,0.52,0.020000000000000018,False
deterministic,30,0.5,timely_clock_history,americas,20261002,teamfight,0.5073333333333333,0.007333333333333303,False
deterministic,30,1.0,timely_clock_history,americas,20260930,baron,1.014,0.014000000000000012,True
deterministic,30,1.0,timely_clock_history,americas,20261002,baron,1.0013333333333334,0.0013333333333334085,True
regional_deterministic,30,0.5,leagueews,americas,20260930,dragon,0.5066666666666667,0.00666666666666671,False
regional_deterministic,30,0.5,leagueews,americas,20261002,baron,0.53,0.030000000000000027,False
regional_deterministic,30,0.75,leagueews,americas,20260930,baron,0.768,0.018000000000000016,False
regional_deterministic,30,1.0,leagueews,americas,20261001,baron,1.0113333333333334,0.011333333333333417,True
regional_deterministic,30,1.0,gru,americas,20261001,baron,1.012,0.01200000000000001,True
regional_deterministic,30,0.5,tcn,americas,20260930,baron,0.5366666666666666,0.036666666666666625,False
regional_deterministic,30,0.5,tcn,americas,20261002,baron,0.5026666666666667,0.002666666666666706,False
regional_deterministic,30,0.75,tcn,americas,20260930,baron,0.8126666666666666,0.06266666666666665,False
regional_deterministic,30,0.75,tcn,americas,20261002,baron,0.778,0.028000000000000025,False
regional_deterministic,30,1.0,tcn,americas,20260930,baron,1.02,0.020000000000000018,True
regional_deterministic,30,1.0,tcn,americas,20261001,baron,1.026,0.026000000000000023,True
regional_deterministic,30,1.0,tcn,americas,20261002,baron,1.004,0.0040000000000000036,True
regional_deterministic,30,0.25,snapshot,americas,20261001,teamfight,0.25333333333333335,0.003333333333333355,False
regional_deterministic,30,0.5,snapshot,americas,20260930,baron,0.508,0.008000000000000007,False
regional_deterministic,30,0.5,snapshot,americas,20260930,teamfight,0.5266666666666666,0.026666666666666616,False
regional_deterministic,30,0.5,snapshot,americas,20261002,teamfight,0.5266666666666666,0.026666666666666616,False
regional_deterministic,30,0.75,snapshot,americas,20260930,baron,0.7533333333333333,0.0033333333333332993,False
regional_deterministic,30,1.0,snapshot,americas,20260930,baron,1.032,0.03200000000000003,True
regional_deterministic,30,0.25,current_only,americas,20260930,dragon,0.26666666666666666,0.016666666666666663,False
regional_deterministic,30,0.25,current_only,americas,20260930,teamfight,0.284,0.033999999999999975,False
regional_deterministic,30,0.5,current_only,americas,20260930,teamfight,0.502,0.0020000000000000018,False
regional_deterministic,30,0.5,current_only,americas,20261001,dragon,0.5053333333333333,0.005333333333333301,False
regional_deterministic,30,0.5,current_only,americas,20261002,teamfight,0.5066666666666667,0.00666666666666671,False
regional_deterministic,30,0.75,current_only,americas,20260930,baron,0.7786666666666666,0.028666666666666618,False
regional_deterministic,30,0.75,current_only,americas,20261002,baron,0.7593333333333333,0.009333333333333305,False
regional_deterministic,30,1.0,current_only,americas,20260930,baron,1.0113333333333334,0.011333333333333417,True
regional_deterministic,30,0.5,independent,americas,20261002,dragon,0.5033333333333333,0.0033333333333332993,False
regional_deterministic,30,0.75,independent,americas,20261002,dragon,0.756,0.006000000000000005,False
regional_deterministic,30,1.0,independent,americas,20260930,baron,1.008,0.008000000000000007,True
regional_deterministic,30,1.0,independent,americas,20260930,dragon,1.0086666666666666,0.0086666666666666,True
regional_deterministic,30,1.0,independent,americas,20261002,dragon,1.0346666666666666,0.03466666666666662,True
regional_deterministic,30,0.75,pcgrad,americas,20261001,baron,0.758,0.008000000000000007,False
regional_deterministic,30,0.75,pcgrad,americas,20261002,baron,0.7746666666666666,0.024666666666666615,False
regional_deterministic,30,0.5,timely_leagueews,americas,20261001,baron,0.52,0.020000000000000018,False
regional_deterministic,30,1.0,timely_leagueews,americas,20260930,baron,1.0573333333333332,0.057333333333333236,True
regional_deterministic,30,0.25,timely_tcn,americas,20260930,baron,0.26666666666666666,0.016666666666666663,False
regional_deterministic,30,0.5,timely_tcn,americas,20260930,baron,0.5066666666666667,0.00666666666666671,False
regional_deterministic,30,0.5,timely_tcn,americas,20261002,baron,0.51,0.010000000000000009,False
regional_deterministic,30,0.75,timely_tcn,americas,20260930,baron,0.7626666666666667,0.012666666666666715,False
regional_deterministic,30,1.0,timely_tcn,americas,20261001,baron,1.0406666666666666,0.04066666666666663,True
regional_deterministic,30,0.25,timely_current_only,americas,20261001,baron,0.25333333333333335,0.003333333333333355,False
regional_deterministic,30,0.25,timely_current_only,americas,20261002,teamfight,0.2653333333333333,0.01533333333333331,False
regional_deterministic,30,0.5,timely_current_only,americas,20260930,baron,0.524,0.02400000000000002,False
regional_deterministic,30,0.5,timely_current_only,americas,20261002,teamfight,0.5086666666666667,0.008666666666666711,False
regional_deterministic,30,0.75,timely_current_only,americas,20260930,baron,0.7926666666666666,0.04266666666666663,False
regional_deterministic,30,0.75,timely_current_only,americas,20260930,teamfight,0.766,0.016000000000000014,False
regional_deterministic,30,0.75,timely_current_only,americas,20261001,baron,0.758,0.008000000000000007,False
regional_deterministic,30,0.5,timely_clock_history,americas,20261001,baron,0.52,0.020000000000000018,False
regional_deterministic,30,0.5,timely_clock_history,americas,20261002,teamfight,0.5073333333333333,0.007333333333333303,False
regional_deterministic,30,1.0,timely_clock_history,americas,20260930,baron,1.014,0.014000000000000012,True
regional_deterministic,30,1.0,timely_clock_history,americas,20261002,baron,1.0013333333333334,0.0013333333333334085,True
matched_early_mixture,30,0.25,leagueews,americas,20260930,baron,0.25142126789366126,0.00142126789366126,False
matched_early_mixture,30,0.25,leagueews,americas,20260930,dragon,0.2661064425770307,0.0161064425770307,False
matched_early_mixture,30,0.25,leagueews,americas,20260930,teamfight,0.28002621995629884,0.03002621995629884,False
matched_early_mixture,30,0.25,leagueews,americas,20261001,dragon,0.2805232558139548,0.03052325581395482,False
matched_early_mixture,30,0.25,leagueews,americas,20261001,teamfight,0.25859950248756264,0.008599502487562638,False
matched_early_mixture,30,0.25,leagueews,americas,20261002,baron,0.2530037453183525,0.003003745318352513,False
matched_early_mixture,30,0.25,leagueews,americas,20261002,dragon,0.28648068669527965,0.03648068669527965,False
matched_early_mixture,30,0.5,leagueews,americas,20260930,baron,0.5169147286821717,0.016914728682171698,False
matched_early_mixture,30,0.5,leagueews,americas,20260930,dragon,0.5311622418879084,0.031162241887908393,False
matched_early_mixture,30,0.5,leagueews,americas,20260930,teamfight,0.5407691187181347,0.04076911871813471,False
matched_early_mixture,30,0.5,leagueews,americas,20261001,baron,0.5064154589371999,0.006415458937199858,False
matched_early_mixture,30,0.5,leagueews,americas,20261001,dragon,0.5254766355140196,0.025476635514019574,False
matched_early_mixture,30,0.5,leagueews,americas,20261001,teamfight,0.5138855721393041,0.013885572139304081,False
matched_early_mixture,30,0.5,leagueews,americas,20261002,baron,0.5412587412587424,0.041258741258742404,False
matched_early_mixture,30,0.5,leagueews,americas,20261002,dragon,0.5233745704467354,0.02337457044673541,False
matched_early_mixture,30,0.75,leagueews,americas,20260930,baron,0.7699753086419733,0.019975308641973277,False
matched_early_mixture,30,0.75,leagueews,americas,20260930,dragon,0.7842424242424276,0.03424242424242763,False
matched_early_mixture,30,0.75,leagueews,americas,20260930,teamfight,0.8015120174799724,0.05151201747997236,False
matched_early_mixture,30,0.75,leagueews,americas,20261001,baron,0.7669329140461186,0.01693291404611863,False
matched_early_mixture,30,0.75,leagueews,americas,20261001,dragon,0.7625646316996249,0.01256463169962485,False
matched_early_mixture,30,0.75,leagueews,americas,20261001,teamfight,0.769171641791044,0.019171641791044025,False
matched_early_mixture,30,0.75,leagueews,americas,20261002,baron,0.7915600384245897,0.04156003842458966,False
matched_early_mixture,30,0.75,leagueews,americas,20261002,dragon,0.7804270042194111,0.030427004219411136,False
matched_early_mixture,30,1.0,leagueews,americas,20260930,baron,1.0328398950131223,0.032839895013122344,True
matched_early_mixture,30,1.0,leagueews,americas,20260930,dragon,1.0277158469945318,0.02771584699453178,True
matched_early_mixture,30,1.0,leagueews,americas,20260930,teamfight,1.0622549162418045,0.06225491624180446,True
matched_early_mixture,30,1.0,leagueews,americas,20261001,baron,1.0181823899371019,0.01818238993710186,True
matched_early_mixture,30,1.0,leagueews,americas,20261001,dragon,1.003751218114071,0.0037512181140710865,True
matched_early_mixture,30,1.0,leagueews,americas,20261001,teamfight,1.0244577114427909,0.024457711442790853,True
matched_early_mixture,30,1.0,leagueews,americas,20261002,baron,1.0458721461187166,0.045872146118716595,True
matched_early_mixture,30,1.0,leagueews,americas,20261002,dragon,1.029807760141086,0.029807760141085993,True
matched_early_mixture,30,1.0,leagueews,americas,20261002,teamfight,1.0223305670816032,0.022330567081603192,True
matched_early_mixture,30,0.25,gru,americas,20260930,teamfight,0.25028058361391703,0.00028058361391702924,False
matched_early_mixture,30,0.25,gru,americas,20261001,baron,0.25917624521072785,0.009176245210727851,False
matched_early_mixture,30,0.25,gru,americas,20261001,dragon,0.2512896094325735,0.001289609432573502,False
matched_early_mixture,30,0.25,gru,americas,20261002,baron,0.2615135608048999,0.011513560804899903,False
matched_early_mixture,30,0.5,gru,americas,20260930,baron,0.5041198865937636,0.004119886593763611,False
matched_early_mixture,30,0.5,gru,americas,20260930,teamfight,0.5005611672278342,0.0005611672278341695,False
matched_early_mixture,30,0.5,gru,americas,20261001,baron,0.516395061728394,0.016395061728394,False
matched_early_mixture,30,0.5,gru,americas,20261001,dragon,0.502579218865147,0.002579218865147004,False
matched_early_mixture,30,0.5,gru,americas,20261002,baron,0.5203283036122548,0.020328303612254794,False
matched_early_mixture,30,0.5,gru,americas,20261002,dragon,0.5025513033832502,0.0025513033832501586,False
matched_early_mixture,30,0.75,gru,americas,20260930,baron,0.7702195220737176,0.020219522073717577,False
matched_early_mixture,30,0.75,gru,americas,20260930,dragon,0.7791666666666625,0.029166666666662455,False
matched_early_mixture,30,0.75,gru,americas,20260930,teamfight,0.7588545119705353,0.008854511970535328,False
matched_early_mixture,30,0.75,gru,americas,20261001,baron,0.7840547945205447,0.03405479452054472,False
matched_early_mixture,30,0.75,gru,americas,20261001,dragon,0.7538688282977155,0.0038688282977155097,False
matched_early_mixture,30,0.75,gru,americas,20261002,baron,0.790561499771378,0.04056149977137802,False
matched_early_mixture,30,0.75,gru,americas,20261002,dragon,0.7701552511415499,0.020155251141549924,False
matched_early_mixture,30,1.0,gru,americas,20260930,baron,1.044376372810925,0.04437637281092499,True
matched_early_mixture,30,1.0,gru,americas,20260930,dragon,1.0406666666666642,0.040666666666664186,True
matched_early_mixture,30,1.0,gru,americas,20260930,teamfight,1.0219760589318567,0.021976058931856723,True
matched_early_mixture,30,1.0,gru,americas,20261001,baron,1.043757990867575,0.043757990867574925,True
matched_early_mixture,30,1.0,gru,americas,20261001,dragon,1.0104397163120558,0.010439716312055758,True
matched_early_mixture,30,1.0,gru,americas,20261002,baron,1.0535006349206364,0.05350063492063639,True
matched_early_mixture,30,1.0,gru,americas,20261002,dragon,1.009881278538816,0.00988127853881604,True
matched_early_mixture,30,0.25,tcn,americas,20260930,baron,0.26616091954023086,0.016160919540230856,False
matched_early_mixture,30,0.25,tcn,americas,20260930,dragon,0.2646875,0.01468750000000002,False
matched_early_mixture,30,0.25,tcn,americas,20260930,teamfight,0.2602292768959435,0.010229276895943495,False
matched_early_mixture,30,0.25,tcn,americas,20261001,baron,0.2651207729468606,0.015120772946860594,False
matched_early_mixture,30,0.25,tcn,americas,20261001,dragon,0.2715453194650824,0.021545319465082424,False
matched_early_mixture,30,0.25,tcn,americas,20261001,teamfight,0.2556642647451295,0.005664264745129488,False
matched_early_mixture,30,0.25,tcn,americas,20261002,baron,0.2671666666666665,0.017166666666666497,False
matched_early_mixture,30,0.25,tcn,americas,20261002,dragon,0.26880877742946707,0.018808777429467072,False
matched_early_mixture,30,0.25,tcn,americas,20261002,teamfight,0.25158730158730264,0.0015873015873026364,False
matched_early_mixture,30,0.5,tcn,americas,20260930,baron,0.5396913242009125,0.03969132420091248,False
matched_early_mixture,30,0.5,tcn,americas,20260930,dragon,0.529375,0.02937500000000004,False
matched_early_mixture,30,0.5,tcn,americas,20260930,teamfight,0.5167931136835856,0.016793113683585603,False
matched_early_mixture,30,0.5,tcn,americas,20261001,baron,0.5190053981106616,0.019005398110661598,False
matched_early_mixture,30,0.5,tcn,americas,20261001,dragon,0.5369528351881251,0.03695283518812509,False
matched_early_mixture,30,0.5,tcn,americas,20261001,teamfight,0.5088668267947687,0.00886682679476869,False
matched_early_mixture,30,0.5,tcn,americas,20261002,baron,0.5325333333333321,0.03253333333333208,False
matched_early_mixture,30,0.5,tcn,americas,20261002,dragon,0.5345212121212094,0.0345212121212094,False
matched_early_mixture,30,0.5,tcn,americas,20261002,teamfight,0.501851851851853,0.0018518518518529925,False
matched_early_mixture,30,0.75,tcn,americas,20260930,baron,0.8217092419522357,0.07170924195223571,False
matched_early_mixture,30,0.75,tcn,americas,20260930,dragon,0.7694843750000006,0.019484375000000553,False
matched_early_mixture,30,0.75,tcn,americas,20260930,teamfight,0.7734716533095873,0.023471653309587337,False
matched_early_mixture,30,0.75,tcn,americas,20261001,baron,0.7674871794871757,0.017487179487175708,False
matched_early_mixture,30,0.75,tcn,americas,20261001,dragon,0.7786062533121334,0.0286062533121334,False
matched_early_mixture,30,0.75,tcn,americas,20261001,teamfight,0.7620693888444102,0.012069388844410223,False
matched_early_mixture,30,0.75,tcn,americas,20261002,baron,0.8059939577039253,0.055993957703925346,False
matched_early_mixture,30,0.75,tcn,americas,20261002,dragon,0.7885817610062918,0.03858176100629185,False
matched_early_mixture,30,0.75,tcn,americas,20261002,teamfight,0.7582768942937319,0.008276894293731907,False
matched_early_mixture,30,1.0,tcn,americas,20260930,baron,1.063543859649125,0.0635438596491249,True
matched_early_mixture,30,1.0,tcn,americas,20260930,dragon,1.0233144058885413,0.02331440588854128,True
matched_early_mixture,30,1.0,tcn,americas,20260930,teamfight,1.0301501929355898,0.030150192935589848,True
matched_early_mixture,30,1.0,tcn,americas,20261001,baron,1.038208835341368,0.0382088353413681,True
matched_early_mixture,30,1.0,tcn,americas,20261001,dragon,1.0212189054726375,0.021218905472637495,True
matched_early_mixture,30,1.0,tcn,americas,20261001,teamfight,1.02078083989501,0.020780839895010006,True
matched_early_mixture,30,1.0,tcn,americas,20261002,baron,1.0640915750915776,0.06409157509157759,True
matched_early_mixture,30,1.0,tcn,americas,20261002,dragon,1.0306950757575726,0.030695075757572576,True
matched_early_mixture,30,1.0,tcn,americas,20261002,teamfight,1.0225425631431246,0.02254256314312464,True
matched_early_mixture,30,0.25,snapshot,americas,20260930,baron,0.2714848484848476,0.021484848484847607,False
matched_early_mixture,30,0.25,snapshot,americas,20260930,dragon,0.26716247139588095,0.01716247139588095,False
matched_early_mixture,30,0.25,snapshot,americas,20260930,teamfight,0.2800743919885557,0.030074391988555715,False
matched_early_mixture,30,0.25,snapshot,americas,20261001,baron,0.25199999999999945,0.0019999999999994467,False
matched_early_mixture,30,0.25,snapshot,americas,20261001,dragon,0.25484414490311724,0.004844144903117242,False
matched_early_mixture,30,0.25,snapshot,americas,20261001,teamfight,0.2928289775332422,0.04282897753324222,False
matched_early_mixture,30,0.25,snapshot,americas,20261002,baron,0.2587256637168133,0.008725663716813326,False
matched_early_mixture,30,0.25,snapshot,americas,20261002,dragon,0.2799511002444992,0.029951100244499207,False
matched_early_mixture,30,0.25,snapshot,americas,20261002,teamfight,0.28500000000000025,0.03500000000000025,False
matched_early_mixture,30,0.5,snapshot,americas,20260930,baron,0.5439540229885045,0.04395402298850448,False
matched_early_mixture,30,0.5,snapshot,americas,20260930,dragon,0.5325966754155746,0.03259667541557465,False
matched_early_mixture,30,0.5,snapshot,americas,20260930,teamfight,0.5480655737704914,0.048065573770491365,False
matched_early_mixture,30,0.5,snapshot,americas,20261001,baron,0.5207373380447576,0.020737338044757636,False
matched_early_mixture,30,0.5,snapshot,americas,20261001,dragon,0.5096882898062345,0.009688289806234485,False
matched_early_mixture,30,0.5,snapshot,americas,20261001,teamfight,0.5438606143970647,0.04386061439706468,False
matched_early_mixture,30,0.5,snapshot,americas,20261002,baron,0.5214399999999989,0.021439999999998904,False
matched_early_mixture,30,0.5,snapshot,americas,20261002,dragon,0.5329677704194247,0.03296777041942467,False
matched_early_mixture,30,0.5,snapshot,americas,20261002,teamfight,0.545298245614034,0.04529824561403395,False
matched_early_mixture,30,0.75,snapshot,americas,20260930,baron,0.8023725490196059,0.05237254901960586,False
matched_early_mixture,30,0.75,snapshot,americas,20260930,dragon,0.7780756501182005,0.028075650118200457,False
matched_early_mixture,30,0.75,snapshot,americas,20260930,teamfight,0.7912349726775969,0.041234972677596904,False
matched_early_mixture,30,0.75,snapshot,americas,20261001,baron,0.8041470085470116,0.0541470085470116,False
matched_early_mixture,30,0.75,snapshot,americas,20261001,dragon,0.7645324347093544,0.014532434709354392,False
matched_early_mixture,30,0.75,snapshot,americas,20261001,teamfight,0.7952222222222234,0.045222222222223385,False
matched_early_mixture,30,0.75,snapshot,americas,20261002,baron,0.7957572815533981,0.04575728155339809,False
matched_early_mixture,30,0.75,snapshot,americas,20261002,dragon,0.7832988962472387,0.033298896247238696,False
matched_early_mixture,30,0.75,snapshot,americas,20261002,teamfight,0.7862238354506929,0.036223835450692854,False
matched_early_mixture,30,1.0,snapshot,americas,20260930,baron,1.0397564102564083,0.0397564102564083,True
matched_early_mixture,30,1.0,snapshot,americas,20260930,dragon,1.0132418300653612,0.013241830065361171,True
matched_early_mixture,30,1.0,snapshot,americas,20260930,teamfight,1.0344043715846938,0.03440437158469378,True
matched_early_mixture,30,1.0,snapshot,americas,20261001,baron,1.0646961651917388,0.06469616519173882,True
matched_early_mixture,30,1.0,snapshot,americas,20261001,dragon,1.0079836651352774,0.007983665135277374,True
matched_early_mixture,30,1.0,snapshot,americas,20261001,teamfight,1.0477628726287276,0.04776287262872758,True
matched_early_mixture,30,1.0,snapshot,americas,20261002,baron,1.054884004884008,0.05488400488400802,True
matched_early_mixture,30,1.0,snapshot,americas,20261002,dragon,1.0226027944111726,0.022602794411172633,True
matched_early_mixture,30,1.0,snapshot,americas,20261002,teamfight,1.0271494252873583,0.02714942528735831,True
matched_early_mixture,30,0.25,current_only,americas,20260930,baron,0.25634115805946855,0.006341158059468555,False
matched_early_mixture,30,0.25,current_only,americas,20260930,dragon,0.2645089285714289,0.01450892857142888,False
matched_early_mixture,30,0.25,current_only,americas,20260930,teamfight,0.2930020399836806,0.04300203998368057,False
matched_early_mixture,30,0.25,current_only,americas,20261001,baron,0.2577509157509151,0.007750915750915077,False
matched_early_mixture,30,0.25,current_only,americas,20261001,dragon,0.2571234735413849,0.007123473541384873,False
matched_early_mixture,30,0.25,current_only,americas,20261001,teamfight,0.28057498585172597,0.030574985851725967,False
matched_early_mixture,30,0.25,current_only,americas,20261002,baron,0.2632032520325192,0.013203252032519208,False
matched_early_mixture,30,0.25,current_only,americas,20261002,dragon,0.2619559834938101,0.011955983493810107,False
matched_early_mixture,30,0.25,current_only,americas,20261002,teamfight,0.27951209253417514,0.02951209253417514,False
matched_early_mixture,30,0.5,current_only,americas,20260930,baron,0.5195458937198075,0.019545893719807528,False
matched_early_mixture,30,0.5,current_only,americas,20260930,dragon,0.5241274238227122,0.024127423822712157,False
matched_early_mixture,30,0.5,current_only,americas,20260930,teamfight,0.534128110975111,0.03412811097511104,False
matched_early_mixture,30,0.5,current_only,americas,20261001,baron,0.517733333333334,0.017733333333334045,False
matched_early_mixture,30,0.5,current_only,americas,20261001,dragon,0.5142587064676641,0.01425870646766414,False
matched_early_mixture,30,0.5,current_only,americas,20261001,teamfight,0.5254816072439165,0.02548160724391646,False
matched_early_mixture,30,0.5,current_only,americas,20261002,baron,0.5336138290932804,0.03361382909328037,False
matched_early_mixture,30,0.5,current_only,americas,20261002,dragon,0.5233039889958736,0.023303988995873604,False
matched_early_mixture,30,0.5,current_only,americas,20261002,teamfight,0.5367214128035308,0.036721412803530806,False
matched_early_mixture,30,0.75,current_only,americas,20260930,baron,0.7867560386473426,0.03675603864734256,False
matched_early_mixture,30,0.75,current_only,americas,20260930,dragon,0.7755861365953107,0.025586136595310727,False
matched_early_mixture,30,0.75,current_only,americas,20260930,teamfight,0.7752541819665454,0.025254181966545386,False
matched_early_mixture,30,0.75,current_only,americas,20261001,baron,0.7793515981735133,0.029351598173513294,False
matched_early_mixture,30,0.75,current_only,americas,20261001,dragon,0.7697012750455413,0.01970127504554131,False
matched_early_mixture,30,0.75,current_only,americas,20261001,teamfight,0.7766262312078814,0.026626231207881434,False
matched_early_mixture,30,0.75,current_only,americas,20261002,baron,0.7991197691197708,0.049119769119770784,False
matched_early_mixture,30,0.75,current_only,americas,20261002,dragon,0.7751927149512879,0.025192714951287942,False
matched_early_mixture,30,0.75,current_only,americas,20261002,teamfight,0.7940061810154501,0.04400618101545006,False
matched_early_mixture,30,1.0,current_only,americas,20260930,baron,1.0539661835748766,0.05396618357487659,True
matched_early_mixture,30,1.0,current_only,americas,20260930,dragon,1.0388133764832765,0.03881337648327654,True
matched_early_mixture,30,1.0,current_only,americas,20260930,teamfight,1.0277826725403818,0.027782672540381803,True
matched_early_mixture,30,1.0,current_only,americas,20261001,baron,1.0290921985815602,0.029092198581560202,True
matched_early_mixture,30,1.0,current_only,americas,20261001,dragon,1.0155939716312092,0.015593971631209236,True
matched_early_mixture,30,1.0,current_only,americas,20261001,teamfight,1.0289590461378955,0.02895904613789546,True
matched_early_mixture,30,1.0,current_only,americas,20261002,baron,1.0511475409836066,0.05114754098360663,True
matched_early_mixture,30,1.0,current_only,americas,20261002,dragon,1.0264633629817879,0.026463362981787864,True
matched_early_mixture,30,1.0,current_only,americas,20261002,teamfight,1.0361012970969725,0.03610129709697252,True
matched_early_mixture,30,0.25,independent,americas,20260930,dragon,0.26559405940594183,0.01559405940594183,False
matched_early_mixture,30,0.25,independent,americas,20260930,teamfight,0.2615637922339902,0.011563792233990178,False
matched_early_mixture,30,0.25,independent,americas,20261001,dragon,0.2712445501387241,0.021244550138724116,False
matched_early_mixture,30,0.25,independent,americas,20261001,teamfight,0.25549267643142465,0.005492676431424648,False
matched_early_mixture,30,0.25,independent,americas,20261002,dragon,0.2653408239700379,0.015340823970037887,False
matched_early_mixture,30,0.25,independent,americas,20261002,teamfight,0.25587958607713934,0.005879586077139343,False
matched_early_mixture,30,0.5,independent,americas,20260930,dragon,0.5311881188118837,0.03118811881188366,False
matched_early_mixture,30,0.5,independent,americas,20260930,teamfight,0.5215864851235502,0.021586485123550214,False
matched_early_mixture,30,0.5,independent,americas,20261001,dragon,0.539972255251687,0.03997225525168702,False
matched_early_mixture,30,0.5,independent,americas,20261001,teamfight,0.5109853528628493,0.010985352862849296,False
matched_early_mixture,30,0.5,independent,americas,20261002,dragon,0.5279350877192948,0.02793508771929476,False
matched_early_mixture,30,0.5,independent,americas,20261002,teamfight,0.5117591721542787,0.011759172154278685,False
matched_early_mixture,30,0.75,independent,americas,20260930,baron,0.7519592875318064,0.0019592875318064085,False
matched_early_mixture,30,0.75,independent,americas,20260930,dragon,0.789309941520464,0.039309941520463965,False
matched_early_mixture,30,0.75,independent,americas,20260930,teamfight,0.7816091780131129,0.031609178013112915,False
matched_early_mixture,30,0.75,independent,americas,20261001,baron,0.7554616977225697,0.005461697722569658,False
matched_early_mixture,30,0.75,independent,americas,20261001,dragon,0.7856985815602847,0.035698581560284715,False
matched_early_mixture,30,0.75,independent,americas,20261001,teamfight,0.7664780292942741,0.01647802929427411,False
matched_early_mixture,30,0.75,independent,americas,20261002,dragon,0.7780181069958835,0.028018106995883474,False
matched_early_mixture,30,0.75,independent,americas,20261002,teamfight,0.769102661596961,0.019102661596960946,False
matched_early_mixture,30,1.0,independent,americas,20260930,baron,1.0188967551622372,0.01889675516223721,True
matched_early_mixture,30,1.0,independent,americas,20260930,dragon,1.0316000000000003,0.031600000000000295,True
matched_early_mixture,30,1.0,independent,americas,20260930,teamfight,1.0421353383458638,0.042135338345863804,True
matched_early_mixture,30,1.0,independent,americas,20261001,baron,1.0319999999999991,0.03199999999999914,True
matched_early_mixture,30,1.0,independent,americas,20261001,dragon,1.0299574262215716,0.029957426221571604,True
matched_early_mixture,30,1.0,independent,americas,20261001,teamfight,1.0219707057256986,0.02197070572569859,True
matched_early_mixture,30,1.0,independent,americas,20261002,dragon,1.0359042735042685,0.0359042735042685,True
matched_early_mixture,30,1.0,independent,americas,20261002,teamfight,1.033836501901136,0.03383650190113596,True
matched_early_mixture,30,0.25,pcgrad,americas,20260930,baron,0.2502793914246203,0.0002793914246203011,False
matched_early_mixture,30,0.25,pcgrad,americas,20260930,dragon,0.27421758569299465,0.024217585692994648,False
matched_early_mixture,30,0.25,pcgrad,americas,20260930,teamfight,0.27682279360667134,0.026822793606671336,False
matched_early_mixture,30,0.25,pcgrad,americas,20261001,baron,0.252440476190477,0.0024404761904769923,False
matched_early_mixture,30,0.25,pcgrad,americas,20261001,dragon,0.25846925972396667,0.008469259723966671,False
matched_early_mixture,30,0.25,pcgrad,americas,20261002,baron,0.26729192546583946,0.017291925465839464,False
matched_early_mixture,30,0.25,pcgrad,americas,20261002,dragon,0.2552836484983311,0.005283648498331073,False
matched_early_mixture,30,0.25,pcgrad,americas,20261002,teamfight,0.25813825338253404,0.008138253382534044,False
matched_early_mixture,30,0.5,pcgrad,americas,20260930,baron,0.513333333333333,0.013333333333332975,False
matched_early_mixture,30,0.5,pcgrad,americas,20260930,dragon,0.5433333333333309,0.04333333333333089,False
matched_early_mixture,30,0.5,pcgrad,americas,20260930,teamfight,0.5388102849200818,0.03881028492008176,False
matched_early_mixture,30,0.5,pcgrad,americas,20261001,baron,0.5059602649006614,0.005960264900661372,False
matched_early_mixture,30,0.5,pcgrad,americas,20261001,dragon,0.5169385194479333,0.016938519447933342,False
matched_early_mixture,30,0.5,pcgrad,americas,20261002,baron,0.5345090090090084,0.03450900900900844,False
matched_early_mixture,30,0.5,pcgrad,americas,20261002,dragon,0.5105672969966621,0.010567296996662146,False
matched_early_mixture,30,0.5,pcgrad,americas,20261002,teamfight,0.5142268142681408,0.014226814268140764,False
matched_early_mixture,30,0.75,pcgrad,americas,20260930,baron,0.7864095860566458,0.03640958605664579,False
matched_early_mixture,30,0.75,pcgrad,americas,20260930,dragon,0.7885840707964603,0.03858407079646031,False
matched_early_mixture,30,0.75,pcgrad,americas,20260930,teamfight,0.8007977762334966,0.05079777623349657,False
matched_early_mixture,30,0.75,pcgrad,americas,20261001,baron,0.7664871794871776,0.016487179487177595,False
matched_early_mixture,30,0.75,pcgrad,americas,20261001,dragon,0.7607984031936073,0.010798403193607253,False
matched_early_mixture,30,0.75,pcgrad,americas,20261002,baron,0.7800000000000006,0.030000000000000582,False
matched_early_mixture,30,0.75,pcgrad,americas,20261002,dragon,0.7657572649572622,0.01575726495726215,False
matched_early_mixture,30,0.75,pcgrad,americas,20261002,teamfight,0.7703153751537546,0.02031537515375459,False
matched_early_mixture,30,1.0,pcgrad,americas,20260930,baron,1.0408492462311534,0.04084924623115338,True
matched_early_mixture,30,1.0,pcgrad,americas,20260930,dragon,1.0230973451327432,0.023097345132743197,True
matched_early_mixture,30,1.0,pcgrad,americas,20260930,teamfight,1.0627852675469083,0.06278526754690827,True
matched_early_mixture,30,1.0,pcgrad,americas,20261001,baron,1.053365461847393,0.0533654618473931,True
matched_early_mixture,30,1.0,pcgrad,americas,20261001,dragon,1.007456702253858,0.007456702253858083,True
matched_early_mixture,30,1.0,pcgrad,americas,20261002,baron,1.0327022058823472,0.03270220588234718,True
matched_early_mixture,30,1.0,pcgrad,americas,20261002,dragon,1.0141878952122882,0.014187895212288248,True
matched_early_mixture,30,1.0,pcgrad,americas,20261002,teamfight,1.0265527683615767,0.026552768361576717,True
matched_early_mixture,30,0.25,timely_leagueews,americas,20260930,baron,0.252,0.0020000000000000018,False
matched_early_mixture,30,0.25,timely_leagueews,americas,20260930,dragon,0.27580633147113537,0.02580633147113537,False
matched_early_mixture,30,0.25,timely_leagueews,americas,20261001,baron,0.26791256830601134,0.017912568306011345,False
matched_early_mixture,30,0.25,timely_leagueews,americas,20261001,dragon,0.25941463414634036,0.009414634146340362,False
matched_early_mixture,30,0.25,timely_leagueews,americas,20261002,baron,0.2564059139784947,0.006405913978494715,False
matched_early_mixture,30,0.25,timely_leagueews,americas,20261002,dragon,0.27448919753086404,0.024489197530864037,False
matched_early_mixture,30,0.5,timely_leagueews,americas,20260930,baron,0.5244902797534398,0.02449027975343976,False
matched_early_mixture,30,0.5,timely_leagueews,americas,20260930,dragon,0.5239305804907218,0.02393058049072183,False
matched_early_mixture,30,0.5,timely_leagueews,americas,20260930,teamfight,0.523529078014182,0.023529078014182025,False
matched_early_mixture,30,0.5,timely_leagueews,americas,20261001,baron,0.5290705754614563,0.029070575461456305,False
matched_early_mixture,30,0.5,timely_leagueews,americas,20261001,dragon,0.5039506641366196,0.003950664136619597,False
matched_early_mixture,30,0.5,timely_leagueews,americas,20261002,baron,0.5190071684587823,0.019007168458782253,False
matched_early_mixture,30,0.5,timely_leagueews,americas,20261002,dragon,0.5253991507430967,0.025399150743096732,False
matched_early_mixture,30,0.75,timely_leagueews,americas,20260930,baron,0.785870080606921,0.035870080606920984,False
matched_early_mixture,30,0.75,timely_leagueews,americas,20260930,dragon,0.7623632019115842,0.012363201911584243,False
matched_early_mixture,30,0.75,timely_leagueews,americas,20260930,teamfight,0.7777614942528706,0.027761494252870555,False
matched_early_mixture,30,0.75,timely_leagueews,americas,20261001,baron,0.7749989142236685,0.02499891422366851,False
matched_early_mixture,30,0.75,timely_leagueews,americas,20261001,dragon,0.7511043643263735,0.0011043643263735081,False
matched_early_mixture,30,0.75,timely_leagueews,americas,20261002,baron,0.7712473118279535,0.021247311827953475,False
matched_early_mixture,30,0.75,timely_leagueews,americas,20261002,dragon,0.7558927813163453,0.005892781316345297,False
matched_early_mixture,30,1.0,timely_leagueews,americas,20260930,baron,1.063081170168931,0.06308117016893089,True
matched_early_mixture,30,1.0,timely_leagueews,americas,20260930,dragon,1.0195316606929452,0.019531660692945207,True
matched_early_mixture,30,1.0,timely_leagueews,americas,20260930,teamfight,1.0159080459770145,0.01590804597701445,True
matched_early_mixture,30,1.0,timely_leagueews,americas,20261001,baron,1.020747126436785,0.02074712643678489,True
matched_early_mixture,30,1.0,timely_leagueews,americas,20261002,baron,1.0307368421052663,0.030736842105266282,True
matched_early_mixture,30,1.0,timely_leagueews,americas,20261002,dragon,1.0032483775811243,0.0032483775811242843,True
matched_early_mixture,30,1.0,timely_leagueews,americas,20261002,teamfight,1.0081280839894984,0.00812808398949838,True
matched_early_mixture,30,0.25,timely_tcn,americas,20260930,baron,0.27456410256410274,0.02456410256410274,False
matched_early_mixture,30,0.25,timely_tcn,americas,20260930,dragon,0.2527109004739324,0.0027109004739324094,False
matched_early_mixture,30,0.25,timely_tcn,americas,20261001,baron,0.25692537313432856,0.006925373134328561,False
matched_early_mixture,30,0.25,timely_tcn,americas,20261001,dragon,0.2660448717948733,0.016044871794873294,False
matched_early_mixture,30,0.25,timely_tcn,americas,20261001,teamfight,0.2670516934046349,0.017051693404634916,False
matched_early_mixture,30,0.25,timely_tcn,americas,20261002,baron,0.2632173913043474,0.013217391304347403,False
matched_early_mixture,30,0.25,timely_tcn,americas,20261002,dragon,0.26623948220064725,0.01623948220064725,False
matched_early_mixture,30,0.25,timely_tcn,americas,20261002,teamfight,0.2775470003208218,0.0275470003208218,False
matched_early_mixture,30,0.5,timely_tcn,americas,20260930,baron,0.5451161048689159,0.04511610486891593,False
matched_early_mixture,30,0.5,timely_tcn,americas,20260930,dragon,0.5104399008674123,0.01043990086741231,False
matched_early_mixture,30,0.5,timely_tcn,americas,20261001,baron,0.514979439252334,0.014979439252334026,False
matched_early_mixture,30,0.5,timely_tcn,americas,20261001,dragon,0.528039726877719,0.02803972687771905,False
matched_early_mixture,30,0.5,timely_tcn,americas,20261001,teamfight,0.5070347578347562,0.007034757834756156,False
matched_early_mixture,30,0.5,timely_tcn,americas,20261002,baron,0.5350847457627125,0.03508474576271248,False
matched_early_mixture,30,0.5,timely_tcn,americas,20261002,dragon,0.5184338308457732,0.018433830845773214,False
matched_early_mixture,30,0.5,timely_tcn,americas,20261002,teamfight,0.513591273660574,0.013591273660574,False
matched_early_mixture,30,0.75,timely_tcn,americas,20260930,baron,0.7937116104868925,0.04371161048689254,False
matched_early_mixture,30,0.75,timely_tcn,americas,20260930,dragon,0.7711276332094191,0.021127633209419128,False
matched_early_mixture,30,0.75,timely_tcn,americas,20261001,baron,0.7724560747663578,0.022456074766357803,False
matched_early_mixture,30,0.75,timely_tcn,americas,20261001,dragon,0.7841675895164244,0.0341675895164244,False
matched_early_mixture,30,0.75,timely_tcn,americas,20261001,teamfight,0.7536159544159544,0.0036159544159544144,False
matched_early_mixture,30,0.75,timely_tcn,americas,20261002,baron,0.7893220338983035,0.039322033898303466,False
matched_early_mixture,30,0.75,timely_tcn,americas,20261002,dragon,0.7744039800994992,0.02440398009949918,False
matched_early_mixture,30,1.0,timely_tcn,americas,20260930,baron,1.0341186943620204,0.03411869436202042,True
matched_early_mixture,30,1.0,timely_tcn,americas,20260930,dragon,1.018250156347718,0.018250156347717983,True
matched_early_mixture,30,1.0,timely_tcn,americas,20261001,baron,1.0500784313725473,0.050078431372547305,True
matched_early_mixture,30,1.0,timely_tcn,americas,20261001,dragon,1.0294610557401294,0.02946105574012936,True
matched_early_mixture,30,1.0,timely_tcn,americas,20261002,baron,1.0604345238095212,0.06043452380952119,True
matched_early_mixture,30,1.0,timely_tcn,americas,20261002,dragon,1.0251341393206685,0.025134139320668547,True
matched_early_mixture,30,0.25,timely_current_only,americas,20260930,baron,0.25222391857506427,0.0022239185750642654,False
matched_early_mixture,30,0.25,timely_current_only,americas,20260930,dragon,0.2516799999999999,0.0016799999999999038,False
matched_early_mixture,30,0.25,timely_current_only,americas,20260930,teamfight,0.272990384615384,0.022990384615383996,False
matched_early_mixture,30,0.25,timely_current_only,americas,20261001,baron,0.2589907773386041,0.008990777338604095,False
matched_early_mixture,30,0.25,timely_current_only,americas,20261001,dragon,0.25033829705994703,0.00033829705994703474,False
matched_early_mixture,30,0.25,timely_current_only,americas,20261001,teamfight,0.2797745098039218,0.029774509803921823,False
matched_early_mixture,30,0.25,timely_current_only,americas,20261002,baron,0.2603743589743586,0.010374358974358622,False
matched_early_mixture,30,0.25,timely_current_only,americas,20261002,dragon,0.2534787077826734,0.003478707782673396,False
matched_early_mixture,30,0.25,timely_current_only,americas,20261002,teamfight,0.27386404293381045,0.023864042933810448,False
matched_early_mixture,30,0.5,timely_current_only,americas,20260930,baron,0.5254405719392327,0.02544057193923266,False
matched_early_mixture,30,0.5,timely_current_only,americas,20260930,dragon,0.5083353699932094,0.008335369993209385,False
matched_early_mixture,30,0.5,timely_current_only,americas,20260930,teamfight,0.5265961538461557,0.026596153846155657,False
matched_early_mixture,30,0.5,timely_current_only,americas,20261001,baron,0.5246313131313145,0.024631313131314503,False
matched_early_mixture,30,0.5,timely_current_only,americas,20261001,dragon,0.5023428789614345,0.0023428789614344803,False
matched_early_mixture,30,0.5,timely_current_only,americas,20261001,teamfight,0.5233238095238122,0.02332380952381219,False
matched_early_mixture,30,0.5,timely_current_only,americas,20261002,baron,0.5319829683698278,0.031982968369827836,False
matched_early_mixture,30,0.5,timely_current_only,americas,20261002,dragon,0.5051306901615277,0.005130690161527673,False
matched_early_mixture,30,0.5,timely_current_only,americas,20261002,teamfight,0.5288697571743924,0.02886975717439244,False
matched_early_mixture,30,0.75,timely_current_only,americas,20260930,baron,0.7956590330788772,0.0456590330788772,False
matched_early_mixture,30,0.75,timely_current_only,americas,20260930,dragon,0.7612757517594397,0.011275751759439734,False
matched_early_mixture,30,0.75,timely_current_only,americas,20260930,teamfight,0.7796005486968445,0.029600548696844475,False
matched_early_mixture,30,0.75,timely_current_only,americas,20261001,baron,0.7836291854072969,0.03362918540729687,False
matched_early_mixture,30,0.75,timely_current_only,americas,20261001,dragon,0.7537678571428557,0.0037678571428556573,False
matched_early_mixture,30,0.75,timely_current_only,americas,20261002,baron,0.7997749391727468,0.04977493917274678,False
matched_early_mixture,30,0.75,timely_current_only,americas,20261002,teamfight,0.7656247240618074,0.015624724061807371,False
matched_early_mixture,30,1.0,timely_current_only,americas,20260930,baron,1.0761933842239184,0.07619338422391841,True
matched_early_mixture,30,1.0,timely_current_only,americas,20260930,dragon,1.0208726807421642,0.020872680742164196,True
matched_early_mixture,30,1.0,timely_current_only,americas,20260930,teamfight,1.0224674897119332,0.022467489711933242,True
matched_early_mixture,30,1.0,timely_current_only,americas,20261001,baron,1.0371056910569088,0.03710569105690875,True
matched_early_mixture,30,1.0,timely_current_only,americas,20261001,dragon,1.0024285714285706,0.0024285714285705584,True
matched_early_mixture,30,1.0,timely_current_only,americas,20261002,baron,1.0514940476190469,0.05149404761904686,True
matched_early_mixture,30,1.0,timely_current_only,americas,20261002,teamfight,1.0044863636363655,0.0044863636363654535,True
matched_early_mixture,30,0.25,timely_clock_only,americas,20260930,baron,0.258350974930362,0.00835097493036202,False
matched_early_mixture,30,0.25,timely_clock_only,americas,20260930,dragon,0.27102153846153865,0.021021538461538647,False
matched_early_mixture,30,0.25,timely_clock_only,americas,20260930,teamfight,0.27315362318840536,0.02315362318840536,False
matched_early_mixture,30,0.25,timely_clock_only,americas,20261001,baron,0.27496714848883,0.024967148488830027,False
matched_early_mixture,30,0.25,timely_clock_only,americas,20261001,dragon,0.2698181818181832,0.019818181818183178,False
matched_early_mixture,30,0.25,timely_clock_only,americas,20261001,teamfight,0.2795228848821079,0.029522884882107914,False
matched_early_mixture,30,0.25,timely_clock_only,americas,20261002,baron,0.26300242130750523,0.01300242130750523,False
matched_early_mixture,30,0.25,timely_clock_only,americas,20261002,dragon,0.2723708086785015,0.022370808678501497,False
matched_early_mixture,30,0.25,timely_clock_only,americas,20261002,teamfight,0.2738905687544985,0.02389056875449852,False
matched_early_mixture,30,0.5,timely_clock_only,americas,20260930,baron,0.5233916666666655,0.023391666666665478,False
matched_early_mixture,30,0.5,timely_clock_only,americas,20260930,dragon,0.5321551282051279,0.03215512820512789,False
matched_early_mixture,30,0.5,timely_clock_only,americas,20260930,teamfight,0.5261064501578717,0.02610645015787172,False
matched_early_mixture,30,0.5,timely_clock_only,americas,20261001,baron,0.54993429697766,0.04993429697766005,False
matched_early_mixture,30,0.5,timely_clock_only,americas,20261001,dragon,0.5161880046136086,0.016188004613608586,False
matched_early_mixture,30,0.5,timely_clock_only,americas,20261001,teamfight,0.5406185852981942,0.040618585298194176,False
matched_early_mixture,30,0.5,timely_clock_only,americas,20261002,baron,0.5244487804878059,0.024448780487805855,False
matched_early_mixture,30,0.5,timely_clock_only,americas,20261002,dragon,0.5244444444444443,0.02444444444444427,False
matched_early_mixture,30,0.5,timely_clock_only,americas,20261002,teamfight,0.5306415770609297,0.030641577060929737,False
matched_early_mixture,30,0.75,timely_clock_only,americas,20260930,baron,0.7731936685288645,0.02319366852886451,False
matched_early_mixture,30,0.75,timely_clock_only,americas,20260930,dragon,0.790718539865511,0.040718539865510994,False
matched_early_mixture,30,0.75,timely_clock_only,americas,20260930,teamfight,0.7744149751916963,0.02441497519169633,False
matched_early_mixture,30,0.75,timely_clock_only,americas,20261001,baron,0.7987369118621626,0.04873691186216256,False
matched_early_mixture,30,0.75,timely_clock_only,americas,20261001,dragon,0.7703165735567982,0.020316573556798168,False
matched_early_mixture,30,0.75,timely_clock_only,americas,20261001,teamfight,0.7955616506053875,0.04556165060538753,False
matched_early_mixture,30,0.75,timely_clock_only,americas,20261002,baron,0.7797380952380963,0.02973809523809634,False
matched_early_mixture,30,0.75,timely_clock_only,americas,20261002,dragon,0.7787611683848821,0.028761168384882074,False
matched_early_mixture,30,0.75,timely_clock_only,americas,20261002,teamfight,0.7719050179211508,0.02190501792115085,False
matched_early_mixture,30,1.0,timely_clock_only,americas,20260930,baron,1.009925512104287,0.009925512104286938,True
matched_early_mixture,30,1.0,timely_clock_only,americas,20260930,dragon,1.0475629202689756,0.04756292026897557,True
matched_early_mixture,30,1.0,timely_clock_only,americas,20260930,teamfight,1.0167491673071969,0.01674916730719689,True
matched_early_mixture,30,1.0,timely_clock_only,americas,20261001,baron,1.045209640745794,0.04520964074579403,True
matched_early_mixture,30,1.0,timely_clock_only,americas,20261001,dragon,1.037774674115462,0.03777467411546209,True
matched_early_mixture,30,1.0,timely_clock_only,americas,20261001,teamfight,1.03425698047937,0.03425698047936998,True
matched_early_mixture,30,1.0,timely_clock_only,americas,20261002,baron,1.0327142857142873,0.03271428571428725,True
matched_early_mixture,30,1.0,timely_clock_only,americas,20261002,dragon,1.0355266323024064,0.03552663230240638,True
matched_early_mixture,30,1.0,timely_clock_only,americas,20261002,teamfight,1.0190084479845494,0.01900844798454937,True
matched_early_mixture,30,0.25,timely_clock_history,americas,20260930,dragon,0.2618682795698921,0.011868279569892115,False
matched_early_mixture,30,0.25,timely_clock_history,americas,20260930,teamfight,0.29162698412698257,0.04162698412698257,False
matched_early_mixture,30,0.25,timely_clock_history,americas,20261001,dragon,0.2534131847725161,0.00341318477251612,False
matched_early_mixture,30,0.25,timely_clock_history,americas,20261001,teamfight,0.266209445585216,0.016209445585215976,False
matched_early_mixture,30,0.25,timely_clock_history,americas,20261002,baron,0.26095081967213046,0.010950819672130463,False
matched_early_mixture,30,0.25,timely_clock_history,americas,20261002,dragon,0.2569535864978913,0.006953586497891295,False
matched_early_mixture,30,0.25,timely_clock_history,americas,20261002,teamfight,0.2734798122065719,0.023479812206571915,False
matched_early_mixture,30,0.5,timely_clock_history,americas,20260930,baron,0.5303004694835675,0.03030046948356746,False
matched_early_mixture,30,0.5,timely_clock_history,americas,20260930,dragon,0.5273273381294976,0.027327338129497614,False
matched_early_mixture,30,0.5,timely_clock_history,americas,20260930,teamfight,0.5420927835051523,0.04209278350515233,False
matched_early_mixture,30,0.5,timely_clock_history,americas,20261001,baron,0.5262380952380967,0.026238095238096726,False
matched_early_mixture,30,0.5,timely_clock_history,americas,20261001,dragon,0.5117697307335204,0.01176973073352039,False
matched_early_mixture,30,0.5,timely_clock_history,americas,20261001,teamfight,0.5139405940594063,0.013940594059406286,False
matched_early_mixture,30,0.5,timely_clock_history,americas,20261002,baron,0.5305969230769251,0.030596923076925076,False
matched_early_mixture,30,0.5,timely_clock_history,americas,20261002,dragon,0.5016793248945166,0.0016793248945166095,False
matched_early_mixture,30,0.5,timely_clock_history,americas,20261002,teamfight,0.546712977921379,0.04671297792137896,False
matched_early_mixture,30,0.75,timely_clock_history,americas,20260930,baron,0.8004915824915813,0.050491582491581255,False
matched_early_mixture,30,0.75,timely_clock_history,americas,20260930,dragon,0.7876690647482031,0.037669064748203085,False
matched_early_mixture,30,0.75,timely_clock_history,americas,20260930,teamfight,0.7779175257731971,0.02791752577319706,False
matched_early_mixture,30,0.75,timely_clock_history,americas,20261001,baron,0.7915228758169974,0.04152287581699743,False
matched_early_mixture,30,0.75,timely_clock_history,americas,20261001,dragon,0.7681542111506513,0.0181542111506513,False
matched_early_mixture,30,0.75,timely_clock_history,americas,20261002,baron,0.8078824517212452,0.057882451721245176,False
matched_early_mixture,30,0.75,timely_clock_history,americas,20261002,dragon,0.764997747747752,0.014997747747751977,False
matched_early_mixture,30,0.75,timely_clock_history,americas,20261002,teamfight,0.7704609585352736,0.020460958535273632,False
matched_early_mixture,30,1.0,timely_clock_history,americas,20260930,baron,1.067204301075269,0.06720430107526898,True
matched_early_mixture,30,1.0,timely_clock_history,americas,20260930,dragon,1.0291517367458818,0.029151736745881784,True
matched_early_mixture,30,1.0,timely_clock_history,americas,20260930,teamfight,1.0116007662835265,0.011600766283526465,True
matched_early_mixture,30,1.0,timely_clock_history,americas,20261001,baron,1.0479064327485352,0.04790643274853523,True
matched_early_mixture,30,1.0,timely_clock_history,americas,20261001,dragon,1.0235601198117232,0.023560119811723235,True
matched_early_mixture,30,1.0,timely_clock_history,americas,20261002,baron,1.0665168195718695,0.0665168195718695,True
matched_early_mixture,30,1.0,timely_clock_history,americas,20261002,dragon,1.027794676806081,0.027794676806081053,True
dense_deterministic,30,0.25,leagueews,americas,20260930,teamfight,0.256,0.006000000000000005,False
dense_deterministic,30,0.25,leagueews,americas,20261002,baron,0.25266666666666665,0.0026666666666666505,False
dense_deterministic,30,0.5,leagueews,americas,20260930,baron,0.5213333333333333,0.021333333333333315,False
dense_deterministic,30,0.5,leagueews,americas,20261001,baron,0.5053333333333333,0.005333333333333301,False
dense_deterministic,30,0.5,leagueews,americas,20261002,baron,0.5466666666666666,0.046666666666666634,False
dense_deterministic,30,0.75,leagueews,americas,20260930,baron,0.768,0.018000000000000016,False
dense_deterministic,30,0.75,leagueews,americas,20261001,baron,0.7566666666666667,0.00666666666666671,False
dense_deterministic,30,0.75,leagueews,americas,20261002,baron,0.796,0.04600000000000004,False
dense_deterministic,30,0.75,leagueews,americas,20261002,dragon,0.7533333333333333,0.0033333333333332993,False
dense_deterministic,30,1.0,leagueews,americas,20260930,baron,1.0313333333333334,0.031333333333333435,True
dense_deterministic,30,1.0,leagueews,americas,20261001,baron,1.0113333333333334,0.011333333333333417,True
dense_deterministic,30,1.0,leagueews,americas,20261002,baron,1.038,0.038000000000000034,True
dense_deterministic,30,0.5,gru,americas,20261001,baron,0.5113333333333333,0.011333333333333306,False
dense_deterministic,30,0.5,gru,americas,20261002,baron,0.5113333333333333,0.011333333333333306,False
dense_deterministic,30,0.75,gru,americas,20260930,dragon,0.7553333333333333,0.005333333333333301,False
dense_deterministic,30,0.75,gru,americas,20261001,baron,0.762,0.01200000000000001,False
dense_deterministic,30,0.75,gru,americas,20261002,baron,0.7826666666666666,0.03266666666666662,False
dense_deterministic,30,1.0,gru,americas,20260930,baron,1.0226666666666666,0.022666666666666613,True
dense_deterministic,30,1.0,gru,americas,20260930,dragon,1.0106666666666666,0.010666666666666602,True
dense_deterministic,30,1.0,gru,americas,20261001,baron,1.0306666666666666,0.03066666666666662,True
dense_deterministic,30,1.0,gru,americas,20261002,baron,1.044,0.04400000000000004,True
dense_deterministic,30,1.0,gru,americas,20261002,dragon,1.0173333333333334,0.017333333333333423,True
dense_deterministic,30,0.25,tcn,americas,20260930,baron,0.256,0.006000000000000005,False
dense_deterministic,30,0.25,tcn,americas,20261001,baron,0.262,0.01200000000000001,False
dense_deterministic,30,0.25,tcn,americas,20261002,baron,0.252,0.0020000000000000018,False
dense_deterministic,30,0.5,tcn,americas,20260930,baron,0.5366666666666666,0.036666666666666625,False
dense_deterministic,30,0.5,tcn,americas,20261001,dragon,0.5113333333333333,0.011333333333333306,False
dense_deterministic,30,0.5,tcn,americas,20261002,baron,0.5306666666666666,0.03066666666666662,False
dense_deterministic,30,0.5,tcn,americas,20261002,dragon,0.508,0.008000000000000007,False
dense_deterministic,30,0.75,tcn,americas,20260930,baron,0.8126666666666666,0.06266666666666665,False
dense_deterministic,30,0.75,tcn,americas,20260930,dragon,0.76,0.010000000000000009,False
dense_deterministic,30,0.75,tcn,americas,20261001,baron,0.7593333333333333,0.009333333333333305,False
dense_deterministic,30,0.75,tcn,americas,20261001,dragon,0.7533333333333333,0.0033333333333332993,False
dense_deterministic,30,0.75,tcn,americas,20261002,baron,0.798,0.04800000000000004,False
dense_deterministic,30,0.75,tcn,americas,20261002,dragon,0.754,0.0040000000000000036,False
dense_deterministic,30,1.0,tcn,americas,20260930,baron,1.0713333333333332,0.07133333333333325,True
dense_deterministic,30,1.0,tcn,americas,20261001,baron,1.0366666666666666,0.036666666666666625,True
dense_deterministic,30,1.0,tcn,americas,20261002,baron,1.0706666666666667,0.07066666666666666,True
dense_deterministic,30,0.25,snapshot,americas,20260930,dragon,0.25333333333333335,0.003333333333333355,False
dense_deterministic,30,0.25,snapshot,americas,20260930,teamfight,0.272,0.02200000000000002,False
dense_deterministic,30,0.25,snapshot,americas,20261001,teamfight,0.2733333333333333,0.023333333333333317,False
dense_deterministic,30,0.25,snapshot,americas,20261002,teamfight,0.2693333333333333,0.019333333333333313,False
dense_deterministic,30,0.5,snapshot,americas,20260930,baron,0.5206666666666667,0.020666666666666722,False
dense_deterministic,30,0.5,snapshot,americas,20260930,dragon,0.5233333333333333,0.023333333333333317,False
dense_deterministic,30,0.5,snapshot,americas,20260930,teamfight,0.5266666666666666,0.026666666666666616,False
dense_deterministic,30,0.5,snapshot,americas,20261001,baron,0.5046666666666667,0.004666666666666708,False
dense_deterministic,30,0.5,snapshot,americas,20261001,dragon,0.5286666666666666,0.028666666666666618,False
dense_deterministic,30,0.5,snapshot,americas,20261001,teamfight,0.53,0.030000000000000027,False
dense_deterministic,30,0.5,snapshot,americas,20261002,dragon,0.5186666666666667,0.01866666666666672,False
dense_deterministic,30,0.5,snapshot,americas,20261002,teamfight,0.5266666666666666,0.026666666666666616,False
dense_deterministic,30,0.75,snapshot,americas,20260930,baron,0.7833333333333333,0.033333333333333326,False
dense_deterministic,30,0.75,snapshot,americas,20260930,dragon,0.776,0.026000000000000023,False
dense_deterministic,30,0.75,snapshot,americas,20260930,teamfight,0.7526666666666667,0.002666666666666706,False
dense_deterministic,30,0.75,snapshot,americas,20261001,baron,0.774,0.02400000000000002,False
dense_deterministic,30,0.75,snapshot,americas,20261001,dragon,0.7533333333333333,0.0033333333333332993,False
dense_deterministic,30,0.75,snapshot,americas,20261001,teamfight,0.7793333333333333,0.029333333333333322,False
dense_deterministic,30,0.75,snapshot,americas,20261002,baron,0.7806666666666666,0.03066666666666662,False
dense_deterministic,30,0.75,snapshot,americas,20261002,dragon,0.7826666666666666,0.03266666666666662,False
dense_deterministic,30,0.75,snapshot,americas,20261002,teamfight,0.7893333333333333,0.03933333333333333,False
dense_deterministic,30,1.0,snapshot,americas,20260930,baron,1.032,0.03200000000000003,True
dense_deterministic,30,1.0,snapshot,americas,20260930,teamfight,1.01,0.010000000000000009,True
dense_deterministic,30,1.0,snapshot,americas,20261001,baron,1.0266666666666666,0.026666666666666616,True
dense_deterministic,30,1.0,snapshot,americas,20261001,dragon,1.0013333333333334,0.0013333333333334085,True
dense_deterministic,30,1.0,snapshot,americas,20261001,teamfight,1.0146666666666666,0.014666666666666606,True
dense_deterministic,30,1.0,snapshot,americas,20261002,baron,1.0426666666666666,0.04266666666666663,True
dense_deterministic,30,1.0,snapshot,americas,20261002,teamfight,1.0126666666666666,0.012666666666666604,True
dense_deterministic,30,0.25,current_only,americas,20260930,baron,0.25466666666666665,0.004666666666666652,False
dense_deterministic,30,0.25,current_only,americas,20260930,dragon,0.254,0.0040000000000000036,False
dense_deterministic,30,0.25,current_only,americas,20260930,teamfight,0.284,0.033999999999999975,False
dense_deterministic,30,0.25,current_only,americas,20261001,baron,0.25866666666666666,0.008666666666666656,False
dense_deterministic,30,0.25,current_only,americas,20261001,teamfight,0.266,0.016000000000000014,False
dense_deterministic,30,0.25,current_only,americas,20261002,baron,0.25333333333333335,0.003333333333333355,False
dense_deterministic,30,0.25,current_only,americas,20261002,teamfight,0.2693333333333333,0.019333333333333313,False
dense_deterministic,30,0.5,current_only,americas,20260930,baron,0.5133333333333333,0.013333333333333308,False
dense_deterministic,30,0.5,current_only,americas,20260930,teamfight,0.5233333333333333,0.023333333333333317,False
dense_deterministic,30,0.5,current_only,americas,20261001,baron,0.53,0.030000000000000027,False
dense_deterministic,30,0.5,current_only,americas,20261001,teamfight,0.5166666666666667,0.01666666666666672,False
dense_deterministic,30,0.5,current_only,americas,20261002,baron,0.5226666666666666,0.022666666666666613,False
dense_deterministic,30,0.5,current_only,americas,20261002,teamfight,0.5313333333333333,0.031333333333333324,False
dense_deterministic,30,0.75,current_only,americas,20260930,baron,0.7786666666666666,0.028666666666666618,False
dense_deterministic,30,0.75,current_only,americas,20260930,teamfight,0.764,0.014000000000000012,False
dense_deterministic,30,0.75,current_only,americas,20261001,baron,0.7773333333333333,0.02733333333333332,False
dense_deterministic,30,0.75,current_only,americas,20261001,dragon,0.7606666666666667,0.010666666666666713,False
dense_deterministic,30,0.75,current_only,americas,20261001,teamfight,0.766,0.016000000000000014,False
dense_deterministic,30,0.75,current_only,americas,20261002,baron,0.79,0.040000000000000036,False
dense_deterministic,30,0.75,current_only,americas,20261002,dragon,0.7553333333333333,0.005333333333333301,False
dense_deterministic,30,0.75,current_only,americas,20261002,teamfight,0.776,0.026000000000000023,False
dense_deterministic,30,1.0,current_only,americas,20260930,baron,1.0226666666666666,0.022666666666666613,True
dense_deterministic,30,1.0,current_only,americas,20260930,teamfight,1.034,0.03400000000000003,True
dense_deterministic,30,1.0,current_only,americas,20261001,baron,1.0233333333333334,0.023333333333333428,True
dense_deterministic,30,1.0,current_only,americas,20261001,teamfight,1.0066666666666666,0.006666666666666599,True
dense_deterministic,30,1.0,current_only,americas,20261002,baron,1.0473333333333332,0.04733333333333323,True
dense_deterministic,30,1.0,current_only,americas,20261002,dragon,1.0013333333333334,0.0013333333333334085,True
dense_deterministic,30,1.0,current_only,americas,20261002,teamfight,1.012,0.01200000000000001,True
dense_deterministic,30,0.25,independent,americas,20260930,teamfight,0.25266666666666665,0.0026666666666666505,False
dense_deterministic,30,0.5,independent,americas,20261001,dragon,0.504,0.0040000000000000036,False
dense_deterministic,30,0.5,independent,americas,20261002,dragon,0.5033333333333333,0.0033333333333332993,False
dense_deterministic,30,0.75,independent,americas,20260930,baron,0.7506666666666667,0.0006666666666667043,False
dense_deterministic,30,1.0,independent,americas,20260930,baron,1.008,0.008000000000000007,True
dense_deterministic,30,1.0,independent,americas,20261001,baron,1.0266666666666666,0.026666666666666616,True
dense_deterministic,30,0.25,pcgrad,americas,20260930,dragon,0.252,0.0020000000000000018,False
dense_deterministic,30,0.25,pcgrad,americas,20261002,baron,0.2693333333333333,0.019333333333333313,False
dense_deterministic,30,0.5,pcgrad,americas,20260930,baron,0.506,0.006000000000000005,False
dense_deterministic,30,0.5,pcgrad,americas,20261002,baron,0.5293333333333333,0.029333333333333322,False
dense_deterministic,30,0.5,pcgrad,americas,20261002,dragon,0.5133333333333333,0.013333333333333308,False
dense_deterministic,30,0.75,pcgrad,americas,20260930,baron,0.7693333333333333,0.019333333333333313,False
dense_deterministic,30,0.75,pcgrad,americas,20261001,baron,0.758,0.008000000000000007,False
dense_deterministic,30,0.75,pcgrad,americas,20261002,baron,0.7746666666666666,0.024666666666666615,False
dense_deterministic,30,1.0,pcgrad,americas,20260930,baron,1.0273333333333334,0.02733333333333343,True
dense_deterministic,30,1.0,pcgrad,americas,20261001,baron,1.0506666666666666,0.05066666666666664,True
dense_deterministic,30,1.0,pcgrad,americas,20261002,baron,1.022,0.02200000000000002,True
dense_deterministic,30,0.25,timely_leagueews,americas,20260930,baron,0.25266666666666665,0.0026666666666666505,False
dense_deterministic,30,0.25,timely_leagueews,americas,20260930,dragon,0.2733333333333333,0.023333333333333317,False
dense_deterministic,30,0.25,timely_leagueews,americas,20261001,baron,0.25533333333333336,0.005333333333333357,False
dense_deterministic,30,0.25,timely_leagueews,americas,20261001,dragon,0.252,0.0020000000000000018,False
dense_deterministic,30,0.25,timely_leagueews,americas,20261002,dragon,0.25466666666666665,0.004666666666666652,False
dense_deterministic,30,0.5,timely_leagueews,americas,20260930,baron,0.5013333333333333,0.0013333333333332975,False
dense_deterministic,30,0.5,timely_leagueews,americas,20261001,baron,0.532,0.03200000000000003,False
dense_deterministic,30,0.5,timely_leagueews,americas,20261002,baron,0.5033333333333333,0.0033333333333332993,False
dense_deterministic,30,0.75,timely_leagueews,americas,20260930,baron,0.7826666666666666,0.03266666666666662,False
dense_deterministic,30,0.75,timely_leagueews,americas,20261001,baron,0.7806666666666666,0.03066666666666662,False
dense_deterministic,30,0.75,timely_leagueews,americas,20261002,baron,0.762,0.01200000000000001,False
dense_deterministic,30,1.0,timely_leagueews,americas,20260930,baron,1.0573333333333332,0.057333333333333236,True
dense_deterministic,30,1.0,timely_leagueews,americas,20260930,teamfight,1.012,0.01200000000000001,True
dense_deterministic,30,1.0,timely_leagueews,americas,20261001,baron,1.014,0.014000000000000012,True
dense_deterministic,30,1.0,timely_leagueews,americas,20261002,baron,1.0226666666666666,0.022666666666666613,True
dense_deterministic,30,0.25,timely_tcn,americas,20260930,baron,0.26666666666666666,0.016666666666666663,False
dense_deterministic,30,0.25,timely_tcn,americas,20261001,baron,0.25133333333333335,0.001333333333333353,False
dense_deterministic,30,0.25,timely_tcn,americas,20261001,dragon,0.25466666666666665,0.004666666666666652,False
dense_deterministic,30,0.25,timely_tcn,americas,20261002,baron,0.25533333333333336,0.005333333333333357,False
dense_deterministic,30,0.5,timely_tcn,americas,20260930,baron,0.5353333333333333,0.03533333333333333,False
dense_deterministic,30,0.5,timely_tcn,americas,20261001,baron,0.51,0.010000000000000009,False
dense_deterministic,30,0.5,timely_tcn,americas,20261002,baron,0.53,0.030000000000000027,False
dense_deterministic,30,0.75,timely_tcn,americas,20260930,baron,0.802,0.052000000000000046,False
dense_deterministic,30,0.75,timely_tcn,americas,20261001,baron,0.758,0.008000000000000007,False
dense_deterministic,30,0.75,timely_tcn,americas,20261002,baron,0.78,0.030000000000000027,False
dense_deterministic,30,1.0,timely_tcn,americas,20260930,baron,1.028,0.028000000000000025,True
dense_deterministic,30,1.0,timely_tcn,americas,20261001,baron,1.0406666666666666,0.04066666666666663,True
dense_deterministic,30,1.0,timely_tcn,americas,20261002,baron,1.0486666666666666,0.048666666666666636,True
dense_deterministic,30,0.25,timely_current_only,americas,20260930,teamfight,0.2693333333333333,0.019333333333333313,False
dense_deterministic,30,0.25,timely_current_only,americas,20261001,baron,0.26066666666666666,0.010666666666666658,False
dense_deterministic,30,0.25,timely_current_only,americas,20261001,teamfight,0.2793333333333333,0.029333333333333322,False
dense_deterministic,30,0.25,timely_current_only,americas,20261002,baron,0.254,0.0040000000000000036,False
dense_deterministic,30,0.25,timely_current_only,americas,20261002,teamfight,0.2653333333333333,0.01533333333333331,False
dense_deterministic,30,0.5,timely_current_only,americas,20260930,baron,0.524,0.02400000000000002,False
dense_deterministic,30,0.5,timely_current_only,americas,20260930,dragon,0.5106666666666667,0.010666666666666713,False
dense_deterministic,30,0.5,timely_current_only,americas,20260930,teamfight,0.5226666666666666,0.022666666666666613,False
dense_deterministic,30,0.5,timely_current_only,americas,20261001,baron,0.524,0.02400000000000002,False
dense_deterministic,30,0.5,timely_current_only,americas,20261001,teamfight,0.542,0.04200000000000004,False
dense_deterministic,30,0.5,timely_current_only,americas,20261002,baron,0.5246666666666666,0.024666666666666615,False
dense_deterministic,30,0.5,timely_current_only,americas,20261002,dragon,0.5013333333333333,0.0013333333333332975,False
dense_deterministic,30,0.5,timely_current_only,americas,20261002,teamfight,0.5086666666666667,0.008666666666666711,False
dense_deterministic,30,0.75,timely_current_only,americas,20260930,baron,0.7926666666666666,0.04266666666666663,False
dense_deterministic,30,0.75,timely_current_only,americas,20260930,teamfight,0.766,0.016000000000000014,False
dense_deterministic,30,0.75,timely_current_only,americas,20261001,baron,0.7853333333333333,0.03533333333333333,False
dense_deterministic,30,0.75,timely_current_only,americas,20261002,baron,0.784,0.03400000000000003,False
dense_deterministic,30,0.75,timely_current_only,americas,20261002,teamfight,0.7586666666666667,0.008666666666666711,False
dense_deterministic,30,1.0,timely_current_only,americas,20260930,baron,1.0673333333333332,0.06733333333333325,True
dense_deterministic,30,1.0,timely_current_only,americas,20261001,baron,1.024,0.02400000000000002,True
dense_deterministic,30,1.0,timely_current_only,americas,20261002,baron,1.042,0.04200000000000004,True
dense_deterministic,30,0.25,timely_clock_only,americas,20261001,dragon,0.2613333333333333,0.011333333333333306,False
dense_deterministic,30,0.25,timely_clock_only,americas,20261002,baron,0.266,0.016000000000000014,False
dense_deterministic,30,0.25,timely_clock_only,americas,20261002,teamfight,0.25333333333333335,0.003333333333333355,False
dense_deterministic,30,0.5,timely_clock_only,americas,20260930,teamfight,0.5073333333333333,0.007333333333333303,False
dense_deterministic,30,0.5,timely_clock_only,americas,20261001,baron,0.5206666666666667,0.020666666666666722,False
dense_deterministic,30,0.5,timely_clock_only,americas,20261001,teamfight,0.5173333333333333,0.01733333333333331,False
dense_deterministic,30,0.5,timely_clock_only,americas,20261002,baron,0.5166666666666667,0.01666666666666672,False
dense_deterministic,30,0.5,timely_clock_only,americas,20261002,dragon,0.5326666666666666,0.03266666666666662,False
dense_deterministic,30,0.5,timely_clock_only,americas,20261002,teamfight,0.5353333333333333,0.03533333333333333,False
dense_deterministic,30,0.75,timely_clock_only,americas,20260930,dragon,0.7533333333333333,0.0033333333333332993,False
dense_deterministic,30,0.75,timely_clock_only,americas,20261001,baron,0.7713333333333333,0.021333333333333315,False
dense_deterministic,30,0.75,timely_clock_only,americas,20261002,baron,0.7633333333333333,0.013333333333333308,False
dense_deterministic,30,0.75,timely_clock_only,americas,20261002,teamfight,0.758,0.008000000000000007,False
dense_deterministic,30,1.0,timely_clock_only,americas,20260930,dragon,1.0026666666666666,0.002666666666666595,True
dense_deterministic,30,1.0,timely_clock_only,americas,20261001,baron,1.0406666666666666,0.04066666666666663,True
dense_deterministic,30,1.0,timely_clock_only,americas,20261001,dragon,1.008,0.008000000000000007,True
dense_deterministic,30,0.25,timely_clock_history,americas,20260930,baron,0.25266666666666665,0.0026666666666666505,False
dense_deterministic,30,0.25,timely_clock_history,americas,20260930,teamfight,0.2753333333333333,0.02533333333333332,False
dense_deterministic,30,0.25,timely_clock_history,americas,20261001,teamfight,0.2673333333333333,0.01733333333333331,False
dense_deterministic,30,0.25,timely_clock_history,americas,20261002,baron,0.256,0.006000000000000005,False
dense_deterministic,30,0.25,timely_clock_history,americas,20261002,teamfight,0.26266666666666666,0.01266666666666666,False
dense_deterministic,30,0.5,timely_clock_history,americas,20260930,baron,0.5266666666666666,0.026666666666666616,False
dense_deterministic,30,0.5,timely_clock_history,americas,20260930,teamfight,0.5146666666666667,0.014666666666666717,False
dense_deterministic,30,0.5,timely_clock_history,americas,20261001,baron,0.52,0.020000000000000018,False
dense_deterministic,30,0.5,timely_clock_history,americas,20261001,teamfight,0.5106666666666667,0.010666666666666713,False
dense_deterministic,30,0.5,timely_clock_history,americas,20261002,baron,0.534,0.03400000000000003,False
dense_deterministic,30,0.5,timely_clock_history,americas,20261002,teamfight,0.5313333333333333,0.031333333333333324,False
dense_deterministic,30,0.75,timely_clock_history,americas,20260930,baron,0.794,0.04400000000000004,False
dense_deterministic,30,0.75,timely_clock_history,americas,20260930,dragon,0.7513333333333333,0.0013333333333332975,False
dense_deterministic,30,0.75,timely_clock_history,americas,20261001,baron,0.77,0.020000000000000018,False
dense_deterministic,30,0.75,timely_clock_history,americas,20261001,dragon,0.756,0.006000000000000005,False
dense_deterministic,30,0.75,timely_clock_history,americas,20261002,baron,0.7746666666666666,0.024666666666666615,False
dense_deterministic,30,0.75,timely_clock_history,americas,20261002,dragon,0.7553333333333333,0.005333333333333301,False
dense_deterministic,30,1.0,timely_clock_history,americas,20260930,baron,1.058,0.05800000000000005,True
dense_deterministic,30,1.0,timely_clock_history,americas,20261001,baron,1.0386666666666666,0.03866666666666663,True
dense_deterministic,30,1.0,timely_clock_history,americas,20261002,baron,1.0466666666666666,0.046666666666666634,True
dense_deterministic,30,1.0,timely_clock_history,americas,20261002,dragon,1.0173333333333334,0.017333333333333423,True
dense_regional_deterministic,30,0.25,leagueews,americas,20260930,dragon,0.26066666666666666,0.010666666666666658,False
dense_regional_deterministic,30,0.25,leagueews,americas,20260930,teamfight,0.266,0.016000000000000014,False
dense_regional_deterministic,30,0.25,leagueews,americas,20261001,dragon,0.2673333333333333,0.01733333333333331,False
dense_regional_deterministic,30,0.25,leagueews,americas,20261002,baron,0.25266666666666665,0.0026666666666666505,False
dense_regional_deterministic,30,0.25,leagueews,americas,20261002,dragon,0.26,0.010000000000000009,False
dense_regional_deterministic,30,0.5,leagueews,americas,20260930,baron,0.5213333333333333,0.021333333333333315,False
dense_regional_deterministic,30,0.5,leagueews,americas,20260930,dragon,0.5066666666666667,0.00666666666666671,False
dense_regional_deterministic,30,0.5,leagueews,americas,20261001,baron,0.5053333333333333,0.005333333333333301,False
dense_regional_deterministic,30,0.5,leagueews,americas,20261001,dragon,0.5173333333333333,0.01733333333333331,False
dense_regional_deterministic,30,0.5,leagueews,americas,20261002,baron,0.5466666666666666,0.046666666666666634,False
dense_regional_deterministic,30,0.5,leagueews,americas,20261002,dragon,0.508,0.008000000000000007,False
dense_regional_deterministic,30,0.75,leagueews,americas,20260930,baron,0.768,0.018000000000000016,False
dense_regional_deterministic,30,0.75,leagueews,americas,20260930,dragon,0.766,0.016000000000000014,False
dense_regional_deterministic,30,0.75,leagueews,americas,20261001,baron,0.7566666666666667,0.00666666666666671,False
dense_regional_deterministic,30,0.75,leagueews,americas,20261002,baron,0.796,0.04600000000000004,False
dense_regional_deterministic,30,0.75,leagueews,americas,20261002,dragon,0.7533333333333333,0.0033333333333332993,False
dense_regional_deterministic,30,1.0,leagueews,americas,20260930,baron,1.0313333333333334,0.031333333333333435,True
dense_regional_deterministic,30,1.0,leagueews,americas,20260930,dragon,1.0066666666666666,0.006666666666666599,True
dense_regional_deterministic,30,1.0,leagueews,americas,20260930,teamfight,1.014,0.014000000000000012,True
dense_regional_deterministic,30,1.0,leagueews,americas,20261001,baron,1.0113333333333334,0.011333333333333417,True
dense_regional_deterministic,30,1.0,leagueews,americas,20261002,baron,1.038,0.038000000000000034,True
dense_regional_deterministic,30,1.0,leagueews,americas,20261002,dragon,1.0093333333333334,0.009333333333333416,True
dense_regional_deterministic,30,1.0,leagueews,americas,20261002,teamfight,1.006,0.006000000000000005,True
dense_regional_deterministic,30,0.25,gru,americas,20261001,baron,0.25533333333333336,0.005333333333333357,False
dense_regional_deterministic,30,0.5,gru,americas,20261001,baron,0.5113333333333333,0.011333333333333306,False
dense_regional_deterministic,30,0.5,gru,americas,20261002,baron,0.5113333333333333,0.011333333333333306,False
dense_regional_deterministic,30,0.75,gru,americas,20260930,dragon,0.7553333333333333,0.005333333333333301,False
dense_regional_deterministic,30,0.75,gru,americas,20261001,baron,0.762,0.01200000000000001,False
dense_regional_deterministic,30,0.75,gru,americas,20261002,baron,0.7826666666666666,0.03266666666666662,False
dense_regional_deterministic,30,1.0,gru,americas,20260930,baron,1.0226666666666666,0.022666666666666613,True
dense_regional_deterministic,30,1.0,gru,americas,20260930,dragon,1.0106666666666666,0.010666666666666602,True
dense_regional_deterministic,30,1.0,gru,americas,20261001,baron,1.0306666666666666,0.03066666666666662,True
dense_regional_deterministic,30,1.0,gru,americas,20261002,baron,1.044,0.04400000000000004,True
dense_regional_deterministic,30,1.0,gru,americas,20261002,dragon,1.0173333333333334,0.017333333333333423,True
dense_regional_deterministic,30,0.25,tcn,americas,20260930,baron,0.256,0.006000000000000005,False
dense_regional_deterministic,30,0.25,tcn,americas,20260930,teamfight,0.25333333333333335,0.003333333333333355,False
dense_regional_deterministic,30,0.25,tcn,americas,20261001,baron,0.262,0.01200000000000001,False
dense_regional_deterministic,30,0.25,tcn,americas,20261001,dragon,0.27,0.020000000000000018,False
dense_regional_deterministic,30,0.25,tcn,americas,20261002,baron,0.26,0.010000000000000009,False
dense_regional_deterministic,30,0.25,tcn,americas,20261002,dragon,0.25466666666666665,0.004666666666666652,False
dense_regional_deterministic,30,0.25,tcn,americas,20261002,teamfight,0.25666666666666665,0.006666666666666654,False
dense_regional_deterministic,30,0.5,tcn,americas,20260930,baron,0.5306666666666666,0.03066666666666662,False
dense_regional_deterministic,30,0.5,tcn,americas,20260930,dragon,0.5033333333333333,0.0033333333333332993,False
dense_regional_deterministic,30,0.5,tcn,americas,20261001,dragon,0.5266666666666666,0.026666666666666616,False
dense_regional_deterministic,30,0.5,tcn,americas,20261001,teamfight,0.5033333333333333,0.0033333333333332993,False
dense_regional_deterministic,30,0.5,tcn,americas,20261002,baron,0.5306666666666666,0.03066666666666662,False
dense_regional_deterministic,30,0.5,tcn,americas,20261002,dragon,0.53,0.030000000000000027,False
dense_regional_deterministic,30,0.75,tcn,americas,20260930,baron,0.8006666666666666,0.05066666666666664,False
dense_regional_deterministic,30,0.75,tcn,americas,20260930,dragon,0.76,0.010000000000000009,False
dense_regional_deterministic,30,0.75,tcn,americas,20261001,baron,0.7593333333333333,0.009333333333333305,False
dense_regional_deterministic,30,0.75,tcn,americas,20261001,dragon,0.7533333333333333,0.0033333333333332993,False
dense_regional_deterministic,30,0.75,tcn,americas,20261002,baron,0.798,0.04800000000000004,False
dense_regional_deterministic,30,0.75,tcn,americas,20261002,dragon,0.7786666666666666,0.028666666666666618,False
dense_regional_deterministic,30,1.0,tcn,americas,20260930,baron,1.0713333333333332,0.07133333333333325,True
dense_regional_deterministic,30,1.0,tcn,americas,20260930,dragon,1.0073333333333334,0.007333333333333414,True
dense_regional_deterministic,30,1.0,tcn,americas,20260930,teamfight,1.0146666666666666,0.014666666666666606,True
dense_regional_deterministic,30,1.0,tcn,americas,20261001,baron,1.0366666666666666,0.036666666666666625,True
dense_regional_deterministic,30,1.0,tcn,americas,20261001,dragon,1.006,0.006000000000000005,True
dense_regional_deterministic,30,1.0,tcn,americas,20261002,baron,1.0706666666666667,0.07066666666666666,True
dense_regional_deterministic,30,1.0,tcn,americas,20261002,dragon,1.0153333333333334,0.015333333333333421,True
dense_regional_deterministic,30,1.0,tcn,americas,20261002,teamfight,1.012,0.01200000000000001,True
dense_regional_deterministic,30,0.25,snapshot,americas,20260930,dragon,0.25333333333333335,0.003333333333333355,False
dense_regional_deterministic,30,0.25,snapshot,americas,20260930,teamfight,0.272,0.02200000000000002,False
dense_regional_deterministic,30,0.25,snapshot,americas,20261001,teamfight,0.28733333333333333,0.03733333333333333,False
dense_regional_deterministic,30,0.25,snapshot,americas,20261002,dragon,0.26466666666666666,0.014666666666666661,False
dense_regional_deterministic,30,0.25,snapshot,americas,20261002,teamfight,0.2693333333333333,0.019333333333333313,False
dense_regional_deterministic,30,0.5,snapshot,americas,20260930,baron,0.5313333333333333,0.031333333333333324,False
dense_regional_deterministic,30,0.5,snapshot,americas,20260930,dragon,0.5233333333333333,0.023333333333333317,False
dense_regional_deterministic,30,0.5,snapshot,americas,20260930,teamfight,0.5266666666666666,0.026666666666666616,False
dense_regional_deterministic,30,0.5,snapshot,americas,20261001,baron,0.5046666666666667,0.004666666666666708,False
dense_regional_deterministic,30,0.5,snapshot,americas,20261001,dragon,0.5286666666666666,0.028666666666666618,False
dense_regional_deterministic,30,0.5,snapshot,americas,20261001,teamfight,0.53,0.030000000000000027,False
dense_regional_deterministic,30,0.5,snapshot,americas,20261002,dragon,0.5186666666666667,0.01866666666666672,False
dense_regional_deterministic,30,0.5,snapshot,americas,20261002,teamfight,0.5266666666666666,0.026666666666666616,False
dense_regional_deterministic,30,0.75,snapshot,americas,20260930,baron,0.8013333333333333,0.05133333333333334,False
dense_regional_deterministic,30,0.75,snapshot,americas,20260930,dragon,0.776,0.026000000000000023,False
dense_regional_deterministic,30,0.75,snapshot,americas,20260930,teamfight,0.7526666666666667,0.002666666666666706,False
dense_regional_deterministic,30,0.75,snapshot,americas,20261001,baron,0.7866666666666666,0.036666666666666625,False
dense_regional_deterministic,30,0.75,snapshot,americas,20261001,dragon,0.7533333333333333,0.0033333333333332993,False
dense_regional_deterministic,30,0.75,snapshot,americas,20261001,teamfight,0.7793333333333333,0.029333333333333322,False
dense_regional_deterministic,30,0.75,snapshot,americas,20261002,baron,0.7986666666666666,0.048666666666666636,False
dense_regional_deterministic,30,0.75,snapshot,americas,20261002,dragon,0.7826666666666666,0.03266666666666662,False
dense_regional_deterministic,30,0.75,snapshot,americas,20261002,teamfight,0.7893333333333333,0.03933333333333333,False
dense_regional_deterministic,30,1.0,snapshot,americas,20260930,baron,1.032,0.03200000000000003,True
dense_regional_deterministic,30,1.0,snapshot,americas,20260930,teamfight,1.01,0.010000000000000009,True
dense_regional_deterministic,30,1.0,snapshot,americas,20261001,baron,1.0386666666666666,0.03866666666666663,True
dense_regional_deterministic,30,1.0,snapshot,americas,20261001,dragon,1.0226666666666666,0.022666666666666613,True
dense_regional_deterministic,30,1.0,snapshot,americas,20261001,teamfight,1.0146666666666666,0.014666666666666606,True
dense_regional_deterministic,30,1.0,snapshot,americas,20261002,baron,1.0426666666666666,0.04266666666666663,True
dense_regional_deterministic,30,1.0,snapshot,americas,20261002,teamfight,1.0126666666666666,0.012666666666666604,True
dense_regional_deterministic,30,0.25,current_only,americas,20260930,baron,0.25466666666666665,0.004666666666666652,False
dense_regional_deterministic,30,0.25,current_only,americas,20260930,dragon,0.26666666666666666,0.016666666666666663,False
dense_regional_deterministic,30,0.25,current_only,americas,20260930,teamfight,0.284,0.033999999999999975,False
dense_regional_deterministic,30,0.25,current_only,americas,20261001,baron,0.25866666666666666,0.008666666666666656,False
dense_regional_deterministic,30,0.25,current_only,americas,20261001,dragon,0.25533333333333336,0.005333333333333357,False
dense_regional_deterministic,30,0.25,current_only,americas,20261001,teamfight,0.27666666666666667,0.026666666666666672,False
dense_regional_deterministic,30,0.25,current_only,americas,20261002,baron,0.25333333333333335,0.003333333333333355,False
dense_regional_deterministic,30,0.25,current_only,americas,20261002,dragon,0.256,0.006000000000000005,False
dense_regional_deterministic,30,0.25,current_only,americas,20261002,teamfight,0.2693333333333333,0.019333333333333313,False
dense_regional_deterministic,30,0.5,current_only,americas,20260930,baron,0.5046666666666667,0.004666666666666708,False
dense_regional_deterministic,30,0.5,current_only,americas,20260930,dragon,0.522,0.02200000000000002,False
dense_regional_deterministic,30,0.5,current_only,americas,20260930,teamfight,0.5233333333333333,0.023333333333333317,False
dense_regional_deterministic,30,0.5,current_only,americas,20261001,baron,0.53,0.030000000000000027,False
dense_regional_deterministic,30,0.5,current_only,americas,20261001,dragon,0.5053333333333333,0.005333333333333301,False
dense_regional_deterministic,30,0.5,current_only,americas,20261001,teamfight,0.5166666666666667,0.01666666666666672,False
dense_regional_deterministic,30,0.5,current_only,americas,20261002,baron,0.5226666666666666,0.022666666666666613,False
dense_regional_deterministic,30,0.5,current_only,americas,20261002,dragon,0.512,0.01200000000000001,False
dense_regional_deterministic,30,0.5,current_only,americas,20261002,teamfight,0.5313333333333333,0.031333333333333324,False
dense_regional_deterministic,30,0.75,current_only,americas,20260930,baron,0.7786666666666666,0.028666666666666618,False
dense_regional_deterministic,30,0.75,current_only,americas,20260930,teamfight,0.764,0.014000000000000012,False
dense_regional_deterministic,30,0.75,current_only,americas,20261001,baron,0.7773333333333333,0.02733333333333332,False
dense_regional_deterministic,30,0.75,current_only,americas,20261001,dragon,0.7606666666666667,0.010666666666666713,False
dense_regional_deterministic,30,0.75,current_only,americas,20261001,teamfight,0.766,0.016000000000000014,False
dense_regional_deterministic,30,0.75,current_only,americas,20261002,baron,0.79,0.040000000000000036,False
dense_regional_deterministic,30,0.75,current_only,americas,20261002,dragon,0.7553333333333333,0.005333333333333301,False
dense_regional_deterministic,30,0.75,current_only,americas,20261002,teamfight,0.776,0.026000000000000023,False
dense_regional_deterministic,30,1.0,current_only,americas,20260930,baron,1.0226666666666666,0.022666666666666613,True
dense_regional_deterministic,30,1.0,current_only,americas,20260930,dragon,1.04,0.040000000000000036,True
dense_regional_deterministic,30,1.0,current_only,americas,20260930,teamfight,1.034,0.03400000000000003,True
dense_regional_deterministic,30,1.0,current_only,americas,20261001,baron,1.0233333333333334,0.023333333333333428,True
dense_regional_deterministic,30,1.0,current_only,americas,20261001,dragon,1.0113333333333334,0.011333333333333417,True
dense_regional_deterministic,30,1.0,current_only,americas,20261001,teamfight,1.0066666666666666,0.006666666666666599,True
dense_regional_deterministic,30,1.0,current_only,americas,20261002,baron,1.0473333333333332,0.04733333333333323,True
dense_regional_deterministic,30,1.0,current_only,americas,20261002,dragon,1.024,0.02400000000000002,True
dense_regional_deterministic,30,1.0,current_only,americas,20261002,teamfight,1.012,0.01200000000000001,True
dense_regional_deterministic,30,0.25,independent,americas,20260930,teamfight,0.25266666666666665,0.0026666666666666505,False
dense_regional_deterministic,30,0.25,independent,americas,20261002,dragon,0.2613333333333333,0.011333333333333306,False
dense_regional_deterministic,30,0.5,independent,americas,20260930,dragon,0.5273333333333333,0.02733333333333332,False
dense_regional_deterministic,30,0.5,independent,americas,20260930,teamfight,0.516,0.016000000000000014,False
dense_regional_deterministic,30,0.5,independent,americas,20261001,dragon,0.5313333333333333,0.031333333333333324,False
dense_regional_deterministic,30,0.5,independent,americas,20261002,dragon,0.5033333333333333,0.0033333333333332993,False
dense_regional_deterministic,30,0.75,independent,americas,20260930,baron,0.7506666666666667,0.0006666666666667043,False
dense_regional_deterministic,30,0.75,independent,americas,20260930,dragon,0.7666666666666667,0.01666666666666672,False
dense_regional_deterministic,30,0.75,independent,americas,20260930,teamfight,0.764,0.014000000000000012,False
dense_regional_deterministic,30,0.75,independent,americas,20261001,dragon,0.7706666666666667,0.020666666666666722,False
dense_regional_deterministic,30,0.75,independent,americas,20261002,dragon,0.756,0.006000000000000005,False
dense_regional_deterministic,30,1.0,independent,americas,20260930,baron,1.008,0.008000000000000007,True
dense_regional_deterministic,30,1.0,independent,americas,20260930,dragon,1.0086666666666666,0.0086666666666666,True
dense_regional_deterministic,30,1.0,independent,americas,20260930,teamfight,1.0133333333333334,0.01333333333333342,True
dense_regional_deterministic,30,1.0,independent,americas,20261001,baron,1.0266666666666666,0.026666666666666616,True
dense_regional_deterministic,30,1.0,independent,americas,20261001,dragon,1.0073333333333334,0.007333333333333414,True
dense_regional_deterministic,30,1.0,independent,americas,20261002,dragon,1.0346666666666666,0.03466666666666662,True
dense_regional_deterministic,30,1.0,independent,americas,20261002,teamfight,1.0106666666666666,0.010666666666666602,True
dense_regional_deterministic,30,0.25,pcgrad,americas,20260930,dragon,0.266,0.016000000000000014,False
dense_regional_deterministic,30,0.25,pcgrad,americas,20260930,teamfight,0.25333333333333335,0.003333333333333355,False
dense_regional_deterministic,30,0.25,pcgrad,americas,20261001,dragon,0.25133333333333335,0.001333333333333353,False
dense_regional_deterministic,30,0.25,pcgrad,americas,20261002,baron,0.2693333333333333,0.019333333333333313,False
dense_regional_deterministic,30,0.25,pcgrad,americas,20261002,teamfight,0.25066666666666665,0.0006666666666666488,False
dense_regional_deterministic,30,0.5,pcgrad,americas,20260930,baron,0.506,0.006000000000000005,False
dense_regional_deterministic,30,0.5,pcgrad,americas,20260930,dragon,0.5306666666666666,0.03066666666666662,False
dense_regional_deterministic,30,0.5,pcgrad,americas,20261001,dragon,0.5113333333333333,0.011333333333333306,False
dense_regional_deterministic,30,0.5,pcgrad,americas,20261002,baron,0.5293333333333333,0.029333333333333322,False
dense_regional_deterministic,30,0.5,pcgrad,americas,20261002,dragon,0.5133333333333333,0.013333333333333308,False
dense_regional_deterministic,30,0.75,pcgrad,americas,20260930,baron,0.7693333333333333,0.019333333333333313,False
dense_regional_deterministic,30,0.75,pcgrad,americas,20260930,dragon,0.7826666666666666,0.03266666666666662,False
dense_regional_deterministic,30,0.75,pcgrad,americas,20261002,baron,0.7746666666666666,0.024666666666666615,False
dense_regional_deterministic,30,1.0,pcgrad,americas,20260930,baron,1.018,0.018000000000000016,True
dense_regional_deterministic,30,1.0,pcgrad,americas,20260930,dragon,1.0126666666666666,0.012666666666666604,True
dense_regional_deterministic,30,1.0,pcgrad,americas,20260930,teamfight,1.0466666666666666,0.046666666666666634,True
dense_regional_deterministic,30,1.0,pcgrad,americas,20261001,baron,1.0506666666666666,0.05066666666666664,True
dense_regional_deterministic,30,1.0,pcgrad,americas,20261002,baron,1.022,0.02200000000000002,True
dense_regional_deterministic,30,1.0,pcgrad,americas,20261002,dragon,1.0193333333333334,0.019333333333333425,True
dense_regional_deterministic,30,0.25,timely_leagueews,americas,20260930,baron,0.25266666666666665,0.0026666666666666505,False
dense_regional_deterministic,30,0.25,timely_leagueews,americas,20260930,dragon,0.2733333333333333,0.023333333333333317,False
dense_regional_deterministic,30,0.25,timely_leagueews,americas,20261001,baron,0.2653333333333333,0.01533333333333331,False
dense_regional_deterministic,30,0.25,timely_leagueews,americas,20261001,dragon,0.274,0.02400000000000002,False
dense_regional_deterministic,30,0.25,timely_leagueews,americas,20261002,dragon,0.27266666666666667,0.02266666666666667,False
dense_regional_deterministic,30,0.5,timely_leagueews,americas,20260930,baron,0.5013333333333333,0.0013333333333332975,False
dense_regional_deterministic,30,0.5,timely_leagueews,americas,20261001,baron,0.532,0.03200000000000003,False
dense_regional_deterministic,30,0.5,timely_leagueews,americas,20261001,dragon,0.512,0.01200000000000001,False
dense_regional_deterministic,30,0.75,timely_leagueews,americas,20260930,baron,0.7826666666666666,0.03266666666666662,False
dense_regional_deterministic,30,0.75,timely_leagueews,americas,20261001,baron,0.7806666666666666,0.03066666666666662,False
dense_regional_deterministic,30,0.75,timely_leagueews,americas,20261001,teamfight,0.7513333333333333,0.0013333333333332975,False
dense_regional_deterministic,30,0.75,timely_leagueews,americas,20261002,baron,0.762,0.01200000000000001,False
dense_regional_deterministic,30,1.0,timely_leagueews,americas,20260930,baron,1.0573333333333332,0.057333333333333236,True
dense_regional_deterministic,30,1.0,timely_leagueews,americas,20260930,teamfight,1.012,0.01200000000000001,True
dense_regional_deterministic,30,1.0,timely_leagueews,americas,20261001,baron,1.014,0.014000000000000012,True
dense_regional_deterministic,30,1.0,timely_leagueews,americas,20261002,baron,1.0226666666666666,0.022666666666666613,True
dense_regional_deterministic,30,0.25,timely_tcn,americas,20260930,baron,0.26666666666666666,0.016666666666666663,False
dense_regional_deterministic,30,0.25,timely_tcn,americas,20261001,baron,0.25133333333333335,0.001333333333333353,False
dense_regional_deterministic,30,0.25,timely_tcn,americas,20261001,dragon,0.25466666666666665,0.004666666666666652,False
dense_regional_deterministic,30,0.25,timely_tcn,americas,20261001,teamfight,0.282,0.03199999999999997,False
dense_regional_deterministic,30,0.25,timely_tcn,americas,20261002,baron,0.25533333333333336,0.005333333333333357,False
dense_regional_deterministic,30,0.25,timely_tcn,americas,20261002,teamfight,0.262,0.01200000000000001,False
dense_regional_deterministic,30,0.5,timely_tcn,americas,20260930,baron,0.5353333333333333,0.03533333333333333,False
dense_regional_deterministic,30,0.5,timely_tcn,americas,20261001,baron,0.51,0.010000000000000009,False
dense_regional_deterministic,30,0.5,timely_tcn,americas,20261001,dragon,0.5313333333333333,0.031333333333333324,False
dense_regional_deterministic,30,0.5,timely_tcn,americas,20261002,baron,0.53,0.030000000000000027,False
dense_regional_deterministic,30,0.75,timely_tcn,americas,20260930,baron,0.802,0.052000000000000046,False
dense_regional_deterministic,30,0.75,timely_tcn,americas,20261001,baron,0.758,0.008000000000000007,False
dense_regional_deterministic,30,0.75,timely_tcn,americas,20261001,dragon,0.7513333333333333,0.0013333333333332975,False
dense_regional_deterministic,30,0.75,timely_tcn,americas,20261002,baron,0.78,0.030000000000000027,False
dense_regional_deterministic,30,1.0,timely_tcn,americas,20260930,baron,1.028,0.028000000000000025,True
dense_regional_deterministic,30,1.0,timely_tcn,americas,20261001,baron,1.0153333333333334,0.015333333333333421,True
dense_regional_deterministic,30,1.0,timely_tcn,americas,20261002,baron,1.0486666666666666,0.048666666666666636,True
dense_regional_deterministic,30,0.25,timely_current_only,americas,20260930,teamfight,0.2693333333333333,0.019333333333333313,False
dense_regional_deterministic,30,0.25,timely_current_only,americas,20261001,baron,0.26066666666666666,0.010666666666666658,False
dense_regional_deterministic,30,0.25,timely_current_only,americas,20261001,teamfight,0.2793333333333333,0.029333333333333322,False
dense_regional_deterministic,30,0.25,timely_current_only,americas,20261002,baron,0.254,0.0040000000000000036,False
dense_regional_deterministic,30,0.25,timely_current_only,americas,20261002,teamfight,0.2653333333333333,0.01533333333333331,False
dense_regional_deterministic,30,0.5,timely_current_only,americas,20260930,baron,0.524,0.02400000000000002,False
dense_regional_deterministic,30,0.5,timely_current_only,americas,20260930,dragon,0.5106666666666667,0.010666666666666713,False
dense_regional_deterministic,30,0.5,timely_current_only,americas,20260930,teamfight,0.5226666666666666,0.022666666666666613,False
dense_regional_deterministic,30,0.5,timely_current_only,americas,20261001,baron,0.524,0.02400000000000002,False
dense_regional_deterministic,30,0.5,timely_current_only,americas,20261001,teamfight,0.542,0.04200000000000004,False
dense_regional_deterministic,30,0.5,timely_current_only,americas,20261002,baron,0.5246666666666666,0.024666666666666615,False
dense_regional_deterministic,30,0.5,timely_current_only,americas,20261002,dragon,0.5013333333333333,0.0013333333333332975,False
dense_regional_deterministic,30,0.5,timely_current_only,americas,20261002,teamfight,0.5086666666666667,0.008666666666666711,False
dense_regional_deterministic,30,0.75,timely_current_only,americas,20260930,baron,0.7926666666666666,0.04266666666666663,False
dense_regional_deterministic,30,0.75,timely_current_only,americas,20260930,teamfight,0.766,0.016000000000000014,False
dense_regional_deterministic,30,0.75,timely_current_only,americas,20261001,baron,0.7853333333333333,0.03533333333333333,False
dense_regional_deterministic,30,0.75,timely_current_only,americas,20261002,baron,0.784,0.03400000000000003,False
dense_regional_deterministic,30,0.75,timely_current_only,americas,20261002,teamfight,0.7586666666666667,0.008666666666666711,False
dense_regional_deterministic,30,1.0,timely_current_only,americas,20260930,baron,1.0673333333333332,0.06733333333333325,True
dense_regional_deterministic,30,1.0,timely_current_only,americas,20261001,baron,1.024,0.02400000000000002,True
dense_regional_deterministic,30,1.0,timely_current_only,americas,20261002,baron,1.042,0.04200000000000004,True
dense_regional_deterministic,30,0.25,timely_clock_only,americas,20260930,teamfight,0.254,0.0040000000000000036,False
dense_regional_deterministic,30,0.25,timely_clock_only,americas,20261001,dragon,0.2613333333333333,0.011333333333333306,False
dense_regional_deterministic,30,0.25,timely_clock_only,americas,20261001,teamfight,0.274,0.02400000000000002,False
dense_regional_deterministic,30,0.25,timely_clock_only,americas,20261002,baron,0.266,0.016000000000000014,False
dense_regional_deterministic,30,0.25,timely_clock_only,americas,20261002,teamfight,0.25333333333333335,0.003333333333333355,False
dense_regional_deterministic,30,0.5,timely_clock_only,americas,20260930,teamfight,0.5073333333333333,0.007333333333333303,False
dense_regional_deterministic,30,0.5,timely_clock_only,americas,20261001,baron,0.5206666666666667,0.020666666666666722,False
dense_regional_deterministic,30,0.5,timely_clock_only,americas,20261001,teamfight,0.5173333333333333,0.01733333333333331,False
dense_regional_deterministic,30,0.5,timely_clock_only,americas,20261002,baron,0.5166666666666667,0.01666666666666672,False
dense_regional_deterministic,30,0.5,timely_clock_only,americas,20261002,dragon,0.5326666666666666,0.03266666666666662,False
dense_regional_deterministic,30,0.5,timely_clock_only,americas,20261002,teamfight,0.5353333333333333,0.03533333333333333,False
dense_regional_deterministic,30,0.75,timely_clock_only,americas,20260930,dragon,0.7533333333333333,0.0033333333333332993,False
dense_regional_deterministic,30,0.75,timely_clock_only,americas,20261001,baron,0.7713333333333333,0.021333333333333315,False
dense_regional_deterministic,30,0.75,timely_clock_only,americas,20261001,dragon,0.772,0.02200000000000002,False
dense_regional_deterministic,30,0.75,timely_clock_only,americas,20261002,baron,0.7633333333333333,0.013333333333333308,False
dense_regional_deterministic,30,0.75,timely_clock_only,americas,20261002,teamfight,0.758,0.008000000000000007,False
dense_regional_deterministic,30,1.0,timely_clock_only,americas,20260930,dragon,1.0026666666666666,0.002666666666666595,True
dense_regional_deterministic,30,1.0,timely_clock_only,americas,20261001,baron,1.0406666666666666,0.04066666666666663,True
dense_regional_deterministic,30,1.0,timely_clock_only,americas,20261001,dragon,1.008,0.008000000000000007,True
dense_regional_deterministic,30,0.25,timely_clock_history,americas,20260930,baron,0.25266666666666665,0.0026666666666666505,False
dense_regional_deterministic,30,0.25,timely_clock_history,americas,20260930,teamfight,0.2753333333333333,0.02533333333333332,False
dense_regional_deterministic,30,0.25,timely_clock_history,americas,20261001,teamfight,0.2673333333333333,0.01733333333333331,False
dense_regional_deterministic,30,0.25,timely_clock_history,americas,20261002,baron,0.256,0.006000000000000005,False
dense_regional_deterministic,30,0.25,timely_clock_history,americas,20261002,teamfight,0.26266666666666666,0.01266666666666666,False
dense_regional_deterministic,30,0.5,timely_clock_history,americas,20260930,baron,0.5266666666666666,0.026666666666666616,False
dense_regional_deterministic,30,0.5,timely_clock_history,americas,20260930,teamfight,0.5146666666666667,0.014666666666666717,False
dense_regional_deterministic,30,0.5,timely_clock_history,americas,20261001,baron,0.52,0.020000000000000018,False
dense_regional_deterministic,30,0.5,timely_clock_history,americas,20261001,teamfight,0.5106666666666667,0.010666666666666713,False
dense_regional_deterministic,30,0.5,timely_clock_history,americas,20261002,baron,0.534,0.03400000000000003,False
dense_regional_deterministic,30,0.5,timely_clock_history,americas,20261002,teamfight,0.5313333333333333,0.031333333333333324,False
dense_regional_deterministic,30,0.75,timely_clock_history,americas,20260930,baron,0.794,0.04400000000000004,False
dense_regional_deterministic,30,0.75,timely_clock_history,americas,20260930,dragon,0.7513333333333333,0.0013333333333332975,False
dense_regional_deterministic,30,0.75,timely_clock_history,americas,20261001,baron,0.77,0.020000000000000018,False
dense_regional_deterministic,30,0.75,timely_clock_history,americas,20261001,dragon,0.756,0.006000000000000005,False
dense_regional_deterministic,30,0.75,timely_clock_history,americas,20261002,baron,0.752,0.0020000000000000018,False
dense_regional_deterministic,30,0.75,timely_clock_history,americas,20261002,dragon,0.7553333333333333,0.005333333333333301,False
dense_regional_deterministic,30,1.0,timely_clock_history,americas,20260930,baron,1.058,0.05800000000000005,True
dense_regional_deterministic,30,1.0,timely_clock_history,americas,20260930,dragon,1.0286666666666666,0.028666666666666618,True
dense_regional_deterministic,30,1.0,timely_clock_history,americas,20261001,baron,1.0386666666666666,0.03866666666666663,True
dense_regional_deterministic,30,1.0,timely_clock_history,americas,20261001,dragon,1.024,0.02400000000000002,True
dense_regional_deterministic,30,1.0,timely_clock_history,americas,20261002,baron,1.0466666666666666,0.046666666666666634,True
dense_regional_deterministic,30,1.0,timely_clock_history,americas,20261002,dragon,1.0173333333333334,0.017333333333333423,True
deterministic,60,0.5,leagueews,americas,20261002,baron,0.5353333333333333,0.03533333333333333,False
deterministic,60,1.0,gru,americas,20261001,baron,1.004,0.0040000000000000036,True
deterministic,60,0.5,tcn,americas,20261002,baron,0.5046666666666667,0.004666666666666708,False
deterministic,60,1.0,tcn,americas,20261002,baron,1.034,0.03400000000000003,True
deterministic,60,0.25,snapshot,americas,20260930,baron,0.25133333333333335,0.001333333333333353,False
deterministic,60,0.5,snapshot,americas,20261001,teamfight,0.5293333333333333,0.029333333333333322,False
deterministic,60,0.5,snapshot,americas,20261002,dragon,0.5466666666666666,0.046666666666666634,False
deterministic,60,0.75,snapshot,americas,20261001,baron,0.7666666666666667,0.01666666666666672,False
deterministic,60,0.75,current_only,americas,20261001,baron,0.766,0.016000000000000014,False
deterministic,60,1.0,current_only,americas,20260930,baron,1.0193333333333334,0.019333333333333425,True
deterministic,60,0.25,pcgrad,americas,20261002,baron,0.2633333333333333,0.013333333333333308,False
deterministic,60,0.75,pcgrad,americas,20261002,baron,0.754,0.0040000000000000036,False
deterministic,60,1.0,pcgrad,americas,20261001,baron,1.0026666666666666,0.002666666666666595,True
deterministic,60,1.0,timely_tcn,americas,20260930,baron,1.03,0.030000000000000027,True
deterministic,60,0.75,timely_current_only,americas,20261002,baron,0.7566666666666667,0.00666666666666671,False
deterministic,60,1.0,timely_current_only,americas,20260930,baron,1.0546666666666666,0.05466666666666664,True
deterministic,60,0.5,timely_clock_history,americas,20261001,baron,0.508,0.008000000000000007,False
deterministic,60,1.0,timely_clock_history,americas,20260930,baron,1.0373333333333334,0.03733333333333344,True
regional_deterministic,60,0.5,leagueews,americas,20261002,baron,0.5353333333333333,0.03533333333333333,False
regional_deterministic,60,1.0,gru,americas,20261001,baron,1.004,0.0040000000000000036,True
regional_deterministic,60,0.5,tcn,americas,20261002,baron,0.5046666666666667,0.004666666666666708,False
regional_deterministic,60,1.0,tcn,americas,20261002,baron,1.034,0.03400000000000003,True
regional_deterministic,60,0.25,snapshot,americas,20260930,baron,0.25133333333333335,0.001333333333333353,False
regional_deterministic,60,0.5,snapshot,americas,20261001,teamfight,0.5293333333333333,0.029333333333333322,False
regional_deterministic,60,0.5,snapshot,americas,20261002,dragon,0.5466666666666666,0.046666666666666634,False
regional_deterministic,60,0.75,snapshot,americas,20261001,baron,0.7666666666666667,0.01666666666666672,False
regional_deterministic,60,0.75,snapshot,americas,20261002,teamfight,0.8126666666666666,0.06266666666666665,False
regional_deterministic,60,0.25,current_only,americas,20261001,teamfight,0.274,0.02400000000000002,False
regional_deterministic,60,0.75,current_only,americas,20261001,baron,0.766,0.016000000000000014,False
regional_deterministic,60,1.0,current_only,americas,20260930,baron,1.0193333333333334,0.019333333333333425,True
regional_deterministic,60,0.75,independent,americas,20260930,teamfight,0.7833333333333333,0.033333333333333326,False
regional_deterministic,60,0.25,pcgrad,americas,20261002,baron,0.2633333333333333,0.013333333333333308,False
regional_deterministic,60,0.75,pcgrad,americas,20261002,baron,0.754,0.0040000000000000036,False
regional_deterministic,60,1.0,pcgrad,americas,20261001,baron,1.0026666666666666,0.002666666666666595,True
regional_deterministic,60,1.0,timely_tcn,americas,20260930,baron,1.03,0.030000000000000027,True
regional_deterministic,60,0.75,timely_current_only,americas,20261002,baron,0.7566666666666667,0.00666666666666671,False
regional_deterministic,60,1.0,timely_current_only,americas,20260930,baron,1.0546666666666666,0.05466666666666664,True
regional_deterministic,60,0.5,timely_clock_history,americas,20261001,baron,0.508,0.008000000000000007,False
regional_deterministic,60,1.0,timely_clock_history,americas,20260930,baron,1.0373333333333334,0.03733333333333344,True
matched_early_mixture,60,0.25,leagueews,americas,20260930,baron,0.2591352009744214,0.009135200974421387,False
matched_early_mixture,60,0.25,leagueews,americas,20260930,dragon,0.2532310177705973,0.003231017770597311,False
matched_early_mixture,60,0.25,leagueews,americas,20260930,teamfight,0.2599164926931107,0.009916492693110679,False
matched_early_mixture,60,0.25,leagueews,americas,20261001,baron,0.2564102564102551,0.006410256410255111,False
matched_early_mixture,60,0.25,leagueews,americas,20261001,dragon,0.2513069454817029,0.0013069454817029036,False
matched_early_mixture,60,0.25,leagueews,americas,20261001,teamfight,0.25741525423728695,0.00741525423728695,False
matched_early_mixture,60,0.25,leagueews,americas,20261002,baron,0.271283783783783,0.021283783783782984,False
matched_early_mixture,60,0.25,leagueews,americas,20261002,teamfight,0.25396688513280485,0.003966885132804854,False
matched_early_mixture,60,0.5,leagueews,americas,20260930,baron,0.5182704019488428,0.018270401948842774,False
matched_early_mixture,60,0.5,leagueews,americas,20260930,dragon,0.5064620355411946,0.006462035541194622,False
matched_early_mixture,60,0.5,leagueews,americas,20260930,teamfight,0.5198329853862216,0.01983298538622158,False
matched_early_mixture,60,0.5,leagueews,americas,20261001,baron,0.5128205128205102,0.012820512820510221,False
matched_early_mixture,60,0.5,leagueews,americas,20261001,dragon,0.5026138909634056,0.002613890963405585,False
matched_early_mixture,60,0.5,leagueews,americas,20261001,teamfight,0.5148305084745739,0.0148305084745739,False
matched_early_mixture,60,0.5,leagueews,americas,20261002,baron,0.5415006242197251,0.04150062421972511,False
matched_early_mixture,60,0.5,leagueews,americas,20261002,teamfight,0.5079337702656097,0.007933770265609708,False
matched_early_mixture,60,0.75,leagueews,americas,20260930,baron,0.773892757102842,0.023892757102842,False
matched_early_mixture,60,0.75,leagueews,americas,20260930,dragon,0.7596930533117918,0.009693053311791822,False
matched_early_mixture,60,0.75,leagueews,americas,20260930,teamfight,0.7797494780793304,0.02974947807933037,False
matched_early_mixture,60,0.75,leagueews,americas,20261001,baron,0.7692307692307648,0.019230769230764833,False
matched_early_mixture,60,0.75,leagueews,americas,20261001,dragon,0.7539208364451081,0.0039208364451081,False
matched_early_mixture,60,0.75,leagueews,americas,20261001,teamfight,0.7722457627118656,0.022245762711865624,False
matched_early_mixture,60,0.75,leagueews,americas,20261002,baron,0.781735797399042,0.031735797399041976,False
matched_early_mixture,60,0.75,leagueews,americas,20261002,teamfight,0.7619006553984093,0.011900655398409343,False
matched_early_mixture,60,1.0,leagueews,americas,20260930,baron,1.0286946778711474,0.028694677871147434,True
matched_early_mixture,60,1.0,leagueews,americas,20260930,dragon,1.0129240710823892,0.012924071082389244,True
matched_early_mixture,60,1.0,leagueews,americas,20260930,teamfight,1.0396659707724432,0.03966597077244316,True
matched_early_mixture,60,1.0,leagueews,americas,20261001,baron,1.0226348733234003,0.022634873323400306,True
matched_early_mixture,60,1.0,leagueews,americas,20261001,dragon,1.0052277819268112,0.00522778192681117,True
matched_early_mixture,60,1.0,leagueews,americas,20261001,teamfight,1.0279999999999954,0.027999999999995362,True
matched_early_mixture,60,1.0,leagueews,americas,20261002,baron,1.041489390828198,0.041489390828197914,True
matched_early_mixture,60,1.0,leagueews,americas,20261002,teamfight,1.0158675405312194,0.015867540531219415,True
matched_early_mixture,60,0.25,gru,americas,20260930,baron,0.2560844667143891,0.006084466714389114,False
matched_early_mixture,60,0.25,gru,americas,20260930,dragon,0.2595115919629063,0.009511591962906296,False
matched_early_mixture,60,0.25,gru,americas,20261001,baron,0.2591190640055072,0.009119064005507216,False
matched_early_mixture,60,0.25,gru,americas,20261001,dragon,0.25962398373983747,0.009623983739837472,False
matched_early_mixture,60,0.25,gru,americas,20261002,dragon,0.26075715236194213,0.010757152361942135,False
matched_early_mixture,60,0.5,gru,americas,20260930,baron,0.5121689334287782,0.012168933428778228,False
matched_early_mixture,60,0.5,gru,americas,20260930,dragon,0.5299907264296781,0.02999072642967815,False
matched_early_mixture,60,0.5,gru,americas,20261001,baron,0.5182381280110144,0.01823812801101443,False
matched_early_mixture,60,0.5,gru,americas,20261001,dragon,0.5145782520325216,0.01457825203252161,False
matched_early_mixture,60,0.5,gru,americas,20261002,baron,0.5060770370370371,0.006077037037037103,False
matched_early_mixture,60,0.5,gru,americas,20261002,dragon,0.5124285204991069,0.012428520499106921,False
matched_early_mixture,60,0.75,gru,americas,20260930,baron,0.7682534001431646,0.018253400143164566,False
matched_early_mixture,60,0.75,gru,americas,20260930,dragon,0.7822062146892649,0.03220621468926488,False
matched_early_mixture,60,0.75,gru,americas,20261001,baron,0.7773571920165167,0.02735719201651665,False
matched_early_mixture,60,0.75,gru,americas,20261001,dragon,0.7666666666666668,0.01666666666666683,False
matched_early_mixture,60,0.75,gru,americas,20261002,baron,0.7775585185185164,0.02755851851851643,False
matched_early_mixture,60,0.75,gru,americas,20261002,dragon,0.7568135472370736,0.006813547237073614,False
matched_early_mixture,60,1.0,gru,americas,20260930,baron,1.0257844222960455,0.025784422296045495,True
matched_early_mixture,60,1.0,gru,americas,20260930,dragon,1.0316765536723138,0.03167655367231381,True
matched_early_mixture,60,1.0,gru,americas,20261001,baron,1.036157894736846,0.03615789473684594,True
matched_early_mixture,60,1.0,gru,americas,20261001,dragon,1.012356321839082,0.012356321839082085,True
matched_early_mixture,60,1.0,gru,americas,20261002,baron,1.0241799533799583,0.024179953379958263,True
matched_early_mixture,60,1.0,gru,americas,20261002,dragon,1.0011318734793206,0.0011318734793206442,True
matched_early_mixture,60,0.25,tcn,americas,20260930,baron,0.26574427480916146,0.015744274809161463,False
matched_early_mixture,60,0.25,tcn,americas,20260930,dragon,0.25327510917030577,0.0032751091703057678,False
matched_early_mixture,60,0.25,tcn,americas,20260930,teamfight,0.2602519039250144,0.010251903925014405,False
matched_early_mixture,60,0.25,tcn,americas,20261001,baron,0.25847989949748745,0.008479899497487453,False
matched_early_mixture,60,0.25,tcn,americas,20261001,dragon,0.25198788337750866,0.001987883377508659,False
matched_early_mixture,60,0.25,tcn,americas,20261001,teamfight,0.25600413650465376,0.0060041365046537565,False
matched_early_mixture,60,0.25,tcn,americas,20261002,baron,0.2641874462596745,0.014187446259674497,False
matched_early_mixture,60,0.25,tcn,americas,20261002,dragon,0.25294888597640963,0.002948885976409632,False
matched_early_mixture,60,0.25,tcn,americas,20261002,teamfight,0.2584218455743884,0.008421845574388409,False
matched_early_mixture,60,0.5,tcn,americas,20260930,baron,0.5314885496183229,0.031488549618322925,False
matched_early_mixture,60,0.5,tcn,americas,20260930,dragon,0.5065502183406115,0.0065502183406115355,False
matched_early_mixture,60,0.5,tcn,americas,20260930,teamfight,0.5205038078500289,0.02050380785002892,False
matched_early_mixture,60,0.5,tcn,americas,20261001,baron,0.5169597989949749,0.016959798994974906,False
matched_early_mixture,60,0.5,tcn,americas,20261001,dragon,0.5039757667550168,0.003975766755016763,False
matched_early_mixture,60,0.5,tcn,americas,20261001,teamfight,0.5135015511892437,0.013501551189243677,False
matched_early_mixture,60,0.5,tcn,americas,20261002,baron,0.528374892519349,0.028374892519348993,False
matched_early_mixture,60,0.5,tcn,americas,20261002,dragon,0.5058977719528193,0.005897771952819264,False
matched_early_mixture,60,0.5,tcn,americas,20261002,teamfight,0.5183088512241049,0.01830885122410486,False
matched_early_mixture,60,0.75,tcn,americas,20260930,baron,0.7976805031446517,0.047680503144651665,False
matched_early_mixture,60,0.75,tcn,americas,20260930,dragon,0.759825327510917,0.009825327510917026,False
matched_early_mixture,60,0.75,tcn,americas,20260930,teamfight,0.7807557117750423,0.030755711775042327,False
matched_early_mixture,60,0.75,tcn,americas,20261001,baron,0.769823977823981,0.019823977823981043,False
matched_early_mixture,60,0.75,tcn,americas,20261001,dragon,0.7559636501325252,0.0059636501325252,False
matched_early_mixture,60,0.75,tcn,americas,20261001,teamfight,0.7699822639540944,0.019982263954094415,False
matched_early_mixture,60,0.75,tcn,americas,20261002,baron,0.7925623387790238,0.04256233877902382,False
matched_early_mixture,60,0.75,tcn,americas,20261002,dragon,0.7588466579292253,0.008846657929225343,False
matched_early_mixture,60,0.75,tcn,americas,20261002,teamfight,0.7781958568738224,0.028195856873822422,False
matched_early_mixture,60,1.0,tcn,americas,20260930,baron,1.0566666666666635,0.056666666666663534,True
matched_early_mixture,60,1.0,tcn,americas,20260930,dragon,1.013100436681223,0.013100436681223071,True
matched_early_mixture,60,1.0,tcn,americas,20260930,teamfight,1.0410076157000578,0.04100761570005784,True
matched_early_mixture,60,1.0,tcn,americas,20261001,baron,1.0310505394662117,0.031050539466211724,True
matched_early_mixture,60,1.0,tcn,americas,20261001,dragon,1.0079515335100335,0.007951533510033526,True
matched_early_mixture,60,1.0,tcn,americas,20261001,teamfight,1.0249379238393288,0.0249379238393288,True
matched_early_mixture,60,1.0,tcn,americas,20261002,baron,1.0560813512581841,0.05608135125818414,True
matched_early_mixture,60,1.0,tcn,americas,20261002,dragon,1.0117955439056385,0.011795543905638528,True
matched_early_mixture,60,1.0,tcn,americas,20261002,teamfight,1.0380828625235432,0.038082862523543204,True
matched_early_mixture,60,0.25,snapshot,americas,20260930,baron,0.26365409622886904,0.01365409622886904,False
matched_early_mixture,60,0.25,snapshot,americas,20260930,dragon,0.25287926926131826,0.0028792692613182624,False
matched_early_mixture,60,0.25,snapshot,americas,20260930,teamfight,0.27448262108262117,0.02448262108262117,False
matched_early_mixture,60,0.25,snapshot,americas,20261001,baron,0.2654474431818182,0.015447443181818177,False
matched_early_mixture,60,0.25,snapshot,americas,20261001,dragon,0.2522531749283085,0.00225317492830851,False
matched_early_mixture,60,0.25,snapshot,americas,20261001,teamfight,0.26899829931972824,0.01899829931972824,False
matched_early_mixture,60,0.25,snapshot,americas,20261002,baron,0.25521958243340587,0.005219582433405867,False
matched_early_mixture,60,0.25,snapshot,americas,20261002,dragon,0.2534189805221721,0.0034189805221720992,False
matched_early_mixture,60,0.25,snapshot,americas,20261002,teamfight,0.29909190672153546,0.04909190672153546,False
matched_early_mixture,60,0.5,snapshot,americas,20260930,baron,0.5273081924577377,0.027308192457737746,False
matched_early_mixture,60,0.5,snapshot,americas,20260930,dragon,0.5057585385226365,0.005758538522636525,False
matched_early_mixture,60,0.5,snapshot,americas,20260930,teamfight,0.5464911680911664,0.04649116809116638,False
matched_early_mixture,60,0.5,snapshot,americas,20261001,baron,0.5308948863636364,0.030894886363636354,False
matched_early_mixture,60,0.5,snapshot,americas,20261001,dragon,0.504506349856617,0.00450634985661702,False
matched_early_mixture,60,0.5,snapshot,americas,20261001,teamfight,0.5387687074829922,0.038768707482992215,False
matched_early_mixture,60,0.5,snapshot,americas,20261002,baron,0.5104391648668117,0.010439164866811734,False
matched_early_mixture,60,0.5,snapshot,americas,20261002,dragon,0.5068379610443442,0.0068379610443441985,False
matched_early_mixture,60,0.5,snapshot,americas,20261002,teamfight,0.5604087791495211,0.06040877914952114,False
matched_early_mixture,60,0.75,snapshot,americas,20260930,baron,0.7909622886866051,0.04096228868660512,False
matched_early_mixture,60,0.75,snapshot,americas,20260930,dragon,0.7586378077839563,0.008637807783956286,False
matched_early_mixture,60,0.75,snapshot,americas,20260930,teamfight,0.8184997150997131,0.06849971509971309,False
matched_early_mixture,60,0.75,snapshot,americas,20261001,baron,0.7963423295454531,0.04634232954545314,False
matched_early_mixture,60,0.75,snapshot,americas,20261001,dragon,0.7567595247849219,0.006759524784921922,False
matched_early_mixture,60,0.75,snapshot,americas,20261001,teamfight,0.8085391156462567,0.05853911564625669,False
matched_early_mixture,60,0.75,snapshot,americas,20261002,baron,0.7656587473002194,0.015658747300219433,False
matched_early_mixture,60,0.75,snapshot,americas,20261002,dragon,0.7602569415665144,0.010256941566514355,False
matched_early_mixture,60,0.75,snapshot,americas,20261002,teamfight,0.8210728405090705,0.07107284050907048,False
matched_early_mixture,60,1.0,snapshot,americas,20260930,baron,1.0546163849154755,0.05461638491547549,True
matched_early_mixture,60,1.0,snapshot,americas,20260930,dragon,1.011517077045273,0.01151707704527305,True
matched_early_mixture,60,1.0,snapshot,americas,20260930,teamfight,1.0675307324663783,0.06753073246637831,True
matched_early_mixture,60,1.0,snapshot,americas,20261001,baron,1.0606749740394619,0.06067497403946187,True
matched_early_mixture,60,1.0,snapshot,americas,20261001,dragon,1.009012699713234,0.00901269971323404,True
matched_early_mixture,60,1.0,snapshot,americas,20261001,teamfight,1.0783095238095226,0.07830952380952261,True
matched_early_mixture,60,1.0,snapshot,americas,20261002,baron,1.027888246628129,0.027888246628128943,True
matched_early_mixture,60,1.0,snapshot,americas,20261002,dragon,1.0136759220886884,0.013675922088688397,True
matched_early_mixture,60,1.0,snapshot,americas,20261002,teamfight,1.0635586244245812,0.06355862442458116,True
matched_early_mixture,60,0.25,current_only,americas,20260930,baron,0.2615257958287604,0.011525795828760399,False
matched_early_mixture,60,0.25,current_only,americas,20260930,dragon,0.25052653748946974,0.0005265374894697361,False
matched_early_mixture,60,0.25,current_only,americas,20260930,teamfight,0.30085759745425505,0.050857597454255055,False
matched_early_mixture,60,0.25,current_only,americas,20261001,baron,0.26070391872278603,0.010703918722786032,False
matched_early_mixture,60,0.25,current_only,americas,20261001,dragon,0.25158937920718055,0.0015893792071805524,False
matched_early_mixture,60,0.25,current_only,americas,20261001,teamfight,0.2839872773536893,0.03398727735368928,False
matched_early_mixture,60,0.25,current_only,americas,20261002,baron,0.25989522700814843,0.009895227008148433,False
matched_early_mixture,60,0.25,current_only,americas,20261002,dragon,0.2512087026591458,0.0012087026591457994,False
matched_early_mixture,60,0.25,current_only,americas,20261002,teamfight,0.2759878048780497,0.025987804878049692,False
matched_early_mixture,60,0.5,current_only,americas,20260930,baron,0.5230515916575208,0.023051591657520798,False
matched_early_mixture,60,0.5,current_only,americas,20260930,dragon,0.5010530749789395,0.0010530749789394722,False
matched_early_mixture,60,0.5,current_only,americas,20260930,teamfight,0.5582185338865829,0.058218533886582935,False
matched_early_mixture,60,0.5,current_only,americas,20261001,baron,0.5214078374455721,0.021407837445572064,False
matched_early_mixture,60,0.5,current_only,americas,20261001,dragon,0.503178758414361,0.0031787584143609937,False
matched_early_mixture,60,0.5,current_only,americas,20261001,teamfight,0.5336692111959285,0.03366921119592847,False
matched_early_mixture,60,0.5,current_only,americas,20261002,baron,0.5197904540162969,0.019790454016296866,False
matched_early_mixture,60,0.5,current_only,americas,20261002,dragon,0.5024174053182913,0.002417405318291266,False
matched_early_mixture,60,0.5,current_only,americas,20261002,teamfight,0.5328475609756097,0.0328475609756097,False
matched_early_mixture,60,0.75,current_only,americas,20260930,baron,0.7831318944844137,0.03313189448441367,False
matched_early_mixture,60,0.75,current_only,americas,20260930,dragon,0.7515796124684078,0.001579612468407765,False
matched_early_mixture,60,0.75,current_only,americas,20260930,teamfight,0.8092558782849246,0.059255878284924624,False
matched_early_mixture,60,0.75,current_only,americas,20261001,baron,0.78211175616836,0.03211175616836004,False
matched_early_mixture,60,0.75,current_only,americas,20261001,dragon,0.7547681376215419,0.004768137621541935,False
matched_early_mixture,60,0.75,current_only,americas,20261001,teamfight,0.7833511450381703,0.03335114503817027,False
matched_early_mixture,60,0.75,current_only,americas,20261002,baron,0.7837847439916386,0.033784743991638555,False
matched_early_mixture,60,0.75,current_only,americas,20261002,dragon,0.7536261079774348,0.0036261079774347893,False
matched_early_mixture,60,0.75,current_only,americas,20261002,teamfight,0.7897073170731744,0.03970731707317443,False
matched_early_mixture,60,1.0,current_only,americas,20260930,baron,1.042915451895045,0.042915451895044976,True
matched_early_mixture,60,1.0,current_only,americas,20260930,dragon,1.002106149957879,0.0021061499578789444,True
matched_early_mixture,60,1.0,current_only,americas,20260930,teamfight,1.062232629727354,0.062232629727354105,True
matched_early_mixture,60,1.0,current_only,americas,20261001,baron,1.0471040339702777,0.04710403397027774,True
matched_early_mixture,60,1.0,current_only,americas,20261001,dragon,1.006357516828722,0.006357516828721987,True
matched_early_mixture,60,1.0,current_only,americas,20261001,teamfight,1.033033078880407,0.03303307888040696,True
matched_early_mixture,60,1.0,current_only,americas,20261002,baron,1.0587756097560987,0.058775609756098746,True
matched_early_mixture,60,1.0,current_only,americas,20261002,dragon,1.0048348106365825,0.004834810636582532,True
matched_early_mixture,60,1.0,current_only,americas,20261002,teamfight,1.033409064830755,0.03340906483075501,True
matched_early_mixture,60,0.25,independent,americas,20260930,dragon,0.25099364069952296,0.0009936406995229574,False
matched_early_mixture,60,0.25,independent,americas,20260930,teamfight,0.2616761805915932,0.0116761805915932,False
matched_early_mixture,60,0.25,independent,americas,20261001,dragon,0.25072886297376146,0.0007288629737614571,False
matched_early_mixture,60,0.25,independent,americas,20261001,teamfight,0.2572587532023916,0.00725875320239161,False
matched_early_mixture,60,0.25,independent,americas,20261002,dragon,0.2551574375678613,0.0051574375678613005,False
matched_early_mixture,60,0.25,independent,americas,20261002,teamfight,0.25458392101551447,0.004583921015514469,False
matched_early_mixture,60,0.5,independent,americas,20260930,dragon,0.501987281399046,0.001987281399046026,False
matched_early_mixture,60,0.5,independent,americas,20260930,teamfight,0.5233523611831865,0.02335236118318651,False
matched_early_mixture,60,0.5,independent,americas,20261001,dragon,0.5014577259475227,0.0014577259475226922,False
matched_early_mixture,60,0.5,independent,americas,20261001,teamfight,0.5145175064047832,0.01451750640478322,False
matched_early_mixture,60,0.5,independent,americas,20261002,dragon,0.5103148751357228,0.010314875135722823,False
matched_early_mixture,60,0.5,independent,americas,20261002,teamfight,0.5091678420310295,0.009167842031029494,False
matched_early_mixture,60,0.75,independent,americas,20260930,dragon,0.7529809220985708,0.002980922098570815,False
matched_early_mixture,60,0.75,independent,americas,20260930,teamfight,0.7850285417747798,0.035028541774779764,False
matched_early_mixture,60,0.75,independent,americas,20261001,baron,0.7574694348327562,0.007469434832756194,False
matched_early_mixture,60,0.75,independent,americas,20261001,dragon,0.7521865889212805,0.002186588921280541,False
matched_early_mixture,60,0.75,independent,americas,20261001,teamfight,0.7717762596071722,0.02177625960717222,False
matched_early_mixture,60,0.75,independent,americas,20261002,dragon,0.7654723127035832,0.01547231270358318,False
matched_early_mixture,60,0.75,independent,americas,20261002,teamfight,0.7637517630465465,0.013751763046546461,False
matched_early_mixture,60,1.0,independent,americas,20260930,dragon,1.003974562798092,0.003974562798092052,True
matched_early_mixture,60,1.0,independent,americas,20260930,teamfight,1.046704722366373,0.04670472236637302,True
matched_early_mixture,60,1.0,independent,americas,20261001,baron,1.0189264069264043,0.01892640692640435,True
matched_early_mixture,60,1.0,independent,americas,20261001,dragon,1.0029154518950454,0.0029154518950453845,True
matched_early_mixture,60,1.0,independent,americas,20261001,teamfight,1.0290350128095667,0.029035012809566663,True
matched_early_mixture,60,1.0,independent,americas,20261002,dragon,1.0206297502714456,0.020629750271445646,True
matched_early_mixture,60,1.0,independent,americas,20261002,teamfight,1.018335684062059,0.018335684062058988,True
matched_early_mixture,60,0.25,pcgrad,americas,20260930,baron,0.25479094076655184,0.004790940766551843,False
matched_early_mixture,60,0.25,pcgrad,americas,20260930,dragon,0.25020408163265334,0.00020408163265334123,False
matched_early_mixture,60,0.25,pcgrad,americas,20260930,teamfight,0.26213735938425103,0.012137359384251034,False
matched_early_mixture,60,0.25,pcgrad,americas,20261001,baron,0.2548770144189991,0.004877014418999126,False
matched_early_mixture,60,0.25,pcgrad,americas,20261001,teamfight,0.25108401084010934,0.0010840108401093396,False
matched_early_mixture,60,0.25,pcgrad,americas,20261002,baron,0.25883652430044074,0.00883652430044074,False
matched_early_mixture,60,0.25,pcgrad,americas,20261002,teamfight,0.25747508305647837,0.007475083056478371,False
matched_early_mixture,60,0.5,pcgrad,americas,20260930,baron,0.5095818815331037,0.009581881533103687,False
matched_early_mixture,60,0.5,pcgrad,americas,20260930,dragon,0.5004081632653069,0.0004081632653069045,False
matched_early_mixture,60,0.5,pcgrad,americas,20260930,teamfight,0.5242747187685021,0.024274718768502068,False
matched_early_mixture,60,0.5,pcgrad,americas,20261001,baron,0.5097540288379983,0.009754028837998252,False
matched_early_mixture,60,0.5,pcgrad,americas,20261001,teamfight,0.5021680216802187,0.002168021680218679,False
matched_early_mixture,60,0.5,pcgrad,americas,20261002,baron,0.5176730486008815,0.01767304860088148,False
matched_early_mixture,60,0.5,pcgrad,americas,20261002,teamfight,0.5149501661129567,0.014950166112956742,False
matched_early_mixture,60,0.75,pcgrad,americas,20260930,baron,0.76437282229965,0.014372822299649979,False
matched_early_mixture,60,0.75,pcgrad,americas,20260930,dragon,0.7506122448979583,0.0006122448979583028,False
matched_early_mixture,60,0.75,pcgrad,americas,20260930,teamfight,0.7864120781527516,0.036412078152751604,False
matched_early_mixture,60,0.75,pcgrad,americas,20261001,baron,0.7646310432569956,0.014631043256995602,False
matched_early_mixture,60,0.75,pcgrad,americas,20261001,teamfight,0.753252032520325,0.003252032520325021,False
matched_early_mixture,60,0.75,pcgrad,americas,20261002,baron,0.7765095729013244,0.026509572901324385,False
matched_early_mixture,60,0.75,pcgrad,americas,20261002,teamfight,0.7724252491694305,0.02242524916943045,False
matched_early_mixture,60,1.0,pcgrad,americas,20260930,baron,1.022100840336133,0.02210084033613291,True
matched_early_mixture,60,1.0,pcgrad,americas,20260930,dragon,1.0008163265306138,0.000816326530613809,True
matched_early_mixture,60,1.0,pcgrad,americas,20260930,teamfight,1.0485494375370044,0.04854943753700436,True
matched_early_mixture,60,1.0,pcgrad,americas,20261001,baron,1.0201500535905679,0.020150053590567873,True
matched_early_mixture,60,1.0,pcgrad,americas,20261001,teamfight,1.0043360433604374,0.004336043360437358,True
matched_early_mixture,60,1.0,pcgrad,americas,20261002,baron,1.036640522875819,0.03664052287581909,True
matched_early_mixture,60,1.0,pcgrad,americas,20261002,teamfight,1.0299003322259135,0.029900332225913484,True
matched_early_mixture,60,0.25,timely_leagueews,americas,20260930,baron,0.2681278016213643,0.018127801621364292,False
matched_early_mixture,60,0.25,timely_leagueews,americas,20261001,baron,0.2650995024875608,0.015099502487560812,False
matched_early_mixture,60,0.25,timely_leagueews,americas,20261002,baron,0.27620911528150255,0.02620911528150255,False
matched_early_mixture,60,0.5,timely_leagueews,americas,20260930,baron,0.5295727229375322,0.029572722937532214,False
matched_early_mixture,60,0.5,timely_leagueews,americas,20260930,teamfight,0.5104089294774204,0.010408929477420448,False
matched_early_mixture,60,0.5,timely_leagueews,americas,20261001,baron,0.5185387509405555,0.01853875094055546,False
matched_early_mixture,60,0.5,timely_leagueews,americas,20261002,baron,0.5168500000000016,0.016850000000001586,False
matched_early_mixture,60,0.75,timely_leagueews,americas,20260930,baron,0.7794256165473381,0.029425616547338107,False
matched_early_mixture,60,0.75,timely_leagueews,americas,20260930,teamfight,0.7779127346524651,0.027912734652465132,False
matched_early_mixture,60,0.75,timely_leagueews,americas,20261001,baron,0.7676989247311851,0.01769892473118506,False
matched_early_mixture,60,0.75,timely_leagueews,americas,20261002,baron,0.7612339544513423,0.011233954451342343,False
matched_early_mixture,60,1.0,timely_leagueews,americas,20260930,baron,1.0261869313482275,0.02618693134822747,True
matched_early_mixture,60,1.0,timely_leagueews,americas,20260930,teamfight,1.007595451825256,0.0075954518252558945,True
matched_early_mixture,60,1.0,timely_leagueews,americas,20261001,baron,1.0226738265712016,0.02267382657120165,True
matched_early_mixture,60,1.0,timely_leagueews,americas,20261002,baron,1.023982378854622,0.023982378854622066,True
matched_early_mixture,60,0.25,timely_tcn,americas,20260930,baron,0.27524334251606986,0.025243342516069855,False
matched_early_mixture,60,0.25,timely_tcn,americas,20260930,teamfight,0.25284087102177566,0.0028408710217756594,False
matched_early_mixture,60,0.25,timely_tcn,americas,20261001,baron,0.25821799307958465,0.008217993079584651,False
matched_early_mixture,60,0.25,timely_tcn,americas,20261001,dragon,0.2598253968253964,0.009825396825396404,False
matched_early_mixture,60,0.25,timely_tcn,americas,20261001,teamfight,0.2602767295597482,0.010276729559748177,False
matched_early_mixture,60,0.25,timely_tcn,americas,20261002,baron,0.2707939508506607,0.020793950850660714,False
matched_early_mixture,60,0.25,timely_tcn,americas,20261002,dragon,0.2567887667887676,0.006788766788767608,False
matched_early_mixture,60,0.5,timely_tcn,americas,20260930,baron,0.525350877192983,0.025350877192983012,False
matched_early_mixture,60,0.5,timely_tcn,americas,20260930,teamfight,0.5110278578290104,0.01102785782901039,False
matched_early_mixture,60,0.5,timely_tcn,americas,20261001,baron,0.5173661202185812,0.017366120218581194,False
matched_early_mixture,60,0.5,timely_tcn,americas,20261001,teamfight,0.5229252291365194,0.0229252291365194,False
matched_early_mixture,60,0.5,timely_tcn,americas,20261002,baron,0.5369435261707998,0.03694352617079977,False
matched_early_mixture,60,0.75,timely_tcn,americas,20260930,baron,0.7830196078431362,0.03301960784313618,False
matched_early_mixture,60,0.75,timely_tcn,americas,20260930,teamfight,0.7653506243996121,0.0153506243996121,False
matched_early_mixture,60,0.75,timely_tcn,americas,20261001,baron,0.7749983896940392,0.024998389694039225,False
matched_early_mixture,60,0.75,timely_tcn,americas,20261001,teamfight,0.7805229136517158,0.030522913651715777,False
matched_early_mixture,60,0.75,timely_tcn,americas,20261002,baron,0.8004786004373649,0.05047860043736485,False
matched_early_mixture,60,1.0,timely_tcn,americas,20260930,baron,1.0452745098039262,0.04527450980392622,True
matched_early_mixture,60,1.0,timely_tcn,americas,20260930,teamfight,1.0099544964997313,0.009954496499731347,True
matched_early_mixture,60,1.0,timely_tcn,americas,20261001,baron,1.0388256285482624,0.038825628548262436,True
matched_early_mixture,60,1.0,timely_tcn,americas,20261001,teamfight,1.0290774410774417,0.0290774410774417,True
matched_early_mixture,60,1.0,timely_tcn,americas,20261002,baron,1.0654739144017493,0.06547391440174932,True
matched_early_mixture,60,0.25,timely_current_only,americas,20260930,baron,0.25578452639190125,0.005784526391901246,False
matched_early_mixture,60,0.25,timely_current_only,americas,20260930,teamfight,0.2515495495495493,0.0015495495495492784,False
matched_early_mixture,60,0.25,timely_current_only,americas,20261001,teamfight,0.25747689282202446,0.007476892822024461,False
matched_early_mixture,60,0.25,timely_current_only,americas,20261002,baron,0.2653921568627455,0.015392156862745476,False
matched_early_mixture,60,0.25,timely_current_only,americas,20261002,dragon,0.25502283105022955,0.005022831050229548,False
matched_early_mixture,60,0.25,timely_current_only,americas,20261002,teamfight,0.2579523809523817,0.00795238095238171,False
matched_early_mixture,60,0.5,timely_current_only,americas,20260930,baron,0.5199680555555549,0.01996805555555492,False
matched_early_mixture,60,0.5,timely_current_only,americas,20261001,baron,0.5120938967136134,0.012093896713613383,False
matched_early_mixture,60,0.5,timely_current_only,americas,20261001,dragon,0.500037037037039,3.703703703894501e-05,False
matched_early_mixture,60,0.5,timely_current_only,americas,20261002,baron,0.5160992907801436,0.016099290780143605,False
matched_early_mixture,60,0.5,timely_current_only,americas,20261002,teamfight,0.5019999999999978,0.0019999999999977813,False
matched_early_mixture,60,0.75,timely_current_only,americas,20260930,baron,0.7931451388888846,0.043145138888884604,False
matched_early_mixture,60,0.75,timely_current_only,americas,20261001,baron,0.789229013854928,0.03922901385492805,False
matched_early_mixture,60,0.75,timely_current_only,americas,20261002,baron,0.7729181636726509,0.02291816367265087,False
matched_early_mixture,60,0.75,timely_current_only,americas,20261002,teamfight,0.7519999999999972,0.0019999999999972262,False
matched_early_mixture,60,1.0,timely_current_only,americas,20260930,baron,1.0652285012284994,0.06522850122849944,True
matched_early_mixture,60,1.0,timely_current_only,americas,20261001,baron,1.0512756800649627,0.05127568006496275,True
matched_early_mixture,60,1.0,timely_current_only,americas,20261002,baron,1.0378882235528937,0.037888223552893674,True
matched_early_mixture,60,1.0,timely_current_only,americas,20261002,teamfight,1.0089159689922484,0.008915968992248446,True
matched_early_mixture,60,0.25,timely_clock_only,americas,20260930,baron,0.262879400749063,0.012879400749063019,False
matched_early_mixture,60,0.25,timely_clock_only,americas,20261001,baron,0.2706666666666665,0.0206666666666665,False
matched_early_mixture,60,0.25,timely_clock_only,americas,20261001,dragon,0.2500770077007699,7.700770076990437e-05,False
matched_early_mixture,60,0.25,timely_clock_only,americas,20261001,teamfight,0.2538401453224353,0.0038401453224353177,False
matched_early_mixture,60,0.25,timely_clock_only,americas,20261002,baron,0.2868257261410789,0.036825726141078874,False
matched_early_mixture,60,0.25,timely_clock_only,americas,20261002,dragon,0.2524162062615098,0.00241620626150979,False
matched_early_mixture,60,0.25,timely_clock_only,americas,20261002,teamfight,0.25609811320754694,0.00609811320754694,False
matched_early_mixture,60,0.5,timely_clock_only,americas,20260930,baron,0.505899659863945,0.005899659863945028,False
matched_early_mixture,60,0.5,timely_clock_only,americas,20260930,dragon,0.5098538812785385,0.009853881278538479,False
matched_early_mixture,60,0.5,timely_clock_only,americas,20261001,baron,0.5197333333333353,0.019733333333335268,False
matched_early_mixture,60,0.5,timely_clock_only,americas,20261002,baron,0.5365335085413929,0.03653350854139292,False
matched_early_mixture,60,0.5,timely_clock_only,americas,20261002,dragon,0.5100828025477745,0.010082802547774494,False
matched_early_mixture,60,0.5,timely_clock_only,americas,20261002,teamfight,0.50210975609756,0.002109756097560034,False
matched_early_mixture,60,0.75,timely_clock_only,americas,20260930,dragon,0.7649969418960271,0.014996941896027072,False
matched_early_mixture,60,0.75,timely_clock_only,americas,20261001,baron,0.7625904761904773,0.012590476190477262,False
matched_early_mixture,60,0.75,timely_clock_only,americas,20261002,baron,0.771421813403418,0.021421813403417977,False
matched_early_mixture,60,0.75,timely_clock_only,americas,20261002,dragon,0.7507565982404705,0.0007565982404704741,False
matched_early_mixture,60,1.0,timely_clock_only,americas,20260930,baron,1.0042079002079045,0.004207900207904514,True
matched_early_mixture,60,1.0,timely_clock_only,americas,20261001,baron,1.00544761904762,0.005447619047620034,True
matched_early_mixture,60,1.0,timely_clock_only,americas,20261002,baron,1.0234076502732214,0.023407650273221448,True
matched_early_mixture,60,0.25,timely_clock_history,americas,20260930,baron,0.26543007915567357,0.01543007915567357,False
matched_early_mixture,60,0.25,timely_clock_history,americas,20260930,dragon,0.25131086142322084,0.0013108614232208438,False
matched_early_mixture,60,0.25,timely_clock_history,americas,20261001,dragon,0.25506855791962296,0.005068557919622962,False
matched_early_mixture,60,0.25,timely_clock_history,americas,20261001,teamfight,0.2688272642390293,0.018827264239029307,False
matched_early_mixture,60,0.25,timely_clock_history,americas,20261002,baron,0.25998086828550543,0.009980868285505429,False
matched_early_mixture,60,0.25,timely_clock_history,americas,20261002,teamfight,0.271639751552796,0.021639751552796016,False
matched_early_mixture,60,0.5,timely_clock_history,americas,20260930,baron,0.5269736147757282,0.02697361477572824,False
matched_early_mixture,60,0.5,timely_clock_history,americas,20261001,baron,0.5251794871794863,0.02517948717948626,False
matched_early_mixture,60,0.5,timely_clock_history,americas,20261001,teamfight,0.5195700043346346,0.019570004334634628,False
matched_early_mixture,60,0.5,timely_clock_history,americas,20261002,baron,0.5264552073440968,0.026455207344096787,False
matched_early_mixture,60,0.5,timely_clock_history,americas,20261002,dragon,0.5020793650793652,0.0020793650793652363,False
matched_early_mixture,60,0.5,timely_clock_history,americas,20261002,teamfight,0.5284645039962368,0.02846450399623679,False
matched_early_mixture,60,0.75,timely_clock_history,americas,20260930,baron,0.8010890890890908,0.05108908908909082,False
matched_early_mixture,60,0.75,timely_clock_history,americas,20261001,baron,0.7828717948717978,0.03287179487179781,False
matched_early_mixture,60,0.75,timely_clock_history,americas,20261001,teamfight,0.7734711746857359,0.023471174685735896,False
matched_early_mixture,60,0.75,timely_clock_history,americas,20261002,baron,0.7968730610952813,0.04687306109528133,False
matched_early_mixture,60,0.75,timely_clock_history,americas,20261002,teamfight,0.779169722614008,0.029169722614007965,False
matched_early_mixture,60,1.0,timely_clock_history,americas,20260930,baron,1.0746714628297374,0.07467146282973736,True
matched_early_mixture,60,1.0,timely_clock_history,americas,20261001,baron,1.0700246262093238,0.07002462620932381,True
matched_early_mixture,60,1.0,timely_clock_history,americas,20261001,teamfight,1.0230821473158531,0.02308214731585312,True
matched_early_mixture,60,1.0,timely_clock_history,americas,20261002,baron,1.0672909148464713,0.06729091484647132,True
matched_early_mixture,60,1.0,timely_clock_history,americas,20261002,teamfight,1.0224013434088952,0.022401343408895213,True
dense_deterministic,60,0.25,leagueews,americas,20260930,teamfight,0.2653333333333333,0.01533333333333331,False
dense_deterministic,60,0.25,leagueews,americas,20261002,baron,0.254,0.0040000000000000036,False
dense_deterministic,60,0.5,leagueews,americas,20260930,baron,0.5013333333333333,0.0013333333333332975,False
dense_deterministic,60,0.5,leagueews,americas,20260930,dragon,0.5153333333333333,0.01533333333333331,False
dense_deterministic,60,0.5,leagueews,americas,20261001,dragon,0.5253333333333333,0.02533333333333332,False
dense_deterministic,60,0.5,leagueews,americas,20261002,baron,0.5353333333333333,0.03533333333333333,False
dense_deterministic,60,0.5,leagueews,americas,20261002,dragon,0.5206666666666667,0.020666666666666722,False
dense_deterministic,60,0.75,leagueews,americas,20260930,baron,0.7713333333333333,0.021333333333333315,False
dense_deterministic,60,0.75,leagueews,americas,20260930,dragon,0.7773333333333333,0.02733333333333332,False
dense_deterministic,60,0.75,leagueews,americas,20261001,dragon,0.7686666666666667,0.01866666666666672,False
dense_deterministic,60,0.75,leagueews,americas,20261002,baron,0.7566666666666667,0.00666666666666671,False
dense_deterministic,60,0.75,leagueews,americas,20261002,dragon,0.7506666666666667,0.0006666666666667043,False
dense_deterministic,60,1.0,leagueews,americas,20260930,baron,1.0026666666666666,0.002666666666666595,True
dense_deterministic,60,1.0,leagueews,americas,20260930,dragon,1.0033333333333334,0.0033333333333334103,True
dense_deterministic,60,1.0,leagueews,americas,20261002,baron,1.01,0.010000000000000009,True
dense_deterministic,60,0.25,gru,americas,20260930,dragon,0.2653333333333333,0.01533333333333331,False
dense_deterministic,60,0.5,gru,americas,20260930,dragon,0.5126666666666667,0.012666666666666715,False
dense_deterministic,60,0.5,gru,americas,20261002,baron,0.5126666666666667,0.012666666666666715,False
dense_deterministic,60,0.5,gru,americas,20261002,dragon,0.5033333333333333,0.0033333333333332993,False
dense_deterministic,60,0.75,gru,americas,20260930,baron,0.7593333333333333,0.009333333333333305,False
dense_deterministic,60,0.75,gru,americas,20261001,baron,0.754,0.0040000000000000036,False
dense_deterministic,60,0.75,gru,americas,20261002,baron,0.7853333333333333,0.03533333333333333,False
dense_deterministic,60,1.0,gru,americas,20261001,baron,1.03,0.030000000000000027,True
dense_deterministic,60,0.25,tcn,americas,20261001,baron,0.25533333333333336,0.005333333333333357,False
dense_deterministic,60,0.25,tcn,americas,20261001,dragon,0.25466666666666665,0.004666666666666652,False
dense_deterministic,60,0.5,tcn,americas,20260930,baron,0.5113333333333333,0.011333333333333306,False
dense_deterministic,60,0.5,tcn,americas,20260930,dragon,0.5066666666666667,0.00666666666666671,False
dense_deterministic,60,0.5,tcn,americas,20261001,baron,0.5113333333333333,0.011333333333333306,False
dense_deterministic,60,0.5,tcn,americas,20261001,dragon,0.5126666666666667,0.012666666666666715,False
dense_deterministic,60,0.5,tcn,americas,20261002,baron,0.5173333333333333,0.01733333333333331,False
dense_deterministic,60,0.5,tcn,americas,20261002,dragon,0.5073333333333333,0.007333333333333303,False
dense_deterministic,60,0.75,tcn,americas,20260930,baron,0.7986666666666666,0.048666666666666636,False
dense_deterministic,60,0.75,tcn,americas,20261001,baron,0.7513333333333333,0.0013333333333332975,False
dense_deterministic,60,0.75,tcn,americas,20261001,dragon,0.76,0.010000000000000009,False
dense_deterministic,60,0.75,tcn,americas,20261002,baron,0.7773333333333333,0.02733333333333332,False
dense_deterministic,60,1.0,tcn,americas,20260930,baron,1.038,0.038000000000000034,True
dense_deterministic,60,1.0,tcn,americas,20260930,dragon,1.0273333333333334,0.02733333333333343,True
dense_deterministic,60,1.0,tcn,americas,20261001,baron,1.0253333333333334,0.02533333333333343,True
dense_deterministic,60,1.0,tcn,americas,20261001,dragon,1.0113333333333334,0.011333333333333417,True
dense_deterministic,60,1.0,tcn,americas,20261002,baron,1.034,0.03400000000000003,True
dense_deterministic,60,0.25,snapshot,americas,20260930,baron,0.25133333333333335,0.001333333333333353,False
dense_deterministic,60,0.25,snapshot,americas,20261001,teamfight,0.27,0.020000000000000018,False
dense_deterministic,60,0.25,snapshot,americas,20261002,teamfight,0.2786666666666667,0.028666666666666674,False
dense_deterministic,60,0.5,snapshot,americas,20260930,teamfight,0.504,0.0040000000000000036,False
dense_deterministic,60,0.5,snapshot,americas,20261001,teamfight,0.5293333333333333,0.029333333333333322,False
dense_deterministic,60,0.5,snapshot,americas,20261002,dragon,0.5466666666666666,0.046666666666666634,False
dense_deterministic,60,0.5,snapshot,americas,20261002,teamfight,0.52,0.020000000000000018,False
dense_deterministic,60,0.75,snapshot,americas,20260930,baron,0.7773333333333333,0.02733333333333332,False
dense_deterministic,60,0.75,snapshot,americas,20260930,teamfight,0.808,0.05800000000000005,False
dense_deterministic,60,0.75,snapshot,americas,20261001,baron,0.7666666666666667,0.01666666666666672,False
dense_deterministic,60,0.75,snapshot,americas,20261001,dragon,0.7793333333333333,0.029333333333333322,False
dense_deterministic,60,0.75,snapshot,americas,20261001,teamfight,0.7873333333333333,0.03733333333333333,False
dense_deterministic,60,0.75,snapshot,americas,20261002,baron,0.7606666666666667,0.010666666666666713,False
dense_deterministic,60,0.75,snapshot,americas,20261002,dragon,0.7566666666666667,0.00666666666666671,False
dense_deterministic,60,0.75,snapshot,americas,20261002,teamfight,0.7613333333333333,0.011333333333333306,False
dense_deterministic,60,1.0,snapshot,americas,20260930,baron,1.0326666666666666,0.03266666666666662,True
dense_deterministic,60,1.0,snapshot,americas,20260930,teamfight,1.0766666666666667,0.07666666666666666,True
dense_deterministic,60,1.0,snapshot,americas,20261001,baron,1.0606666666666666,0.06066666666666665,True
dense_deterministic,60,1.0,snapshot,americas,20261001,dragon,1.0206666666666666,0.02066666666666661,True
dense_deterministic,60,1.0,snapshot,americas,20261001,teamfight,1.0393333333333334,0.03933333333333344,True
dense_deterministic,60,1.0,snapshot,americas,20261002,baron,1.0233333333333334,0.023333333333333428,True
dense_deterministic,60,1.0,snapshot,americas,20261002,dragon,1.01,0.010000000000000009,True
dense_deterministic,60,1.0,snapshot,americas,20261002,teamfight,1.0086666666666666,0.0086666666666666,True
dense_deterministic,60,0.25,current_only,americas,20260930,teamfight,0.25933333333333336,0.00933333333333336,False
dense_deterministic,60,0.25,current_only,americas,20261001,baron,0.25466666666666665,0.004666666666666652,False
dense_deterministic,60,0.25,current_only,americas,20261002,baron,0.254,0.0040000000000000036,False
dense_deterministic,60,0.5,current_only,americas,20260930,baron,0.512,0.01200000000000001,False
dense_deterministic,60,0.5,current_only,americas,20260930,teamfight,0.538,0.038000000000000034,False
dense_deterministic,60,0.5,current_only,americas,20261001,baron,0.5106666666666667,0.010666666666666713,False
dense_deterministic,60,0.5,current_only,americas,20261001,dragon,0.5033333333333333,0.0033333333333332993,False
dense_deterministic,60,0.5,current_only,americas,20261001,teamfight,0.52,0.020000000000000018,False
dense_deterministic,60,0.5,current_only,americas,20261002,baron,0.5266666666666666,0.026666666666666616,False
dense_deterministic,60,0.5,current_only,americas,20261002,dragon,0.53,0.030000000000000027,False
dense_deterministic,60,0.5,current_only,americas,20261002,teamfight,0.5046666666666667,0.004666666666666708,False
dense_deterministic,60,0.75,current_only,americas,20260930,baron,0.764,0.014000000000000012,False
dense_deterministic,60,0.75,current_only,americas,20260930,dragon,0.7506666666666667,0.0006666666666667043,False
dense_deterministic,60,0.75,current_only,americas,20260930,teamfight,0.7586666666666667,0.008666666666666711,False
dense_deterministic,60,0.75,current_only,americas,20261001,baron,0.78,0.030000000000000027,False
dense_deterministic,60,0.75,current_only,americas,20261001,dragon,0.7713333333333333,0.021333333333333315,False
dense_deterministic,60,0.75,current_only,americas,20261001,teamfight,0.7773333333333333,0.02733333333333332,False
dense_deterministic,60,0.75,current_only,americas,20261002,baron,0.772,0.02200000000000002,False
dense_deterministic,60,0.75,current_only,americas,20261002,dragon,0.78,0.030000000000000027,False
dense_deterministic,60,1.0,current_only,americas,20260930,baron,1.04,0.040000000000000036,True
dense_deterministic,60,1.0,current_only,americas,20260930,dragon,1.0326666666666666,0.03266666666666662,True
dense_deterministic,60,1.0,current_only,americas,20260930,teamfight,1.0326666666666666,0.03266666666666662,True
dense_deterministic,60,1.0,current_only,americas,20261001,baron,1.0606666666666666,0.06066666666666665,True
dense_deterministic,60,1.0,current_only,americas,20261001,teamfight,1.026,0.026000000000000023,True
dense_deterministic,60,1.0,current_only,americas,20261002,baron,1.0486666666666666,0.048666666666666636,True
dense_deterministic,60,1.0,current_only,americas,20261002,dragon,1.0233333333333334,0.023333333333333428,True
dense_deterministic,60,1.0,current_only,americas,20261002,teamfight,1.0026666666666666,0.002666666666666595,True
dense_deterministic,60,0.25,independent,americas,20261001,dragon,0.25333333333333335,0.003333333333333355,False
dense_deterministic,60,0.75,independent,americas,20261001,dragon,0.7673333333333333,0.01733333333333331,False
dense_deterministic,60,1.0,independent,americas,20260930,dragon,1.0006666666666666,0.0006666666666665932,True
dense_deterministic,60,1.0,independent,americas,20261001,baron,1.0173333333333334,0.017333333333333423,True
dense_deterministic,60,0.25,pcgrad,americas,20260930,dragon,0.254,0.0040000000000000036,False
dense_deterministic,60,0.25,pcgrad,americas,20261001,dragon,0.26866666666666666,0.018666666666666665,False
dense_deterministic,60,0.25,pcgrad,americas,20261002,baron,0.2633333333333333,0.013333333333333308,False
dense_deterministic,60,0.5,pcgrad,americas,20260930,baron,0.5146666666666667,0.014666666666666717,False
dense_deterministic,60,0.5,pcgrad,americas,20260930,dragon,0.5226666666666666,0.022666666666666613,False
dense_deterministic,60,0.5,pcgrad,americas,20261001,dragon,0.5293333333333333,0.029333333333333322,False
dense_deterministic,60,0.5,pcgrad,americas,20261002,baron,0.516,0.016000000000000014,False
dense_deterministic,60,0.5,pcgrad,americas,20261002,dragon,0.5213333333333333,0.021333333333333315,False
dense_deterministic,60,0.5,pcgrad,americas,20261002,teamfight,0.5046666666666667,0.004666666666666708,False
dense_deterministic,60,0.75,pcgrad,americas,20260930,baron,0.7573333333333333,0.007333333333333303,False
dense_deterministic,60,0.75,pcgrad,americas,20260930,dragon,0.7626666666666667,0.012666666666666715,False
dense_deterministic,60,0.75,pcgrad,americas,20261002,baron,0.754,0.0040000000000000036,False
dense_deterministic,60,0.75,pcgrad,americas,20261002,teamfight,0.758,0.008000000000000007,False
dense_deterministic,60,1.0,pcgrad,americas,20260930,baron,1.014,0.014000000000000012,True
dense_deterministic,60,1.0,pcgrad,americas,20261001,baron,1.03,0.030000000000000027,True
dense_deterministic,60,1.0,pcgrad,americas,20261002,baron,1.0146666666666666,0.014666666666666606,True
dense_deterministic,60,0.25,timely_leagueews,americas,20261001,baron,0.25666666666666665,0.006666666666666654,False
dense_deterministic,60,0.25,timely_leagueews,americas,20261002,baron,0.258,0.008000000000000007,False
dense_deterministic,60,0.5,timely_leagueews,americas,20260930,baron,0.5233333333333333,0.023333333333333317,False
dense_deterministic,60,0.5,timely_leagueews,americas,20260930,teamfight,0.5013333333333333,0.0013333333333332975,False
dense_deterministic,60,0.5,timely_leagueews,americas,20261002,baron,0.53,0.030000000000000027,False
dense_deterministic,60,0.75,timely_leagueews,americas,20260930,baron,0.774,0.02400000000000002,False
dense_deterministic,60,0.75,timely_leagueews,americas,20260930,teamfight,0.762,0.01200000000000001,False
dense_deterministic,60,0.25,timely_tcn,americas,20260930,baron,0.25066666666666665,0.0006666666666666488,False
dense_deterministic,60,0.25,timely_tcn,americas,20261001,teamfight,0.256,0.006000000000000005,False
dense_deterministic,60,0.5,timely_tcn,americas,20260930,baron,0.5333333333333333,0.033333333333333326,False
dense_deterministic,60,0.5,timely_tcn,americas,20261002,baron,0.5226666666666666,0.022666666666666613,False
dense_deterministic,60,0.75,timely_tcn,americas,20260930,baron,0.7826666666666666,0.03266666666666662,False
dense_deterministic,60,0.75,timely_tcn,americas,20261001,baron,0.7553333333333333,0.005333333333333301,False
dense_deterministic,60,0.75,timely_tcn,americas,20261002,baron,0.758,0.008000000000000007,False
dense_deterministic,60,1.0,timely_tcn,americas,20260930,baron,1.058,0.05800000000000005,True
dense_deterministic,60,1.0,timely_tcn,americas,20260930,teamfight,1.004,0.0040000000000000036,True
dense_deterministic,60,1.0,timely_tcn,americas,20261001,baron,1.022,0.02200000000000002,True
dense_deterministic,60,1.0,timely_tcn,americas,20261001,teamfight,1.0033333333333334,0.0033333333333334103,True
dense_deterministic,60,1.0,timely_tcn,americas,20261002,baron,1.012,0.01200000000000001,True
dense_deterministic,60,0.25,timely_current_only,americas,20261002,baron,0.26266666666666666,0.01266666666666666,False
dense_deterministic,60,0.25,timely_current_only,americas,20261002,teamfight,0.26,0.010000000000000009,False
dense_deterministic,60,0.5,timely_current_only,americas,20260930,baron,0.518,0.018000000000000016,False
dense_deterministic,60,0.5,timely_current_only,americas,20261002,baron,0.524,0.02400000000000002,False
dense_deterministic,60,0.75,timely_current_only,americas,20260930,baron,0.768,0.018000000000000016,False
dense_deterministic,60,0.75,timely_current_only,americas,20261001,baron,0.786,0.03600000000000003,False
dense_deterministic,60,0.75,timely_current_only,americas,20261002,baron,0.7566666666666667,0.00666666666666671,False
dense_deterministic,60,1.0,timely_current_only,americas,20260930,baron,1.0546666666666666,0.05466666666666664,True
dense_deterministic,60,1.0,timely_current_only,americas,20261001,baron,1.0526666666666666,0.05266666666666664,True
dense_deterministic,60,1.0,timely_current_only,americas,20261002,baron,1.016,0.016000000000000014,True
dense_deterministic,60,0.25,timely_clock_only,americas,20260930,baron,0.254,0.0040000000000000036,False
dense_deterministic,60,0.25,timely_clock_only,americas,20261001,baron,0.27066666666666667,0.020666666666666667,False
dense_deterministic,60,0.25,timely_clock_only,americas,20261002,baron,0.25733333333333336,0.007333333333333358,False
dense_deterministic,60,0.5,timely_clock_only,americas,20261002,baron,0.5126666666666667,0.012666666666666715,False
dense_deterministic,60,0.75,timely_clock_only,americas,20261001,baron,0.7626666666666667,0.012666666666666715,False
dense_deterministic,60,0.25,timely_clock_history,americas,20261001,teamfight,0.25666666666666665,0.006666666666666654,False
dense_deterministic,60,0.25,timely_clock_history,americas,20261002,teamfight,0.26666666666666666,0.016666666666666663,False
dense_deterministic,60,0.5,timely_clock_history,americas,20260930,baron,0.51,0.010000000000000009,False
dense_deterministic,60,0.5,timely_clock_history,americas,20261001,baron,0.508,0.008000000000000007,False
dense_deterministic,60,0.5,timely_clock_history,americas,20261002,baron,0.5086666666666667,0.008666666666666711,False
dense_deterministic,60,0.5,timely_clock_history,americas,20261002,teamfight,0.5173333333333333,0.01733333333333331,False
dense_deterministic,60,0.75,timely_clock_history,americas,20260930,baron,0.7833333333333333,0.033333333333333326,False
dense_deterministic,60,0.75,timely_clock_history,americas,20261001,baron,0.796,0.04600000000000004,False
dense_deterministic,60,0.75,timely_clock_history,americas,20261001,teamfight,0.762,0.01200000000000001,False
dense_deterministic,60,0.75,timely_clock_history,americas,20261002,teamfight,0.768,0.018000000000000016,False
dense_deterministic,60,1.0,timely_clock_history,americas,20260930,baron,1.0673333333333332,0.06733333333333325,True
dense_deterministic,60,1.0,timely_clock_history,americas,20261001,baron,1.0466666666666666,0.046666666666666634,True
dense_deterministic,60,1.0,timely_clock_history,americas,20261002,baron,1.046,0.04600000000000004,True
dense_regional_deterministic,60,0.25,leagueews,americas,20260930,teamfight,0.2653333333333333,0.01533333333333331,False
dense_regional_deterministic,60,0.25,leagueews,americas,20261002,baron,0.254,0.0040000000000000036,False
dense_regional_deterministic,60,0.5,leagueews,americas,20260930,baron,0.5013333333333333,0.0013333333333332975,False
dense_regional_deterministic,60,0.5,leagueews,americas,20260930,dragon,0.5153333333333333,0.01533333333333331,False
dense_regional_deterministic,60,0.5,leagueews,americas,20261001,dragon,0.5253333333333333,0.02533333333333332,False
dense_regional_deterministic,60,0.5,leagueews,americas,20261002,baron,0.5353333333333333,0.03533333333333333,False
dense_regional_deterministic,60,0.5,leagueews,americas,20261002,dragon,0.5206666666666667,0.020666666666666722,False
dense_regional_deterministic,60,0.75,leagueews,americas,20260930,baron,0.7713333333333333,0.021333333333333315,False
dense_regional_deterministic,60,0.75,leagueews,americas,20260930,dragon,0.7773333333333333,0.02733333333333332,False
dense_regional_deterministic,60,0.75,leagueews,americas,20260930,teamfight,0.7813333333333333,0.031333333333333324,False
dense_regional_deterministic,60,0.75,leagueews,americas,20261001,dragon,0.7686666666666667,0.01866666666666672,False
dense_regional_deterministic,60,0.75,leagueews,americas,20261002,baron,0.7566666666666667,0.00666666666666671,False
dense_regional_deterministic,60,0.75,leagueews,americas,20261002,dragon,0.7506666666666667,0.0006666666666667043,False
dense_regional_deterministic,60,1.0,leagueews,americas,20260930,baron,1.0026666666666666,0.002666666666666595,True
dense_regional_deterministic,60,1.0,leagueews,americas,20260930,dragon,1.0033333333333334,0.0033333333333334103,True
dense_regional_deterministic,60,1.0,leagueews,americas,20261002,baron,1.01,0.010000000000000009,True
dense_regional_deterministic,60,0.25,gru,americas,20260930,dragon,0.2653333333333333,0.01533333333333331,False
dense_regional_deterministic,60,0.5,gru,americas,20260930,dragon,0.5126666666666667,0.012666666666666715,False
dense_regional_deterministic,60,0.5,gru,americas,20261002,baron,0.5126666666666667,0.012666666666666715,False
dense_regional_deterministic,60,0.5,gru,americas,20261002,dragon,0.5033333333333333,0.0033333333333332993,False
dense_regional_deterministic,60,0.75,gru,americas,20260930,baron,0.7593333333333333,0.009333333333333305,False
dense_regional_deterministic,60,0.75,gru,americas,20261001,baron,0.754,0.0040000000000000036,False
dense_regional_deterministic,60,0.75,gru,americas,20261002,baron,0.7853333333333333,0.03533333333333333,False
dense_regional_deterministic,60,1.0,gru,americas,20261001,baron,1.03,0.030000000000000027,True
dense_regional_deterministic,60,0.25,tcn,americas,20261001,baron,0.25533333333333336,0.005333333333333357,False
dense_regional_deterministic,60,0.25,tcn,americas,20261001,dragon,0.25466666666666665,0.004666666666666652,False
dense_regional_deterministic,60,0.5,tcn,americas,20260930,baron,0.5113333333333333,0.011333333333333306,False
dense_regional_deterministic,60,0.5,tcn,americas,20260930,dragon,0.5066666666666667,0.00666666666666671,False
dense_regional_deterministic,60,0.5,tcn,americas,20261001,baron,0.5113333333333333,0.011333333333333306,False
dense_regional_deterministic,60,0.5,tcn,americas,20261001,dragon,0.5126666666666667,0.012666666666666715,False
dense_regional_deterministic,60,0.5,tcn,americas,20261001,teamfight,0.5113333333333333,0.011333333333333306,False
dense_regional_deterministic,60,0.5,tcn,americas,20261002,baron,0.5173333333333333,0.01733333333333331,False
dense_regional_deterministic,60,0.5,tcn,americas,20261002,dragon,0.5073333333333333,0.007333333333333303,False
dense_regional_deterministic,60,0.5,tcn,americas,20261002,teamfight,0.5086666666666667,0.008666666666666711,False
dense_regional_deterministic,60,0.75,tcn,americas,20260930,baron,0.7986666666666666,0.048666666666666636,False
dense_regional_deterministic,60,0.75,tcn,americas,20261001,baron,0.7513333333333333,0.0013333333333332975,False
dense_regional_deterministic,60,0.75,tcn,americas,20261001,dragon,0.76,0.010000000000000009,False
dense_regional_deterministic,60,0.75,tcn,americas,20261001,teamfight,0.7753333333333333,0.02533333333333332,False
dense_regional_deterministic,60,0.75,tcn,americas,20261002,baron,0.7773333333333333,0.02733333333333332,False
dense_regional_deterministic,60,1.0,tcn,americas,20260930,baron,1.038,0.038000000000000034,True
dense_regional_deterministic,60,1.0,tcn,americas,20260930,dragon,1.0273333333333334,0.02733333333333343,True
dense_regional_deterministic,60,1.0,tcn,americas,20261001,baron,1.0253333333333334,0.02533333333333343,True
dense_regional_deterministic,60,1.0,tcn,americas,20261001,dragon,1.0113333333333334,0.011333333333333417,True
dense_regional_deterministic,60,1.0,tcn,americas,20261001,teamfight,1.036,0.03600000000000003,True
dense_regional_deterministic,60,1.0,tcn,americas,20261002,baron,1.034,0.03400000000000003,True
dense_regional_deterministic,60,0.25,snapshot,americas,20260930,baron,0.25133333333333335,0.001333333333333353,False
dense_regional_deterministic,60,0.25,snapshot,americas,20260930,teamfight,0.2693333333333333,0.019333333333333313,False
dense_regional_deterministic,60,0.25,snapshot,americas,20261001,teamfight,0.27,0.020000000000000018,False
dense_regional_deterministic,60,0.25,snapshot,americas,20261002,teamfight,0.2786666666666667,0.028666666666666674,False
dense_regional_deterministic,60,0.5,snapshot,americas,20260930,teamfight,0.504,0.0040000000000000036,False
dense_regional_deterministic,60,0.5,snapshot,americas,20261001,teamfight,0.5293333333333333,0.029333333333333322,False
dense_regional_deterministic,60,0.5,snapshot,americas,20261002,dragon,0.5466666666666666,0.046666666666666634,False
dense_regional_deterministic,60,0.5,snapshot,americas,20261002,teamfight,0.52,0.020000000000000018,False
dense_regional_deterministic,60,0.75,snapshot,americas,20260930,baron,0.7773333333333333,0.02733333333333332,False
dense_regional_deterministic,60,0.75,snapshot,americas,20260930,teamfight,0.808,0.05800000000000005,False
dense_regional_deterministic,60,0.75,snapshot,americas,20261001,baron,0.7666666666666667,0.01666666666666672,False
dense_regional_deterministic,60,0.75,snapshot,americas,20261001,dragon,0.7793333333333333,0.029333333333333322,False
dense_regional_deterministic,60,0.75,snapshot,americas,20261001,teamfight,0.7873333333333333,0.03733333333333333,False
dense_regional_deterministic,60,0.75,snapshot,americas,20261002,baron,0.7606666666666667,0.010666666666666713,False
dense_regional_deterministic,60,0.75,snapshot,americas,20261002,dragon,0.7566666666666667,0.00666666666666671,False
dense_regional_deterministic,60,0.75,snapshot,americas,20261002,teamfight,0.8126666666666666,0.06266666666666665,False
dense_regional_deterministic,60,1.0,snapshot,americas,20260930,baron,1.0326666666666666,0.03266666666666662,True
dense_regional_deterministic,60,1.0,snapshot,americas,20260930,teamfight,1.0766666666666667,0.07666666666666666,True
dense_regional_deterministic,60,1.0,snapshot,americas,20261001,baron,1.0606666666666666,0.06066666666666665,True
dense_regional_deterministic,60,1.0,snapshot,americas,20261001,dragon,1.0206666666666666,0.02066666666666661,True
dense_regional_deterministic,60,1.0,snapshot,americas,20261001,teamfight,1.0393333333333334,0.03933333333333344,True
dense_regional_deterministic,60,1.0,snapshot,americas,20261002,baron,1.0233333333333334,0.023333333333333428,True
dense_regional_deterministic,60,1.0,snapshot,americas,20261002,dragon,1.01,0.010000000000000009,True
dense_regional_deterministic,60,1.0,snapshot,americas,20261002,teamfight,1.0086666666666666,0.0086666666666666,True
dense_regional_deterministic,60,0.25,current_only,americas,20260930,teamfight,0.28733333333333333,0.03733333333333333,False
dense_regional_deterministic,60,0.25,current_only,americas,20261001,baron,0.25466666666666665,0.004666666666666652,False
dense_regional_deterministic,60,0.25,current_only,americas,20261001,teamfight,0.274,0.02400000000000002,False
dense_regional_deterministic,60,0.25,current_only,americas,20261002,baron,0.254,0.0040000000000000036,False
dense_regional_deterministic,60,0.25,current_only,americas,20261002,teamfight,0.26266666666666666,0.01266666666666666,False
dense_regional_deterministic,60,0.5,current_only,americas,20260930,baron,0.512,0.01200000000000001,False
dense_regional_deterministic,60,0.5,current_only,americas,20260930,teamfight,0.538,0.038000000000000034,False
dense_regional_deterministic,60,0.5,current_only,americas,20261001,baron,0.5106666666666667,0.010666666666666713,False
dense_regional_deterministic,60,0.5,current_only,americas,20261001,dragon,0.5033333333333333,0.0033333333333332993,False
dense_regional_deterministic,60,0.5,current_only,americas,20261001,teamfight,0.52,0.020000000000000018,False
dense_regional_deterministic,60,0.5,current_only,americas,20261002,baron,0.5266666666666666,0.026666666666666616,False
dense_regional_deterministic,60,0.5,current_only,americas,20261002,dragon,0.53,0.030000000000000027,False
dense_regional_deterministic,60,0.5,current_only,americas,20261002,teamfight,0.5046666666666667,0.004666666666666708,False
dense_regional_deterministic,60,0.75,current_only,americas,20260930,baron,0.764,0.014000000000000012,False
dense_regional_deterministic,60,0.75,current_only,americas,20260930,dragon,0.7506666666666667,0.0006666666666667043,False
dense_regional_deterministic,60,0.75,current_only,americas,20260930,teamfight,0.7586666666666667,0.008666666666666711,False
dense_regional_deterministic,60,0.75,current_only,americas,20261001,baron,0.78,0.030000000000000027,False
dense_regional_deterministic,60,0.75,current_only,americas,20261001,dragon,0.7713333333333333,0.021333333333333315,False
dense_regional_deterministic,60,0.75,current_only,americas,20261001,teamfight,0.7773333333333333,0.02733333333333332,False
dense_regional_deterministic,60,0.75,current_only,americas,20261002,baron,0.772,0.02200000000000002,False
dense_regional_deterministic,60,0.75,current_only,americas,20261002,dragon,0.78,0.030000000000000027,False
dense_regional_deterministic,60,1.0,current_only,americas,20260930,baron,1.04,0.040000000000000036,True
dense_regional_deterministic,60,1.0,current_only,americas,20260930,dragon,1.0326666666666666,0.03266666666666662,True
dense_regional_deterministic,60,1.0,current_only,americas,20260930,teamfight,1.0326666666666666,0.03266666666666662,True
dense_regional_deterministic,60,1.0,current_only,americas,20261001,baron,1.0606666666666666,0.06066666666666665,True
dense_regional_deterministic,60,1.0,current_only,americas,20261001,teamfight,1.026,0.026000000000000023,True
dense_regional_deterministic,60,1.0,current_only,americas,20261002,baron,1.0486666666666666,0.048666666666666636,True
dense_regional_deterministic,60,1.0,current_only,americas,20261002,dragon,1.0233333333333334,0.023333333333333428,True
dense_regional_deterministic,60,1.0,current_only,americas,20261002,teamfight,1.0026666666666666,0.002666666666666595,True
dense_regional_deterministic,60,0.25,independent,americas,20260930,teamfight,0.25933333333333336,0.00933333333333336,False
dense_regional_deterministic,60,0.25,independent,americas,20261001,dragon,0.25333333333333335,0.003333333333333355,False
dense_regional_deterministic,60,0.25,independent,americas,20261002,teamfight,0.254,0.0040000000000000036,False
dense_regional_deterministic,60,0.5,independent,americas,20260930,teamfight,0.5186666666666667,0.01866666666666672,False
dense_regional_deterministic,60,0.75,independent,americas,20260930,teamfight,0.7833333333333333,0.033333333333333326,False
dense_regional_deterministic,60,0.75,independent,americas,20261001,dragon,0.7673333333333333,0.01733333333333331,False
dense_regional_deterministic,60,0.75,independent,americas,20261001,teamfight,0.764,0.014000000000000012,False
dense_regional_deterministic,60,0.75,independent,americas,20261002,teamfight,0.754,0.0040000000000000036,False
dense_regional_deterministic,60,1.0,independent,americas,20260930,dragon,1.0006666666666666,0.0006666666666665932,True
dense_regional_deterministic,60,1.0,independent,americas,20260930,teamfight,1.0406666666666666,0.04066666666666663,True
dense_regional_deterministic,60,1.0,independent,americas,20261001,baron,1.0173333333333334,0.017333333333333423,True
dense_regional_deterministic,60,1.0,independent,americas,20261001,teamfight,1.01,0.010000000000000009,True
dense_regional_deterministic,60,0.25,pcgrad,americas,20260930,dragon,0.254,0.0040000000000000036,False
dense_regional_deterministic,60,0.25,pcgrad,americas,20260930,teamfight,0.26066666666666666,0.010666666666666658,False
dense_regional_deterministic,60,0.25,pcgrad,americas,20261001,dragon,0.26866666666666666,0.018666666666666665,False
dense_regional_deterministic,60,0.25,pcgrad,americas,20261002,baron,0.2633333333333333,0.013333333333333308,False
dense_regional_deterministic,60,0.5,pcgrad,americas,20260930,baron,0.5146666666666667,0.014666666666666717,False
dense_regional_deterministic,60,0.5,pcgrad,americas,20260930,dragon,0.5226666666666666,0.022666666666666613,False
dense_regional_deterministic,60,0.5,pcgrad,americas,20261001,dragon,0.5293333333333333,0.029333333333333322,False
dense_regional_deterministic,60,0.5,pcgrad,americas,20261002,baron,0.516,0.016000000000000014,False
dense_regional_deterministic,60,0.5,pcgrad,americas,20261002,dragon,0.5213333333333333,0.021333333333333315,False
dense_regional_deterministic,60,0.5,pcgrad,americas,20261002,teamfight,0.5046666666666667,0.004666666666666708,False
dense_regional_deterministic,60,0.75,pcgrad,americas,20260930,baron,0.7573333333333333,0.007333333333333303,False
dense_regional_deterministic,60,0.75,pcgrad,americas,20260930,dragon,0.7626666666666667,0.012666666666666715,False
dense_regional_deterministic,60,0.75,pcgrad,americas,20261002,baron,0.754,0.0040000000000000036,False
dense_regional_deterministic,60,0.75,pcgrad,americas,20261002,teamfight,0.758,0.008000000000000007,False
dense_regional_deterministic,60,1.0,pcgrad,americas,20260930,baron,1.014,0.014000000000000012,True
dense_regional_deterministic,60,1.0,pcgrad,americas,20261001,baron,1.03,0.030000000000000027,True
dense_regional_deterministic,60,1.0,pcgrad,americas,20261002,baron,1.0146666666666666,0.014666666666666606,True
dense_regional_deterministic,60,0.25,timely_leagueews,americas,20261001,baron,0.25666666666666665,0.006666666666666654,False
dense_regional_deterministic,60,0.25,timely_leagueews,americas,20261002,baron,0.258,0.008000000000000007,False
dense_regional_deterministic,60,0.5,timely_leagueews,americas,20260930,baron,0.5233333333333333,0.023333333333333317,False
dense_regional_deterministic,60,0.5,timely_leagueews,americas,20260930,teamfight,0.5013333333333333,0.0013333333333332975,False
dense_regional_deterministic,60,0.5,timely_leagueews,americas,20261002,baron,0.53,0.030000000000000027,False
dense_regional_deterministic,60,0.75,timely_leagueews,americas,20260930,baron,0.774,0.02400000000000002,False
dense_regional_deterministic,60,0.75,timely_leagueews,americas,20260930,teamfight,0.762,0.01200000000000001,False
dense_regional_deterministic,60,0.25,timely_tcn,americas,20260930,baron,0.25066666666666665,0.0006666666666666488,False
dense_regional_deterministic,60,0.25,timely_tcn,americas,20261001,teamfight,0.256,0.006000000000000005,False
dense_regional_deterministic,60,0.25,timely_tcn,americas,20261002,dragon,0.258,0.008000000000000007,False
dense_regional_deterministic,60,0.5,timely_tcn,americas,20260930,baron,0.5333333333333333,0.033333333333333326,False
dense_regional_deterministic,60,0.5,timely_tcn,americas,20261001,dragon,0.502,0.0020000000000000018,False
dense_regional_deterministic,60,0.5,timely_tcn,americas,20261002,baron,0.5226666666666666,0.022666666666666613,False
dense_regional_deterministic,60,0.75,timely_tcn,americas,20260930,baron,0.7826666666666666,0.03266666666666662,False
dense_regional_deterministic,60,0.75,timely_tcn,americas,20261001,baron,0.7553333333333333,0.005333333333333301,False
dense_regional_deterministic,60,0.75,timely_tcn,americas,20261002,baron,0.758,0.008000000000000007,False
dense_regional_deterministic,60,1.0,timely_tcn,americas,20260930,baron,1.058,0.05800000000000005,True
dense_regional_deterministic,60,1.0,timely_tcn,americas,20260930,teamfight,1.004,0.0040000000000000036,True
dense_regional_deterministic,60,1.0,timely_tcn,americas,20261001,baron,1.022,0.02200000000000002,True
dense_regional_deterministic,60,1.0,timely_tcn,americas,20261001,teamfight,1.0033333333333334,0.0033333333333334103,True
dense_regional_deterministic,60,1.0,timely_tcn,americas,20261002,baron,1.012,0.01200000000000001,True
dense_regional_deterministic,60,0.25,timely_current_only,americas,20261002,baron,0.26266666666666666,0.01266666666666666,False
dense_regional_deterministic,60,0.25,timely_current_only,americas,20261002,teamfight,0.26,0.010000000000000009,False
dense_regional_deterministic,60,0.5,timely_current_only,americas,20260930,baron,0.518,0.018000000000000016,False
dense_regional_deterministic,60,0.5,timely_current_only,americas,20261002,baron,0.524,0.02400000000000002,False
dense_regional_deterministic,60,0.75,timely_current_only,americas,20260930,baron,0.768,0.018000000000000016,False
dense_regional_deterministic,60,0.75,timely_current_only,americas,20261001,baron,0.786,0.03600000000000003,False
dense_regional_deterministic,60,0.75,timely_current_only,americas,20261002,baron,0.7566666666666667,0.00666666666666671,False
dense_regional_deterministic,60,1.0,timely_current_only,americas,20260930,baron,1.0546666666666666,0.05466666666666664,True
dense_regional_deterministic,60,1.0,timely_current_only,americas,20261001,baron,1.0526666666666666,0.05266666666666664,True
dense_regional_deterministic,60,1.0,timely_current_only,americas,20261002,baron,1.016,0.016000000000000014,True
dense_regional_deterministic,60,0.25,timely_clock_only,americas,20260930,baron,0.254,0.0040000000000000036,False
dense_regional_deterministic,60,0.25,timely_clock_only,americas,20261001,baron,0.27066666666666667,0.020666666666666667,False
dense_regional_deterministic,60,0.25,timely_clock_only,americas,20261002,baron,0.25733333333333336,0.007333333333333358,False
dense_regional_deterministic,60,0.5,timely_clock_only,americas,20261002,baron,0.5126666666666667,0.012666666666666715,False
dense_regional_deterministic,60,0.75,timely_clock_only,americas,20260930,dragon,0.768,0.018000000000000016,False
dense_regional_deterministic,60,0.75,timely_clock_only,americas,20261001,baron,0.7626666666666667,0.012666666666666715,False
dense_regional_deterministic,60,0.75,timely_clock_only,americas,20261001,dragon,0.754,0.0040000000000000036,False
dense_regional_deterministic,60,0.25,timely_clock_history,americas,20261001,teamfight,0.25666666666666665,0.006666666666666654,False
dense_regional_deterministic,60,0.25,timely_clock_history,americas,20261002,teamfight,0.26666666666666666,0.016666666666666663,False
dense_regional_deterministic,60,0.5,timely_clock_history,americas,20260930,baron,0.51,0.010000000000000009,False
dense_regional_deterministic,60,0.5,timely_clock_history,americas,20261001,baron,0.508,0.008000000000000007,False
dense_regional_deterministic,60,0.5,timely_clock_history,americas,20261002,baron,0.5086666666666667,0.008666666666666711,False
dense_regional_deterministic,60,0.5,timely_clock_history,americas,20261002,teamfight,0.5173333333333333,0.01733333333333331,False
dense_regional_deterministic,60,0.75,timely_clock_history,americas,20260930,baron,0.7833333333333333,0.033333333333333326,False
dense_regional_deterministic,60,0.75,timely_clock_history,americas,20261001,baron,0.796,0.04600000000000004,False
dense_regional_deterministic,60,0.75,timely_clock_history,americas,20261001,teamfight,0.762,0.01200000000000001,False
dense_regional_deterministic,60,0.75,timely_clock_history,americas,20261002,teamfight,0.768,0.018000000000000016,False
dense_regional_deterministic,60,1.0,timely_clock_history,americas,20260930,baron,1.0673333333333332,0.06733333333333325,True
dense_regional_deterministic,60,1.0,timely_clock_history,americas,20261001,baron,1.0466666666666666,0.046666666666666634,True
dense_regional_deterministic,60,1.0,timely_clock_history,americas,20261002,baron,1.046,0.04600000000000004,True
