region,horizon,policy,budget,family,seed,event,matches,events,hits,timely,alerts,false,opportunities
overall,30,uncapped_empirical,0.25,timely_equal_sum,20260930,baron,3000,3241,610,335,1036,426,1091
overall,30,uncapped_empirical,0.25,timely_equal_sum,20260930,dragon,3000,11329,866,646,1400,534,3736
overall,30,uncapped_empirical,0.25,timely_equal_sum,20260930,teamfight,3000,19795,393,239,917,524,6648
overall,30,uncapped_empirical,0.25,timely_equal_sum,20261001,baron,3000,3241,628,346,1074,446,1091
overall,30,uncapped_empirical,0.25,timely_equal_sum,20261001,dragon,3000,11329,799,588,1331,532,3736
overall,30,uncapped_empirical,0.25,timely_equal_sum,20261001,teamfight,3000,19795,391,235,916,525,6648
overall,30,uncapped_empirical,0.25,timely_equal_sum,20261002,baron,3000,3241,582,313,1022,440,1091
overall,30,uncapped_empirical,0.25,timely_equal_sum,20261002,dragon,3000,11329,842,614,1341,499,3736
overall,30,uncapped_empirical,0.25,timely_equal_sum,20261002,teamfight,3000,19795,394,239,931,537,6648
overall,30,uncapped_empirical,0.5,timely_equal_sum,20260930,baron,3000,3241,866,507,1949,1083,1091
overall,30,uncapped_empirical,0.5,timely_equal_sum,20260930,dragon,3000,11329,1539,1034,2540,1001,3736
overall,30,uncapped_empirical,0.5,timely_equal_sum,20260930,teamfight,3000,19795,741,446,1887,1146,6648
overall,30,uncapped_empirical,0.5,timely_equal_sum,20261001,baron,3000,3241,871,508,1964,1093,1091
overall,30,uncapped_empirical,0.5,timely_equal_sum,20261001,dragon,3000,11329,1486,1019,2484,998,3736
overall,30,uncapped_empirical,0.5,timely_equal_sum,20261001,teamfight,3000,19795,727,433,1833,1106,6648
overall,30,uncapped_empirical,0.5,timely_equal_sum,20261002,baron,3000,3241,869,509,1987,1118,1091
overall,30,uncapped_empirical,0.5,timely_equal_sum,20261002,dragon,3000,11329,1507,1026,2477,970,3736
overall,30,uncapped_empirical,0.5,timely_equal_sum,20261002,teamfight,3000,19795,745,445,1917,1172,6648
overall,30,uncapped_empirical,0.75,timely_equal_sum,20260930,baron,3000,3241,1040,631,2798,1758,1091
overall,30,uncapped_empirical,0.75,timely_equal_sum,20260930,dragon,3000,11329,2134,1362,3525,1391,3736
overall,30,uncapped_empirical,0.75,timely_equal_sum,20260930,teamfight,3000,19795,981,582,2629,1648,6648
overall,30,uncapped_empirical,0.75,timely_equal_sum,20261001,baron,3000,3241,1040,632,2808,1768,1091
overall,30,uncapped_empirical,0.75,timely_equal_sum,20261001,dragon,3000,11329,2154,1400,3590,1436,3736
overall,30,uncapped_empirical,0.75,timely_equal_sum,20261001,teamfight,3000,19795,991,594,2674,1683,6648
overall,30,uncapped_empirical,0.75,timely_equal_sum,20261002,baron,3000,3241,1033,629,2893,1860,1091
overall,30,uncapped_empirical,0.75,timely_equal_sum,20261002,dragon,3000,11329,2210,1449,3671,1461,3736
overall,30,uncapped_empirical,0.75,timely_equal_sum,20261002,teamfight,3000,19795,1044,622,2782,1738,6648
overall,30,uncapped_empirical,1.0,timely_equal_sum,20260930,baron,3000,3241,1164,720,3668,2504,1091
overall,30,uncapped_empirical,1.0,timely_equal_sum,20260930,dragon,3000,11329,2764,1743,4696,1932,3736
overall,30,uncapped_empirical,1.0,timely_equal_sum,20260930,teamfight,3000,19795,1275,767,3580,2305,6648
overall,30,uncapped_empirical,1.0,timely_equal_sum,20261001,baron,3000,3241,1170,724,3693,2523,1091
overall,30,uncapped_empirical,1.0,timely_equal_sum,20261001,dragon,3000,11329,2792,1776,4722,1930,3736
overall,30,uncapped_empirical,1.0,timely_equal_sum,20261001,teamfight,3000,19795,1302,788,3609,2307,6648
overall,30,uncapped_empirical,1.0,timely_equal_sum,20261002,baron,3000,3241,1143,706,3724,2581,1091
overall,30,uncapped_empirical,1.0,timely_equal_sum,20261002,dragon,3000,11329,2780,1778,4735,1955,3736
overall,30,uncapped_empirical,1.0,timely_equal_sum,20261002,teamfight,3000,19795,1277,760,3542,2265,6648
overall,60,uncapped_empirical,0.25,timely_equal_sum,20260930,baron,3000,3241,492,285,974,482,2152
overall,60,uncapped_empirical,0.25,timely_equal_sum,20260930,dragon,3000,11329,1360,1258,1900,540,7555
overall,60,uncapped_empirical,0.25,timely_equal_sum,20260930,teamfight,3000,19795,552,436,1086,534,13137
overall,60,uncapped_empirical,0.25,timely_equal_sum,20261001,baron,3000,3241,500,298,1027,527,2152
overall,60,uncapped_empirical,0.25,timely_equal_sum,20261001,dragon,3000,11329,1350,1259,1887,537,7555
overall,60,uncapped_empirical,0.25,timely_equal_sum,20261001,teamfight,3000,19795,527,414,1072,545,13137
overall,60,uncapped_empirical,0.25,timely_equal_sum,20261002,baron,3000,3241,532,322,1144,612,2152
overall,60,uncapped_empirical,0.25,timely_equal_sum,20261002,dragon,3000,11329,1345,1263,1912,567,7555
overall,60,uncapped_empirical,0.25,timely_equal_sum,20261002,teamfight,3000,19795,537,424,1023,486,13137
overall,60,uncapped_empirical,0.5,timely_equal_sum,20260930,baron,3000,3241,952,555,2059,1107,2152
overall,60,uncapped_empirical,0.5,timely_equal_sum,20260930,dragon,3000,11329,2529,2206,3647,1118,7555
overall,60,uncapped_empirical,0.5,timely_equal_sum,20260930,teamfight,3000,19795,1003,786,2083,1080,13137
overall,60,uncapped_empirical,0.5,timely_equal_sum,20261001,baron,3000,3241,914,555,1978,1064,2152
overall,60,uncapped_empirical,0.5,timely_equal_sum,20261001,dragon,3000,11329,2485,2188,3592,1107,7555
overall,60,uncapped_empirical,0.5,timely_equal_sum,20261001,teamfight,3000,19795,1043,819,2190,1147,13137
overall,60,uncapped_empirical,0.5,timely_equal_sum,20261002,baron,3000,3241,894,555,2100,1206,2152
overall,60,uncapped_empirical,0.5,timely_equal_sum,20261002,dragon,3000,11329,2418,2161,3499,1081,7555
overall,60,uncapped_empirical,0.5,timely_equal_sum,20261002,teamfight,3000,19795,1083,849,2190,1107,13137
overall,60,uncapped_empirical,0.75,timely_equal_sum,20260930,baron,3000,3241,1320,788,3022,1702,2152
overall,60,uncapped_empirical,0.75,timely_equal_sum,20260930,dragon,3000,11329,3414,2866,4993,1579,7555
overall,60,uncapped_empirical,0.75,timely_equal_sum,20260930,teamfight,3000,19795,1548,1184,3332,1784,13137
overall,60,uncapped_empirical,0.75,timely_equal_sum,20261001,baron,3000,3241,1249,749,2921,1672,2152
overall,60,uncapped_empirical,0.75,timely_equal_sum,20261001,dragon,3000,11329,3380,2834,4969,1589,7555
overall,60,uncapped_empirical,0.75,timely_equal_sum,20261001,teamfight,3000,19795,1510,1165,3236,1726,13137
overall,60,uncapped_empirical,0.75,timely_equal_sum,20261002,baron,3000,3241,1237,782,3062,1825,2152
overall,60,uncapped_empirical,0.75,timely_equal_sum,20261002,dragon,3000,11329,3347,2858,4988,1641,7555
overall,60,uncapped_empirical,0.75,timely_equal_sum,20261002,teamfight,3000,19795,1532,1165,3219,1687,13137
overall,60,uncapped_empirical,1.0,timely_equal_sum,20260930,baron,3000,3241,1630,983,3926,2296,2152
overall,60,uncapped_empirical,1.0,timely_equal_sum,20260930,dragon,3000,11329,4300,3430,6306,2006,7555
overall,60,uncapped_empirical,1.0,timely_equal_sum,20260930,teamfight,3000,19795,1989,1495,4389,2400,13137
overall,60,uncapped_empirical,1.0,timely_equal_sum,20261001,baron,3000,3241,1609,973,3921,2312,2152
overall,60,uncapped_empirical,1.0,timely_equal_sum,20261001,dragon,3000,11329,4310,3423,6329,2019,7555
overall,60,uncapped_empirical,1.0,timely_equal_sum,20261001,teamfight,3000,19795,1976,1494,4311,2335,13137
overall,60,uncapped_empirical,1.0,timely_equal_sum,20261002,baron,3000,3241,1519,958,3891,2372,2152
overall,60,uncapped_empirical,1.0,timely_equal_sum,20261002,dragon,3000,11329,4243,3441,6337,2094,7555
overall,60,uncapped_empirical,1.0,timely_equal_sum,20261002,teamfight,3000,19795,1989,1486,4288,2299,13137
overall,30,uncapped_empirical,0.25,timely_equal_tcn,20260930,baron,3000,3241,580,314,1018,438,1091
overall,30,uncapped_empirical,0.25,timely_equal_tcn,20260930,dragon,3000,11329,851,604,1406,555,3736
overall,30,uncapped_empirical,0.25,timely_equal_tcn,20260930,teamfight,3000,19795,393,230,920,527,6648
overall,30,uncapped_empirical,0.25,timely_equal_tcn,20261001,baron,3000,3241,606,335,1058,452,1091
overall,30,uncapped_empirical,0.25,timely_equal_tcn,20261001,dragon,3000,11329,805,567,1293,488,3736
overall,30,uncapped_empirical,0.25,timely_equal_tcn,20261001,teamfight,3000,19795,376,222,867,491,6648
overall,30,uncapped_empirical,0.25,timely_equal_tcn,20261002,baron,3000,3241,580,317,1024,444,1091
overall,30,uncapped_empirical,0.25,timely_equal_tcn,20261002,dragon,3000,11329,789,600,1349,560,3736
overall,30,uncapped_empirical,0.25,timely_equal_tcn,20261002,teamfight,3000,19795,382,217,921,539,6648
overall,30,uncapped_empirical,0.5,timely_equal_tcn,20260930,baron,3000,3241,865,512,1989,1124,1091
overall,30,uncapped_empirical,0.5,timely_equal_tcn,20260930,dragon,3000,11329,1426,930,2327,901,3736
overall,30,uncapped_empirical,0.5,timely_equal_tcn,20260930,teamfight,3000,19795,681,408,1755,1074,6648
overall,30,uncapped_empirical,0.5,timely_equal_tcn,20261001,baron,3000,3241,861,507,2016,1155,1091
overall,30,uncapped_empirical,0.5,timely_equal_tcn,20261001,dragon,3000,11329,1501,954,2403,902,3736
overall,30,uncapped_empirical,0.5,timely_equal_tcn,20261001,teamfight,3000,19795,686,406,1781,1095,6648
overall,30,uncapped_empirical,0.5,timely_equal_tcn,20261002,baron,3000,3241,850,491,1980,1130,1091
overall,30,uncapped_empirical,0.5,timely_equal_tcn,20261002,dragon,3000,11329,1386,932,2311,925,3736
overall,30,uncapped_empirical,0.5,timely_equal_tcn,20261002,teamfight,3000,19795,691,412,1769,1078,6648
overall,30,uncapped_empirical,0.75,timely_equal_tcn,20260930,baron,3000,3241,1014,616,2810,1796,1091
overall,30,uncapped_empirical,0.75,timely_equal_tcn,20260930,dragon,3000,11329,2161,1363,3568,1407,3736
overall,30,uncapped_empirical,0.75,timely_equal_tcn,20260930,teamfight,3000,19795,988,588,2681,1693,6648
overall,30,uncapped_empirical,0.75,timely_equal_tcn,20261001,baron,3000,3241,1029,626,2872,1843,1091
overall,30,uncapped_empirical,0.75,timely_equal_tcn,20261001,dragon,3000,11329,2178,1342,3555,1377,3736
overall,30,uncapped_empirical,0.75,timely_equal_tcn,20261001,teamfight,3000,19795,990,605,2718,1728,6648
overall,30,uncapped_empirical,0.75,timely_equal_tcn,20261002,baron,3000,3241,1017,612,2839,1822,1091
overall,30,uncapped_empirical,0.75,timely_equal_tcn,20261002,dragon,3000,11329,2184,1384,3643,1459,3736
overall,30,uncapped_empirical,0.75,timely_equal_tcn,20261002,teamfight,3000,19795,987,587,2646,1659,6648
overall,30,uncapped_empirical,1.0,timely_equal_tcn,20260930,baron,3000,3241,1148,706,3596,2448,1091
overall,30,uncapped_empirical,1.0,timely_equal_tcn,20260930,dragon,3000,11329,2828,1746,4798,1970,3736
overall,30,uncapped_empirical,1.0,timely_equal_tcn,20260930,teamfight,3000,19795,1251,739,3502,2251,6648
overall,30,uncapped_empirical,1.0,timely_equal_tcn,20261001,baron,3000,3241,1132,701,3646,2514,1091
overall,30,uncapped_empirical,1.0,timely_equal_tcn,20261001,dragon,3000,11329,2788,1730,4642,1854,3736
overall,30,uncapped_empirical,1.0,timely_equal_tcn,20261001,teamfight,3000,19795,1201,722,3447,2246,6648
overall,30,uncapped_empirical,1.0,timely_equal_tcn,20261002,baron,3000,3241,1130,692,3672,2542,1091
overall,30,uncapped_empirical,1.0,timely_equal_tcn,20261002,dragon,3000,11329,2778,1756,4713,1935,3736
overall,30,uncapped_empirical,1.0,timely_equal_tcn,20261002,teamfight,3000,19795,1287,749,3665,2378,6648
overall,60,uncapped_empirical,0.25,timely_equal_tcn,20260930,baron,3000,3241,498,273,1040,542,2152
overall,60,uncapped_empirical,0.25,timely_equal_tcn,20260930,dragon,3000,11329,1430,1282,1978,548,7555
overall,60,uncapped_empirical,0.25,timely_equal_tcn,20260930,teamfight,3000,19795,528,418,1067,539,13137
overall,60,uncapped_empirical,0.25,timely_equal_tcn,20261001,baron,3000,3241,473,246,946,473,2152
overall,60,uncapped_empirical,0.25,timely_equal_tcn,20261001,dragon,3000,11329,1353,1224,1868,515,7555
overall,60,uncapped_empirical,0.25,timely_equal_tcn,20261001,teamfight,3000,19795,492,399,1006,514,13137
overall,60,uncapped_empirical,0.25,timely_equal_tcn,20261002,baron,3000,3241,478,265,1054,576,2152
overall,60,uncapped_empirical,0.25,timely_equal_tcn,20261002,dragon,3000,11329,1400,1293,1942,542,7555
overall,60,uncapped_empirical,0.25,timely_equal_tcn,20261002,teamfight,3000,19795,517,410,1056,539,13137
overall,60,uncapped_empirical,0.5,timely_equal_tcn,20260930,baron,3000,3241,912,516,2029,1117,2152
overall,60,uncapped_empirical,0.5,timely_equal_tcn,20260930,dragon,3000,11329,2484,2146,3525,1041,7555
overall,60,uncapped_empirical,0.5,timely_equal_tcn,20260930,teamfight,3000,19795,955,744,2033,1078,13137
overall,60,uncapped_empirical,0.5,timely_equal_tcn,20261001,baron,3000,3241,861,473,1856,995,2152
overall,60,uncapped_empirical,0.5,timely_equal_tcn,20261001,dragon,3000,11329,2533,2176,3602,1069,7555
overall,60,uncapped_empirical,0.5,timely_equal_tcn,20261001,teamfight,3000,19795,954,760,2097,1143,13137
overall,60,uncapped_empirical,0.5,timely_equal_tcn,20261002,baron,3000,3241,854,505,2030,1176,2152
overall,60,uncapped_empirical,0.5,timely_equal_tcn,20261002,dragon,3000,11329,2460,2204,3633,1173,7555
overall,60,uncapped_empirical,0.5,timely_equal_tcn,20261002,teamfight,3000,19795,950,743,2036,1086,13137
overall,60,uncapped_empirical,0.75,timely_equal_tcn,20260930,baron,3000,3241,1218,711,2900,1682,2152
overall,60,uncapped_empirical,0.75,timely_equal_tcn,20260930,dragon,3000,11329,3385,2784,4918,1533,7555
overall,60,uncapped_empirical,0.75,timely_equal_tcn,20260930,teamfight,3000,19795,1425,1089,3115,1690,13137
overall,60,uncapped_empirical,0.75,timely_equal_tcn,20261001,baron,3000,3241,1301,735,2996,1695,2152
overall,60,uncapped_empirical,0.75,timely_equal_tcn,20261001,dragon,3000,11329,3420,2831,4972,1552,7555
overall,60,uncapped_empirical,0.75,timely_equal_tcn,20261001,teamfight,3000,19795,1439,1130,3218,1779,13137
overall,60,uncapped_empirical,0.75,timely_equal_tcn,20261002,baron,3000,3241,1156,690,2866,1710,2152
overall,60,uncapped_empirical,0.75,timely_equal_tcn,20261002,dragon,3000,11329,3248,2794,4893,1645,7555
overall,60,uncapped_empirical,0.75,timely_equal_tcn,20261002,teamfight,3000,19795,1439,1095,3089,1650,13137
overall,60,uncapped_empirical,1.0,timely_equal_tcn,20260930,baron,3000,3241,1539,914,3780,2241,2152
overall,60,uncapped_empirical,1.0,timely_equal_tcn,20260930,dragon,3000,11329,4194,3292,6124,1930,7555
overall,60,uncapped_empirical,1.0,timely_equal_tcn,20260930,teamfight,3000,19795,1860,1421,4167,2307,13137
overall,60,uncapped_empirical,1.0,timely_equal_tcn,20261001,baron,3000,3241,1589,915,3829,2240,2152
overall,60,uncapped_empirical,1.0,timely_equal_tcn,20261001,dragon,3000,11329,4134,3270,6041,1907,7555
overall,60,uncapped_empirical,1.0,timely_equal_tcn,20261001,teamfight,3000,19795,1915,1487,4324,2409,13137
overall,60,uncapped_empirical,1.0,timely_equal_tcn,20261002,baron,3000,3241,1476,882,3780,2304,2152
overall,60,uncapped_empirical,1.0,timely_equal_tcn,20261002,dragon,3000,11329,4150,3366,6249,2099,7555
overall,60,uncapped_empirical,1.0,timely_equal_tcn,20261002,teamfight,3000,19795,1899,1427,4137,2238,13137
overall,30,uncapped_empirical,0.25,timely_equal_gru,20260930,baron,3000,3241,362,191,876,514,1091
overall,30,uncapped_empirical,0.25,timely_equal_gru,20260930,dragon,3000,11329,35,35,566,531,3736
overall,30,uncapped_empirical,0.25,timely_equal_gru,20260930,teamfight,3000,19795,254,162,781,527,6648
overall,30,uncapped_empirical,0.25,timely_equal_gru,20261001,baron,3000,3241,389,211,924,535,1091
overall,30,uncapped_empirical,0.25,timely_equal_gru,20261001,dragon,3000,11329,30,30,597,567,3736
overall,30,uncapped_empirical,0.25,timely_equal_gru,20261001,teamfight,3000,19795,260,167,810,550,6648
overall,30,uncapped_empirical,0.25,timely_equal_gru,20261002,baron,3000,3241,311,173,810,499,1091
overall,30,uncapped_empirical,0.25,timely_equal_gru,20261002,dragon,3000,11329,46,46,652,606,3736
overall,30,uncapped_empirical,0.25,timely_equal_gru,20261002,teamfight,3000,19795,218,150,755,537,6648
overall,30,uncapped_empirical,0.5,timely_equal_gru,20260930,baron,3000,3241,585,338,1770,1185,1091
overall,30,uncapped_empirical,0.5,timely_equal_gru,20260930,dragon,3000,11329,180,180,1475,1295,3736
overall,30,uncapped_empirical,0.5,timely_equal_gru,20260930,teamfight,3000,19795,468,301,1499,1031,6648
overall,30,uncapped_empirical,0.5,timely_equal_gru,20261001,baron,3000,3241,640,371,1807,1167,1091
overall,30,uncapped_empirical,0.5,timely_equal_gru,20261001,dragon,3000,11329,179,178,1507,1328,3736
overall,30,uncapped_empirical,0.5,timely_equal_gru,20261001,teamfight,3000,19795,535,344,1670,1135,6648
overall,30,uncapped_empirical,0.5,timely_equal_gru,20261002,baron,3000,3241,493,293,1639,1146,1091
overall,30,uncapped_empirical,0.5,timely_equal_gru,20261002,dragon,3000,11329,190,189,1411,1221,3736
overall,30,uncapped_empirical,0.5,timely_equal_gru,20261002,teamfight,3000,19795,417,274,1531,1114,6648
overall,30,uncapped_empirical,0.75,timely_equal_gru,20260930,baron,3000,3241,737,450,2495,1758,1091
overall,30,uncapped_empirical,0.75,timely_equal_gru,20260930,dragon,3000,11329,332,330,2349,2017,3736
overall,30,uncapped_empirical,0.75,timely_equal_gru,20260930,teamfight,3000,19795,696,448,2401,1705,6648
overall,30,uncapped_empirical,0.75,timely_equal_gru,20261001,baron,3000,3241,792,480,2603,1811,1091
overall,30,uncapped_empirical,0.75,timely_equal_gru,20261001,dragon,3000,11329,338,335,2410,2072,3736
overall,30,uncapped_empirical,0.75,timely_equal_gru,20261001,teamfight,3000,19795,738,466,2402,1664,6648
overall,30,uncapped_empirical,0.75,timely_equal_gru,20261002,baron,3000,3241,651,395,2466,1815,1091
overall,30,uncapped_empirical,0.75,timely_equal_gru,20261002,dragon,3000,11329,345,337,2381,2036,3736
overall,30,uncapped_empirical,0.75,timely_equal_gru,20261002,teamfight,3000,19795,596,396,2288,1692,6648
overall,30,uncapped_empirical,1.0,timely_equal_gru,20260930,baron,3000,3241,885,553,3432,2547,1091
overall,30,uncapped_empirical,1.0,timely_equal_gru,20260930,dragon,3000,11329,569,518,3257,2688,3736
overall,30,uncapped_empirical,1.0,timely_equal_gru,20260930,teamfight,3000,19795,945,599,3411,2466,6648
overall,30,uncapped_empirical,1.0,timely_equal_gru,20261001,baron,3000,3241,928,570,3398,2470,1091
overall,30,uncapped_empirical,1.0,timely_equal_gru,20261001,dragon,3000,11329,557,511,3271,2714,3736
overall,30,uncapped_empirical,1.0,timely_equal_gru,20261001,teamfight,3000,19795,942,601,3265,2323,6648
overall,30,uncapped_empirical,1.0,timely_equal_gru,20261002,baron,3000,3241,775,481,3272,2497,1091
overall,30,uncapped_empirical,1.0,timely_equal_gru,20261002,dragon,3000,11329,625,550,3378,2753,3736
overall,30,uncapped_empirical,1.0,timely_equal_gru,20261002,teamfight,3000,19795,818,537,3335,2517,6648
overall,60,uncapped_empirical,0.25,timely_equal_gru,20260930,baron,3000,3241,347,187,844,497,2152
overall,60,uncapped_empirical,0.25,timely_equal_gru,20260930,dragon,3000,11329,161,161,809,648,7555
overall,60,uncapped_empirical,0.25,timely_equal_gru,20260930,teamfight,3000,19795,430,367,1047,617,13137
overall,60,uncapped_empirical,0.25,timely_equal_gru,20261001,baron,3000,3241,450,225,963,513,2152
overall,60,uncapped_empirical,0.25,timely_equal_gru,20261001,dragon,3000,11329,134,134,791,657,7555
overall,60,uncapped_empirical,0.25,timely_equal_gru,20261001,teamfight,3000,19795,412,355,1057,645,13137
overall,60,uncapped_empirical,0.25,timely_equal_gru,20261002,baron,3000,3241,292,167,801,509,2152
overall,60,uncapped_empirical,0.25,timely_equal_gru,20261002,dragon,3000,11329,178,178,805,627,7555
overall,60,uncapped_empirical,0.25,timely_equal_gru,20261002,teamfight,3000,19795,389,334,973,584,13137
overall,60,uncapped_empirical,0.5,timely_equal_gru,20260930,baron,3000,3241,761,412,1866,1105,2152
overall,60,uncapped_empirical,0.5,timely_equal_gru,20260930,dragon,3000,11329,379,379,1843,1464,7555
overall,60,uncapped_empirical,0.5,timely_equal_gru,20260930,teamfight,3000,19795,831,682,2042,1211,13137
overall,60,uncapped_empirical,0.5,timely_equal_gru,20261001,baron,3000,3241,809,424,1893,1084,2152
overall,60,uncapped_empirical,0.5,timely_equal_gru,20261001,dragon,3000,11329,348,348,1795,1447,7555
overall,60,uncapped_empirical,0.5,timely_equal_gru,20261001,teamfight,3000,19795,801,667,2062,1261,13137
overall,60,uncapped_empirical,0.5,timely_equal_gru,20261002,baron,3000,3241,593,345,1640,1047,2152
overall,60,uncapped_empirical,0.5,timely_equal_gru,20261002,dragon,3000,11329,455,455,1930,1475,7555
overall,60,uncapped_empirical,0.5,timely_equal_gru,20261002,teamfight,3000,19795,756,625,1977,1221,13137
overall,60,uncapped_empirical,0.75,timely_equal_gru,20260930,baron,3000,3241,1064,603,2687,1623,2152
overall,60,uncapped_empirical,0.75,timely_equal_gru,20260930,dragon,3000,11329,573,573,2658,2085,7555
overall,60,uncapped_empirical,0.75,timely_equal_gru,20260930,teamfight,3000,19795,1146,919,2963,1817,13137
overall,60,uncapped_empirical,0.75,timely_equal_gru,20261001,baron,3000,3241,1126,601,2734,1608,2152
overall,60,uncapped_empirical,0.75,timely_equal_gru,20261001,dragon,3000,11329,578,578,2723,2145,7555
overall,60,uncapped_empirical,0.75,timely_equal_gru,20261001,teamfight,3000,19795,1183,971,3085,1902,13137
overall,60,uncapped_empirical,0.75,timely_equal_gru,20261002,baron,3000,3241,922,551,2657,1735,2152
overall,60,uncapped_empirical,0.75,timely_equal_gru,20261002,dragon,3000,11329,681,681,2763,2082,7555
overall,60,uncapped_empirical,0.75,timely_equal_gru,20261002,teamfight,3000,19795,1114,907,2999,1885,13137
overall,60,uncapped_empirical,1.0,timely_equal_gru,20260930,baron,3000,3241,1365,797,3721,2356,2152
overall,60,uncapped_empirical,1.0,timely_equal_gru,20260930,dragon,3000,11329,840,840,3741,2901,7555
overall,60,uncapped_empirical,1.0,timely_equal_gru,20260930,teamfight,3000,19795,1592,1266,4150,2558,13137
overall,60,uncapped_empirical,1.0,timely_equal_gru,20261001,baron,3000,3241,1415,788,3680,2265,2152
overall,60,uncapped_empirical,1.0,timely_equal_gru,20261001,dragon,3000,11329,866,866,3785,2919,7555
overall,60,uncapped_empirical,1.0,timely_equal_gru,20261001,teamfight,3000,19795,1575,1269,4082,2507,13137
overall,60,uncapped_empirical,1.0,timely_equal_gru,20261002,baron,3000,3241,1163,713,3475,2312,2152
overall,60,uncapped_empirical,1.0,timely_equal_gru,20261002,dragon,3000,11329,983,983,3916,2933,7555
overall,60,uncapped_empirical,1.0,timely_equal_gru,20261002,teamfight,3000,19795,1409,1137,3779,2370,13137
overall,30,uncapped_empirical,0.25,timely_independent,20260930,baron,3000,3241,544,310,999,455,1091
overall,30,uncapped_empirical,0.25,timely_independent,20260930,dragon,3000,11329,767,566,1310,543,3736
overall,30,uncapped_empirical,0.25,timely_independent,20260930,teamfight,3000,19795,360,223,871,511,6648
overall,30,uncapped_empirical,0.25,timely_independent,20261001,baron,3000,3241,600,328,1080,480,1091
overall,30,uncapped_empirical,0.25,timely_independent,20261001,dragon,3000,11329,736,571,1350,614,3736
overall,30,uncapped_empirical,0.25,timely_independent,20261001,teamfight,3000,19795,369,222,850,481,6648
overall,30,uncapped_empirical,0.25,timely_independent,20261002,baron,3000,3241,584,328,1040,456,1091
overall,30,uncapped_empirical,0.25,timely_independent,20261002,dragon,3000,11329,700,535,1247,547,3736
overall,30,uncapped_empirical,0.25,timely_independent,20261002,teamfight,3000,19795,371,236,909,538,6648
overall,30,uncapped_empirical,0.5,timely_independent,20260930,baron,3000,3241,820,485,1943,1123,1091
overall,30,uncapped_empirical,0.5,timely_independent,20260930,dragon,3000,11329,1427,969,2494,1067,3736
overall,30,uncapped_empirical,0.5,timely_independent,20260930,teamfight,3000,19795,705,418,1813,1108,6648
overall,30,uncapped_empirical,0.5,timely_independent,20261001,baron,3000,3241,844,506,1969,1125,1091
overall,30,uncapped_empirical,0.5,timely_independent,20261001,dragon,3000,11329,1371,969,2483,1112,3736
overall,30,uncapped_empirical,0.5,timely_independent,20261001,teamfight,3000,19795,699,412,1722,1023,6648
overall,30,uncapped_empirical,0.5,timely_independent,20261002,baron,3000,3241,855,513,1945,1090,1091
overall,30,uncapped_empirical,0.5,timely_independent,20261002,dragon,3000,11329,1407,988,2477,1070,3736
overall,30,uncapped_empirical,0.5,timely_independent,20261002,teamfight,3000,19795,663,419,1717,1054,6648
overall,30,uncapped_empirical,0.75,timely_independent,20260930,baron,3000,3241,992,610,2796,1804,1091
overall,30,uncapped_empirical,0.75,timely_independent,20260930,dragon,3000,11329,2074,1363,3552,1478,3736
overall,30,uncapped_empirical,0.75,timely_independent,20260930,teamfight,3000,19795,1002,596,2658,1656,6648
overall,30,uncapped_empirical,0.75,timely_independent,20261001,baron,3000,3241,986,608,2759,1773,1091
overall,30,uncapped_empirical,0.75,timely_independent,20261001,dragon,3000,11329,2000,1346,3554,1554,3736
overall,30,uncapped_empirical,0.75,timely_independent,20261001,teamfight,3000,19795,991,594,2650,1659,6648
overall,30,uncapped_empirical,0.75,timely_independent,20261002,baron,3000,3241,987,605,2732,1745,1091
overall,30,uncapped_empirical,0.75,timely_independent,20261002,dragon,3000,11329,2041,1371,3575,1534,3736
overall,30,uncapped_empirical,0.75,timely_independent,20261002,teamfight,3000,19795,1015,624,2709,1694,6648
overall,30,uncapped_empirical,1.0,timely_independent,20260930,baron,3000,3241,1124,700,3648,2524,1091
overall,30,uncapped_empirical,1.0,timely_independent,20260930,dragon,3000,11329,2548,1631,4436,1888,3736
overall,30,uncapped_empirical,1.0,timely_independent,20260930,teamfight,3000,19795,1321,780,3592,2271,6648
overall,30,uncapped_empirical,1.0,timely_independent,20261001,baron,3000,3241,1136,710,3658,2522,1091
overall,30,uncapped_empirical,1.0,timely_independent,20261001,dragon,3000,11329,2636,1695,4682,2046,3736
overall,30,uncapped_empirical,1.0,timely_independent,20261001,teamfight,3000,19795,1242,742,3502,2260,6648
overall,30,uncapped_empirical,1.0,timely_independent,20261002,baron,3000,3241,1110,690,3572,2462,1091
overall,30,uncapped_empirical,1.0,timely_independent,20261002,dragon,3000,11329,2671,1734,4741,2070,3736
overall,30,uncapped_empirical,1.0,timely_independent,20261002,teamfight,3000,19795,1272,777,3594,2322,6648
overall,60,uncapped_empirical,0.25,timely_independent,20260930,baron,3000,3241,470,299,952,482,2152
overall,60,uncapped_empirical,0.25,timely_independent,20260930,dragon,3000,11329,1409,1283,1949,540,7555
overall,60,uncapped_empirical,0.25,timely_independent,20260930,teamfight,3000,19795,505,395,1028,523,13137
overall,60,uncapped_empirical,0.25,timely_independent,20261001,baron,3000,3241,552,341,1057,505,2152
overall,60,uncapped_empirical,0.25,timely_independent,20261001,dragon,3000,11329,1318,1238,1861,543,7555
overall,60,uncapped_empirical,0.25,timely_independent,20261001,teamfight,3000,19795,517,406,1102,585,13137
overall,60,uncapped_empirical,0.25,timely_independent,20261002,baron,3000,3241,500,343,1094,594,2152
overall,60,uncapped_empirical,0.25,timely_independent,20261002,dragon,3000,11329,1421,1310,2004,583,7555
overall,60,uncapped_empirical,0.25,timely_independent,20261002,teamfight,3000,19795,551,437,1112,561,13137
overall,60,uncapped_empirical,0.5,timely_independent,20260930,baron,3000,3241,867,551,1958,1091,2152
overall,60,uncapped_empirical,0.5,timely_independent,20260930,dragon,3000,11329,2541,2203,3641,1100,7555
overall,60,uncapped_empirical,0.5,timely_independent,20260930,teamfight,3000,19795,1027,794,2194,1167,13137
overall,60,uncapped_empirical,0.5,timely_independent,20261001,baron,3000,3241,951,584,2010,1059,2152
overall,60,uncapped_empirical,0.5,timely_independent,20261001,dragon,3000,11329,2473,2215,3630,1157,7555
overall,60,uncapped_empirical,0.5,timely_independent,20261001,teamfight,3000,19795,985,786,2131,1146,13137
overall,60,uncapped_empirical,0.5,timely_independent,20261002,baron,3000,3241,875,588,1971,1096,2152
overall,60,uncapped_empirical,0.5,timely_independent,20261002,dragon,3000,11329,2497,2177,3620,1123,7555
overall,60,uncapped_empirical,0.5,timely_independent,20261002,teamfight,3000,19795,936,747,1996,1060,13137
overall,60,uncapped_empirical,0.75,timely_independent,20260930,baron,3000,3241,1224,777,2910,1686,2152
overall,60,uncapped_empirical,0.75,timely_independent,20260930,dragon,3000,11329,3338,2796,4903,1565,7555
overall,60,uncapped_empirical,0.75,timely_independent,20260930,teamfight,3000,19795,1536,1179,3346,1810,13137
overall,60,uncapped_empirical,0.75,timely_independent,20261001,baron,3000,3241,1279,789,2935,1656,2152
overall,60,uncapped_empirical,0.75,timely_independent,20261001,dragon,3000,11329,3385,2902,5095,1710,7555
overall,60,uncapped_empirical,0.75,timely_independent,20261001,teamfight,3000,19795,1437,1127,3184,1747,13137
overall,60,uncapped_empirical,0.75,timely_independent,20261002,baron,3000,3241,1201,799,2876,1675,2152
overall,60,uncapped_empirical,0.75,timely_independent,20261002,dragon,3000,11329,3371,2806,4948,1577,7555
overall,60,uncapped_empirical,0.75,timely_independent,20261002,teamfight,3000,19795,1373,1082,3037,1664,13137
overall,60,uncapped_empirical,1.0,timely_independent,20260930,baron,3000,3241,1534,973,3849,2315,2152
overall,60,uncapped_empirical,1.0,timely_independent,20260930,dragon,3000,11329,4159,3337,6196,2037,7555
overall,60,uncapped_empirical,1.0,timely_independent,20260930,teamfight,3000,19795,1877,1429,4154,2277,13137
overall,60,uncapped_empirical,1.0,timely_independent,20261001,baron,3000,3241,1631,1018,4010,2379,2152
overall,60,uncapped_empirical,1.0,timely_independent,20261001,dragon,3000,11329,4061,3359,6192,2131,7555
overall,60,uncapped_empirical,1.0,timely_independent,20261001,teamfight,3000,19795,1879,1456,4249,2370,13137
overall,60,uncapped_empirical,1.0,timely_independent,20261002,baron,3000,3241,1490,994,3825,2335,2152
overall,60,uncapped_empirical,1.0,timely_independent,20261002,dragon,3000,11329,4171,3322,6204,2033,7555
overall,60,uncapped_empirical,1.0,timely_independent,20261002,teamfight,3000,19795,1924,1479,4331,2407,13137
overall,30,uncapped_empirical,0.25,timely_leagueews,20260930,baron,3000,3241,589,329,1072,483,1091
overall,30,uncapped_empirical,0.25,timely_leagueews,20260930,dragon,3000,11329,875,630,1427,552,3736
overall,30,uncapped_empirical,0.25,timely_leagueews,20260930,teamfight,3000,19795,409,252,967,558,6648
overall,30,uncapped_empirical,0.25,timely_leagueews,20261001,baron,3000,3241,590,323,1057,467,1091
overall,30,uncapped_empirical,0.25,timely_leagueews,20261001,dragon,3000,11329,772,593,1320,548,3736
overall,30,uncapped_empirical,0.25,timely_leagueews,20261001,teamfight,3000,19795,379,234,941,562,6648
overall,30,uncapped_empirical,0.25,timely_leagueews,20261002,baron,3000,3241,566,307,999,433,1091
overall,30,uncapped_empirical,0.25,timely_leagueews,20261002,dragon,3000,11329,811,603,1333,522,3736
overall,30,uncapped_empirical,0.25,timely_leagueews,20261002,teamfight,3000,19795,358,232,885,527,6648
overall,30,uncapped_empirical,0.5,timely_leagueews,20260930,baron,3000,3241,833,490,1946,1113,1091
overall,30,uncapped_empirical,0.5,timely_leagueews,20260930,dragon,3000,11329,1506,1007,2464,958,3736
overall,30,uncapped_empirical,0.5,timely_leagueews,20260930,teamfight,3000,19795,733,445,1865,1132,6648
overall,30,uncapped_empirical,0.5,timely_leagueews,20261001,baron,3000,3241,840,497,2028,1188,1091
overall,30,uncapped_empirical,0.5,timely_leagueews,20261001,dragon,3000,11329,1424,988,2419,995,3736
overall,30,uncapped_empirical,0.5,timely_leagueews,20261001,teamfight,3000,19795,720,443,1862,1142,6648
overall,30,uncapped_empirical,0.5,timely_leagueews,20261002,baron,3000,3241,815,465,1925,1110,1091
overall,30,uncapped_empirical,0.5,timely_leagueews,20261002,dragon,3000,11329,1480,1009,2474,994,3736
overall,30,uncapped_empirical,0.5,timely_leagueews,20261002,teamfight,3000,19795,684,432,1812,1128,6648
overall,30,uncapped_empirical,0.75,timely_leagueews,20260930,baron,3000,3241,1015,610,2850,1835,1091
overall,30,uncapped_empirical,0.75,timely_leagueews,20260930,dragon,3000,11329,2114,1362,3498,1384,3736
overall,30,uncapped_empirical,0.75,timely_leagueews,20260930,teamfight,3000,19795,1033,622,2766,1733,6648
overall,30,uncapped_empirical,0.75,timely_leagueews,20261001,baron,3000,3241,993,594,2835,1842,1091
overall,30,uncapped_empirical,0.75,timely_leagueews,20261001,dragon,3000,11329,2153,1425,3629,1476,3736
overall,30,uncapped_empirical,0.75,timely_leagueews,20261001,teamfight,3000,19795,984,604,2676,1692,6648
overall,30,uncapped_empirical,0.75,timely_leagueews,20261002,baron,3000,3241,985,588,2772,1787,1091
overall,30,uncapped_empirical,0.75,timely_leagueews,20261002,dragon,3000,11329,2109,1377,3526,1417,3736
overall,30,uncapped_empirical,0.75,timely_leagueews,20261002,teamfight,3000,19795,976,604,2680,1704,6648
overall,30,uncapped_empirical,1.0,timely_leagueews,20260930,baron,3000,3241,1146,707,3721,2575,1091
overall,30,uncapped_empirical,1.0,timely_leagueews,20260930,dragon,3000,11329,2705,1700,4565,1860,3736
overall,30,uncapped_empirical,1.0,timely_leagueews,20260930,teamfight,3000,19795,1324,793,3743,2419,6648
overall,30,uncapped_empirical,1.0,timely_leagueews,20261001,baron,3000,3241,1121,687,3599,2478,1091
overall,30,uncapped_empirical,1.0,timely_leagueews,20261001,dragon,3000,11329,2800,1794,4783,1983,3736
overall,30,uncapped_empirical,1.0,timely_leagueews,20261001,teamfight,3000,19795,1247,755,3532,2285,6648
overall,30,uncapped_empirical,1.0,timely_leagueews,20261002,baron,3000,3241,1109,671,3600,2491,1091
overall,30,uncapped_empirical,1.0,timely_leagueews,20261002,dragon,3000,11329,2756,1759,4676,1920,3736
overall,30,uncapped_empirical,1.0,timely_leagueews,20261002,teamfight,3000,19795,1253,777,3624,2371,6648
overall,60,uncapped_empirical,0.25,timely_leagueews,20260930,baron,3000,3241,525,294,1039,514,2152
overall,60,uncapped_empirical,0.25,timely_leagueews,20260930,dragon,3000,11329,1328,1230,1888,560,7555
overall,60,uncapped_empirical,0.25,timely_leagueews,20260930,teamfight,3000,19795,542,425,1066,524,13137
overall,60,uncapped_empirical,0.25,timely_leagueews,20261001,baron,3000,3241,494,267,997,503,2152
overall,60,uncapped_empirical,0.25,timely_leagueews,20261001,dragon,3000,11329,1328,1244,1878,550,7555
overall,60,uncapped_empirical,0.25,timely_leagueews,20261001,teamfight,3000,19795,572,455,1126,554,13137
overall,60,uncapped_empirical,0.25,timely_leagueews,20261002,baron,3000,3241,452,270,1027,575,2152
overall,60,uncapped_empirical,0.25,timely_leagueews,20261002,dragon,3000,11329,1304,1222,1851,547,7555
overall,60,uncapped_empirical,0.25,timely_leagueews,20261002,teamfight,3000,19795,551,434,1071,520,13137
overall,60,uncapped_empirical,0.5,timely_leagueews,20260930,baron,3000,3241,952,522,2050,1098,2152
overall,60,uncapped_empirical,0.5,timely_leagueews,20260930,dragon,3000,11329,2465,2175,3544,1079,7555
overall,60,uncapped_empirical,0.5,timely_leagueews,20260930,teamfight,3000,19795,1058,838,2253,1195,13137
overall,60,uncapped_empirical,0.5,timely_leagueews,20261001,baron,3000,3241,882,497,1922,1040,2152
overall,60,uncapped_empirical,0.5,timely_leagueews,20261001,dragon,3000,11329,2481,2206,3602,1121,7555
overall,60,uncapped_empirical,0.5,timely_leagueews,20261001,teamfight,3000,19795,1017,812,2136,1119,13137
overall,60,uncapped_empirical,0.5,timely_leagueews,20261002,baron,3000,3241,865,524,2071,1206,2152
overall,60,uncapped_empirical,0.5,timely_leagueews,20261002,dragon,3000,11329,2442,2187,3564,1122,7555
overall,60,uncapped_empirical,0.5,timely_leagueews,20261002,teamfight,3000,19795,1049,827,2178,1129,13137
overall,60,uncapped_empirical,0.75,timely_leagueews,20260930,baron,3000,3241,1302,728,2972,1670,2152
overall,60,uncapped_empirical,0.75,timely_leagueews,20260930,dragon,3000,11329,3478,2916,5097,1619,7555
overall,60,uncapped_empirical,0.75,timely_leagueews,20260930,teamfight,3000,19795,1544,1184,3346,1802,13137
overall,60,uncapped_empirical,0.75,timely_leagueews,20261001,baron,3000,3241,1240,709,2886,1646,2152
overall,60,uncapped_empirical,0.75,timely_leagueews,20261001,dragon,3000,11329,3381,2873,5045,1664,7555
overall,60,uncapped_empirical,0.75,timely_leagueews,20261001,teamfight,3000,19795,1471,1153,3177,1706,13137
overall,60,uncapped_empirical,0.75,timely_leagueews,20261002,baron,3000,3241,1209,733,2955,1746,2152
overall,60,uncapped_empirical,0.75,timely_leagueews,20261002,dragon,3000,11329,3428,2900,5094,1666,7555
overall,60,uncapped_empirical,0.75,timely_leagueews,20261002,teamfight,3000,19795,1463,1128,3177,1714,13137
overall,60,uncapped_empirical,1.0,timely_leagueews,20260930,baron,3000,3241,1610,924,3825,2215,2152
overall,60,uncapped_empirical,1.0,timely_leagueews,20260930,dragon,3000,11329,4312,3436,6351,2039,7555
overall,60,uncapped_empirical,1.0,timely_leagueews,20260930,teamfight,3000,19795,1992,1507,4368,2376,13137
overall,60,uncapped_empirical,1.0,timely_leagueews,20261001,baron,3000,3241,1545,903,3765,2220,2152
overall,60,uncapped_empirical,1.0,timely_leagueews,20261001,dragon,3000,11329,4192,3399,6294,2102,7555
overall,60,uncapped_empirical,1.0,timely_leagueews,20261001,teamfight,3000,19795,1906,1447,4203,2297,13137
overall,60,uncapped_empirical,1.0,timely_leagueews,20261002,baron,3000,3241,1493,914,3800,2307,2152
overall,60,uncapped_empirical,1.0,timely_leagueews,20261002,dragon,3000,11329,4252,3410,6311,2059,7555
overall,60,uncapped_empirical,1.0,timely_leagueews,20261002,teamfight,3000,19795,1889,1432,4168,2279,13137
overall,30,capped_empirical,0.25,timely_equal_sum,20260930,baron,3000,3241,608,334,1034,426,1091
overall,30,capped_empirical,0.25,timely_equal_sum,20260930,dragon,3000,11329,866,646,1400,534,3736
overall,30,capped_empirical,0.25,timely_equal_sum,20260930,teamfight,3000,19795,391,238,915,524,6648
overall,30,capped_empirical,0.25,timely_equal_sum,20261001,baron,3000,3241,628,346,1073,445,1091
overall,30,capped_empirical,0.25,timely_equal_sum,20261001,dragon,3000,11329,799,588,1331,532,3736
overall,30,capped_empirical,0.25,timely_equal_sum,20261001,teamfight,3000,19795,390,234,915,525,6648
overall,30,capped_empirical,0.25,timely_equal_sum,20261002,baron,3000,3241,582,313,1022,440,1091
overall,30,capped_empirical,0.25,timely_equal_sum,20261002,dragon,3000,11329,842,614,1341,499,3736
overall,30,capped_empirical,0.25,timely_equal_sum,20261002,teamfight,3000,19795,393,239,930,537,6648
overall,30,capped_empirical,0.5,timely_equal_sum,20260930,baron,3000,3241,862,504,1959,1097,1091
overall,30,capped_empirical,0.5,timely_equal_sum,20260930,dragon,3000,11329,1539,1034,2539,1000,3736
overall,30,capped_empirical,0.5,timely_equal_sum,20260930,teamfight,3000,19795,734,443,1873,1139,6648
overall,30,capped_empirical,0.5,timely_equal_sum,20261001,baron,3000,3241,869,506,1979,1110,1091
overall,30,capped_empirical,0.5,timely_equal_sum,20261001,dragon,3000,11329,1485,1019,2483,998,3736
overall,30,capped_empirical,0.5,timely_equal_sum,20261001,teamfight,3000,19795,719,432,1820,1101,6648
overall,30,capped_empirical,0.5,timely_equal_sum,20261002,baron,3000,3241,865,506,1977,1112,1091
overall,30,capped_empirical,0.5,timely_equal_sum,20261002,dragon,3000,11329,1506,1026,2476,970,3736
overall,30,capped_empirical,0.5,timely_equal_sum,20261002,teamfight,3000,19795,738,443,1900,1162,6648
overall,30,capped_empirical,0.75,timely_equal_sum,20260930,baron,3000,3241,1040,628,2805,1765,1091
overall,30,capped_empirical,0.75,timely_equal_sum,20260930,dragon,3000,11329,2131,1361,3519,1388,3736
overall,30,capped_empirical,0.75,timely_equal_sum,20260930,teamfight,3000,19795,1016,608,2726,1710,6648
overall,30,capped_empirical,0.75,timely_equal_sum,20261001,baron,3000,3241,1034,630,2825,1791,1091
overall,30,capped_empirical,0.75,timely_equal_sum,20261001,dragon,3000,11329,2149,1397,3578,1429,3736
overall,30,capped_empirical,0.75,timely_equal_sum,20261001,teamfight,3000,19795,1030,622,2795,1765,6648
overall,30,capped_empirical,0.75,timely_equal_sum,20261002,baron,3000,3241,1019,622,2871,1852,1091
overall,30,capped_empirical,0.75,timely_equal_sum,20261002,dragon,3000,11329,2204,1445,3662,1458,3736
overall,30,capped_empirical,0.75,timely_equal_sum,20261002,teamfight,3000,19795,1022,613,2723,1701,6648
overall,30,capped_empirical,1.0,timely_equal_sum,20260930,baron,3000,3241,1130,702,3634,2504,1091
overall,30,capped_empirical,1.0,timely_equal_sum,20260930,dragon,3000,11329,2741,1731,4656,1915,3736
overall,30,capped_empirical,1.0,timely_equal_sum,20260930,teamfight,3000,19795,1229,744,3464,2235,6648
overall,30,capped_empirical,1.0,timely_equal_sum,20261001,baron,3000,3241,1139,709,3642,2503,1091
overall,30,capped_empirical,1.0,timely_equal_sum,20261001,dragon,3000,11329,2771,1765,4677,1906,3736
overall,30,capped_empirical,1.0,timely_equal_sum,20261001,teamfight,3000,19795,1255,765,3497,2242,6648
overall,30,capped_empirical,1.0,timely_equal_sum,20261002,baron,3000,3241,1136,701,3718,2582,1091
overall,30,capped_empirical,1.0,timely_equal_sum,20261002,dragon,3000,11329,2757,1768,4693,1936,3736
overall,30,capped_empirical,1.0,timely_equal_sum,20261002,teamfight,3000,19795,1281,772,3584,2303,6648
overall,60,capped_empirical,0.25,timely_equal_sum,20260930,baron,3000,3241,491,284,971,480,2152
overall,60,capped_empirical,0.25,timely_equal_sum,20260930,dragon,3000,11329,1360,1258,1900,540,7555
overall,60,capped_empirical,0.25,timely_equal_sum,20260930,teamfight,3000,19795,550,434,1083,533,13137
overall,60,capped_empirical,0.25,timely_equal_sum,20261001,baron,3000,3241,500,298,1025,525,2152
overall,60,capped_empirical,0.25,timely_equal_sum,20261001,dragon,3000,11329,1350,1259,1887,537,7555
overall,60,capped_empirical,0.25,timely_equal_sum,20261001,teamfight,3000,19795,522,409,1066,544,13137
overall,60,capped_empirical,0.25,timely_equal_sum,20261002,baron,3000,3241,532,322,1144,612,2152
overall,60,capped_empirical,0.25,timely_equal_sum,20261002,dragon,3000,11329,1345,1263,1912,567,7555
overall,60,capped_empirical,0.25,timely_equal_sum,20261002,teamfight,3000,19795,536,423,1022,486,13137
overall,60,capped_empirical,0.5,timely_equal_sum,20260930,baron,3000,3241,943,550,2037,1094,2152
overall,60,capped_empirical,0.5,timely_equal_sum,20260930,dragon,3000,11329,2527,2204,3645,1118,7555
overall,60,capped_empirical,0.5,timely_equal_sum,20260930,teamfight,3000,19795,1055,827,2209,1154,13137
overall,60,capped_empirical,0.5,timely_equal_sum,20261001,baron,3000,3241,903,548,1957,1054,2152
overall,60,capped_empirical,0.5,timely_equal_sum,20261001,dragon,3000,11329,2482,2187,3589,1107,7555
overall,60,capped_empirical,0.5,timely_equal_sum,20261001,teamfight,3000,19795,1018,799,2150,1132,13137
overall,60,capped_empirical,0.5,timely_equal_sum,20261002,baron,3000,3241,882,548,2073,1191,2152
overall,60,capped_empirical,0.5,timely_equal_sum,20261002,dragon,3000,11329,2418,2161,3499,1081,7555
overall,60,capped_empirical,0.5,timely_equal_sum,20261002,teamfight,3000,19795,1064,837,2162,1098,13137
overall,60,capped_empirical,0.75,timely_equal_sum,20260930,baron,3000,3241,1312,782,3040,1728,2152
overall,60,capped_empirical,0.75,timely_equal_sum,20260930,dragon,3000,11329,3406,2859,4983,1577,7555
overall,60,capped_empirical,0.75,timely_equal_sum,20260930,teamfight,3000,19795,1494,1148,3222,1728,13137
overall,60,capped_empirical,0.75,timely_equal_sum,20261001,baron,3000,3241,1257,755,2941,1684,2152
overall,60,capped_empirical,0.75,timely_equal_sum,20261001,dragon,3000,11329,3364,2822,4947,1583,7555
overall,60,capped_empirical,0.75,timely_equal_sum,20261001,teamfight,3000,19795,1451,1122,3112,1661,13137
overall,60,capped_empirical,0.75,timely_equal_sum,20261002,baron,3000,3241,1205,762,2981,1776,2152
overall,60,capped_empirical,0.75,timely_equal_sum,20261002,dragon,3000,11329,3334,2846,4970,1636,7555
overall,60,capped_empirical,0.75,timely_equal_sum,20261002,teamfight,3000,19795,1574,1204,3333,1759,13137
overall,60,capped_empirical,1.0,timely_equal_sum,20260930,baron,3000,3241,1612,987,3985,2373,2152
overall,60,capped_empirical,1.0,timely_equal_sum,20260930,dragon,3000,11329,4251,3386,6233,1982,7555
overall,60,capped_empirical,1.0,timely_equal_sum,20260930,teamfight,3000,19795,1984,1503,4386,2402,13137
overall,60,capped_empirical,1.0,timely_equal_sum,20261001,baron,3000,3241,1611,978,3978,2367,2152
overall,60,capped_empirical,1.0,timely_equal_sum,20261001,dragon,3000,11329,4238,3364,6224,1986,7555
overall,60,capped_empirical,1.0,timely_equal_sum,20261001,teamfight,3000,19795,1960,1484,4288,2328,13137
overall,60,capped_empirical,1.0,timely_equal_sum,20261002,baron,3000,3241,1522,962,3936,2414,2152
overall,60,capped_empirical,1.0,timely_equal_sum,20261002,dragon,3000,11329,4176,3384,6240,2064,7555
overall,60,capped_empirical,1.0,timely_equal_sum,20261002,teamfight,3000,19795,1968,1482,4301,2333,13137
overall,30,capped_empirical,0.25,timely_equal_tcn,20260930,baron,3000,3241,579,314,1016,437,1091
overall,30,capped_empirical,0.25,timely_equal_tcn,20260930,dragon,3000,11329,851,604,1406,555,3736
overall,30,capped_empirical,0.25,timely_equal_tcn,20260930,teamfight,3000,19795,393,230,919,526,6648
overall,30,capped_empirical,0.25,timely_equal_tcn,20261001,baron,3000,3241,605,334,1056,451,1091
overall,30,capped_empirical,0.25,timely_equal_tcn,20261001,dragon,3000,11329,805,567,1293,488,3736
overall,30,capped_empirical,0.25,timely_equal_tcn,20261001,teamfight,3000,19795,375,221,866,491,6648
overall,30,capped_empirical,0.25,timely_equal_tcn,20261002,baron,3000,3241,579,316,1023,444,1091
overall,30,capped_empirical,0.25,timely_equal_tcn,20261002,dragon,3000,11329,789,600,1349,560,3736
overall,30,capped_empirical,0.25,timely_equal_tcn,20261002,teamfight,3000,19795,382,217,920,538,6648
overall,30,capped_empirical,0.5,timely_equal_tcn,20260930,baron,3000,3241,860,509,1970,1110,1091
overall,30,capped_empirical,0.5,timely_equal_tcn,20260930,dragon,3000,11329,1426,930,2327,901,3736
overall,30,capped_empirical,0.5,timely_equal_tcn,20260930,teamfight,3000,19795,712,427,1864,1152,6648
overall,30,capped_empirical,0.5,timely_equal_tcn,20261001,baron,3000,3241,861,507,2021,1160,1091
overall,30,capped_empirical,0.5,timely_equal_tcn,20261001,dragon,3000,11329,1501,954,2403,902,3736
overall,30,capped_empirical,0.5,timely_equal_tcn,20261001,teamfight,3000,19795,680,404,1768,1088,6648
overall,30,capped_empirical,0.5,timely_equal_tcn,20261002,baron,3000,3241,845,487,1962,1117,1091
overall,30,capped_empirical,0.5,timely_equal_tcn,20261002,dragon,3000,11329,1386,932,2311,925,3736
overall,30,capped_empirical,0.5,timely_equal_tcn,20261002,teamfight,3000,19795,732,434,1891,1159,6648
overall,30,capped_empirical,0.75,timely_equal_tcn,20260930,baron,3000,3241,1004,610,2830,1826,1091
overall,30,capped_empirical,0.75,timely_equal_tcn,20260930,dragon,3000,11329,2160,1362,3564,1404,3736
overall,30,capped_empirical,0.75,timely_equal_tcn,20260930,teamfight,3000,19795,971,581,2651,1680,6648
overall,30,capped_empirical,0.75,timely_equal_tcn,20261001,baron,3000,3241,1016,621,2863,1847,1091
overall,30,capped_empirical,0.75,timely_equal_tcn,20261001,dragon,3000,11329,2172,1338,3543,1371,3736
overall,30,capped_empirical,0.75,timely_equal_tcn,20261001,teamfight,3000,19795,969,594,2675,1706,6648
overall,30,capped_empirical,0.75,timely_equal_tcn,20261002,baron,3000,3241,1005,607,2813,1808,1091
overall,30,capped_empirical,0.75,timely_equal_tcn,20261002,dragon,3000,11329,2180,1381,3637,1457,3736
overall,30,capped_empirical,0.75,timely_equal_tcn,20261002,teamfight,3000,19795,1013,603,2764,1751,6648
overall,30,capped_empirical,1.0,timely_equal_tcn,20260930,baron,3000,3241,1123,689,3585,2462,1091
overall,30,capped_empirical,1.0,timely_equal_tcn,20260930,dragon,3000,11329,2813,1736,4769,1956,3736
overall,30,capped_empirical,1.0,timely_equal_tcn,20260930,teamfight,3000,19795,1262,746,3578,2316,6648
overall,30,capped_empirical,1.0,timely_equal_tcn,20261001,baron,3000,3241,1115,695,3620,2505,1091
overall,30,capped_empirical,1.0,timely_equal_tcn,20261001,dragon,3000,11329,2768,1717,4606,1838,3736
overall,30,capped_empirical,1.0,timely_equal_tcn,20261001,teamfight,3000,19795,1206,727,3522,2316,6648
overall,30,capped_empirical,1.0,timely_equal_tcn,20261002,baron,3000,3241,1104,680,3610,2506,1091
overall,30,capped_empirical,1.0,timely_equal_tcn,20261002,dragon,3000,11329,2761,1743,4675,1914,3736
overall,30,capped_empirical,1.0,timely_equal_tcn,20261002,teamfight,3000,19795,1256,734,3585,2329,6648
overall,60,capped_empirical,0.25,timely_equal_tcn,20260930,baron,3000,3241,498,273,1034,536,2152
overall,60,capped_empirical,0.25,timely_equal_tcn,20260930,dragon,3000,11329,1430,1282,1978,548,7555
overall,60,capped_empirical,0.25,timely_equal_tcn,20260930,teamfight,3000,19795,528,418,1067,539,13137
overall,60,capped_empirical,0.25,timely_equal_tcn,20261001,baron,3000,3241,473,246,945,472,2152
overall,60,capped_empirical,0.25,timely_equal_tcn,20261001,dragon,3000,11329,1353,1224,1868,515,7555
overall,60,capped_empirical,0.25,timely_equal_tcn,20261001,teamfight,3000,19795,491,399,1005,514,13137
overall,60,capped_empirical,0.25,timely_equal_tcn,20261002,baron,3000,3241,478,265,1052,574,2152
overall,60,capped_empirical,0.25,timely_equal_tcn,20261002,dragon,3000,11329,1400,1293,1942,542,7555
overall,60,capped_empirical,0.25,timely_equal_tcn,20261002,teamfight,3000,19795,517,410,1056,539,13137
overall,60,capped_empirical,0.5,timely_equal_tcn,20260930,baron,3000,3241,904,511,2004,1100,2152
overall,60,capped_empirical,0.5,timely_equal_tcn,20260930,dragon,3000,11329,2484,2146,3525,1041,7555
overall,60,capped_empirical,0.5,timely_equal_tcn,20260930,teamfight,3000,19795,949,739,2024,1075,13137
overall,60,capped_empirical,0.5,timely_equal_tcn,20261001,baron,3000,3241,855,468,1837,982,2152
overall,60,capped_empirical,0.5,timely_equal_tcn,20261001,dragon,3000,11329,2533,2176,3602,1069,7555
overall,60,capped_empirical,0.5,timely_equal_tcn,20261001,teamfight,3000,19795,947,756,2086,1139,13137
overall,60,capped_empirical,0.5,timely_equal_tcn,20261002,baron,3000,3241,847,500,2004,1157,2152
overall,60,capped_empirical,0.5,timely_equal_tcn,20261002,dragon,3000,11329,2460,2204,3633,1173,7555
overall,60,capped_empirical,0.5,timely_equal_tcn,20261002,teamfight,3000,19795,1034,808,2227,1193,13137
overall,60,capped_empirical,0.75,timely_equal_tcn,20260930,baron,3000,3241,1228,715,2908,1680,2152
overall,60,capped_empirical,0.75,timely_equal_tcn,20260930,dragon,3000,11329,3383,2782,4913,1530,7555
overall,60,capped_empirical,0.75,timely_equal_tcn,20260930,teamfight,3000,19795,1490,1151,3276,1786,13137
overall,60,capped_empirical,0.75,timely_equal_tcn,20261001,baron,3000,3241,1270,715,2920,1650,2152
overall,60,capped_empirical,0.75,timely_equal_tcn,20261001,dragon,3000,11329,3414,2826,4964,1550,7555
overall,60,capped_empirical,0.75,timely_equal_tcn,20261001,teamfight,3000,19795,1401,1105,3134,1733,13137
overall,60,capped_empirical,0.75,timely_equal_tcn,20261002,baron,3000,3241,1169,701,2896,1727,2152
overall,60,capped_empirical,0.75,timely_equal_tcn,20261002,dragon,3000,11329,3342,2864,5028,1686,7555
overall,60,capped_empirical,0.75,timely_equal_tcn,20261002,teamfight,3000,19795,1521,1156,3279,1758,13137
overall,60,capped_empirical,1.0,timely_equal_tcn,20260930,baron,3000,3241,1537,909,3804,2267,2152
overall,60,capped_empirical,1.0,timely_equal_tcn,20260930,dragon,3000,11329,4244,3314,6185,1941,7555
overall,60,capped_empirical,1.0,timely_equal_tcn,20260930,teamfight,3000,19795,1873,1439,4233,2360,13137
overall,60,capped_empirical,1.0,timely_equal_tcn,20261001,baron,3000,3241,1592,916,3846,2254,2152
overall,60,capped_empirical,1.0,timely_equal_tcn,20261001,dragon,3000,11329,4172,3273,6116,1944,7555
overall,60,capped_empirical,1.0,timely_equal_tcn,20261001,teamfight,3000,19795,1915,1497,4336,2421,13137
overall,60,capped_empirical,1.0,timely_equal_tcn,20261002,baron,3000,3241,1457,877,3729,2272,2152
overall,60,capped_empirical,1.0,timely_equal_tcn,20261002,dragon,3000,11329,4105,3328,6185,2080,7555
overall,60,capped_empirical,1.0,timely_equal_tcn,20261002,teamfight,3000,19795,1923,1447,4231,2308,13137
overall,30,capped_empirical,0.25,timely_equal_gru,20260930,baron,3000,3241,362,191,876,514,1091
overall,30,capped_empirical,0.25,timely_equal_gru,20260930,dragon,3000,11329,35,35,566,531,3736
overall,30,capped_empirical,0.25,timely_equal_gru,20260930,teamfight,3000,19795,254,162,781,527,6648
overall,30,capped_empirical,0.25,timely_equal_gru,20261001,baron,3000,3241,388,210,923,535,1091
overall,30,capped_empirical,0.25,timely_equal_gru,20261001,dragon,3000,11329,30,30,597,567,3736
overall,30,capped_empirical,0.25,timely_equal_gru,20261001,teamfight,3000,19795,260,167,809,549,6648
overall,30,capped_empirical,0.25,timely_equal_gru,20261002,baron,3000,3241,311,173,810,499,1091
overall,30,capped_empirical,0.25,timely_equal_gru,20261002,dragon,3000,11329,46,46,652,606,3736
overall,30,capped_empirical,0.25,timely_equal_gru,20261002,teamfight,3000,19795,218,150,755,537,6648
overall,30,capped_empirical,0.5,timely_equal_gru,20260930,baron,3000,3241,583,336,1762,1179,1091
overall,30,capped_empirical,0.5,timely_equal_gru,20260930,dragon,3000,11329,180,180,1475,1295,3736
overall,30,capped_empirical,0.5,timely_equal_gru,20260930,teamfight,3000,19795,468,301,1498,1030,6648
overall,30,capped_empirical,0.5,timely_equal_gru,20261001,baron,3000,3241,638,369,1801,1163,1091
overall,30,capped_empirical,0.5,timely_equal_gru,20261001,dragon,3000,11329,179,178,1507,1328,3736
overall,30,capped_empirical,0.5,timely_equal_gru,20261001,teamfight,3000,19795,533,343,1665,1132,6648
overall,30,capped_empirical,0.5,timely_equal_gru,20261002,baron,3000,3241,490,291,1631,1141,1091
overall,30,capped_empirical,0.5,timely_equal_gru,20261002,dragon,3000,11329,190,189,1411,1221,3736
overall,30,capped_empirical,0.5,timely_equal_gru,20261002,teamfight,3000,19795,417,274,1531,1114,6648
overall,30,capped_empirical,0.75,timely_equal_gru,20260930,baron,3000,3241,742,452,2524,1782,1091
overall,30,capped_empirical,0.75,timely_equal_gru,20260930,dragon,3000,11329,332,330,2349,2017,3736
overall,30,capped_empirical,0.75,timely_equal_gru,20260930,teamfight,3000,19795,694,447,2397,1703,6648
overall,30,capped_empirical,0.75,timely_equal_gru,20261001,baron,3000,3241,782,471,2565,1783,1091
overall,30,capped_empirical,0.75,timely_equal_gru,20261001,dragon,3000,11329,338,335,2410,2072,3736
overall,30,capped_empirical,0.75,timely_equal_gru,20261001,teamfight,3000,19795,733,463,2389,1656,6648
overall,30,capped_empirical,0.75,timely_equal_gru,20261002,baron,3000,3241,644,392,2429,1785,1091
overall,30,capped_empirical,0.75,timely_equal_gru,20261002,dragon,3000,11329,345,337,2381,2036,3736
overall,30,capped_empirical,0.75,timely_equal_gru,20261002,teamfight,3000,19795,594,395,2286,1692,6648
overall,30,capped_empirical,1.0,timely_equal_gru,20260930,baron,3000,3241,873,545,3453,2580,1091
overall,30,capped_empirical,1.0,timely_equal_gru,20260930,dragon,3000,11329,569,518,3257,2688,3736
overall,30,capped_empirical,1.0,timely_equal_gru,20260930,teamfight,3000,19795,936,593,3390,2454,6648
overall,30,capped_empirical,1.0,timely_equal_gru,20261001,baron,3000,3241,921,558,3419,2498,1091
overall,30,capped_empirical,1.0,timely_equal_gru,20261001,dragon,3000,11329,557,511,3271,2714,3736
overall,30,capped_empirical,1.0,timely_equal_gru,20261001,teamfight,3000,19795,917,587,3220,2303,6648
overall,30,capped_empirical,1.0,timely_equal_gru,20261002,baron,3000,3241,773,481,3320,2547,1091
overall,30,capped_empirical,1.0,timely_equal_gru,20261002,dragon,3000,11329,625,550,3376,2751,3736
overall,30,capped_empirical,1.0,timely_equal_gru,20261002,teamfight,3000,19795,808,531,3307,2499,6648
overall,60,capped_empirical,0.25,timely_equal_gru,20260930,baron,3000,3241,347,187,844,497,2152
overall,60,capped_empirical,0.25,timely_equal_gru,20260930,dragon,3000,11329,161,161,809,648,7555
overall,60,capped_empirical,0.25,timely_equal_gru,20260930,teamfight,3000,19795,430,367,1047,617,13137
overall,60,capped_empirical,0.25,timely_equal_gru,20261001,baron,3000,3241,449,224,962,513,2152
overall,60,capped_empirical,0.25,timely_equal_gru,20261001,dragon,3000,11329,134,134,791,657,7555
overall,60,capped_empirical,0.25,timely_equal_gru,20261001,teamfight,3000,19795,412,355,1057,645,13137
overall,60,capped_empirical,0.25,timely_equal_gru,20261002,baron,3000,3241,292,167,801,509,2152
overall,60,capped_empirical,0.25,timely_equal_gru,20261002,dragon,3000,11329,178,178,805,627,7555
overall,60,capped_empirical,0.25,timely_equal_gru,20261002,teamfight,3000,19795,389,334,973,584,13137
overall,60,capped_empirical,0.5,timely_equal_gru,20260930,baron,3000,3241,759,410,1853,1094,2152
overall,60,capped_empirical,0.5,timely_equal_gru,20260930,dragon,3000,11329,379,379,1843,1464,7555
overall,60,capped_empirical,0.5,timely_equal_gru,20260930,teamfight,3000,19795,828,680,2035,1207,13137
overall,60,capped_empirical,0.5,timely_equal_gru,20261001,baron,3000,3241,806,421,1885,1079,2152
overall,60,capped_empirical,0.5,timely_equal_gru,20261001,dragon,3000,11329,348,348,1795,1447,7555
overall,60,capped_empirical,0.5,timely_equal_gru,20261001,teamfight,3000,19795,798,665,2055,1257,13137
overall,60,capped_empirical,0.5,timely_equal_gru,20261002,baron,3000,3241,590,344,1632,1042,2152
overall,60,capped_empirical,0.5,timely_equal_gru,20261002,dragon,3000,11329,455,455,1930,1475,7555
overall,60,capped_empirical,0.5,timely_equal_gru,20261002,teamfight,3000,19795,755,624,1975,1220,13137
overall,60,capped_empirical,0.75,timely_equal_gru,20260930,baron,3000,3241,1093,619,2786,1693,2152
overall,60,capped_empirical,0.75,timely_equal_gru,20260930,dragon,3000,11329,573,573,2658,2085,7555
overall,60,capped_empirical,0.75,timely_equal_gru,20260930,teamfight,3000,19795,1236,990,3197,1961,13137
overall,60,capped_empirical,0.75,timely_equal_gru,20261001,baron,3000,3241,1114,591,2701,1587,2152
overall,60,capped_empirical,0.75,timely_equal_gru,20261001,dragon,3000,11329,578,578,2723,2145,7555
overall,60,capped_empirical,0.75,timely_equal_gru,20261001,teamfight,3000,19795,1168,960,3045,1877,13137
overall,60,capped_empirical,0.75,timely_equal_gru,20261002,baron,3000,3241,905,541,2613,1708,2152
overall,60,capped_empirical,0.75,timely_equal_gru,20261002,dragon,3000,11329,681,681,2763,2082,7555
overall,60,capped_empirical,0.75,timely_equal_gru,20261002,teamfight,3000,19795,1109,902,2977,1868,13137
overall,60,capped_empirical,1.0,timely_equal_gru,20260930,baron,3000,3241,1364,802,3731,2367,2152
overall,60,capped_empirical,1.0,timely_equal_gru,20260930,dragon,3000,11329,840,840,3741,2901,7555
overall,60,capped_empirical,1.0,timely_equal_gru,20260930,teamfight,3000,19795,1550,1238,4043,2493,13137
overall,60,capped_empirical,1.0,timely_equal_gru,20261001,baron,3000,3241,1409,788,3706,2297,2152
overall,60,capped_empirical,1.0,timely_equal_gru,20261001,dragon,3000,11329,866,866,3785,2919,7555
overall,60,capped_empirical,1.0,timely_equal_gru,20261001,teamfight,3000,19795,1524,1235,3966,2442,13137
overall,60,capped_empirical,1.0,timely_equal_gru,20261002,baron,3000,3241,1168,721,3492,2324,2152
overall,60,capped_empirical,1.0,timely_equal_gru,20261002,dragon,3000,11329,983,983,3916,2933,7555
overall,60,capped_empirical,1.0,timely_equal_gru,20261002,teamfight,3000,19795,1484,1194,3985,2501,13137
overall,30,capped_empirical,0.25,timely_independent,20260930,baron,3000,3241,543,309,997,454,1091
overall,30,capped_empirical,0.25,timely_independent,20260930,dragon,3000,11329,767,566,1310,543,3736
overall,30,capped_empirical,0.25,timely_independent,20260930,teamfight,3000,19795,386,238,947,561,6648
overall,30,capped_empirical,0.25,timely_independent,20261001,baron,3000,3241,599,327,1079,480,1091
overall,30,capped_empirical,0.25,timely_independent,20261001,dragon,3000,11329,736,571,1350,614,3736
overall,30,capped_empirical,0.25,timely_independent,20261001,teamfight,3000,19795,369,222,848,479,6648
overall,30,capped_empirical,0.25,timely_independent,20261002,baron,3000,3241,583,327,1039,456,1091
overall,30,capped_empirical,0.25,timely_independent,20261002,dragon,3000,11329,700,535,1247,547,3736
overall,30,capped_empirical,0.25,timely_independent,20261002,teamfight,3000,19795,369,235,904,535,6648
overall,30,capped_empirical,0.5,timely_independent,20260930,baron,3000,3241,813,481,1924,1111,1091
overall,30,capped_empirical,0.5,timely_independent,20260930,dragon,3000,11329,1425,968,2491,1066,3736
overall,30,capped_empirical,0.5,timely_independent,20260930,teamfight,3000,19795,749,441,1907,1158,6648
overall,30,capped_empirical,0.5,timely_independent,20261001,baron,3000,3241,836,501,1958,1122,1091
overall,30,capped_empirical,0.5,timely_independent,20261001,dragon,3000,11329,1371,969,2482,1111,3736
overall,30,capped_empirical,0.5,timely_independent,20261001,teamfight,3000,19795,723,426,1801,1078,6648
overall,30,capped_empirical,0.5,timely_independent,20261002,baron,3000,3241,851,510,1938,1087,1091
overall,30,capped_empirical,0.5,timely_independent,20261002,dragon,3000,11329,1407,988,2477,1070,3736
overall,30,capped_empirical,0.5,timely_independent,20261002,teamfight,3000,19795,656,417,1698,1042,6648
overall,30,capped_empirical,0.75,timely_independent,20260930,baron,3000,3241,984,604,2777,1793,1091
overall,30,capped_empirical,0.75,timely_independent,20260930,dragon,3000,11329,2065,1359,3537,1472,3736
overall,30,capped_empirical,0.75,timely_independent,20260930,teamfight,3000,19795,1031,614,2743,1712,6648
overall,30,capped_empirical,0.75,timely_independent,20261001,baron,3000,3241,975,602,2742,1767,1091
overall,30,capped_empirical,0.75,timely_independent,20261001,dragon,3000,11329,1992,1343,3541,1549,3736
overall,30,capped_empirical,0.75,timely_independent,20261001,teamfight,3000,19795,1005,603,2729,1724,6648
overall,30,capped_empirical,0.75,timely_independent,20261002,baron,3000,3241,978,604,2739,1761,1091
overall,30,capped_empirical,0.75,timely_independent,20261002,dragon,3000,11329,2036,1369,3564,1528,3736
overall,30,capped_empirical,0.75,timely_independent,20261002,teamfight,3000,19795,993,613,2654,1661,6648
overall,30,capped_empirical,1.0,timely_independent,20260930,baron,3000,3241,1097,688,3551,2454,1091
overall,30,capped_empirical,1.0,timely_independent,20260930,dragon,3000,11329,2644,1688,4610,1966,3736
overall,30,capped_empirical,1.0,timely_independent,20260930,teamfight,3000,19795,1313,771,3604,2291,6648
overall,30,capped_empirical,1.0,timely_independent,20261001,baron,3000,3241,1123,700,3699,2576,1091
overall,30,capped_empirical,1.0,timely_independent,20261001,dragon,3000,11329,2609,1681,4635,2026,3736
overall,30,capped_empirical,1.0,timely_independent,20261001,teamfight,3000,19795,1267,759,3662,2395,6648
overall,30,capped_empirical,1.0,timely_independent,20261002,baron,3000,3241,1096,685,3574,2478,1091
overall,30,capped_empirical,1.0,timely_independent,20261002,dragon,3000,11329,2645,1723,4692,2047,3736
overall,30,capped_empirical,1.0,timely_independent,20261002,teamfight,3000,19795,1216,749,3468,2252,6648
overall,60,capped_empirical,0.25,timely_independent,20260930,baron,3000,3241,470,299,952,482,2152
overall,60,capped_empirical,0.25,timely_independent,20260930,dragon,3000,11329,1409,1283,1949,540,7555
overall,60,capped_empirical,0.25,timely_independent,20260930,teamfight,3000,19795,497,388,1016,519,13137
overall,60,capped_empirical,0.25,timely_independent,20261001,baron,3000,3241,552,341,1057,505,2152
overall,60,capped_empirical,0.25,timely_independent,20261001,dragon,3000,11329,1318,1238,1861,543,7555
overall,60,capped_empirical,0.25,timely_independent,20261001,teamfight,3000,19795,501,395,1080,579,13137
overall,60,capped_empirical,0.25,timely_independent,20261002,baron,3000,3241,499,342,1093,594,2152
overall,60,capped_empirical,0.25,timely_independent,20261002,dragon,3000,11329,1421,1310,2004,583,7555
overall,60,capped_empirical,0.25,timely_independent,20261002,teamfight,3000,19795,546,432,1105,559,13137
overall,60,capped_empirical,0.5,timely_independent,20260930,baron,3000,3241,890,563,2023,1133,2152
overall,60,capped_empirical,0.5,timely_independent,20260930,dragon,3000,11329,2540,2202,3640,1100,7555
overall,60,capped_empirical,0.5,timely_independent,20260930,teamfight,3000,19795,998,773,2139,1141,13137
overall,60,capped_empirical,0.5,timely_independent,20261001,baron,3000,3241,940,576,1989,1049,2152
overall,60,capped_empirical,0.5,timely_independent,20261001,dragon,3000,11329,2472,2214,3629,1157,7555
overall,60,capped_empirical,0.5,timely_independent,20261001,teamfight,3000,19795,1041,833,2251,1210,13137
overall,60,capped_empirical,0.5,timely_independent,20261002,baron,3000,3241,913,610,2079,1166,2152
overall,60,capped_empirical,0.5,timely_independent,20261002,dragon,3000,11329,2496,2176,3619,1123,7555
overall,60,capped_empirical,0.5,timely_independent,20261002,teamfight,3000,19795,994,792,2143,1149,13137
overall,60,capped_empirical,0.75,timely_independent,20260930,baron,3000,3241,1220,774,2916,1696,2152
overall,60,capped_empirical,0.75,timely_independent,20260930,dragon,3000,11329,3332,2790,4896,1564,7555
overall,60,capped_empirical,0.75,timely_independent,20260930,teamfight,3000,19795,1455,1126,3175,1720,13137
overall,60,capped_empirical,0.75,timely_independent,20261001,baron,3000,3241,1280,793,2965,1685,2152
overall,60,capped_empirical,0.75,timely_independent,20261001,dragon,3000,11329,3374,2891,5081,1707,7555
overall,60,capped_empirical,0.75,timely_independent,20261001,teamfight,3000,19795,1428,1135,3223,1795,13137
overall,60,capped_empirical,0.75,timely_independent,20261002,baron,3000,3241,1176,780,2814,1638,2152
overall,60,capped_empirical,0.75,timely_independent,20261002,dragon,3000,11329,3360,2796,4932,1572,7555
overall,60,capped_empirical,0.75,timely_independent,20261002,teamfight,3000,19795,1398,1105,3102,1704,13137
overall,60,capped_empirical,1.0,timely_independent,20260930,baron,3000,3241,1527,972,3914,2387,2152
overall,60,capped_empirical,1.0,timely_independent,20260930,dragon,3000,11329,4126,3310,6147,2021,7555
overall,60,capped_empirical,1.0,timely_independent,20260930,teamfight,3000,19795,1935,1471,4344,2409,13137
overall,60,capped_empirical,1.0,timely_independent,20261001,baron,3000,3241,1593,994,3983,2390,2152
overall,60,capped_empirical,1.0,timely_independent,20261001,dragon,3000,11329,4105,3376,6249,2144,7555
overall,60,capped_empirical,1.0,timely_independent,20261001,teamfight,3000,19795,1910,1488,4371,2461,13137
overall,60,capped_empirical,1.0,timely_independent,20261002,baron,3000,3241,1467,980,3831,2364,2152
overall,60,capped_empirical,1.0,timely_independent,20261002,dragon,3000,11329,4133,3290,6137,2004,7555
overall,60,capped_empirical,1.0,timely_independent,20261002,teamfight,3000,19795,1896,1460,4283,2387,13137
overall,30,capped_empirical,0.25,timely_leagueews,20260930,baron,3000,3241,588,328,1071,483,1091
overall,30,capped_empirical,0.25,timely_leagueews,20260930,dragon,3000,11329,875,630,1427,552,3736
overall,30,capped_empirical,0.25,timely_leagueews,20260930,teamfight,3000,19795,408,251,965,557,6648
overall,30,capped_empirical,0.25,timely_leagueews,20261001,baron,3000,3241,589,322,1056,467,1091
overall,30,capped_empirical,0.25,timely_leagueews,20261001,dragon,3000,11329,772,593,1320,548,3736
overall,30,capped_empirical,0.25,timely_leagueews,20261001,teamfight,3000,19795,377,232,938,561,6648
overall,30,capped_empirical,0.25,timely_leagueews,20261002,baron,3000,3241,566,307,999,433,1091
overall,30,capped_empirical,0.25,timely_leagueews,20261002,dragon,3000,11329,811,603,1333,522,3736
overall,30,capped_empirical,0.25,timely_leagueews,20261002,teamfight,3000,19795,358,232,885,527,6648
overall,30,capped_empirical,0.5,timely_leagueews,20260930,baron,3000,3241,830,487,1945,1115,1091
overall,30,capped_empirical,0.5,timely_leagueews,20260930,dragon,3000,11329,1506,1007,2463,957,3736
overall,30,capped_empirical,0.5,timely_leagueews,20260930,teamfight,3000,19795,724,440,1850,1126,6648
overall,30,capped_empirical,0.5,timely_leagueews,20261001,baron,3000,3241,833,491,2001,1168,1091
overall,30,capped_empirical,0.5,timely_leagueews,20261001,dragon,3000,11329,1423,987,2418,995,3736
overall,30,capped_empirical,0.5,timely_leagueews,20261001,teamfight,3000,19795,715,441,1848,1133,6648
overall,30,capped_empirical,0.5,timely_leagueews,20261002,baron,3000,3241,817,467,1938,1121,1091
overall,30,capped_empirical,0.5,timely_leagueews,20261002,dragon,3000,11329,1480,1009,2474,994,3736
overall,30,capped_empirical,0.5,timely_leagueews,20261002,teamfight,3000,19795,676,429,1798,1122,6648
overall,30,capped_empirical,0.75,timely_leagueews,20260930,baron,3000,3241,1003,605,2821,1818,1091
overall,30,capped_empirical,0.75,timely_leagueews,20260930,dragon,3000,11329,2108,1359,3490,1382,3736
overall,30,capped_empirical,0.75,timely_leagueews,20260930,teamfight,3000,19795,1011,611,2711,1700,6648
overall,30,capped_empirical,0.75,timely_leagueews,20261001,baron,3000,3241,988,593,2828,1840,1091
overall,30,capped_empirical,0.75,timely_leagueews,20261001,dragon,3000,11329,2149,1422,3623,1474,3736
overall,30,capped_empirical,0.75,timely_leagueews,20261001,teamfight,3000,19795,1006,615,2776,1770,6648
overall,30,capped_empirical,0.75,timely_leagueews,20261002,baron,3000,3241,977,583,2758,1781,1091
overall,30,capped_empirical,0.75,timely_leagueews,20261002,dragon,3000,11329,2102,1372,3515,1413,3736
overall,30,capped_empirical,0.75,timely_leagueews,20261002,teamfight,3000,19795,995,614,2778,1783,6648
overall,30,capped_empirical,1.0,timely_leagueews,20260930,baron,3000,3241,1116,690,3649,2533,1091
overall,30,capped_empirical,1.0,timely_leagueews,20260930,dragon,3000,11329,2688,1693,4538,1850,3736
overall,30,capped_empirical,1.0,timely_leagueews,20260930,teamfight,3000,19795,1254,754,3584,2330,6648
overall,30,capped_empirical,1.0,timely_leagueews,20261001,baron,3000,3241,1091,669,3540,2449,1091
overall,30,capped_empirical,1.0,timely_leagueews,20261001,dragon,3000,11329,2779,1784,4743,1964,3736
overall,30,capped_empirical,1.0,timely_leagueews,20261001,teamfight,3000,19795,1246,758,3582,2336,6648
overall,30,capped_empirical,1.0,timely_leagueews,20261002,baron,3000,3241,1107,675,3622,2515,1091
overall,30,capped_empirical,1.0,timely_leagueews,20261002,dragon,3000,11329,2732,1746,4634,1902,3736
overall,30,capped_empirical,1.0,timely_leagueews,20261002,teamfight,3000,19795,1257,775,3669,2412,6648
overall,60,capped_empirical,0.25,timely_leagueews,20260930,baron,3000,3241,523,292,1036,513,2152
overall,60,capped_empirical,0.25,timely_leagueews,20260930,dragon,3000,11329,1328,1230,1888,560,7555
overall,60,capped_empirical,0.25,timely_leagueews,20260930,teamfight,3000,19795,538,422,1061,523,13137
overall,60,capped_empirical,0.25,timely_leagueews,20261001,baron,3000,3241,494,267,997,503,2152
overall,60,capped_empirical,0.25,timely_leagueews,20261001,dragon,3000,11329,1328,1244,1878,550,7555
overall,60,capped_empirical,0.25,timely_leagueews,20261001,teamfight,3000,19795,567,451,1119,552,13137
overall,60,capped_empirical,0.25,timely_leagueews,20261002,baron,3000,3241,452,270,1027,575,2152
overall,60,capped_empirical,0.25,timely_leagueews,20261002,dragon,3000,11329,1304,1222,1851,547,7555
overall,60,capped_empirical,0.25,timely_leagueews,20261002,teamfight,3000,19795,551,434,1071,520,13137
overall,60,capped_empirical,0.5,timely_leagueews,20260930,baron,3000,3241,940,514,2019,1079,2152
overall,60,capped_empirical,0.5,timely_leagueews,20260930,dragon,3000,11329,2464,2174,3543,1079,7555
overall,60,capped_empirical,0.5,timely_leagueews,20260930,teamfight,3000,19795,1042,827,2223,1181,13137
overall,60,capped_empirical,0.5,timely_leagueews,20261001,baron,3000,3241,916,509,2019,1103,2152
overall,60,capped_empirical,0.5,timely_leagueews,20261001,dragon,3000,11329,2480,2205,3601,1121,7555
overall,60,capped_empirical,0.5,timely_leagueews,20261001,teamfight,3000,19795,994,797,2092,1098,13137
overall,60,capped_empirical,0.5,timely_leagueews,20261002,baron,3000,3241,856,518,2049,1193,2152
overall,60,capped_empirical,0.5,timely_leagueews,20261002,dragon,3000,11329,2442,2187,3564,1122,7555
overall,60,capped_empirical,0.5,timely_leagueews,20261002,teamfight,3000,19795,1039,819,2155,1116,13137
overall,60,capped_empirical,0.75,timely_leagueews,20260930,baron,3000,3241,1290,716,2974,1684,2152
overall,60,capped_empirical,0.75,timely_leagueews,20260930,dragon,3000,11329,3465,2906,5080,1615,7555
overall,60,capped_empirical,0.75,timely_leagueews,20260930,teamfight,3000,19795,1477,1141,3212,1735,13137
overall,60,capped_empirical,0.75,timely_leagueews,20261001,baron,3000,3241,1254,719,2923,1669,2152
overall,60,capped_empirical,0.75,timely_leagueews,20261001,dragon,3000,11329,3368,2862,5028,1660,7555
overall,60,capped_empirical,0.75,timely_leagueews,20261001,teamfight,3000,19795,1493,1171,3247,1754,13137
overall,60,capped_empirical,0.75,timely_leagueews,20261002,baron,3000,3241,1181,715,2877,1696,2152
overall,60,capped_empirical,0.75,timely_leagueews,20261002,dragon,3000,11329,3417,2889,5079,1662,7555
overall,60,capped_empirical,0.75,timely_leagueews,20261002,teamfight,3000,19795,1501,1165,3281,1780,13137
overall,60,capped_empirical,1.0,timely_leagueews,20260930,baron,3000,3241,1597,914,3847,2250,2152
overall,60,capped_empirical,1.0,timely_leagueews,20260930,dragon,3000,11329,4260,3391,6270,2010,7555
overall,60,capped_empirical,1.0,timely_leagueews,20260930,teamfight,3000,19795,1949,1489,4303,2354,13137
overall,60,capped_empirical,1.0,timely_leagueews,20261001,baron,3000,3241,1566,912,3877,2311,2152
overall,60,capped_empirical,1.0,timely_leagueews,20261001,dragon,3000,11329,4222,3400,6356,2134,7555
overall,60,capped_empirical,1.0,timely_leagueews,20261001,teamfight,3000,19795,1860,1437,4149,2289,13137
overall,60,capped_empirical,1.0,timely_leagueews,20261002,baron,3000,3241,1491,912,3837,2346,2152
overall,60,capped_empirical,1.0,timely_leagueews,20261002,dragon,3000,11329,4198,3364,6230,2032,7555
overall,60,capped_empirical,1.0,timely_leagueews,20261002,teamfight,3000,19795,1905,1447,4192,2287,13137
overall,30,capped_sequence,0.25,timely_equal_sum,20260930,baron,3000,3241,608,334,1034,426,1091
overall,30,capped_sequence,0.25,timely_equal_sum,20260930,dragon,3000,11329,866,646,1400,534,3736
overall,30,capped_sequence,0.25,timely_equal_sum,20260930,teamfight,3000,19795,391,238,915,524,6648
overall,30,capped_sequence,0.25,timely_equal_sum,20261001,baron,3000,3241,628,346,1073,445,1091
overall,30,capped_sequence,0.25,timely_equal_sum,20261001,dragon,3000,11329,799,588,1331,532,3736
overall,30,capped_sequence,0.25,timely_equal_sum,20261001,teamfight,3000,19795,390,234,915,525,6648
overall,30,capped_sequence,0.25,timely_equal_sum,20261002,baron,3000,3241,582,313,1022,440,1091
overall,30,capped_sequence,0.25,timely_equal_sum,20261002,dragon,3000,11329,842,614,1341,499,3736
overall,30,capped_sequence,0.25,timely_equal_sum,20261002,teamfight,3000,19795,393,239,930,537,6648
overall,30,capped_sequence,0.5,timely_equal_sum,20260930,baron,3000,3241,862,504,1959,1097,1091
overall,30,capped_sequence,0.5,timely_equal_sum,20260930,dragon,3000,11329,1539,1034,2539,1000,3736
overall,30,capped_sequence,0.5,timely_equal_sum,20260930,teamfight,3000,19795,734,443,1873,1139,6648
overall,30,capped_sequence,0.5,timely_equal_sum,20261001,baron,3000,3241,869,506,1979,1110,1091
overall,30,capped_sequence,0.5,timely_equal_sum,20261001,dragon,3000,11329,1485,1019,2483,998,3736
overall,30,capped_sequence,0.5,timely_equal_sum,20261001,teamfight,3000,19795,719,432,1820,1101,6648
overall,30,capped_sequence,0.5,timely_equal_sum,20261002,baron,3000,3241,865,506,1977,1112,1091
overall,30,capped_sequence,0.5,timely_equal_sum,20261002,dragon,3000,11329,1506,1026,2476,970,3736
overall,30,capped_sequence,0.5,timely_equal_sum,20261002,teamfight,3000,19795,738,443,1900,1162,6648
overall,30,capped_sequence,0.75,timely_equal_sum,20260930,baron,3000,3241,1040,628,2805,1765,1091
overall,30,capped_sequence,0.75,timely_equal_sum,20260930,dragon,3000,11329,2131,1361,3519,1388,3736
overall,30,capped_sequence,0.75,timely_equal_sum,20260930,teamfight,3000,19795,1016,608,2726,1710,6648
overall,30,capped_sequence,0.75,timely_equal_sum,20261001,baron,3000,3241,1034,630,2825,1791,1091
overall,30,capped_sequence,0.75,timely_equal_sum,20261001,dragon,3000,11329,2149,1397,3578,1429,3736
overall,30,capped_sequence,0.75,timely_equal_sum,20261001,teamfight,3000,19795,1030,622,2795,1765,6648
overall,30,capped_sequence,0.75,timely_equal_sum,20261002,baron,3000,3241,1019,622,2871,1852,1091
overall,30,capped_sequence,0.75,timely_equal_sum,20261002,dragon,3000,11329,2204,1445,3662,1458,3736
overall,30,capped_sequence,0.75,timely_equal_sum,20261002,teamfight,3000,19795,1022,613,2723,1701,6648
overall,30,capped_sequence,1.0,timely_equal_sum,20260930,baron,3000,3241,1130,702,3634,2504,1091
overall,30,capped_sequence,1.0,timely_equal_sum,20260930,dragon,3000,11329,2741,1731,4656,1915,3736
overall,30,capped_sequence,1.0,timely_equal_sum,20260930,teamfight,3000,19795,1229,744,3464,2235,6648
overall,30,capped_sequence,1.0,timely_equal_sum,20261001,baron,3000,3241,1139,709,3642,2503,1091
overall,30,capped_sequence,1.0,timely_equal_sum,20261001,dragon,3000,11329,2771,1765,4677,1906,3736
overall,30,capped_sequence,1.0,timely_equal_sum,20261001,teamfight,3000,19795,1255,765,3497,2242,6648
overall,30,capped_sequence,1.0,timely_equal_sum,20261002,baron,3000,3241,1136,701,3718,2582,1091
overall,30,capped_sequence,1.0,timely_equal_sum,20261002,dragon,3000,11329,2757,1768,4693,1936,3736
overall,30,capped_sequence,1.0,timely_equal_sum,20261002,teamfight,3000,19795,1281,772,3584,2303,6648
overall,60,capped_sequence,0.25,timely_equal_sum,20260930,baron,3000,3241,491,284,971,480,2152
overall,60,capped_sequence,0.25,timely_equal_sum,20260930,dragon,3000,11329,1360,1258,1900,540,7555
overall,60,capped_sequence,0.25,timely_equal_sum,20260930,teamfight,3000,19795,550,434,1083,533,13137
overall,60,capped_sequence,0.25,timely_equal_sum,20261001,baron,3000,3241,500,298,1025,525,2152
overall,60,capped_sequence,0.25,timely_equal_sum,20261001,dragon,3000,11329,1350,1259,1887,537,7555
overall,60,capped_sequence,0.25,timely_equal_sum,20261001,teamfight,3000,19795,522,409,1066,544,13137
overall,60,capped_sequence,0.25,timely_equal_sum,20261002,baron,3000,3241,532,322,1144,612,2152
overall,60,capped_sequence,0.25,timely_equal_sum,20261002,dragon,3000,11329,1345,1263,1912,567,7555
overall,60,capped_sequence,0.25,timely_equal_sum,20261002,teamfight,3000,19795,536,423,1022,486,13137
overall,60,capped_sequence,0.5,timely_equal_sum,20260930,baron,3000,3241,943,550,2037,1094,2152
overall,60,capped_sequence,0.5,timely_equal_sum,20260930,dragon,3000,11329,2527,2204,3645,1118,7555
overall,60,capped_sequence,0.5,timely_equal_sum,20260930,teamfight,3000,19795,1055,827,2209,1154,13137
overall,60,capped_sequence,0.5,timely_equal_sum,20261001,baron,3000,3241,903,548,1957,1054,2152
overall,60,capped_sequence,0.5,timely_equal_sum,20261001,dragon,3000,11329,2482,2187,3589,1107,7555
overall,60,capped_sequence,0.5,timely_equal_sum,20261001,teamfight,3000,19795,1018,799,2150,1132,13137
overall,60,capped_sequence,0.5,timely_equal_sum,20261002,baron,3000,3241,882,548,2073,1191,2152
overall,60,capped_sequence,0.5,timely_equal_sum,20261002,dragon,3000,11329,2418,2161,3499,1081,7555
overall,60,capped_sequence,0.5,timely_equal_sum,20261002,teamfight,3000,19795,1064,837,2162,1098,13137
overall,60,capped_sequence,0.75,timely_equal_sum,20260930,baron,3000,3241,1312,782,3040,1728,2152
overall,60,capped_sequence,0.75,timely_equal_sum,20260930,dragon,3000,11329,3406,2859,4983,1577,7555
overall,60,capped_sequence,0.75,timely_equal_sum,20260930,teamfight,3000,19795,1494,1148,3222,1728,13137
overall,60,capped_sequence,0.75,timely_equal_sum,20261001,baron,3000,3241,1257,755,2941,1684,2152
overall,60,capped_sequence,0.75,timely_equal_sum,20261001,dragon,3000,11329,3364,2822,4947,1583,7555
overall,60,capped_sequence,0.75,timely_equal_sum,20261001,teamfight,3000,19795,1451,1122,3112,1661,13137
overall,60,capped_sequence,0.75,timely_equal_sum,20261002,baron,3000,3241,1205,762,2981,1776,2152
overall,60,capped_sequence,0.75,timely_equal_sum,20261002,dragon,3000,11329,3334,2846,4970,1636,7555
overall,60,capped_sequence,0.75,timely_equal_sum,20261002,teamfight,3000,19795,1574,1204,3333,1759,13137
overall,60,capped_sequence,1.0,timely_equal_sum,20260930,baron,3000,3241,1612,987,3985,2373,2152
overall,60,capped_sequence,1.0,timely_equal_sum,20260930,dragon,3000,11329,4251,3386,6233,1982,7555
overall,60,capped_sequence,1.0,timely_equal_sum,20260930,teamfight,3000,19795,1984,1503,4386,2402,13137
overall,60,capped_sequence,1.0,timely_equal_sum,20261001,baron,3000,3241,1611,978,3978,2367,2152
overall,60,capped_sequence,1.0,timely_equal_sum,20261001,dragon,3000,11329,4238,3364,6224,1986,7555
overall,60,capped_sequence,1.0,timely_equal_sum,20261001,teamfight,3000,19795,1960,1484,4288,2328,13137
overall,60,capped_sequence,1.0,timely_equal_sum,20261002,baron,3000,3241,1522,962,3936,2414,2152
overall,60,capped_sequence,1.0,timely_equal_sum,20261002,dragon,3000,11329,4176,3384,6240,2064,7555
overall,60,capped_sequence,1.0,timely_equal_sum,20261002,teamfight,3000,19795,1968,1482,4301,2333,13137
overall,30,capped_sequence,0.25,timely_equal_tcn,20260930,baron,3000,3241,579,314,1016,437,1091
overall,30,capped_sequence,0.25,timely_equal_tcn,20260930,dragon,3000,11329,851,604,1406,555,3736
overall,30,capped_sequence,0.25,timely_equal_tcn,20260930,teamfight,3000,19795,393,230,919,526,6648
overall,30,capped_sequence,0.25,timely_equal_tcn,20261001,baron,3000,3241,605,334,1056,451,1091
overall,30,capped_sequence,0.25,timely_equal_tcn,20261001,dragon,3000,11329,805,567,1293,488,3736
overall,30,capped_sequence,0.25,timely_equal_tcn,20261001,teamfight,3000,19795,375,221,866,491,6648
overall,30,capped_sequence,0.25,timely_equal_tcn,20261002,baron,3000,3241,579,316,1023,444,1091
overall,30,capped_sequence,0.25,timely_equal_tcn,20261002,dragon,3000,11329,789,600,1349,560,3736
overall,30,capped_sequence,0.25,timely_equal_tcn,20261002,teamfight,3000,19795,382,217,920,538,6648
overall,30,capped_sequence,0.5,timely_equal_tcn,20260930,baron,3000,3241,860,509,1970,1110,1091
overall,30,capped_sequence,0.5,timely_equal_tcn,20260930,dragon,3000,11329,1426,930,2327,901,3736
overall,30,capped_sequence,0.5,timely_equal_tcn,20260930,teamfight,3000,19795,712,427,1864,1152,6648
overall,30,capped_sequence,0.5,timely_equal_tcn,20261001,baron,3000,3241,861,507,2021,1160,1091
overall,30,capped_sequence,0.5,timely_equal_tcn,20261001,dragon,3000,11329,1501,954,2403,902,3736
overall,30,capped_sequence,0.5,timely_equal_tcn,20261001,teamfight,3000,19795,680,404,1768,1088,6648
overall,30,capped_sequence,0.5,timely_equal_tcn,20261002,baron,3000,3241,845,487,1962,1117,1091
overall,30,capped_sequence,0.5,timely_equal_tcn,20261002,dragon,3000,11329,1386,932,2311,925,3736
overall,30,capped_sequence,0.5,timely_equal_tcn,20261002,teamfight,3000,19795,732,434,1891,1159,6648
overall,30,capped_sequence,0.75,timely_equal_tcn,20260930,baron,3000,3241,1004,610,2830,1826,1091
overall,30,capped_sequence,0.75,timely_equal_tcn,20260930,dragon,3000,11329,2160,1362,3564,1404,3736
overall,30,capped_sequence,0.75,timely_equal_tcn,20260930,teamfight,3000,19795,971,581,2651,1680,6648
overall,30,capped_sequence,0.75,timely_equal_tcn,20261001,baron,3000,3241,1016,621,2863,1847,1091
overall,30,capped_sequence,0.75,timely_equal_tcn,20261001,dragon,3000,11329,2172,1338,3543,1371,3736
overall,30,capped_sequence,0.75,timely_equal_tcn,20261001,teamfight,3000,19795,969,594,2675,1706,6648
overall,30,capped_sequence,0.75,timely_equal_tcn,20261002,baron,3000,3241,1005,607,2813,1808,1091
overall,30,capped_sequence,0.75,timely_equal_tcn,20261002,dragon,3000,11329,2180,1381,3637,1457,3736
overall,30,capped_sequence,0.75,timely_equal_tcn,20261002,teamfight,3000,19795,1013,603,2764,1751,6648
overall,30,capped_sequence,1.0,timely_equal_tcn,20260930,baron,3000,3241,1123,689,3585,2462,1091
overall,30,capped_sequence,1.0,timely_equal_tcn,20260930,dragon,3000,11329,2813,1736,4769,1956,3736
overall,30,capped_sequence,1.0,timely_equal_tcn,20260930,teamfight,3000,19795,1262,746,3578,2316,6648
overall,30,capped_sequence,1.0,timely_equal_tcn,20261001,baron,3000,3241,1115,695,3620,2505,1091
overall,30,capped_sequence,1.0,timely_equal_tcn,20261001,dragon,3000,11329,2768,1717,4606,1838,3736
overall,30,capped_sequence,1.0,timely_equal_tcn,20261001,teamfight,3000,19795,1206,727,3522,2316,6648
overall,30,capped_sequence,1.0,timely_equal_tcn,20261002,baron,3000,3241,1104,680,3610,2506,1091
overall,30,capped_sequence,1.0,timely_equal_tcn,20261002,dragon,3000,11329,2761,1743,4675,1914,3736
overall,30,capped_sequence,1.0,timely_equal_tcn,20261002,teamfight,3000,19795,1256,734,3585,2329,6648
overall,60,capped_sequence,0.25,timely_equal_tcn,20260930,baron,3000,3241,498,273,1034,536,2152
overall,60,capped_sequence,0.25,timely_equal_tcn,20260930,dragon,3000,11329,1430,1282,1978,548,7555
overall,60,capped_sequence,0.25,timely_equal_tcn,20260930,teamfight,3000,19795,528,418,1067,539,13137
overall,60,capped_sequence,0.25,timely_equal_tcn,20261001,baron,3000,3241,473,246,945,472,2152
overall,60,capped_sequence,0.25,timely_equal_tcn,20261001,dragon,3000,11329,1353,1224,1868,515,7555
overall,60,capped_sequence,0.25,timely_equal_tcn,20261001,teamfight,3000,19795,491,399,1005,514,13137
overall,60,capped_sequence,0.25,timely_equal_tcn,20261002,baron,3000,3241,478,265,1052,574,2152
overall,60,capped_sequence,0.25,timely_equal_tcn,20261002,dragon,3000,11329,1400,1293,1942,542,7555
overall,60,capped_sequence,0.25,timely_equal_tcn,20261002,teamfight,3000,19795,517,410,1056,539,13137
overall,60,capped_sequence,0.5,timely_equal_tcn,20260930,baron,3000,3241,904,511,2004,1100,2152
overall,60,capped_sequence,0.5,timely_equal_tcn,20260930,dragon,3000,11329,2484,2146,3525,1041,7555
overall,60,capped_sequence,0.5,timely_equal_tcn,20260930,teamfight,3000,19795,949,739,2024,1075,13137
overall,60,capped_sequence,0.5,timely_equal_tcn,20261001,baron,3000,3241,855,468,1837,982,2152
overall,60,capped_sequence,0.5,timely_equal_tcn,20261001,dragon,3000,11329,2533,2176,3602,1069,7555
overall,60,capped_sequence,0.5,timely_equal_tcn,20261001,teamfight,3000,19795,947,756,2086,1139,13137
overall,60,capped_sequence,0.5,timely_equal_tcn,20261002,baron,3000,3241,847,500,2004,1157,2152
overall,60,capped_sequence,0.5,timely_equal_tcn,20261002,dragon,3000,11329,2460,2204,3633,1173,7555
overall,60,capped_sequence,0.5,timely_equal_tcn,20261002,teamfight,3000,19795,1034,808,2227,1193,13137
overall,60,capped_sequence,0.75,timely_equal_tcn,20260930,baron,3000,3241,1228,715,2908,1680,2152
overall,60,capped_sequence,0.75,timely_equal_tcn,20260930,dragon,3000,11329,3383,2782,4913,1530,7555
overall,60,capped_sequence,0.75,timely_equal_tcn,20260930,teamfight,3000,19795,1490,1151,3276,1786,13137
overall,60,capped_sequence,0.75,timely_equal_tcn,20261001,baron,3000,3241,1270,715,2920,1650,2152
overall,60,capped_sequence,0.75,timely_equal_tcn,20261001,dragon,3000,11329,3414,2826,4964,1550,7555
overall,60,capped_sequence,0.75,timely_equal_tcn,20261001,teamfight,3000,19795,1401,1105,3134,1733,13137
overall,60,capped_sequence,0.75,timely_equal_tcn,20261002,baron,3000,3241,1169,701,2896,1727,2152
overall,60,capped_sequence,0.75,timely_equal_tcn,20261002,dragon,3000,11329,3342,2864,5028,1686,7555
overall,60,capped_sequence,0.75,timely_equal_tcn,20261002,teamfight,3000,19795,1521,1156,3279,1758,13137
overall,60,capped_sequence,1.0,timely_equal_tcn,20260930,baron,3000,3241,1537,909,3804,2267,2152
overall,60,capped_sequence,1.0,timely_equal_tcn,20260930,dragon,3000,11329,4244,3314,6185,1941,7555
overall,60,capped_sequence,1.0,timely_equal_tcn,20260930,teamfight,3000,19795,1873,1439,4233,2360,13137
overall,60,capped_sequence,1.0,timely_equal_tcn,20261001,baron,3000,3241,1592,916,3846,2254,2152
overall,60,capped_sequence,1.0,timely_equal_tcn,20261001,dragon,3000,11329,4172,3273,6116,1944,7555
overall,60,capped_sequence,1.0,timely_equal_tcn,20261001,teamfight,3000,19795,1915,1497,4336,2421,13137
overall,60,capped_sequence,1.0,timely_equal_tcn,20261002,baron,3000,3241,1457,877,3729,2272,2152
overall,60,capped_sequence,1.0,timely_equal_tcn,20261002,dragon,3000,11329,4105,3328,6185,2080,7555
overall,60,capped_sequence,1.0,timely_equal_tcn,20261002,teamfight,3000,19795,1923,1447,4231,2308,13137
overall,30,capped_sequence,0.25,timely_equal_gru,20260930,baron,3000,3241,362,191,876,514,1091
overall,30,capped_sequence,0.25,timely_equal_gru,20260930,dragon,3000,11329,35,35,566,531,3736
overall,30,capped_sequence,0.25,timely_equal_gru,20260930,teamfight,3000,19795,254,162,781,527,6648
overall,30,capped_sequence,0.25,timely_equal_gru,20261001,baron,3000,3241,388,210,923,535,1091
overall,30,capped_sequence,0.25,timely_equal_gru,20261001,dragon,3000,11329,30,30,597,567,3736
overall,30,capped_sequence,0.25,timely_equal_gru,20261001,teamfight,3000,19795,260,167,809,549,6648
overall,30,capped_sequence,0.25,timely_equal_gru,20261002,baron,3000,3241,311,173,810,499,1091
overall,30,capped_sequence,0.25,timely_equal_gru,20261002,dragon,3000,11329,46,46,652,606,3736
overall,30,capped_sequence,0.25,timely_equal_gru,20261002,teamfight,3000,19795,218,150,755,537,6648
overall,30,capped_sequence,0.5,timely_equal_gru,20260930,baron,3000,3241,583,336,1762,1179,1091
overall,30,capped_sequence,0.5,timely_equal_gru,20260930,dragon,3000,11329,180,180,1475,1295,3736
overall,30,capped_sequence,0.5,timely_equal_gru,20260930,teamfight,3000,19795,468,301,1498,1030,6648
overall,30,capped_sequence,0.5,timely_equal_gru,20261001,baron,3000,3241,638,369,1801,1163,1091
overall,30,capped_sequence,0.5,timely_equal_gru,20261001,dragon,3000,11329,179,178,1507,1328,3736
overall,30,capped_sequence,0.5,timely_equal_gru,20261001,teamfight,3000,19795,533,343,1665,1132,6648
overall,30,capped_sequence,0.5,timely_equal_gru,20261002,baron,3000,3241,490,291,1631,1141,1091
overall,30,capped_sequence,0.5,timely_equal_gru,20261002,dragon,3000,11329,190,189,1411,1221,3736
overall,30,capped_sequence,0.5,timely_equal_gru,20261002,teamfight,3000,19795,417,274,1531,1114,6648
overall,30,capped_sequence,0.75,timely_equal_gru,20260930,baron,3000,3241,742,452,2524,1782,1091
overall,30,capped_sequence,0.75,timely_equal_gru,20260930,dragon,3000,11329,332,330,2349,2017,3736
overall,30,capped_sequence,0.75,timely_equal_gru,20260930,teamfight,3000,19795,694,447,2397,1703,6648
overall,30,capped_sequence,0.75,timely_equal_gru,20261001,baron,3000,3241,782,471,2565,1783,1091
overall,30,capped_sequence,0.75,timely_equal_gru,20261001,dragon,3000,11329,338,335,2410,2072,3736
overall,30,capped_sequence,0.75,timely_equal_gru,20261001,teamfight,3000,19795,733,463,2389,1656,6648
overall,30,capped_sequence,0.75,timely_equal_gru,20261002,baron,3000,3241,644,392,2429,1785,1091
overall,30,capped_sequence,0.75,timely_equal_gru,20261002,dragon,3000,11329,345,337,2381,2036,3736
overall,30,capped_sequence,0.75,timely_equal_gru,20261002,teamfight,3000,19795,594,395,2286,1692,6648
overall,30,capped_sequence,1.0,timely_equal_gru,20260930,baron,3000,3241,873,545,3453,2580,1091
overall,30,capped_sequence,1.0,timely_equal_gru,20260930,dragon,3000,11329,569,518,3257,2688,3736
overall,30,capped_sequence,1.0,timely_equal_gru,20260930,teamfight,3000,19795,936,593,3390,2454,6648
overall,30,capped_sequence,1.0,timely_equal_gru,20261001,baron,3000,3241,921,558,3419,2498,1091
overall,30,capped_sequence,1.0,timely_equal_gru,20261001,dragon,3000,11329,557,511,3271,2714,3736
overall,30,capped_sequence,1.0,timely_equal_gru,20261001,teamfight,3000,19795,917,587,3220,2303,6648
overall,30,capped_sequence,1.0,timely_equal_gru,20261002,baron,3000,3241,773,481,3320,2547,1091
overall,30,capped_sequence,1.0,timely_equal_gru,20261002,dragon,3000,11329,625,550,3376,2751,3736
overall,30,capped_sequence,1.0,timely_equal_gru,20261002,teamfight,3000,19795,808,531,3307,2499,6648
overall,60,capped_sequence,0.25,timely_equal_gru,20260930,baron,3000,3241,347,187,844,497,2152
overall,60,capped_sequence,0.25,timely_equal_gru,20260930,dragon,3000,11329,161,161,809,648,7555
overall,60,capped_sequence,0.25,timely_equal_gru,20260930,teamfight,3000,19795,430,367,1047,617,13137
overall,60,capped_sequence,0.25,timely_equal_gru,20261001,baron,3000,3241,449,224,962,513,2152
overall,60,capped_sequence,0.25,timely_equal_gru,20261001,dragon,3000,11329,134,134,791,657,7555
overall,60,capped_sequence,0.25,timely_equal_gru,20261001,teamfight,3000,19795,412,355,1057,645,13137
overall,60,capped_sequence,0.25,timely_equal_gru,20261002,baron,3000,3241,292,167,801,509,2152
overall,60,capped_sequence,0.25,timely_equal_gru,20261002,dragon,3000,11329,178,178,805,627,7555
overall,60,capped_sequence,0.25,timely_equal_gru,20261002,teamfight,3000,19795,389,334,973,584,13137
overall,60,capped_sequence,0.5,timely_equal_gru,20260930,baron,3000,3241,759,410,1853,1094,2152
overall,60,capped_sequence,0.5,timely_equal_gru,20260930,dragon,3000,11329,379,379,1843,1464,7555
overall,60,capped_sequence,0.5,timely_equal_gru,20260930,teamfight,3000,19795,828,680,2035,1207,13137
overall,60,capped_sequence,0.5,timely_equal_gru,20261001,baron,3000,3241,806,421,1885,1079,2152
overall,60,capped_sequence,0.5,timely_equal_gru,20261001,dragon,3000,11329,348,348,1795,1447,7555
overall,60,capped_sequence,0.5,timely_equal_gru,20261001,teamfight,3000,19795,798,665,2055,1257,13137
overall,60,capped_sequence,0.5,timely_equal_gru,20261002,baron,3000,3241,590,344,1632,1042,2152
overall,60,capped_sequence,0.5,timely_equal_gru,20261002,dragon,3000,11329,455,455,1930,1475,7555
overall,60,capped_sequence,0.5,timely_equal_gru,20261002,teamfight,3000,19795,755,624,1975,1220,13137
overall,60,capped_sequence,0.75,timely_equal_gru,20260930,baron,3000,3241,1093,619,2786,1693,2152
overall,60,capped_sequence,0.75,timely_equal_gru,20260930,dragon,3000,11329,573,573,2658,2085,7555
overall,60,capped_sequence,0.75,timely_equal_gru,20260930,teamfight,3000,19795,1236,990,3197,1961,13137
overall,60,capped_sequence,0.75,timely_equal_gru,20261001,baron,3000,3241,1114,591,2701,1587,2152
overall,60,capped_sequence,0.75,timely_equal_gru,20261001,dragon,3000,11329,578,578,2723,2145,7555
overall,60,capped_sequence,0.75,timely_equal_gru,20261001,teamfight,3000,19795,1168,960,3045,1877,13137
overall,60,capped_sequence,0.75,timely_equal_gru,20261002,baron,3000,3241,905,541,2613,1708,2152
overall,60,capped_sequence,0.75,timely_equal_gru,20261002,dragon,3000,11329,681,681,2763,2082,7555
overall,60,capped_sequence,0.75,timely_equal_gru,20261002,teamfight,3000,19795,1109,902,2977,1868,13137
overall,60,capped_sequence,1.0,timely_equal_gru,20260930,baron,3000,3241,1364,802,3731,2367,2152
overall,60,capped_sequence,1.0,timely_equal_gru,20260930,dragon,3000,11329,840,840,3741,2901,7555
overall,60,capped_sequence,1.0,timely_equal_gru,20260930,teamfight,3000,19795,1550,1238,4043,2493,13137
overall,60,capped_sequence,1.0,timely_equal_gru,20261001,baron,3000,3241,1409,788,3706,2297,2152
overall,60,capped_sequence,1.0,timely_equal_gru,20261001,dragon,3000,11329,866,866,3785,2919,7555
overall,60,capped_sequence,1.0,timely_equal_gru,20261001,teamfight,3000,19795,1524,1235,3966,2442,13137
overall,60,capped_sequence,1.0,timely_equal_gru,20261002,baron,3000,3241,1168,721,3492,2324,2152
overall,60,capped_sequence,1.0,timely_equal_gru,20261002,dragon,3000,11329,983,983,3916,2933,7555
overall,60,capped_sequence,1.0,timely_equal_gru,20261002,teamfight,3000,19795,1484,1194,3985,2501,13137
overall,30,capped_sequence,0.25,timely_independent,20260930,baron,3000,3241,543,309,997,454,1091
overall,30,capped_sequence,0.25,timely_independent,20260930,dragon,3000,11329,767,566,1310,543,3736
overall,30,capped_sequence,0.25,timely_independent,20260930,teamfight,3000,19795,386,238,947,561,6648
overall,30,capped_sequence,0.25,timely_independent,20261001,baron,3000,3241,599,327,1079,480,1091
overall,30,capped_sequence,0.25,timely_independent,20261001,dragon,3000,11329,736,571,1350,614,3736
overall,30,capped_sequence,0.25,timely_independent,20261001,teamfight,3000,19795,369,222,848,479,6648
overall,30,capped_sequence,0.25,timely_independent,20261002,baron,3000,3241,583,327,1039,456,1091
overall,30,capped_sequence,0.25,timely_independent,20261002,dragon,3000,11329,700,535,1247,547,3736
overall,30,capped_sequence,0.25,timely_independent,20261002,teamfight,3000,19795,369,235,904,535,6648
overall,30,capped_sequence,0.5,timely_independent,20260930,baron,3000,3241,813,481,1924,1111,1091
overall,30,capped_sequence,0.5,timely_independent,20260930,dragon,3000,11329,1425,968,2491,1066,3736
overall,30,capped_sequence,0.5,timely_independent,20260930,teamfight,3000,19795,749,441,1907,1158,6648
overall,30,capped_sequence,0.5,timely_independent,20261001,baron,3000,3241,836,501,1958,1122,1091
overall,30,capped_sequence,0.5,timely_independent,20261001,dragon,3000,11329,1371,969,2482,1111,3736
overall,30,capped_sequence,0.5,timely_independent,20261001,teamfight,3000,19795,723,426,1801,1078,6648
overall,30,capped_sequence,0.5,timely_independent,20261002,baron,3000,3241,851,510,1938,1087,1091
overall,30,capped_sequence,0.5,timely_independent,20261002,dragon,3000,11329,1407,988,2477,1070,3736
overall,30,capped_sequence,0.5,timely_independent,20261002,teamfight,3000,19795,656,417,1698,1042,6648
overall,30,capped_sequence,0.75,timely_independent,20260930,baron,3000,3241,984,604,2777,1793,1091
overall,30,capped_sequence,0.75,timely_independent,20260930,dragon,3000,11329,2065,1359,3537,1472,3736
overall,30,capped_sequence,0.75,timely_independent,20260930,teamfight,3000,19795,1031,614,2743,1712,6648
overall,30,capped_sequence,0.75,timely_independent,20261001,baron,3000,3241,975,602,2742,1767,1091
overall,30,capped_sequence,0.75,timely_independent,20261001,dragon,3000,11329,1992,1343,3541,1549,3736
overall,30,capped_sequence,0.75,timely_independent,20261001,teamfight,3000,19795,1005,603,2729,1724,6648
overall,30,capped_sequence,0.75,timely_independent,20261002,baron,3000,3241,978,604,2739,1761,1091
overall,30,capped_sequence,0.75,timely_independent,20261002,dragon,3000,11329,2036,1369,3564,1528,3736
overall,30,capped_sequence,0.75,timely_independent,20261002,teamfight,3000,19795,993,613,2654,1661,6648
overall,30,capped_sequence,1.0,timely_independent,20260930,baron,3000,3241,1097,688,3551,2454,1091
overall,30,capped_sequence,1.0,timely_independent,20260930,dragon,3000,11329,2644,1688,4610,1966,3736
overall,30,capped_sequence,1.0,timely_independent,20260930,teamfight,3000,19795,1313,771,3604,2291,6648
overall,30,capped_sequence,1.0,timely_independent,20261001,baron,3000,3241,1123,700,3699,2576,1091
overall,30,capped_sequence,1.0,timely_independent,20261001,dragon,3000,11329,2609,1681,4635,2026,3736
overall,30,capped_sequence,1.0,timely_independent,20261001,teamfight,3000,19795,1267,759,3662,2395,6648
overall,30,capped_sequence,1.0,timely_independent,20261002,baron,3000,3241,1096,685,3574,2478,1091
overall,30,capped_sequence,1.0,timely_independent,20261002,dragon,3000,11329,2645,1723,4692,2047,3736
overall,30,capped_sequence,1.0,timely_independent,20261002,teamfight,3000,19795,1216,749,3468,2252,6648
overall,60,capped_sequence,0.25,timely_independent,20260930,baron,3000,3241,470,299,952,482,2152
overall,60,capped_sequence,0.25,timely_independent,20260930,dragon,3000,11329,1409,1283,1949,540,7555
overall,60,capped_sequence,0.25,timely_independent,20260930,teamfight,3000,19795,497,388,1016,519,13137
overall,60,capped_sequence,0.25,timely_independent,20261001,baron,3000,3241,552,341,1057,505,2152
overall,60,capped_sequence,0.25,timely_independent,20261001,dragon,3000,11329,1318,1238,1861,543,7555
overall,60,capped_sequence,0.25,timely_independent,20261001,teamfight,3000,19795,501,395,1080,579,13137
overall,60,capped_sequence,0.25,timely_independent,20261002,baron,3000,3241,499,342,1093,594,2152
overall,60,capped_sequence,0.25,timely_independent,20261002,dragon,3000,11329,1421,1310,2004,583,7555
overall,60,capped_sequence,0.25,timely_independent,20261002,teamfight,3000,19795,546,432,1105,559,13137
overall,60,capped_sequence,0.5,timely_independent,20260930,baron,3000,3241,890,563,2023,1133,2152
overall,60,capped_sequence,0.5,timely_independent,20260930,dragon,3000,11329,2540,2202,3640,1100,7555
overall,60,capped_sequence,0.5,timely_independent,20260930,teamfight,3000,19795,998,773,2139,1141,13137
overall,60,capped_sequence,0.5,timely_independent,20261001,baron,3000,3241,940,576,1989,1049,2152
overall,60,capped_sequence,0.5,timely_independent,20261001,dragon,3000,11329,2472,2214,3629,1157,7555
overall,60,capped_sequence,0.5,timely_independent,20261001,teamfight,3000,19795,1041,833,2251,1210,13137
overall,60,capped_sequence,0.5,timely_independent,20261002,baron,3000,3241,913,610,2079,1166,2152
overall,60,capped_sequence,0.5,timely_independent,20261002,dragon,3000,11329,2496,2176,3619,1123,7555
overall,60,capped_sequence,0.5,timely_independent,20261002,teamfight,3000,19795,994,792,2143,1149,13137
overall,60,capped_sequence,0.75,timely_independent,20260930,baron,3000,3241,1220,774,2916,1696,2152
overall,60,capped_sequence,0.75,timely_independent,20260930,dragon,3000,11329,3332,2790,4896,1564,7555
overall,60,capped_sequence,0.75,timely_independent,20260930,teamfight,3000,19795,1455,1126,3175,1720,13137
overall,60,capped_sequence,0.75,timely_independent,20261001,baron,3000,3241,1280,793,2965,1685,2152
overall,60,capped_sequence,0.75,timely_independent,20261001,dragon,3000,11329,3374,2891,5081,1707,7555
overall,60,capped_sequence,0.75,timely_independent,20261001,teamfight,3000,19795,1428,1135,3223,1795,13137
overall,60,capped_sequence,0.75,timely_independent,20261002,baron,3000,3241,1176,780,2814,1638,2152
overall,60,capped_sequence,0.75,timely_independent,20261002,dragon,3000,11329,3360,2796,4932,1572,7555
overall,60,capped_sequence,0.75,timely_independent,20261002,teamfight,3000,19795,1398,1105,3102,1704,13137
overall,60,capped_sequence,1.0,timely_independent,20260930,baron,3000,3241,1527,972,3914,2387,2152
overall,60,capped_sequence,1.0,timely_independent,20260930,dragon,3000,11329,4126,3310,6147,2021,7555
overall,60,capped_sequence,1.0,timely_independent,20260930,teamfight,3000,19795,1935,1471,4344,2409,13137
overall,60,capped_sequence,1.0,timely_independent,20261001,baron,3000,3241,1593,994,3983,2390,2152
overall,60,capped_sequence,1.0,timely_independent,20261001,dragon,3000,11329,4105,3376,6249,2144,7555
overall,60,capped_sequence,1.0,timely_independent,20261001,teamfight,3000,19795,1910,1488,4371,2461,13137
overall,60,capped_sequence,1.0,timely_independent,20261002,baron,3000,3241,1467,980,3831,2364,2152
overall,60,capped_sequence,1.0,timely_independent,20261002,dragon,3000,11329,4133,3290,6137,2004,7555
overall,60,capped_sequence,1.0,timely_independent,20261002,teamfight,3000,19795,1896,1460,4283,2387,13137
overall,30,capped_sequence,0.25,timely_leagueews,20260930,baron,3000,3241,588,328,1071,483,1091
overall,30,capped_sequence,0.25,timely_leagueews,20260930,dragon,3000,11329,875,630,1427,552,3736
overall,30,capped_sequence,0.25,timely_leagueews,20260930,teamfight,3000,19795,408,251,965,557,6648
overall,30,capped_sequence,0.25,timely_leagueews,20261001,baron,3000,3241,589,322,1056,467,1091
overall,30,capped_sequence,0.25,timely_leagueews,20261001,dragon,3000,11329,772,593,1320,548,3736
overall,30,capped_sequence,0.25,timely_leagueews,20261001,teamfight,3000,19795,377,232,938,561,6648
overall,30,capped_sequence,0.25,timely_leagueews,20261002,baron,3000,3241,566,307,999,433,1091
overall,30,capped_sequence,0.25,timely_leagueews,20261002,dragon,3000,11329,811,603,1333,522,3736
overall,30,capped_sequence,0.25,timely_leagueews,20261002,teamfight,3000,19795,358,232,885,527,6648
overall,30,capped_sequence,0.5,timely_leagueews,20260930,baron,3000,3241,830,487,1945,1115,1091
overall,30,capped_sequence,0.5,timely_leagueews,20260930,dragon,3000,11329,1506,1007,2463,957,3736
overall,30,capped_sequence,0.5,timely_leagueews,20260930,teamfight,3000,19795,724,440,1850,1126,6648
overall,30,capped_sequence,0.5,timely_leagueews,20261001,baron,3000,3241,833,491,2001,1168,1091
overall,30,capped_sequence,0.5,timely_leagueews,20261001,dragon,3000,11329,1423,987,2418,995,3736
overall,30,capped_sequence,0.5,timely_leagueews,20261001,teamfight,3000,19795,715,441,1848,1133,6648
overall,30,capped_sequence,0.5,timely_leagueews,20261002,baron,3000,3241,817,467,1938,1121,1091
overall,30,capped_sequence,0.5,timely_leagueews,20261002,dragon,3000,11329,1480,1009,2474,994,3736
overall,30,capped_sequence,0.5,timely_leagueews,20261002,teamfight,3000,19795,676,429,1798,1122,6648
overall,30,capped_sequence,0.75,timely_leagueews,20260930,baron,3000,3241,1003,605,2821,1818,1091
overall,30,capped_sequence,0.75,timely_leagueews,20260930,dragon,3000,11329,2108,1359,3490,1382,3736
overall,30,capped_sequence,0.75,timely_leagueews,20260930,teamfight,3000,19795,1011,611,2711,1700,6648
overall,30,capped_sequence,0.75,timely_leagueews,20261001,baron,3000,3241,988,593,2828,1840,1091
overall,30,capped_sequence,0.75,timely_leagueews,20261001,dragon,3000,11329,2149,1422,3623,1474,3736
overall,30,capped_sequence,0.75,timely_leagueews,20261001,teamfight,3000,19795,1006,615,2776,1770,6648
overall,30,capped_sequence,0.75,timely_leagueews,20261002,baron,3000,3241,977,583,2758,1781,1091
overall,30,capped_sequence,0.75,timely_leagueews,20261002,dragon,3000,11329,2102,1372,3515,1413,3736
overall,30,capped_sequence,0.75,timely_leagueews,20261002,teamfight,3000,19795,995,614,2778,1783,6648
overall,30,capped_sequence,1.0,timely_leagueews,20260930,baron,3000,3241,1116,690,3649,2533,1091
overall,30,capped_sequence,1.0,timely_leagueews,20260930,dragon,3000,11329,2688,1693,4538,1850,3736
overall,30,capped_sequence,1.0,timely_leagueews,20260930,teamfight,3000,19795,1254,754,3584,2330,6648
overall,30,capped_sequence,1.0,timely_leagueews,20261001,baron,3000,3241,1091,669,3540,2449,1091
overall,30,capped_sequence,1.0,timely_leagueews,20261001,dragon,3000,11329,2779,1784,4743,1964,3736
overall,30,capped_sequence,1.0,timely_leagueews,20261001,teamfight,3000,19795,1246,758,3582,2336,6648
overall,30,capped_sequence,1.0,timely_leagueews,20261002,baron,3000,3241,1107,675,3622,2515,1091
overall,30,capped_sequence,1.0,timely_leagueews,20261002,dragon,3000,11329,2732,1746,4634,1902,3736
overall,30,capped_sequence,1.0,timely_leagueews,20261002,teamfight,3000,19795,1257,775,3669,2412,6648
overall,60,capped_sequence,0.25,timely_leagueews,20260930,baron,3000,3241,523,292,1036,513,2152
overall,60,capped_sequence,0.25,timely_leagueews,20260930,dragon,3000,11329,1328,1230,1888,560,7555
overall,60,capped_sequence,0.25,timely_leagueews,20260930,teamfight,3000,19795,538,422,1061,523,13137
overall,60,capped_sequence,0.25,timely_leagueews,20261001,baron,3000,3241,494,267,997,503,2152
overall,60,capped_sequence,0.25,timely_leagueews,20261001,dragon,3000,11329,1328,1244,1878,550,7555
overall,60,capped_sequence,0.25,timely_leagueews,20261001,teamfight,3000,19795,567,451,1119,552,13137
overall,60,capped_sequence,0.25,timely_leagueews,20261002,baron,3000,3241,452,270,1027,575,2152
overall,60,capped_sequence,0.25,timely_leagueews,20261002,dragon,3000,11329,1304,1222,1851,547,7555
overall,60,capped_sequence,0.25,timely_leagueews,20261002,teamfight,3000,19795,551,434,1071,520,13137
overall,60,capped_sequence,0.5,timely_leagueews,20260930,baron,3000,3241,940,514,2019,1079,2152
overall,60,capped_sequence,0.5,timely_leagueews,20260930,dragon,3000,11329,2464,2174,3543,1079,7555
overall,60,capped_sequence,0.5,timely_leagueews,20260930,teamfight,3000,19795,1042,827,2223,1181,13137
overall,60,capped_sequence,0.5,timely_leagueews,20261001,baron,3000,3241,916,509,2019,1103,2152
overall,60,capped_sequence,0.5,timely_leagueews,20261001,dragon,3000,11329,2480,2205,3601,1121,7555
overall,60,capped_sequence,0.5,timely_leagueews,20261001,teamfight,3000,19795,994,797,2092,1098,13137
overall,60,capped_sequence,0.5,timely_leagueews,20261002,baron,3000,3241,856,518,2049,1193,2152
overall,60,capped_sequence,0.5,timely_leagueews,20261002,dragon,3000,11329,2442,2187,3564,1122,7555
overall,60,capped_sequence,0.5,timely_leagueews,20261002,teamfight,3000,19795,1039,819,2155,1116,13137
overall,60,capped_sequence,0.75,timely_leagueews,20260930,baron,3000,3241,1290,716,2974,1684,2152
overall,60,capped_sequence,0.75,timely_leagueews,20260930,dragon,3000,11329,3465,2906,5080,1615,7555
overall,60,capped_sequence,0.75,timely_leagueews,20260930,teamfight,3000,19795,1477,1141,3212,1735,13137
overall,60,capped_sequence,0.75,timely_leagueews,20261001,baron,3000,3241,1254,719,2923,1669,2152
overall,60,capped_sequence,0.75,timely_leagueews,20261001,dragon,3000,11329,3368,2862,5028,1660,7555
overall,60,capped_sequence,0.75,timely_leagueews,20261001,teamfight,3000,19795,1493,1171,3247,1754,13137
overall,60,capped_sequence,0.75,timely_leagueews,20261002,baron,3000,3241,1181,715,2877,1696,2152
overall,60,capped_sequence,0.75,timely_leagueews,20261002,dragon,3000,11329,3417,2889,5079,1662,7555
overall,60,capped_sequence,0.75,timely_leagueews,20261002,teamfight,3000,19795,1501,1165,3281,1780,13137
overall,60,capped_sequence,1.0,timely_leagueews,20260930,baron,3000,3241,1597,914,3847,2250,2152
overall,60,capped_sequence,1.0,timely_leagueews,20260930,dragon,3000,11329,4260,3391,6270,2010,7555
overall,60,capped_sequence,1.0,timely_leagueews,20260930,teamfight,3000,19795,1949,1489,4303,2354,13137
overall,60,capped_sequence,1.0,timely_leagueews,20261001,baron,3000,3241,1566,912,3877,2311,2152
overall,60,capped_sequence,1.0,timely_leagueews,20261001,dragon,3000,11329,4222,3400,6356,2134,7555
overall,60,capped_sequence,1.0,timely_leagueews,20261001,teamfight,3000,19795,1860,1437,4149,2289,13137
overall,60,capped_sequence,1.0,timely_leagueews,20261002,baron,3000,3241,1491,912,3837,2346,2152
overall,60,capped_sequence,1.0,timely_leagueews,20261002,dragon,3000,11329,4198,3364,6230,2032,7555
overall,60,capped_sequence,1.0,timely_leagueews,20261002,teamfight,3000,19795,1905,1447,4192,2287,13137
overall,30,capped_kl_sequence,0.25,timely_equal_sum,20260930,baron,3000,3241,436,221,645,209,1091
overall,30,capped_kl_sequence,0.25,timely_equal_sum,20260930,dragon,3000,11329,551,436,901,350,3736
overall,30,capped_kl_sequence,0.25,timely_equal_sum,20260930,teamfight,3000,19795,260,159,593,333,6648
overall,30,capped_kl_sequence,0.25,timely_equal_sum,20261001,baron,3000,3241,437,226,630,193,1091
overall,30,capped_kl_sequence,0.25,timely_equal_sum,20261001,dragon,3000,11329,516,394,841,325,3736
overall,30,capped_kl_sequence,0.25,timely_equal_sum,20261001,teamfight,3000,19795,233,140,543,310,6648
overall,30,capped_kl_sequence,0.25,timely_equal_sum,20261002,baron,3000,3241,422,220,639,217,1091
overall,30,capped_kl_sequence,0.25,timely_equal_sum,20261002,dragon,3000,11329,550,414,891,341,3736
overall,30,capped_kl_sequence,0.25,timely_equal_sum,20261002,teamfight,3000,19795,280,171,586,306,6648
overall,30,capped_kl_sequence,0.5,timely_equal_sum,20260930,baron,3000,3241,739,419,1418,679,1091
overall,30,capped_kl_sequence,0.5,timely_equal_sum,20260930,dragon,3000,11329,1103,785,1800,697,3736
overall,30,capped_kl_sequence,0.5,timely_equal_sum,20260930,teamfight,3000,19795,558,332,1385,827,6648
overall,30,capped_kl_sequence,0.5,timely_equal_sum,20261001,baron,3000,3241,749,428,1451,702,1091
overall,30,capped_kl_sequence,0.5,timely_equal_sum,20261001,dragon,3000,11329,1158,825,1927,769,3736
overall,30,capped_kl_sequence,0.5,timely_equal_sum,20261001,teamfight,3000,19795,529,316,1274,745,6648
overall,30,capped_kl_sequence,0.5,timely_equal_sum,20261002,baron,3000,3241,716,396,1425,709,1091
overall,30,capped_kl_sequence,0.5,timely_equal_sum,20261002,dragon,3000,11329,1149,805,1839,690,3736
overall,30,capped_kl_sequence,0.5,timely_equal_sum,20261002,teamfight,3000,19795,532,325,1302,770,6648
overall,30,capped_kl_sequence,0.75,timely_equal_sum,20260930,baron,3000,3241,926,553,2216,1290,1091
overall,30,capped_kl_sequence,0.75,timely_equal_sum,20260930,dragon,3000,11329,1746,1139,2876,1130,3736
overall,30,capped_kl_sequence,0.75,timely_equal_sum,20260930,teamfight,3000,19795,800,477,2092,1292,6648
overall,30,capped_kl_sequence,0.75,timely_equal_sum,20261001,baron,3000,3241,910,539,2197,1287,1091
overall,30,capped_kl_sequence,0.75,timely_equal_sum,20261001,dragon,3000,11329,1682,1124,2805,1123,3736
overall,30,capped_kl_sequence,0.75,timely_equal_sum,20261001,teamfight,3000,19795,802,488,2072,1270,6648
overall,30,capped_kl_sequence,0.75,timely_equal_sum,20261002,baron,3000,3241,910,542,2229,1319,1091
overall,30,capped_kl_sequence,0.75,timely_equal_sum,20261002,dragon,3000,11329,1712,1163,2841,1129,3736
overall,30,capped_kl_sequence,0.75,timely_equal_sum,20261002,teamfight,3000,19795,806,475,2107,1301,6648
overall,30,capped_kl_sequence,1.0,timely_equal_sum,20260930,baron,3000,3241,1063,646,2994,1931,1091
overall,30,capped_kl_sequence,1.0,timely_equal_sum,20260930,dragon,3000,11329,2230,1417,3691,1461,3736
overall,30,capped_kl_sequence,1.0,timely_equal_sum,20260930,teamfight,3000,19795,1058,629,2870,1812,6648
overall,30,capped_kl_sequence,1.0,timely_equal_sum,20261001,baron,3000,3241,1064,650,3030,1966,1091
overall,30,capped_kl_sequence,1.0,timely_equal_sum,20261001,dragon,3000,11329,2338,1513,3873,1535,3736
overall,30,capped_kl_sequence,1.0,timely_equal_sum,20261001,teamfight,3000,19795,1090,658,2962,1872,6648
overall,30,capped_kl_sequence,1.0,timely_equal_sum,20261002,baron,3000,3241,1050,643,3107,2057,1091
overall,30,capped_kl_sequence,1.0,timely_equal_sum,20261002,dragon,3000,11329,2335,1521,3891,1556,3736
overall,30,capped_kl_sequence,1.0,timely_equal_sum,20261002,teamfight,3000,19795,1106,665,3007,1901,6648
overall,60,capped_kl_sequence,0.25,timely_equal_sum,20260930,baron,3000,3241,351,204,680,329,2152
overall,60,capped_kl_sequence,0.25,timely_equal_sum,20260930,dragon,3000,11329,896,837,1233,337,7555
overall,60,capped_kl_sequence,0.25,timely_equal_sum,20260930,teamfight,3000,19795,336,269,640,304,13137
overall,60,capped_kl_sequence,0.25,timely_equal_sum,20261001,baron,3000,3241,318,189,623,305,2152
overall,60,capped_kl_sequence,0.25,timely_equal_sum,20261001,dragon,3000,11329,931,876,1280,349,7555
overall,60,capped_kl_sequence,0.25,timely_equal_sum,20261001,teamfight,3000,19795,366,292,705,339,13137
overall,60,capped_kl_sequence,0.25,timely_equal_sum,20261002,baron,3000,3241,311,182,665,354,2152
overall,60,capped_kl_sequence,0.25,timely_equal_sum,20261002,dragon,3000,11329,831,789,1164,333,7555
overall,60,capped_kl_sequence,0.25,timely_equal_sum,20261002,teamfight,3000,19795,363,285,665,302,13137
overall,60,capped_kl_sequence,0.5,timely_equal_sum,20260930,baron,3000,3241,691,408,1461,770,2152
overall,60,capped_kl_sequence,0.5,timely_equal_sum,20260930,dragon,3000,11329,1917,1723,2684,767,7555
overall,60,capped_kl_sequence,0.5,timely_equal_sum,20260930,teamfight,3000,19795,792,627,1617,825,13137
overall,60,capped_kl_sequence,0.5,timely_equal_sum,20261001,baron,3000,3241,717,423,1500,783,2152
overall,60,capped_kl_sequence,0.5,timely_equal_sum,20261001,dragon,3000,11329,1924,1751,2729,805,7555
overall,60,capped_kl_sequence,0.5,timely_equal_sum,20261001,teamfight,3000,19795,762,605,1575,813,13137
overall,60,capped_kl_sequence,0.5,timely_equal_sum,20261002,baron,3000,3241,655,401,1474,819,2152
overall,60,capped_kl_sequence,0.5,timely_equal_sum,20261002,dragon,3000,11329,1882,1731,2696,814,7555
overall,60,capped_kl_sequence,0.5,timely_equal_sum,20261002,teamfight,3000,19795,753,591,1495,742,13137
overall,60,capped_kl_sequence,0.75,timely_equal_sum,20260930,baron,3000,3241,1075,635,2344,1269,2152
overall,60,capped_kl_sequence,0.75,timely_equal_sum,20260930,dragon,3000,11329,2797,2408,4058,1261,7555
overall,60,capped_kl_sequence,0.75,timely_equal_sum,20260930,teamfight,3000,19795,1205,939,2573,1368,13137
overall,60,capped_kl_sequence,0.75,timely_equal_sum,20261001,baron,3000,3241,1019,611,2275,1256,2152
overall,60,capped_kl_sequence,0.75,timely_equal_sum,20261001,dragon,3000,11329,2779,2414,4039,1260,7555
overall,60,capped_kl_sequence,0.75,timely_equal_sum,20261001,teamfight,3000,19795,1172,914,2499,1327,13137
overall,60,capped_kl_sequence,0.75,timely_equal_sum,20261002,baron,3000,3241,950,598,2299,1349,2152
overall,60,capped_kl_sequence,0.75,timely_equal_sum,20261002,dragon,3000,11329,2717,2401,3956,1239,7555
overall,60,capped_kl_sequence,0.75,timely_equal_sum,20261002,teamfight,3000,19795,1206,940,2509,1303,13137
overall,60,capped_kl_sequence,1.0,timely_equal_sum,20260930,baron,3000,3241,1359,812,3189,1830,2152
overall,60,capped_kl_sequence,1.0,timely_equal_sum,20260930,dragon,3000,11329,3668,3019,5368,1700,7555
overall,60,capped_kl_sequence,1.0,timely_equal_sum,20260930,teamfight,3000,19795,1593,1217,3461,1868,13137
overall,60,capped_kl_sequence,1.0,timely_equal_sum,20261001,baron,3000,3241,1365,829,3263,1898,2152
overall,60,capped_kl_sequence,1.0,timely_equal_sum,20261001,dragon,3000,11329,3637,2991,5361,1724,7555
overall,60,capped_kl_sequence,1.0,timely_equal_sum,20261001,teamfight,3000,19795,1553,1190,3342,1789,13137
overall,60,capped_kl_sequence,1.0,timely_equal_sum,20261002,baron,3000,3241,1262,799,3176,1914,2152
overall,60,capped_kl_sequence,1.0,timely_equal_sum,20261002,dragon,3000,11329,3582,3007,5360,1778,7555
overall,60,capped_kl_sequence,1.0,timely_equal_sum,20261002,teamfight,3000,19795,1674,1268,3568,1894,13137
overall,30,capped_kl_sequence,0.25,timely_equal_tcn,20260930,baron,3000,3241,430,213,651,221,1091
overall,30,capped_kl_sequence,0.25,timely_equal_tcn,20260930,dragon,3000,11329,508,387,840,332,3736
overall,30,capped_kl_sequence,0.25,timely_equal_tcn,20260930,teamfight,3000,19795,257,159,593,336,6648
overall,30,capped_kl_sequence,0.25,timely_equal_tcn,20261001,baron,3000,3241,446,227,697,251,1091
overall,30,capped_kl_sequence,0.25,timely_equal_tcn,20261001,dragon,3000,11329,478,363,786,308,3736
overall,30,capped_kl_sequence,0.25,timely_equal_tcn,20261001,teamfight,3000,19795,234,140,507,273,6648
overall,30,capped_kl_sequence,0.25,timely_equal_tcn,20261002,baron,3000,3241,421,215,640,219,1091
overall,30,capped_kl_sequence,0.25,timely_equal_tcn,20261002,dragon,3000,11329,445,355,772,327,3736
overall,30,capped_kl_sequence,0.25,timely_equal_tcn,20261002,teamfight,3000,19795,213,125,502,289,6648
overall,30,capped_kl_sequence,0.5,timely_equal_tcn,20260930,baron,3000,3241,728,407,1444,716,1091
overall,30,capped_kl_sequence,0.5,timely_equal_tcn,20260930,dragon,3000,11329,1125,756,1856,731,3736
overall,30,capped_kl_sequence,0.5,timely_equal_tcn,20260930,teamfight,3000,19795,545,324,1324,779,6648
overall,30,capped_kl_sequence,0.5,timely_equal_tcn,20261001,baron,3000,3241,733,416,1446,713,1091
overall,30,capped_kl_sequence,0.5,timely_equal_tcn,20261001,dragon,3000,11329,1036,704,1673,637,3736
overall,30,capped_kl_sequence,0.5,timely_equal_tcn,20261001,teamfight,3000,19795,503,301,1262,759,6648
overall,30,capped_kl_sequence,0.5,timely_equal_tcn,20261002,baron,3000,3241,714,400,1434,720,1091
overall,30,capped_kl_sequence,0.5,timely_equal_tcn,20261002,dragon,3000,11329,1093,769,1814,721,3736
overall,30,capped_kl_sequence,0.5,timely_equal_tcn,20261002,teamfight,3000,19795,517,302,1257,740,6648
overall,30,capped_kl_sequence,0.75,timely_equal_tcn,20260930,baron,3000,3241,917,550,2278,1361,1091
overall,30,capped_kl_sequence,0.75,timely_equal_tcn,20260930,dragon,3000,11329,1766,1129,2875,1109,3736
overall,30,capped_kl_sequence,0.75,timely_equal_tcn,20260930,teamfight,3000,19795,794,471,2101,1307,6648
overall,30,capped_kl_sequence,0.75,timely_equal_tcn,20261001,baron,3000,3241,909,544,2307,1398,1091
overall,30,capped_kl_sequence,0.75,timely_equal_tcn,20261001,dragon,3000,11329,1666,1046,2685,1019,3736
overall,30,capped_kl_sequence,0.75,timely_equal_tcn,20261001,teamfight,3000,19795,793,483,2074,1281,6648
overall,30,capped_kl_sequence,0.75,timely_equal_tcn,20261002,baron,3000,3241,917,540,2293,1376,1091
overall,30,capped_kl_sequence,0.75,timely_equal_tcn,20261002,dragon,3000,11329,1631,1066,2676,1045,3736
overall,30,capped_kl_sequence,0.75,timely_equal_tcn,20261002,teamfight,3000,19795,811,480,2101,1290,6648
overall,30,capped_kl_sequence,1.0,timely_equal_tcn,20260930,baron,3000,3241,1050,638,3044,1994,1091
overall,30,capped_kl_sequence,1.0,timely_equal_tcn,20260930,dragon,3000,11329,2326,1460,3863,1537,3736
overall,30,capped_kl_sequence,1.0,timely_equal_tcn,20260930,teamfight,3000,19795,1015,607,2789,1774,6648
overall,30,capped_kl_sequence,1.0,timely_equal_tcn,20261001,baron,3000,3241,1043,645,3049,2006,1091
overall,30,capped_kl_sequence,1.0,timely_equal_tcn,20261001,dragon,3000,11329,2329,1433,3798,1469,3736
overall,30,capped_kl_sequence,1.0,timely_equal_tcn,20261001,teamfight,3000,19795,1026,630,2836,1810,6648
overall,30,capped_kl_sequence,1.0,timely_equal_tcn,20261002,baron,3000,3241,1043,632,3045,2002,1091
overall,30,capped_kl_sequence,1.0,timely_equal_tcn,20261002,dragon,3000,11329,2284,1450,3819,1535,3736
overall,30,capped_kl_sequence,1.0,timely_equal_tcn,20261002,teamfight,3000,19795,1059,630,2929,1870,6648
overall,60,capped_kl_sequence,0.25,timely_equal_tcn,20260930,baron,3000,3241,323,177,655,332,2152
overall,60,capped_kl_sequence,0.25,timely_equal_tcn,20260930,dragon,3000,11329,963,875,1310,347,7555
overall,60,capped_kl_sequence,0.25,timely_equal_tcn,20260930,teamfight,3000,19795,305,247,602,297,13137
overall,60,capped_kl_sequence,0.25,timely_equal_tcn,20261001,baron,3000,3241,302,153,581,279,2152
overall,60,capped_kl_sequence,0.25,timely_equal_tcn,20261001,dragon,3000,11329,877,801,1181,304,7555
overall,60,capped_kl_sequence,0.25,timely_equal_tcn,20261001,teamfight,3000,19795,366,299,727,361,13137
overall,60,capped_kl_sequence,0.25,timely_equal_tcn,20261002,baron,3000,3241,282,167,587,305,2152
overall,60,capped_kl_sequence,0.25,timely_equal_tcn,20261002,dragon,3000,11329,926,869,1246,320,7555
overall,60,capped_kl_sequence,0.25,timely_equal_tcn,20261002,teamfight,3000,19795,324,258,635,311,13137
overall,60,capped_kl_sequence,0.5,timely_equal_tcn,20260930,baron,3000,3241,690,384,1463,773,2152
overall,60,capped_kl_sequence,0.5,timely_equal_tcn,20260930,dragon,3000,11329,1815,1614,2557,742,7555
overall,60,capped_kl_sequence,0.5,timely_equal_tcn,20260930,teamfight,3000,19795,753,589,1550,797,13137
overall,60,capped_kl_sequence,0.5,timely_equal_tcn,20261001,baron,3000,3241,667,361,1374,707,2152
overall,60,capped_kl_sequence,0.5,timely_equal_tcn,20261001,dragon,3000,11329,1964,1718,2724,760,7555
overall,60,capped_kl_sequence,0.5,timely_equal_tcn,20261001,teamfight,3000,19795,722,587,1533,811,13137
overall,60,capped_kl_sequence,0.5,timely_equal_tcn,20261002,baron,3000,3241,624,358,1450,826,2152
overall,60,capped_kl_sequence,0.5,timely_equal_tcn,20261002,dragon,3000,11329,1893,1726,2729,836,7555
overall,60,capped_kl_sequence,0.5,timely_equal_tcn,20261002,teamfight,3000,19795,731,571,1549,818,13137
overall,60,capped_kl_sequence,0.75,timely_equal_tcn,20260930,baron,3000,3241,997,568,2293,1296,2152
overall,60,capped_kl_sequence,0.75,timely_equal_tcn,20260930,dragon,3000,11329,2768,2346,3970,1202,7555
overall,60,capped_kl_sequence,0.75,timely_equal_tcn,20260930,teamfight,3000,19795,1110,867,2423,1313,13137
overall,60,capped_kl_sequence,0.75,timely_equal_tcn,20261001,baron,3000,3241,1053,580,2338,1285,2152
overall,60,capped_kl_sequence,0.75,timely_equal_tcn,20261001,dragon,3000,11329,2827,2411,4049,1222,7555
overall,60,capped_kl_sequence,0.75,timely_equal_tcn,20261001,teamfight,3000,19795,1134,900,2496,1362,13137
overall,60,capped_kl_sequence,0.75,timely_equal_tcn,20261002,baron,3000,3241,962,569,2319,1357,2152
overall,60,capped_kl_sequence,0.75,timely_equal_tcn,20261002,dragon,3000,11329,2722,2409,4067,1345,7555
overall,60,capped_kl_sequence,0.75,timely_equal_tcn,20261002,teamfight,3000,19795,1119,871,2408,1289,13137
overall,60,capped_kl_sequence,1.0,timely_equal_tcn,20260930,baron,3000,3241,1325,771,3177,1852,2152
overall,60,capped_kl_sequence,1.0,timely_equal_tcn,20260930,dragon,3000,11329,3556,2894,5186,1630,7555
overall,60,capped_kl_sequence,1.0,timely_equal_tcn,20260930,teamfight,3000,19795,1584,1223,3501,1917,13137
overall,60,capped_kl_sequence,1.0,timely_equal_tcn,20261001,baron,3000,3241,1376,780,3198,1822,2152
overall,60,capped_kl_sequence,1.0,timely_equal_tcn,20261001,dragon,3000,11329,3578,2926,5210,1632,7555
overall,60,capped_kl_sequence,1.0,timely_equal_tcn,20261001,teamfight,3000,19795,1607,1268,3583,1976,13137
overall,60,capped_kl_sequence,1.0,timely_equal_tcn,20261002,baron,3000,3241,1240,741,3108,1868,2152
overall,60,capped_kl_sequence,1.0,timely_equal_tcn,20261002,dragon,3000,11329,3499,2952,5278,1779,7555
overall,60,capped_kl_sequence,1.0,timely_equal_tcn,20261002,teamfight,3000,19795,1624,1239,3504,1880,13137
overall,30,capped_kl_sequence,0.25,timely_equal_gru,20260930,baron,3000,3241,256,131,546,290,1091
overall,30,capped_kl_sequence,0.25,timely_equal_gru,20260930,dragon,3000,11329,10,10,297,287,3736
overall,30,capped_kl_sequence,0.25,timely_equal_gru,20260930,teamfight,3000,19795,149,97,449,300,6648
overall,30,capped_kl_sequence,0.25,timely_equal_gru,20261001,baron,3000,3241,278,143,572,294,1091
overall,30,capped_kl_sequence,0.25,timely_equal_gru,20261001,dragon,3000,11329,7,7,322,315,3736
overall,30,capped_kl_sequence,0.25,timely_equal_gru,20261001,teamfight,3000,19795,169,106,518,349,6648
overall,30,capped_kl_sequence,0.25,timely_equal_gru,20261002,baron,3000,3241,201,101,478,277,1091
overall,30,capped_kl_sequence,0.25,timely_equal_gru,20261002,dragon,3000,11329,11,11,342,331,3736
overall,30,capped_kl_sequence,0.25,timely_equal_gru,20261002,teamfight,3000,19795,132,87,441,309,6648
overall,30,capped_kl_sequence,0.5,timely_equal_gru,20260930,baron,3000,3241,457,255,1230,773,1091
overall,30,capped_kl_sequence,0.5,timely_equal_gru,20260930,dragon,3000,11329,81,81,923,842,3736
overall,30,capped_kl_sequence,0.5,timely_equal_gru,20260930,teamfight,3000,19795,368,238,1173,805,6648
overall,30,capped_kl_sequence,0.5,timely_equal_gru,20261001,baron,3000,3241,503,288,1317,814,1091
overall,30,capped_kl_sequence,0.5,timely_equal_gru,20261001,dragon,3000,11329,83,83,972,889,3736
overall,30,capped_kl_sequence,0.5,timely_equal_gru,20261001,teamfight,3000,19795,368,234,1134,766,6648
overall,30,capped_kl_sequence,0.5,timely_equal_gru,20261002,baron,3000,3241,405,240,1201,796,1091
overall,30,capped_kl_sequence,0.5,timely_equal_gru,20261002,dragon,3000,11329,102,102,951,849,3736
overall,30,capped_kl_sequence,0.5,timely_equal_gru,20261002,teamfight,3000,19795,310,210,1102,792,6648
overall,30,capped_kl_sequence,0.75,timely_equal_gru,20260930,baron,3000,3241,648,381,2047,1399,1091
overall,30,capped_kl_sequence,0.75,timely_equal_gru,20260930,dragon,3000,11329,240,239,1785,1545,3736
overall,30,capped_kl_sequence,0.75,timely_equal_gru,20260930,teamfight,3000,19795,537,352,1754,1217,6648
overall,30,capped_kl_sequence,0.75,timely_equal_gru,20261001,baron,3000,3241,674,396,1985,1311,1091
overall,30,capped_kl_sequence,0.75,timely_equal_gru,20261001,dragon,3000,11329,229,227,1776,1547,3736
overall,30,capped_kl_sequence,0.75,timely_equal_gru,20261001,teamfight,3000,19795,583,375,1837,1254,6648
overall,30,capped_kl_sequence,0.75,timely_equal_gru,20261002,baron,3000,3241,558,337,1940,1382,1091
overall,30,capped_kl_sequence,0.75,timely_equal_gru,20261002,dragon,3000,11329,250,249,1726,1476,3736
overall,30,capped_kl_sequence,0.75,timely_equal_gru,20261002,teamfight,3000,19795,488,322,1815,1327,6648
overall,30,capped_kl_sequence,1.0,timely_equal_gru,20260930,baron,3000,3241,785,482,2762,1977,1091
overall,30,capped_kl_sequence,1.0,timely_equal_gru,20260930,dragon,3000,11329,367,361,2560,2193,3736
overall,30,capped_kl_sequence,1.0,timely_equal_gru,20260930,teamfight,3000,19795,796,512,2773,1977,6648
overall,30,capped_kl_sequence,1.0,timely_equal_gru,20261001,baron,3000,3241,814,493,2758,1944,1091
overall,30,capped_kl_sequence,1.0,timely_equal_gru,20261001,dragon,3000,11329,373,369,2672,2299,3736
overall,30,capped_kl_sequence,1.0,timely_equal_gru,20261001,teamfight,3000,19795,832,529,2803,1971,6648
overall,30,capped_kl_sequence,1.0,timely_equal_gru,20261002,baron,3000,3241,681,414,2652,1971,1091
overall,30,capped_kl_sequence,1.0,timely_equal_gru,20261002,dragon,3000,11329,401,384,2601,2200,3736
overall,30,capped_kl_sequence,1.0,timely_equal_gru,20261002,teamfight,3000,19795,632,420,2459,1827,6648
overall,60,capped_kl_sequence,0.25,timely_equal_gru,20260930,baron,3000,3241,218,117,545,327,2152
overall,60,capped_kl_sequence,0.25,timely_equal_gru,20260930,dragon,3000,11329,89,89,466,377,7555
overall,60,capped_kl_sequence,0.25,timely_equal_gru,20260930,teamfight,3000,19795,222,193,539,317,13137
overall,60,capped_kl_sequence,0.25,timely_equal_gru,20261001,baron,3000,3241,247,117,506,259,2152
overall,60,capped_kl_sequence,0.25,timely_equal_gru,20261001,dragon,3000,11329,77,77,443,366,7555
overall,60,capped_kl_sequence,0.25,timely_equal_gru,20261001,teamfight,3000,19795,241,215,626,385,13137
overall,60,capped_kl_sequence,0.25,timely_equal_gru,20261002,baron,3000,3241,176,103,505,329,2152
overall,60,capped_kl_sequence,0.25,timely_equal_gru,20261002,dragon,3000,11329,87,87,425,338,7555
overall,60,capped_kl_sequence,0.25,timely_equal_gru,20261002,teamfight,3000,19795,223,199,553,330,13137
overall,60,capped_kl_sequence,0.5,timely_equal_gru,20260930,baron,3000,3241,543,289,1311,768,2152
overall,60,capped_kl_sequence,0.5,timely_equal_gru,20260930,dragon,3000,11329,233,233,1170,937,7555
overall,60,capped_kl_sequence,0.5,timely_equal_gru,20260930,teamfight,3000,19795,613,512,1513,900,13137
overall,60,capped_kl_sequence,0.5,timely_equal_gru,20261001,baron,3000,3241,600,304,1340,740,2152
overall,60,capped_kl_sequence,0.5,timely_equal_gru,20261001,dragon,3000,11329,235,235,1228,993,7555
overall,60,capped_kl_sequence,0.5,timely_equal_gru,20261001,teamfight,3000,19795,577,489,1471,894,13137
overall,60,capped_kl_sequence,0.5,timely_equal_gru,20261002,baron,3000,3241,408,228,1113,705,2152
overall,60,capped_kl_sequence,0.5,timely_equal_gru,20261002,dragon,3000,11329,319,319,1364,1045,7555
overall,60,capped_kl_sequence,0.5,timely_equal_gru,20261002,teamfight,3000,19795,593,501,1500,907,13137
overall,60,capped_kl_sequence,0.75,timely_equal_gru,20260930,baron,3000,3241,859,470,2114,1255,2152
overall,60,capped_kl_sequence,0.75,timely_equal_gru,20260930,dragon,3000,11329,462,462,2175,1713,7555
overall,60,capped_kl_sequence,0.75,timely_equal_gru,20260930,teamfight,3000,19795,964,782,2449,1485,13137
overall,60,capped_kl_sequence,0.75,timely_equal_gru,20261001,baron,3000,3241,930,492,2169,1239,2152
overall,60,capped_kl_sequence,0.75,timely_equal_gru,20261001,dragon,3000,11329,421,421,2113,1692,7555
overall,60,capped_kl_sequence,0.75,timely_equal_gru,20261001,teamfight,3000,19795,898,743,2301,1403,13137
overall,60,capped_kl_sequence,0.75,timely_equal_gru,20261002,baron,3000,3241,685,401,1940,1255,2152
overall,60,capped_kl_sequence,0.75,timely_equal_gru,20261002,dragon,3000,11329,544,544,2240,1696,7555
overall,60,capped_kl_sequence,0.75,timely_equal_gru,20261002,teamfight,3000,19795,887,729,2336,1449,13137
overall,60,capped_kl_sequence,1.0,timely_equal_gru,20260930,baron,3000,3241,1144,653,2933,1789,2152
overall,60,capped_kl_sequence,1.0,timely_equal_gru,20260930,dragon,3000,11329,655,655,3021,2366,7555
overall,60,capped_kl_sequence,1.0,timely_equal_gru,20260930,teamfight,3000,19795,1236,990,3197,1961,13137
overall,60,capped_kl_sequence,1.0,timely_equal_gru,20261001,baron,3000,3241,1185,634,2953,1768,2152
overall,60,capped_kl_sequence,1.0,timely_equal_gru,20261001,dragon,3000,11329,670,670,3086,2416,7555
overall,60,capped_kl_sequence,1.0,timely_equal_gru,20261001,teamfight,3000,19795,1275,1039,3336,2061,13137
overall,60,capped_kl_sequence,1.0,timely_equal_gru,20261002,baron,3000,3241,986,595,2873,1887,2152
overall,60,capped_kl_sequence,1.0,timely_equal_gru,20261002,dragon,3000,11329,779,779,3146,2367,7555
overall,60,capped_kl_sequence,1.0,timely_equal_gru,20261002,teamfight,3000,19795,1199,970,3207,2008,13137
overall,30,capped_kl_sequence,0.25,timely_independent,20260930,baron,3000,3241,372,206,579,207,1091
overall,30,capped_kl_sequence,0.25,timely_independent,20260930,dragon,3000,11329,496,387,850,354,3736
overall,30,capped_kl_sequence,0.25,timely_independent,20260930,teamfight,3000,19795,237,153,540,303,6648
overall,30,capped_kl_sequence,0.25,timely_independent,20261001,baron,3000,3241,411,215,636,225,1091
overall,30,capped_kl_sequence,0.25,timely_independent,20261001,dragon,3000,11329,470,390,846,376,3736
overall,30,capped_kl_sequence,0.25,timely_independent,20261001,teamfight,3000,19795,246,157,546,300,6648
overall,30,capped_kl_sequence,0.25,timely_independent,20261002,baron,3000,3241,369,199,571,202,1091
overall,30,capped_kl_sequence,0.25,timely_independent,20261002,dragon,3000,11329,490,391,862,372,3736
overall,30,capped_kl_sequence,0.25,timely_independent,20261002,teamfight,3000,19795,241,157,552,311,6648
overall,30,capped_kl_sequence,0.5,timely_independent,20260930,baron,3000,3241,679,391,1415,736,1091
overall,30,capped_kl_sequence,0.5,timely_independent,20260930,dragon,3000,11329,1019,714,1752,733,3736
overall,30,capped_kl_sequence,0.5,timely_independent,20260930,teamfight,3000,19795,518,311,1291,773,6648
overall,30,capped_kl_sequence,0.5,timely_independent,20261001,baron,3000,3241,703,412,1406,703,1091
overall,30,capped_kl_sequence,0.5,timely_independent,20261001,dragon,3000,11329,966,713,1783,817,3736
overall,30,capped_kl_sequence,0.5,timely_independent,20261001,teamfight,3000,19795,507,302,1199,692,6648
overall,30,capped_kl_sequence,0.5,timely_independent,20261002,baron,3000,3241,700,400,1407,707,1091
overall,30,capped_kl_sequence,0.5,timely_independent,20261002,dragon,3000,11329,1062,767,1875,813,3736
overall,30,capped_kl_sequence,0.5,timely_independent,20261002,teamfight,3000,19795,512,330,1300,788,6648
overall,30,capped_kl_sequence,0.75,timely_independent,20260930,baron,3000,3241,876,522,2172,1296,1091
overall,30,capped_kl_sequence,0.75,timely_independent,20260930,dragon,3000,11329,1554,1051,2711,1157,3736
overall,30,capped_kl_sequence,0.75,timely_independent,20260930,teamfight,3000,19795,827,489,2129,1302,6648
overall,30,capped_kl_sequence,0.75,timely_independent,20261001,baron,3000,3241,887,538,2222,1335,1091
overall,30,capped_kl_sequence,0.75,timely_independent,20261001,dragon,3000,11329,1502,1046,2700,1198,3736
overall,30,capped_kl_sequence,0.75,timely_independent,20261001,teamfight,3000,19795,809,480,2040,1231,6648
overall,30,capped_kl_sequence,0.75,timely_independent,20261002,baron,3000,3241,898,542,2191,1293,1091
overall,30,capped_kl_sequence,0.75,timely_independent,20261002,dragon,3000,11329,1596,1098,2816,1220,3736
overall,30,capped_kl_sequence,0.75,timely_independent,20261002,teamfight,3000,19795,803,501,2110,1307,6648
overall,30,capped_kl_sequence,1.0,timely_independent,20260930,baron,3000,3241,1026,634,2998,1972,1091
overall,30,capped_kl_sequence,1.0,timely_independent,20260930,dragon,3000,11329,2158,1416,3718,1560,3736
overall,30,capped_kl_sequence,1.0,timely_independent,20260930,teamfight,3000,19795,1119,658,3011,1892,6648
overall,30,capped_kl_sequence,1.0,timely_independent,20261001,baron,3000,3241,1014,627,2966,1952,1091
overall,30,capped_kl_sequence,1.0,timely_independent,20261001,dragon,3000,11329,2122,1410,3772,1650,3736
overall,30,capped_kl_sequence,1.0,timely_independent,20261001,teamfight,3000,19795,1046,630,2878,1832,6648
overall,30,capped_kl_sequence,1.0,timely_independent,20261002,baron,3000,3241,1002,620,2953,1951,1091
overall,30,capped_kl_sequence,1.0,timely_independent,20261002,dragon,3000,11329,2145,1434,3762,1617,3736
overall,30,capped_kl_sequence,1.0,timely_independent,20261002,teamfight,3000,19795,1085,668,2974,1889,6648
overall,60,capped_kl_sequence,0.25,timely_independent,20260930,baron,3000,3241,282,186,559,277,2152
overall,60,capped_kl_sequence,0.25,timely_independent,20260930,dragon,3000,11329,944,870,1257,313,7555
overall,60,capped_kl_sequence,0.25,timely_independent,20260930,teamfight,3000,19795,267,207,515,248,13137
overall,60,capped_kl_sequence,0.25,timely_independent,20261001,baron,3000,3241,354,221,645,291,2152
overall,60,capped_kl_sequence,0.25,timely_independent,20261001,dragon,3000,11329,940,889,1290,350,7555
overall,60,capped_kl_sequence,0.25,timely_independent,20261001,teamfight,3000,19795,283,224,561,278,13137
overall,60,capped_kl_sequence,0.25,timely_independent,20261002,baron,3000,3241,267,197,539,272,2152
overall,60,capped_kl_sequence,0.25,timely_independent,20261002,dragon,3000,11329,953,887,1319,366,7555
overall,60,capped_kl_sequence,0.25,timely_independent,20261002,teamfight,3000,19795,288,230,577,289,13137
overall,60,capped_kl_sequence,0.5,timely_independent,20260930,baron,3000,3241,694,439,1476,782,2152
overall,60,capped_kl_sequence,0.5,timely_independent,20260930,dragon,3000,11329,1867,1663,2637,770,7555
overall,60,capped_kl_sequence,0.5,timely_independent,20260930,teamfight,3000,19795,699,546,1445,746,13137
overall,60,capped_kl_sequence,0.5,timely_independent,20261001,baron,3000,3241,743,459,1505,762,2152
overall,60,capped_kl_sequence,0.5,timely_independent,20261001,dragon,3000,11329,1870,1712,2699,829,7555
overall,60,capped_kl_sequence,0.5,timely_independent,20261001,teamfight,3000,19795,727,580,1565,838,13137
overall,60,capped_kl_sequence,0.5,timely_independent,20261002,baron,3000,3241,679,462,1508,829,2152
overall,60,capped_kl_sequence,0.5,timely_independent,20261002,dragon,3000,11329,1900,1705,2700,800,7555
overall,60,capped_kl_sequence,0.5,timely_independent,20261002,teamfight,3000,19795,702,554,1493,791,13137
overall,60,capped_kl_sequence,0.75,timely_independent,20260930,baron,3000,3241,1001,635,2293,1292,2152
overall,60,capped_kl_sequence,0.75,timely_independent,20260930,dragon,3000,11329,2727,2336,3926,1199,7555
overall,60,capped_kl_sequence,0.75,timely_independent,20260930,teamfight,3000,19795,1177,911,2527,1350,13137
overall,60,capped_kl_sequence,0.75,timely_independent,20261001,baron,3000,3241,1045,643,2297,1252,2152
overall,60,capped_kl_sequence,0.75,timely_independent,20261001,dragon,3000,11329,2763,2447,4097,1334,7555
overall,60,capped_kl_sequence,0.75,timely_independent,20261001,teamfight,3000,19795,1184,935,2606,1422,13137
overall,60,capped_kl_sequence,0.75,timely_independent,20261002,baron,3000,3241,985,657,2282,1297,2152
overall,60,capped_kl_sequence,0.75,timely_independent,20261002,dragon,3000,11329,2767,2378,4026,1259,7555
overall,60,capped_kl_sequence,0.75,timely_independent,20261002,teamfight,3000,19795,1072,852,2337,1265,13137
overall,60,capped_kl_sequence,1.0,timely_independent,20260930,baron,3000,3241,1300,817,3173,1873,2152
overall,60,capped_kl_sequence,1.0,timely_independent,20260930,dragon,3000,11329,3617,2995,5350,1733,7555
overall,60,capped_kl_sequence,1.0,timely_independent,20260930,teamfight,3000,19795,1638,1268,3615,1977,13137
overall,60,capped_kl_sequence,1.0,timely_independent,20261001,baron,3000,3241,1374,853,3237,1863,2152
overall,60,capped_kl_sequence,1.0,timely_independent,20261001,dragon,3000,11329,3516,2996,5323,1807,7555
overall,60,capped_kl_sequence,1.0,timely_independent,20261001,teamfight,3000,19795,1525,1211,3448,1923,13137
overall,60,capped_kl_sequence,1.0,timely_independent,20261002,baron,3000,3241,1239,823,3032,1793,2152
overall,60,capped_kl_sequence,1.0,timely_independent,20261002,dragon,3000,11329,3585,2952,5280,1695,7555
overall,60,capped_kl_sequence,1.0,timely_independent,20261002,teamfight,3000,19795,1506,1187,3344,1838,13137
overall,30,capped_kl_sequence,0.25,timely_leagueews,20260930,baron,3000,3241,412,208,626,214,1091
overall,30,capped_kl_sequence,0.25,timely_leagueews,20260930,dragon,3000,11329,564,431,905,341,3736
overall,30,capped_kl_sequence,0.25,timely_leagueews,20260930,teamfight,3000,19795,230,141,523,293,6648
overall,30,capped_kl_sequence,0.25,timely_leagueews,20261001,baron,3000,3241,411,210,621,210,1091
overall,30,capped_kl_sequence,0.25,timely_leagueews,20261001,dragon,3000,11329,532,436,895,363,3736
overall,30,capped_kl_sequence,0.25,timely_leagueews,20261001,teamfight,3000,19795,223,141,509,286,6648
overall,30,capped_kl_sequence,0.25,timely_leagueews,20261002,baron,3000,3241,404,199,599,195,1091
overall,30,capped_kl_sequence,0.25,timely_leagueews,20261002,dragon,3000,11329,531,419,876,345,3736
overall,30,capped_kl_sequence,0.25,timely_leagueews,20261002,teamfight,3000,19795,237,151,562,325,6648
overall,30,capped_kl_sequence,0.5,timely_leagueews,20260930,baron,3000,3241,716,413,1469,753,1091
overall,30,capped_kl_sequence,0.5,timely_leagueews,20260930,dragon,3000,11329,1120,772,1833,713,3736
overall,30,capped_kl_sequence,0.5,timely_leagueews,20260930,teamfight,3000,19795,577,348,1364,787,6648
overall,30,capped_kl_sequence,0.5,timely_leagueews,20261001,baron,3000,3241,708,399,1491,783,1091
overall,30,capped_kl_sequence,0.5,timely_leagueews,20261001,dragon,3000,11329,1085,796,1852,767,3736
overall,30,capped_kl_sequence,0.5,timely_leagueews,20261001,teamfight,3000,19795,513,310,1289,776,6648
overall,30,capped_kl_sequence,0.5,timely_leagueews,20261002,baron,3000,3241,701,389,1452,751,1091
overall,30,capped_kl_sequence,0.5,timely_leagueews,20261002,dragon,3000,11329,1097,781,1836,739,3736
overall,30,capped_kl_sequence,0.5,timely_leagueews,20261002,teamfight,3000,19795,525,342,1336,811,6648
overall,30,capped_kl_sequence,0.75,timely_leagueews,20260930,baron,3000,3241,905,532,2288,1383,1091
overall,30,capped_kl_sequence,0.75,timely_leagueews,20260930,dragon,3000,11329,1703,1120,2819,1116,3736
overall,30,capped_kl_sequence,0.75,timely_leagueews,20260930,teamfight,3000,19795,841,510,2221,1380,6648
overall,30,capped_kl_sequence,0.75,timely_leagueews,20261001,baron,3000,3241,900,534,2264,1364,1091
overall,30,capped_kl_sequence,0.75,timely_leagueews,20261001,dragon,3000,11329,1627,1118,2760,1133,3736
overall,30,capped_kl_sequence,0.75,timely_leagueews,20261001,teamfight,3000,19795,806,500,2098,1292,6648
overall,30,capped_kl_sequence,0.75,timely_leagueews,20261002,baron,3000,3241,901,529,2251,1350,1091
overall,30,capped_kl_sequence,0.75,timely_leagueews,20261002,dragon,3000,11329,1677,1123,2806,1129,3736
overall,30,capped_kl_sequence,0.75,timely_leagueews,20261002,teamfight,3000,19795,796,491,2146,1350,6648
overall,30,capped_kl_sequence,1.0,timely_leagueews,20260930,baron,3000,3241,1035,627,3050,2015,1091
overall,30,capped_kl_sequence,1.0,timely_leagueews,20260930,dragon,3000,11329,2297,1461,3842,1545,3736
overall,30,capped_kl_sequence,1.0,timely_leagueews,20260930,teamfight,3000,19795,1104,667,2986,1882,6648
overall,30,capped_kl_sequence,1.0,timely_leagueews,20261001,baron,3000,3241,1012,610,2974,1962,1091
overall,30,capped_kl_sequence,1.0,timely_leagueews,20261001,dragon,3000,11329,2248,1478,3782,1534,3736
overall,30,capped_kl_sequence,1.0,timely_leagueews,20261001,teamfight,3000,19795,1048,639,2934,1886,6648
overall,30,capped_kl_sequence,1.0,timely_leagueews,20261002,baron,3000,3241,1005,600,2957,1952,1091
overall,30,capped_kl_sequence,1.0,timely_leagueews,20261002,dragon,3000,11329,2310,1498,3873,1563,3736
overall,30,capped_kl_sequence,1.0,timely_leagueews,20261002,teamfight,3000,19795,1038,638,2921,1883,6648
overall,60,capped_kl_sequence,0.25,timely_leagueews,20260930,baron,3000,3241,305,173,619,314,2152
overall,60,capped_kl_sequence,0.25,timely_leagueews,20260930,dragon,3000,11329,843,787,1170,327,7555
overall,60,capped_kl_sequence,0.25,timely_leagueews,20260930,teamfight,3000,19795,374,299,703,329,13137
overall,60,capped_kl_sequence,0.25,timely_leagueews,20261001,baron,3000,3241,347,184,665,318,2152
overall,60,capped_kl_sequence,0.25,timely_leagueews,20261001,dragon,3000,11329,891,843,1247,356,7555
overall,60,capped_kl_sequence,0.25,timely_leagueews,20261001,teamfight,3000,19795,348,283,664,316,13137
overall,60,capped_kl_sequence,0.25,timely_leagueews,20261002,baron,3000,3241,264,159,589,325,2152
overall,60,capped_kl_sequence,0.25,timely_leagueews,20261002,dragon,3000,11329,808,773,1135,327,7555
overall,60,capped_kl_sequence,0.25,timely_leagueews,20261002,teamfight,3000,19795,336,267,639,303,13137
overall,60,capped_kl_sequence,0.5,timely_leagueews,20260930,baron,3000,3241,722,393,1523,801,2152
overall,60,capped_kl_sequence,0.5,timely_leagueews,20260930,dragon,3000,11329,1939,1748,2769,830,7555
overall,60,capped_kl_sequence,0.5,timely_leagueews,20260930,teamfight,3000,19795,776,613,1589,813,13137
overall,60,capped_kl_sequence,0.5,timely_leagueews,20261001,baron,3000,3241,686,383,1461,775,2152
overall,60,capped_kl_sequence,0.5,timely_leagueews,20261001,dragon,3000,11329,1859,1717,2653,794,7555
overall,60,capped_kl_sequence,0.5,timely_leagueews,20261001,teamfight,3000,19795,727,581,1469,742,13137
overall,60,capped_kl_sequence,0.5,timely_leagueews,20261002,baron,3000,3241,654,391,1543,889,2152
overall,60,capped_kl_sequence,0.5,timely_leagueews,20261002,dragon,3000,11329,1808,1666,2589,781,7555
overall,60,capped_kl_sequence,0.5,timely_leagueews,20261002,teamfight,3000,19795,759,598,1522,763,13137
overall,60,capped_kl_sequence,0.75,timely_leagueews,20260930,baron,3000,3241,1053,577,2294,1241,2152
overall,60,capped_kl_sequence,0.75,timely_leagueews,20260930,dragon,3000,11329,2759,2394,3998,1239,7555
overall,60,capped_kl_sequence,0.75,timely_leagueews,20260930,teamfight,3000,19795,1208,959,2588,1380,13137
overall,60,capped_kl_sequence,0.75,timely_leagueews,20261001,baron,3000,3241,1040,584,2329,1289,2152
overall,60,capped_kl_sequence,0.75,timely_leagueews,20261001,dragon,3000,11329,2739,2409,4026,1287,7555
overall,60,capped_kl_sequence,0.75,timely_leagueews,20261001,teamfight,3000,19795,1164,923,2454,1290,13137
overall,60,capped_kl_sequence,0.75,timely_leagueews,20261002,baron,3000,3241,951,582,2294,1343,2152
overall,60,capped_kl_sequence,0.75,timely_leagueews,20261002,dragon,3000,11329,2753,2420,4053,1300,7555
overall,60,capped_kl_sequence,0.75,timely_leagueews,20261002,teamfight,3000,19795,1171,923,2491,1320,13137
overall,60,capped_kl_sequence,1.0,timely_leagueews,20260930,baron,3000,3241,1342,753,3131,1789,2152
overall,60,capped_kl_sequence,1.0,timely_leagueews,20260930,dragon,3000,11329,3621,3014,5322,1701,7555
overall,60,capped_kl_sequence,1.0,timely_leagueews,20260930,teamfight,3000,19795,1670,1283,3642,1972,13137
overall,60,capped_kl_sequence,1.0,timely_leagueews,20261001,baron,3000,3241,1320,757,3110,1790,2152
overall,60,capped_kl_sequence,1.0,timely_leagueews,20261001,dragon,3000,11329,3608,3019,5400,1792,7555
overall,60,capped_kl_sequence,1.0,timely_leagueews,20261001,teamfight,3000,19795,1577,1230,3459,1882,13137
overall,60,capped_kl_sequence,1.0,timely_leagueews,20261002,baron,3000,3241,1253,756,3110,1857,2152
overall,60,capped_kl_sequence,1.0,timely_leagueews,20261002,dragon,3000,11329,3594,3006,5343,1749,7555
overall,60,capped_kl_sequence,1.0,timely_leagueews,20261002,teamfight,3000,19795,1603,1235,3494,1891,13137
europe,30,uncapped_empirical,0.25,timely_equal_sum,20260930,baron,1500,1610,319,172,522,203,558
europe,30,uncapped_empirical,0.25,timely_equal_sum,20260930,dragon,1500,5578,403,304,669,266,1834
europe,30,uncapped_empirical,0.25,timely_equal_sum,20260930,teamfight,1500,9978,182,115,445,263,3351
europe,30,uncapped_empirical,0.25,timely_equal_sum,20261001,baron,1500,1610,326,173,533,207,558
europe,30,uncapped_empirical,0.25,timely_equal_sum,20261001,dragon,1500,5578,373,276,633,260,1834
europe,30,uncapped_empirical,0.25,timely_equal_sum,20261001,teamfight,1500,9978,181,116,444,263,3351
europe,30,uncapped_empirical,0.25,timely_equal_sum,20261002,baron,1500,1610,313,170,528,215,558
europe,30,uncapped_empirical,0.25,timely_equal_sum,20261002,dragon,1500,5578,405,294,644,239,1834
europe,30,uncapped_empirical,0.25,timely_equal_sum,20261002,teamfight,1500,9978,184,111,445,261,3351
europe,30,uncapped_empirical,0.5,timely_equal_sum,20260930,baron,1500,1610,446,257,949,503,558
europe,30,uncapped_empirical,0.5,timely_equal_sum,20260930,dragon,1500,5578,736,497,1232,496,1834
europe,30,uncapped_empirical,0.5,timely_equal_sum,20260930,teamfight,1500,9978,342,212,914,572,3351
europe,30,uncapped_empirical,0.5,timely_equal_sum,20261001,baron,1500,1610,452,258,965,513,558
europe,30,uncapped_empirical,0.5,timely_equal_sum,20261001,dragon,1500,5578,722,500,1224,502,1834
europe,30,uncapped_empirical,0.5,timely_equal_sum,20261001,teamfight,1500,9978,337,204,874,537,3351
europe,30,uncapped_empirical,0.5,timely_equal_sum,20261002,baron,1500,1610,450,260,979,529,558
europe,30,uncapped_empirical,0.5,timely_equal_sum,20261002,dragon,1500,5578,713,482,1209,496,1834
europe,30,uncapped_empirical,0.5,timely_equal_sum,20261002,teamfight,1500,9978,355,214,929,574,3351
europe,30,uncapped_empirical,0.75,timely_equal_sum,20260930,baron,1500,1610,537,324,1354,817,558
europe,30,uncapped_empirical,0.75,timely_equal_sum,20260930,dragon,1500,5578,1037,669,1739,702,1834
europe,30,uncapped_empirical,0.75,timely_equal_sum,20260930,teamfight,1500,9978,476,294,1296,820,3351
europe,30,uncapped_empirical,0.75,timely_equal_sum,20261001,baron,1500,1610,526,313,1350,824,558
europe,30,uncapped_empirical,0.75,timely_equal_sum,20261001,dragon,1500,5578,1035,679,1756,721,1834
europe,30,uncapped_empirical,0.75,timely_equal_sum,20261001,teamfight,1500,9978,461,277,1295,834,3351
europe,30,uncapped_empirical,0.75,timely_equal_sum,20261002,baron,1500,1610,525,319,1399,874,558
europe,30,uncapped_empirical,0.75,timely_equal_sum,20261002,dragon,1500,5578,1063,699,1809,746,1834
europe,30,uncapped_empirical,0.75,timely_equal_sum,20261002,teamfight,1500,9978,506,308,1362,856,3351
europe,30,uncapped_empirical,1.0,timely_equal_sum,20260930,baron,1500,1610,592,360,1787,1195,558
europe,30,uncapped_empirical,1.0,timely_equal_sum,20260930,dragon,1500,5578,1363,869,2355,992,1834
europe,30,uncapped_empirical,1.0,timely_equal_sum,20260930,teamfight,1500,9978,624,387,1782,1158,3351
europe,30,uncapped_empirical,1.0,timely_equal_sum,20261001,baron,1500,1610,591,363,1772,1181,558
europe,30,uncapped_empirical,1.0,timely_equal_sum,20261001,dragon,1500,5578,1370,880,2378,1008,1834
europe,30,uncapped_empirical,1.0,timely_equal_sum,20261001,teamfight,1500,9978,630,381,1771,1141,3351
europe,30,uncapped_empirical,1.0,timely_equal_sum,20261002,baron,1500,1610,584,360,1798,1214,558
europe,30,uncapped_empirical,1.0,timely_equal_sum,20261002,dragon,1500,5578,1360,872,2378,1018,1834
europe,30,uncapped_empirical,1.0,timely_equal_sum,20261002,teamfight,1500,9978,623,381,1726,1103,3351
europe,60,uncapped_empirical,0.25,timely_equal_sum,20260930,baron,1500,1610,249,146,466,217,1048
europe,60,uncapped_empirical,0.25,timely_equal_sum,20260930,dragon,1500,5578,660,609,928,268,3749
europe,60,uncapped_empirical,0.25,timely_equal_sum,20260930,teamfight,1500,9978,278,225,533,255,6630
europe,60,uncapped_empirical,0.25,timely_equal_sum,20261001,baron,1500,1610,253,151,509,256,1048
europe,60,uncapped_empirical,0.25,timely_equal_sum,20261001,dragon,1500,5578,652,608,905,253,3749
europe,60,uncapped_empirical,0.25,timely_equal_sum,20261001,teamfight,1500,9978,256,204,516,260,6630
europe,60,uncapped_empirical,0.25,timely_equal_sum,20261002,baron,1500,1610,261,161,556,295,1048
europe,60,uncapped_empirical,0.25,timely_equal_sum,20261002,dragon,1500,5578,656,614,939,283,3749
europe,60,uncapped_empirical,0.25,timely_equal_sum,20261002,teamfight,1500,9978,269,213,495,226,6630
europe,60,uncapped_empirical,0.5,timely_equal_sum,20260930,baron,1500,1610,476,278,1000,524,1048
europe,60,uncapped_empirical,0.5,timely_equal_sum,20260930,dragon,1500,5578,1221,1062,1778,557,3749
europe,60,uncapped_empirical,0.5,timely_equal_sum,20260930,teamfight,1500,9978,498,397,1002,504,6630
europe,60,uncapped_empirical,0.5,timely_equal_sum,20261001,baron,1500,1610,457,278,970,513,1048
europe,60,uncapped_empirical,0.5,timely_equal_sum,20261001,dragon,1500,5578,1213,1068,1768,555,3749
europe,60,uncapped_empirical,0.5,timely_equal_sum,20261001,teamfight,1500,9978,520,414,1049,529,6630
europe,60,uncapped_empirical,0.5,timely_equal_sum,20261002,baron,1500,1610,454,282,1053,599,1048
europe,60,uncapped_empirical,0.5,timely_equal_sum,20261002,dragon,1500,5578,1170,1043,1712,542,3749
europe,60,uncapped_empirical,0.5,timely_equal_sum,20261002,teamfight,1500,9978,538,425,1057,519,6630
europe,60,uncapped_empirical,0.75,timely_equal_sum,20260930,baron,1500,1610,654,383,1468,814,1048
europe,60,uncapped_empirical,0.75,timely_equal_sum,20260930,dragon,1500,5578,1663,1400,2462,799,3749
europe,60,uncapped_empirical,0.75,timely_equal_sum,20260930,teamfight,1500,9978,773,587,1624,851,6630
europe,60,uncapped_empirical,0.75,timely_equal_sum,20261001,baron,1500,1610,614,365,1425,811,1048
europe,60,uncapped_empirical,0.75,timely_equal_sum,20261001,dragon,1500,5578,1638,1377,2426,788,3749
europe,60,uncapped_empirical,0.75,timely_equal_sum,20261001,teamfight,1500,9978,738,572,1538,800,6630
europe,60,uncapped_empirical,0.75,timely_equal_sum,20261002,baron,1500,1610,628,399,1502,874,1048
europe,60,uncapped_empirical,0.75,timely_equal_sum,20261002,dragon,1500,5578,1634,1398,2445,811,3749
europe,60,uncapped_empirical,0.75,timely_equal_sum,20261002,teamfight,1500,9978,764,584,1554,790,6630
europe,60,uncapped_empirical,1.0,timely_equal_sum,20260930,baron,1500,1610,809,481,1909,1100,1048
europe,60,uncapped_empirical,1.0,timely_equal_sum,20260930,dragon,1500,5578,2092,1670,3114,1022,3749
europe,60,uncapped_empirical,1.0,timely_equal_sum,20260930,teamfight,1500,9978,1012,758,2167,1155,6630
europe,60,uncapped_empirical,1.0,timely_equal_sum,20261001,baron,1500,1610,792,479,1885,1093,1048
europe,60,uncapped_empirical,1.0,timely_equal_sum,20261001,dragon,1500,5578,2110,1676,3133,1023,3749
europe,60,uncapped_empirical,1.0,timely_equal_sum,20261001,teamfight,1500,9978,984,740,2075,1091,6630
europe,60,uncapped_empirical,1.0,timely_equal_sum,20261002,baron,1500,1610,762,477,1901,1139,1048
europe,60,uncapped_empirical,1.0,timely_equal_sum,20261002,dragon,1500,5578,2061,1672,3111,1050,3749
europe,60,uncapped_empirical,1.0,timely_equal_sum,20261002,teamfight,1500,9978,993,744,2092,1099,6630
europe,30,uncapped_empirical,0.25,timely_equal_tcn,20260930,baron,1500,1610,310,168,504,194,558
europe,30,uncapped_empirical,0.25,timely_equal_tcn,20260930,dragon,1500,5578,414,293,698,284,1834
europe,30,uncapped_empirical,0.25,timely_equal_tcn,20260930,teamfight,1500,9978,188,116,456,268,3351
europe,30,uncapped_empirical,0.25,timely_equal_tcn,20261001,baron,1500,1610,320,172,516,196,558
europe,30,uncapped_empirical,0.25,timely_equal_tcn,20261001,dragon,1500,5578,384,274,634,250,1834
europe,30,uncapped_empirical,0.25,timely_equal_tcn,20261001,teamfight,1500,9978,182,110,438,256,3351
europe,30,uncapped_empirical,0.25,timely_equal_tcn,20261002,baron,1500,1610,307,168,499,192,558
europe,30,uncapped_empirical,0.25,timely_equal_tcn,20261002,dragon,1500,5578,381,289,671,290,1834
europe,30,uncapped_empirical,0.25,timely_equal_tcn,20261002,teamfight,1500,9978,190,109,453,263,3351
europe,30,uncapped_empirical,0.5,timely_equal_tcn,20260930,baron,1500,1610,443,256,966,523,558
europe,30,uncapped_empirical,0.5,timely_equal_tcn,20260930,dragon,1500,5578,684,447,1145,461,1834
europe,30,uncapped_empirical,0.5,timely_equal_tcn,20260930,teamfight,1500,9978,332,213,854,522,3351
europe,30,uncapped_empirical,0.5,timely_equal_tcn,20261001,baron,1500,1610,448,263,988,540,558
europe,30,uncapped_empirical,0.5,timely_equal_tcn,20261001,dragon,1500,5578,722,464,1185,463,1834
europe,30,uncapped_empirical,0.5,timely_equal_tcn,20261001,teamfight,1500,9978,330,199,864,534,3351
europe,30,uncapped_empirical,0.5,timely_equal_tcn,20261002,baron,1500,1610,437,252,954,517,558
europe,30,uncapped_empirical,0.5,timely_equal_tcn,20261002,dragon,1500,5578,668,451,1152,484,1834
europe,30,uncapped_empirical,0.5,timely_equal_tcn,20261002,teamfight,1500,9978,342,210,872,530,3351
europe,30,uncapped_empirical,0.75,timely_equal_tcn,20260930,baron,1500,1610,524,319,1350,826,558
europe,30,uncapped_empirical,0.75,timely_equal_tcn,20260930,dragon,1500,5578,1053,668,1782,729,1834
europe,30,uncapped_empirical,0.75,timely_equal_tcn,20260930,teamfight,1500,9978,496,310,1333,837,3351
europe,30,uncapped_empirical,0.75,timely_equal_tcn,20261001,baron,1500,1610,529,322,1396,867,558
europe,30,uncapped_empirical,0.75,timely_equal_tcn,20261001,dragon,1500,5578,1072,667,1776,704,1834
europe,30,uncapped_empirical,0.75,timely_equal_tcn,20261001,teamfight,1500,9978,477,298,1340,863,3351
europe,30,uncapped_empirical,0.75,timely_equal_tcn,20261002,baron,1500,1610,518,314,1366,848,558
europe,30,uncapped_empirical,0.75,timely_equal_tcn,20261002,dragon,1500,5578,1055,672,1811,756,1834
europe,30,uncapped_empirical,0.75,timely_equal_tcn,20261002,teamfight,1500,9978,487,294,1301,814,3351
europe,30,uncapped_empirical,1.0,timely_equal_tcn,20260930,baron,1500,1610,586,359,1725,1139,558
europe,30,uncapped_empirical,1.0,timely_equal_tcn,20260930,dragon,1500,5578,1390,865,2392,1002,1834
europe,30,uncapped_empirical,1.0,timely_equal_tcn,20260930,teamfight,1500,9978,615,378,1737,1122,3351
europe,30,uncapped_empirical,1.0,timely_equal_tcn,20261001,baron,1500,1610,583,362,1779,1196,558
europe,30,uncapped_empirical,1.0,timely_equal_tcn,20261001,dragon,1500,5578,1367,853,2310,943,1834
europe,30,uncapped_empirical,1.0,timely_equal_tcn,20261001,teamfight,1500,9978,580,353,1715,1135,3351
europe,30,uncapped_empirical,1.0,timely_equal_tcn,20261002,baron,1500,1610,574,353,1759,1185,558
europe,30,uncapped_empirical,1.0,timely_equal_tcn,20261002,dragon,1500,5578,1350,864,2345,995,1834
europe,30,uncapped_empirical,1.0,timely_equal_tcn,20261002,teamfight,1500,9978,628,372,1812,1184,3351
europe,60,uncapped_empirical,0.25,timely_equal_tcn,20260930,baron,1500,1610,248,137,501,253,1048
europe,60,uncapped_empirical,0.25,timely_equal_tcn,20260930,dragon,1500,5578,718,640,981,263,3749
europe,60,uncapped_empirical,0.25,timely_equal_tcn,20260930,teamfight,1500,9978,254,205,510,256,6630
europe,60,uncapped_empirical,0.25,timely_equal_tcn,20261001,baron,1500,1610,240,128,464,224,1048
europe,60,uncapped_empirical,0.25,timely_equal_tcn,20261001,dragon,1500,5578,658,597,891,233,3749
europe,60,uncapped_empirical,0.25,timely_equal_tcn,20261001,teamfight,1500,9978,228,191,476,248,6630
europe,60,uncapped_empirical,0.25,timely_equal_tcn,20261002,baron,1500,1610,240,143,516,276,1048
europe,60,uncapped_empirical,0.25,timely_equal_tcn,20261002,dragon,1500,5578,692,632,945,253,3749
europe,60,uncapped_empirical,0.25,timely_equal_tcn,20261002,teamfight,1500,9978,254,204,495,241,6630
europe,60,uncapped_empirical,0.5,timely_equal_tcn,20260930,baron,1500,1610,451,251,989,538,1048
europe,60,uncapped_empirical,0.5,timely_equal_tcn,20260930,dragon,1500,5578,1205,1046,1733,528,3749
europe,60,uncapped_empirical,0.5,timely_equal_tcn,20260930,teamfight,1500,9978,479,376,985,506,6630
europe,60,uncapped_empirical,0.5,timely_equal_tcn,20261001,baron,1500,1610,435,238,906,471,1048
europe,60,uncapped_empirical,0.5,timely_equal_tcn,20261001,dragon,1500,5578,1240,1068,1766,526,3749
europe,60,uncapped_empirical,0.5,timely_equal_tcn,20261001,teamfight,1500,9978,464,377,1013,549,6630
europe,60,uncapped_empirical,0.5,timely_equal_tcn,20261002,baron,1500,1610,421,252,984,563,1048
europe,60,uncapped_empirical,0.5,timely_equal_tcn,20261002,dragon,1500,5578,1206,1076,1802,596,3749
europe,60,uncapped_empirical,0.5,timely_equal_tcn,20261002,teamfight,1500,9978,460,361,961,501,6630
europe,60,uncapped_empirical,0.75,timely_equal_tcn,20260930,baron,1500,1610,604,349,1395,791,1048
europe,60,uncapped_empirical,0.75,timely_equal_tcn,20260930,dragon,1500,5578,1653,1366,2410,757,3749
europe,60,uncapped_empirical,0.75,timely_equal_tcn,20260930,teamfight,1500,9978,717,548,1502,785,6630
europe,60,uncapped_empirical,0.75,timely_equal_tcn,20261001,baron,1500,1610,661,379,1469,808,1048
europe,60,uncapped_empirical,0.75,timely_equal_tcn,20261001,dragon,1500,5578,1681,1391,2459,778,3749
europe,60,uncapped_empirical,0.75,timely_equal_tcn,20261001,teamfight,1500,9978,719,572,1549,830,6630
europe,60,uncapped_empirical,0.75,timely_equal_tcn,20261002,baron,1500,1610,568,338,1384,816,1048
europe,60,uncapped_empirical,0.75,timely_equal_tcn,20261002,dragon,1500,5578,1574,1358,2400,826,3749
europe,60,uncapped_empirical,0.75,timely_equal_tcn,20261002,teamfight,1500,9978,724,553,1493,769,6630
europe,60,uncapped_empirical,1.0,timely_equal_tcn,20260930,baron,1500,1610,748,440,1793,1045,1048
europe,60,uncapped_empirical,1.0,timely_equal_tcn,20260930,dragon,1500,5578,2039,1610,3000,961,3749
europe,60,uncapped_empirical,1.0,timely_equal_tcn,20260930,teamfight,1500,9978,943,722,2029,1086,6630
europe,60,uncapped_empirical,1.0,timely_equal_tcn,20261001,baron,1500,1610,792,456,1848,1056,1048
europe,60,uncapped_empirical,1.0,timely_equal_tcn,20261001,dragon,1500,5578,2025,1606,2972,947,3749
europe,60,uncapped_empirical,1.0,timely_equal_tcn,20261001,teamfight,1500,9978,961,747,2088,1127,6630
europe,60,uncapped_empirical,1.0,timely_equal_tcn,20261002,baron,1500,1610,733,433,1816,1083,1048
europe,60,uncapped_empirical,1.0,timely_equal_tcn,20261002,dragon,1500,5578,2028,1652,3079,1051,3749
europe,60,uncapped_empirical,1.0,timely_equal_tcn,20261002,teamfight,1500,9978,963,716,2023,1060,6630
europe,30,uncapped_empirical,0.25,timely_equal_gru,20260930,baron,1500,1610,199,112,433,234,558
europe,30,uncapped_empirical,0.25,timely_equal_gru,20260930,dragon,1500,5578,19,19,259,240,1834
europe,30,uncapped_empirical,0.25,timely_equal_gru,20260930,teamfight,1500,9978,135,89,402,267,3351
europe,30,uncapped_empirical,0.25,timely_equal_gru,20261001,baron,1500,1610,202,114,450,248,558
europe,30,uncapped_empirical,0.25,timely_equal_gru,20261001,dragon,1500,5578,18,18,299,281,1834
europe,30,uncapped_empirical,0.25,timely_equal_gru,20261001,teamfight,1500,9978,136,89,402,266,3351
europe,30,uncapped_empirical,0.25,timely_equal_gru,20261002,baron,1500,1610,168,97,388,220,558
europe,30,uncapped_empirical,0.25,timely_equal_gru,20261002,dragon,1500,5578,24,24,307,283,1834
europe,30,uncapped_empirical,0.25,timely_equal_gru,20261002,teamfight,1500,9978,117,85,384,267,3351
europe,30,uncapped_empirical,0.5,timely_equal_gru,20260930,baron,1500,1610,308,186,855,547,558
europe,30,uncapped_empirical,0.5,timely_equal_gru,20260930,dragon,1500,5578,84,84,730,646,1834
europe,30,uncapped_empirical,0.5,timely_equal_gru,20260930,teamfight,1500,9978,239,161,763,524,3351
europe,30,uncapped_empirical,0.5,timely_equal_gru,20261001,baron,1500,1610,343,205,888,545,558
europe,30,uncapped_empirical,0.5,timely_equal_gru,20261001,dragon,1500,5578,100,99,766,666,1834
europe,30,uncapped_empirical,0.5,timely_equal_gru,20261001,teamfight,1500,9978,267,179,835,568,3351
europe,30,uncapped_empirical,0.5,timely_equal_gru,20261002,baron,1500,1610,252,150,769,517,558
europe,30,uncapped_empirical,0.5,timely_equal_gru,20261002,dragon,1500,5578,95,94,691,596,1834
europe,30,uncapped_empirical,0.5,timely_equal_gru,20261002,teamfight,1500,9978,219,148,769,550,3351
europe,30,uncapped_empirical,0.75,timely_equal_gru,20260930,baron,1500,1610,377,235,1186,809,558
europe,30,uncapped_empirical,0.75,timely_equal_gru,20260930,dragon,1500,5578,161,160,1163,1002,1834
europe,30,uncapped_empirical,0.75,timely_equal_gru,20260930,teamfight,1500,9978,352,239,1206,854,3351
europe,30,uncapped_empirical,0.75,timely_equal_gru,20261001,baron,1500,1610,408,252,1242,834,558
europe,30,uncapped_empirical,0.75,timely_equal_gru,20261001,dragon,1500,5578,176,174,1186,1010,1834
europe,30,uncapped_empirical,0.75,timely_equal_gru,20261001,teamfight,1500,9978,363,238,1226,863,3351
europe,30,uncapped_empirical,0.75,timely_equal_gru,20261002,baron,1500,1610,321,193,1155,834,558
europe,30,uncapped_empirical,0.75,timely_equal_gru,20261002,dragon,1500,5578,176,171,1192,1016,1834
europe,30,uncapped_empirical,0.75,timely_equal_gru,20261002,teamfight,1500,9978,310,209,1144,834,3351
europe,30,uncapped_empirical,1.0,timely_equal_gru,20260930,baron,1500,1610,451,285,1610,1159,558
europe,30,uncapped_empirical,1.0,timely_equal_gru,20260930,dragon,1500,5578,290,261,1619,1329,1834
europe,30,uncapped_empirical,1.0,timely_equal_gru,20260930,teamfight,1500,9978,467,306,1698,1231,3351
europe,30,uncapped_empirical,1.0,timely_equal_gru,20261001,baron,1500,1610,468,290,1614,1146,558
europe,30,uncapped_empirical,1.0,timely_equal_gru,20261001,dragon,1500,5578,282,261,1624,1342,1834
europe,30,uncapped_empirical,1.0,timely_equal_gru,20261001,teamfight,1500,9978,460,304,1626,1166,3351
europe,30,uncapped_empirical,1.0,timely_equal_gru,20261002,baron,1500,1610,374,228,1518,1144,558
europe,30,uncapped_empirical,1.0,timely_equal_gru,20261002,dragon,1500,5578,308,269,1673,1365,1834
europe,30,uncapped_empirical,1.0,timely_equal_gru,20261002,teamfight,1500,9978,414,273,1629,1215,3351
europe,60,uncapped_empirical,0.25,timely_equal_gru,20260930,baron,1500,1610,193,104,432,239,1048
europe,60,uncapped_empirical,0.25,timely_equal_gru,20260930,dragon,1500,5578,72,72,374,302,3749
europe,60,uncapped_empirical,0.25,timely_equal_gru,20260930,teamfight,1500,9978,230,195,515,285,6630
europe,60,uncapped_empirical,0.25,timely_equal_gru,20261001,baron,1500,1610,248,123,483,235,1048
europe,60,uncapped_empirical,0.25,timely_equal_gru,20261001,dragon,1500,5578,61,61,373,312,3749
europe,60,uncapped_empirical,0.25,timely_equal_gru,20261001,teamfight,1500,9978,217,189,504,287,6630
europe,60,uncapped_empirical,0.25,timely_equal_gru,20261002,baron,1500,1610,147,83,371,224,1048
europe,60,uncapped_empirical,0.25,timely_equal_gru,20261002,dragon,1500,5578,90,90,382,292,3749
europe,60,uncapped_empirical,0.25,timely_equal_gru,20261002,teamfight,1500,9978,195,167,467,272,6630
europe,60,uncapped_empirical,0.5,timely_equal_gru,20260930,baron,1500,1610,388,207,893,505,1048
europe,60,uncapped_empirical,0.5,timely_equal_gru,20260930,dragon,1500,5578,174,174,878,704,3749
europe,60,uncapped_empirical,0.5,timely_equal_gru,20260930,teamfight,1500,9978,413,336,990,577,6630
europe,60,uncapped_empirical,0.5,timely_equal_gru,20261001,baron,1500,1610,420,222,917,497,1048
europe,60,uncapped_empirical,0.5,timely_equal_gru,20261001,dragon,1500,5578,163,163,852,689,3749
europe,60,uncapped_empirical,0.5,timely_equal_gru,20261001,teamfight,1500,9978,405,334,986,581,6630
europe,60,uncapped_empirical,0.5,timely_equal_gru,20261002,baron,1500,1610,292,170,770,478,1048
europe,60,uncapped_empirical,0.5,timely_equal_gru,20261002,dragon,1500,5578,216,216,930,714,3749
europe,60,uncapped_empirical,0.5,timely_equal_gru,20261002,teamfight,1500,9978,368,298,947,579,6630
europe,60,uncapped_empirical,0.75,timely_equal_gru,20260930,baron,1500,1610,526,296,1283,757,1048
europe,60,uncapped_empirical,0.75,timely_equal_gru,20260930,dragon,1500,5578,273,273,1298,1025,3749
europe,60,uncapped_empirical,0.75,timely_equal_gru,20260930,teamfight,1500,9978,567,448,1438,871,6630
europe,60,uncapped_empirical,0.75,timely_equal_gru,20261001,baron,1500,1610,569,299,1305,736,1048
europe,60,uncapped_empirical,0.75,timely_equal_gru,20261001,dragon,1500,5578,265,265,1316,1051,3749
europe,60,uncapped_empirical,0.75,timely_equal_gru,20261001,teamfight,1500,9978,583,478,1483,900,6630
europe,60,uncapped_empirical,0.75,timely_equal_gru,20261002,baron,1500,1610,442,267,1243,801,1048
europe,60,uncapped_empirical,0.75,timely_equal_gru,20261002,dragon,1500,5578,326,326,1359,1033,3749
europe,60,uncapped_empirical,0.75,timely_equal_gru,20261002,teamfight,1500,9978,546,437,1426,880,6630
europe,60,uncapped_empirical,1.0,timely_equal_gru,20260930,baron,1500,1610,677,396,1771,1094,1048
europe,60,uncapped_empirical,1.0,timely_equal_gru,20260930,dragon,1500,5578,413,413,1858,1445,3749
europe,60,uncapped_empirical,1.0,timely_equal_gru,20260930,teamfight,1500,9978,801,634,2035,1234,6630
europe,60,uncapped_empirical,1.0,timely_equal_gru,20261001,baron,1500,1610,698,385,1746,1048,1048
europe,60,uncapped_empirical,1.0,timely_equal_gru,20261001,dragon,1500,5578,416,416,1876,1460,3749
europe,60,uncapped_empirical,1.0,timely_equal_gru,20261001,teamfight,1500,9978,782,627,1970,1188,6630
europe,60,uncapped_empirical,1.0,timely_equal_gru,20261002,baron,1500,1610,570,348,1653,1083,1048
europe,60,uncapped_empirical,1.0,timely_equal_gru,20261002,dragon,1500,5578,469,469,1930,1461,3749
europe,60,uncapped_empirical,1.0,timely_equal_gru,20261002,teamfight,1500,9978,701,563,1823,1122,6630
europe,30,uncapped_empirical,0.25,timely_independent,20260930,baron,1500,1610,274,150,486,212,558
europe,30,uncapped_empirical,0.25,timely_independent,20260930,dragon,1500,5578,381,279,664,283,1834
europe,30,uncapped_empirical,0.25,timely_independent,20260930,teamfight,1500,9978,171,107,425,254,3351
europe,30,uncapped_empirical,0.25,timely_independent,20261001,baron,1500,1610,319,170,552,233,558
europe,30,uncapped_empirical,0.25,timely_independent,20261001,dragon,1500,5578,359,284,679,320,1834
europe,30,uncapped_empirical,0.25,timely_independent,20261001,teamfight,1500,9978,178,113,423,245,3351
europe,30,uncapped_empirical,0.25,timely_independent,20261002,baron,1500,1610,306,173,529,223,558
europe,30,uncapped_empirical,0.25,timely_independent,20261002,dragon,1500,5578,338,257,612,274,1834
europe,30,uncapped_empirical,0.25,timely_independent,20261002,teamfight,1500,9978,175,118,452,277,3351
europe,30,uncapped_empirical,0.5,timely_independent,20260930,baron,1500,1610,433,255,964,531,558
europe,30,uncapped_empirical,0.5,timely_independent,20260930,dragon,1500,5578,677,463,1215,538,1834
europe,30,uncapped_empirical,0.5,timely_independent,20260930,teamfight,1500,9978,341,211,876,535,3351
europe,30,uncapped_empirical,0.5,timely_independent,20261001,baron,1500,1610,444,262,992,548,558
europe,30,uncapped_empirical,0.5,timely_independent,20261001,dragon,1500,5578,655,470,1214,559,1834
europe,30,uncapped_empirical,0.5,timely_independent,20261001,teamfight,1500,9978,334,208,857,523,3351
europe,30,uncapped_empirical,0.5,timely_independent,20261002,baron,1500,1610,440,264,974,534,558
europe,30,uncapped_empirical,0.5,timely_independent,20261002,dragon,1500,5578,672,468,1203,531,1834
europe,30,uncapped_empirical,0.5,timely_independent,20261002,teamfight,1500,9978,319,212,846,527,3351
europe,30,uncapped_empirical,0.75,timely_independent,20260930,baron,1500,1610,519,317,1360,841,558
europe,30,uncapped_empirical,0.75,timely_independent,20260930,dragon,1500,5578,993,661,1749,756,1834
europe,30,uncapped_empirical,0.75,timely_independent,20260930,teamfight,1500,9978,478,295,1303,825,3351
europe,30,uncapped_empirical,0.75,timely_independent,20261001,baron,1500,1610,508,312,1350,842,558
europe,30,uncapped_empirical,0.75,timely_independent,20261001,dragon,1500,5578,960,658,1734,774,1834
europe,30,uncapped_empirical,0.75,timely_independent,20261001,teamfight,1500,9978,477,295,1334,857,3351
europe,30,uncapped_empirical,0.75,timely_independent,20261002,baron,1500,1610,516,318,1346,830,558
europe,30,uncapped_empirical,0.75,timely_independent,20261002,dragon,1500,5578,981,667,1754,773,1834
europe,30,uncapped_empirical,0.75,timely_independent,20261002,teamfight,1500,9978,487,310,1334,847,3351
europe,30,uncapped_empirical,1.0,timely_independent,20260930,baron,1500,1610,589,368,1785,1196,558
europe,30,uncapped_empirical,1.0,timely_independent,20260930,dragon,1500,5578,1237,802,2188,951,1834
europe,30,uncapped_empirical,1.0,timely_independent,20260930,teamfight,1500,9978,643,389,1790,1147,3351
europe,30,uncapped_empirical,1.0,timely_independent,20261001,baron,1500,1610,584,365,1784,1200,558
europe,30,uncapped_empirical,1.0,timely_independent,20261001,dragon,1500,5578,1292,845,2324,1032,1834
europe,30,uncapped_empirical,1.0,timely_independent,20261001,teamfight,1500,9978,604,371,1752,1148,3351
europe,30,uncapped_empirical,1.0,timely_independent,20261002,baron,1500,1610,575,353,1759,1184,558
europe,30,uncapped_empirical,1.0,timely_independent,20261002,dragon,1500,5578,1292,840,2350,1058,1834
europe,30,uncapped_empirical,1.0,timely_independent,20261002,teamfight,1500,9978,627,384,1789,1162,3351
europe,60,uncapped_empirical,0.25,timely_independent,20260930,baron,1500,1610,240,150,463,223,1048
europe,60,uncapped_empirical,0.25,timely_independent,20260930,dragon,1500,5578,690,627,948,258,3749
europe,60,uncapped_empirical,0.25,timely_independent,20260930,teamfight,1500,9978,256,206,496,240,6630
europe,60,uncapped_empirical,0.25,timely_independent,20261001,baron,1500,1610,274,172,516,242,1048
europe,60,uncapped_empirical,0.25,timely_independent,20261001,dragon,1500,5578,648,609,916,268,3749
europe,60,uncapped_empirical,0.25,timely_independent,20261001,teamfight,1500,9978,271,215,534,263,6630
europe,60,uncapped_empirical,0.25,timely_independent,20261002,baron,1500,1610,259,177,544,285,1048
europe,60,uncapped_empirical,0.25,timely_independent,20261002,dragon,1500,5578,696,637,968,272,3749
europe,60,uncapped_empirical,0.25,timely_independent,20261002,teamfight,1500,9978,277,222,543,266,6630
europe,60,uncapped_empirical,0.5,timely_independent,20260930,baron,1500,1610,441,280,964,523,1048
europe,60,uncapped_empirical,0.5,timely_independent,20260930,dragon,1500,5578,1228,1064,1785,557,3749
europe,60,uncapped_empirical,0.5,timely_independent,20260930,teamfight,1500,9978,527,417,1051,524,6630
europe,60,uncapped_empirical,0.5,timely_independent,20261001,baron,1500,1610,489,304,1000,511,1048
europe,60,uncapped_empirical,0.5,timely_independent,20261001,dragon,1500,5578,1209,1085,1795,586,3749
europe,60,uncapped_empirical,0.5,timely_independent,20261001,teamfight,1500,9978,514,412,1030,516,6630
europe,60,uncapped_empirical,0.5,timely_independent,20261002,baron,1500,1610,454,305,983,529,1048
europe,60,uncapped_empirical,0.5,timely_independent,20261002,dragon,1500,5578,1202,1041,1758,556,3749
europe,60,uncapped_empirical,0.5,timely_independent,20261002,teamfight,1500,9978,482,385,981,499,6630
europe,60,uncapped_empirical,0.75,timely_independent,20260930,baron,1500,1610,619,394,1420,801,1048
europe,60,uncapped_empirical,0.75,timely_independent,20260930,dragon,1500,5578,1609,1356,2383,774,3749
europe,60,uncapped_empirical,0.75,timely_independent,20260930,teamfight,1500,9978,772,592,1601,829,6630
europe,60,uncapped_empirical,0.75,timely_independent,20261001,baron,1500,1610,659,416,1476,817,1048
europe,60,uncapped_empirical,0.75,timely_independent,20261001,dragon,1500,5578,1645,1417,2505,860,3749
europe,60,uncapped_empirical,0.75,timely_independent,20261001,teamfight,1500,9978,721,565,1542,821,6630
europe,60,uncapped_empirical,0.75,timely_independent,20261002,baron,1500,1610,623,415,1472,849,1048
europe,60,uncapped_empirical,0.75,timely_independent,20261002,dragon,1500,5578,1632,1361,2414,782,3749
europe,60,uncapped_empirical,0.75,timely_independent,20261002,teamfight,1500,9978,699,552,1486,787,6630
europe,60,uncapped_empirical,1.0,timely_independent,20260930,baron,1500,1610,773,488,1846,1073,1048
europe,60,uncapped_empirical,1.0,timely_independent,20260930,dragon,1500,5578,2033,1632,3052,1019,3749
europe,60,uncapped_empirical,1.0,timely_independent,20260930,teamfight,1500,9978,937,718,1996,1059,6630
europe,60,uncapped_empirical,1.0,timely_independent,20261001,baron,1500,1610,833,524,1979,1146,1048
europe,60,uncapped_empirical,1.0,timely_independent,20261001,dragon,1500,5578,1970,1634,3034,1064,3749
europe,60,uncapped_empirical,1.0,timely_independent,20261001,teamfight,1500,9978,936,723,2043,1107,6630
europe,60,uncapped_empirical,1.0,timely_independent,20261002,baron,1500,1610,759,506,1893,1134,1048
europe,60,uncapped_empirical,1.0,timely_independent,20261002,dragon,1500,5578,2019,1609,3038,1019,3749
europe,60,uncapped_empirical,1.0,timely_independent,20261002,teamfight,1500,9978,963,737,2112,1149,6630
europe,30,uncapped_empirical,0.25,timely_leagueews,20260930,baron,1500,1610,310,170,534,224,558
europe,30,uncapped_empirical,0.25,timely_leagueews,20260930,dragon,1500,5578,402,287,674,272,1834
europe,30,uncapped_empirical,0.25,timely_leagueews,20260930,teamfight,1500,9978,187,117,462,275,3351
europe,30,uncapped_empirical,0.25,timely_leagueews,20261001,baron,1500,1610,313,169,520,207,558
europe,30,uncapped_empirical,0.25,timely_leagueews,20261001,dragon,1500,5578,365,276,625,260,1834
europe,30,uncapped_empirical,0.25,timely_leagueews,20261001,teamfight,1500,9978,181,116,453,272,3351
europe,30,uncapped_empirical,0.25,timely_leagueews,20261002,baron,1500,1610,302,163,488,186,558
europe,30,uncapped_empirical,0.25,timely_leagueews,20261002,dragon,1500,5578,383,286,634,251,1834
europe,30,uncapped_empirical,0.25,timely_leagueews,20261002,teamfight,1500,9978,172,111,421,249,3351
europe,30,uncapped_empirical,0.5,timely_leagueews,20260930,baron,1500,1610,430,245,949,519,558
europe,30,uncapped_empirical,0.5,timely_leagueews,20260930,dragon,1500,5578,706,474,1193,487,1834
europe,30,uncapped_empirical,0.5,timely_leagueews,20260930,teamfight,1500,9978,341,215,909,568,3351
europe,30,uncapped_empirical,0.5,timely_leagueews,20261001,baron,1500,1610,435,254,987,552,558
europe,30,uncapped_empirical,0.5,timely_leagueews,20261001,dragon,1500,5578,677,466,1183,506,1834
europe,30,uncapped_empirical,0.5,timely_leagueews,20261001,teamfight,1500,9978,341,220,893,552,3351
europe,30,uncapped_empirical,0.5,timely_leagueews,20261002,baron,1500,1610,419,234,939,520,558
europe,30,uncapped_empirical,0.5,timely_leagueews,20261002,dragon,1500,5578,693,470,1193,500,1834
europe,30,uncapped_empirical,0.5,timely_leagueews,20261002,teamfight,1500,9978,330,210,875,545,3351
europe,30,uncapped_empirical,0.75,timely_leagueews,20260930,baron,1500,1610,519,309,1375,856,558
europe,30,uncapped_empirical,0.75,timely_leagueews,20260930,dragon,1500,5578,1014,660,1719,705,1834
europe,30,uncapped_empirical,0.75,timely_leagueews,20260930,teamfight,1500,9978,497,312,1345,848,3351
europe,30,uncapped_empirical,0.75,timely_leagueews,20261001,baron,1500,1610,512,303,1373,861,558
europe,30,uncapped_empirical,0.75,timely_leagueews,20261001,dragon,1500,5578,1047,698,1796,749,1834
europe,30,uncapped_empirical,0.75,timely_leagueews,20261001,teamfight,1500,9978,474,302,1316,842,3351
europe,30,uncapped_empirical,0.75,timely_leagueews,20261002,baron,1500,1610,507,299,1340,833,558
europe,30,uncapped_empirical,0.75,timely_leagueews,20261002,dragon,1500,5578,998,654,1719,721,1834
europe,30,uncapped_empirical,0.75,timely_leagueews,20261002,teamfight,1500,9978,474,296,1320,846,3351
europe,30,uncapped_empirical,1.0,timely_leagueews,20260930,baron,1500,1610,587,361,1789,1202,558
europe,30,uncapped_empirical,1.0,timely_leagueews,20260930,dragon,1500,5578,1326,838,2273,947,1834
europe,30,uncapped_empirical,1.0,timely_leagueews,20260930,teamfight,1500,9978,629,388,1820,1191,3351
europe,30,uncapped_empirical,1.0,timely_leagueews,20261001,baron,1500,1610,569,347,1738,1169,558
europe,30,uncapped_empirical,1.0,timely_leagueews,20261001,dragon,1500,5578,1376,896,2397,1021,1834
europe,30,uncapped_empirical,1.0,timely_leagueews,20261001,teamfight,1500,9978,610,386,1761,1151,3351
europe,30,uncapped_empirical,1.0,timely_leagueews,20261002,baron,1500,1610,568,343,1738,1170,558
europe,30,uncapped_empirical,1.0,timely_leagueews,20261002,dragon,1500,5578,1342,865,2321,979,1834
europe,30,uncapped_empirical,1.0,timely_leagueews,20261002,teamfight,1500,9978,594,371,1745,1151,3351
europe,60,uncapped_empirical,0.25,timely_leagueews,20260930,baron,1500,1610,274,147,527,253,1048
europe,60,uncapped_empirical,0.25,timely_leagueews,20260930,dragon,1500,5578,661,614,933,272,3749
europe,60,uncapped_empirical,0.25,timely_leagueews,20260930,teamfight,1500,9978,274,220,520,246,6630
europe,60,uncapped_empirical,0.25,timely_leagueews,20261001,baron,1500,1610,246,133,478,232,1048
europe,60,uncapped_empirical,0.25,timely_leagueews,20261001,dragon,1500,5578,638,597,901,263,3749
europe,60,uncapped_empirical,0.25,timely_leagueews,20261001,teamfight,1500,9978,279,220,537,258,6630
europe,60,uncapped_empirical,0.25,timely_leagueews,20261002,baron,1500,1610,222,132,502,280,1048
europe,60,uncapped_empirical,0.25,timely_leagueews,20261002,dragon,1500,5578,634,591,895,261,3749
europe,60,uncapped_empirical,0.25,timely_leagueews,20261002,teamfight,1500,9978,278,223,520,242,6630
europe,60,uncapped_empirical,0.5,timely_leagueews,20260930,baron,1500,1610,473,262,1005,532,1048
europe,60,uncapped_empirical,0.5,timely_leagueews,20260930,dragon,1500,5578,1193,1054,1729,536,3749
europe,60,uncapped_empirical,0.5,timely_leagueews,20260930,teamfight,1500,9978,518,417,1080,562,6630
europe,60,uncapped_empirical,0.5,timely_leagueews,20261001,baron,1500,1610,452,260,950,498,1048
europe,60,uncapped_empirical,0.5,timely_leagueews,20261001,dragon,1500,5578,1200,1067,1760,560,3749
europe,60,uncapped_empirical,0.5,timely_leagueews,20261001,teamfight,1500,9978,500,406,1035,535,6630
europe,60,uncapped_empirical,0.5,timely_leagueews,20261002,baron,1500,1610,434,263,1015,581,1048
europe,60,uncapped_empirical,0.5,timely_leagueews,20261002,dragon,1500,5578,1190,1061,1751,561,3749
europe,60,uncapped_empirical,0.5,timely_leagueews,20261002,teamfight,1500,9978,514,412,1043,529,6630
europe,60,uncapped_empirical,0.75,timely_leagueews,20260930,baron,1500,1610,663,374,1457,794,1048
europe,60,uncapped_empirical,0.75,timely_leagueews,20260930,dragon,1500,5578,1675,1411,2491,816,3749
europe,60,uncapped_empirical,0.75,timely_leagueews,20260930,teamfight,1500,9978,755,585,1604,849,6630
europe,60,uncapped_empirical,0.75,timely_leagueews,20261001,baron,1500,1610,625,355,1419,794,1048
europe,60,uncapped_empirical,0.75,timely_leagueews,20261001,dragon,1500,5578,1633,1390,2471,838,3749
europe,60,uncapped_empirical,0.75,timely_leagueews,20261001,teamfight,1500,9978,720,563,1534,814,6630
europe,60,uncapped_empirical,0.75,timely_leagueews,20261002,baron,1500,1610,612,363,1472,860,1048
europe,60,uncapped_empirical,0.75,timely_leagueews,20261002,dragon,1500,5578,1676,1423,2514,838,3749
europe,60,uncapped_empirical,0.75,timely_leagueews,20261002,teamfight,1500,9978,720,560,1540,820,6630
europe,60,uncapped_empirical,1.0,timely_leagueews,20260930,baron,1500,1610,790,449,1851,1061,1048
europe,60,uncapped_empirical,1.0,timely_leagueews,20260930,dragon,1500,5578,2090,1673,3117,1027,3749
europe,60,uncapped_empirical,1.0,timely_leagueews,20260930,teamfight,1500,9978,1006,758,2131,1125,6630
europe,60,uncapped_empirical,1.0,timely_leagueews,20261001,baron,1500,1610,766,441,1823,1057,1048
europe,60,uncapped_empirical,1.0,timely_leagueews,20261001,dragon,1500,5578,2040,1662,3105,1065,3749
europe,60,uncapped_empirical,1.0,timely_leagueews,20261001,teamfight,1500,9978,955,728,2055,1100,6630
europe,60,uncapped_empirical,1.0,timely_leagueews,20261002,baron,1500,1610,735,441,1844,1109,1048
europe,60,uncapped_empirical,1.0,timely_leagueews,20261002,dragon,1500,5578,2059,1667,3101,1042,3749
europe,60,uncapped_empirical,1.0,timely_leagueews,20261002,teamfight,1500,9978,951,722,2044,1093,6630
europe,30,capped_empirical,0.25,timely_equal_sum,20260930,baron,1500,1610,318,172,521,203,558
europe,30,capped_empirical,0.25,timely_equal_sum,20260930,dragon,1500,5578,403,304,669,266,1834
europe,30,capped_empirical,0.25,timely_equal_sum,20260930,teamfight,1500,9978,182,115,445,263,3351
europe,30,capped_empirical,0.25,timely_equal_sum,20261001,baron,1500,1610,326,173,533,207,558
europe,30,capped_empirical,0.25,timely_equal_sum,20261001,dragon,1500,5578,373,276,633,260,1834
europe,30,capped_empirical,0.25,timely_equal_sum,20261001,teamfight,1500,9978,181,116,444,263,3351
europe,30,capped_empirical,0.25,timely_equal_sum,20261002,baron,1500,1610,313,170,528,215,558
europe,30,capped_empirical,0.25,timely_equal_sum,20261002,dragon,1500,5578,405,294,644,239,1834
europe,30,capped_empirical,0.25,timely_equal_sum,20261002,teamfight,1500,9978,184,111,445,261,3351
europe,30,capped_empirical,0.5,timely_equal_sum,20260930,baron,1500,1610,446,258,960,514,558
europe,30,capped_empirical,0.5,timely_equal_sum,20260930,dragon,1500,5578,736,497,1232,496,1834
europe,30,capped_empirical,0.5,timely_equal_sum,20260930,teamfight,1500,9978,340,211,909,569,3351
europe,30,capped_empirical,0.5,timely_equal_sum,20261001,baron,1500,1610,451,257,967,516,558
europe,30,capped_empirical,0.5,timely_equal_sum,20261001,dragon,1500,5578,722,500,1224,502,1834
europe,30,capped_empirical,0.5,timely_equal_sum,20261001,teamfight,1500,9978,334,204,869,535,3351
europe,30,capped_empirical,0.5,timely_equal_sum,20261002,baron,1500,1610,448,259,976,528,558
europe,30,capped_empirical,0.5,timely_equal_sum,20261002,dragon,1500,5578,713,482,1209,496,1834
europe,30,capped_empirical,0.5,timely_equal_sum,20261002,teamfight,1500,9978,354,214,923,569,3351
europe,30,capped_empirical,0.75,timely_equal_sum,20260930,baron,1500,1610,538,323,1364,826,558
europe,30,capped_empirical,0.75,timely_equal_sum,20260930,dragon,1500,5578,1036,668,1738,702,1834
europe,30,capped_empirical,0.75,timely_equal_sum,20260930,teamfight,1500,9978,496,307,1353,857,3351
europe,30,capped_empirical,0.75,timely_equal_sum,20261001,baron,1500,1610,528,317,1363,835,558
europe,30,capped_empirical,0.75,timely_equal_sum,20261001,dragon,1500,5578,1034,678,1754,720,1834
europe,30,capped_empirical,0.75,timely_equal_sum,20261001,teamfight,1500,9978,484,294,1368,884,3351
europe,30,capped_empirical,0.75,timely_equal_sum,20261002,baron,1500,1610,522,319,1401,879,558
europe,30,capped_empirical,0.75,timely_equal_sum,20261002,dragon,1500,5578,1061,698,1807,746,1834
europe,30,capped_empirical,0.75,timely_equal_sum,20261002,teamfight,1500,9978,498,306,1342,844,3351
europe,30,capped_empirical,1.0,timely_equal_sum,20260930,baron,1500,1610,576,354,1773,1197,558
europe,30,capped_empirical,1.0,timely_equal_sum,20260930,dragon,1500,5578,1355,864,2344,989,1834
europe,30,capped_empirical,1.0,timely_equal_sum,20260930,teamfight,1500,9978,600,375,1725,1125,3351
europe,30,capped_empirical,1.0,timely_equal_sum,20261001,baron,1500,1610,576,359,1753,1177,558
europe,30,capped_empirical,1.0,timely_equal_sum,20261001,dragon,1500,5578,1365,877,2367,1002,1834
europe,30,capped_empirical,1.0,timely_equal_sum,20261001,teamfight,1500,9978,611,374,1727,1116,3351
europe,30,capped_empirical,1.0,timely_equal_sum,20261002,baron,1500,1610,586,363,1808,1222,558
europe,30,capped_empirical,1.0,timely_equal_sum,20261002,dragon,1500,5578,1350,866,2364,1014,1834
europe,30,capped_empirical,1.0,timely_equal_sum,20261002,teamfight,1500,9978,630,394,1770,1140,3351
europe,60,capped_empirical,0.25,timely_equal_sum,20260930,baron,1500,1610,249,146,466,217,1048
europe,60,capped_empirical,0.25,timely_equal_sum,20260930,dragon,1500,5578,660,609,928,268,3749
europe,60,capped_empirical,0.25,timely_equal_sum,20260930,teamfight,1500,9978,278,225,533,255,6630
europe,60,capped_empirical,0.25,timely_equal_sum,20261001,baron,1500,1610,253,151,507,254,1048
europe,60,capped_empirical,0.25,timely_equal_sum,20261001,dragon,1500,5578,652,608,905,253,3749
europe,60,capped_empirical,0.25,timely_equal_sum,20261001,teamfight,1500,9978,255,203,515,260,6630
europe,60,capped_empirical,0.25,timely_equal_sum,20261002,baron,1500,1610,261,161,556,295,1048
europe,60,capped_empirical,0.25,timely_equal_sum,20261002,dragon,1500,5578,656,614,939,283,3749
europe,60,capped_empirical,0.25,timely_equal_sum,20261002,teamfight,1500,9978,269,213,495,226,6630
europe,60,capped_empirical,0.5,timely_equal_sum,20260930,baron,1500,1610,472,276,992,520,1048
europe,60,capped_empirical,0.5,timely_equal_sum,20260930,dragon,1500,5578,1220,1061,1777,557,3749
europe,60,capped_empirical,0.5,timely_equal_sum,20260930,teamfight,1500,9978,526,415,1072,546,6630
europe,60,capped_empirical,0.5,timely_equal_sum,20261001,baron,1500,1610,451,275,961,510,1048
europe,60,capped_empirical,0.5,timely_equal_sum,20261001,dragon,1500,5578,1212,1068,1767,555,3749
europe,60,capped_empirical,0.5,timely_equal_sum,20261001,teamfight,1500,9978,513,408,1037,524,6630
europe,60,capped_empirical,0.5,timely_equal_sum,20261002,baron,1500,1610,449,279,1043,594,1048
europe,60,capped_empirical,0.5,timely_equal_sum,20261002,dragon,1500,5578,1170,1043,1712,542,3749
europe,60,capped_empirical,0.5,timely_equal_sum,20261002,teamfight,1500,9978,533,421,1047,514,6630
europe,60,capped_empirical,0.75,timely_equal_sum,20260930,baron,1500,1610,652,386,1479,827,1048
europe,60,capped_empirical,0.75,timely_equal_sum,20260930,dragon,1500,5578,1661,1398,2459,798,3749
europe,60,capped_empirical,0.75,timely_equal_sum,20260930,teamfight,1500,9978,748,570,1581,833,6630
europe,60,capped_empirical,0.75,timely_equal_sum,20261001,baron,1500,1610,617,368,1440,823,1048
europe,60,capped_empirical,0.75,timely_equal_sum,20261001,dragon,1500,5578,1632,1372,2417,785,3749
europe,60,capped_empirical,0.75,timely_equal_sum,20261001,teamfight,1500,9978,717,557,1500,783,6630
europe,60,capped_empirical,0.75,timely_equal_sum,20261002,baron,1500,1610,612,390,1464,852,1048
europe,60,capped_empirical,0.75,timely_equal_sum,20261002,dragon,1500,5578,1630,1394,2439,809,3749
europe,60,capped_empirical,0.75,timely_equal_sum,20261002,teamfight,1500,9978,798,612,1631,833,6630
europe,60,capped_empirical,1.0,timely_equal_sum,20260930,baron,1500,1610,797,485,1944,1147,1048
europe,60,capped_empirical,1.0,timely_equal_sum,20260930,dragon,1500,5578,2067,1646,3083,1016,3749
europe,60,capped_empirical,1.0,timely_equal_sum,20260930,teamfight,1500,9978,1016,768,2195,1179,6630
europe,60,capped_empirical,1.0,timely_equal_sum,20261001,baron,1500,1610,794,483,1934,1140,1048
europe,60,capped_empirical,1.0,timely_equal_sum,20261001,dragon,1500,5578,2078,1650,3083,1005,3749
europe,60,capped_empirical,1.0,timely_equal_sum,20261001,teamfight,1500,9978,991,740,2093,1102,6630
europe,60,capped_empirical,1.0,timely_equal_sum,20261002,baron,1500,1610,752,472,1913,1161,1048
europe,60,capped_empirical,1.0,timely_equal_sum,20261002,dragon,1500,5578,2035,1649,3077,1042,3749
europe,60,capped_empirical,1.0,timely_equal_sum,20261002,teamfight,1500,9978,1004,749,2134,1130,6630
europe,30,capped_empirical,0.25,timely_equal_tcn,20260930,baron,1500,1610,309,168,503,194,558
europe,30,capped_empirical,0.25,timely_equal_tcn,20260930,dragon,1500,5578,414,293,698,284,1834
europe,30,capped_empirical,0.25,timely_equal_tcn,20260930,teamfight,1500,9978,188,116,455,267,3351
europe,30,capped_empirical,0.25,timely_equal_tcn,20261001,baron,1500,1610,320,172,516,196,558
europe,30,capped_empirical,0.25,timely_equal_tcn,20261001,dragon,1500,5578,384,274,634,250,1834
europe,30,capped_empirical,0.25,timely_equal_tcn,20261001,teamfight,1500,9978,182,110,438,256,3351
europe,30,capped_empirical,0.25,timely_equal_tcn,20261002,baron,1500,1610,307,168,499,192,558
europe,30,capped_empirical,0.25,timely_equal_tcn,20261002,dragon,1500,5578,381,289,671,290,1834
europe,30,capped_empirical,0.25,timely_equal_tcn,20261002,teamfight,1500,9978,190,109,452,262,3351
europe,30,capped_empirical,0.5,timely_equal_tcn,20260930,baron,1500,1610,440,255,959,519,558
europe,30,capped_empirical,0.5,timely_equal_tcn,20260930,dragon,1500,5578,684,447,1145,461,1834
europe,30,capped_empirical,0.5,timely_equal_tcn,20260930,teamfight,1500,9978,350,222,911,561,3351
europe,30,capped_empirical,0.5,timely_equal_tcn,20261001,baron,1500,1610,448,264,995,547,558
europe,30,capped_empirical,0.5,timely_equal_tcn,20261001,dragon,1500,5578,722,464,1185,463,1834
europe,30,capped_empirical,0.5,timely_equal_tcn,20261001,teamfight,1500,9978,328,199,860,532,3351
europe,30,capped_empirical,0.5,timely_equal_tcn,20261002,baron,1500,1610,435,251,949,514,558
europe,30,capped_empirical,0.5,timely_equal_tcn,20261002,dragon,1500,5578,668,451,1152,484,1834
europe,30,capped_empirical,0.5,timely_equal_tcn,20261002,teamfight,1500,9978,356,216,927,571,3351
europe,30,capped_empirical,0.75,timely_equal_tcn,20260930,baron,1500,1610,519,318,1355,836,558
europe,30,capped_empirical,0.75,timely_equal_tcn,20260930,dragon,1500,5578,1053,668,1782,729,1834
europe,30,capped_empirical,0.75,timely_equal_tcn,20260930,teamfight,1500,9978,486,306,1317,831,3351
europe,30,capped_empirical,0.75,timely_equal_tcn,20261001,baron,1500,1610,520,319,1393,873,558
europe,30,capped_empirical,0.75,timely_equal_tcn,20261001,dragon,1500,5578,1069,666,1771,702,1834
europe,30,capped_empirical,0.75,timely_equal_tcn,20261001,teamfight,1500,9978,466,292,1321,855,3351
europe,30,capped_empirical,0.75,timely_equal_tcn,20261002,baron,1500,1610,515,315,1361,846,558
europe,30,capped_empirical,0.75,timely_equal_tcn,20261002,dragon,1500,5578,1054,672,1808,754,1834
europe,30,capped_empirical,0.75,timely_equal_tcn,20261002,teamfight,1500,9978,497,303,1357,860,3351
europe,30,capped_empirical,1.0,timely_equal_tcn,20260930,baron,1500,1610,572,354,1728,1156,558
europe,30,capped_empirical,1.0,timely_equal_tcn,20260930,dragon,1500,5578,1384,860,2384,1000,1834
europe,30,capped_empirical,1.0,timely_equal_tcn,20260930,teamfight,1500,9978,617,375,1789,1172,3351
europe,30,capped_empirical,1.0,timely_equal_tcn,20261001,baron,1500,1610,575,362,1775,1200,558
europe,30,capped_empirical,1.0,timely_equal_tcn,20261001,dragon,1500,5578,1361,849,2300,939,1834
europe,30,capped_empirical,1.0,timely_equal_tcn,20261001,teamfight,1500,9978,585,357,1764,1179,3351
europe,30,capped_empirical,1.0,timely_equal_tcn,20261002,baron,1500,1610,562,347,1749,1187,558
europe,30,capped_empirical,1.0,timely_equal_tcn,20261002,dragon,1500,5578,1342,858,2331,989,1834
europe,30,capped_empirical,1.0,timely_equal_tcn,20261002,teamfight,1500,9978,615,367,1775,1160,3351
europe,60,capped_empirical,0.25,timely_equal_tcn,20260930,baron,1500,1610,248,137,501,253,1048
europe,60,capped_empirical,0.25,timely_equal_tcn,20260930,dragon,1500,5578,718,640,981,263,3749
europe,60,capped_empirical,0.25,timely_equal_tcn,20260930,teamfight,1500,9978,254,205,510,256,6630
europe,60,capped_empirical,0.25,timely_equal_tcn,20261001,baron,1500,1610,240,128,464,224,1048
europe,60,capped_empirical,0.25,timely_equal_tcn,20261001,dragon,1500,5578,658,597,891,233,3749
europe,60,capped_empirical,0.25,timely_equal_tcn,20261001,teamfight,1500,9978,228,191,476,248,6630
europe,60,capped_empirical,0.25,timely_equal_tcn,20261002,baron,1500,1610,240,143,516,276,1048
europe,60,capped_empirical,0.25,timely_equal_tcn,20261002,dragon,1500,5578,692,632,945,253,3749
europe,60,capped_empirical,0.25,timely_equal_tcn,20261002,teamfight,1500,9978,254,204,495,241,6630
europe,60,capped_empirical,0.5,timely_equal_tcn,20260930,baron,1500,1610,448,250,982,534,1048
europe,60,capped_empirical,0.5,timely_equal_tcn,20260930,dragon,1500,5578,1205,1046,1733,528,3749
europe,60,capped_empirical,0.5,timely_equal_tcn,20260930,teamfight,1500,9978,478,375,983,505,6630
europe,60,capped_empirical,0.5,timely_equal_tcn,20261001,baron,1500,1610,432,236,902,470,1048
europe,60,capped_empirical,0.5,timely_equal_tcn,20261001,dragon,1500,5578,1240,1068,1766,526,3749
europe,60,capped_empirical,0.5,timely_equal_tcn,20261001,teamfight,1500,9978,463,376,1010,547,6630
europe,60,capped_empirical,0.5,timely_equal_tcn,20261002,baron,1500,1610,417,250,974,557,1048
europe,60,capped_empirical,0.5,timely_equal_tcn,20261002,dragon,1500,5578,1206,1076,1802,596,3749
europe,60,capped_empirical,0.5,timely_equal_tcn,20261002,teamfight,1500,9978,504,393,1060,556,6630
europe,60,capped_empirical,0.75,timely_equal_tcn,20260930,baron,1500,1610,608,352,1406,798,1048
europe,60,capped_empirical,0.75,timely_equal_tcn,20260930,dragon,1500,5578,1652,1365,2408,756,3749
europe,60,capped_empirical,0.75,timely_equal_tcn,20260930,teamfight,1500,9978,755,582,1592,837,6630
europe,60,capped_empirical,0.75,timely_equal_tcn,20261001,baron,1500,1610,645,369,1439,794,1048
europe,60,capped_empirical,0.75,timely_equal_tcn,20261001,dragon,1500,5578,1677,1387,2455,778,3749
europe,60,capped_empirical,0.75,timely_equal_tcn,20261001,teamfight,1500,9978,709,563,1522,813,6630
europe,60,capped_empirical,0.75,timely_equal_tcn,20261002,baron,1500,1610,576,346,1397,821,1048
europe,60,capped_empirical,0.75,timely_equal_tcn,20261002,dragon,1500,5578,1621,1396,2466,845,3749
europe,60,capped_empirical,0.75,timely_equal_tcn,20261002,teamfight,1500,9978,764,581,1592,828,6630
europe,60,capped_empirical,1.0,timely_equal_tcn,20260930,baron,1500,1610,751,443,1814,1063,1048
europe,60,capped_empirical,1.0,timely_equal_tcn,20260930,dragon,1500,5578,2066,1626,3039,973,3749
europe,60,capped_empirical,1.0,timely_equal_tcn,20260930,teamfight,1500,9978,954,731,2077,1123,6630
europe,60,capped_empirical,1.0,timely_equal_tcn,20261001,baron,1500,1610,790,454,1858,1068,1048
europe,60,capped_empirical,1.0,timely_equal_tcn,20261001,dragon,1500,5578,2043,1608,3006,963,3749
europe,60,capped_empirical,1.0,timely_equal_tcn,20261001,teamfight,1500,9978,974,758,2115,1141,6630
europe,60,capped_empirical,1.0,timely_equal_tcn,20261002,baron,1500,1610,730,434,1795,1065,1048
europe,60,capped_empirical,1.0,timely_equal_tcn,20261002,dragon,1500,5578,2008,1635,3050,1042,3749
europe,60,capped_empirical,1.0,timely_equal_tcn,20261002,teamfight,1500,9978,980,724,2086,1106,6630
europe,30,capped_empirical,0.25,timely_equal_gru,20260930,baron,1500,1610,199,112,433,234,558
europe,30,capped_empirical,0.25,timely_equal_gru,20260930,dragon,1500,5578,19,19,259,240,1834
europe,30,capped_empirical,0.25,timely_equal_gru,20260930,teamfight,1500,9978,135,89,402,267,3351
europe,30,capped_empirical,0.25,timely_equal_gru,20261001,baron,1500,1610,201,113,449,248,558
europe,30,capped_empirical,0.25,timely_equal_gru,20261001,dragon,1500,5578,18,18,299,281,1834
europe,30,capped_empirical,0.25,timely_equal_gru,20261001,teamfight,1500,9978,136,89,401,265,3351
europe,30,capped_empirical,0.25,timely_equal_gru,20261002,baron,1500,1610,168,97,388,220,558
europe,30,capped_empirical,0.25,timely_equal_gru,20261002,dragon,1500,5578,24,24,307,283,1834
europe,30,capped_empirical,0.25,timely_equal_gru,20261002,teamfight,1500,9978,117,85,384,267,3351
europe,30,capped_empirical,0.5,timely_equal_gru,20260930,baron,1500,1610,308,186,854,546,558
europe,30,capped_empirical,0.5,timely_equal_gru,20260930,dragon,1500,5578,84,84,730,646,1834
europe,30,capped_empirical,0.5,timely_equal_gru,20260930,teamfight,1500,9978,239,161,762,523,3351
europe,30,capped_empirical,0.5,timely_equal_gru,20261001,baron,1500,1610,342,204,886,544,558
europe,30,capped_empirical,0.5,timely_equal_gru,20261001,dragon,1500,5578,100,99,766,666,1834
europe,30,capped_empirical,0.5,timely_equal_gru,20261001,teamfight,1500,9978,266,178,833,567,3351
europe,30,capped_empirical,0.5,timely_equal_gru,20261002,baron,1500,1610,251,150,766,515,558
europe,30,capped_empirical,0.5,timely_equal_gru,20261002,dragon,1500,5578,95,94,691,596,1834
europe,30,capped_empirical,0.5,timely_equal_gru,20261002,teamfight,1500,9978,219,148,769,550,3351
europe,30,capped_empirical,0.75,timely_equal_gru,20260930,baron,1500,1610,381,238,1201,820,558
europe,30,capped_empirical,0.75,timely_equal_gru,20260930,dragon,1500,5578,161,160,1163,1002,1834
europe,30,capped_empirical,0.75,timely_equal_gru,20260930,teamfight,1500,9978,352,239,1205,853,3351
europe,30,capped_empirical,0.75,timely_equal_gru,20261001,baron,1500,1610,401,246,1227,826,558
europe,30,capped_empirical,0.75,timely_equal_gru,20261001,dragon,1500,5578,176,174,1186,1010,1834
europe,30,capped_empirical,0.75,timely_equal_gru,20261001,teamfight,1500,9978,361,236,1221,860,3351
europe,30,capped_empirical,0.75,timely_equal_gru,20261002,baron,1500,1610,319,192,1143,824,558
europe,30,capped_empirical,0.75,timely_equal_gru,20261002,dragon,1500,5578,176,171,1192,1016,1834
europe,30,capped_empirical,0.75,timely_equal_gru,20261002,teamfight,1500,9978,309,209,1143,834,3351
europe,30,capped_empirical,1.0,timely_equal_gru,20260930,baron,1500,1610,441,279,1619,1178,558
europe,30,capped_empirical,1.0,timely_equal_gru,20260930,dragon,1500,5578,290,261,1619,1329,1834
europe,30,capped_empirical,1.0,timely_equal_gru,20260930,teamfight,1500,9978,461,302,1686,1225,3351
europe,30,capped_empirical,1.0,timely_equal_gru,20261001,baron,1500,1610,461,284,1625,1164,558
europe,30,capped_empirical,1.0,timely_equal_gru,20261001,dragon,1500,5578,282,261,1624,1342,1834
europe,30,capped_empirical,1.0,timely_equal_gru,20261001,teamfight,1500,9978,448,297,1606,1158,3351
europe,30,capped_empirical,1.0,timely_equal_gru,20261002,baron,1500,1610,378,232,1556,1178,558
europe,30,capped_empirical,1.0,timely_equal_gru,20261002,dragon,1500,5578,308,269,1673,1365,1834
europe,30,capped_empirical,1.0,timely_equal_gru,20261002,teamfight,1500,9978,410,271,1615,1205,3351
europe,60,capped_empirical,0.25,timely_equal_gru,20260930,baron,1500,1610,193,104,432,239,1048
europe,60,capped_empirical,0.25,timely_equal_gru,20260930,dragon,1500,5578,72,72,374,302,3749
europe,60,capped_empirical,0.25,timely_equal_gru,20260930,teamfight,1500,9978,230,195,515,285,6630
europe,60,capped_empirical,0.25,timely_equal_gru,20261001,baron,1500,1610,248,123,483,235,1048
europe,60,capped_empirical,0.25,timely_equal_gru,20261001,dragon,1500,5578,61,61,373,312,3749
europe,60,capped_empirical,0.25,timely_equal_gru,20261001,teamfight,1500,9978,217,189,504,287,6630
europe,60,capped_empirical,0.25,timely_equal_gru,20261002,baron,1500,1610,147,83,371,224,1048
europe,60,capped_empirical,0.25,timely_equal_gru,20261002,dragon,1500,5578,90,90,382,292,3749
europe,60,capped_empirical,0.25,timely_equal_gru,20261002,teamfight,1500,9978,195,167,467,272,6630
europe,60,capped_empirical,0.5,timely_equal_gru,20260930,baron,1500,1610,387,206,889,502,1048
europe,60,capped_empirical,0.5,timely_equal_gru,20260930,dragon,1500,5578,174,174,878,704,3749
europe,60,capped_empirical,0.5,timely_equal_gru,20260930,teamfight,1500,9978,411,334,987,576,6630
europe,60,capped_empirical,0.5,timely_equal_gru,20261001,baron,1500,1610,419,221,916,497,1048
europe,60,capped_empirical,0.5,timely_equal_gru,20261001,dragon,1500,5578,163,163,852,689,3749
europe,60,capped_empirical,0.5,timely_equal_gru,20261001,teamfight,1500,9978,402,332,983,581,6630
europe,60,capped_empirical,0.5,timely_equal_gru,20261002,baron,1500,1610,292,170,767,475,1048
europe,60,capped_empirical,0.5,timely_equal_gru,20261002,dragon,1500,5578,216,216,930,714,3749
europe,60,capped_empirical,0.5,timely_equal_gru,20261002,teamfight,1500,9978,367,297,946,579,6630
europe,60,capped_empirical,0.75,timely_equal_gru,20260930,baron,1500,1610,532,298,1326,794,1048
europe,60,capped_empirical,0.75,timely_equal_gru,20260930,dragon,1500,5578,273,273,1298,1025,3749
europe,60,capped_empirical,0.75,timely_equal_gru,20260930,teamfight,1500,9978,628,497,1577,949,6630
europe,60,capped_empirical,0.75,timely_equal_gru,20261001,baron,1500,1610,563,295,1291,728,1048
europe,60,capped_empirical,0.75,timely_equal_gru,20261001,dragon,1500,5578,265,265,1316,1051,3749
europe,60,capped_empirical,0.75,timely_equal_gru,20261001,teamfight,1500,9978,576,473,1469,893,6630
europe,60,capped_empirical,0.75,timely_equal_gru,20261002,baron,1500,1610,435,264,1223,788,1048
europe,60,capped_empirical,0.75,timely_equal_gru,20261002,dragon,1500,5578,326,326,1359,1033,3749
europe,60,capped_empirical,0.75,timely_equal_gru,20261002,teamfight,1500,9978,543,434,1419,876,6630
europe,60,capped_empirical,1.0,timely_equal_gru,20260930,baron,1500,1610,676,397,1775,1099,1048
europe,60,capped_empirical,1.0,timely_equal_gru,20260930,dragon,1500,5578,413,413,1858,1445,3749
europe,60,capped_empirical,1.0,timely_equal_gru,20260930,teamfight,1500,9978,774,617,1977,1203,6630
europe,60,capped_empirical,1.0,timely_equal_gru,20261001,baron,1500,1610,696,388,1763,1067,1048
europe,60,capped_empirical,1.0,timely_equal_gru,20261001,dragon,1500,5578,416,416,1876,1460,3749
europe,60,capped_empirical,1.0,timely_equal_gru,20261001,teamfight,1500,9978,760,612,1924,1164,6630
europe,60,capped_empirical,1.0,timely_equal_gru,20261002,baron,1500,1610,571,351,1674,1103,1048
europe,60,capped_empirical,1.0,timely_equal_gru,20261002,dragon,1500,5578,469,469,1930,1461,3749
europe,60,capped_empirical,1.0,timely_equal_gru,20261002,teamfight,1500,9978,737,589,1938,1201,6630
europe,30,capped_empirical,0.25,timely_independent,20260930,baron,1500,1610,274,150,486,212,558
europe,30,capped_empirical,0.25,timely_independent,20260930,dragon,1500,5578,381,279,664,283,1834
europe,30,capped_empirical,0.25,timely_independent,20260930,teamfight,1500,9978,182,113,461,279,3351
europe,30,capped_empirical,0.25,timely_independent,20261001,baron,1500,1610,319,170,552,233,558
europe,30,capped_empirical,0.25,timely_independent,20261001,dragon,1500,5578,359,284,679,320,1834
europe,30,capped_empirical,0.25,timely_independent,20261001,teamfight,1500,9978,178,113,422,244,3351
europe,30,capped_empirical,0.25,timely_independent,20261002,baron,1500,1610,306,173,529,223,558
europe,30,capped_empirical,0.25,timely_independent,20261002,dragon,1500,5578,338,257,612,274,1834
europe,30,capped_empirical,0.25,timely_independent,20261002,teamfight,1500,9978,175,118,452,277,3351
europe,30,capped_empirical,0.5,timely_independent,20260930,baron,1500,1610,430,255,956,526,558
europe,30,capped_empirical,0.5,timely_independent,20260930,dragon,1500,5578,677,463,1215,538,1834
europe,30,capped_empirical,0.5,timely_independent,20260930,teamfight,1500,9978,361,221,917,556,3351
europe,30,capped_empirical,0.5,timely_independent,20261001,baron,1500,1610,440,261,985,545,558
europe,30,capped_empirical,0.5,timely_independent,20261001,dragon,1500,5578,655,470,1214,559,1834
europe,30,capped_empirical,0.5,timely_independent,20261001,teamfight,1500,9978,350,219,898,548,3351
europe,30,capped_empirical,0.5,timely_independent,20261002,baron,1500,1610,438,263,969,531,558
europe,30,capped_empirical,0.5,timely_independent,20261002,dragon,1500,5578,672,468,1203,531,1834
europe,30,capped_empirical,0.5,timely_independent,20261002,teamfight,1500,9978,317,212,840,523,3351
europe,30,capped_empirical,0.75,timely_independent,20260930,baron,1500,1610,513,314,1359,846,558
europe,30,capped_empirical,0.75,timely_independent,20260930,dragon,1500,5578,991,660,1745,754,1834
europe,30,capped_empirical,0.75,timely_independent,20260930,teamfight,1500,9978,489,306,1351,862,3351
europe,30,capped_empirical,0.75,timely_independent,20261001,baron,1500,1610,501,309,1335,834,558
europe,30,capped_empirical,0.75,timely_independent,20261001,dragon,1500,5578,957,656,1731,774,1834
europe,30,capped_empirical,0.75,timely_independent,20261001,teamfight,1500,9978,482,298,1373,891,3351
europe,30,capped_empirical,0.75,timely_independent,20261002,baron,1500,1610,510,318,1353,843,558
europe,30,capped_empirical,0.75,timely_independent,20261002,dragon,1500,5578,980,666,1751,771,1834
europe,30,capped_empirical,0.75,timely_independent,20261002,teamfight,1500,9978,478,307,1314,836,3351
europe,30,capped_empirical,1.0,timely_independent,20260930,baron,1500,1610,571,362,1737,1166,558
europe,30,capped_empirical,1.0,timely_independent,20260930,dragon,1500,5578,1296,832,2285,989,1834
europe,30,capped_empirical,1.0,timely_independent,20260930,teamfight,1500,9978,643,390,1800,1157,3351
europe,30,capped_empirical,1.0,timely_independent,20261001,baron,1500,1610,578,363,1808,1230,558
europe,30,capped_empirical,1.0,timely_independent,20261001,dragon,1500,5578,1281,838,2308,1027,1834
europe,30,capped_empirical,1.0,timely_independent,20261001,teamfight,1500,9978,626,388,1843,1217,3351
europe,30,capped_empirical,1.0,timely_independent,20261002,baron,1500,1610,568,353,1765,1197,558
europe,30,capped_empirical,1.0,timely_independent,20261002,dragon,1500,5578,1283,836,2333,1050,1834
europe,30,capped_empirical,1.0,timely_independent,20261002,teamfight,1500,9978,602,373,1737,1135,3351
europe,60,capped_empirical,0.25,timely_independent,20260930,baron,1500,1610,240,150,463,223,1048
europe,60,capped_empirical,0.25,timely_independent,20260930,dragon,1500,5578,690,627,948,258,3749
europe,60,capped_empirical,0.25,timely_independent,20260930,teamfight,1500,9978,253,203,492,239,6630
europe,60,capped_empirical,0.25,timely_independent,20261001,baron,1500,1610,274,172,516,242,1048
europe,60,capped_empirical,0.25,timely_independent,20261001,dragon,1500,5578,648,609,916,268,3749
europe,60,capped_empirical,0.25,timely_independent,20261001,teamfight,1500,9978,266,211,528,262,6630
europe,60,capped_empirical,0.25,timely_independent,20261002,baron,1500,1610,258,176,543,285,1048
europe,60,capped_empirical,0.25,timely_independent,20261002,dragon,1500,5578,696,637,968,272,3749
europe,60,capped_empirical,0.25,timely_independent,20261002,teamfight,1500,9978,276,221,542,266,6630
europe,60,capped_empirical,0.5,timely_independent,20260930,baron,1500,1610,456,289,1006,550,1048
europe,60,capped_empirical,0.5,timely_independent,20260930,dragon,1500,5578,1228,1064,1785,557,3749
europe,60,capped_empirical,0.5,timely_independent,20260930,teamfight,1500,9978,515,407,1030,515,6630
europe,60,capped_empirical,0.5,timely_independent,20261001,baron,1500,1610,484,301,991,507,1048
europe,60,capped_empirical,0.5,timely_independent,20261001,dragon,1500,5578,1209,1085,1795,586,3749
europe,60,capped_empirical,0.5,timely_independent,20261001,teamfight,1500,9978,544,437,1099,555,6630
europe,60,capped_empirical,0.5,timely_independent,20261002,baron,1500,1610,471,315,1041,570,1048
europe,60,capped_empirical,0.5,timely_independent,20261002,dragon,1500,5578,1202,1041,1758,556,3749
europe,60,capped_empirical,0.5,timely_independent,20261002,teamfight,1500,9978,511,409,1063,552,6630
europe,60,capped_empirical,0.75,timely_independent,20260930,baron,1500,1610,619,398,1428,809,1048
europe,60,capped_empirical,0.75,timely_independent,20260930,dragon,1500,5578,1607,1354,2380,773,3749
europe,60,capped_empirical,0.75,timely_independent,20260930,teamfight,1500,9978,737,568,1535,798,6630
europe,60,capped_empirical,0.75,timely_independent,20261001,baron,1500,1610,662,420,1489,827,1048
europe,60,capped_empirical,0.75,timely_independent,20261001,dragon,1500,5578,1640,1412,2498,858,3749
europe,60,capped_empirical,0.75,timely_independent,20261001,teamfight,1500,9978,722,573,1577,855,6630
europe,60,capped_empirical,0.75,timely_independent,20261002,baron,1500,1610,610,407,1443,833,1048
europe,60,capped_empirical,0.75,timely_independent,20261002,dragon,1500,5578,1630,1359,2410,780,3749
europe,60,capped_empirical,0.75,timely_independent,20261002,teamfight,1500,9978,715,563,1528,813,6630
europe,60,capped_empirical,1.0,timely_independent,20260930,baron,1500,1610,778,493,1887,1109,1048
europe,60,capped_empirical,1.0,timely_independent,20260930,dragon,1500,5578,2019,1620,3031,1012,3749
europe,60,capped_empirical,1.0,timely_independent,20260930,teamfight,1500,9978,981,744,2148,1167,6630
europe,60,capped_empirical,1.0,timely_independent,20261001,baron,1500,1610,807,508,1953,1146,1048
europe,60,capped_empirical,1.0,timely_independent,20261001,dragon,1500,5578,1994,1648,3071,1077,3749
europe,60,capped_empirical,1.0,timely_independent,20261001,teamfight,1500,9978,961,740,2157,1196,6630
europe,60,capped_empirical,1.0,timely_independent,20261002,baron,1500,1610,752,503,1897,1145,1048
europe,60,capped_empirical,1.0,timely_independent,20261002,dragon,1500,5578,2005,1597,3014,1009,3749
europe,60,capped_empirical,1.0,timely_independent,20261002,teamfight,1500,9978,955,731,2116,1161,6630
europe,30,capped_empirical,0.25,timely_leagueews,20260930,baron,1500,1610,310,170,534,224,558
europe,30,capped_empirical,0.25,timely_leagueews,20260930,dragon,1500,5578,402,287,674,272,1834
europe,30,capped_empirical,0.25,timely_leagueews,20260930,teamfight,1500,9978,187,117,461,274,3351
europe,30,capped_empirical,0.25,timely_leagueews,20261001,baron,1500,1610,313,169,520,207,558
europe,30,capped_empirical,0.25,timely_leagueews,20261001,dragon,1500,5578,365,276,625,260,1834
europe,30,capped_empirical,0.25,timely_leagueews,20261001,teamfight,1500,9978,181,116,453,272,3351
europe,30,capped_empirical,0.25,timely_leagueews,20261002,baron,1500,1610,302,163,488,186,558
europe,30,capped_empirical,0.25,timely_leagueews,20261002,dragon,1500,5578,383,286,634,251,1834
europe,30,capped_empirical,0.25,timely_leagueews,20261002,teamfight,1500,9978,172,111,421,249,3351
europe,30,capped_empirical,0.5,timely_leagueews,20260930,baron,1500,1610,429,245,951,522,558
europe,30,capped_empirical,0.5,timely_leagueews,20260930,dragon,1500,5578,706,474,1193,487,1834
europe,30,capped_empirical,0.5,timely_leagueews,20260930,teamfight,1500,9978,338,213,903,565,3351
europe,30,capped_empirical,0.5,timely_leagueews,20261001,baron,1500,1610,433,253,978,545,558
europe,30,capped_empirical,0.5,timely_leagueews,20261001,dragon,1500,5578,677,466,1183,506,1834
europe,30,capped_empirical,0.5,timely_leagueews,20261001,teamfight,1500,9978,339,220,889,550,3351
europe,30,capped_empirical,0.5,timely_leagueews,20261002,baron,1500,1610,419,236,944,525,558
europe,30,capped_empirical,0.5,timely_leagueews,20261002,dragon,1500,5578,693,470,1193,500,1834
europe,30,capped_empirical,0.5,timely_leagueews,20261002,teamfight,1500,9978,328,210,871,543,3351
europe,30,capped_empirical,0.75,timely_leagueews,20260930,baron,1500,1610,516,311,1372,856,558
europe,30,capped_empirical,0.75,timely_leagueews,20260930,dragon,1500,5578,1013,659,1718,705,1834
europe,30,capped_empirical,0.75,timely_leagueews,20260930,teamfight,1500,9978,488,307,1320,832,3351
europe,30,capped_empirical,0.75,timely_leagueews,20261001,baron,1500,1610,512,306,1378,866,558
europe,30,capped_empirical,0.75,timely_leagueews,20261001,dragon,1500,5578,1047,698,1796,749,1834
europe,30,capped_empirical,0.75,timely_leagueews,20261001,teamfight,1500,9978,487,312,1373,886,3351
europe,30,capped_empirical,0.75,timely_leagueews,20261002,baron,1500,1610,504,300,1342,838,558
europe,30,capped_empirical,0.75,timely_leagueews,20261002,dragon,1500,5578,997,653,1717,720,1834
europe,30,capped_empirical,0.75,timely_leagueews,20261002,teamfight,1500,9978,482,301,1369,887,3351
europe,30,capped_empirical,1.0,timely_leagueews,20260930,baron,1500,1610,567,352,1762,1195,558
europe,30,capped_empirical,1.0,timely_leagueews,20260930,dragon,1500,5578,1320,834,2265,945,1834
europe,30,capped_empirical,1.0,timely_leagueews,20260930,teamfight,1500,9978,594,369,1741,1147,3351
europe,30,capped_empirical,1.0,timely_leagueews,20261001,baron,1500,1610,551,338,1718,1167,558
europe,30,capped_empirical,1.0,timely_leagueews,20261001,dragon,1500,5578,1372,894,2387,1015,1834
europe,30,capped_empirical,1.0,timely_leagueews,20261001,teamfight,1500,9978,614,391,1806,1192,3351
europe,30,capped_empirical,1.0,timely_leagueews,20261002,baron,1500,1610,568,345,1757,1189,558
europe,30,capped_empirical,1.0,timely_leagueews,20261002,dragon,1500,5578,1335,861,2308,973,1834
europe,30,capped_empirical,1.0,timely_leagueews,20261002,teamfight,1500,9978,599,377,1778,1179,3351
europe,60,capped_empirical,0.25,timely_leagueews,20260930,baron,1500,1610,274,147,527,253,1048
europe,60,capped_empirical,0.25,timely_leagueews,20260930,dragon,1500,5578,661,614,933,272,3749
europe,60,capped_empirical,0.25,timely_leagueews,20260930,teamfight,1500,9978,274,220,520,246,6630
europe,60,capped_empirical,0.25,timely_leagueews,20261001,baron,1500,1610,246,133,478,232,1048
europe,60,capped_empirical,0.25,timely_leagueews,20261001,dragon,1500,5578,638,597,901,263,3749
europe,60,capped_empirical,0.25,timely_leagueews,20261001,teamfight,1500,9978,277,218,535,258,6630
europe,60,capped_empirical,0.25,timely_leagueews,20261002,baron,1500,1610,222,132,502,280,1048
europe,60,capped_empirical,0.25,timely_leagueews,20261002,dragon,1500,5578,634,591,895,261,3749
europe,60,capped_empirical,0.25,timely_leagueews,20261002,teamfight,1500,9978,278,223,520,242,6630
europe,60,capped_empirical,0.5,timely_leagueews,20260930,baron,1500,1610,466,258,991,525,1048
europe,60,capped_empirical,0.5,timely_leagueews,20260930,dragon,1500,5578,1193,1054,1729,536,3749
europe,60,capped_empirical,0.5,timely_leagueews,20260930,teamfight,1500,9978,514,414,1072,558,6630
europe,60,capped_empirical,0.5,timely_leagueews,20261001,baron,1500,1610,465,265,998,533,1048
europe,60,capped_empirical,0.5,timely_leagueews,20261001,dragon,1500,5578,1200,1067,1760,560,3749
europe,60,capped_empirical,0.5,timely_leagueews,20261001,teamfight,1500,9978,496,403,1023,527,6630
europe,60,capped_empirical,0.5,timely_leagueews,20261002,baron,1500,1610,430,261,1009,579,1048
europe,60,capped_empirical,0.5,timely_leagueews,20261002,dragon,1500,5578,1190,1061,1751,561,3749
europe,60,capped_empirical,0.5,timely_leagueews,20261002,teamfight,1500,9978,510,408,1034,524,6630
europe,60,capped_empirical,0.75,timely_leagueews,20260930,baron,1500,1610,656,369,1462,806,1048
europe,60,capped_empirical,0.75,timely_leagueews,20260930,dragon,1500,5578,1673,1409,2488,815,3749
europe,60,capped_empirical,0.75,timely_leagueews,20260930,teamfight,1500,9978,730,569,1559,829,6630
europe,60,capped_empirical,0.75,timely_leagueews,20261001,baron,1500,1610,622,353,1437,815,1048
europe,60,capped_empirical,0.75,timely_leagueews,20261001,dragon,1500,5578,1629,1386,2465,836,3749
europe,60,capped_empirical,0.75,timely_leagueews,20261001,teamfight,1500,9978,746,581,1590,844,6630
europe,60,capped_empirical,0.75,timely_leagueews,20261002,baron,1500,1610,600,358,1434,834,1048
europe,60,capped_empirical,0.75,timely_leagueews,20261002,dragon,1500,5578,1673,1420,2508,835,3749
europe,60,capped_empirical,0.75,timely_leagueews,20261002,teamfight,1500,9978,748,581,1629,881,6630
europe,60,capped_empirical,1.0,timely_leagueews,20260930,baron,1500,1610,779,443,1849,1070,1048
europe,60,capped_empirical,1.0,timely_leagueews,20260930,dragon,1500,5578,2071,1655,3088,1017,3749
europe,60,capped_empirical,1.0,timely_leagueews,20260930,teamfight,1500,9978,993,762,2122,1129,6630
europe,60,capped_empirical,1.0,timely_leagueews,20261001,baron,1500,1610,770,443,1882,1112,1048
europe,60,capped_empirical,1.0,timely_leagueews,20261001,dragon,1500,5578,2063,1672,3148,1085,3749
europe,60,capped_empirical,1.0,timely_leagueews,20261001,teamfight,1500,9978,937,723,2046,1109,6630
europe,60,capped_empirical,1.0,timely_leagueews,20261002,baron,1500,1610,738,444,1864,1126,1048
europe,60,capped_empirical,1.0,timely_leagueews,20261002,dragon,1500,5578,2039,1648,3070,1031,3749
europe,60,capped_empirical,1.0,timely_leagueews,20261002,teamfight,1500,9978,962,730,2066,1104,6630
europe,30,capped_sequence,0.25,timely_equal_sum,20260930,baron,1500,1610,318,172,521,203,558
europe,30,capped_sequence,0.25,timely_equal_sum,20260930,dragon,1500,5578,403,304,669,266,1834
europe,30,capped_sequence,0.25,timely_equal_sum,20260930,teamfight,1500,9978,182,115,445,263,3351
europe,30,capped_sequence,0.25,timely_equal_sum,20261001,baron,1500,1610,326,173,533,207,558
europe,30,capped_sequence,0.25,timely_equal_sum,20261001,dragon,1500,5578,373,276,633,260,1834
europe,30,capped_sequence,0.25,timely_equal_sum,20261001,teamfight,1500,9978,181,116,444,263,3351
europe,30,capped_sequence,0.25,timely_equal_sum,20261002,baron,1500,1610,313,170,528,215,558
europe,30,capped_sequence,0.25,timely_equal_sum,20261002,dragon,1500,5578,405,294,644,239,1834
europe,30,capped_sequence,0.25,timely_equal_sum,20261002,teamfight,1500,9978,184,111,445,261,3351
europe,30,capped_sequence,0.5,timely_equal_sum,20260930,baron,1500,1610,446,258,960,514,558
europe,30,capped_sequence,0.5,timely_equal_sum,20260930,dragon,1500,5578,736,497,1232,496,1834
europe,30,capped_sequence,0.5,timely_equal_sum,20260930,teamfight,1500,9978,340,211,909,569,3351
europe,30,capped_sequence,0.5,timely_equal_sum,20261001,baron,1500,1610,451,257,967,516,558
europe,30,capped_sequence,0.5,timely_equal_sum,20261001,dragon,1500,5578,722,500,1224,502,1834
europe,30,capped_sequence,0.5,timely_equal_sum,20261001,teamfight,1500,9978,334,204,869,535,3351
europe,30,capped_sequence,0.5,timely_equal_sum,20261002,baron,1500,1610,448,259,976,528,558
europe,30,capped_sequence,0.5,timely_equal_sum,20261002,dragon,1500,5578,713,482,1209,496,1834
europe,30,capped_sequence,0.5,timely_equal_sum,20261002,teamfight,1500,9978,354,214,923,569,3351
europe,30,capped_sequence,0.75,timely_equal_sum,20260930,baron,1500,1610,538,323,1364,826,558
europe,30,capped_sequence,0.75,timely_equal_sum,20260930,dragon,1500,5578,1036,668,1738,702,1834
europe,30,capped_sequence,0.75,timely_equal_sum,20260930,teamfight,1500,9978,496,307,1353,857,3351
europe,30,capped_sequence,0.75,timely_equal_sum,20261001,baron,1500,1610,528,317,1363,835,558
europe,30,capped_sequence,0.75,timely_equal_sum,20261001,dragon,1500,5578,1034,678,1754,720,1834
europe,30,capped_sequence,0.75,timely_equal_sum,20261001,teamfight,1500,9978,484,294,1368,884,3351
europe,30,capped_sequence,0.75,timely_equal_sum,20261002,baron,1500,1610,522,319,1401,879,558
europe,30,capped_sequence,0.75,timely_equal_sum,20261002,dragon,1500,5578,1061,698,1807,746,1834
europe,30,capped_sequence,0.75,timely_equal_sum,20261002,teamfight,1500,9978,498,306,1342,844,3351
europe,30,capped_sequence,1.0,timely_equal_sum,20260930,baron,1500,1610,576,354,1773,1197,558
europe,30,capped_sequence,1.0,timely_equal_sum,20260930,dragon,1500,5578,1355,864,2344,989,1834
europe,30,capped_sequence,1.0,timely_equal_sum,20260930,teamfight,1500,9978,600,375,1725,1125,3351
europe,30,capped_sequence,1.0,timely_equal_sum,20261001,baron,1500,1610,576,359,1753,1177,558
europe,30,capped_sequence,1.0,timely_equal_sum,20261001,dragon,1500,5578,1365,877,2367,1002,1834
europe,30,capped_sequence,1.0,timely_equal_sum,20261001,teamfight,1500,9978,611,374,1727,1116,3351
europe,30,capped_sequence,1.0,timely_equal_sum,20261002,baron,1500,1610,586,363,1808,1222,558
europe,30,capped_sequence,1.0,timely_equal_sum,20261002,dragon,1500,5578,1350,866,2364,1014,1834
europe,30,capped_sequence,1.0,timely_equal_sum,20261002,teamfight,1500,9978,630,394,1770,1140,3351
europe,60,capped_sequence,0.25,timely_equal_sum,20260930,baron,1500,1610,249,146,466,217,1048
europe,60,capped_sequence,0.25,timely_equal_sum,20260930,dragon,1500,5578,660,609,928,268,3749
europe,60,capped_sequence,0.25,timely_equal_sum,20260930,teamfight,1500,9978,278,225,533,255,6630
europe,60,capped_sequence,0.25,timely_equal_sum,20261001,baron,1500,1610,253,151,507,254,1048
europe,60,capped_sequence,0.25,timely_equal_sum,20261001,dragon,1500,5578,652,608,905,253,3749
europe,60,capped_sequence,0.25,timely_equal_sum,20261001,teamfight,1500,9978,255,203,515,260,6630
europe,60,capped_sequence,0.25,timely_equal_sum,20261002,baron,1500,1610,261,161,556,295,1048
europe,60,capped_sequence,0.25,timely_equal_sum,20261002,dragon,1500,5578,656,614,939,283,3749
europe,60,capped_sequence,0.25,timely_equal_sum,20261002,teamfight,1500,9978,269,213,495,226,6630
europe,60,capped_sequence,0.5,timely_equal_sum,20260930,baron,1500,1610,472,276,992,520,1048
europe,60,capped_sequence,0.5,timely_equal_sum,20260930,dragon,1500,5578,1220,1061,1777,557,3749
europe,60,capped_sequence,0.5,timely_equal_sum,20260930,teamfight,1500,9978,526,415,1072,546,6630
europe,60,capped_sequence,0.5,timely_equal_sum,20261001,baron,1500,1610,451,275,961,510,1048
europe,60,capped_sequence,0.5,timely_equal_sum,20261001,dragon,1500,5578,1212,1068,1767,555,3749
europe,60,capped_sequence,0.5,timely_equal_sum,20261001,teamfight,1500,9978,513,408,1037,524,6630
europe,60,capped_sequence,0.5,timely_equal_sum,20261002,baron,1500,1610,449,279,1043,594,1048
europe,60,capped_sequence,0.5,timely_equal_sum,20261002,dragon,1500,5578,1170,1043,1712,542,3749
europe,60,capped_sequence,0.5,timely_equal_sum,20261002,teamfight,1500,9978,533,421,1047,514,6630
europe,60,capped_sequence,0.75,timely_equal_sum,20260930,baron,1500,1610,652,386,1479,827,1048
europe,60,capped_sequence,0.75,timely_equal_sum,20260930,dragon,1500,5578,1661,1398,2459,798,3749
europe,60,capped_sequence,0.75,timely_equal_sum,20260930,teamfight,1500,9978,748,570,1581,833,6630
europe,60,capped_sequence,0.75,timely_equal_sum,20261001,baron,1500,1610,617,368,1440,823,1048
europe,60,capped_sequence,0.75,timely_equal_sum,20261001,dragon,1500,5578,1632,1372,2417,785,3749
europe,60,capped_sequence,0.75,timely_equal_sum,20261001,teamfight,1500,9978,717,557,1500,783,6630
europe,60,capped_sequence,0.75,timely_equal_sum,20261002,baron,1500,1610,612,390,1464,852,1048
europe,60,capped_sequence,0.75,timely_equal_sum,20261002,dragon,1500,5578,1630,1394,2439,809,3749
europe,60,capped_sequence,0.75,timely_equal_sum,20261002,teamfight,1500,9978,798,612,1631,833,6630
europe,60,capped_sequence,1.0,timely_equal_sum,20260930,baron,1500,1610,797,485,1944,1147,1048
europe,60,capped_sequence,1.0,timely_equal_sum,20260930,dragon,1500,5578,2067,1646,3083,1016,3749
europe,60,capped_sequence,1.0,timely_equal_sum,20260930,teamfight,1500,9978,1016,768,2195,1179,6630
europe,60,capped_sequence,1.0,timely_equal_sum,20261001,baron,1500,1610,794,483,1934,1140,1048
europe,60,capped_sequence,1.0,timely_equal_sum,20261001,dragon,1500,5578,2078,1650,3083,1005,3749
europe,60,capped_sequence,1.0,timely_equal_sum,20261001,teamfight,1500,9978,991,740,2093,1102,6630
europe,60,capped_sequence,1.0,timely_equal_sum,20261002,baron,1500,1610,752,472,1913,1161,1048
europe,60,capped_sequence,1.0,timely_equal_sum,20261002,dragon,1500,5578,2035,1649,3077,1042,3749
europe,60,capped_sequence,1.0,timely_equal_sum,20261002,teamfight,1500,9978,1004,749,2134,1130,6630
europe,30,capped_sequence,0.25,timely_equal_tcn,20260930,baron,1500,1610,309,168,503,194,558
europe,30,capped_sequence,0.25,timely_equal_tcn,20260930,dragon,1500,5578,414,293,698,284,1834
europe,30,capped_sequence,0.25,timely_equal_tcn,20260930,teamfight,1500,9978,188,116,455,267,3351
europe,30,capped_sequence,0.25,timely_equal_tcn,20261001,baron,1500,1610,320,172,516,196,558
europe,30,capped_sequence,0.25,timely_equal_tcn,20261001,dragon,1500,5578,384,274,634,250,1834
europe,30,capped_sequence,0.25,timely_equal_tcn,20261001,teamfight,1500,9978,182,110,438,256,3351
europe,30,capped_sequence,0.25,timely_equal_tcn,20261002,baron,1500,1610,307,168,499,192,558
europe,30,capped_sequence,0.25,timely_equal_tcn,20261002,dragon,1500,5578,381,289,671,290,1834
europe,30,capped_sequence,0.25,timely_equal_tcn,20261002,teamfight,1500,9978,190,109,452,262,3351
europe,30,capped_sequence,0.5,timely_equal_tcn,20260930,baron,1500,1610,440,255,959,519,558
europe,30,capped_sequence,0.5,timely_equal_tcn,20260930,dragon,1500,5578,684,447,1145,461,1834
europe,30,capped_sequence,0.5,timely_equal_tcn,20260930,teamfight,1500,9978,350,222,911,561,3351
europe,30,capped_sequence,0.5,timely_equal_tcn,20261001,baron,1500,1610,448,264,995,547,558
europe,30,capped_sequence,0.5,timely_equal_tcn,20261001,dragon,1500,5578,722,464,1185,463,1834
europe,30,capped_sequence,0.5,timely_equal_tcn,20261001,teamfight,1500,9978,328,199,860,532,3351
europe,30,capped_sequence,0.5,timely_equal_tcn,20261002,baron,1500,1610,435,251,949,514,558
europe,30,capped_sequence,0.5,timely_equal_tcn,20261002,dragon,1500,5578,668,451,1152,484,1834
europe,30,capped_sequence,0.5,timely_equal_tcn,20261002,teamfight,1500,9978,356,216,927,571,3351
europe,30,capped_sequence,0.75,timely_equal_tcn,20260930,baron,1500,1610,519,318,1355,836,558
europe,30,capped_sequence,0.75,timely_equal_tcn,20260930,dragon,1500,5578,1053,668,1782,729,1834
europe,30,capped_sequence,0.75,timely_equal_tcn,20260930,teamfight,1500,9978,486,306,1317,831,3351
europe,30,capped_sequence,0.75,timely_equal_tcn,20261001,baron,1500,1610,520,319,1393,873,558
europe,30,capped_sequence,0.75,timely_equal_tcn,20261001,dragon,1500,5578,1069,666,1771,702,1834
europe,30,capped_sequence,0.75,timely_equal_tcn,20261001,teamfight,1500,9978,466,292,1321,855,3351
europe,30,capped_sequence,0.75,timely_equal_tcn,20261002,baron,1500,1610,515,315,1361,846,558
europe,30,capped_sequence,0.75,timely_equal_tcn,20261002,dragon,1500,5578,1054,672,1808,754,1834
europe,30,capped_sequence,0.75,timely_equal_tcn,20261002,teamfight,1500,9978,497,303,1357,860,3351
europe,30,capped_sequence,1.0,timely_equal_tcn,20260930,baron,1500,1610,572,354,1728,1156,558
europe,30,capped_sequence,1.0,timely_equal_tcn,20260930,dragon,1500,5578,1384,860,2384,1000,1834
europe,30,capped_sequence,1.0,timely_equal_tcn,20260930,teamfight,1500,9978,617,375,1789,1172,3351
europe,30,capped_sequence,1.0,timely_equal_tcn,20261001,baron,1500,1610,575,362,1775,1200,558
europe,30,capped_sequence,1.0,timely_equal_tcn,20261001,dragon,1500,5578,1361,849,2300,939,1834
europe,30,capped_sequence,1.0,timely_equal_tcn,20261001,teamfight,1500,9978,585,357,1764,1179,3351
europe,30,capped_sequence,1.0,timely_equal_tcn,20261002,baron,1500,1610,562,347,1749,1187,558
europe,30,capped_sequence,1.0,timely_equal_tcn,20261002,dragon,1500,5578,1342,858,2331,989,1834
europe,30,capped_sequence,1.0,timely_equal_tcn,20261002,teamfight,1500,9978,615,367,1775,1160,3351
europe,60,capped_sequence,0.25,timely_equal_tcn,20260930,baron,1500,1610,248,137,501,253,1048
europe,60,capped_sequence,0.25,timely_equal_tcn,20260930,dragon,1500,5578,718,640,981,263,3749
europe,60,capped_sequence,0.25,timely_equal_tcn,20260930,teamfight,1500,9978,254,205,510,256,6630
europe,60,capped_sequence,0.25,timely_equal_tcn,20261001,baron,1500,1610,240,128,464,224,1048
europe,60,capped_sequence,0.25,timely_equal_tcn,20261001,dragon,1500,5578,658,597,891,233,3749
europe,60,capped_sequence,0.25,timely_equal_tcn,20261001,teamfight,1500,9978,228,191,476,248,6630
europe,60,capped_sequence,0.25,timely_equal_tcn,20261002,baron,1500,1610,240,143,516,276,1048
europe,60,capped_sequence,0.25,timely_equal_tcn,20261002,dragon,1500,5578,692,632,945,253,3749
europe,60,capped_sequence,0.25,timely_equal_tcn,20261002,teamfight,1500,9978,254,204,495,241,6630
europe,60,capped_sequence,0.5,timely_equal_tcn,20260930,baron,1500,1610,448,250,982,534,1048
europe,60,capped_sequence,0.5,timely_equal_tcn,20260930,dragon,1500,5578,1205,1046,1733,528,3749
europe,60,capped_sequence,0.5,timely_equal_tcn,20260930,teamfight,1500,9978,478,375,983,505,6630
europe,60,capped_sequence,0.5,timely_equal_tcn,20261001,baron,1500,1610,432,236,902,470,1048
europe,60,capped_sequence,0.5,timely_equal_tcn,20261001,dragon,1500,5578,1240,1068,1766,526,3749
europe,60,capped_sequence,0.5,timely_equal_tcn,20261001,teamfight,1500,9978,463,376,1010,547,6630
europe,60,capped_sequence,0.5,timely_equal_tcn,20261002,baron,1500,1610,417,250,974,557,1048
europe,60,capped_sequence,0.5,timely_equal_tcn,20261002,dragon,1500,5578,1206,1076,1802,596,3749
europe,60,capped_sequence,0.5,timely_equal_tcn,20261002,teamfight,1500,9978,504,393,1060,556,6630
europe,60,capped_sequence,0.75,timely_equal_tcn,20260930,baron,1500,1610,608,352,1406,798,1048
europe,60,capped_sequence,0.75,timely_equal_tcn,20260930,dragon,1500,5578,1652,1365,2408,756,3749
europe,60,capped_sequence,0.75,timely_equal_tcn,20260930,teamfight,1500,9978,755,582,1592,837,6630
europe,60,capped_sequence,0.75,timely_equal_tcn,20261001,baron,1500,1610,645,369,1439,794,1048
europe,60,capped_sequence,0.75,timely_equal_tcn,20261001,dragon,1500,5578,1677,1387,2455,778,3749
europe,60,capped_sequence,0.75,timely_equal_tcn,20261001,teamfight,1500,9978,709,563,1522,813,6630
europe,60,capped_sequence,0.75,timely_equal_tcn,20261002,baron,1500,1610,576,346,1397,821,1048
europe,60,capped_sequence,0.75,timely_equal_tcn,20261002,dragon,1500,5578,1621,1396,2466,845,3749
europe,60,capped_sequence,0.75,timely_equal_tcn,20261002,teamfight,1500,9978,764,581,1592,828,6630
europe,60,capped_sequence,1.0,timely_equal_tcn,20260930,baron,1500,1610,751,443,1814,1063,1048
europe,60,capped_sequence,1.0,timely_equal_tcn,20260930,dragon,1500,5578,2066,1626,3039,973,3749
europe,60,capped_sequence,1.0,timely_equal_tcn,20260930,teamfight,1500,9978,954,731,2077,1123,6630
europe,60,capped_sequence,1.0,timely_equal_tcn,20261001,baron,1500,1610,790,454,1858,1068,1048
europe,60,capped_sequence,1.0,timely_equal_tcn,20261001,dragon,1500,5578,2043,1608,3006,963,3749
europe,60,capped_sequence,1.0,timely_equal_tcn,20261001,teamfight,1500,9978,974,758,2115,1141,6630
europe,60,capped_sequence,1.0,timely_equal_tcn,20261002,baron,1500,1610,730,434,1795,1065,1048
europe,60,capped_sequence,1.0,timely_equal_tcn,20261002,dragon,1500,5578,2008,1635,3050,1042,3749
europe,60,capped_sequence,1.0,timely_equal_tcn,20261002,teamfight,1500,9978,980,724,2086,1106,6630
europe,30,capped_sequence,0.25,timely_equal_gru,20260930,baron,1500,1610,199,112,433,234,558
europe,30,capped_sequence,0.25,timely_equal_gru,20260930,dragon,1500,5578,19,19,259,240,1834
europe,30,capped_sequence,0.25,timely_equal_gru,20260930,teamfight,1500,9978,135,89,402,267,3351
europe,30,capped_sequence,0.25,timely_equal_gru,20261001,baron,1500,1610,201,113,449,248,558
europe,30,capped_sequence,0.25,timely_equal_gru,20261001,dragon,1500,5578,18,18,299,281,1834
europe,30,capped_sequence,0.25,timely_equal_gru,20261001,teamfight,1500,9978,136,89,401,265,3351
europe,30,capped_sequence,0.25,timely_equal_gru,20261002,baron,1500,1610,168,97,388,220,558
europe,30,capped_sequence,0.25,timely_equal_gru,20261002,dragon,1500,5578,24,24,307,283,1834
europe,30,capped_sequence,0.25,timely_equal_gru,20261002,teamfight,1500,9978,117,85,384,267,3351
europe,30,capped_sequence,0.5,timely_equal_gru,20260930,baron,1500,1610,308,186,854,546,558
europe,30,capped_sequence,0.5,timely_equal_gru,20260930,dragon,1500,5578,84,84,730,646,1834
europe,30,capped_sequence,0.5,timely_equal_gru,20260930,teamfight,1500,9978,239,161,762,523,3351
europe,30,capped_sequence,0.5,timely_equal_gru,20261001,baron,1500,1610,342,204,886,544,558
europe,30,capped_sequence,0.5,timely_equal_gru,20261001,dragon,1500,5578,100,99,766,666,1834
europe,30,capped_sequence,0.5,timely_equal_gru,20261001,teamfight,1500,9978,266,178,833,567,3351
europe,30,capped_sequence,0.5,timely_equal_gru,20261002,baron,1500,1610,251,150,766,515,558
europe,30,capped_sequence,0.5,timely_equal_gru,20261002,dragon,1500,5578,95,94,691,596,1834
europe,30,capped_sequence,0.5,timely_equal_gru,20261002,teamfight,1500,9978,219,148,769,550,3351
europe,30,capped_sequence,0.75,timely_equal_gru,20260930,baron,1500,1610,381,238,1201,820,558
europe,30,capped_sequence,0.75,timely_equal_gru,20260930,dragon,1500,5578,161,160,1163,1002,1834
europe,30,capped_sequence,0.75,timely_equal_gru,20260930,teamfight,1500,9978,352,239,1205,853,3351
europe,30,capped_sequence,0.75,timely_equal_gru,20261001,baron,1500,1610,401,246,1227,826,558
europe,30,capped_sequence,0.75,timely_equal_gru,20261001,dragon,1500,5578,176,174,1186,1010,1834
europe,30,capped_sequence,0.75,timely_equal_gru,20261001,teamfight,1500,9978,361,236,1221,860,3351
europe,30,capped_sequence,0.75,timely_equal_gru,20261002,baron,1500,1610,319,192,1143,824,558
europe,30,capped_sequence,0.75,timely_equal_gru,20261002,dragon,1500,5578,176,171,1192,1016,1834
europe,30,capped_sequence,0.75,timely_equal_gru,20261002,teamfight,1500,9978,309,209,1143,834,3351
europe,30,capped_sequence,1.0,timely_equal_gru,20260930,baron,1500,1610,441,279,1619,1178,558
europe,30,capped_sequence,1.0,timely_equal_gru,20260930,dragon,1500,5578,290,261,1619,1329,1834
europe,30,capped_sequence,1.0,timely_equal_gru,20260930,teamfight,1500,9978,461,302,1686,1225,3351
europe,30,capped_sequence,1.0,timely_equal_gru,20261001,baron,1500,1610,461,284,1625,1164,558
europe,30,capped_sequence,1.0,timely_equal_gru,20261001,dragon,1500,5578,282,261,1624,1342,1834
europe,30,capped_sequence,1.0,timely_equal_gru,20261001,teamfight,1500,9978,448,297,1606,1158,3351
europe,30,capped_sequence,1.0,timely_equal_gru,20261002,baron,1500,1610,378,232,1556,1178,558
europe,30,capped_sequence,1.0,timely_equal_gru,20261002,dragon,1500,5578,308,269,1673,1365,1834
europe,30,capped_sequence,1.0,timely_equal_gru,20261002,teamfight,1500,9978,410,271,1615,1205,3351
europe,60,capped_sequence,0.25,timely_equal_gru,20260930,baron,1500,1610,193,104,432,239,1048
europe,60,capped_sequence,0.25,timely_equal_gru,20260930,dragon,1500,5578,72,72,374,302,3749
europe,60,capped_sequence,0.25,timely_equal_gru,20260930,teamfight,1500,9978,230,195,515,285,6630
europe,60,capped_sequence,0.25,timely_equal_gru,20261001,baron,1500,1610,248,123,483,235,1048
europe,60,capped_sequence,0.25,timely_equal_gru,20261001,dragon,1500,5578,61,61,373,312,3749
europe,60,capped_sequence,0.25,timely_equal_gru,20261001,teamfight,1500,9978,217,189,504,287,6630
europe,60,capped_sequence,0.25,timely_equal_gru,20261002,baron,1500,1610,147,83,371,224,1048
europe,60,capped_sequence,0.25,timely_equal_gru,20261002,dragon,1500,5578,90,90,382,292,3749
europe,60,capped_sequence,0.25,timely_equal_gru,20261002,teamfight,1500,9978,195,167,467,272,6630
europe,60,capped_sequence,0.5,timely_equal_gru,20260930,baron,1500,1610,387,206,889,502,1048
europe,60,capped_sequence,0.5,timely_equal_gru,20260930,dragon,1500,5578,174,174,878,704,3749
europe,60,capped_sequence,0.5,timely_equal_gru,20260930,teamfight,1500,9978,411,334,987,576,6630
europe,60,capped_sequence,0.5,timely_equal_gru,20261001,baron,1500,1610,419,221,916,497,1048
europe,60,capped_sequence,0.5,timely_equal_gru,20261001,dragon,1500,5578,163,163,852,689,3749
europe,60,capped_sequence,0.5,timely_equal_gru,20261001,teamfight,1500,9978,402,332,983,581,6630
europe,60,capped_sequence,0.5,timely_equal_gru,20261002,baron,1500,1610,292,170,767,475,1048
europe,60,capped_sequence,0.5,timely_equal_gru,20261002,dragon,1500,5578,216,216,930,714,3749
europe,60,capped_sequence,0.5,timely_equal_gru,20261002,teamfight,1500,9978,367,297,946,579,6630
europe,60,capped_sequence,0.75,timely_equal_gru,20260930,baron,1500,1610,532,298,1326,794,1048
europe,60,capped_sequence,0.75,timely_equal_gru,20260930,dragon,1500,5578,273,273,1298,1025,3749
europe,60,capped_sequence,0.75,timely_equal_gru,20260930,teamfight,1500,9978,628,497,1577,949,6630
europe,60,capped_sequence,0.75,timely_equal_gru,20261001,baron,1500,1610,563,295,1291,728,1048
europe,60,capped_sequence,0.75,timely_equal_gru,20261001,dragon,1500,5578,265,265,1316,1051,3749
europe,60,capped_sequence,0.75,timely_equal_gru,20261001,teamfight,1500,9978,576,473,1469,893,6630
europe,60,capped_sequence,0.75,timely_equal_gru,20261002,baron,1500,1610,435,264,1223,788,1048
europe,60,capped_sequence,0.75,timely_equal_gru,20261002,dragon,1500,5578,326,326,1359,1033,3749
europe,60,capped_sequence,0.75,timely_equal_gru,20261002,teamfight,1500,9978,543,434,1419,876,6630
europe,60,capped_sequence,1.0,timely_equal_gru,20260930,baron,1500,1610,676,397,1775,1099,1048
europe,60,capped_sequence,1.0,timely_equal_gru,20260930,dragon,1500,5578,413,413,1858,1445,3749
europe,60,capped_sequence,1.0,timely_equal_gru,20260930,teamfight,1500,9978,774,617,1977,1203,6630
europe,60,capped_sequence,1.0,timely_equal_gru,20261001,baron,1500,1610,696,388,1763,1067,1048
europe,60,capped_sequence,1.0,timely_equal_gru,20261001,dragon,1500,5578,416,416,1876,1460,3749
europe,60,capped_sequence,1.0,timely_equal_gru,20261001,teamfight,1500,9978,760,612,1924,1164,6630
europe,60,capped_sequence,1.0,timely_equal_gru,20261002,baron,1500,1610,571,351,1674,1103,1048
europe,60,capped_sequence,1.0,timely_equal_gru,20261002,dragon,1500,5578,469,469,1930,1461,3749
europe,60,capped_sequence,1.0,timely_equal_gru,20261002,teamfight,1500,9978,737,589,1938,1201,6630
europe,30,capped_sequence,0.25,timely_independent,20260930,baron,1500,1610,274,150,486,212,558
europe,30,capped_sequence,0.25,timely_independent,20260930,dragon,1500,5578,381,279,664,283,1834
europe,30,capped_sequence,0.25,timely_independent,20260930,teamfight,1500,9978,182,113,461,279,3351
europe,30,capped_sequence,0.25,timely_independent,20261001,baron,1500,1610,319,170,552,233,558
europe,30,capped_sequence,0.25,timely_independent,20261001,dragon,1500,5578,359,284,679,320,1834
europe,30,capped_sequence,0.25,timely_independent,20261001,teamfight,1500,9978,178,113,422,244,3351
europe,30,capped_sequence,0.25,timely_independent,20261002,baron,1500,1610,306,173,529,223,558
europe,30,capped_sequence,0.25,timely_independent,20261002,dragon,1500,5578,338,257,612,274,1834
europe,30,capped_sequence,0.25,timely_independent,20261002,teamfight,1500,9978,175,118,452,277,3351
europe,30,capped_sequence,0.5,timely_independent,20260930,baron,1500,1610,430,255,956,526,558
europe,30,capped_sequence,0.5,timely_independent,20260930,dragon,1500,5578,677,463,1215,538,1834
europe,30,capped_sequence,0.5,timely_independent,20260930,teamfight,1500,9978,361,221,917,556,3351
europe,30,capped_sequence,0.5,timely_independent,20261001,baron,1500,1610,440,261,985,545,558
europe,30,capped_sequence,0.5,timely_independent,20261001,dragon,1500,5578,655,470,1214,559,1834
europe,30,capped_sequence,0.5,timely_independent,20261001,teamfight,1500,9978,350,219,898,548,3351
europe,30,capped_sequence,0.5,timely_independent,20261002,baron,1500,1610,438,263,969,531,558
europe,30,capped_sequence,0.5,timely_independent,20261002,dragon,1500,5578,672,468,1203,531,1834
europe,30,capped_sequence,0.5,timely_independent,20261002,teamfight,1500,9978,317,212,840,523,3351
europe,30,capped_sequence,0.75,timely_independent,20260930,baron,1500,1610,513,314,1359,846,558
europe,30,capped_sequence,0.75,timely_independent,20260930,dragon,1500,5578,991,660,1745,754,1834
europe,30,capped_sequence,0.75,timely_independent,20260930,teamfight,1500,9978,489,306,1351,862,3351
europe,30,capped_sequence,0.75,timely_independent,20261001,baron,1500,1610,501,309,1335,834,558
europe,30,capped_sequence,0.75,timely_independent,20261001,dragon,1500,5578,957,656,1731,774,1834
europe,30,capped_sequence,0.75,timely_independent,20261001,teamfight,1500,9978,482,298,1373,891,3351
europe,30,capped_sequence,0.75,timely_independent,20261002,baron,1500,1610,510,318,1353,843,558
europe,30,capped_sequence,0.75,timely_independent,20261002,dragon,1500,5578,980,666,1751,771,1834
europe,30,capped_sequence,0.75,timely_independent,20261002,teamfight,1500,9978,478,307,1314,836,3351
europe,30,capped_sequence,1.0,timely_independent,20260930,baron,1500,1610,571,362,1737,1166,558
europe,30,capped_sequence,1.0,timely_independent,20260930,dragon,1500,5578,1296,832,2285,989,1834
europe,30,capped_sequence,1.0,timely_independent,20260930,teamfight,1500,9978,643,390,1800,1157,3351
europe,30,capped_sequence,1.0,timely_independent,20261001,baron,1500,1610,578,363,1808,1230,558
europe,30,capped_sequence,1.0,timely_independent,20261001,dragon,1500,5578,1281,838,2308,1027,1834
europe,30,capped_sequence,1.0,timely_independent,20261001,teamfight,1500,9978,626,388,1843,1217,3351
europe,30,capped_sequence,1.0,timely_independent,20261002,baron,1500,1610,568,353,1765,1197,558
europe,30,capped_sequence,1.0,timely_independent,20261002,dragon,1500,5578,1283,836,2333,1050,1834
europe,30,capped_sequence,1.0,timely_independent,20261002,teamfight,1500,9978,602,373,1737,1135,3351
europe,60,capped_sequence,0.25,timely_independent,20260930,baron,1500,1610,240,150,463,223,1048
europe,60,capped_sequence,0.25,timely_independent,20260930,dragon,1500,5578,690,627,948,258,3749
europe,60,capped_sequence,0.25,timely_independent,20260930,teamfight,1500,9978,253,203,492,239,6630
europe,60,capped_sequence,0.25,timely_independent,20261001,baron,1500,1610,274,172,516,242,1048
europe,60,capped_sequence,0.25,timely_independent,20261001,dragon,1500,5578,648,609,916,268,3749
europe,60,capped_sequence,0.25,timely_independent,20261001,teamfight,1500,9978,266,211,528,262,6630
europe,60,capped_sequence,0.25,timely_independent,20261002,baron,1500,1610,258,176,543,285,1048
europe,60,capped_sequence,0.25,timely_independent,20261002,dragon,1500,5578,696,637,968,272,3749
europe,60,capped_sequence,0.25,timely_independent,20261002,teamfight,1500,9978,276,221,542,266,6630
europe,60,capped_sequence,0.5,timely_independent,20260930,baron,1500,1610,456,289,1006,550,1048
europe,60,capped_sequence,0.5,timely_independent,20260930,dragon,1500,5578,1228,1064,1785,557,3749
europe,60,capped_sequence,0.5,timely_independent,20260930,teamfight,1500,9978,515,407,1030,515,6630
europe,60,capped_sequence,0.5,timely_independent,20261001,baron,1500,1610,484,301,991,507,1048
europe,60,capped_sequence,0.5,timely_independent,20261001,dragon,1500,5578,1209,1085,1795,586,3749
europe,60,capped_sequence,0.5,timely_independent,20261001,teamfight,1500,9978,544,437,1099,555,6630
europe,60,capped_sequence,0.5,timely_independent,20261002,baron,1500,1610,471,315,1041,570,1048
europe,60,capped_sequence,0.5,timely_independent,20261002,dragon,1500,5578,1202,1041,1758,556,3749
europe,60,capped_sequence,0.5,timely_independent,20261002,teamfight,1500,9978,511,409,1063,552,6630
europe,60,capped_sequence,0.75,timely_independent,20260930,baron,1500,1610,619,398,1428,809,1048
europe,60,capped_sequence,0.75,timely_independent,20260930,dragon,1500,5578,1607,1354,2380,773,3749
europe,60,capped_sequence,0.75,timely_independent,20260930,teamfight,1500,9978,737,568,1535,798,6630
europe,60,capped_sequence,0.75,timely_independent,20261001,baron,1500,1610,662,420,1489,827,1048
europe,60,capped_sequence,0.75,timely_independent,20261001,dragon,1500,5578,1640,1412,2498,858,3749
europe,60,capped_sequence,0.75,timely_independent,20261001,teamfight,1500,9978,722,573,1577,855,6630
europe,60,capped_sequence,0.75,timely_independent,20261002,baron,1500,1610,610,407,1443,833,1048
europe,60,capped_sequence,0.75,timely_independent,20261002,dragon,1500,5578,1630,1359,2410,780,3749
europe,60,capped_sequence,0.75,timely_independent,20261002,teamfight,1500,9978,715,563,1528,813,6630
europe,60,capped_sequence,1.0,timely_independent,20260930,baron,1500,1610,778,493,1887,1109,1048
europe,60,capped_sequence,1.0,timely_independent,20260930,dragon,1500,5578,2019,1620,3031,1012,3749
europe,60,capped_sequence,1.0,timely_independent,20260930,teamfight,1500,9978,981,744,2148,1167,6630
europe,60,capped_sequence,1.0,timely_independent,20261001,baron,1500,1610,807,508,1953,1146,1048
europe,60,capped_sequence,1.0,timely_independent,20261001,dragon,1500,5578,1994,1648,3071,1077,3749
europe,60,capped_sequence,1.0,timely_independent,20261001,teamfight,1500,9978,961,740,2157,1196,6630
europe,60,capped_sequence,1.0,timely_independent,20261002,baron,1500,1610,752,503,1897,1145,1048
europe,60,capped_sequence,1.0,timely_independent,20261002,dragon,1500,5578,2005,1597,3014,1009,3749
europe,60,capped_sequence,1.0,timely_independent,20261002,teamfight,1500,9978,955,731,2116,1161,6630
europe,30,capped_sequence,0.25,timely_leagueews,20260930,baron,1500,1610,310,170,534,224,558
europe,30,capped_sequence,0.25,timely_leagueews,20260930,dragon,1500,5578,402,287,674,272,1834
europe,30,capped_sequence,0.25,timely_leagueews,20260930,teamfight,1500,9978,187,117,461,274,3351
europe,30,capped_sequence,0.25,timely_leagueews,20261001,baron,1500,1610,313,169,520,207,558
europe,30,capped_sequence,0.25,timely_leagueews,20261001,dragon,1500,5578,365,276,625,260,1834
europe,30,capped_sequence,0.25,timely_leagueews,20261001,teamfight,1500,9978,181,116,453,272,3351
europe,30,capped_sequence,0.25,timely_leagueews,20261002,baron,1500,1610,302,163,488,186,558
europe,30,capped_sequence,0.25,timely_leagueews,20261002,dragon,1500,5578,383,286,634,251,1834
europe,30,capped_sequence,0.25,timely_leagueews,20261002,teamfight,1500,9978,172,111,421,249,3351
europe,30,capped_sequence,0.5,timely_leagueews,20260930,baron,1500,1610,429,245,951,522,558
europe,30,capped_sequence,0.5,timely_leagueews,20260930,dragon,1500,5578,706,474,1193,487,1834
europe,30,capped_sequence,0.5,timely_leagueews,20260930,teamfight,1500,9978,338,213,903,565,3351
europe,30,capped_sequence,0.5,timely_leagueews,20261001,baron,1500,1610,433,253,978,545,558
europe,30,capped_sequence,0.5,timely_leagueews,20261001,dragon,1500,5578,677,466,1183,506,1834
europe,30,capped_sequence,0.5,timely_leagueews,20261001,teamfight,1500,9978,339,220,889,550,3351
europe,30,capped_sequence,0.5,timely_leagueews,20261002,baron,1500,1610,419,236,944,525,558
europe,30,capped_sequence,0.5,timely_leagueews,20261002,dragon,1500,5578,693,470,1193,500,1834
europe,30,capped_sequence,0.5,timely_leagueews,20261002,teamfight,1500,9978,328,210,871,543,3351
europe,30,capped_sequence,0.75,timely_leagueews,20260930,baron,1500,1610,516,311,1372,856,558
europe,30,capped_sequence,0.75,timely_leagueews,20260930,dragon,1500,5578,1013,659,1718,705,1834
europe,30,capped_sequence,0.75,timely_leagueews,20260930,teamfight,1500,9978,488,307,1320,832,3351
europe,30,capped_sequence,0.75,timely_leagueews,20261001,baron,1500,1610,512,306,1378,866,558
europe,30,capped_sequence,0.75,timely_leagueews,20261001,dragon,1500,5578,1047,698,1796,749,1834
europe,30,capped_sequence,0.75,timely_leagueews,20261001,teamfight,1500,9978,487,312,1373,886,3351
europe,30,capped_sequence,0.75,timely_leagueews,20261002,baron,1500,1610,504,300,1342,838,558
europe,30,capped_sequence,0.75,timely_leagueews,20261002,dragon,1500,5578,997,653,1717,720,1834
europe,30,capped_sequence,0.75,timely_leagueews,20261002,teamfight,1500,9978,482,301,1369,887,3351
europe,30,capped_sequence,1.0,timely_leagueews,20260930,baron,1500,1610,567,352,1762,1195,558
europe,30,capped_sequence,1.0,timely_leagueews,20260930,dragon,1500,5578,1320,834,2265,945,1834
europe,30,capped_sequence,1.0,timely_leagueews,20260930,teamfight,1500,9978,594,369,1741,1147,3351
europe,30,capped_sequence,1.0,timely_leagueews,20261001,baron,1500,1610,551,338,1718,1167,558
europe,30,capped_sequence,1.0,timely_leagueews,20261001,dragon,1500,5578,1372,894,2387,1015,1834
europe,30,capped_sequence,1.0,timely_leagueews,20261001,teamfight,1500,9978,614,391,1806,1192,3351
europe,30,capped_sequence,1.0,timely_leagueews,20261002,baron,1500,1610,568,345,1757,1189,558
europe,30,capped_sequence,1.0,timely_leagueews,20261002,dragon,1500,5578,1335,861,2308,973,1834
europe,30,capped_sequence,1.0,timely_leagueews,20261002,teamfight,1500,9978,599,377,1778,1179,3351
europe,60,capped_sequence,0.25,timely_leagueews,20260930,baron,1500,1610,274,147,527,253,1048
europe,60,capped_sequence,0.25,timely_leagueews,20260930,dragon,1500,5578,661,614,933,272,3749
europe,60,capped_sequence,0.25,timely_leagueews,20260930,teamfight,1500,9978,274,220,520,246,6630
europe,60,capped_sequence,0.25,timely_leagueews,20261001,baron,1500,1610,246,133,478,232,1048
europe,60,capped_sequence,0.25,timely_leagueews,20261001,dragon,1500,5578,638,597,901,263,3749
europe,60,capped_sequence,0.25,timely_leagueews,20261001,teamfight,1500,9978,277,218,535,258,6630
europe,60,capped_sequence,0.25,timely_leagueews,20261002,baron,1500,1610,222,132,502,280,1048
europe,60,capped_sequence,0.25,timely_leagueews,20261002,dragon,1500,5578,634,591,895,261,3749
europe,60,capped_sequence,0.25,timely_leagueews,20261002,teamfight,1500,9978,278,223,520,242,6630
europe,60,capped_sequence,0.5,timely_leagueews,20260930,baron,1500,1610,466,258,991,525,1048
europe,60,capped_sequence,0.5,timely_leagueews,20260930,dragon,1500,5578,1193,1054,1729,536,3749
europe,60,capped_sequence,0.5,timely_leagueews,20260930,teamfight,1500,9978,514,414,1072,558,6630
europe,60,capped_sequence,0.5,timely_leagueews,20261001,baron,1500,1610,465,265,998,533,1048
europe,60,capped_sequence,0.5,timely_leagueews,20261001,dragon,1500,5578,1200,1067,1760,560,3749
europe,60,capped_sequence,0.5,timely_leagueews,20261001,teamfight,1500,9978,496,403,1023,527,6630
europe,60,capped_sequence,0.5,timely_leagueews,20261002,baron,1500,1610,430,261,1009,579,1048
europe,60,capped_sequence,0.5,timely_leagueews,20261002,dragon,1500,5578,1190,1061,1751,561,3749
europe,60,capped_sequence,0.5,timely_leagueews,20261002,teamfight,1500,9978,510,408,1034,524,6630
europe,60,capped_sequence,0.75,timely_leagueews,20260930,baron,1500,1610,656,369,1462,806,1048
europe,60,capped_sequence,0.75,timely_leagueews,20260930,dragon,1500,5578,1673,1409,2488,815,3749
europe,60,capped_sequence,0.75,timely_leagueews,20260930,teamfight,1500,9978,730,569,1559,829,6630
europe,60,capped_sequence,0.75,timely_leagueews,20261001,baron,1500,1610,622,353,1437,815,1048
europe,60,capped_sequence,0.75,timely_leagueews,20261001,dragon,1500,5578,1629,1386,2465,836,3749
europe,60,capped_sequence,0.75,timely_leagueews,20261001,teamfight,1500,9978,746,581,1590,844,6630
europe,60,capped_sequence,0.75,timely_leagueews,20261002,baron,1500,1610,600,358,1434,834,1048
europe,60,capped_sequence,0.75,timely_leagueews,20261002,dragon,1500,5578,1673,1420,2508,835,3749
europe,60,capped_sequence,0.75,timely_leagueews,20261002,teamfight,1500,9978,748,581,1629,881,6630
europe,60,capped_sequence,1.0,timely_leagueews,20260930,baron,1500,1610,779,443,1849,1070,1048
europe,60,capped_sequence,1.0,timely_leagueews,20260930,dragon,1500,5578,2071,1655,3088,1017,3749
europe,60,capped_sequence,1.0,timely_leagueews,20260930,teamfight,1500,9978,993,762,2122,1129,6630
europe,60,capped_sequence,1.0,timely_leagueews,20261001,baron,1500,1610,770,443,1882,1112,1048
europe,60,capped_sequence,1.0,timely_leagueews,20261001,dragon,1500,5578,2063,1672,3148,1085,3749
europe,60,capped_sequence,1.0,timely_leagueews,20261001,teamfight,1500,9978,937,723,2046,1109,6630
europe,60,capped_sequence,1.0,timely_leagueews,20261002,baron,1500,1610,738,444,1864,1126,1048
europe,60,capped_sequence,1.0,timely_leagueews,20261002,dragon,1500,5578,2039,1648,3070,1031,3749
europe,60,capped_sequence,1.0,timely_leagueews,20261002,teamfight,1500,9978,962,730,2066,1104,6630
europe,30,capped_kl_sequence,0.25,timely_equal_sum,20260930,baron,1500,1610,238,118,342,104,558
europe,30,capped_kl_sequence,0.25,timely_equal_sum,20260930,dragon,1500,5578,254,207,422,168,1834
europe,30,capped_kl_sequence,0.25,timely_equal_sum,20260930,teamfight,1500,9978,126,78,296,170,3351
europe,30,capped_kl_sequence,0.25,timely_equal_sum,20261001,baron,1500,1610,232,118,325,93,558
europe,30,capped_kl_sequence,0.25,timely_equal_sum,20261001,dragon,1500,5578,233,184,383,150,1834
europe,30,capped_kl_sequence,0.25,timely_equal_sum,20261001,teamfight,1500,9978,108,66,275,167,3351
europe,30,capped_kl_sequence,0.25,timely_equal_sum,20261002,baron,1500,1610,233,122,337,104,558
europe,30,capped_kl_sequence,0.25,timely_equal_sum,20261002,dragon,1500,5578,251,191,415,164,1834
europe,30,capped_kl_sequence,0.25,timely_equal_sum,20261002,teamfight,1500,9978,132,80,287,155,3351
europe,30,capped_kl_sequence,0.5,timely_equal_sum,20260930,baron,1500,1610,385,214,697,312,558
europe,30,capped_kl_sequence,0.5,timely_equal_sum,20260930,dragon,1500,5578,516,368,861,345,1834
europe,30,capped_kl_sequence,0.5,timely_equal_sum,20260930,teamfight,1500,9978,257,154,676,419,3351
europe,30,capped_kl_sequence,0.5,timely_equal_sum,20261001,baron,1500,1610,396,221,726,330,558
europe,30,capped_kl_sequence,0.5,timely_equal_sum,20261001,dragon,1500,5578,567,401,950,383,1834
europe,30,capped_kl_sequence,0.5,timely_equal_sum,20261001,teamfight,1500,9978,252,152,617,365,3351
europe,30,capped_kl_sequence,0.5,timely_equal_sum,20261002,baron,1500,1610,382,210,718,336,558
europe,30,capped_kl_sequence,0.5,timely_equal_sum,20261002,dragon,1500,5578,546,383,895,349,1834
europe,30,capped_kl_sequence,0.5,timely_equal_sum,20261002,teamfight,1500,9978,257,159,625,368,3351
europe,30,capped_kl_sequence,0.75,timely_equal_sum,20260930,baron,1500,1610,477,282,1080,603,558
europe,30,capped_kl_sequence,0.75,timely_equal_sum,20260930,dragon,1500,5578,832,555,1402,570,1834
europe,30,capped_kl_sequence,0.75,timely_equal_sum,20260930,teamfight,1500,9978,373,230,1013,640,3351
europe,30,capped_kl_sequence,0.75,timely_equal_sum,20261001,baron,1500,1610,470,273,1072,602,558
europe,30,capped_kl_sequence,0.75,timely_equal_sum,20261001,dragon,1500,5578,809,544,1371,562,1834
europe,30,capped_kl_sequence,0.75,timely_equal_sum,20261001,teamfight,1500,9978,372,227,996,624,3351
europe,30,capped_kl_sequence,0.75,timely_equal_sum,20261002,baron,1500,1610,463,272,1096,633,558
europe,30,capped_kl_sequence,0.75,timely_equal_sum,20261002,dragon,1500,5578,820,559,1399,579,1834
europe,30,capped_kl_sequence,0.75,timely_equal_sum,20261002,teamfight,1500,9978,380,228,1025,645,3351
europe,30,capped_kl_sequence,1.0,timely_equal_sum,20260930,baron,1500,1610,546,326,1451,905,558
europe,30,capped_kl_sequence,1.0,timely_equal_sum,20260930,dragon,1500,5578,1094,701,1841,747,1834
europe,30,capped_kl_sequence,1.0,timely_equal_sum,20260930,teamfight,1500,9978,513,313,1431,918,3351
europe,30,capped_kl_sequence,1.0,timely_equal_sum,20261001,baron,1500,1610,538,326,1456,918,558
europe,30,capped_kl_sequence,1.0,timely_equal_sum,20261001,dragon,1500,5578,1130,735,1914,784,1834
europe,30,capped_kl_sequence,1.0,timely_equal_sum,20261001,teamfight,1500,9978,514,312,1450,936,3351
europe,30,capped_kl_sequence,1.0,timely_equal_sum,20261002,baron,1500,1610,538,331,1514,976,558
europe,30,capped_kl_sequence,1.0,timely_equal_sum,20261002,dragon,1500,5578,1123,739,1926,803,1834
europe,30,capped_kl_sequence,1.0,timely_equal_sum,20261002,teamfight,1500,9978,538,332,1471,933,3351
europe,60,capped_kl_sequence,0.25,timely_equal_sum,20260930,baron,1500,1610,184,108,342,158,1048
europe,60,capped_kl_sequence,0.25,timely_equal_sum,20260930,dragon,1500,5578,432,406,585,153,3749
europe,60,capped_kl_sequence,0.25,timely_equal_sum,20260930,teamfight,1500,9978,175,142,324,149,6630
europe,60,capped_kl_sequence,0.25,timely_equal_sum,20261001,baron,1500,1610,167,98,315,148,1048
europe,60,capped_kl_sequence,0.25,timely_equal_sum,20261001,dragon,1500,5578,442,417,604,162,3749
europe,60,capped_kl_sequence,0.25,timely_equal_sum,20261001,teamfight,1500,9978,168,137,334,166,6630
europe,60,capped_kl_sequence,0.25,timely_equal_sum,20261002,baron,1500,1610,153,88,324,171,1048
europe,60,capped_kl_sequence,0.25,timely_equal_sum,20261002,dragon,1500,5578,392,375,549,157,3749
europe,60,capped_kl_sequence,0.25,timely_equal_sum,20261002,teamfight,1500,9978,178,140,320,142,6630
europe,60,capped_kl_sequence,0.5,timely_equal_sum,20260930,baron,1500,1610,348,213,707,359,1048
europe,60,capped_kl_sequence,0.5,timely_equal_sum,20260930,dragon,1500,5578,928,827,1306,378,3749
europe,60,capped_kl_sequence,0.5,timely_equal_sum,20260930,teamfight,1500,9978,400,320,791,391,6630
europe,60,capped_kl_sequence,0.5,timely_equal_sum,20261001,baron,1500,1610,358,212,735,377,1048
europe,60,capped_kl_sequence,0.5,timely_equal_sum,20261001,dragon,1500,5578,945,858,1343,398,3749
europe,60,capped_kl_sequence,0.5,timely_equal_sum,20261001,teamfight,1500,9978,374,303,752,378,6630
europe,60,capped_kl_sequence,0.5,timely_equal_sum,20261002,baron,1500,1610,325,201,721,396,1048
europe,60,capped_kl_sequence,0.5,timely_equal_sum,20261002,dragon,1500,5578,912,834,1315,403,3749
europe,60,capped_kl_sequence,0.5,timely_equal_sum,20261002,teamfight,1500,9978,376,300,723,347,6630
europe,60,capped_kl_sequence,0.75,timely_equal_sum,20260930,baron,1500,1610,543,321,1156,613,1048
europe,60,capped_kl_sequence,0.75,timely_equal_sum,20260930,dragon,1500,5578,1356,1170,1981,625,3749
europe,60,capped_kl_sequence,0.75,timely_equal_sum,20260930,teamfight,1500,9978,601,467,1253,652,6630
europe,60,capped_kl_sequence,0.75,timely_equal_sum,20261001,baron,1500,1610,509,307,1127,618,1048
europe,60,capped_kl_sequence,0.75,timely_equal_sum,20261001,dragon,1500,5578,1351,1173,1983,632,3749
europe,60,capped_kl_sequence,0.75,timely_equal_sum,20261001,teamfight,1500,9978,574,455,1198,624,6630
europe,60,capped_kl_sequence,0.75,timely_equal_sum,20261002,baron,1500,1610,489,309,1150,661,1048
europe,60,capped_kl_sequence,0.75,timely_equal_sum,20261002,dragon,1500,5578,1318,1165,1938,620,3749
europe,60,capped_kl_sequence,0.75,timely_equal_sum,20261002,teamfight,1500,9978,598,471,1210,612,6630
europe,60,capped_kl_sequence,1.0,timely_equal_sum,20260930,baron,1500,1610,678,401,1555,877,1048
europe,60,capped_kl_sequence,1.0,timely_equal_sum,20260930,dragon,1500,5578,1790,1476,2646,856,3749
europe,60,capped_kl_sequence,1.0,timely_equal_sum,20260930,teamfight,1500,9978,795,602,1689,894,6630
europe,60,capped_kl_sequence,1.0,timely_equal_sum,20261001,baron,1500,1610,671,412,1586,915,1048
europe,60,capped_kl_sequence,1.0,timely_equal_sum,20261001,dragon,1500,5578,1768,1463,2624,856,3749
europe,60,capped_kl_sequence,1.0,timely_equal_sum,20261001,teamfight,1500,9978,766,587,1613,847,6630
europe,60,capped_kl_sequence,1.0,timely_equal_sum,20261002,baron,1500,1610,643,409,1557,914,1048
europe,60,capped_kl_sequence,1.0,timely_equal_sum,20261002,dragon,1500,5578,1765,1480,2656,891,3749
europe,60,capped_kl_sequence,1.0,timely_equal_sum,20261002,teamfight,1500,9978,837,637,1742,905,6630
europe,30,capped_kl_sequence,0.25,timely_equal_tcn,20260930,baron,1500,1610,232,115,336,104,558
europe,30,capped_kl_sequence,0.25,timely_equal_tcn,20260930,dragon,1500,5578,241,186,412,171,1834
europe,30,capped_kl_sequence,0.25,timely_equal_tcn,20260930,teamfight,1500,9978,127,79,299,172,3351
europe,30,capped_kl_sequence,0.25,timely_equal_tcn,20261001,baron,1500,1610,238,119,345,107,558
europe,30,capped_kl_sequence,0.25,timely_equal_tcn,20261001,dragon,1500,5578,222,173,384,162,1834
europe,30,capped_kl_sequence,0.25,timely_equal_tcn,20261001,teamfight,1500,9978,113,70,249,136,3351
europe,30,capped_kl_sequence,0.25,timely_equal_tcn,20261002,baron,1500,1610,234,116,328,94,558
europe,30,capped_kl_sequence,0.25,timely_equal_tcn,20261002,dragon,1500,5578,209,164,377,168,1834
europe,30,capped_kl_sequence,0.25,timely_equal_tcn,20261002,teamfight,1500,9978,110,68,246,136,3351
europe,30,capped_kl_sequence,0.5,timely_equal_tcn,20260930,baron,1500,1610,384,213,711,327,558
europe,30,capped_kl_sequence,0.5,timely_equal_tcn,20260930,dragon,1500,5578,549,367,922,373,1834
europe,30,capped_kl_sequence,0.5,timely_equal_tcn,20260930,teamfight,1500,9978,256,165,635,379,3351
europe,30,capped_kl_sequence,0.5,timely_equal_tcn,20261001,baron,1500,1610,389,217,709,320,558
europe,30,capped_kl_sequence,0.5,timely_equal_tcn,20261001,dragon,1500,5578,497,343,824,327,1834
europe,30,capped_kl_sequence,0.5,timely_equal_tcn,20261001,teamfight,1500,9978,243,145,611,368,3351
europe,30,capped_kl_sequence,0.5,timely_equal_tcn,20261002,baron,1500,1610,376,211,692,316,558
europe,30,capped_kl_sequence,0.5,timely_equal_tcn,20261002,dragon,1500,5578,533,373,911,378,1834
europe,30,capped_kl_sequence,0.5,timely_equal_tcn,20261002,teamfight,1500,9978,256,153,618,362,3351
europe,30,capped_kl_sequence,0.75,timely_equal_tcn,20260930,baron,1500,1610,473,281,1100,627,558
europe,30,capped_kl_sequence,0.75,timely_equal_tcn,20260930,dragon,1500,5578,845,548,1421,576,1834
europe,30,capped_kl_sequence,0.75,timely_equal_tcn,20260930,teamfight,1500,9978,388,241,1026,638,3351
europe,30,capped_kl_sequence,0.75,timely_equal_tcn,20261001,baron,1500,1610,474,285,1131,657,558
europe,30,capped_kl_sequence,0.75,timely_equal_tcn,20261001,dragon,1500,5578,809,516,1331,522,1834
europe,30,capped_kl_sequence,0.75,timely_equal_tcn,20261001,teamfight,1500,9978,383,240,1020,637,3351
europe,30,capped_kl_sequence,0.75,timely_equal_tcn,20261002,baron,1500,1610,473,281,1109,636,558
europe,30,capped_kl_sequence,0.75,timely_equal_tcn,20261002,dragon,1500,5578,789,512,1334,545,1834
europe,30,capped_kl_sequence,0.75,timely_equal_tcn,20261002,teamfight,1500,9978,398,241,1037,639,3351
europe,30,capped_kl_sequence,1.0,timely_equal_tcn,20260930,baron,1500,1610,542,332,1475,933,558
europe,30,capped_kl_sequence,1.0,timely_equal_tcn,20260930,dragon,1500,5578,1132,711,1926,794,1834
europe,30,capped_kl_sequence,1.0,timely_equal_tcn,20260930,teamfight,1500,9978,504,315,1381,877,3351
europe,30,capped_kl_sequence,1.0,timely_equal_tcn,20261001,baron,1500,1610,536,332,1500,964,558
europe,30,capped_kl_sequence,1.0,timely_equal_tcn,20261001,dragon,1500,5578,1146,711,1904,758,1834
europe,30,capped_kl_sequence,1.0,timely_equal_tcn,20261001,teamfight,1500,9978,494,312,1404,910,3351
europe,30,capped_kl_sequence,1.0,timely_equal_tcn,20261002,baron,1500,1610,533,327,1474,941,558
europe,30,capped_kl_sequence,1.0,timely_equal_tcn,20261002,dragon,1500,5578,1099,704,1891,792,1834
europe,30,capped_kl_sequence,1.0,timely_equal_tcn,20261002,teamfight,1500,9978,521,318,1444,923,3351
europe,60,capped_kl_sequence,0.25,timely_equal_tcn,20260930,baron,1500,1610,162,91,324,162,1048
europe,60,capped_kl_sequence,0.25,timely_equal_tcn,20260930,dragon,1500,5578,484,441,640,156,3749
europe,60,capped_kl_sequence,0.25,timely_equal_tcn,20260930,teamfight,1500,9978,147,123,290,143,6630
europe,60,capped_kl_sequence,0.25,timely_equal_tcn,20261001,baron,1500,1610,159,80,298,139,1048
europe,60,capped_kl_sequence,0.25,timely_equal_tcn,20261001,dragon,1500,5578,431,396,564,133,3749
europe,60,capped_kl_sequence,0.25,timely_equal_tcn,20261001,teamfight,1500,9978,173,146,341,168,6630
europe,60,capped_kl_sequence,0.25,timely_equal_tcn,20261002,baron,1500,1610,155,95,303,148,1048
europe,60,capped_kl_sequence,0.25,timely_equal_tcn,20261002,dragon,1500,5578,446,420,583,137,3749
europe,60,capped_kl_sequence,0.25,timely_equal_tcn,20261002,teamfight,1500,9978,152,123,303,151,6630
europe,60,capped_kl_sequence,0.5,timely_equal_tcn,20260930,baron,1500,1610,346,189,710,364,1048
europe,60,capped_kl_sequence,0.5,timely_equal_tcn,20260930,dragon,1500,5578,907,800,1269,362,3749
europe,60,capped_kl_sequence,0.5,timely_equal_tcn,20260930,teamfight,1500,9978,371,291,751,380,6630
europe,60,capped_kl_sequence,0.5,timely_equal_tcn,20261001,baron,1500,1610,336,181,679,343,1048
europe,60,capped_kl_sequence,0.5,timely_equal_tcn,20261001,dragon,1500,5578,961,843,1330,369,3749
europe,60,capped_kl_sequence,0.5,timely_equal_tcn,20261001,teamfight,1500,9978,355,295,743,388,6630
europe,60,capped_kl_sequence,0.5,timely_equal_tcn,20261002,baron,1500,1610,311,187,709,398,1048
europe,60,capped_kl_sequence,0.5,timely_equal_tcn,20261002,dragon,1500,5578,929,840,1341,412,3749
europe,60,capped_kl_sequence,0.5,timely_equal_tcn,20261002,teamfight,1500,9978,359,282,729,370,6630
europe,60,capped_kl_sequence,0.75,timely_equal_tcn,20260930,baron,1500,1610,495,279,1117,622,1048
europe,60,capped_kl_sequence,0.75,timely_equal_tcn,20260930,dragon,1500,5578,1336,1138,1941,605,3749
europe,60,capped_kl_sequence,0.75,timely_equal_tcn,20260930,teamfight,1500,9978,564,441,1172,608,6630
europe,60,capped_kl_sequence,0.75,timely_equal_tcn,20261001,baron,1500,1610,539,302,1161,622,1048
europe,60,capped_kl_sequence,0.75,timely_equal_tcn,20261001,dragon,1500,5578,1385,1181,1998,613,3749
europe,60,capped_kl_sequence,0.75,timely_equal_tcn,20261001,teamfight,1500,9978,554,448,1183,629,6630
europe,60,capped_kl_sequence,0.75,timely_equal_tcn,20261002,baron,1500,1610,472,281,1125,653,1048
europe,60,capped_kl_sequence,0.75,timely_equal_tcn,20261002,dragon,1500,5578,1326,1176,2014,688,3749
europe,60,capped_kl_sequence,0.75,timely_equal_tcn,20261002,teamfight,1500,9978,546,427,1151,605,6630
europe,60,capped_kl_sequence,1.0,timely_equal_tcn,20260930,baron,1500,1610,650,373,1532,882,1048
europe,60,capped_kl_sequence,1.0,timely_equal_tcn,20260930,dragon,1500,5578,1730,1418,2544,814,3749
europe,60,capped_kl_sequence,1.0,timely_equal_tcn,20260930,teamfight,1500,9978,805,621,1709,904,6630
europe,60,capped_kl_sequence,1.0,timely_equal_tcn,20261001,baron,1500,1610,687,392,1567,880,1048
europe,60,capped_kl_sequence,1.0,timely_equal_tcn,20261001,dragon,1500,5578,1748,1433,2567,819,3749
europe,60,capped_kl_sequence,1.0,timely_equal_tcn,20261001,teamfight,1500,9978,812,644,1734,922,6630
europe,60,capped_kl_sequence,1.0,timely_equal_tcn,20261002,baron,1500,1610,607,363,1492,885,1048
europe,60,capped_kl_sequence,1.0,timely_equal_tcn,20261002,dragon,1500,5578,1697,1440,2587,890,3749
europe,60,capped_kl_sequence,1.0,timely_equal_tcn,20261002,teamfight,1500,9978,818,621,1708,890,6630
europe,30,capped_kl_sequence,0.25,timely_equal_gru,20260930,baron,1500,1610,132,70,266,134,558
europe,30,capped_kl_sequence,0.25,timely_equal_gru,20260930,dragon,1500,5578,6,6,123,117,1834
europe,30,capped_kl_sequence,0.25,timely_equal_gru,20260930,teamfight,1500,9978,77,53,225,148,3351
europe,30,capped_kl_sequence,0.25,timely_equal_gru,20261001,baron,1500,1610,145,77,277,132,558
europe,30,capped_kl_sequence,0.25,timely_equal_gru,20261001,dragon,1500,5578,3,3,151,148,1834
europe,30,capped_kl_sequence,0.25,timely_equal_gru,20261001,teamfight,1500,9978,88,57,267,179,3351
europe,30,capped_kl_sequence,0.25,timely_equal_gru,20261002,baron,1500,1610,109,57,236,127,558
europe,30,capped_kl_sequence,0.25,timely_equal_gru,20261002,dragon,1500,5578,5,5,143,138,1834
europe,30,capped_kl_sequence,0.25,timely_equal_gru,20261002,teamfight,1500,9978,76,54,230,154,3351
europe,30,capped_kl_sequence,0.5,timely_equal_gru,20260930,baron,1500,1610,248,146,605,357,558
europe,30,capped_kl_sequence,0.5,timely_equal_gru,20260930,dragon,1500,5578,44,44,461,417,1834
europe,30,capped_kl_sequence,0.5,timely_equal_gru,20260930,teamfight,1500,9978,192,128,599,407,3351
europe,30,capped_kl_sequence,0.5,timely_equal_gru,20261001,baron,1500,1610,269,162,643,374,558
europe,30,capped_kl_sequence,0.5,timely_equal_gru,20261001,dragon,1500,5578,51,51,484,433,1834
europe,30,capped_kl_sequence,0.5,timely_equal_gru,20261001,teamfight,1500,9978,192,126,564,372,3351
europe,30,capped_kl_sequence,0.5,timely_equal_gru,20261002,baron,1500,1610,217,129,565,348,558
europe,30,capped_kl_sequence,0.5,timely_equal_gru,20261002,dragon,1500,5578,53,53,467,414,1834
europe,30,capped_kl_sequence,0.5,timely_equal_gru,20261002,teamfight,1500,9978,166,114,556,390,3351
europe,30,capped_kl_sequence,0.75,timely_equal_gru,20260930,baron,1500,1610,341,209,989,648,558
europe,30,capped_kl_sequence,0.75,timely_equal_gru,20260930,dragon,1500,5578,120,119,892,772,1834
europe,30,capped_kl_sequence,0.75,timely_equal_gru,20260930,teamfight,1500,9978,269,185,887,618,3351
europe,30,capped_kl_sequence,0.75,timely_equal_gru,20261001,baron,1500,1610,358,216,969,611,558
europe,30,capped_kl_sequence,0.75,timely_equal_gru,20261001,dragon,1500,5578,123,122,893,770,1834
europe,30,capped_kl_sequence,0.75,timely_equal_gru,20261001,teamfight,1500,9978,286,193,916,630,3351
europe,30,capped_kl_sequence,0.75,timely_equal_gru,20261002,baron,1500,1610,281,169,908,627,558
europe,30,capped_kl_sequence,0.75,timely_equal_gru,20261002,dragon,1500,5578,127,126,844,717,1834
europe,30,capped_kl_sequence,0.75,timely_equal_gru,20261002,teamfight,1500,9978,255,173,907,652,3351
europe,30,capped_kl_sequence,1.0,timely_equal_gru,20260930,baron,1500,1610,405,251,1322,917,558
europe,30,capped_kl_sequence,1.0,timely_equal_gru,20260930,dragon,1500,5578,182,177,1276,1094,1834
europe,30,capped_kl_sequence,1.0,timely_equal_gru,20260930,teamfight,1500,9978,395,265,1391,996,3351
europe,30,capped_kl_sequence,1.0,timely_equal_gru,20261001,baron,1500,1610,416,257,1307,891,558
europe,30,capped_kl_sequence,1.0,timely_equal_gru,20261001,dragon,1500,5578,197,195,1322,1125,1834
europe,30,capped_kl_sequence,1.0,timely_equal_gru,20261001,teamfight,1500,9978,411,269,1417,1006,3351
europe,30,capped_kl_sequence,1.0,timely_equal_gru,20261002,baron,1500,1610,334,198,1242,908,558
europe,30,capped_kl_sequence,1.0,timely_equal_gru,20261002,dragon,1500,5578,204,193,1295,1091,1834
europe,30,capped_kl_sequence,1.0,timely_equal_gru,20261002,teamfight,1500,9978,328,220,1221,893,3351
europe,60,capped_kl_sequence,0.25,timely_equal_gru,20260930,baron,1500,1610,120,67,270,150,1048
europe,60,capped_kl_sequence,0.25,timely_equal_gru,20260930,dragon,1500,5578,37,37,219,182,3749
europe,60,capped_kl_sequence,0.25,timely_equal_gru,20260930,teamfight,1500,9978,119,103,273,154,6630
europe,60,capped_kl_sequence,0.25,timely_equal_gru,20261001,baron,1500,1610,132,67,252,120,1048
europe,60,capped_kl_sequence,0.25,timely_equal_gru,20261001,dragon,1500,5578,31,31,193,162,3749
europe,60,capped_kl_sequence,0.25,timely_equal_gru,20261001,teamfight,1500,9978,127,114,300,173,6630
europe,60,capped_kl_sequence,0.25,timely_equal_gru,20261002,baron,1500,1610,91,48,231,140,1048
europe,60,capped_kl_sequence,0.25,timely_equal_gru,20261002,dragon,1500,5578,37,37,201,164,3749
europe,60,capped_kl_sequence,0.25,timely_equal_gru,20261002,teamfight,1500,9978,110,97,259,149,6630
europe,60,capped_kl_sequence,0.5,timely_equal_gru,20260930,baron,1500,1610,289,149,654,365,1048
europe,60,capped_kl_sequence,0.5,timely_equal_gru,20260930,dragon,1500,5578,109,109,547,438,3749
europe,60,capped_kl_sequence,0.5,timely_equal_gru,20260930,teamfight,1500,9978,311,259,722,411,6630
europe,60,capped_kl_sequence,0.5,timely_equal_gru,20261001,baron,1500,1610,326,164,671,345,1048
europe,60,capped_kl_sequence,0.5,timely_equal_gru,20261001,dragon,1500,5578,108,108,570,462,3749
europe,60,capped_kl_sequence,0.5,timely_equal_gru,20261001,teamfight,1500,9978,305,257,717,412,6630
europe,60,capped_kl_sequence,0.5,timely_equal_gru,20261002,baron,1500,1610,203,110,519,316,1048
europe,60,capped_kl_sequence,0.5,timely_equal_gru,20261002,dragon,1500,5578,147,147,636,489,3749
europe,60,capped_kl_sequence,0.5,timely_equal_gru,20261002,teamfight,1500,9978,295,245,706,411,6630
europe,60,capped_kl_sequence,0.75,timely_equal_gru,20260930,baron,1500,1610,425,228,997,572,1048
europe,60,capped_kl_sequence,0.75,timely_equal_gru,20260930,dragon,1500,5578,211,211,1058,847,3749
europe,60,capped_kl_sequence,0.75,timely_equal_gru,20260930,teamfight,1500,9978,472,379,1178,706,6630
europe,60,capped_kl_sequence,0.75,timely_equal_gru,20261001,baron,1500,1610,477,251,1044,567,1048
europe,60,capped_kl_sequence,0.75,timely_equal_gru,20261001,dragon,1500,5578,190,190,1014,824,3749
europe,60,capped_kl_sequence,0.75,timely_equal_gru,20261001,teamfight,1500,9978,444,366,1091,647,6630
europe,60,capped_kl_sequence,0.75,timely_equal_gru,20261002,baron,1500,1610,337,198,917,580,1048
europe,60,capped_kl_sequence,0.75,timely_equal_gru,20261002,dragon,1500,5578,260,260,1096,836,3749
europe,60,capped_kl_sequence,0.75,timely_equal_gru,20261002,teamfight,1500,9978,433,346,1125,692,6630
europe,60,capped_kl_sequence,1.0,timely_equal_gru,20260930,baron,1500,1610,565,322,1398,833,1048
europe,60,capped_kl_sequence,1.0,timely_equal_gru,20260930,dragon,1500,5578,313,313,1486,1173,3749
europe,60,capped_kl_sequence,1.0,timely_equal_gru,20260930,teamfight,1500,9978,628,497,1577,949,6630
europe,60,capped_kl_sequence,1.0,timely_equal_gru,20261001,baron,1500,1610,587,312,1405,818,1048
europe,60,capped_kl_sequence,1.0,timely_equal_gru,20261001,dragon,1500,5578,321,321,1512,1191,3749
europe,60,capped_kl_sequence,1.0,timely_equal_gru,20261001,teamfight,1500,9978,630,512,1605,975,6630
europe,60,capped_kl_sequence,1.0,timely_equal_gru,20261002,baron,1500,1610,471,285,1351,880,1048
europe,60,capped_kl_sequence,1.0,timely_equal_gru,20261002,dragon,1500,5578,383,383,1562,1179,3749
europe,60,capped_kl_sequence,1.0,timely_equal_gru,20261002,teamfight,1500,9978,590,472,1539,949,6630
europe,30,capped_kl_sequence,0.25,timely_independent,20260930,baron,1500,1610,197,106,286,89,558
europe,30,capped_kl_sequence,0.25,timely_independent,20260930,dragon,1500,5578,234,182,416,182,1834
europe,30,capped_kl_sequence,0.25,timely_independent,20260930,teamfight,1500,9978,111,74,270,159,3351
europe,30,capped_kl_sequence,0.25,timely_independent,20261001,baron,1500,1610,216,110,325,109,558
europe,30,capped_kl_sequence,0.25,timely_independent,20261001,dragon,1500,5578,227,186,415,188,1834
europe,30,capped_kl_sequence,0.25,timely_independent,20261001,teamfight,1500,9978,116,74,275,159,3351
europe,30,capped_kl_sequence,0.25,timely_independent,20261002,baron,1500,1610,192,104,289,97,558
europe,30,capped_kl_sequence,0.25,timely_independent,20261002,dragon,1500,5578,249,195,437,188,1834
europe,30,capped_kl_sequence,0.25,timely_independent,20261002,teamfight,1500,9978,115,76,287,172,3351
europe,30,capped_kl_sequence,0.5,timely_independent,20260930,baron,1500,1610,356,200,702,346,558
europe,30,capped_kl_sequence,0.5,timely_independent,20260930,dragon,1500,5578,488,345,861,373,1834
europe,30,capped_kl_sequence,0.5,timely_independent,20260930,teamfight,1500,9978,236,149,615,379,3351
europe,30,capped_kl_sequence,0.5,timely_independent,20261001,baron,1500,1610,371,215,712,341,558
europe,30,capped_kl_sequence,0.5,timely_independent,20261001,dragon,1500,5578,468,351,883,415,1834
europe,30,capped_kl_sequence,0.5,timely_independent,20261001,teamfight,1500,9978,239,153,588,349,3351
europe,30,capped_kl_sequence,0.5,timely_independent,20261002,baron,1500,1610,363,207,714,351,558
europe,30,capped_kl_sequence,0.5,timely_independent,20261002,dragon,1500,5578,510,368,914,404,1834
europe,30,capped_kl_sequence,0.5,timely_independent,20261002,teamfight,1500,9978,242,166,630,388,3351
europe,30,capped_kl_sequence,0.75,timely_independent,20260930,baron,1500,1610,460,275,1065,605,558
europe,30,capped_kl_sequence,0.75,timely_independent,20260930,dragon,1500,5578,739,501,1322,583,1834
europe,30,capped_kl_sequence,0.75,timely_independent,20260930,teamfight,1500,9978,393,241,1022,629,3351
europe,30,capped_kl_sequence,0.75,timely_independent,20261001,baron,1500,1610,460,277,1096,636,558
europe,30,capped_kl_sequence,0.75,timely_independent,20261001,dragon,1500,5578,717,507,1317,600,1834
europe,30,capped_kl_sequence,0.75,timely_independent,20261001,teamfight,1500,9978,391,242,1017,626,3351
europe,30,capped_kl_sequence,0.75,timely_independent,20261002,baron,1500,1610,467,285,1088,621,558
europe,30,capped_kl_sequence,0.75,timely_independent,20261002,dragon,1500,5578,766,529,1374,608,1834
europe,30,capped_kl_sequence,0.75,timely_independent,20261002,teamfight,1500,9978,382,253,1043,661,3351
europe,30,capped_kl_sequence,1.0,timely_independent,20260930,baron,1500,1610,532,328,1458,926,558
europe,30,capped_kl_sequence,1.0,timely_independent,20260930,dragon,1500,5578,1038,690,1830,792,1834
europe,30,capped_kl_sequence,1.0,timely_independent,20260930,teamfight,1500,9978,538,327,1501,963,3351
europe,30,capped_kl_sequence,1.0,timely_independent,20261001,baron,1500,1610,523,324,1454,931,558
europe,30,capped_kl_sequence,1.0,timely_independent,20261001,dragon,1500,5578,1017,684,1840,823,1834
europe,30,capped_kl_sequence,1.0,timely_independent,20261001,teamfight,1500,9978,506,317,1448,942,3351
europe,30,capped_kl_sequence,1.0,timely_independent,20261002,baron,1500,1610,519,324,1457,938,558
europe,30,capped_kl_sequence,1.0,timely_independent,20261002,dragon,1500,5578,1035,695,1851,816,1834
europe,30,capped_kl_sequence,1.0,timely_independent,20261002,teamfight,1500,9978,534,338,1491,957,3351
europe,60,capped_kl_sequence,0.25,timely_independent,20260930,baron,1500,1610,139,92,267,128,1048
europe,60,capped_kl_sequence,0.25,timely_independent,20260930,dragon,1500,5578,465,430,610,145,3749
europe,60,capped_kl_sequence,0.25,timely_independent,20260930,teamfight,1500,9978,153,118,271,118,6630
europe,60,capped_kl_sequence,0.25,timely_independent,20261001,baron,1500,1610,181,112,330,149,1048
europe,60,capped_kl_sequence,0.25,timely_independent,20261001,dragon,1500,5578,451,426,619,168,3749
europe,60,capped_kl_sequence,0.25,timely_independent,20261001,teamfight,1500,9978,146,115,278,132,6630
europe,60,capped_kl_sequence,0.25,timely_independent,20261002,baron,1500,1610,131,93,275,144,1048
europe,60,capped_kl_sequence,0.25,timely_independent,20261002,dragon,1500,5578,475,441,642,167,3749
europe,60,capped_kl_sequence,0.25,timely_independent,20261002,teamfight,1500,9978,151,121,291,140,6630
europe,60,capped_kl_sequence,0.5,timely_independent,20260930,baron,1500,1610,351,217,724,373,1048
europe,60,capped_kl_sequence,0.5,timely_independent,20260930,dragon,1500,5578,910,807,1289,379,3749
europe,60,capped_kl_sequence,0.5,timely_independent,20260930,teamfight,1500,9978,364,295,707,343,6630
europe,60,capped_kl_sequence,0.5,timely_independent,20261001,baron,1500,1610,369,231,732,363,1048
europe,60,capped_kl_sequence,0.5,timely_independent,20261001,dragon,1500,5578,907,835,1317,410,3749
europe,60,capped_kl_sequence,0.5,timely_independent,20261001,teamfight,1500,9978,390,311,777,387,6630
europe,60,capped_kl_sequence,0.5,timely_independent,20261002,baron,1500,1610,360,246,763,403,1048
europe,60,capped_kl_sequence,0.5,timely_independent,20261002,dragon,1500,5578,926,825,1323,397,3749
europe,60,capped_kl_sequence,0.5,timely_independent,20261002,teamfight,1500,9978,362,291,738,376,6630
europe,60,capped_kl_sequence,0.75,timely_independent,20260930,baron,1500,1610,507,328,1124,617,1048
europe,60,capped_kl_sequence,0.75,timely_independent,20260930,dragon,1500,5578,1321,1137,1927,606,3749
europe,60,capped_kl_sequence,0.75,timely_independent,20260930,teamfight,1500,9978,607,475,1234,627,6630
europe,60,capped_kl_sequence,0.75,timely_independent,20261001,baron,1500,1610,542,342,1150,608,1048
europe,60,capped_kl_sequence,0.75,timely_independent,20261001,dragon,1500,5578,1345,1191,2019,674,3749
europe,60,capped_kl_sequence,0.75,timely_independent,20261001,teamfight,1500,9978,609,483,1287,678,6630
europe,60,capped_kl_sequence,0.75,timely_independent,20261002,baron,1500,1610,510,341,1160,650,1048
europe,60,capped_kl_sequence,0.75,timely_independent,20261002,dragon,1500,5578,1332,1145,1962,630,3749
europe,60,capped_kl_sequence,0.75,timely_independent,20261002,teamfight,1500,9978,552,441,1157,605,6630
europe,60,capped_kl_sequence,1.0,timely_independent,20260930,baron,1500,1610,658,418,1533,875,1048
europe,60,capped_kl_sequence,1.0,timely_independent,20260930,dragon,1500,5578,1765,1468,2630,865,3749
europe,60,capped_kl_sequence,1.0,timely_independent,20260930,teamfight,1500,9978,833,648,1763,930,6630
europe,60,capped_kl_sequence,1.0,timely_independent,20261001,baron,1500,1610,716,453,1619,903,1048
europe,60,capped_kl_sequence,1.0,timely_independent,20261001,dragon,1500,5578,1713,1463,2623,910,3749
europe,60,capped_kl_sequence,1.0,timely_independent,20261001,teamfight,1500,9978,771,609,1676,905,6630
europe,60,capped_kl_sequence,1.0,timely_independent,20261002,baron,1500,1610,638,426,1531,893,1048
europe,60,capped_kl_sequence,1.0,timely_independent,20261002,dragon,1500,5578,1744,1438,2592,848,3749
europe,60,capped_kl_sequence,1.0,timely_independent,20261002,teamfight,1500,9978,778,609,1656,878,6630
europe,30,capped_kl_sequence,0.25,timely_leagueews,20260930,baron,1500,1610,225,110,326,101,558
europe,30,capped_kl_sequence,0.25,timely_leagueews,20260930,dragon,1500,5578,259,200,430,171,1834
europe,30,capped_kl_sequence,0.25,timely_leagueews,20260930,teamfight,1500,9978,107,67,256,149,3351
europe,30,capped_kl_sequence,0.25,timely_leagueews,20261001,baron,1500,1610,231,117,325,94,558
europe,30,capped_kl_sequence,0.25,timely_leagueews,20261001,dragon,1500,5578,239,202,418,179,1834
europe,30,capped_kl_sequence,0.25,timely_leagueews,20261001,teamfight,1500,9978,100,70,240,140,3351
europe,30,capped_kl_sequence,0.25,timely_leagueews,20261002,baron,1500,1610,223,108,299,76,558
europe,30,capped_kl_sequence,0.25,timely_leagueews,20261002,dragon,1500,5578,250,199,406,156,1834
europe,30,capped_kl_sequence,0.25,timely_leagueews,20261002,teamfight,1500,9978,122,80,283,161,3351
europe,30,capped_kl_sequence,0.5,timely_leagueews,20260930,baron,1500,1610,375,211,721,346,558
europe,30,capped_kl_sequence,0.5,timely_leagueews,20260930,dragon,1500,5578,518,352,881,363,1834
europe,30,capped_kl_sequence,0.5,timely_leagueews,20260930,teamfight,1500,9978,275,173,655,380,3351
europe,30,capped_kl_sequence,0.5,timely_leagueews,20261001,baron,1500,1610,372,209,724,352,558
europe,30,capped_kl_sequence,0.5,timely_leagueews,20261001,dragon,1500,5578,523,378,919,396,1834
europe,30,capped_kl_sequence,0.5,timely_leagueews,20261001,teamfight,1500,9978,245,151,626,381,3351
europe,30,capped_kl_sequence,0.5,timely_leagueews,20261002,baron,1500,1610,363,199,697,334,558
europe,30,capped_kl_sequence,0.5,timely_leagueews,20261002,dragon,1500,5578,514,365,889,375,1834
europe,30,capped_kl_sequence,0.5,timely_leagueews,20261002,teamfight,1500,9978,252,162,655,403,3351
europe,30,capped_kl_sequence,0.75,timely_leagueews,20260930,baron,1500,1610,459,266,1117,658,558
europe,30,capped_kl_sequence,0.75,timely_leagueews,20260930,dragon,1500,5578,798,531,1364,566,1834
europe,30,capped_kl_sequence,0.75,timely_leagueews,20260930,teamfight,1500,9978,400,254,1082,682,3351
europe,30,capped_kl_sequence,0.75,timely_leagueews,20261001,baron,1500,1610,469,277,1110,641,558
europe,30,capped_kl_sequence,0.75,timely_leagueews,20261001,dragon,1500,5578,783,542,1363,580,1834
europe,30,capped_kl_sequence,0.75,timely_leagueews,20261001,teamfight,1500,9978,387,253,1031,644,3351
europe,30,capped_kl_sequence,0.75,timely_leagueews,20261002,baron,1500,1610,463,269,1089,626,558
europe,30,capped_kl_sequence,0.75,timely_leagueews,20261002,dragon,1500,5578,788,526,1364,576,1834
europe,30,capped_kl_sequence,0.75,timely_leagueews,20261002,teamfight,1500,9978,392,249,1058,666,3351
europe,30,capped_kl_sequence,1.0,timely_leagueews,20260930,baron,1500,1610,530,323,1480,950,558
europe,30,capped_kl_sequence,1.0,timely_leagueews,20260930,dragon,1500,5578,1117,714,1907,790,1834
europe,30,capped_kl_sequence,1.0,timely_leagueews,20260930,teamfight,1500,9978,533,335,1460,927,3351
europe,30,capped_kl_sequence,1.0,timely_leagueews,20261001,baron,1500,1610,515,308,1451,936,558
europe,30,capped_kl_sequence,1.0,timely_leagueews,20261001,dragon,1500,5578,1089,720,1864,775,1834
europe,30,capped_kl_sequence,1.0,timely_leagueews,20261001,teamfight,1500,9978,509,326,1462,953,3351
europe,30,capped_kl_sequence,1.0,timely_leagueews,20261002,baron,1500,1610,514,307,1435,921,558
europe,30,capped_kl_sequence,1.0,timely_leagueews,20261002,dragon,1500,5578,1110,722,1917,807,1834
europe,30,capped_kl_sequence,1.0,timely_leagueews,20261002,teamfight,1500,9978,497,312,1431,934,3351
europe,60,capped_kl_sequence,0.25,timely_leagueews,20260930,baron,1500,1610,152,83,315,163,1048
europe,60,capped_kl_sequence,0.25,timely_leagueews,20260930,dragon,1500,5578,416,387,566,150,3749
europe,60,capped_kl_sequence,0.25,timely_leagueews,20260930,teamfight,1500,9978,192,154,359,167,6630
europe,60,capped_kl_sequence,0.25,timely_leagueews,20261001,baron,1500,1610,172,93,321,149,1048
europe,60,capped_kl_sequence,0.25,timely_leagueews,20261001,dragon,1500,5578,412,390,573,161,3749
europe,60,capped_kl_sequence,0.25,timely_leagueews,20261001,teamfight,1500,9978,173,141,327,154,6630
europe,60,capped_kl_sequence,0.25,timely_leagueews,20261002,baron,1500,1610,131,80,300,169,1048
europe,60,capped_kl_sequence,0.25,timely_leagueews,20261002,dragon,1500,5578,395,377,542,147,3749
europe,60,capped_kl_sequence,0.25,timely_leagueews,20261002,teamfight,1500,9978,173,138,316,143,6630
europe,60,capped_kl_sequence,0.5,timely_leagueews,20260930,baron,1500,1610,365,198,752,387,1048
europe,60,capped_kl_sequence,0.5,timely_leagueews,20260930,dragon,1500,5578,938,845,1344,406,3749
europe,60,capped_kl_sequence,0.5,timely_leagueews,20260930,teamfight,1500,9978,391,317,772,381,6630
europe,60,capped_kl_sequence,0.5,timely_leagueews,20261001,baron,1500,1610,347,196,713,366,1048
europe,60,capped_kl_sequence,0.5,timely_leagueews,20261001,dragon,1500,5578,908,838,1304,396,3749
europe,60,capped_kl_sequence,0.5,timely_leagueews,20261001,teamfight,1500,9978,359,288,701,342,6630
europe,60,capped_kl_sequence,0.5,timely_leagueews,20261002,baron,1500,1610,329,200,762,433,1048
europe,60,capped_kl_sequence,0.5,timely_leagueews,20261002,dragon,1500,5578,886,808,1277,391,3749
europe,60,capped_kl_sequence,0.5,timely_leagueews,20261002,teamfight,1500,9978,369,295,729,360,6630
europe,60,capped_kl_sequence,0.75,timely_leagueews,20260930,baron,1500,1610,540,299,1141,601,1048
europe,60,capped_kl_sequence,0.75,timely_leagueews,20260930,dragon,1500,5578,1336,1166,1951,615,3749
europe,60,capped_kl_sequence,0.75,timely_leagueews,20260930,teamfight,1500,9978,595,481,1255,660,6630
europe,60,capped_kl_sequence,0.75,timely_leagueews,20261001,baron,1500,1610,526,298,1153,627,1048
europe,60,capped_kl_sequence,0.75,timely_leagueews,20261001,dragon,1500,5578,1334,1172,1975,641,3749
europe,60,capped_kl_sequence,0.75,timely_leagueews,20261001,teamfight,1500,9978,573,456,1192,619,6630
europe,60,capped_kl_sequence,0.75,timely_leagueews,20261002,baron,1500,1610,481,290,1139,658,1048
europe,60,capped_kl_sequence,0.75,timely_leagueews,20261002,dragon,1500,5578,1333,1175,1980,647,3749
europe,60,capped_kl_sequence,0.75,timely_leagueews,20261002,teamfight,1500,9978,575,459,1192,617,6630
europe,60,capped_kl_sequence,1.0,timely_leagueews,20260930,baron,1500,1610,678,385,1539,861,1048
europe,60,capped_kl_sequence,1.0,timely_leagueews,20260930,dragon,1500,5578,1767,1476,2617,850,3749
europe,60,capped_kl_sequence,1.0,timely_leagueews,20260930,teamfight,1500,9978,851,655,1802,951,6630
europe,60,capped_kl_sequence,1.0,timely_leagueews,20261001,baron,1500,1610,653,369,1521,868,1048
europe,60,capped_kl_sequence,1.0,timely_leagueews,20261001,dragon,1500,5578,1738,1461,2635,897,3749
europe,60,capped_kl_sequence,1.0,timely_leagueews,20261001,teamfight,1500,9978,785,612,1689,904,6630
europe,60,capped_kl_sequence,1.0,timely_leagueews,20261002,baron,1500,1610,630,373,1533,903,1048
europe,60,capped_kl_sequence,1.0,timely_leagueews,20261002,dragon,1500,5578,1755,1473,2630,875,3749
europe,60,capped_kl_sequence,1.0,timely_leagueews,20261002,teamfight,1500,9978,801,619,1730,929,6630
americas,30,uncapped_empirical,0.25,timely_equal_sum,20260930,baron,1500,1631,291,163,514,223,533
americas,30,uncapped_empirical,0.25,timely_equal_sum,20260930,dragon,1500,5751,463,342,731,268,1902
americas,30,uncapped_empirical,0.25,timely_equal_sum,20260930,teamfight,1500,9817,211,124,472,261,3297
americas,30,uncapped_empirical,0.25,timely_equal_sum,20261001,baron,1500,1631,302,173,541,239,533
americas,30,uncapped_empirical,0.25,timely_equal_sum,20261001,dragon,1500,5751,426,312,698,272,1902
americas,30,uncapped_empirical,0.25,timely_equal_sum,20261001,teamfight,1500,9817,210,119,472,262,3297
americas,30,uncapped_empirical,0.25,timely_equal_sum,20261002,baron,1500,1631,269,143,494,225,533
americas,30,uncapped_empirical,0.25,timely_equal_sum,20261002,dragon,1500,5751,437,320,697,260,1902
americas,30,uncapped_empirical,0.25,timely_equal_sum,20261002,teamfight,1500,9817,210,128,486,276,3297
americas,30,uncapped_empirical,0.5,timely_equal_sum,20260930,baron,1500,1631,420,250,1000,580,533
americas,30,uncapped_empirical,0.5,timely_equal_sum,20260930,dragon,1500,5751,803,537,1308,505,1902
americas,30,uncapped_empirical,0.5,timely_equal_sum,20260930,teamfight,1500,9817,399,234,973,574,3297
americas,30,uncapped_empirical,0.5,timely_equal_sum,20261001,baron,1500,1631,419,250,999,580,533
americas,30,uncapped_empirical,0.5,timely_equal_sum,20261001,dragon,1500,5751,764,519,1260,496,1902
americas,30,uncapped_empirical,0.5,timely_equal_sum,20261001,teamfight,1500,9817,390,229,959,569,3297
americas,30,uncapped_empirical,0.5,timely_equal_sum,20261002,baron,1500,1631,419,249,1008,589,533
americas,30,uncapped_empirical,0.5,timely_equal_sum,20261002,dragon,1500,5751,794,544,1268,474,1902
americas,30,uncapped_empirical,0.5,timely_equal_sum,20261002,teamfight,1500,9817,390,231,988,598,3297
americas,30,uncapped_empirical,0.75,timely_equal_sum,20260930,baron,1500,1631,503,307,1444,941,533
americas,30,uncapped_empirical,0.75,timely_equal_sum,20260930,dragon,1500,5751,1097,693,1786,689,1902
americas,30,uncapped_empirical,0.75,timely_equal_sum,20260930,teamfight,1500,9817,505,288,1333,828,3297
americas,30,uncapped_empirical,0.75,timely_equal_sum,20261001,baron,1500,1631,514,319,1458,944,533
americas,30,uncapped_empirical,0.75,timely_equal_sum,20261001,dragon,1500,5751,1119,721,1834,715,1902
americas,30,uncapped_empirical,0.75,timely_equal_sum,20261001,teamfight,1500,9817,530,317,1379,849,3297
americas,30,uncapped_empirical,0.75,timely_equal_sum,20261002,baron,1500,1631,508,310,1494,986,533
americas,30,uncapped_empirical,0.75,timely_equal_sum,20261002,dragon,1500,5751,1147,750,1862,715,1902
americas,30,uncapped_empirical,0.75,timely_equal_sum,20261002,teamfight,1500,9817,538,314,1420,882,3297
americas,30,uncapped_empirical,1.0,timely_equal_sum,20260930,baron,1500,1631,572,360,1881,1309,533
americas,30,uncapped_empirical,1.0,timely_equal_sum,20260930,dragon,1500,5751,1401,874,2341,940,1902
americas,30,uncapped_empirical,1.0,timely_equal_sum,20260930,teamfight,1500,9817,651,380,1798,1147,3297
americas,30,uncapped_empirical,1.0,timely_equal_sum,20261001,baron,1500,1631,579,361,1921,1342,533
americas,30,uncapped_empirical,1.0,timely_equal_sum,20261001,dragon,1500,5751,1422,896,2344,922,1902
americas,30,uncapped_empirical,1.0,timely_equal_sum,20261001,teamfight,1500,9817,672,407,1838,1166,3297
americas,30,uncapped_empirical,1.0,timely_equal_sum,20261002,baron,1500,1631,559,346,1926,1367,533
americas,30,uncapped_empirical,1.0,timely_equal_sum,20261002,dragon,1500,5751,1420,906,2357,937,1902
americas,30,uncapped_empirical,1.0,timely_equal_sum,20261002,teamfight,1500,9817,654,379,1816,1162,3297
americas,60,uncapped_empirical,0.25,timely_equal_sum,20260930,baron,1500,1631,243,139,508,265,1104
americas,60,uncapped_empirical,0.25,timely_equal_sum,20260930,dragon,1500,5751,700,649,972,272,3806
americas,60,uncapped_empirical,0.25,timely_equal_sum,20260930,teamfight,1500,9817,274,211,553,279,6507
americas,60,uncapped_empirical,0.25,timely_equal_sum,20261001,baron,1500,1631,247,147,518,271,1104
americas,60,uncapped_empirical,0.25,timely_equal_sum,20261001,dragon,1500,5751,698,651,982,284,3806
americas,60,uncapped_empirical,0.25,timely_equal_sum,20261001,teamfight,1500,9817,271,210,556,285,6507
americas,60,uncapped_empirical,0.25,timely_equal_sum,20261002,baron,1500,1631,271,161,588,317,1104
americas,60,uncapped_empirical,0.25,timely_equal_sum,20261002,dragon,1500,5751,689,649,973,284,3806
americas,60,uncapped_empirical,0.25,timely_equal_sum,20261002,teamfight,1500,9817,268,211,528,260,6507
americas,60,uncapped_empirical,0.5,timely_equal_sum,20260930,baron,1500,1631,476,277,1059,583,1104
americas,60,uncapped_empirical,0.5,timely_equal_sum,20260930,dragon,1500,5751,1308,1144,1869,561,3806
americas,60,uncapped_empirical,0.5,timely_equal_sum,20260930,teamfight,1500,9817,505,389,1081,576,6507
americas,60,uncapped_empirical,0.5,timely_equal_sum,20261001,baron,1500,1631,457,277,1008,551,1104
americas,60,uncapped_empirical,0.5,timely_equal_sum,20261001,dragon,1500,5751,1272,1120,1824,552,3806
americas,60,uncapped_empirical,0.5,timely_equal_sum,20261001,teamfight,1500,9817,523,405,1141,618,6507
americas,60,uncapped_empirical,0.5,timely_equal_sum,20261002,baron,1500,1631,440,273,1047,607,1104
americas,60,uncapped_empirical,0.5,timely_equal_sum,20261002,dragon,1500,5751,1248,1118,1787,539,3806
americas,60,uncapped_empirical,0.5,timely_equal_sum,20261002,teamfight,1500,9817,545,424,1133,588,6507
americas,60,uncapped_empirical,0.75,timely_equal_sum,20260930,baron,1500,1631,666,405,1554,888,1104
americas,60,uncapped_empirical,0.75,timely_equal_sum,20260930,dragon,1500,5751,1751,1466,2531,780,3806
americas,60,uncapped_empirical,0.75,timely_equal_sum,20260930,teamfight,1500,9817,775,597,1708,933,6507
americas,60,uncapped_empirical,0.75,timely_equal_sum,20261001,baron,1500,1631,635,384,1496,861,1104
americas,60,uncapped_empirical,0.75,timely_equal_sum,20261001,dragon,1500,5751,1742,1457,2543,801,3806
americas,60,uncapped_empirical,0.75,timely_equal_sum,20261001,teamfight,1500,9817,772,593,1698,926,6507
americas,60,uncapped_empirical,0.75,timely_equal_sum,20261002,baron,1500,1631,609,383,1560,951,1104
americas,60,uncapped_empirical,0.75,timely_equal_sum,20261002,dragon,1500,5751,1713,1460,2543,830,3806
americas,60,uncapped_empirical,0.75,timely_equal_sum,20261002,teamfight,1500,9817,768,581,1665,897,6507
americas,60,uncapped_empirical,1.0,timely_equal_sum,20260930,baron,1500,1631,821,502,2017,1196,1104
americas,60,uncapped_empirical,1.0,timely_equal_sum,20260930,dragon,1500,5751,2208,1760,3192,984,3806
americas,60,uncapped_empirical,1.0,timely_equal_sum,20260930,teamfight,1500,9817,977,737,2222,1245,6507
americas,60,uncapped_empirical,1.0,timely_equal_sum,20261001,baron,1500,1631,817,494,2036,1219,1104
americas,60,uncapped_empirical,1.0,timely_equal_sum,20261001,dragon,1500,5751,2200,1747,3196,996,3806
americas,60,uncapped_empirical,1.0,timely_equal_sum,20261001,teamfight,1500,9817,992,754,2236,1244,6507
americas,60,uncapped_empirical,1.0,timely_equal_sum,20261002,baron,1500,1631,757,481,1990,1233,1104
americas,60,uncapped_empirical,1.0,timely_equal_sum,20261002,dragon,1500,5751,2182,1769,3226,1044,3806
americas,60,uncapped_empirical,1.0,timely_equal_sum,20261002,teamfight,1500,9817,996,742,2196,1200,6507
americas,30,uncapped_empirical,0.25,timely_equal_tcn,20260930,baron,1500,1631,270,146,514,244,533
americas,30,uncapped_empirical,0.25,timely_equal_tcn,20260930,dragon,1500,5751,437,311,708,271,1902
americas,30,uncapped_empirical,0.25,timely_equal_tcn,20260930,teamfight,1500,9817,205,114,464,259,3297
americas,30,uncapped_empirical,0.25,timely_equal_tcn,20261001,baron,1500,1631,286,163,542,256,533
americas,30,uncapped_empirical,0.25,timely_equal_tcn,20261001,dragon,1500,5751,421,293,659,238,1902
americas,30,uncapped_empirical,0.25,timely_equal_tcn,20261001,teamfight,1500,9817,194,112,429,235,3297
americas,30,uncapped_empirical,0.25,timely_equal_tcn,20261002,baron,1500,1631,273,149,525,252,533
americas,30,uncapped_empirical,0.25,timely_equal_tcn,20261002,dragon,1500,5751,408,311,678,270,1902
americas,30,uncapped_empirical,0.25,timely_equal_tcn,20261002,teamfight,1500,9817,192,108,468,276,3297
americas,30,uncapped_empirical,0.5,timely_equal_tcn,20260930,baron,1500,1631,422,256,1023,601,533
americas,30,uncapped_empirical,0.5,timely_equal_tcn,20260930,dragon,1500,5751,742,483,1182,440,1902
americas,30,uncapped_empirical,0.5,timely_equal_tcn,20260930,teamfight,1500,9817,349,195,901,552,3297
americas,30,uncapped_empirical,0.5,timely_equal_tcn,20261001,baron,1500,1631,413,244,1028,615,533
americas,30,uncapped_empirical,0.5,timely_equal_tcn,20261001,dragon,1500,5751,779,490,1218,439,1902
americas,30,uncapped_empirical,0.5,timely_equal_tcn,20261001,teamfight,1500,9817,356,207,917,561,3297
americas,30,uncapped_empirical,0.5,timely_equal_tcn,20261002,baron,1500,1631,413,239,1026,613,533
americas,30,uncapped_empirical,0.5,timely_equal_tcn,20261002,dragon,1500,5751,718,481,1159,441,1902
americas,30,uncapped_empirical,0.5,timely_equal_tcn,20261002,teamfight,1500,9817,349,202,897,548,3297
americas,30,uncapped_empirical,0.75,timely_equal_tcn,20260930,baron,1500,1631,490,297,1460,970,533
americas,30,uncapped_empirical,0.75,timely_equal_tcn,20260930,dragon,1500,5751,1108,695,1786,678,1902
americas,30,uncapped_empirical,0.75,timely_equal_tcn,20260930,teamfight,1500,9817,492,278,1348,856,3297
americas,30,uncapped_empirical,0.75,timely_equal_tcn,20261001,baron,1500,1631,500,304,1476,976,533
americas,30,uncapped_empirical,0.75,timely_equal_tcn,20261001,dragon,1500,5751,1106,675,1779,673,1902
americas,30,uncapped_empirical,0.75,timely_equal_tcn,20261001,teamfight,1500,9817,513,307,1378,865,3297
americas,30,uncapped_empirical,0.75,timely_equal_tcn,20261002,baron,1500,1631,499,298,1473,974,533
americas,30,uncapped_empirical,0.75,timely_equal_tcn,20261002,dragon,1500,5751,1129,712,1832,703,1902
americas,30,uncapped_empirical,0.75,timely_equal_tcn,20261002,teamfight,1500,9817,500,293,1345,845,3297
americas,30,uncapped_empirical,1.0,timely_equal_tcn,20260930,baron,1500,1631,562,347,1871,1309,533
americas,30,uncapped_empirical,1.0,timely_equal_tcn,20260930,dragon,1500,5751,1438,881,2406,968,1902
americas,30,uncapped_empirical,1.0,timely_equal_tcn,20260930,teamfight,1500,9817,636,361,1765,1129,3297
americas,30,uncapped_empirical,1.0,timely_equal_tcn,20261001,baron,1500,1631,549,339,1867,1318,533
americas,30,uncapped_empirical,1.0,timely_equal_tcn,20261001,dragon,1500,5751,1421,877,2332,911,1902
americas,30,uncapped_empirical,1.0,timely_equal_tcn,20261001,teamfight,1500,9817,621,369,1732,1111,3297
americas,30,uncapped_empirical,1.0,timely_equal_tcn,20261002,baron,1500,1631,556,339,1913,1357,533
americas,30,uncapped_empirical,1.0,timely_equal_tcn,20261002,dragon,1500,5751,1428,892,2368,940,1902
americas,30,uncapped_empirical,1.0,timely_equal_tcn,20261002,teamfight,1500,9817,659,377,1853,1194,3297
americas,60,uncapped_empirical,0.25,timely_equal_tcn,20260930,baron,1500,1631,250,136,539,289,1104
americas,60,uncapped_empirical,0.25,timely_equal_tcn,20260930,dragon,1500,5751,712,642,997,285,3806
americas,60,uncapped_empirical,0.25,timely_equal_tcn,20260930,teamfight,1500,9817,274,213,557,283,6507
americas,60,uncapped_empirical,0.25,timely_equal_tcn,20261001,baron,1500,1631,233,118,482,249,1104
americas,60,uncapped_empirical,0.25,timely_equal_tcn,20261001,dragon,1500,5751,695,627,977,282,3806
americas,60,uncapped_empirical,0.25,timely_equal_tcn,20261001,teamfight,1500,9817,264,208,530,266,6507
americas,60,uncapped_empirical,0.25,timely_equal_tcn,20261002,baron,1500,1631,238,122,538,300,1104
americas,60,uncapped_empirical,0.25,timely_equal_tcn,20261002,dragon,1500,5751,708,661,997,289,3806
americas,60,uncapped_empirical,0.25,timely_equal_tcn,20261002,teamfight,1500,9817,263,206,561,298,6507
americas,60,uncapped_empirical,0.5,timely_equal_tcn,20260930,baron,1500,1631,461,265,1040,579,1104
americas,60,uncapped_empirical,0.5,timely_equal_tcn,20260930,dragon,1500,5751,1279,1100,1792,513,3806
americas,60,uncapped_empirical,0.5,timely_equal_tcn,20260930,teamfight,1500,9817,476,368,1048,572,6507
americas,60,uncapped_empirical,0.5,timely_equal_tcn,20261001,baron,1500,1631,426,235,950,524,1104
americas,60,uncapped_empirical,0.5,timely_equal_tcn,20261001,dragon,1500,5751,1293,1108,1836,543,3806
americas,60,uncapped_empirical,0.5,timely_equal_tcn,20261001,teamfight,1500,9817,490,383,1084,594,6507
americas,60,uncapped_empirical,0.5,timely_equal_tcn,20261002,baron,1500,1631,433,253,1046,613,1104
americas,60,uncapped_empirical,0.5,timely_equal_tcn,20261002,dragon,1500,5751,1254,1128,1831,577,3806
americas,60,uncapped_empirical,0.5,timely_equal_tcn,20261002,teamfight,1500,9817,490,382,1075,585,6507
americas,60,uncapped_empirical,0.75,timely_equal_tcn,20260930,baron,1500,1631,614,362,1505,891,1104
americas,60,uncapped_empirical,0.75,timely_equal_tcn,20260930,dragon,1500,5751,1732,1418,2508,776,3806
americas,60,uncapped_empirical,0.75,timely_equal_tcn,20260930,teamfight,1500,9817,708,541,1613,905,6507
americas,60,uncapped_empirical,0.75,timely_equal_tcn,20261001,baron,1500,1631,640,356,1527,887,1104
americas,60,uncapped_empirical,0.75,timely_equal_tcn,20261001,dragon,1500,5751,1739,1440,2513,774,3806
americas,60,uncapped_empirical,0.75,timely_equal_tcn,20261001,teamfight,1500,9817,720,558,1669,949,6507
americas,60,uncapped_empirical,0.75,timely_equal_tcn,20261002,baron,1500,1631,588,352,1482,894,1104
americas,60,uncapped_empirical,0.75,timely_equal_tcn,20261002,dragon,1500,5751,1674,1436,2493,819,3806
americas,60,uncapped_empirical,0.75,timely_equal_tcn,20261002,teamfight,1500,9817,715,542,1596,881,6507
americas,60,uncapped_empirical,1.0,timely_equal_tcn,20260930,baron,1500,1631,791,474,1987,1196,1104
americas,60,uncapped_empirical,1.0,timely_equal_tcn,20260930,dragon,1500,5751,2155,1682,3124,969,3806
americas,60,uncapped_empirical,1.0,timely_equal_tcn,20260930,teamfight,1500,9817,917,699,2138,1221,6507
americas,60,uncapped_empirical,1.0,timely_equal_tcn,20261001,baron,1500,1631,797,459,1981,1184,1104
americas,60,uncapped_empirical,1.0,timely_equal_tcn,20261001,dragon,1500,5751,2109,1664,3069,960,3806
americas,60,uncapped_empirical,1.0,timely_equal_tcn,20261001,teamfight,1500,9817,954,740,2236,1282,6507
americas,60,uncapped_empirical,1.0,timely_equal_tcn,20261002,baron,1500,1631,743,449,1964,1221,1104
americas,60,uncapped_empirical,1.0,timely_equal_tcn,20261002,dragon,1500,5751,2122,1714,3170,1048,3806
americas,60,uncapped_empirical,1.0,timely_equal_tcn,20261002,teamfight,1500,9817,936,711,2114,1178,6507
americas,30,uncapped_empirical,0.25,timely_equal_gru,20260930,baron,1500,1631,163,79,443,280,533
americas,30,uncapped_empirical,0.25,timely_equal_gru,20260930,dragon,1500,5751,16,16,307,291,1902
americas,30,uncapped_empirical,0.25,timely_equal_gru,20260930,teamfight,1500,9817,119,73,379,260,3297
americas,30,uncapped_empirical,0.25,timely_equal_gru,20261001,baron,1500,1631,187,97,474,287,533
americas,30,uncapped_empirical,0.25,timely_equal_gru,20261001,dragon,1500,5751,12,12,298,286,1902
americas,30,uncapped_empirical,0.25,timely_equal_gru,20261001,teamfight,1500,9817,124,78,408,284,3297
americas,30,uncapped_empirical,0.25,timely_equal_gru,20261002,baron,1500,1631,143,76,422,279,533
americas,30,uncapped_empirical,0.25,timely_equal_gru,20261002,dragon,1500,5751,22,22,345,323,1902
americas,30,uncapped_empirical,0.25,timely_equal_gru,20261002,teamfight,1500,9817,101,65,371,270,3297
americas,30,uncapped_empirical,0.5,timely_equal_gru,20260930,baron,1500,1631,277,152,915,638,533
americas,30,uncapped_empirical,0.5,timely_equal_gru,20260930,dragon,1500,5751,96,96,745,649,1902
americas,30,uncapped_empirical,0.5,timely_equal_gru,20260930,teamfight,1500,9817,229,140,736,507,3297
americas,30,uncapped_empirical,0.5,timely_equal_gru,20261001,baron,1500,1631,297,166,919,622,533
americas,30,uncapped_empirical,0.5,timely_equal_gru,20261001,dragon,1500,5751,79,79,741,662,1902
americas,30,uncapped_empirical,0.5,timely_equal_gru,20261001,teamfight,1500,9817,268,165,835,567,3297
americas,30,uncapped_empirical,0.5,timely_equal_gru,20261002,baron,1500,1631,241,143,870,629,533
americas,30,uncapped_empirical,0.5,timely_equal_gru,20261002,dragon,1500,5751,95,95,720,625,1902
americas,30,uncapped_empirical,0.5,timely_equal_gru,20261002,teamfight,1500,9817,198,126,762,564,3297
americas,30,uncapped_empirical,0.75,timely_equal_gru,20260930,baron,1500,1631,360,215,1309,949,533
americas,30,uncapped_empirical,0.75,timely_equal_gru,20260930,dragon,1500,5751,171,170,1186,1015,1902
americas,30,uncapped_empirical,0.75,timely_equal_gru,20260930,teamfight,1500,9817,344,209,1195,851,3297
americas,30,uncapped_empirical,0.75,timely_equal_gru,20261001,baron,1500,1631,384,228,1361,977,533
americas,30,uncapped_empirical,0.75,timely_equal_gru,20261001,dragon,1500,5751,162,161,1224,1062,1902
americas,30,uncapped_empirical,0.75,timely_equal_gru,20261001,teamfight,1500,9817,375,228,1176,801,3297
americas,30,uncapped_empirical,0.75,timely_equal_gru,20261002,baron,1500,1631,330,202,1311,981,533
americas,30,uncapped_empirical,0.75,timely_equal_gru,20261002,dragon,1500,5751,169,166,1189,1020,1902
americas,30,uncapped_empirical,0.75,timely_equal_gru,20261002,teamfight,1500,9817,286,187,1144,858,3297
americas,30,uncapped_empirical,1.0,timely_equal_gru,20260930,baron,1500,1631,434,268,1822,1388,533
americas,30,uncapped_empirical,1.0,timely_equal_gru,20260930,dragon,1500,5751,279,257,1638,1359,1902
americas,30,uncapped_empirical,1.0,timely_equal_gru,20260930,teamfight,1500,9817,478,293,1713,1235,3297
americas,30,uncapped_empirical,1.0,timely_equal_gru,20261001,baron,1500,1631,460,280,1784,1324,533
americas,30,uncapped_empirical,1.0,timely_equal_gru,20261001,dragon,1500,5751,275,250,1647,1372,1902
americas,30,uncapped_empirical,1.0,timely_equal_gru,20261001,teamfight,1500,9817,482,297,1639,1157,3297
americas,30,uncapped_empirical,1.0,timely_equal_gru,20261002,baron,1500,1631,401,253,1754,1353,533
americas,30,uncapped_empirical,1.0,timely_equal_gru,20261002,dragon,1500,5751,317,281,1705,1388,1902
americas,30,uncapped_empirical,1.0,timely_equal_gru,20261002,teamfight,1500,9817,404,264,1706,1302,3297
americas,60,uncapped_empirical,0.25,timely_equal_gru,20260930,baron,1500,1631,154,83,412,258,1104
americas,60,uncapped_empirical,0.25,timely_equal_gru,20260930,dragon,1500,5751,89,89,435,346,3806
americas,60,uncapped_empirical,0.25,timely_equal_gru,20260930,teamfight,1500,9817,200,172,532,332,6507
americas,60,uncapped_empirical,0.25,timely_equal_gru,20261001,baron,1500,1631,202,102,480,278,1104
americas,60,uncapped_empirical,0.25,timely_equal_gru,20261001,dragon,1500,5751,73,73,418,345,3806
americas,60,uncapped_empirical,0.25,timely_equal_gru,20261001,teamfight,1500,9817,195,166,553,358,6507
americas,60,uncapped_empirical,0.25,timely_equal_gru,20261002,baron,1500,1631,145,84,430,285,1104
americas,60,uncapped_empirical,0.25,timely_equal_gru,20261002,dragon,1500,5751,88,88,423,335,3806
americas,60,uncapped_empirical,0.25,timely_equal_gru,20261002,teamfight,1500,9817,194,167,506,312,6507
americas,60,uncapped_empirical,0.5,timely_equal_gru,20260930,baron,1500,1631,373,205,973,600,1104
americas,60,uncapped_empirical,0.5,timely_equal_gru,20260930,dragon,1500,5751,205,205,965,760,3806
americas,60,uncapped_empirical,0.5,timely_equal_gru,20260930,teamfight,1500,9817,418,346,1052,634,6507
americas,60,uncapped_empirical,0.5,timely_equal_gru,20261001,baron,1500,1631,389,202,976,587,1104
americas,60,uncapped_empirical,0.5,timely_equal_gru,20261001,dragon,1500,5751,185,185,943,758,3806
americas,60,uncapped_empirical,0.5,timely_equal_gru,20261001,teamfight,1500,9817,396,333,1076,680,6507
americas,60,uncapped_empirical,0.5,timely_equal_gru,20261002,baron,1500,1631,301,175,870,569,1104
americas,60,uncapped_empirical,0.5,timely_equal_gru,20261002,dragon,1500,5751,239,239,1000,761,3806
americas,60,uncapped_empirical,0.5,timely_equal_gru,20261002,teamfight,1500,9817,388,327,1030,642,6507
americas,60,uncapped_empirical,0.75,timely_equal_gru,20260930,baron,1500,1631,538,307,1404,866,1104
americas,60,uncapped_empirical,0.75,timely_equal_gru,20260930,dragon,1500,5751,300,300,1360,1060,3806
americas,60,uncapped_empirical,0.75,timely_equal_gru,20260930,teamfight,1500,9817,579,471,1525,946,6507
americas,60,uncapped_empirical,0.75,timely_equal_gru,20261001,baron,1500,1631,557,302,1429,872,1104
americas,60,uncapped_empirical,0.75,timely_equal_gru,20261001,dragon,1500,5751,313,313,1407,1094,3806
americas,60,uncapped_empirical,0.75,timely_equal_gru,20261001,teamfight,1500,9817,600,493,1602,1002,6507
americas,60,uncapped_empirical,0.75,timely_equal_gru,20261002,baron,1500,1631,480,284,1414,934,1104
americas,60,uncapped_empirical,0.75,timely_equal_gru,20261002,dragon,1500,5751,355,355,1404,1049,3806
americas,60,uncapped_empirical,0.75,timely_equal_gru,20261002,teamfight,1500,9817,568,470,1573,1005,6507
americas,60,uncapped_empirical,1.0,timely_equal_gru,20260930,baron,1500,1631,688,401,1950,1262,1104
americas,60,uncapped_empirical,1.0,timely_equal_gru,20260930,dragon,1500,5751,427,427,1883,1456,3806
americas,60,uncapped_empirical,1.0,timely_equal_gru,20260930,teamfight,1500,9817,791,632,2115,1324,6507
americas,60,uncapped_empirical,1.0,timely_equal_gru,20261001,baron,1500,1631,717,403,1934,1217,1104
americas,60,uncapped_empirical,1.0,timely_equal_gru,20261001,dragon,1500,5751,450,450,1909,1459,3806
americas,60,uncapped_empirical,1.0,timely_equal_gru,20261001,teamfight,1500,9817,793,642,2112,1319,6507
americas,60,uncapped_empirical,1.0,timely_equal_gru,20261002,baron,1500,1631,593,365,1822,1229,1104
americas,60,uncapped_empirical,1.0,timely_equal_gru,20261002,dragon,1500,5751,514,514,1986,1472,3806
americas,60,uncapped_empirical,1.0,timely_equal_gru,20261002,teamfight,1500,9817,708,574,1956,1248,6507
americas,30,uncapped_empirical,0.25,timely_independent,20260930,baron,1500,1631,270,160,513,243,533
americas,30,uncapped_empirical,0.25,timely_independent,20260930,dragon,1500,5751,386,287,646,260,1902
americas,30,uncapped_empirical,0.25,timely_independent,20260930,teamfight,1500,9817,189,116,446,257,3297
americas,30,uncapped_empirical,0.25,timely_independent,20261001,baron,1500,1631,281,158,528,247,533
americas,30,uncapped_empirical,0.25,timely_independent,20261001,dragon,1500,5751,377,287,671,294,1902
americas,30,uncapped_empirical,0.25,timely_independent,20261001,teamfight,1500,9817,191,109,427,236,3297
americas,30,uncapped_empirical,0.25,timely_independent,20261002,baron,1500,1631,278,155,511,233,533
americas,30,uncapped_empirical,0.25,timely_independent,20261002,dragon,1500,5751,362,278,635,273,1902
americas,30,uncapped_empirical,0.25,timely_independent,20261002,teamfight,1500,9817,196,118,457,261,3297
americas,30,uncapped_empirical,0.5,timely_independent,20260930,baron,1500,1631,387,230,979,592,533
americas,30,uncapped_empirical,0.5,timely_independent,20260930,dragon,1500,5751,750,506,1279,529,1902
americas,30,uncapped_empirical,0.5,timely_independent,20260930,teamfight,1500,9817,364,207,937,573,3297
americas,30,uncapped_empirical,0.5,timely_independent,20261001,baron,1500,1631,400,244,977,577,533
americas,30,uncapped_empirical,0.5,timely_independent,20261001,dragon,1500,5751,716,499,1269,553,1902
americas,30,uncapped_empirical,0.5,timely_independent,20261001,teamfight,1500,9817,365,204,865,500,3297
americas,30,uncapped_empirical,0.5,timely_independent,20261002,baron,1500,1631,415,249,971,556,533
americas,30,uncapped_empirical,0.5,timely_independent,20261002,dragon,1500,5751,735,520,1274,539,1902
americas,30,uncapped_empirical,0.5,timely_independent,20261002,teamfight,1500,9817,344,207,871,527,3297
americas,30,uncapped_empirical,0.75,timely_independent,20260930,baron,1500,1631,473,293,1436,963,533
americas,30,uncapped_empirical,0.75,timely_independent,20260930,dragon,1500,5751,1081,702,1803,722,1902
americas,30,uncapped_empirical,0.75,timely_independent,20260930,teamfight,1500,9817,524,301,1355,831,3297
americas,30,uncapped_empirical,0.75,timely_independent,20261001,baron,1500,1631,478,296,1409,931,533
americas,30,uncapped_empirical,0.75,timely_independent,20261001,dragon,1500,5751,1040,688,1820,780,1902
americas,30,uncapped_empirical,0.75,timely_independent,20261001,teamfight,1500,9817,514,299,1316,802,3297
americas,30,uncapped_empirical,0.75,timely_independent,20261002,baron,1500,1631,471,287,1386,915,533
americas,30,uncapped_empirical,0.75,timely_independent,20261002,dragon,1500,5751,1060,704,1821,761,1902
americas,30,uncapped_empirical,0.75,timely_independent,20261002,teamfight,1500,9817,528,314,1375,847,3297
americas,30,uncapped_empirical,1.0,timely_independent,20260930,baron,1500,1631,535,332,1863,1328,533
americas,30,uncapped_empirical,1.0,timely_independent,20260930,dragon,1500,5751,1311,829,2248,937,1902
americas,30,uncapped_empirical,1.0,timely_independent,20260930,teamfight,1500,9817,678,391,1802,1124,3297
americas,30,uncapped_empirical,1.0,timely_independent,20261001,baron,1500,1631,552,345,1874,1322,533
americas,30,uncapped_empirical,1.0,timely_independent,20261001,dragon,1500,5751,1344,850,2358,1014,1902
americas,30,uncapped_empirical,1.0,timely_independent,20261001,teamfight,1500,9817,638,371,1750,1112,3297
americas,30,uncapped_empirical,1.0,timely_independent,20261002,baron,1500,1631,535,337,1813,1278,533
americas,30,uncapped_empirical,1.0,timely_independent,20261002,dragon,1500,5751,1379,894,2391,1012,1902
americas,30,uncapped_empirical,1.0,timely_independent,20261002,teamfight,1500,9817,645,393,1805,1160,3297
americas,60,uncapped_empirical,0.25,timely_independent,20260930,baron,1500,1631,230,149,489,259,1104
americas,60,uncapped_empirical,0.25,timely_independent,20260930,dragon,1500,5751,719,656,1001,282,3806
americas,60,uncapped_empirical,0.25,timely_independent,20260930,teamfight,1500,9817,249,189,532,283,6507
americas,60,uncapped_empirical,0.25,timely_independent,20261001,baron,1500,1631,278,169,541,263,1104
americas,60,uncapped_empirical,0.25,timely_independent,20261001,dragon,1500,5751,670,629,945,275,3806
americas,60,uncapped_empirical,0.25,timely_independent,20261001,teamfight,1500,9817,246,191,568,322,6507
americas,60,uncapped_empirical,0.25,timely_independent,20261002,baron,1500,1631,241,166,550,309,1104
americas,60,uncapped_empirical,0.25,timely_independent,20261002,dragon,1500,5751,725,673,1036,311,3806
americas,60,uncapped_empirical,0.25,timely_independent,20261002,teamfight,1500,9817,274,215,569,295,6507
americas,60,uncapped_empirical,0.5,timely_independent,20260930,baron,1500,1631,426,271,994,568,1104
americas,60,uncapped_empirical,0.5,timely_independent,20260930,dragon,1500,5751,1313,1139,1856,543,3806
americas,60,uncapped_empirical,0.5,timely_independent,20260930,teamfight,1500,9817,500,377,1143,643,6507
americas,60,uncapped_empirical,0.5,timely_independent,20261001,baron,1500,1631,462,280,1010,548,1104
americas,60,uncapped_empirical,0.5,timely_independent,20261001,dragon,1500,5751,1264,1130,1835,571,3806
americas,60,uncapped_empirical,0.5,timely_independent,20261001,teamfight,1500,9817,471,374,1101,630,6507
americas,60,uncapped_empirical,0.5,timely_independent,20261002,baron,1500,1631,421,283,988,567,1104
americas,60,uncapped_empirical,0.5,timely_independent,20261002,dragon,1500,5751,1295,1136,1862,567,3806
americas,60,uncapped_empirical,0.5,timely_independent,20261002,teamfight,1500,9817,454,362,1015,561,6507
americas,60,uncapped_empirical,0.75,timely_independent,20260930,baron,1500,1631,605,383,1490,885,1104
americas,60,uncapped_empirical,0.75,timely_independent,20260930,dragon,1500,5751,1729,1440,2520,791,3806
americas,60,uncapped_empirical,0.75,timely_independent,20260930,teamfight,1500,9817,764,587,1745,981,6507
americas,60,uncapped_empirical,0.75,timely_independent,20261001,baron,1500,1631,620,373,1459,839,1104
americas,60,uncapped_empirical,0.75,timely_independent,20261001,dragon,1500,5751,1740,1485,2590,850,3806
americas,60,uncapped_empirical,0.75,timely_independent,20261001,teamfight,1500,9817,716,562,1642,926,6507
americas,60,uncapped_empirical,0.75,timely_independent,20261002,baron,1500,1631,578,384,1404,826,1104
americas,60,uncapped_empirical,0.75,timely_independent,20261002,dragon,1500,5751,1739,1445,2534,795,3806
americas,60,uncapped_empirical,0.75,timely_independent,20261002,teamfight,1500,9817,674,530,1551,877,6507
americas,60,uncapped_empirical,1.0,timely_independent,20260930,baron,1500,1631,761,485,2003,1242,1104
americas,60,uncapped_empirical,1.0,timely_independent,20260930,dragon,1500,5751,2126,1705,3144,1018,3806
americas,60,uncapped_empirical,1.0,timely_independent,20260930,teamfight,1500,9817,940,711,2158,1218,6507
americas,60,uncapped_empirical,1.0,timely_independent,20261001,baron,1500,1631,798,494,2031,1233,1104
americas,60,uncapped_empirical,1.0,timely_independent,20261001,dragon,1500,5751,2091,1725,3158,1067,3806
americas,60,uncapped_empirical,1.0,timely_independent,20261001,teamfight,1500,9817,943,733,2206,1263,6507
americas,60,uncapped_empirical,1.0,timely_independent,20261002,baron,1500,1631,731,488,1932,1201,1104
americas,60,uncapped_empirical,1.0,timely_independent,20261002,dragon,1500,5751,2152,1713,3166,1014,3806
americas,60,uncapped_empirical,1.0,timely_independent,20261002,teamfight,1500,9817,961,742,2219,1258,6507
americas,30,uncapped_empirical,0.25,timely_leagueews,20260930,baron,1500,1631,279,159,538,259,533
americas,30,uncapped_empirical,0.25,timely_leagueews,20260930,dragon,1500,5751,473,343,753,280,1902
americas,30,uncapped_empirical,0.25,timely_leagueews,20260930,teamfight,1500,9817,222,135,505,283,3297
americas,30,uncapped_empirical,0.25,timely_leagueews,20261001,baron,1500,1631,277,154,537,260,533
americas,30,uncapped_empirical,0.25,timely_leagueews,20261001,dragon,1500,5751,407,317,695,288,1902
americas,30,uncapped_empirical,0.25,timely_leagueews,20261001,teamfight,1500,9817,198,118,488,290,3297
americas,30,uncapped_empirical,0.25,timely_leagueews,20261002,baron,1500,1631,264,144,511,247,533
americas,30,uncapped_empirical,0.25,timely_leagueews,20261002,dragon,1500,5751,428,317,699,271,1902
americas,30,uncapped_empirical,0.25,timely_leagueews,20261002,teamfight,1500,9817,186,121,464,278,3297
americas,30,uncapped_empirical,0.5,timely_leagueews,20260930,baron,1500,1631,403,245,997,594,533
americas,30,uncapped_empirical,0.5,timely_leagueews,20260930,dragon,1500,5751,800,533,1271,471,1902
americas,30,uncapped_empirical,0.5,timely_leagueews,20260930,teamfight,1500,9817,392,230,956,564,3297
americas,30,uncapped_empirical,0.5,timely_leagueews,20261001,baron,1500,1631,405,243,1041,636,533
americas,30,uncapped_empirical,0.5,timely_leagueews,20261001,dragon,1500,5751,747,522,1236,489,1902
americas,30,uncapped_empirical,0.5,timely_leagueews,20261001,teamfight,1500,9817,379,223,969,590,3297
americas,30,uncapped_empirical,0.5,timely_leagueews,20261002,baron,1500,1631,396,231,986,590,533
americas,30,uncapped_empirical,0.5,timely_leagueews,20261002,dragon,1500,5751,787,539,1281,494,1902
americas,30,uncapped_empirical,0.5,timely_leagueews,20261002,teamfight,1500,9817,354,222,937,583,3297
americas,30,uncapped_empirical,0.75,timely_leagueews,20260930,baron,1500,1631,496,301,1475,979,533
americas,30,uncapped_empirical,0.75,timely_leagueews,20260930,dragon,1500,5751,1100,702,1779,679,1902
americas,30,uncapped_empirical,0.75,timely_leagueews,20260930,teamfight,1500,9817,536,310,1421,885,3297
americas,30,uncapped_empirical,0.75,timely_leagueews,20261001,baron,1500,1631,481,291,1462,981,533
americas,30,uncapped_empirical,0.75,timely_leagueews,20261001,dragon,1500,5751,1106,727,1833,727,1902
americas,30,uncapped_empirical,0.75,timely_leagueews,20261001,teamfight,1500,9817,510,302,1360,850,3297
americas,30,uncapped_empirical,0.75,timely_leagueews,20261002,baron,1500,1631,478,289,1432,954,533
americas,30,uncapped_empirical,0.75,timely_leagueews,20261002,dragon,1500,5751,1111,723,1807,696,1902
americas,30,uncapped_empirical,0.75,timely_leagueews,20261002,teamfight,1500,9817,502,308,1360,858,3297
americas,30,uncapped_empirical,1.0,timely_leagueews,20260930,baron,1500,1631,559,346,1932,1373,533
americas,30,uncapped_empirical,1.0,timely_leagueews,20260930,dragon,1500,5751,1379,862,2292,913,1902
americas,30,uncapped_empirical,1.0,timely_leagueews,20260930,teamfight,1500,9817,695,405,1923,1228,3297
americas,30,uncapped_empirical,1.0,timely_leagueews,20261001,baron,1500,1631,552,340,1861,1309,533
americas,30,uncapped_empirical,1.0,timely_leagueews,20261001,dragon,1500,5751,1424,898,2386,962,1902
americas,30,uncapped_empirical,1.0,timely_leagueews,20261001,teamfight,1500,9817,637,369,1771,1134,3297
americas,30,uncapped_empirical,1.0,timely_leagueews,20261002,baron,1500,1631,541,328,1862,1321,533
americas,30,uncapped_empirical,1.0,timely_leagueews,20261002,dragon,1500,5751,1414,894,2355,941,1902
americas,30,uncapped_empirical,1.0,timely_leagueews,20261002,teamfight,1500,9817,659,406,1879,1220,3297
americas,60,uncapped_empirical,0.25,timely_leagueews,20260930,baron,1500,1631,251,147,512,261,1104
americas,60,uncapped_empirical,0.25,timely_leagueews,20260930,dragon,1500,5751,667,616,955,288,3806
americas,60,uncapped_empirical,0.25,timely_leagueews,20260930,teamfight,1500,9817,268,205,546,278,6507
americas,60,uncapped_empirical,0.25,timely_leagueews,20261001,baron,1500,1631,248,134,519,271,1104
americas,60,uncapped_empirical,0.25,timely_leagueews,20261001,dragon,1500,5751,690,647,977,287,3806
americas,60,uncapped_empirical,0.25,timely_leagueews,20261001,teamfight,1500,9817,293,235,589,296,6507
americas,60,uncapped_empirical,0.25,timely_leagueews,20261002,baron,1500,1631,230,138,525,295,1104
americas,60,uncapped_empirical,0.25,timely_leagueews,20261002,dragon,1500,5751,670,631,956,286,3806
americas,60,uncapped_empirical,0.25,timely_leagueews,20261002,teamfight,1500,9817,273,211,551,278,6507
americas,60,uncapped_empirical,0.5,timely_leagueews,20260930,baron,1500,1631,479,260,1045,566,1104
americas,60,uncapped_empirical,0.5,timely_leagueews,20260930,dragon,1500,5751,1272,1121,1815,543,3806
americas,60,uncapped_empirical,0.5,timely_leagueews,20260930,teamfight,1500,9817,540,421,1173,633,6507
americas,60,uncapped_empirical,0.5,timely_leagueews,20261001,baron,1500,1631,430,237,972,542,1104
americas,60,uncapped_empirical,0.5,timely_leagueews,20261001,dragon,1500,5751,1281,1139,1842,561,3806
americas,60,uncapped_empirical,0.5,timely_leagueews,20261001,teamfight,1500,9817,517,406,1101,584,6507
americas,60,uncapped_empirical,0.5,timely_leagueews,20261002,baron,1500,1631,431,261,1056,625,1104
americas,60,uncapped_empirical,0.5,timely_leagueews,20261002,dragon,1500,5751,1252,1126,1813,561,3806
americas,60,uncapped_empirical,0.5,timely_leagueews,20261002,teamfight,1500,9817,535,415,1135,600,6507
americas,60,uncapped_empirical,0.75,timely_leagueews,20260930,baron,1500,1631,639,354,1515,876,1104
americas,60,uncapped_empirical,0.75,timely_leagueews,20260930,dragon,1500,5751,1803,1505,2606,803,3806
americas,60,uncapped_empirical,0.75,timely_leagueews,20260930,teamfight,1500,9817,789,599,1742,953,6507
americas,60,uncapped_empirical,0.75,timely_leagueews,20261001,baron,1500,1631,615,354,1467,852,1104
americas,60,uncapped_empirical,0.75,timely_leagueews,20261001,dragon,1500,5751,1748,1483,2574,826,3806
americas,60,uncapped_empirical,0.75,timely_leagueews,20261001,teamfight,1500,9817,751,590,1643,892,6507
americas,60,uncapped_empirical,0.75,timely_leagueews,20261002,baron,1500,1631,597,370,1483,886,1104
americas,60,uncapped_empirical,0.75,timely_leagueews,20261002,dragon,1500,5751,1752,1477,2580,828,3806
americas,60,uncapped_empirical,0.75,timely_leagueews,20261002,teamfight,1500,9817,743,568,1637,894,6507
americas,60,uncapped_empirical,1.0,timely_leagueews,20260930,baron,1500,1631,820,475,1974,1154,1104
americas,60,uncapped_empirical,1.0,timely_leagueews,20260930,dragon,1500,5751,2222,1763,3234,1012,3806
americas,60,uncapped_empirical,1.0,timely_leagueews,20260930,teamfight,1500,9817,986,749,2237,1251,6507
americas,60,uncapped_empirical,1.0,timely_leagueews,20261001,baron,1500,1631,779,462,1942,1163,1104
americas,60,uncapped_empirical,1.0,timely_leagueews,20261001,dragon,1500,5751,2152,1737,3189,1037,3806
americas,60,uncapped_empirical,1.0,timely_leagueews,20261001,teamfight,1500,9817,951,719,2148,1197,6507
americas,60,uncapped_empirical,1.0,timely_leagueews,20261002,baron,1500,1631,758,473,1956,1198,1104
americas,60,uncapped_empirical,1.0,timely_leagueews,20261002,dragon,1500,5751,2193,1743,3210,1017,3806
americas,60,uncapped_empirical,1.0,timely_leagueews,20261002,teamfight,1500,9817,938,710,2124,1186,6507
americas,30,capped_empirical,0.25,timely_equal_sum,20260930,baron,1500,1631,290,162,513,223,533
americas,30,capped_empirical,0.25,timely_equal_sum,20260930,dragon,1500,5751,463,342,731,268,1902
americas,30,capped_empirical,0.25,timely_equal_sum,20260930,teamfight,1500,9817,209,123,470,261,3297
americas,30,capped_empirical,0.25,timely_equal_sum,20261001,baron,1500,1631,302,173,540,238,533
americas,30,capped_empirical,0.25,timely_equal_sum,20261001,dragon,1500,5751,426,312,698,272,1902
americas,30,capped_empirical,0.25,timely_equal_sum,20261001,teamfight,1500,9817,209,118,471,262,3297
americas,30,capped_empirical,0.25,timely_equal_sum,20261002,baron,1500,1631,269,143,494,225,533
americas,30,capped_empirical,0.25,timely_equal_sum,20261002,dragon,1500,5751,437,320,697,260,1902
americas,30,capped_empirical,0.25,timely_equal_sum,20261002,teamfight,1500,9817,209,128,485,276,3297
americas,30,capped_empirical,0.5,timely_equal_sum,20260930,baron,1500,1631,416,246,999,583,533
americas,30,capped_empirical,0.5,timely_equal_sum,20260930,dragon,1500,5751,803,537,1307,504,1902
americas,30,capped_empirical,0.5,timely_equal_sum,20260930,teamfight,1500,9817,394,232,964,570,3297
americas,30,capped_empirical,0.5,timely_equal_sum,20261001,baron,1500,1631,418,249,1012,594,533
americas,30,capped_empirical,0.5,timely_equal_sum,20261001,dragon,1500,5751,763,519,1259,496,1902
americas,30,capped_empirical,0.5,timely_equal_sum,20261001,teamfight,1500,9817,385,228,951,566,3297
americas,30,capped_empirical,0.5,timely_equal_sum,20261002,baron,1500,1631,417,247,1001,584,533
americas,30,capped_empirical,0.5,timely_equal_sum,20261002,dragon,1500,5751,793,544,1267,474,1902
americas,30,capped_empirical,0.5,timely_equal_sum,20261002,teamfight,1500,9817,384,229,977,593,3297
americas,30,capped_empirical,0.75,timely_equal_sum,20260930,baron,1500,1631,502,305,1441,939,533
americas,30,capped_empirical,0.75,timely_equal_sum,20260930,dragon,1500,5751,1095,693,1781,686,1902
americas,30,capped_empirical,0.75,timely_equal_sum,20260930,teamfight,1500,9817,520,301,1373,853,3297
americas,30,capped_empirical,0.75,timely_equal_sum,20261001,baron,1500,1631,506,313,1462,956,533
americas,30,capped_empirical,0.75,timely_equal_sum,20261001,dragon,1500,5751,1115,719,1824,709,1902
americas,30,capped_empirical,0.75,timely_equal_sum,20261001,teamfight,1500,9817,546,328,1427,881,3297
americas,30,capped_empirical,0.75,timely_equal_sum,20261002,baron,1500,1631,497,303,1470,973,533
americas,30,capped_empirical,0.75,timely_equal_sum,20261002,dragon,1500,5751,1143,747,1855,712,1902
americas,30,capped_empirical,0.75,timely_equal_sum,20261002,teamfight,1500,9817,524,307,1381,857,3297
americas,30,capped_empirical,1.0,timely_equal_sum,20260930,baron,1500,1631,554,348,1861,1307,533
americas,30,capped_empirical,1.0,timely_equal_sum,20260930,dragon,1500,5751,1386,867,2312,926,1902
americas,30,capped_empirical,1.0,timely_equal_sum,20260930,teamfight,1500,9817,629,369,1739,1110,3297
americas,30,capped_empirical,1.0,timely_equal_sum,20261001,baron,1500,1631,563,350,1889,1326,533
americas,30,capped_empirical,1.0,timely_equal_sum,20261001,dragon,1500,5751,1406,888,2310,904,1902
americas,30,capped_empirical,1.0,timely_equal_sum,20261001,teamfight,1500,9817,644,391,1770,1126,3297
americas,30,capped_empirical,1.0,timely_equal_sum,20261002,baron,1500,1631,550,338,1910,1360,533
americas,30,capped_empirical,1.0,timely_equal_sum,20261002,dragon,1500,5751,1407,902,2329,922,1902
americas,30,capped_empirical,1.0,timely_equal_sum,20261002,teamfight,1500,9817,651,378,1814,1163,3297
americas,60,capped_empirical,0.25,timely_equal_sum,20260930,baron,1500,1631,242,138,505,263,1104
americas,60,capped_empirical,0.25,timely_equal_sum,20260930,dragon,1500,5751,700,649,972,272,3806
americas,60,capped_empirical,0.25,timely_equal_sum,20260930,teamfight,1500,9817,272,209,550,278,6507
americas,60,capped_empirical,0.25,timely_equal_sum,20261001,baron,1500,1631,247,147,518,271,1104
americas,60,capped_empirical,0.25,timely_equal_sum,20261001,dragon,1500,5751,698,651,982,284,3806
americas,60,capped_empirical,0.25,timely_equal_sum,20261001,teamfight,1500,9817,267,206,551,284,6507
americas,60,capped_empirical,0.25,timely_equal_sum,20261002,baron,1500,1631,271,161,588,317,1104
americas,60,capped_empirical,0.25,timely_equal_sum,20261002,dragon,1500,5751,689,649,973,284,3806
americas,60,capped_empirical,0.25,timely_equal_sum,20261002,teamfight,1500,9817,267,210,527,260,6507
americas,60,capped_empirical,0.5,timely_equal_sum,20260930,baron,1500,1631,471,274,1045,574,1104
americas,60,capped_empirical,0.5,timely_equal_sum,20260930,dragon,1500,5751,1307,1143,1868,561,3806
americas,60,capped_empirical,0.5,timely_equal_sum,20260930,teamfight,1500,9817,529,412,1137,608,6507
americas,60,capped_empirical,0.5,timely_equal_sum,20261001,baron,1500,1631,452,273,996,544,1104
americas,60,capped_empirical,0.5,timely_equal_sum,20261001,dragon,1500,5751,1270,1119,1822,552,3806
americas,60,capped_empirical,0.5,timely_equal_sum,20261001,teamfight,1500,9817,505,391,1113,608,6507
americas,60,capped_empirical,0.5,timely_equal_sum,20261002,baron,1500,1631,433,269,1030,597,1104
americas,60,capped_empirical,0.5,timely_equal_sum,20261002,dragon,1500,5751,1248,1118,1787,539,3806
americas,60,capped_empirical,0.5,timely_equal_sum,20261002,teamfight,1500,9817,531,416,1115,584,6507
americas,60,capped_empirical,0.75,timely_equal_sum,20260930,baron,1500,1631,660,396,1561,901,1104
americas,60,capped_empirical,0.75,timely_equal_sum,20260930,dragon,1500,5751,1745,1461,2524,779,3806
americas,60,capped_empirical,0.75,timely_equal_sum,20260930,teamfight,1500,9817,746,578,1641,895,6507
americas,60,capped_empirical,0.75,timely_equal_sum,20261001,baron,1500,1631,640,387,1501,861,1104
americas,60,capped_empirical,0.75,timely_equal_sum,20261001,dragon,1500,5751,1732,1450,2530,798,3806
americas,60,capped_empirical,0.75,timely_equal_sum,20261001,teamfight,1500,9817,734,565,1612,878,6507
americas,60,capped_empirical,0.75,timely_equal_sum,20261002,baron,1500,1631,593,372,1517,924,1104
americas,60,capped_empirical,0.75,timely_equal_sum,20261002,dragon,1500,5751,1704,1452,2531,827,3806
americas,60,capped_empirical,0.75,timely_equal_sum,20261002,teamfight,1500,9817,776,592,1702,926,6507
americas,60,capped_empirical,1.0,timely_equal_sum,20260930,baron,1500,1631,815,502,2041,1226,1104
americas,60,capped_empirical,1.0,timely_equal_sum,20260930,dragon,1500,5751,2184,1740,3150,966,3806
americas,60,capped_empirical,1.0,timely_equal_sum,20260930,teamfight,1500,9817,968,735,2191,1223,6507
americas,60,capped_empirical,1.0,timely_equal_sum,20261001,baron,1500,1631,817,495,2044,1227,1104
americas,60,capped_empirical,1.0,timely_equal_sum,20261001,dragon,1500,5751,2160,1714,3141,981,3806
americas,60,capped_empirical,1.0,timely_equal_sum,20261001,teamfight,1500,9817,969,744,2195,1226,6507
americas,60,capped_empirical,1.0,timely_equal_sum,20261002,baron,1500,1631,770,490,2023,1253,1104
americas,60,capped_empirical,1.0,timely_equal_sum,20261002,dragon,1500,5751,2141,1735,3163,1022,3806
americas,60,capped_empirical,1.0,timely_equal_sum,20261002,teamfight,1500,9817,964,733,2167,1203,6507
americas,30,capped_empirical,0.25,timely_equal_tcn,20260930,baron,1500,1631,270,146,513,243,533
americas,30,capped_empirical,0.25,timely_equal_tcn,20260930,dragon,1500,5751,437,311,708,271,1902
americas,30,capped_empirical,0.25,timely_equal_tcn,20260930,teamfight,1500,9817,205,114,464,259,3297
americas,30,capped_empirical,0.25,timely_equal_tcn,20261001,baron,1500,1631,285,162,540,255,533
americas,30,capped_empirical,0.25,timely_equal_tcn,20261001,dragon,1500,5751,421,293,659,238,1902
americas,30,capped_empirical,0.25,timely_equal_tcn,20261001,teamfight,1500,9817,193,111,428,235,3297
americas,30,capped_empirical,0.25,timely_equal_tcn,20261002,baron,1500,1631,272,148,524,252,533
americas,30,capped_empirical,0.25,timely_equal_tcn,20261002,dragon,1500,5751,408,311,678,270,1902
americas,30,capped_empirical,0.25,timely_equal_tcn,20261002,teamfight,1500,9817,192,108,468,276,3297
americas,30,capped_empirical,0.5,timely_equal_tcn,20260930,baron,1500,1631,420,254,1011,591,533
americas,30,capped_empirical,0.5,timely_equal_tcn,20260930,dragon,1500,5751,742,483,1182,440,1902
americas,30,capped_empirical,0.5,timely_equal_tcn,20260930,teamfight,1500,9817,362,205,953,591,3297
americas,30,capped_empirical,0.5,timely_equal_tcn,20261001,baron,1500,1631,413,243,1026,613,533
americas,30,capped_empirical,0.5,timely_equal_tcn,20261001,dragon,1500,5751,779,490,1218,439,1902
americas,30,capped_empirical,0.5,timely_equal_tcn,20261001,teamfight,1500,9817,352,205,908,556,3297
americas,30,capped_empirical,0.5,timely_equal_tcn,20261002,baron,1500,1631,410,236,1013,603,533
americas,30,capped_empirical,0.5,timely_equal_tcn,20261002,dragon,1500,5751,718,481,1159,441,1902
americas,30,capped_empirical,0.5,timely_equal_tcn,20261002,teamfight,1500,9817,376,218,964,588,3297
americas,30,capped_empirical,0.75,timely_equal_tcn,20260930,baron,1500,1631,485,292,1475,990,533
americas,30,capped_empirical,0.75,timely_equal_tcn,20260930,dragon,1500,5751,1107,694,1782,675,1902
americas,30,capped_empirical,0.75,timely_equal_tcn,20260930,teamfight,1500,9817,485,275,1334,849,3297
americas,30,capped_empirical,0.75,timely_equal_tcn,20261001,baron,1500,1631,496,302,1470,974,533
americas,30,capped_empirical,0.75,timely_equal_tcn,20261001,dragon,1500,5751,1103,672,1772,669,1902
americas,30,capped_empirical,0.75,timely_equal_tcn,20261001,teamfight,1500,9817,503,302,1354,851,3297
americas,30,capped_empirical,0.75,timely_equal_tcn,20261002,baron,1500,1631,490,292,1452,962,533
americas,30,capped_empirical,0.75,timely_equal_tcn,20261002,dragon,1500,5751,1126,709,1829,703,1902
americas,30,capped_empirical,0.75,timely_equal_tcn,20261002,teamfight,1500,9817,516,300,1407,891,3297
americas,30,capped_empirical,1.0,timely_equal_tcn,20260930,baron,1500,1631,551,335,1857,1306,533
americas,30,capped_empirical,1.0,timely_equal_tcn,20260930,dragon,1500,5751,1429,876,2385,956,1902
americas,30,capped_empirical,1.0,timely_equal_tcn,20260930,teamfight,1500,9817,645,371,1789,1144,3297
americas,30,capped_empirical,1.0,timely_equal_tcn,20261001,baron,1500,1631,540,333,1845,1305,533
americas,30,capped_empirical,1.0,timely_equal_tcn,20261001,dragon,1500,5751,1407,868,2306,899,1902
americas,30,capped_empirical,1.0,timely_equal_tcn,20261001,teamfight,1500,9817,621,370,1758,1137,3297
americas,30,capped_empirical,1.0,timely_equal_tcn,20261002,baron,1500,1631,542,333,1861,1319,533
americas,30,capped_empirical,1.0,timely_equal_tcn,20261002,dragon,1500,5751,1419,885,2344,925,1902
americas,30,capped_empirical,1.0,timely_equal_tcn,20261002,teamfight,1500,9817,641,367,1810,1169,3297
americas,60,capped_empirical,0.25,timely_equal_tcn,20260930,baron,1500,1631,250,136,533,283,1104
americas,60,capped_empirical,0.25,timely_equal_tcn,20260930,dragon,1500,5751,712,642,997,285,3806
americas,60,capped_empirical,0.25,timely_equal_tcn,20260930,teamfight,1500,9817,274,213,557,283,6507
americas,60,capped_empirical,0.25,timely_equal_tcn,20261001,baron,1500,1631,233,118,481,248,1104
americas,60,capped_empirical,0.25,timely_equal_tcn,20261001,dragon,1500,5751,695,627,977,282,3806
americas,60,capped_empirical,0.25,timely_equal_tcn,20261001,teamfight,1500,9817,263,208,529,266,6507
americas,60,capped_empirical,0.25,timely_equal_tcn,20261002,baron,1500,1631,238,122,536,298,1104
americas,60,capped_empirical,0.25,timely_equal_tcn,20261002,dragon,1500,5751,708,661,997,289,3806
americas,60,capped_empirical,0.25,timely_equal_tcn,20261002,teamfight,1500,9817,263,206,561,298,6507
americas,60,capped_empirical,0.5,timely_equal_tcn,20260930,baron,1500,1631,456,261,1022,566,1104
americas,60,capped_empirical,0.5,timely_equal_tcn,20260930,dragon,1500,5751,1279,1100,1792,513,3806
americas,60,capped_empirical,0.5,timely_equal_tcn,20260930,teamfight,1500,9817,471,364,1041,570,6507
americas,60,capped_empirical,0.5,timely_equal_tcn,20261001,baron,1500,1631,423,232,935,512,1104
americas,60,capped_empirical,0.5,timely_equal_tcn,20261001,dragon,1500,5751,1293,1108,1836,543,3806
americas,60,capped_empirical,0.5,timely_equal_tcn,20261001,teamfight,1500,9817,484,380,1076,592,6507
americas,60,capped_empirical,0.5,timely_equal_tcn,20261002,baron,1500,1631,430,250,1030,600,1104
americas,60,capped_empirical,0.5,timely_equal_tcn,20261002,dragon,1500,5751,1254,1128,1831,577,3806
americas,60,capped_empirical,0.5,timely_equal_tcn,20261002,teamfight,1500,9817,530,415,1167,637,6507
americas,60,capped_empirical,0.75,timely_equal_tcn,20260930,baron,1500,1631,620,363,1502,882,1104
americas,60,capped_empirical,0.75,timely_equal_tcn,20260930,dragon,1500,5751,1731,1417,2505,774,3806
americas,60,capped_empirical,0.75,timely_equal_tcn,20260930,teamfight,1500,9817,735,569,1684,949,6507
americas,60,capped_empirical,0.75,timely_equal_tcn,20261001,baron,1500,1631,625,346,1481,856,1104
americas,60,capped_empirical,0.75,timely_equal_tcn,20261001,dragon,1500,5751,1737,1439,2509,772,3806
americas,60,capped_empirical,0.75,timely_equal_tcn,20261001,teamfight,1500,9817,692,542,1612,920,6507
americas,60,capped_empirical,0.75,timely_equal_tcn,20261002,baron,1500,1631,593,355,1499,906,1104
americas,60,capped_empirical,0.75,timely_equal_tcn,20261002,dragon,1500,5751,1721,1468,2562,841,3806
americas,60,capped_empirical,0.75,timely_equal_tcn,20261002,teamfight,1500,9817,757,575,1687,930,6507
americas,60,capped_empirical,1.0,timely_equal_tcn,20260930,baron,1500,1631,786,466,1990,1204,1104
americas,60,capped_empirical,1.0,timely_equal_tcn,20260930,dragon,1500,5751,2178,1688,3146,968,3806
americas,60,capped_empirical,1.0,timely_equal_tcn,20260930,teamfight,1500,9817,919,708,2156,1237,6507
americas,60,capped_empirical,1.0,timely_equal_tcn,20261001,baron,1500,1631,802,462,1988,1186,1104
americas,60,capped_empirical,1.0,timely_equal_tcn,20261001,dragon,1500,5751,2129,1665,3110,981,3806
americas,60,capped_empirical,1.0,timely_equal_tcn,20261001,teamfight,1500,9817,941,739,2221,1280,6507
americas,60,capped_empirical,1.0,timely_equal_tcn,20261002,baron,1500,1631,727,443,1934,1207,1104
americas,60,capped_empirical,1.0,timely_equal_tcn,20261002,dragon,1500,5751,2097,1693,3135,1038,3806
americas,60,capped_empirical,1.0,timely_equal_tcn,20261002,teamfight,1500,9817,943,723,2145,1202,6507
americas,30,capped_empirical,0.25,timely_equal_gru,20260930,baron,1500,1631,163,79,443,280,533
americas,30,capped_empirical,0.25,timely_equal_gru,20260930,dragon,1500,5751,16,16,307,291,1902
americas,30,capped_empirical,0.25,timely_equal_gru,20260930,teamfight,1500,9817,119,73,379,260,3297
americas,30,capped_empirical,0.25,timely_equal_gru,20261001,baron,1500,1631,187,97,474,287,533
americas,30,capped_empirical,0.25,timely_equal_gru,20261001,dragon,1500,5751,12,12,298,286,1902
americas,30,capped_empirical,0.25,timely_equal_gru,20261001,teamfight,1500,9817,124,78,408,284,3297
americas,30,capped_empirical,0.25,timely_equal_gru,20261002,baron,1500,1631,143,76,422,279,533
americas,30,capped_empirical,0.25,timely_equal_gru,20261002,dragon,1500,5751,22,22,345,323,1902
americas,30,capped_empirical,0.25,timely_equal_gru,20261002,teamfight,1500,9817,101,65,371,270,3297
americas,30,capped_empirical,0.5,timely_equal_gru,20260930,baron,1500,1631,275,150,908,633,533
americas,30,capped_empirical,0.5,timely_equal_gru,20260930,dragon,1500,5751,96,96,745,649,1902
americas,30,capped_empirical,0.5,timely_equal_gru,20260930,teamfight,1500,9817,229,140,736,507,3297
americas,30,capped_empirical,0.5,timely_equal_gru,20261001,baron,1500,1631,296,165,915,619,533
americas,30,capped_empirical,0.5,timely_equal_gru,20261001,dragon,1500,5751,79,79,741,662,1902
americas,30,capped_empirical,0.5,timely_equal_gru,20261001,teamfight,1500,9817,267,165,832,565,3297
americas,30,capped_empirical,0.5,timely_equal_gru,20261002,baron,1500,1631,239,141,865,626,533
americas,30,capped_empirical,0.5,timely_equal_gru,20261002,dragon,1500,5751,95,95,720,625,1902
americas,30,capped_empirical,0.5,timely_equal_gru,20261002,teamfight,1500,9817,198,126,762,564,3297
americas,30,capped_empirical,0.75,timely_equal_gru,20260930,baron,1500,1631,361,214,1323,962,533
americas,30,capped_empirical,0.75,timely_equal_gru,20260930,dragon,1500,5751,171,170,1186,1015,1902
americas,30,capped_empirical,0.75,timely_equal_gru,20260930,teamfight,1500,9817,342,208,1192,850,3297
americas,30,capped_empirical,0.75,timely_equal_gru,20261001,baron,1500,1631,381,225,1338,957,533
americas,30,capped_empirical,0.75,timely_equal_gru,20261001,dragon,1500,5751,162,161,1224,1062,1902
americas,30,capped_empirical,0.75,timely_equal_gru,20261001,teamfight,1500,9817,372,227,1168,796,3297
americas,30,capped_empirical,0.75,timely_equal_gru,20261002,baron,1500,1631,325,200,1286,961,533
americas,30,capped_empirical,0.75,timely_equal_gru,20261002,dragon,1500,5751,169,166,1189,1020,1902
americas,30,capped_empirical,0.75,timely_equal_gru,20261002,teamfight,1500,9817,285,186,1143,858,3297
americas,30,capped_empirical,1.0,timely_equal_gru,20260930,baron,1500,1631,432,266,1834,1402,533
americas,30,capped_empirical,1.0,timely_equal_gru,20260930,dragon,1500,5751,279,257,1638,1359,1902
americas,30,capped_empirical,1.0,timely_equal_gru,20260930,teamfight,1500,9817,475,291,1704,1229,3297
americas,30,capped_empirical,1.0,timely_equal_gru,20261001,baron,1500,1631,460,274,1794,1334,533
americas,30,capped_empirical,1.0,timely_equal_gru,20261001,dragon,1500,5751,275,250,1647,1372,1902
americas,30,capped_empirical,1.0,timely_equal_gru,20261001,teamfight,1500,9817,469,290,1614,1145,3297
americas,30,capped_empirical,1.0,timely_equal_gru,20261002,baron,1500,1631,395,249,1764,1369,533
americas,30,capped_empirical,1.0,timely_equal_gru,20261002,dragon,1500,5751,317,281,1703,1386,1902
americas,30,capped_empirical,1.0,timely_equal_gru,20261002,teamfight,1500,9817,398,260,1692,1294,3297
americas,60,capped_empirical,0.25,timely_equal_gru,20260930,baron,1500,1631,154,83,412,258,1104
americas,60,capped_empirical,0.25,timely_equal_gru,20260930,dragon,1500,5751,89,89,435,346,3806
americas,60,capped_empirical,0.25,timely_equal_gru,20260930,teamfight,1500,9817,200,172,532,332,6507
americas,60,capped_empirical,0.25,timely_equal_gru,20261001,baron,1500,1631,201,101,479,278,1104
americas,60,capped_empirical,0.25,timely_equal_gru,20261001,dragon,1500,5751,73,73,418,345,3806
americas,60,capped_empirical,0.25,timely_equal_gru,20261001,teamfight,1500,9817,195,166,553,358,6507
americas,60,capped_empirical,0.25,timely_equal_gru,20261002,baron,1500,1631,145,84,430,285,1104
americas,60,capped_empirical,0.25,timely_equal_gru,20261002,dragon,1500,5751,88,88,423,335,3806
americas,60,capped_empirical,0.25,timely_equal_gru,20261002,teamfight,1500,9817,194,167,506,312,6507
americas,60,capped_empirical,0.5,timely_equal_gru,20260930,baron,1500,1631,372,204,964,592,1104
americas,60,capped_empirical,0.5,timely_equal_gru,20260930,dragon,1500,5751,205,205,965,760,3806
americas,60,capped_empirical,0.5,timely_equal_gru,20260930,teamfight,1500,9817,417,346,1048,631,6507
americas,60,capped_empirical,0.5,timely_equal_gru,20261001,baron,1500,1631,387,200,969,582,1104
americas,60,capped_empirical,0.5,timely_equal_gru,20261001,dragon,1500,5751,185,185,943,758,3806
americas,60,capped_empirical,0.5,timely_equal_gru,20261001,teamfight,1500,9817,396,333,1072,676,6507
americas,60,capped_empirical,0.5,timely_equal_gru,20261002,baron,1500,1631,298,174,865,567,1104
americas,60,capped_empirical,0.5,timely_equal_gru,20261002,dragon,1500,5751,239,239,1000,761,3806
americas,60,capped_empirical,0.5,timely_equal_gru,20261002,teamfight,1500,9817,388,327,1029,641,6507
americas,60,capped_empirical,0.75,timely_equal_gru,20260930,baron,1500,1631,561,321,1460,899,1104
americas,60,capped_empirical,0.75,timely_equal_gru,20260930,dragon,1500,5751,300,300,1360,1060,3806
americas,60,capped_empirical,0.75,timely_equal_gru,20260930,teamfight,1500,9817,608,493,1620,1012,6507
americas,60,capped_empirical,0.75,timely_equal_gru,20261001,baron,1500,1631,551,296,1410,859,1104
americas,60,capped_empirical,0.75,timely_equal_gru,20261001,dragon,1500,5751,313,313,1407,1094,3806
americas,60,capped_empirical,0.75,timely_equal_gru,20261001,teamfight,1500,9817,592,487,1576,984,6507
americas,60,capped_empirical,0.75,timely_equal_gru,20261002,baron,1500,1631,470,277,1390,920,1104
americas,60,capped_empirical,0.75,timely_equal_gru,20261002,dragon,1500,5751,355,355,1404,1049,3806
americas,60,capped_empirical,0.75,timely_equal_gru,20261002,teamfight,1500,9817,566,468,1558,992,6507
americas,60,capped_empirical,1.0,timely_equal_gru,20260930,baron,1500,1631,688,405,1956,1268,1104
americas,60,capped_empirical,1.0,timely_equal_gru,20260930,dragon,1500,5751,427,427,1883,1456,3806
americas,60,capped_empirical,1.0,timely_equal_gru,20260930,teamfight,1500,9817,776,621,2066,1290,6507
americas,60,capped_empirical,1.0,timely_equal_gru,20261001,baron,1500,1631,713,400,1943,1230,1104
americas,60,capped_empirical,1.0,timely_equal_gru,20261001,dragon,1500,5751,450,450,1909,1459,3806
americas,60,capped_empirical,1.0,timely_equal_gru,20261001,teamfight,1500,9817,764,623,2042,1278,6507
americas,60,capped_empirical,1.0,timely_equal_gru,20261002,baron,1500,1631,597,370,1818,1221,1104
americas,60,capped_empirical,1.0,timely_equal_gru,20261002,dragon,1500,5751,514,514,1986,1472,3806
americas,60,capped_empirical,1.0,timely_equal_gru,20261002,teamfight,1500,9817,747,605,2047,1300,6507
americas,30,capped_empirical,0.25,timely_independent,20260930,baron,1500,1631,269,159,511,242,533
americas,30,capped_empirical,0.25,timely_independent,20260930,dragon,1500,5751,386,287,646,260,1902
americas,30,capped_empirical,0.25,timely_independent,20260930,teamfight,1500,9817,204,125,486,282,3297
americas,30,capped_empirical,0.25,timely_independent,20261001,baron,1500,1631,280,157,527,247,533
americas,30,capped_empirical,0.25,timely_independent,20261001,dragon,1500,5751,377,287,671,294,1902
americas,30,capped_empirical,0.25,timely_independent,20261001,teamfight,1500,9817,191,109,426,235,3297
americas,30,capped_empirical,0.25,timely_independent,20261002,baron,1500,1631,277,154,510,233,533
americas,30,capped_empirical,0.25,timely_independent,20261002,dragon,1500,5751,362,278,635,273,1902
americas,30,capped_empirical,0.25,timely_independent,20261002,teamfight,1500,9817,194,117,452,258,3297
americas,30,capped_empirical,0.5,timely_independent,20260930,baron,1500,1631,383,226,968,585,533
americas,30,capped_empirical,0.5,timely_independent,20260930,dragon,1500,5751,748,505,1276,528,1902
americas,30,capped_empirical,0.5,timely_independent,20260930,teamfight,1500,9817,388,220,990,602,3297
americas,30,capped_empirical,0.5,timely_independent,20261001,baron,1500,1631,396,240,973,577,533
americas,30,capped_empirical,0.5,timely_independent,20261001,dragon,1500,5751,716,499,1268,552,1902
americas,30,capped_empirical,0.5,timely_independent,20261001,teamfight,1500,9817,373,207,903,530,3297
americas,30,capped_empirical,0.5,timely_independent,20261002,baron,1500,1631,413,247,969,556,533
americas,30,capped_empirical,0.5,timely_independent,20261002,dragon,1500,5751,735,520,1274,539,1902
americas,30,capped_empirical,0.5,timely_independent,20261002,teamfight,1500,9817,339,205,858,519,3297
americas,30,capped_empirical,0.75,timely_independent,20260930,baron,1500,1631,471,290,1418,947,533
americas,30,capped_empirical,0.75,timely_independent,20260930,dragon,1500,5751,1074,699,1792,718,1902
americas,30,capped_empirical,0.75,timely_independent,20260930,teamfight,1500,9817,542,308,1392,850,3297
americas,30,capped_empirical,0.75,timely_independent,20261001,baron,1500,1631,474,293,1407,933,533
americas,30,capped_empirical,0.75,timely_independent,20261001,dragon,1500,5751,1035,687,1810,775,1902
americas,30,capped_empirical,0.75,timely_independent,20261001,teamfight,1500,9817,523,305,1356,833,3297
americas,30,capped_empirical,0.75,timely_independent,20261002,baron,1500,1631,468,286,1386,918,533
americas,30,capped_empirical,0.75,timely_independent,20261002,dragon,1500,5751,1056,703,1813,757,1902
americas,30,capped_empirical,0.75,timely_independent,20261002,teamfight,1500,9817,515,306,1340,825,3297
americas,30,capped_empirical,1.0,timely_independent,20260930,baron,1500,1631,526,326,1814,1288,533
americas,30,capped_empirical,1.0,timely_independent,20260930,dragon,1500,5751,1348,856,2325,977,1902
americas,30,capped_empirical,1.0,timely_independent,20260930,teamfight,1500,9817,670,381,1804,1134,3297
americas,30,capped_empirical,1.0,timely_independent,20261001,baron,1500,1631,545,337,1891,1346,533
americas,30,capped_empirical,1.0,timely_independent,20261001,dragon,1500,5751,1328,843,2327,999,1902
americas,30,capped_empirical,1.0,timely_independent,20261001,teamfight,1500,9817,641,371,1819,1178,3297
americas,30,capped_empirical,1.0,timely_independent,20261002,baron,1500,1631,528,332,1809,1281,533
americas,30,capped_empirical,1.0,timely_independent,20261002,dragon,1500,5751,1362,887,2359,997,1902
americas,30,capped_empirical,1.0,timely_independent,20261002,teamfight,1500,9817,614,376,1731,1117,3297
americas,60,capped_empirical,0.25,timely_independent,20260930,baron,1500,1631,230,149,489,259,1104
americas,60,capped_empirical,0.25,timely_independent,20260930,dragon,1500,5751,719,656,1001,282,3806
americas,60,capped_empirical,0.25,timely_independent,20260930,teamfight,1500,9817,244,185,524,280,6507
americas,60,capped_empirical,0.25,timely_independent,20261001,baron,1500,1631,278,169,541,263,1104
americas,60,capped_empirical,0.25,timely_independent,20261001,dragon,1500,5751,670,629,945,275,3806
americas,60,capped_empirical,0.25,timely_independent,20261001,teamfight,1500,9817,235,184,552,317,6507
americas,60,capped_empirical,0.25,timely_independent,20261002,baron,1500,1631,241,166,550,309,1104
americas,60,capped_empirical,0.25,timely_independent,20261002,dragon,1500,5751,725,673,1036,311,3806
americas,60,capped_empirical,0.25,timely_independent,20261002,teamfight,1500,9817,270,211,563,293,6507
americas,60,capped_empirical,0.5,timely_independent,20260930,baron,1500,1631,434,274,1017,583,1104
americas,60,capped_empirical,0.5,timely_independent,20260930,dragon,1500,5751,1312,1138,1855,543,3806
americas,60,capped_empirical,0.5,timely_independent,20260930,teamfight,1500,9817,483,366,1109,626,6507
americas,60,capped_empirical,0.5,timely_independent,20261001,baron,1500,1631,456,275,998,542,1104
americas,60,capped_empirical,0.5,timely_independent,20261001,dragon,1500,5751,1263,1129,1834,571,3806
americas,60,capped_empirical,0.5,timely_independent,20261001,teamfight,1500,9817,497,396,1152,655,6507
americas,60,capped_empirical,0.5,timely_independent,20261002,baron,1500,1631,442,295,1038,596,1104
americas,60,capped_empirical,0.5,timely_independent,20261002,dragon,1500,5751,1294,1135,1861,567,3806
americas,60,capped_empirical,0.5,timely_independent,20261002,teamfight,1500,9817,483,383,1080,597,6507
americas,60,capped_empirical,0.75,timely_independent,20260930,baron,1500,1631,601,376,1488,887,1104
americas,60,capped_empirical,0.75,timely_independent,20260930,dragon,1500,5751,1725,1436,2516,791,3806
americas,60,capped_empirical,0.75,timely_independent,20260930,teamfight,1500,9817,718,558,1640,922,6507
americas,60,capped_empirical,0.75,timely_independent,20261001,baron,1500,1631,618,373,1476,858,1104
americas,60,capped_empirical,0.75,timely_independent,20261001,dragon,1500,5751,1734,1479,2583,849,3806
americas,60,capped_empirical,0.75,timely_independent,20261001,teamfight,1500,9817,706,562,1646,940,6507
americas,60,capped_empirical,0.75,timely_independent,20261002,baron,1500,1631,566,373,1371,805,1104
americas,60,capped_empirical,0.75,timely_independent,20261002,dragon,1500,5751,1730,1437,2522,792,3806
americas,60,capped_empirical,0.75,timely_independent,20261002,teamfight,1500,9817,683,542,1574,891,6507
americas,60,capped_empirical,1.0,timely_independent,20260930,baron,1500,1631,749,479,2027,1278,1104
americas,60,capped_empirical,1.0,timely_independent,20260930,dragon,1500,5751,2107,1690,3116,1009,3806
americas,60,capped_empirical,1.0,timely_independent,20260930,teamfight,1500,9817,954,727,2196,1242,6507
americas,60,capped_empirical,1.0,timely_independent,20261001,baron,1500,1631,786,486,2030,1244,1104
americas,60,capped_empirical,1.0,timely_independent,20261001,dragon,1500,5751,2111,1728,3178,1067,3806
americas,60,capped_empirical,1.0,timely_independent,20261001,teamfight,1500,9817,949,748,2214,1265,6507
americas,60,capped_empirical,1.0,timely_independent,20261002,baron,1500,1631,715,477,1934,1219,1104
americas,60,capped_empirical,1.0,timely_independent,20261002,dragon,1500,5751,2128,1693,3123,995,3806
americas,60,capped_empirical,1.0,timely_independent,20261002,teamfight,1500,9817,941,729,2167,1226,6507
americas,30,capped_empirical,0.25,timely_leagueews,20260930,baron,1500,1631,278,158,537,259,533
americas,30,capped_empirical,0.25,timely_leagueews,20260930,dragon,1500,5751,473,343,753,280,1902
americas,30,capped_empirical,0.25,timely_leagueews,20260930,teamfight,1500,9817,221,134,504,283,3297
americas,30,capped_empirical,0.25,timely_leagueews,20261001,baron,1500,1631,276,153,536,260,533
americas,30,capped_empirical,0.25,timely_leagueews,20261001,dragon,1500,5751,407,317,695,288,1902
americas,30,capped_empirical,0.25,timely_leagueews,20261001,teamfight,1500,9817,196,116,485,289,3297
americas,30,capped_empirical,0.25,timely_leagueews,20261002,baron,1500,1631,264,144,511,247,533
americas,30,capped_empirical,0.25,timely_leagueews,20261002,dragon,1500,5751,428,317,699,271,1902
americas,30,capped_empirical,0.25,timely_leagueews,20261002,teamfight,1500,9817,186,121,464,278,3297
americas,30,capped_empirical,0.5,timely_leagueews,20260930,baron,1500,1631,401,242,994,593,533
americas,30,capped_empirical,0.5,timely_leagueews,20260930,dragon,1500,5751,800,533,1270,470,1902
americas,30,capped_empirical,0.5,timely_leagueews,20260930,teamfight,1500,9817,386,227,947,561,3297
americas,30,capped_empirical,0.5,timely_leagueews,20261001,baron,1500,1631,400,238,1023,623,533
americas,30,capped_empirical,0.5,timely_leagueews,20261001,dragon,1500,5751,746,521,1235,489,1902
americas,30,capped_empirical,0.5,timely_leagueews,20261001,teamfight,1500,9817,376,221,959,583,3297
americas,30,capped_empirical,0.5,timely_leagueews,20261002,baron,1500,1631,398,231,994,596,533
americas,30,capped_empirical,0.5,timely_leagueews,20261002,dragon,1500,5751,787,539,1281,494,1902
americas,30,capped_empirical,0.5,timely_leagueews,20261002,teamfight,1500,9817,348,219,927,579,3297
americas,30,capped_empirical,0.75,timely_leagueews,20260930,baron,1500,1631,487,294,1449,962,533
americas,30,capped_empirical,0.75,timely_leagueews,20260930,dragon,1500,5751,1095,700,1772,677,1902
americas,30,capped_empirical,0.75,timely_leagueews,20260930,teamfight,1500,9817,523,304,1391,868,3297
americas,30,capped_empirical,0.75,timely_leagueews,20261001,baron,1500,1631,476,287,1450,974,533
americas,30,capped_empirical,0.75,timely_leagueews,20261001,dragon,1500,5751,1102,724,1827,725,1902
americas,30,capped_empirical,0.75,timely_leagueews,20261001,teamfight,1500,9817,519,303,1403,884,3297
americas,30,capped_empirical,0.75,timely_leagueews,20261002,baron,1500,1631,473,283,1416,943,533
americas,30,capped_empirical,0.75,timely_leagueews,20261002,dragon,1500,5751,1105,719,1798,693,1902
americas,30,capped_empirical,0.75,timely_leagueews,20261002,teamfight,1500,9817,513,313,1409,896,3297
americas,30,capped_empirical,1.0,timely_leagueews,20260930,baron,1500,1631,549,338,1887,1338,533
americas,30,capped_empirical,1.0,timely_leagueews,20260930,dragon,1500,5751,1368,859,2273,905,1902
americas,30,capped_empirical,1.0,timely_leagueews,20260930,teamfight,1500,9817,660,385,1843,1183,3297
americas,30,capped_empirical,1.0,timely_leagueews,20261001,baron,1500,1631,540,331,1822,1282,533
americas,30,capped_empirical,1.0,timely_leagueews,20261001,dragon,1500,5751,1407,890,2356,949,1902
americas,30,capped_empirical,1.0,timely_leagueews,20261001,teamfight,1500,9817,632,367,1776,1144,3297
americas,30,capped_empirical,1.0,timely_leagueews,20261002,baron,1500,1631,539,330,1865,1326,533
americas,30,capped_empirical,1.0,timely_leagueews,20261002,dragon,1500,5751,1397,885,2326,929,1902
americas,30,capped_empirical,1.0,timely_leagueews,20261002,teamfight,1500,9817,658,398,1891,1233,3297
americas,60,capped_empirical,0.25,timely_leagueews,20260930,baron,1500,1631,249,145,509,260,1104
americas,60,capped_empirical,0.25,timely_leagueews,20260930,dragon,1500,5751,667,616,955,288,3806
americas,60,capped_empirical,0.25,timely_leagueews,20260930,teamfight,1500,9817,264,202,541,277,6507
americas,60,capped_empirical,0.25,timely_leagueews,20261001,baron,1500,1631,248,134,519,271,1104
americas,60,capped_empirical,0.25,timely_leagueews,20261001,dragon,1500,5751,690,647,977,287,3806
americas,60,capped_empirical,0.25,timely_leagueews,20261001,teamfight,1500,9817,290,233,584,294,6507
americas,60,capped_empirical,0.25,timely_leagueews,20261002,baron,1500,1631,230,138,525,295,1104
americas,60,capped_empirical,0.25,timely_leagueews,20261002,dragon,1500,5751,670,631,956,286,3806
americas,60,capped_empirical,0.25,timely_leagueews,20261002,teamfight,1500,9817,273,211,551,278,6507
americas,60,capped_empirical,0.5,timely_leagueews,20260930,baron,1500,1631,474,256,1028,554,1104
americas,60,capped_empirical,0.5,timely_leagueews,20260930,dragon,1500,5751,1271,1120,1814,543,3806
americas,60,capped_empirical,0.5,timely_leagueews,20260930,teamfight,1500,9817,528,413,1151,623,6507
americas,60,capped_empirical,0.5,timely_leagueews,20261001,baron,1500,1631,451,244,1021,570,1104
americas,60,capped_empirical,0.5,timely_leagueews,20261001,dragon,1500,5751,1280,1138,1841,561,3806
americas,60,capped_empirical,0.5,timely_leagueews,20261001,teamfight,1500,9817,498,394,1069,571,6507
americas,60,capped_empirical,0.5,timely_leagueews,20261002,baron,1500,1631,426,257,1040,614,1104
americas,60,capped_empirical,0.5,timely_leagueews,20261002,dragon,1500,5751,1252,1126,1813,561,3806
americas,60,capped_empirical,0.5,timely_leagueews,20261002,teamfight,1500,9817,529,411,1121,592,6507
americas,60,capped_empirical,0.75,timely_leagueews,20260930,baron,1500,1631,634,347,1512,878,1104
americas,60,capped_empirical,0.75,timely_leagueews,20260930,dragon,1500,5751,1792,1497,2592,800,3806
americas,60,capped_empirical,0.75,timely_leagueews,20260930,teamfight,1500,9817,747,572,1653,906,6507
americas,60,capped_empirical,0.75,timely_leagueews,20261001,baron,1500,1631,632,366,1486,854,1104
americas,60,capped_empirical,0.75,timely_leagueews,20261001,dragon,1500,5751,1739,1476,2563,824,3806
americas,60,capped_empirical,0.75,timely_leagueews,20261001,teamfight,1500,9817,747,590,1657,910,6507
americas,60,capped_empirical,0.75,timely_leagueews,20261002,baron,1500,1631,581,357,1443,862,1104
americas,60,capped_empirical,0.75,timely_leagueews,20261002,dragon,1500,5751,1744,1469,2571,827,3806
americas,60,capped_empirical,0.75,timely_leagueews,20261002,teamfight,1500,9817,753,584,1652,899,6507
americas,60,capped_empirical,1.0,timely_leagueews,20260930,baron,1500,1631,818,471,1998,1180,1104
americas,60,capped_empirical,1.0,timely_leagueews,20260930,dragon,1500,5751,2189,1736,3182,993,3806
americas,60,capped_empirical,1.0,timely_leagueews,20260930,teamfight,1500,9817,956,727,2181,1225,6507
americas,60,capped_empirical,1.0,timely_leagueews,20261001,baron,1500,1631,796,469,1995,1199,1104
americas,60,capped_empirical,1.0,timely_leagueews,20261001,dragon,1500,5751,2159,1728,3208,1049,3806
americas,60,capped_empirical,1.0,timely_leagueews,20261001,teamfight,1500,9817,923,714,2103,1180,6507
americas,60,capped_empirical,1.0,timely_leagueews,20261002,baron,1500,1631,753,468,1973,1220,1104
americas,60,capped_empirical,1.0,timely_leagueews,20261002,dragon,1500,5751,2159,1716,3160,1001,3806
americas,60,capped_empirical,1.0,timely_leagueews,20261002,teamfight,1500,9817,943,717,2126,1183,6507
americas,30,capped_sequence,0.25,timely_equal_sum,20260930,baron,1500,1631,290,162,513,223,533
americas,30,capped_sequence,0.25,timely_equal_sum,20260930,dragon,1500,5751,463,342,731,268,1902
americas,30,capped_sequence,0.25,timely_equal_sum,20260930,teamfight,1500,9817,209,123,470,261,3297
americas,30,capped_sequence,0.25,timely_equal_sum,20261001,baron,1500,1631,302,173,540,238,533
americas,30,capped_sequence,0.25,timely_equal_sum,20261001,dragon,1500,5751,426,312,698,272,1902
americas,30,capped_sequence,0.25,timely_equal_sum,20261001,teamfight,1500,9817,209,118,471,262,3297
americas,30,capped_sequence,0.25,timely_equal_sum,20261002,baron,1500,1631,269,143,494,225,533
americas,30,capped_sequence,0.25,timely_equal_sum,20261002,dragon,1500,5751,437,320,697,260,1902
americas,30,capped_sequence,0.25,timely_equal_sum,20261002,teamfight,1500,9817,209,128,485,276,3297
americas,30,capped_sequence,0.5,timely_equal_sum,20260930,baron,1500,1631,416,246,999,583,533
americas,30,capped_sequence,0.5,timely_equal_sum,20260930,dragon,1500,5751,803,537,1307,504,1902
americas,30,capped_sequence,0.5,timely_equal_sum,20260930,teamfight,1500,9817,394,232,964,570,3297
americas,30,capped_sequence,0.5,timely_equal_sum,20261001,baron,1500,1631,418,249,1012,594,533
americas,30,capped_sequence,0.5,timely_equal_sum,20261001,dragon,1500,5751,763,519,1259,496,1902
americas,30,capped_sequence,0.5,timely_equal_sum,20261001,teamfight,1500,9817,385,228,951,566,3297
americas,30,capped_sequence,0.5,timely_equal_sum,20261002,baron,1500,1631,417,247,1001,584,533
americas,30,capped_sequence,0.5,timely_equal_sum,20261002,dragon,1500,5751,793,544,1267,474,1902
americas,30,capped_sequence,0.5,timely_equal_sum,20261002,teamfight,1500,9817,384,229,977,593,3297
americas,30,capped_sequence,0.75,timely_equal_sum,20260930,baron,1500,1631,502,305,1441,939,533
americas,30,capped_sequence,0.75,timely_equal_sum,20260930,dragon,1500,5751,1095,693,1781,686,1902
americas,30,capped_sequence,0.75,timely_equal_sum,20260930,teamfight,1500,9817,520,301,1373,853,3297
americas,30,capped_sequence,0.75,timely_equal_sum,20261001,baron,1500,1631,506,313,1462,956,533
americas,30,capped_sequence,0.75,timely_equal_sum,20261001,dragon,1500,5751,1115,719,1824,709,1902
americas,30,capped_sequence,0.75,timely_equal_sum,20261001,teamfight,1500,9817,546,328,1427,881,3297
americas,30,capped_sequence,0.75,timely_equal_sum,20261002,baron,1500,1631,497,303,1470,973,533
americas,30,capped_sequence,0.75,timely_equal_sum,20261002,dragon,1500,5751,1143,747,1855,712,1902
americas,30,capped_sequence,0.75,timely_equal_sum,20261002,teamfight,1500,9817,524,307,1381,857,3297
americas,30,capped_sequence,1.0,timely_equal_sum,20260930,baron,1500,1631,554,348,1861,1307,533
americas,30,capped_sequence,1.0,timely_equal_sum,20260930,dragon,1500,5751,1386,867,2312,926,1902
americas,30,capped_sequence,1.0,timely_equal_sum,20260930,teamfight,1500,9817,629,369,1739,1110,3297
americas,30,capped_sequence,1.0,timely_equal_sum,20261001,baron,1500,1631,563,350,1889,1326,533
americas,30,capped_sequence,1.0,timely_equal_sum,20261001,dragon,1500,5751,1406,888,2310,904,1902
americas,30,capped_sequence,1.0,timely_equal_sum,20261001,teamfight,1500,9817,644,391,1770,1126,3297
americas,30,capped_sequence,1.0,timely_equal_sum,20261002,baron,1500,1631,550,338,1910,1360,533
americas,30,capped_sequence,1.0,timely_equal_sum,20261002,dragon,1500,5751,1407,902,2329,922,1902
americas,30,capped_sequence,1.0,timely_equal_sum,20261002,teamfight,1500,9817,651,378,1814,1163,3297
americas,60,capped_sequence,0.25,timely_equal_sum,20260930,baron,1500,1631,242,138,505,263,1104
americas,60,capped_sequence,0.25,timely_equal_sum,20260930,dragon,1500,5751,700,649,972,272,3806
americas,60,capped_sequence,0.25,timely_equal_sum,20260930,teamfight,1500,9817,272,209,550,278,6507
americas,60,capped_sequence,0.25,timely_equal_sum,20261001,baron,1500,1631,247,147,518,271,1104
americas,60,capped_sequence,0.25,timely_equal_sum,20261001,dragon,1500,5751,698,651,982,284,3806
americas,60,capped_sequence,0.25,timely_equal_sum,20261001,teamfight,1500,9817,267,206,551,284,6507
americas,60,capped_sequence,0.25,timely_equal_sum,20261002,baron,1500,1631,271,161,588,317,1104
americas,60,capped_sequence,0.25,timely_equal_sum,20261002,dragon,1500,5751,689,649,973,284,3806
americas,60,capped_sequence,0.25,timely_equal_sum,20261002,teamfight,1500,9817,267,210,527,260,6507
americas,60,capped_sequence,0.5,timely_equal_sum,20260930,baron,1500,1631,471,274,1045,574,1104
americas,60,capped_sequence,0.5,timely_equal_sum,20260930,dragon,1500,5751,1307,1143,1868,561,3806
americas,60,capped_sequence,0.5,timely_equal_sum,20260930,teamfight,1500,9817,529,412,1137,608,6507
americas,60,capped_sequence,0.5,timely_equal_sum,20261001,baron,1500,1631,452,273,996,544,1104
americas,60,capped_sequence,0.5,timely_equal_sum,20261001,dragon,1500,5751,1270,1119,1822,552,3806
americas,60,capped_sequence,0.5,timely_equal_sum,20261001,teamfight,1500,9817,505,391,1113,608,6507
americas,60,capped_sequence,0.5,timely_equal_sum,20261002,baron,1500,1631,433,269,1030,597,1104
americas,60,capped_sequence,0.5,timely_equal_sum,20261002,dragon,1500,5751,1248,1118,1787,539,3806
americas,60,capped_sequence,0.5,timely_equal_sum,20261002,teamfight,1500,9817,531,416,1115,584,6507
americas,60,capped_sequence,0.75,timely_equal_sum,20260930,baron,1500,1631,660,396,1561,901,1104
americas,60,capped_sequence,0.75,timely_equal_sum,20260930,dragon,1500,5751,1745,1461,2524,779,3806
americas,60,capped_sequence,0.75,timely_equal_sum,20260930,teamfight,1500,9817,746,578,1641,895,6507
americas,60,capped_sequence,0.75,timely_equal_sum,20261001,baron,1500,1631,640,387,1501,861,1104
americas,60,capped_sequence,0.75,timely_equal_sum,20261001,dragon,1500,5751,1732,1450,2530,798,3806
americas,60,capped_sequence,0.75,timely_equal_sum,20261001,teamfight,1500,9817,734,565,1612,878,6507
americas,60,capped_sequence,0.75,timely_equal_sum,20261002,baron,1500,1631,593,372,1517,924,1104
americas,60,capped_sequence,0.75,timely_equal_sum,20261002,dragon,1500,5751,1704,1452,2531,827,3806
americas,60,capped_sequence,0.75,timely_equal_sum,20261002,teamfight,1500,9817,776,592,1702,926,6507
americas,60,capped_sequence,1.0,timely_equal_sum,20260930,baron,1500,1631,815,502,2041,1226,1104
americas,60,capped_sequence,1.0,timely_equal_sum,20260930,dragon,1500,5751,2184,1740,3150,966,3806
americas,60,capped_sequence,1.0,timely_equal_sum,20260930,teamfight,1500,9817,968,735,2191,1223,6507
americas,60,capped_sequence,1.0,timely_equal_sum,20261001,baron,1500,1631,817,495,2044,1227,1104
americas,60,capped_sequence,1.0,timely_equal_sum,20261001,dragon,1500,5751,2160,1714,3141,981,3806
americas,60,capped_sequence,1.0,timely_equal_sum,20261001,teamfight,1500,9817,969,744,2195,1226,6507
americas,60,capped_sequence,1.0,timely_equal_sum,20261002,baron,1500,1631,770,490,2023,1253,1104
americas,60,capped_sequence,1.0,timely_equal_sum,20261002,dragon,1500,5751,2141,1735,3163,1022,3806
americas,60,capped_sequence,1.0,timely_equal_sum,20261002,teamfight,1500,9817,964,733,2167,1203,6507
americas,30,capped_sequence,0.25,timely_equal_tcn,20260930,baron,1500,1631,270,146,513,243,533
americas,30,capped_sequence,0.25,timely_equal_tcn,20260930,dragon,1500,5751,437,311,708,271,1902
americas,30,capped_sequence,0.25,timely_equal_tcn,20260930,teamfight,1500,9817,205,114,464,259,3297
americas,30,capped_sequence,0.25,timely_equal_tcn,20261001,baron,1500,1631,285,162,540,255,533
americas,30,capped_sequence,0.25,timely_equal_tcn,20261001,dragon,1500,5751,421,293,659,238,1902
americas,30,capped_sequence,0.25,timely_equal_tcn,20261001,teamfight,1500,9817,193,111,428,235,3297
americas,30,capped_sequence,0.25,timely_equal_tcn,20261002,baron,1500,1631,272,148,524,252,533
americas,30,capped_sequence,0.25,timely_equal_tcn,20261002,dragon,1500,5751,408,311,678,270,1902
americas,30,capped_sequence,0.25,timely_equal_tcn,20261002,teamfight,1500,9817,192,108,468,276,3297
americas,30,capped_sequence,0.5,timely_equal_tcn,20260930,baron,1500,1631,420,254,1011,591,533
americas,30,capped_sequence,0.5,timely_equal_tcn,20260930,dragon,1500,5751,742,483,1182,440,1902
americas,30,capped_sequence,0.5,timely_equal_tcn,20260930,teamfight,1500,9817,362,205,953,591,3297
americas,30,capped_sequence,0.5,timely_equal_tcn,20261001,baron,1500,1631,413,243,1026,613,533
americas,30,capped_sequence,0.5,timely_equal_tcn,20261001,dragon,1500,5751,779,490,1218,439,1902
americas,30,capped_sequence,0.5,timely_equal_tcn,20261001,teamfight,1500,9817,352,205,908,556,3297
americas,30,capped_sequence,0.5,timely_equal_tcn,20261002,baron,1500,1631,410,236,1013,603,533
americas,30,capped_sequence,0.5,timely_equal_tcn,20261002,dragon,1500,5751,718,481,1159,441,1902
americas,30,capped_sequence,0.5,timely_equal_tcn,20261002,teamfight,1500,9817,376,218,964,588,3297
americas,30,capped_sequence,0.75,timely_equal_tcn,20260930,baron,1500,1631,485,292,1475,990,533
americas,30,capped_sequence,0.75,timely_equal_tcn,20260930,dragon,1500,5751,1107,694,1782,675,1902
americas,30,capped_sequence,0.75,timely_equal_tcn,20260930,teamfight,1500,9817,485,275,1334,849,3297
americas,30,capped_sequence,0.75,timely_equal_tcn,20261001,baron,1500,1631,496,302,1470,974,533
americas,30,capped_sequence,0.75,timely_equal_tcn,20261001,dragon,1500,5751,1103,672,1772,669,1902
americas,30,capped_sequence,0.75,timely_equal_tcn,20261001,teamfight,1500,9817,503,302,1354,851,3297
americas,30,capped_sequence,0.75,timely_equal_tcn,20261002,baron,1500,1631,490,292,1452,962,533
americas,30,capped_sequence,0.75,timely_equal_tcn,20261002,dragon,1500,5751,1126,709,1829,703,1902
americas,30,capped_sequence,0.75,timely_equal_tcn,20261002,teamfight,1500,9817,516,300,1407,891,3297
americas,30,capped_sequence,1.0,timely_equal_tcn,20260930,baron,1500,1631,551,335,1857,1306,533
americas,30,capped_sequence,1.0,timely_equal_tcn,20260930,dragon,1500,5751,1429,876,2385,956,1902
americas,30,capped_sequence,1.0,timely_equal_tcn,20260930,teamfight,1500,9817,645,371,1789,1144,3297
americas,30,capped_sequence,1.0,timely_equal_tcn,20261001,baron,1500,1631,540,333,1845,1305,533
americas,30,capped_sequence,1.0,timely_equal_tcn,20261001,dragon,1500,5751,1407,868,2306,899,1902
americas,30,capped_sequence,1.0,timely_equal_tcn,20261001,teamfight,1500,9817,621,370,1758,1137,3297
americas,30,capped_sequence,1.0,timely_equal_tcn,20261002,baron,1500,1631,542,333,1861,1319,533
americas,30,capped_sequence,1.0,timely_equal_tcn,20261002,dragon,1500,5751,1419,885,2344,925,1902
americas,30,capped_sequence,1.0,timely_equal_tcn,20261002,teamfight,1500,9817,641,367,1810,1169,3297
americas,60,capped_sequence,0.25,timely_equal_tcn,20260930,baron,1500,1631,250,136,533,283,1104
americas,60,capped_sequence,0.25,timely_equal_tcn,20260930,dragon,1500,5751,712,642,997,285,3806
americas,60,capped_sequence,0.25,timely_equal_tcn,20260930,teamfight,1500,9817,274,213,557,283,6507
americas,60,capped_sequence,0.25,timely_equal_tcn,20261001,baron,1500,1631,233,118,481,248,1104
americas,60,capped_sequence,0.25,timely_equal_tcn,20261001,dragon,1500,5751,695,627,977,282,3806
americas,60,capped_sequence,0.25,timely_equal_tcn,20261001,teamfight,1500,9817,263,208,529,266,6507
americas,60,capped_sequence,0.25,timely_equal_tcn,20261002,baron,1500,1631,238,122,536,298,1104
americas,60,capped_sequence,0.25,timely_equal_tcn,20261002,dragon,1500,5751,708,661,997,289,3806
americas,60,capped_sequence,0.25,timely_equal_tcn,20261002,teamfight,1500,9817,263,206,561,298,6507
americas,60,capped_sequence,0.5,timely_equal_tcn,20260930,baron,1500,1631,456,261,1022,566,1104
americas,60,capped_sequence,0.5,timely_equal_tcn,20260930,dragon,1500,5751,1279,1100,1792,513,3806
americas,60,capped_sequence,0.5,timely_equal_tcn,20260930,teamfight,1500,9817,471,364,1041,570,6507
americas,60,capped_sequence,0.5,timely_equal_tcn,20261001,baron,1500,1631,423,232,935,512,1104
americas,60,capped_sequence,0.5,timely_equal_tcn,20261001,dragon,1500,5751,1293,1108,1836,543,3806
americas,60,capped_sequence,0.5,timely_equal_tcn,20261001,teamfight,1500,9817,484,380,1076,592,6507
americas,60,capped_sequence,0.5,timely_equal_tcn,20261002,baron,1500,1631,430,250,1030,600,1104
americas,60,capped_sequence,0.5,timely_equal_tcn,20261002,dragon,1500,5751,1254,1128,1831,577,3806
americas,60,capped_sequence,0.5,timely_equal_tcn,20261002,teamfight,1500,9817,530,415,1167,637,6507
americas,60,capped_sequence,0.75,timely_equal_tcn,20260930,baron,1500,1631,620,363,1502,882,1104
americas,60,capped_sequence,0.75,timely_equal_tcn,20260930,dragon,1500,5751,1731,1417,2505,774,3806
americas,60,capped_sequence,0.75,timely_equal_tcn,20260930,teamfight,1500,9817,735,569,1684,949,6507
americas,60,capped_sequence,0.75,timely_equal_tcn,20261001,baron,1500,1631,625,346,1481,856,1104
americas,60,capped_sequence,0.75,timely_equal_tcn,20261001,dragon,1500,5751,1737,1439,2509,772,3806
americas,60,capped_sequence,0.75,timely_equal_tcn,20261001,teamfight,1500,9817,692,542,1612,920,6507
americas,60,capped_sequence,0.75,timely_equal_tcn,20261002,baron,1500,1631,593,355,1499,906,1104
americas,60,capped_sequence,0.75,timely_equal_tcn,20261002,dragon,1500,5751,1721,1468,2562,841,3806
americas,60,capped_sequence,0.75,timely_equal_tcn,20261002,teamfight,1500,9817,757,575,1687,930,6507
americas,60,capped_sequence,1.0,timely_equal_tcn,20260930,baron,1500,1631,786,466,1990,1204,1104
americas,60,capped_sequence,1.0,timely_equal_tcn,20260930,dragon,1500,5751,2178,1688,3146,968,3806
americas,60,capped_sequence,1.0,timely_equal_tcn,20260930,teamfight,1500,9817,919,708,2156,1237,6507
americas,60,capped_sequence,1.0,timely_equal_tcn,20261001,baron,1500,1631,802,462,1988,1186,1104
americas,60,capped_sequence,1.0,timely_equal_tcn,20261001,dragon,1500,5751,2129,1665,3110,981,3806
americas,60,capped_sequence,1.0,timely_equal_tcn,20261001,teamfight,1500,9817,941,739,2221,1280,6507
americas,60,capped_sequence,1.0,timely_equal_tcn,20261002,baron,1500,1631,727,443,1934,1207,1104
americas,60,capped_sequence,1.0,timely_equal_tcn,20261002,dragon,1500,5751,2097,1693,3135,1038,3806
americas,60,capped_sequence,1.0,timely_equal_tcn,20261002,teamfight,1500,9817,943,723,2145,1202,6507
americas,30,capped_sequence,0.25,timely_equal_gru,20260930,baron,1500,1631,163,79,443,280,533
americas,30,capped_sequence,0.25,timely_equal_gru,20260930,dragon,1500,5751,16,16,307,291,1902
americas,30,capped_sequence,0.25,timely_equal_gru,20260930,teamfight,1500,9817,119,73,379,260,3297
americas,30,capped_sequence,0.25,timely_equal_gru,20261001,baron,1500,1631,187,97,474,287,533
americas,30,capped_sequence,0.25,timely_equal_gru,20261001,dragon,1500,5751,12,12,298,286,1902
americas,30,capped_sequence,0.25,timely_equal_gru,20261001,teamfight,1500,9817,124,78,408,284,3297
americas,30,capped_sequence,0.25,timely_equal_gru,20261002,baron,1500,1631,143,76,422,279,533
americas,30,capped_sequence,0.25,timely_equal_gru,20261002,dragon,1500,5751,22,22,345,323,1902
americas,30,capped_sequence,0.25,timely_equal_gru,20261002,teamfight,1500,9817,101,65,371,270,3297
americas,30,capped_sequence,0.5,timely_equal_gru,20260930,baron,1500,1631,275,150,908,633,533
americas,30,capped_sequence,0.5,timely_equal_gru,20260930,dragon,1500,5751,96,96,745,649,1902
americas,30,capped_sequence,0.5,timely_equal_gru,20260930,teamfight,1500,9817,229,140,736,507,3297
americas,30,capped_sequence,0.5,timely_equal_gru,20261001,baron,1500,1631,296,165,915,619,533
americas,30,capped_sequence,0.5,timely_equal_gru,20261001,dragon,1500,5751,79,79,741,662,1902
americas,30,capped_sequence,0.5,timely_equal_gru,20261001,teamfight,1500,9817,267,165,832,565,3297
americas,30,capped_sequence,0.5,timely_equal_gru,20261002,baron,1500,1631,239,141,865,626,533
americas,30,capped_sequence,0.5,timely_equal_gru,20261002,dragon,1500,5751,95,95,720,625,1902
americas,30,capped_sequence,0.5,timely_equal_gru,20261002,teamfight,1500,9817,198,126,762,564,3297
americas,30,capped_sequence,0.75,timely_equal_gru,20260930,baron,1500,1631,361,214,1323,962,533
americas,30,capped_sequence,0.75,timely_equal_gru,20260930,dragon,1500,5751,171,170,1186,1015,1902
americas,30,capped_sequence,0.75,timely_equal_gru,20260930,teamfight,1500,9817,342,208,1192,850,3297
americas,30,capped_sequence,0.75,timely_equal_gru,20261001,baron,1500,1631,381,225,1338,957,533
americas,30,capped_sequence,0.75,timely_equal_gru,20261001,dragon,1500,5751,162,161,1224,1062,1902
americas,30,capped_sequence,0.75,timely_equal_gru,20261001,teamfight,1500,9817,372,227,1168,796,3297
americas,30,capped_sequence,0.75,timely_equal_gru,20261002,baron,1500,1631,325,200,1286,961,533
americas,30,capped_sequence,0.75,timely_equal_gru,20261002,dragon,1500,5751,169,166,1189,1020,1902
americas,30,capped_sequence,0.75,timely_equal_gru,20261002,teamfight,1500,9817,285,186,1143,858,3297
americas,30,capped_sequence,1.0,timely_equal_gru,20260930,baron,1500,1631,432,266,1834,1402,533
americas,30,capped_sequence,1.0,timely_equal_gru,20260930,dragon,1500,5751,279,257,1638,1359,1902
americas,30,capped_sequence,1.0,timely_equal_gru,20260930,teamfight,1500,9817,475,291,1704,1229,3297
americas,30,capped_sequence,1.0,timely_equal_gru,20261001,baron,1500,1631,460,274,1794,1334,533
americas,30,capped_sequence,1.0,timely_equal_gru,20261001,dragon,1500,5751,275,250,1647,1372,1902
americas,30,capped_sequence,1.0,timely_equal_gru,20261001,teamfight,1500,9817,469,290,1614,1145,3297
americas,30,capped_sequence,1.0,timely_equal_gru,20261002,baron,1500,1631,395,249,1764,1369,533
americas,30,capped_sequence,1.0,timely_equal_gru,20261002,dragon,1500,5751,317,281,1703,1386,1902
americas,30,capped_sequence,1.0,timely_equal_gru,20261002,teamfight,1500,9817,398,260,1692,1294,3297
americas,60,capped_sequence,0.25,timely_equal_gru,20260930,baron,1500,1631,154,83,412,258,1104
americas,60,capped_sequence,0.25,timely_equal_gru,20260930,dragon,1500,5751,89,89,435,346,3806
americas,60,capped_sequence,0.25,timely_equal_gru,20260930,teamfight,1500,9817,200,172,532,332,6507
americas,60,capped_sequence,0.25,timely_equal_gru,20261001,baron,1500,1631,201,101,479,278,1104
americas,60,capped_sequence,0.25,timely_equal_gru,20261001,dragon,1500,5751,73,73,418,345,3806
americas,60,capped_sequence,0.25,timely_equal_gru,20261001,teamfight,1500,9817,195,166,553,358,6507
americas,60,capped_sequence,0.25,timely_equal_gru,20261002,baron,1500,1631,145,84,430,285,1104
americas,60,capped_sequence,0.25,timely_equal_gru,20261002,dragon,1500,5751,88,88,423,335,3806
americas,60,capped_sequence,0.25,timely_equal_gru,20261002,teamfight,1500,9817,194,167,506,312,6507
americas,60,capped_sequence,0.5,timely_equal_gru,20260930,baron,1500,1631,372,204,964,592,1104
americas,60,capped_sequence,0.5,timely_equal_gru,20260930,dragon,1500,5751,205,205,965,760,3806
americas,60,capped_sequence,0.5,timely_equal_gru,20260930,teamfight,1500,9817,417,346,1048,631,6507
americas,60,capped_sequence,0.5,timely_equal_gru,20261001,baron,1500,1631,387,200,969,582,1104
americas,60,capped_sequence,0.5,timely_equal_gru,20261001,dragon,1500,5751,185,185,943,758,3806
americas,60,capped_sequence,0.5,timely_equal_gru,20261001,teamfight,1500,9817,396,333,1072,676,6507
americas,60,capped_sequence,0.5,timely_equal_gru,20261002,baron,1500,1631,298,174,865,567,1104
americas,60,capped_sequence,0.5,timely_equal_gru,20261002,dragon,1500,5751,239,239,1000,761,3806
americas,60,capped_sequence,0.5,timely_equal_gru,20261002,teamfight,1500,9817,388,327,1029,641,6507
americas,60,capped_sequence,0.75,timely_equal_gru,20260930,baron,1500,1631,561,321,1460,899,1104
americas,60,capped_sequence,0.75,timely_equal_gru,20260930,dragon,1500,5751,300,300,1360,1060,3806
americas,60,capped_sequence,0.75,timely_equal_gru,20260930,teamfight,1500,9817,608,493,1620,1012,6507
americas,60,capped_sequence,0.75,timely_equal_gru,20261001,baron,1500,1631,551,296,1410,859,1104
americas,60,capped_sequence,0.75,timely_equal_gru,20261001,dragon,1500,5751,313,313,1407,1094,3806
americas,60,capped_sequence,0.75,timely_equal_gru,20261001,teamfight,1500,9817,592,487,1576,984,6507
americas,60,capped_sequence,0.75,timely_equal_gru,20261002,baron,1500,1631,470,277,1390,920,1104
americas,60,capped_sequence,0.75,timely_equal_gru,20261002,dragon,1500,5751,355,355,1404,1049,3806
americas,60,capped_sequence,0.75,timely_equal_gru,20261002,teamfight,1500,9817,566,468,1558,992,6507
americas,60,capped_sequence,1.0,timely_equal_gru,20260930,baron,1500,1631,688,405,1956,1268,1104
americas,60,capped_sequence,1.0,timely_equal_gru,20260930,dragon,1500,5751,427,427,1883,1456,3806
americas,60,capped_sequence,1.0,timely_equal_gru,20260930,teamfight,1500,9817,776,621,2066,1290,6507
americas,60,capped_sequence,1.0,timely_equal_gru,20261001,baron,1500,1631,713,400,1943,1230,1104
americas,60,capped_sequence,1.0,timely_equal_gru,20261001,dragon,1500,5751,450,450,1909,1459,3806
americas,60,capped_sequence,1.0,timely_equal_gru,20261001,teamfight,1500,9817,764,623,2042,1278,6507
americas,60,capped_sequence,1.0,timely_equal_gru,20261002,baron,1500,1631,597,370,1818,1221,1104
americas,60,capped_sequence,1.0,timely_equal_gru,20261002,dragon,1500,5751,514,514,1986,1472,3806
americas,60,capped_sequence,1.0,timely_equal_gru,20261002,teamfight,1500,9817,747,605,2047,1300,6507
americas,30,capped_sequence,0.25,timely_independent,20260930,baron,1500,1631,269,159,511,242,533
americas,30,capped_sequence,0.25,timely_independent,20260930,dragon,1500,5751,386,287,646,260,1902
americas,30,capped_sequence,0.25,timely_independent,20260930,teamfight,1500,9817,204,125,486,282,3297
americas,30,capped_sequence,0.25,timely_independent,20261001,baron,1500,1631,280,157,527,247,533
americas,30,capped_sequence,0.25,timely_independent,20261001,dragon,1500,5751,377,287,671,294,1902
americas,30,capped_sequence,0.25,timely_independent,20261001,teamfight,1500,9817,191,109,426,235,3297
americas,30,capped_sequence,0.25,timely_independent,20261002,baron,1500,1631,277,154,510,233,533
americas,30,capped_sequence,0.25,timely_independent,20261002,dragon,1500,5751,362,278,635,273,1902
americas,30,capped_sequence,0.25,timely_independent,20261002,teamfight,1500,9817,194,117,452,258,3297
americas,30,capped_sequence,0.5,timely_independent,20260930,baron,1500,1631,383,226,968,585,533
americas,30,capped_sequence,0.5,timely_independent,20260930,dragon,1500,5751,748,505,1276,528,1902
americas,30,capped_sequence,0.5,timely_independent,20260930,teamfight,1500,9817,388,220,990,602,3297
americas,30,capped_sequence,0.5,timely_independent,20261001,baron,1500,1631,396,240,973,577,533
americas,30,capped_sequence,0.5,timely_independent,20261001,dragon,1500,5751,716,499,1268,552,1902
americas,30,capped_sequence,0.5,timely_independent,20261001,teamfight,1500,9817,373,207,903,530,3297
americas,30,capped_sequence,0.5,timely_independent,20261002,baron,1500,1631,413,247,969,556,533
americas,30,capped_sequence,0.5,timely_independent,20261002,dragon,1500,5751,735,520,1274,539,1902
americas,30,capped_sequence,0.5,timely_independent,20261002,teamfight,1500,9817,339,205,858,519,3297
americas,30,capped_sequence,0.75,timely_independent,20260930,baron,1500,1631,471,290,1418,947,533
americas,30,capped_sequence,0.75,timely_independent,20260930,dragon,1500,5751,1074,699,1792,718,1902
americas,30,capped_sequence,0.75,timely_independent,20260930,teamfight,1500,9817,542,308,1392,850,3297
americas,30,capped_sequence,0.75,timely_independent,20261001,baron,1500,1631,474,293,1407,933,533
americas,30,capped_sequence,0.75,timely_independent,20261001,dragon,1500,5751,1035,687,1810,775,1902
americas,30,capped_sequence,0.75,timely_independent,20261001,teamfight,1500,9817,523,305,1356,833,3297
americas,30,capped_sequence,0.75,timely_independent,20261002,baron,1500,1631,468,286,1386,918,533
americas,30,capped_sequence,0.75,timely_independent,20261002,dragon,1500,5751,1056,703,1813,757,1902
americas,30,capped_sequence,0.75,timely_independent,20261002,teamfight,1500,9817,515,306,1340,825,3297
americas,30,capped_sequence,1.0,timely_independent,20260930,baron,1500,1631,526,326,1814,1288,533
americas,30,capped_sequence,1.0,timely_independent,20260930,dragon,1500,5751,1348,856,2325,977,1902
americas,30,capped_sequence,1.0,timely_independent,20260930,teamfight,1500,9817,670,381,1804,1134,3297
americas,30,capped_sequence,1.0,timely_independent,20261001,baron,1500,1631,545,337,1891,1346,533
americas,30,capped_sequence,1.0,timely_independent,20261001,dragon,1500,5751,1328,843,2327,999,1902
americas,30,capped_sequence,1.0,timely_independent,20261001,teamfight,1500,9817,641,371,1819,1178,3297
americas,30,capped_sequence,1.0,timely_independent,20261002,baron,1500,1631,528,332,1809,1281,533
americas,30,capped_sequence,1.0,timely_independent,20261002,dragon,1500,5751,1362,887,2359,997,1902
americas,30,capped_sequence,1.0,timely_independent,20261002,teamfight,1500,9817,614,376,1731,1117,3297
americas,60,capped_sequence,0.25,timely_independent,20260930,baron,1500,1631,230,149,489,259,1104
americas,60,capped_sequence,0.25,timely_independent,20260930,dragon,1500,5751,719,656,1001,282,3806
americas,60,capped_sequence,0.25,timely_independent,20260930,teamfight,1500,9817,244,185,524,280,6507
americas,60,capped_sequence,0.25,timely_independent,20261001,baron,1500,1631,278,169,541,263,1104
americas,60,capped_sequence,0.25,timely_independent,20261001,dragon,1500,5751,670,629,945,275,3806
americas,60,capped_sequence,0.25,timely_independent,20261001,teamfight,1500,9817,235,184,552,317,6507
americas,60,capped_sequence,0.25,timely_independent,20261002,baron,1500,1631,241,166,550,309,1104
americas,60,capped_sequence,0.25,timely_independent,20261002,dragon,1500,5751,725,673,1036,311,3806
americas,60,capped_sequence,0.25,timely_independent,20261002,teamfight,1500,9817,270,211,563,293,6507
americas,60,capped_sequence,0.5,timely_independent,20260930,baron,1500,1631,434,274,1017,583,1104
americas,60,capped_sequence,0.5,timely_independent,20260930,dragon,1500,5751,1312,1138,1855,543,3806
americas,60,capped_sequence,0.5,timely_independent,20260930,teamfight,1500,9817,483,366,1109,626,6507
americas,60,capped_sequence,0.5,timely_independent,20261001,baron,1500,1631,456,275,998,542,1104
americas,60,capped_sequence,0.5,timely_independent,20261001,dragon,1500,5751,1263,1129,1834,571,3806
americas,60,capped_sequence,0.5,timely_independent,20261001,teamfight,1500,9817,497,396,1152,655,6507
americas,60,capped_sequence,0.5,timely_independent,20261002,baron,1500,1631,442,295,1038,596,1104
americas,60,capped_sequence,0.5,timely_independent,20261002,dragon,1500,5751,1294,1135,1861,567,3806
americas,60,capped_sequence,0.5,timely_independent,20261002,teamfight,1500,9817,483,383,1080,597,6507
americas,60,capped_sequence,0.75,timely_independent,20260930,baron,1500,1631,601,376,1488,887,1104
americas,60,capped_sequence,0.75,timely_independent,20260930,dragon,1500,5751,1725,1436,2516,791,3806
americas,60,capped_sequence,0.75,timely_independent,20260930,teamfight,1500,9817,718,558,1640,922,6507
americas,60,capped_sequence,0.75,timely_independent,20261001,baron,1500,1631,618,373,1476,858,1104
americas,60,capped_sequence,0.75,timely_independent,20261001,dragon,1500,5751,1734,1479,2583,849,3806
americas,60,capped_sequence,0.75,timely_independent,20261001,teamfight,1500,9817,706,562,1646,940,6507
americas,60,capped_sequence,0.75,timely_independent,20261002,baron,1500,1631,566,373,1371,805,1104
americas,60,capped_sequence,0.75,timely_independent,20261002,dragon,1500,5751,1730,1437,2522,792,3806
americas,60,capped_sequence,0.75,timely_independent,20261002,teamfight,1500,9817,683,542,1574,891,6507
americas,60,capped_sequence,1.0,timely_independent,20260930,baron,1500,1631,749,479,2027,1278,1104
americas,60,capped_sequence,1.0,timely_independent,20260930,dragon,1500,5751,2107,1690,3116,1009,3806
americas,60,capped_sequence,1.0,timely_independent,20260930,teamfight,1500,9817,954,727,2196,1242,6507
americas,60,capped_sequence,1.0,timely_independent,20261001,baron,1500,1631,786,486,2030,1244,1104
americas,60,capped_sequence,1.0,timely_independent,20261001,dragon,1500,5751,2111,1728,3178,1067,3806
americas,60,capped_sequence,1.0,timely_independent,20261001,teamfight,1500,9817,949,748,2214,1265,6507
americas,60,capped_sequence,1.0,timely_independent,20261002,baron,1500,1631,715,477,1934,1219,1104
americas,60,capped_sequence,1.0,timely_independent,20261002,dragon,1500,5751,2128,1693,3123,995,3806
americas,60,capped_sequence,1.0,timely_independent,20261002,teamfight,1500,9817,941,729,2167,1226,6507
americas,30,capped_sequence,0.25,timely_leagueews,20260930,baron,1500,1631,278,158,537,259,533
americas,30,capped_sequence,0.25,timely_leagueews,20260930,dragon,1500,5751,473,343,753,280,1902
americas,30,capped_sequence,0.25,timely_leagueews,20260930,teamfight,1500,9817,221,134,504,283,3297
americas,30,capped_sequence,0.25,timely_leagueews,20261001,baron,1500,1631,276,153,536,260,533
americas,30,capped_sequence,0.25,timely_leagueews,20261001,dragon,1500,5751,407,317,695,288,1902
americas,30,capped_sequence,0.25,timely_leagueews,20261001,teamfight,1500,9817,196,116,485,289,3297
americas,30,capped_sequence,0.25,timely_leagueews,20261002,baron,1500,1631,264,144,511,247,533
americas,30,capped_sequence,0.25,timely_leagueews,20261002,dragon,1500,5751,428,317,699,271,1902
americas,30,capped_sequence,0.25,timely_leagueews,20261002,teamfight,1500,9817,186,121,464,278,3297
americas,30,capped_sequence,0.5,timely_leagueews,20260930,baron,1500,1631,401,242,994,593,533
americas,30,capped_sequence,0.5,timely_leagueews,20260930,dragon,1500,5751,800,533,1270,470,1902
americas,30,capped_sequence,0.5,timely_leagueews,20260930,teamfight,1500,9817,386,227,947,561,3297
americas,30,capped_sequence,0.5,timely_leagueews,20261001,baron,1500,1631,400,238,1023,623,533
americas,30,capped_sequence,0.5,timely_leagueews,20261001,dragon,1500,5751,746,521,1235,489,1902
americas,30,capped_sequence,0.5,timely_leagueews,20261001,teamfight,1500,9817,376,221,959,583,3297
americas,30,capped_sequence,0.5,timely_leagueews,20261002,baron,1500,1631,398,231,994,596,533
americas,30,capped_sequence,0.5,timely_leagueews,20261002,dragon,1500,5751,787,539,1281,494,1902
americas,30,capped_sequence,0.5,timely_leagueews,20261002,teamfight,1500,9817,348,219,927,579,3297
americas,30,capped_sequence,0.75,timely_leagueews,20260930,baron,1500,1631,487,294,1449,962,533
americas,30,capped_sequence,0.75,timely_leagueews,20260930,dragon,1500,5751,1095,700,1772,677,1902
americas,30,capped_sequence,0.75,timely_leagueews,20260930,teamfight,1500,9817,523,304,1391,868,3297
americas,30,capped_sequence,0.75,timely_leagueews,20261001,baron,1500,1631,476,287,1450,974,533
americas,30,capped_sequence,0.75,timely_leagueews,20261001,dragon,1500,5751,1102,724,1827,725,1902
americas,30,capped_sequence,0.75,timely_leagueews,20261001,teamfight,1500,9817,519,303,1403,884,3297
americas,30,capped_sequence,0.75,timely_leagueews,20261002,baron,1500,1631,473,283,1416,943,533
americas,30,capped_sequence,0.75,timely_leagueews,20261002,dragon,1500,5751,1105,719,1798,693,1902
americas,30,capped_sequence,0.75,timely_leagueews,20261002,teamfight,1500,9817,513,313,1409,896,3297
americas,30,capped_sequence,1.0,timely_leagueews,20260930,baron,1500,1631,549,338,1887,1338,533
americas,30,capped_sequence,1.0,timely_leagueews,20260930,dragon,1500,5751,1368,859,2273,905,1902
americas,30,capped_sequence,1.0,timely_leagueews,20260930,teamfight,1500,9817,660,385,1843,1183,3297
americas,30,capped_sequence,1.0,timely_leagueews,20261001,baron,1500,1631,540,331,1822,1282,533
americas,30,capped_sequence,1.0,timely_leagueews,20261001,dragon,1500,5751,1407,890,2356,949,1902
americas,30,capped_sequence,1.0,timely_leagueews,20261001,teamfight,1500,9817,632,367,1776,1144,3297
americas,30,capped_sequence,1.0,timely_leagueews,20261002,baron,1500,1631,539,330,1865,1326,533
americas,30,capped_sequence,1.0,timely_leagueews,20261002,dragon,1500,5751,1397,885,2326,929,1902
americas,30,capped_sequence,1.0,timely_leagueews,20261002,teamfight,1500,9817,658,398,1891,1233,3297
americas,60,capped_sequence,0.25,timely_leagueews,20260930,baron,1500,1631,249,145,509,260,1104
americas,60,capped_sequence,0.25,timely_leagueews,20260930,dragon,1500,5751,667,616,955,288,3806
americas,60,capped_sequence,0.25,timely_leagueews,20260930,teamfight,1500,9817,264,202,541,277,6507
americas,60,capped_sequence,0.25,timely_leagueews,20261001,baron,1500,1631,248,134,519,271,1104
americas,60,capped_sequence,0.25,timely_leagueews,20261001,dragon,1500,5751,690,647,977,287,3806
americas,60,capped_sequence,0.25,timely_leagueews,20261001,teamfight,1500,9817,290,233,584,294,6507
americas,60,capped_sequence,0.25,timely_leagueews,20261002,baron,1500,1631,230,138,525,295,1104
americas,60,capped_sequence,0.25,timely_leagueews,20261002,dragon,1500,5751,670,631,956,286,3806
americas,60,capped_sequence,0.25,timely_leagueews,20261002,teamfight,1500,9817,273,211,551,278,6507
americas,60,capped_sequence,0.5,timely_leagueews,20260930,baron,1500,1631,474,256,1028,554,1104
americas,60,capped_sequence,0.5,timely_leagueews,20260930,dragon,1500,5751,1271,1120,1814,543,3806
americas,60,capped_sequence,0.5,timely_leagueews,20260930,teamfight,1500,9817,528,413,1151,623,6507
americas,60,capped_sequence,0.5,timely_leagueews,20261001,baron,1500,1631,451,244,1021,570,1104
americas,60,capped_sequence,0.5,timely_leagueews,20261001,dragon,1500,5751,1280,1138,1841,561,3806
americas,60,capped_sequence,0.5,timely_leagueews,20261001,teamfight,1500,9817,498,394,1069,571,6507
americas,60,capped_sequence,0.5,timely_leagueews,20261002,baron,1500,1631,426,257,1040,614,1104
americas,60,capped_sequence,0.5,timely_leagueews,20261002,dragon,1500,5751,1252,1126,1813,561,3806
americas,60,capped_sequence,0.5,timely_leagueews,20261002,teamfight,1500,9817,529,411,1121,592,6507
americas,60,capped_sequence,0.75,timely_leagueews,20260930,baron,1500,1631,634,347,1512,878,1104
americas,60,capped_sequence,0.75,timely_leagueews,20260930,dragon,1500,5751,1792,1497,2592,800,3806
americas,60,capped_sequence,0.75,timely_leagueews,20260930,teamfight,1500,9817,747,572,1653,906,6507
americas,60,capped_sequence,0.75,timely_leagueews,20261001,baron,1500,1631,632,366,1486,854,1104
americas,60,capped_sequence,0.75,timely_leagueews,20261001,dragon,1500,5751,1739,1476,2563,824,3806
americas,60,capped_sequence,0.75,timely_leagueews,20261001,teamfight,1500,9817,747,590,1657,910,6507
americas,60,capped_sequence,0.75,timely_leagueews,20261002,baron,1500,1631,581,357,1443,862,1104
americas,60,capped_sequence,0.75,timely_leagueews,20261002,dragon,1500,5751,1744,1469,2571,827,3806
americas,60,capped_sequence,0.75,timely_leagueews,20261002,teamfight,1500,9817,753,584,1652,899,6507
americas,60,capped_sequence,1.0,timely_leagueews,20260930,baron,1500,1631,818,471,1998,1180,1104
americas,60,capped_sequence,1.0,timely_leagueews,20260930,dragon,1500,5751,2189,1736,3182,993,3806
americas,60,capped_sequence,1.0,timely_leagueews,20260930,teamfight,1500,9817,956,727,2181,1225,6507
americas,60,capped_sequence,1.0,timely_leagueews,20261001,baron,1500,1631,796,469,1995,1199,1104
americas,60,capped_sequence,1.0,timely_leagueews,20261001,dragon,1500,5751,2159,1728,3208,1049,3806
americas,60,capped_sequence,1.0,timely_leagueews,20261001,teamfight,1500,9817,923,714,2103,1180,6507
americas,60,capped_sequence,1.0,timely_leagueews,20261002,baron,1500,1631,753,468,1973,1220,1104
americas,60,capped_sequence,1.0,timely_leagueews,20261002,dragon,1500,5751,2159,1716,3160,1001,3806
americas,60,capped_sequence,1.0,timely_leagueews,20261002,teamfight,1500,9817,943,717,2126,1183,6507
americas,30,capped_kl_sequence,0.25,timely_equal_sum,20260930,baron,1500,1631,198,103,303,105,533
americas,30,capped_kl_sequence,0.25,timely_equal_sum,20260930,dragon,1500,5751,297,229,479,182,1902
americas,30,capped_kl_sequence,0.25,timely_equal_sum,20260930,teamfight,1500,9817,134,81,297,163,3297
americas,30,capped_kl_sequence,0.25,timely_equal_sum,20261001,baron,1500,1631,205,108,305,100,533
americas,30,capped_kl_sequence,0.25,timely_equal_sum,20261001,dragon,1500,5751,283,210,458,175,1902
americas,30,capped_kl_sequence,0.25,timely_equal_sum,20261001,teamfight,1500,9817,125,74,268,143,3297
americas,30,capped_kl_sequence,0.25,timely_equal_sum,20261002,baron,1500,1631,189,98,302,113,533
americas,30,capped_kl_sequence,0.25,timely_equal_sum,20261002,dragon,1500,5751,299,223,476,177,1902
americas,30,capped_kl_sequence,0.25,timely_equal_sum,20261002,teamfight,1500,9817,148,91,299,151,3297
americas,30,capped_kl_sequence,0.5,timely_equal_sum,20260930,baron,1500,1631,354,205,721,367,533
americas,30,capped_kl_sequence,0.5,timely_equal_sum,20260930,dragon,1500,5751,587,417,939,352,1902
americas,30,capped_kl_sequence,0.5,timely_equal_sum,20260930,teamfight,1500,9817,301,178,709,408,3297
americas,30,capped_kl_sequence,0.5,timely_equal_sum,20261001,baron,1500,1631,353,207,725,372,533
americas,30,capped_kl_sequence,0.5,timely_equal_sum,20261001,dragon,1500,5751,591,424,977,386,1902
americas,30,capped_kl_sequence,0.5,timely_equal_sum,20261001,teamfight,1500,9817,277,164,657,380,3297
americas,30,capped_kl_sequence,0.5,timely_equal_sum,20261002,baron,1500,1631,334,186,707,373,533
americas,30,capped_kl_sequence,0.5,timely_equal_sum,20261002,dragon,1500,5751,603,422,944,341,1902
americas,30,capped_kl_sequence,0.5,timely_equal_sum,20261002,teamfight,1500,9817,275,166,677,402,3297
americas,30,capped_kl_sequence,0.75,timely_equal_sum,20260930,baron,1500,1631,449,271,1136,687,533
americas,30,capped_kl_sequence,0.75,timely_equal_sum,20260930,dragon,1500,5751,914,584,1474,560,1902
americas,30,capped_kl_sequence,0.75,timely_equal_sum,20260930,teamfight,1500,9817,427,247,1079,652,3297
americas,30,capped_kl_sequence,0.75,timely_equal_sum,20261001,baron,1500,1631,440,266,1125,685,533
americas,30,capped_kl_sequence,0.75,timely_equal_sum,20261001,dragon,1500,5751,873,580,1434,561,1902
americas,30,capped_kl_sequence,0.75,timely_equal_sum,20261001,teamfight,1500,9817,430,261,1076,646,3297
americas,30,capped_kl_sequence,0.75,timely_equal_sum,20261002,baron,1500,1631,447,270,1133,686,533
americas,30,capped_kl_sequence,0.75,timely_equal_sum,20261002,dragon,1500,5751,892,604,1442,550,1902
americas,30,capped_kl_sequence,0.75,timely_equal_sum,20261002,teamfight,1500,9817,426,247,1082,656,3297
americas,30,capped_kl_sequence,1.0,timely_equal_sum,20260930,baron,1500,1631,517,320,1543,1026,533
americas,30,capped_kl_sequence,1.0,timely_equal_sum,20260930,dragon,1500,5751,1136,716,1850,714,1902
americas,30,capped_kl_sequence,1.0,timely_equal_sum,20260930,teamfight,1500,9817,545,316,1439,894,3297
americas,30,capped_kl_sequence,1.0,timely_equal_sum,20261001,baron,1500,1631,526,324,1574,1048,533
americas,30,capped_kl_sequence,1.0,timely_equal_sum,20261001,dragon,1500,5751,1208,778,1959,751,1902
americas,30,capped_kl_sequence,1.0,timely_equal_sum,20261001,teamfight,1500,9817,576,346,1512,936,3297
americas,30,capped_kl_sequence,1.0,timely_equal_sum,20261002,baron,1500,1631,512,312,1593,1081,533
americas,30,capped_kl_sequence,1.0,timely_equal_sum,20261002,dragon,1500,5751,1212,782,1965,753,1902
americas,30,capped_kl_sequence,1.0,timely_equal_sum,20261002,teamfight,1500,9817,568,333,1536,968,3297
americas,60,capped_kl_sequence,0.25,timely_equal_sum,20260930,baron,1500,1631,167,96,338,171,1104
americas,60,capped_kl_sequence,0.25,timely_equal_sum,20260930,dragon,1500,5751,464,431,648,184,3806
americas,60,capped_kl_sequence,0.25,timely_equal_sum,20260930,teamfight,1500,9817,161,127,316,155,6507
americas,60,capped_kl_sequence,0.25,timely_equal_sum,20261001,baron,1500,1631,151,91,308,157,1104
americas,60,capped_kl_sequence,0.25,timely_equal_sum,20261001,dragon,1500,5751,489,459,676,187,3806
americas,60,capped_kl_sequence,0.25,timely_equal_sum,20261001,teamfight,1500,9817,198,155,371,173,6507
americas,60,capped_kl_sequence,0.25,timely_equal_sum,20261002,baron,1500,1631,158,94,341,183,1104
americas,60,capped_kl_sequence,0.25,timely_equal_sum,20261002,dragon,1500,5751,439,414,615,176,3806
americas,60,capped_kl_sequence,0.25,timely_equal_sum,20261002,teamfight,1500,9817,185,145,345,160,6507
americas,60,capped_kl_sequence,0.5,timely_equal_sum,20260930,baron,1500,1631,343,195,754,411,1104
americas,60,capped_kl_sequence,0.5,timely_equal_sum,20260930,dragon,1500,5751,989,896,1378,389,3806
americas,60,capped_kl_sequence,0.5,timely_equal_sum,20260930,teamfight,1500,9817,392,307,826,434,6507
americas,60,capped_kl_sequence,0.5,timely_equal_sum,20261001,baron,1500,1631,359,211,765,406,1104
americas,60,capped_kl_sequence,0.5,timely_equal_sum,20261001,dragon,1500,5751,979,893,1386,407,3806
americas,60,capped_kl_sequence,0.5,timely_equal_sum,20261001,teamfight,1500,9817,388,302,823,435,6507
americas,60,capped_kl_sequence,0.5,timely_equal_sum,20261002,baron,1500,1631,330,200,753,423,1104
americas,60,capped_kl_sequence,0.5,timely_equal_sum,20261002,dragon,1500,5751,970,897,1381,411,3806
americas,60,capped_kl_sequence,0.5,timely_equal_sum,20261002,teamfight,1500,9817,377,291,772,395,6507
americas,60,capped_kl_sequence,0.75,timely_equal_sum,20260930,baron,1500,1631,532,314,1188,656,1104
americas,60,capped_kl_sequence,0.75,timely_equal_sum,20260930,dragon,1500,5751,1441,1238,2077,636,3806
americas,60,capped_kl_sequence,0.75,timely_equal_sum,20260930,teamfight,1500,9817,604,472,1320,716,6507
americas,60,capped_kl_sequence,0.75,timely_equal_sum,20261001,baron,1500,1631,510,304,1148,638,1104
americas,60,capped_kl_sequence,0.75,timely_equal_sum,20261001,dragon,1500,5751,1428,1241,2056,628,3806
americas,60,capped_kl_sequence,0.75,timely_equal_sum,20261001,teamfight,1500,9817,598,459,1301,703,6507
americas,60,capped_kl_sequence,0.75,timely_equal_sum,20261002,baron,1500,1631,461,289,1149,688,1104
americas,60,capped_kl_sequence,0.75,timely_equal_sum,20261002,dragon,1500,5751,1399,1236,2018,619,3806
americas,60,capped_kl_sequence,0.75,timely_equal_sum,20261002,teamfight,1500,9817,608,469,1299,691,6507
americas,60,capped_kl_sequence,1.0,timely_equal_sum,20260930,baron,1500,1631,681,411,1634,953,1104
americas,60,capped_kl_sequence,1.0,timely_equal_sum,20260930,dragon,1500,5751,1878,1543,2722,844,3806
americas,60,capped_kl_sequence,1.0,timely_equal_sum,20260930,teamfight,1500,9817,798,615,1772,974,6507
americas,60,capped_kl_sequence,1.0,timely_equal_sum,20261001,baron,1500,1631,694,417,1677,983,1104
americas,60,capped_kl_sequence,1.0,timely_equal_sum,20261001,dragon,1500,5751,1869,1528,2737,868,3806
americas,60,capped_kl_sequence,1.0,timely_equal_sum,20261001,teamfight,1500,9817,787,603,1729,942,6507
americas,60,capped_kl_sequence,1.0,timely_equal_sum,20261002,baron,1500,1631,619,390,1619,1000,1104
americas,60,capped_kl_sequence,1.0,timely_equal_sum,20261002,dragon,1500,5751,1817,1527,2704,887,3806
americas,60,capped_kl_sequence,1.0,timely_equal_sum,20261002,teamfight,1500,9817,837,631,1826,989,6507
americas,30,capped_kl_sequence,0.25,timely_equal_tcn,20260930,baron,1500,1631,198,98,315,117,533
americas,30,capped_kl_sequence,0.25,timely_equal_tcn,20260930,dragon,1500,5751,267,201,428,161,1902
americas,30,capped_kl_sequence,0.25,timely_equal_tcn,20260930,teamfight,1500,9817,130,80,294,164,3297
americas,30,capped_kl_sequence,0.25,timely_equal_tcn,20261001,baron,1500,1631,208,108,352,144,533
americas,30,capped_kl_sequence,0.25,timely_equal_tcn,20261001,dragon,1500,5751,256,190,402,146,1902
americas,30,capped_kl_sequence,0.25,timely_equal_tcn,20261001,teamfight,1500,9817,121,70,258,137,3297
americas,30,capped_kl_sequence,0.25,timely_equal_tcn,20261002,baron,1500,1631,187,99,312,125,533
americas,30,capped_kl_sequence,0.25,timely_equal_tcn,20261002,dragon,1500,5751,236,191,395,159,1902
americas,30,capped_kl_sequence,0.25,timely_equal_tcn,20261002,teamfight,1500,9817,103,57,256,153,3297
americas,30,capped_kl_sequence,0.5,timely_equal_tcn,20260930,baron,1500,1631,344,194,733,389,533
americas,30,capped_kl_sequence,0.5,timely_equal_tcn,20260930,dragon,1500,5751,576,389,934,358,1902
americas,30,capped_kl_sequence,0.5,timely_equal_tcn,20260930,teamfight,1500,9817,289,159,689,400,3297
americas,30,capped_kl_sequence,0.5,timely_equal_tcn,20261001,baron,1500,1631,344,199,737,393,533
americas,30,capped_kl_sequence,0.5,timely_equal_tcn,20261001,dragon,1500,5751,539,361,849,310,1902
americas,30,capped_kl_sequence,0.5,timely_equal_tcn,20261001,teamfight,1500,9817,260,156,651,391,3297
americas,30,capped_kl_sequence,0.5,timely_equal_tcn,20261002,baron,1500,1631,338,189,742,404,533
americas,30,capped_kl_sequence,0.5,timely_equal_tcn,20261002,dragon,1500,5751,560,396,903,343,1902
americas,30,capped_kl_sequence,0.5,timely_equal_tcn,20261002,teamfight,1500,9817,261,149,639,378,3297
americas,30,capped_kl_sequence,0.75,timely_equal_tcn,20260930,baron,1500,1631,444,269,1178,734,533
americas,30,capped_kl_sequence,0.75,timely_equal_tcn,20260930,dragon,1500,5751,921,581,1454,533,1902
americas,30,capped_kl_sequence,0.75,timely_equal_tcn,20260930,teamfight,1500,9817,406,230,1075,669,3297
americas,30,capped_kl_sequence,0.75,timely_equal_tcn,20261001,baron,1500,1631,435,259,1176,741,533
americas,30,capped_kl_sequence,0.75,timely_equal_tcn,20261001,dragon,1500,5751,857,530,1354,497,1902
americas,30,capped_kl_sequence,0.75,timely_equal_tcn,20261001,teamfight,1500,9817,410,243,1054,644,3297
americas,30,capped_kl_sequence,0.75,timely_equal_tcn,20261002,baron,1500,1631,444,259,1184,740,533
americas,30,capped_kl_sequence,0.75,timely_equal_tcn,20261002,dragon,1500,5751,842,554,1342,500,1902
americas,30,capped_kl_sequence,0.75,timely_equal_tcn,20261002,teamfight,1500,9817,413,239,1064,651,3297
americas,30,capped_kl_sequence,1.0,timely_equal_tcn,20260930,baron,1500,1631,508,306,1569,1061,533
americas,30,capped_kl_sequence,1.0,timely_equal_tcn,20260930,dragon,1500,5751,1194,749,1937,743,1902
americas,30,capped_kl_sequence,1.0,timely_equal_tcn,20260930,teamfight,1500,9817,511,292,1408,897,3297
americas,30,capped_kl_sequence,1.0,timely_equal_tcn,20261001,baron,1500,1631,507,313,1549,1042,533
americas,30,capped_kl_sequence,1.0,timely_equal_tcn,20261001,dragon,1500,5751,1183,722,1894,711,1902
americas,30,capped_kl_sequence,1.0,timely_equal_tcn,20261001,teamfight,1500,9817,532,318,1432,900,3297
americas,30,capped_kl_sequence,1.0,timely_equal_tcn,20261002,baron,1500,1631,510,305,1571,1061,533
americas,30,capped_kl_sequence,1.0,timely_equal_tcn,20261002,dragon,1500,5751,1185,746,1928,743,1902
americas,30,capped_kl_sequence,1.0,timely_equal_tcn,20261002,teamfight,1500,9817,538,312,1485,947,3297
americas,60,capped_kl_sequence,0.25,timely_equal_tcn,20260930,baron,1500,1631,161,86,331,170,1104
americas,60,capped_kl_sequence,0.25,timely_equal_tcn,20260930,dragon,1500,5751,479,434,670,191,3806
americas,60,capped_kl_sequence,0.25,timely_equal_tcn,20260930,teamfight,1500,9817,158,124,312,154,6507
americas,60,capped_kl_sequence,0.25,timely_equal_tcn,20261001,baron,1500,1631,143,73,283,140,1104
americas,60,capped_kl_sequence,0.25,timely_equal_tcn,20261001,dragon,1500,5751,446,405,617,171,3806
americas,60,capped_kl_sequence,0.25,timely_equal_tcn,20261001,teamfight,1500,9817,193,153,386,193,6507
americas,60,capped_kl_sequence,0.25,timely_equal_tcn,20261002,baron,1500,1631,127,72,284,157,1104
americas,60,capped_kl_sequence,0.25,timely_equal_tcn,20261002,dragon,1500,5751,480,449,663,183,3806
americas,60,capped_kl_sequence,0.25,timely_equal_tcn,20261002,teamfight,1500,9817,172,135,332,160,6507
americas,60,capped_kl_sequence,0.5,timely_equal_tcn,20260930,baron,1500,1631,344,195,753,409,1104
americas,60,capped_kl_sequence,0.5,timely_equal_tcn,20260930,dragon,1500,5751,908,814,1288,380,3806
americas,60,capped_kl_sequence,0.5,timely_equal_tcn,20260930,teamfight,1500,9817,382,298,799,417,6507
americas,60,capped_kl_sequence,0.5,timely_equal_tcn,20261001,baron,1500,1631,331,180,695,364,1104
americas,60,capped_kl_sequence,0.5,timely_equal_tcn,20261001,dragon,1500,5751,1003,875,1394,391,3806
americas,60,capped_kl_sequence,0.5,timely_equal_tcn,20261001,teamfight,1500,9817,367,292,790,423,6507
americas,60,capped_kl_sequence,0.5,timely_equal_tcn,20261002,baron,1500,1631,313,171,741,428,1104
americas,60,capped_kl_sequence,0.5,timely_equal_tcn,20261002,dragon,1500,5751,964,886,1388,424,3806
americas,60,capped_kl_sequence,0.5,timely_equal_tcn,20261002,teamfight,1500,9817,372,289,820,448,6507
americas,60,capped_kl_sequence,0.75,timely_equal_tcn,20260930,baron,1500,1631,502,289,1176,674,1104
americas,60,capped_kl_sequence,0.75,timely_equal_tcn,20260930,dragon,1500,5751,1432,1208,2029,597,3806
americas,60,capped_kl_sequence,0.75,timely_equal_tcn,20260930,teamfight,1500,9817,546,426,1251,705,6507
americas,60,capped_kl_sequence,0.75,timely_equal_tcn,20261001,baron,1500,1631,514,278,1177,663,1104
americas,60,capped_kl_sequence,0.75,timely_equal_tcn,20261001,dragon,1500,5751,1442,1230,2051,609,3806
americas,60,capped_kl_sequence,0.75,timely_equal_tcn,20261001,teamfight,1500,9817,580,452,1313,733,6507
americas,60,capped_kl_sequence,0.75,timely_equal_tcn,20261002,baron,1500,1631,490,288,1194,704,1104
americas,60,capped_kl_sequence,0.75,timely_equal_tcn,20261002,dragon,1500,5751,1396,1233,2053,657,3806
americas,60,capped_kl_sequence,0.75,timely_equal_tcn,20261002,teamfight,1500,9817,573,444,1257,684,6507
americas,60,capped_kl_sequence,1.0,timely_equal_tcn,20260930,baron,1500,1631,675,398,1645,970,1104
americas,60,capped_kl_sequence,1.0,timely_equal_tcn,20260930,dragon,1500,5751,1826,1476,2642,816,3806
americas,60,capped_kl_sequence,1.0,timely_equal_tcn,20260930,teamfight,1500,9817,779,602,1792,1013,6507
americas,60,capped_kl_sequence,1.0,timely_equal_tcn,20261001,baron,1500,1631,689,388,1631,942,1104
americas,60,capped_kl_sequence,1.0,timely_equal_tcn,20261001,dragon,1500,5751,1830,1493,2643,813,3806
americas,60,capped_kl_sequence,1.0,timely_equal_tcn,20261001,teamfight,1500,9817,795,624,1849,1054,6507
americas,60,capped_kl_sequence,1.0,timely_equal_tcn,20261002,baron,1500,1631,633,378,1616,983,1104
americas,60,capped_kl_sequence,1.0,timely_equal_tcn,20261002,dragon,1500,5751,1802,1512,2691,889,3806
americas,60,capped_kl_sequence,1.0,timely_equal_tcn,20261002,teamfight,1500,9817,806,618,1796,990,6507
americas,30,capped_kl_sequence,0.25,timely_equal_gru,20260930,baron,1500,1631,124,61,280,156,533
americas,30,capped_kl_sequence,0.25,timely_equal_gru,20260930,dragon,1500,5751,4,4,174,170,1902
americas,30,capped_kl_sequence,0.25,timely_equal_gru,20260930,teamfight,1500,9817,72,44,224,152,3297
americas,30,capped_kl_sequence,0.25,timely_equal_gru,20261001,baron,1500,1631,133,66,295,162,533
americas,30,capped_kl_sequence,0.25,timely_equal_gru,20261001,dragon,1500,5751,4,4,171,167,1902
americas,30,capped_kl_sequence,0.25,timely_equal_gru,20261001,teamfight,1500,9817,81,49,251,170,3297
americas,30,capped_kl_sequence,0.25,timely_equal_gru,20261002,baron,1500,1631,92,44,242,150,533
americas,30,capped_kl_sequence,0.25,timely_equal_gru,20261002,dragon,1500,5751,6,6,199,193,1902
americas,30,capped_kl_sequence,0.25,timely_equal_gru,20261002,teamfight,1500,9817,56,33,211,155,3297
americas,30,capped_kl_sequence,0.5,timely_equal_gru,20260930,baron,1500,1631,209,109,625,416,533
americas,30,capped_kl_sequence,0.5,timely_equal_gru,20260930,dragon,1500,5751,37,37,462,425,1902
americas,30,capped_kl_sequence,0.5,timely_equal_gru,20260930,teamfight,1500,9817,176,110,574,398,3297
americas,30,capped_kl_sequence,0.5,timely_equal_gru,20261001,baron,1500,1631,234,126,674,440,533
americas,30,capped_kl_sequence,0.5,timely_equal_gru,20261001,dragon,1500,5751,32,32,488,456,1902
americas,30,capped_kl_sequence,0.5,timely_equal_gru,20261001,teamfight,1500,9817,176,108,570,394,3297
americas,30,capped_kl_sequence,0.5,timely_equal_gru,20261002,baron,1500,1631,188,111,636,448,533
americas,30,capped_kl_sequence,0.5,timely_equal_gru,20261002,dragon,1500,5751,49,49,484,435,1902
americas,30,capped_kl_sequence,0.5,timely_equal_gru,20261002,teamfight,1500,9817,144,96,546,402,3297
americas,30,capped_kl_sequence,0.75,timely_equal_gru,20260930,baron,1500,1631,307,172,1058,751,533
americas,30,capped_kl_sequence,0.75,timely_equal_gru,20260930,dragon,1500,5751,120,120,893,773,1902
americas,30,capped_kl_sequence,0.75,timely_equal_gru,20260930,teamfight,1500,9817,268,167,867,599,3297
americas,30,capped_kl_sequence,0.75,timely_equal_gru,20261001,baron,1500,1631,316,180,1016,700,533
americas,30,capped_kl_sequence,0.75,timely_equal_gru,20261001,dragon,1500,5751,106,105,883,777,1902
americas,30,capped_kl_sequence,0.75,timely_equal_gru,20261001,teamfight,1500,9817,297,182,921,624,3297
americas,30,capped_kl_sequence,0.75,timely_equal_gru,20261002,baron,1500,1631,277,168,1032,755,533
americas,30,capped_kl_sequence,0.75,timely_equal_gru,20261002,dragon,1500,5751,123,123,882,759,1902
americas,30,capped_kl_sequence,0.75,timely_equal_gru,20261002,teamfight,1500,9817,233,149,908,675,3297
americas,30,capped_kl_sequence,1.0,timely_equal_gru,20260930,baron,1500,1631,380,231,1440,1060,533
americas,30,capped_kl_sequence,1.0,timely_equal_gru,20260930,dragon,1500,5751,185,184,1284,1099,1902
americas,30,capped_kl_sequence,1.0,timely_equal_gru,20260930,teamfight,1500,9817,401,247,1382,981,3297
americas,30,capped_kl_sequence,1.0,timely_equal_gru,20261001,baron,1500,1631,398,236,1451,1053,533
americas,30,capped_kl_sequence,1.0,timely_equal_gru,20261001,dragon,1500,5751,176,174,1350,1174,1902
americas,30,capped_kl_sequence,1.0,timely_equal_gru,20261001,teamfight,1500,9817,421,260,1386,965,3297
americas,30,capped_kl_sequence,1.0,timely_equal_gru,20261002,baron,1500,1631,347,216,1410,1063,533
americas,30,capped_kl_sequence,1.0,timely_equal_gru,20261002,dragon,1500,5751,197,191,1306,1109,1902
americas,30,capped_kl_sequence,1.0,timely_equal_gru,20261002,teamfight,1500,9817,304,200,1238,934,3297
americas,60,capped_kl_sequence,0.25,timely_equal_gru,20260930,baron,1500,1631,98,50,275,177,1104
americas,60,capped_kl_sequence,0.25,timely_equal_gru,20260930,dragon,1500,5751,52,52,247,195,3806
americas,60,capped_kl_sequence,0.25,timely_equal_gru,20260930,teamfight,1500,9817,103,90,266,163,6507
americas,60,capped_kl_sequence,0.25,timely_equal_gru,20261001,baron,1500,1631,115,50,254,139,1104
americas,60,capped_kl_sequence,0.25,timely_equal_gru,20261001,dragon,1500,5751,46,46,250,204,3806
americas,60,capped_kl_sequence,0.25,timely_equal_gru,20261001,teamfight,1500,9817,114,101,326,212,6507
americas,60,capped_kl_sequence,0.25,timely_equal_gru,20261002,baron,1500,1631,85,55,274,189,1104
americas,60,capped_kl_sequence,0.25,timely_equal_gru,20261002,dragon,1500,5751,50,50,224,174,3806
americas,60,capped_kl_sequence,0.25,timely_equal_gru,20261002,teamfight,1500,9817,113,102,294,181,6507
americas,60,capped_kl_sequence,0.5,timely_equal_gru,20260930,baron,1500,1631,254,140,657,403,1104
americas,60,capped_kl_sequence,0.5,timely_equal_gru,20260930,dragon,1500,5751,124,124,623,499,3806
americas,60,capped_kl_sequence,0.5,timely_equal_gru,20260930,teamfight,1500,9817,302,253,791,489,6507
americas,60,capped_kl_sequence,0.5,timely_equal_gru,20261001,baron,1500,1631,274,140,669,395,1104
americas,60,capped_kl_sequence,0.5,timely_equal_gru,20261001,dragon,1500,5751,127,127,658,531,3806
americas,60,capped_kl_sequence,0.5,timely_equal_gru,20261001,teamfight,1500,9817,272,232,754,482,6507
americas,60,capped_kl_sequence,0.5,timely_equal_gru,20261002,baron,1500,1631,205,118,594,389,1104
americas,60,capped_kl_sequence,0.5,timely_equal_gru,20261002,dragon,1500,5751,172,172,728,556,3806
americas,60,capped_kl_sequence,0.5,timely_equal_gru,20261002,teamfight,1500,9817,298,256,794,496,6507
americas,60,capped_kl_sequence,0.75,timely_equal_gru,20260930,baron,1500,1631,434,242,1117,683,1104
americas,60,capped_kl_sequence,0.75,timely_equal_gru,20260930,dragon,1500,5751,251,251,1117,866,3806
americas,60,capped_kl_sequence,0.75,timely_equal_gru,20260930,teamfight,1500,9817,492,403,1271,779,6507
americas,60,capped_kl_sequence,0.75,timely_equal_gru,20261001,baron,1500,1631,453,241,1125,672,1104
americas,60,capped_kl_sequence,0.75,timely_equal_gru,20261001,dragon,1500,5751,231,231,1099,868,3806
americas,60,capped_kl_sequence,0.75,timely_equal_gru,20261001,teamfight,1500,9817,454,377,1210,756,6507
americas,60,capped_kl_sequence,0.75,timely_equal_gru,20261002,baron,1500,1631,348,203,1023,675,1104
americas,60,capped_kl_sequence,0.75,timely_equal_gru,20261002,dragon,1500,5751,284,284,1144,860,3806
americas,60,capped_kl_sequence,0.75,timely_equal_gru,20261002,teamfight,1500,9817,454,383,1211,757,6507
americas,60,capped_kl_sequence,1.0,timely_equal_gru,20260930,baron,1500,1631,579,331,1535,956,1104
americas,60,capped_kl_sequence,1.0,timely_equal_gru,20260930,dragon,1500,5751,342,342,1535,1193,3806
americas,60,capped_kl_sequence,1.0,timely_equal_gru,20260930,teamfight,1500,9817,608,493,1620,1012,6507
americas,60,capped_kl_sequence,1.0,timely_equal_gru,20261001,baron,1500,1631,598,322,1548,950,1104
americas,60,capped_kl_sequence,1.0,timely_equal_gru,20261001,dragon,1500,5751,349,349,1574,1225,3806
americas,60,capped_kl_sequence,1.0,timely_equal_gru,20261001,teamfight,1500,9817,645,527,1731,1086,6507
americas,60,capped_kl_sequence,1.0,timely_equal_gru,20261002,baron,1500,1631,515,310,1522,1007,1104
americas,60,capped_kl_sequence,1.0,timely_equal_gru,20261002,dragon,1500,5751,396,396,1584,1188,3806
americas,60,capped_kl_sequence,1.0,timely_equal_gru,20261002,teamfight,1500,9817,609,498,1668,1059,6507
americas,30,capped_kl_sequence,0.25,timely_independent,20260930,baron,1500,1631,175,100,293,118,533
americas,30,capped_kl_sequence,0.25,timely_independent,20260930,dragon,1500,5751,262,205,434,172,1902
americas,30,capped_kl_sequence,0.25,timely_independent,20260930,teamfight,1500,9817,126,79,270,144,3297
americas,30,capped_kl_sequence,0.25,timely_independent,20261001,baron,1500,1631,195,105,311,116,533
americas,30,capped_kl_sequence,0.25,timely_independent,20261001,dragon,1500,5751,243,204,431,188,1902
americas,30,capped_kl_sequence,0.25,timely_independent,20261001,teamfight,1500,9817,130,83,271,141,3297
americas,30,capped_kl_sequence,0.25,timely_independent,20261002,baron,1500,1631,177,95,282,105,533
americas,30,capped_kl_sequence,0.25,timely_independent,20261002,dragon,1500,5751,241,196,425,184,1902
americas,30,capped_kl_sequence,0.25,timely_independent,20261002,teamfight,1500,9817,126,81,265,139,3297
americas,30,capped_kl_sequence,0.5,timely_independent,20260930,baron,1500,1631,323,191,713,390,533
americas,30,capped_kl_sequence,0.5,timely_independent,20260930,dragon,1500,5751,531,369,891,360,1902
americas,30,capped_kl_sequence,0.5,timely_independent,20260930,teamfight,1500,9817,282,162,676,394,3297
americas,30,capped_kl_sequence,0.5,timely_independent,20261001,baron,1500,1631,332,197,694,362,533
americas,30,capped_kl_sequence,0.5,timely_independent,20261001,dragon,1500,5751,498,362,900,402,1902
americas,30,capped_kl_sequence,0.5,timely_independent,20261001,teamfight,1500,9817,268,149,611,343,3297
americas,30,capped_kl_sequence,0.5,timely_independent,20261002,baron,1500,1631,337,193,693,356,533
americas,30,capped_kl_sequence,0.5,timely_independent,20261002,dragon,1500,5751,552,399,961,409,1902
americas,30,capped_kl_sequence,0.5,timely_independent,20261002,teamfight,1500,9817,270,164,670,400,3297
americas,30,capped_kl_sequence,0.75,timely_independent,20260930,baron,1500,1631,416,247,1107,691,533
americas,30,capped_kl_sequence,0.75,timely_independent,20260930,dragon,1500,5751,815,550,1389,574,1902
americas,30,capped_kl_sequence,0.75,timely_independent,20260930,teamfight,1500,9817,434,248,1107,673,3297
americas,30,capped_kl_sequence,0.75,timely_independent,20261001,baron,1500,1631,427,261,1126,699,533
americas,30,capped_kl_sequence,0.75,timely_independent,20261001,dragon,1500,5751,785,539,1383,598,1902
americas,30,capped_kl_sequence,0.75,timely_independent,20261001,teamfight,1500,9817,418,238,1023,605,3297
americas,30,capped_kl_sequence,0.75,timely_independent,20261002,baron,1500,1631,431,257,1103,672,533
americas,30,capped_kl_sequence,0.75,timely_independent,20261002,dragon,1500,5751,830,569,1442,612,1902
americas,30,capped_kl_sequence,0.75,timely_independent,20261002,teamfight,1500,9817,421,248,1067,646,3297
americas,30,capped_kl_sequence,1.0,timely_independent,20260930,baron,1500,1631,494,306,1540,1046,533
americas,30,capped_kl_sequence,1.0,timely_independent,20260930,dragon,1500,5751,1120,726,1888,768,1902
americas,30,capped_kl_sequence,1.0,timely_independent,20260930,teamfight,1500,9817,581,331,1510,929,3297
americas,30,capped_kl_sequence,1.0,timely_independent,20261001,baron,1500,1631,491,303,1512,1021,533
americas,30,capped_kl_sequence,1.0,timely_independent,20261001,dragon,1500,5751,1105,726,1932,827,1902
americas,30,capped_kl_sequence,1.0,timely_independent,20261001,teamfight,1500,9817,540,313,1430,890,3297
americas,30,capped_kl_sequence,1.0,timely_independent,20261002,baron,1500,1631,483,296,1496,1013,533
americas,30,capped_kl_sequence,1.0,timely_independent,20261002,dragon,1500,5751,1110,739,1911,801,1902
americas,30,capped_kl_sequence,1.0,timely_independent,20261002,teamfight,1500,9817,551,330,1483,932,3297
americas,60,capped_kl_sequence,0.25,timely_independent,20260930,baron,1500,1631,143,94,292,149,1104
americas,60,capped_kl_sequence,0.25,timely_independent,20260930,dragon,1500,5751,479,440,647,168,3806
americas,60,capped_kl_sequence,0.25,timely_independent,20260930,teamfight,1500,9817,114,89,244,130,6507
americas,60,capped_kl_sequence,0.25,timely_independent,20261001,baron,1500,1631,173,109,315,142,1104
americas,60,capped_kl_sequence,0.25,timely_independent,20261001,dragon,1500,5751,489,463,671,182,3806
americas,60,capped_kl_sequence,0.25,timely_independent,20261001,teamfight,1500,9817,137,109,283,146,6507
americas,60,capped_kl_sequence,0.25,timely_independent,20261002,baron,1500,1631,136,104,264,128,1104
americas,60,capped_kl_sequence,0.25,timely_independent,20261002,dragon,1500,5751,478,446,677,199,3806
americas,60,capped_kl_sequence,0.25,timely_independent,20261002,teamfight,1500,9817,137,109,286,149,6507
americas,60,capped_kl_sequence,0.5,timely_independent,20260930,baron,1500,1631,343,222,752,409,1104
americas,60,capped_kl_sequence,0.5,timely_independent,20260930,dragon,1500,5751,957,856,1348,391,3806
americas,60,capped_kl_sequence,0.5,timely_independent,20260930,teamfight,1500,9817,335,251,738,403,6507
americas,60,capped_kl_sequence,0.5,timely_independent,20261001,baron,1500,1631,374,228,773,399,1104
americas,60,capped_kl_sequence,0.5,timely_independent,20261001,dragon,1500,5751,963,877,1382,419,3806
americas,60,capped_kl_sequence,0.5,timely_independent,20261001,teamfight,1500,9817,337,269,788,451,6507
americas,60,capped_kl_sequence,0.5,timely_independent,20261002,baron,1500,1631,319,216,745,426,1104
americas,60,capped_kl_sequence,0.5,timely_independent,20261002,dragon,1500,5751,974,880,1377,403,3806
americas,60,capped_kl_sequence,0.5,timely_independent,20261002,teamfight,1500,9817,340,263,755,415,6507
americas,60,capped_kl_sequence,0.75,timely_independent,20260930,baron,1500,1631,494,307,1169,675,1104
americas,60,capped_kl_sequence,0.75,timely_independent,20260930,dragon,1500,5751,1406,1199,1999,593,3806
americas,60,capped_kl_sequence,0.75,timely_independent,20260930,teamfight,1500,9817,570,436,1293,723,6507
americas,60,capped_kl_sequence,0.75,timely_independent,20261001,baron,1500,1631,503,301,1147,644,1104
americas,60,capped_kl_sequence,0.75,timely_independent,20261001,dragon,1500,5751,1418,1256,2078,660,3806
americas,60,capped_kl_sequence,0.75,timely_independent,20261001,teamfight,1500,9817,575,452,1319,744,6507
americas,60,capped_kl_sequence,0.75,timely_independent,20261002,baron,1500,1631,475,316,1122,647,1104
americas,60,capped_kl_sequence,0.75,timely_independent,20261002,dragon,1500,5751,1435,1233,2064,629,3806
americas,60,capped_kl_sequence,0.75,timely_independent,20261002,teamfight,1500,9817,520,411,1180,660,6507
americas,60,capped_kl_sequence,1.0,timely_independent,20260930,baron,1500,1631,642,399,1640,998,1104
americas,60,capped_kl_sequence,1.0,timely_independent,20260930,dragon,1500,5751,1852,1527,2720,868,3806
americas,60,capped_kl_sequence,1.0,timely_independent,20260930,teamfight,1500,9817,805,620,1852,1047,6507
americas,60,capped_kl_sequence,1.0,timely_independent,20261001,baron,1500,1631,658,400,1618,960,1104
americas,60,capped_kl_sequence,1.0,timely_independent,20261001,dragon,1500,5751,1803,1533,2700,897,3806
americas,60,capped_kl_sequence,1.0,timely_independent,20261001,teamfight,1500,9817,754,602,1772,1018,6507
americas,60,capped_kl_sequence,1.0,timely_independent,20261002,baron,1500,1631,601,397,1501,900,1104
americas,60,capped_kl_sequence,1.0,timely_independent,20261002,dragon,1500,5751,1841,1514,2688,847,3806
americas,60,capped_kl_sequence,1.0,timely_independent,20261002,teamfight,1500,9817,728,578,1688,960,6507
americas,30,capped_kl_sequence,0.25,timely_leagueews,20260930,baron,1500,1631,187,98,300,113,533
americas,30,capped_kl_sequence,0.25,timely_leagueews,20260930,dragon,1500,5751,305,231,475,170,1902
americas,30,capped_kl_sequence,0.25,timely_leagueews,20260930,teamfight,1500,9817,123,74,267,144,3297
americas,30,capped_kl_sequence,0.25,timely_leagueews,20261001,baron,1500,1631,180,93,296,116,533
americas,30,capped_kl_sequence,0.25,timely_leagueews,20261001,dragon,1500,5751,293,234,477,184,1902
americas,30,capped_kl_sequence,0.25,timely_leagueews,20261001,teamfight,1500,9817,123,71,269,146,3297
americas,30,capped_kl_sequence,0.25,timely_leagueews,20261002,baron,1500,1631,181,91,300,119,533
americas,30,capped_kl_sequence,0.25,timely_leagueews,20261002,dragon,1500,5751,281,220,470,189,1902
americas,30,capped_kl_sequence,0.25,timely_leagueews,20261002,teamfight,1500,9817,115,71,279,164,3297
americas,30,capped_kl_sequence,0.5,timely_leagueews,20260930,baron,1500,1631,341,202,748,407,533
americas,30,capped_kl_sequence,0.5,timely_leagueews,20260930,dragon,1500,5751,602,420,952,350,1902
americas,30,capped_kl_sequence,0.5,timely_leagueews,20260930,teamfight,1500,9817,302,175,709,407,3297
americas,30,capped_kl_sequence,0.5,timely_leagueews,20261001,baron,1500,1631,336,190,767,431,533
americas,30,capped_kl_sequence,0.5,timely_leagueews,20261001,dragon,1500,5751,562,418,933,371,1902
americas,30,capped_kl_sequence,0.5,timely_leagueews,20261001,teamfight,1500,9817,268,159,663,395,3297
americas,30,capped_kl_sequence,0.5,timely_leagueews,20261002,baron,1500,1631,338,190,755,417,533
americas,30,capped_kl_sequence,0.5,timely_leagueews,20261002,dragon,1500,5751,583,416,947,364,1902
americas,30,capped_kl_sequence,0.5,timely_leagueews,20261002,teamfight,1500,9817,273,180,681,408,3297
americas,30,capped_kl_sequence,0.75,timely_leagueews,20260930,baron,1500,1631,446,266,1171,725,533
americas,30,capped_kl_sequence,0.75,timely_leagueews,20260930,dragon,1500,5751,905,589,1455,550,1902
americas,30,capped_kl_sequence,0.75,timely_leagueews,20260930,teamfight,1500,9817,441,256,1139,698,3297
americas,30,capped_kl_sequence,0.75,timely_leagueews,20261001,baron,1500,1631,431,257,1154,723,533
americas,30,capped_kl_sequence,0.75,timely_leagueews,20261001,dragon,1500,5751,844,576,1397,553,1902
americas,30,capped_kl_sequence,0.75,timely_leagueews,20261001,teamfight,1500,9817,419,247,1067,648,3297
americas,30,capped_kl_sequence,0.75,timely_leagueews,20261002,baron,1500,1631,438,260,1162,724,533
americas,30,capped_kl_sequence,0.75,timely_leagueews,20261002,dragon,1500,5751,889,597,1442,553,1902
americas,30,capped_kl_sequence,0.75,timely_leagueews,20261002,teamfight,1500,9817,404,242,1088,684,3297
americas,30,capped_kl_sequence,1.0,timely_leagueews,20260930,baron,1500,1631,505,304,1570,1065,533
americas,30,capped_kl_sequence,1.0,timely_leagueews,20260930,dragon,1500,5751,1180,747,1935,755,1902
americas,30,capped_kl_sequence,1.0,timely_leagueews,20260930,teamfight,1500,9817,571,332,1526,955,3297
americas,30,capped_kl_sequence,1.0,timely_leagueews,20261001,baron,1500,1631,497,302,1523,1026,533
americas,30,capped_kl_sequence,1.0,timely_leagueews,20261001,dragon,1500,5751,1159,758,1918,759,1902
americas,30,capped_kl_sequence,1.0,timely_leagueews,20261001,teamfight,1500,9817,539,313,1472,933,3297
americas,30,capped_kl_sequence,1.0,timely_leagueews,20261002,baron,1500,1631,491,293,1522,1031,533
americas,30,capped_kl_sequence,1.0,timely_leagueews,20261002,dragon,1500,5751,1200,776,1956,756,1902
americas,30,capped_kl_sequence,1.0,timely_leagueews,20261002,teamfight,1500,9817,541,326,1490,949,3297
americas,60,capped_kl_sequence,0.25,timely_leagueews,20260930,baron,1500,1631,153,90,304,151,1104
americas,60,capped_kl_sequence,0.25,timely_leagueews,20260930,dragon,1500,5751,427,400,604,177,3806
americas,60,capped_kl_sequence,0.25,timely_leagueews,20260930,teamfight,1500,9817,182,145,344,162,6507
americas,60,capped_kl_sequence,0.25,timely_leagueews,20261001,baron,1500,1631,175,91,344,169,1104
americas,60,capped_kl_sequence,0.25,timely_leagueews,20261001,dragon,1500,5751,479,453,674,195,3806
americas,60,capped_kl_sequence,0.25,timely_leagueews,20261001,teamfight,1500,9817,175,142,337,162,6507
americas,60,capped_kl_sequence,0.25,timely_leagueews,20261002,baron,1500,1631,133,79,289,156,1104
americas,60,capped_kl_sequence,0.25,timely_leagueews,20261002,dragon,1500,5751,413,396,593,180,3806
americas,60,capped_kl_sequence,0.25,timely_leagueews,20261002,teamfight,1500,9817,163,129,323,160,6507
americas,60,capped_kl_sequence,0.5,timely_leagueews,20260930,baron,1500,1631,357,195,771,414,1104
americas,60,capped_kl_sequence,0.5,timely_leagueews,20260930,dragon,1500,5751,1001,903,1425,424,3806
americas,60,capped_kl_sequence,0.5,timely_leagueews,20260930,teamfight,1500,9817,385,296,817,432,6507
americas,60,capped_kl_sequence,0.5,timely_leagueews,20261001,baron,1500,1631,339,187,748,409,1104
americas,60,capped_kl_sequence,0.5,timely_leagueews,20261001,dragon,1500,5751,951,879,1349,398,3806
americas,60,capped_kl_sequence,0.5,timely_leagueews,20261001,teamfight,1500,9817,368,293,768,400,6507
americas,60,capped_kl_sequence,0.5,timely_leagueews,20261002,baron,1500,1631,325,191,781,456,1104
americas,60,capped_kl_sequence,0.5,timely_leagueews,20261002,dragon,1500,5751,922,858,1312,390,3806
americas,60,capped_kl_sequence,0.5,timely_leagueews,20261002,teamfight,1500,9817,390,303,793,403,6507
americas,60,capped_kl_sequence,0.75,timely_leagueews,20260930,baron,1500,1631,513,278,1153,640,1104
americas,60,capped_kl_sequence,0.75,timely_leagueews,20260930,dragon,1500,5751,1423,1228,2047,624,3806
americas,60,capped_kl_sequence,0.75,timely_leagueews,20260930,teamfight,1500,9817,613,478,1333,720,6507
americas,60,capped_kl_sequence,0.75,timely_leagueews,20261001,baron,1500,1631,514,286,1176,662,1104
americas,60,capped_kl_sequence,0.75,timely_leagueews,20261001,dragon,1500,5751,1405,1237,2051,646,3806
americas,60,capped_kl_sequence,0.75,timely_leagueews,20261001,teamfight,1500,9817,591,467,1262,671,6507
americas,60,capped_kl_sequence,0.75,timely_leagueews,20261002,baron,1500,1631,470,292,1155,685,1104
americas,60,capped_kl_sequence,0.75,timely_leagueews,20261002,dragon,1500,5751,1420,1245,2073,653,3806
americas,60,capped_kl_sequence,0.75,timely_leagueews,20261002,teamfight,1500,9817,596,464,1299,703,6507
americas,60,capped_kl_sequence,1.0,timely_leagueews,20260930,baron,1500,1631,664,368,1592,928,1104
americas,60,capped_kl_sequence,1.0,timely_leagueews,20260930,dragon,1500,5751,1854,1538,2705,851,3806
americas,60,capped_kl_sequence,1.0,timely_leagueews,20260930,teamfight,1500,9817,819,628,1840,1021,6507
americas,60,capped_kl_sequence,1.0,timely_leagueews,20261001,baron,1500,1631,667,388,1589,922,1104
americas,60,capped_kl_sequence,1.0,timely_leagueews,20261001,dragon,1500,5751,1870,1558,2765,895,3806
americas,60,capped_kl_sequence,1.0,timely_leagueews,20261001,teamfight,1500,9817,792,618,1770,978,6507
americas,60,capped_kl_sequence,1.0,timely_leagueews,20261002,baron,1500,1631,623,383,1577,954,1104
americas,60,capped_kl_sequence,1.0,timely_leagueews,20261002,dragon,1500,5751,1839,1533,2713,874,3806
americas,60,capped_kl_sequence,1.0,timely_leagueews,20261002,teamfight,1500,9817,802,616,1764,962,6507
